file,timestamp_raw,timestamp,timestamp_serie,delta_t,velocity,length,total_length,first_peak_raw,video,timestamp_video,train_type
ADTC1_adz_raw_20260615_0028,2026-06-15 00:27:32.099,2026-06-15 00:27:42.139,"[Timestamp('2026-06-15 00:27:42.139000'), Timestamp('2026-06-15 00:27:42.259000'), Timestamp('2026-06-15 00:27:43.019000'), Timestamp('2026-06-15 00:27:43.139000'), Timestamp('2026-06-15 00:27:43.349000'), Timestamp('2026-06-15 00:27:43.469000'), Timestamp('2026-06-15 00:27:44.254000'), Timestamp('2026-06-15 00:27:44.371000'), Timestamp('2026-06-15 00:27:44.588000'), Timestamp('2026-06-15 00:27:44.705000'), Timestamp('2026-06-15 00:27:45.492000'), Timestamp('2026-06-15 00:27:45.606000'), Timestamp('2026-06-15 00:27:45.823000'), Timestamp('2026-06-15 00:27:45.943000'), Timestamp('2026-06-15 00:27:46.707000'), Timestamp('2026-06-15 00:27:46.829000')]","[0.12, 0.76, 0.12, 0.21, 0.12, 0.785, 0.117, 0.217, 0.117, 0.787, 0.114, 0.217, 0.12, 0.764, 0.122]","[21.374729691864434, 21.097272270334212, 21.230052021657183, 21.05267403800594, 20.725206935661447, 21.087908631161227, 20.877880523559472, 20.941718596111084, 20.979026285436777, 21.375640603201095, 21.253235367788264, 20.946528424385257, 21.174554350422465, 21.050365465875757, 21.422204137346448, 21.147039897039896]","[2.564967563023732, 16.033926925454, 2.547606242598862, 4.421061547981247, 2.4870248322793738, 16.554008275461563, 2.4427120212564586, 4.544352935356105, 2.4545460753961033, 16.822629154719262, 2.4228688319278624, 4.545396668091601, 2.5409465220506955, 16.08247921592908, 2.6135089047562667]",99.0780357162822,9.922364843528118,c:\git\RailwAI\VIDEO\20260615\ADTC Rastatt_00_20260615002742.mp4,2026-06-15 00:27:42,Trieb
ADTC1_adz_raw_20260615_0034,2026-06-15 00:32:46.234,2026-06-15 00:32:56.261,"[Timestamp('2026-06-15 00:32:56.261000'), Timestamp('2026-06-15 00:32:56.382000'), Timestamp('2026-06-15 00:32:56.752000'), Timestamp('2026-06-15 00:32:56.874000'), Timestamp('2026-06-15 00:32:57.095000'), Timestamp('2026-06-15 00:32:57.179000'), Timestamp('2026-06-15 00:32:57.523000'), Timestamp('2026-06-15 00:32:57.605000'), Timestamp('2026-06-15 00:32:57.762000'), Timestamp('2026-06-15 00:32:57.843000'), Timestamp('2026-06-15 00:32:58.187000'), Timestamp('2026-06-15 00:32:58.266000'), Timestamp('2026-06-15 00:32:58.442000'), Timestamp('2026-06-15 00:32:58.519000'), Timestamp('2026-06-15 00:32:58.945000'), Timestamp('2026-06-15 00:32:59.021000'), Timestamp('2026-06-15 00:32:59.186000'), Timestamp('2026-06-15 00:32:59.265000'), Timestamp('2026-06-15 00:32:59.688000'), Timestamp('2026-06-15 00:32:59.765000'), Timestamp('2026-06-15 00:32:59.926000'), Timestamp('2026-06-15 00:33:00.004000'), Timestamp('2026-06-15 00:33:00.426000'), Timestamp('2026-06-15 00:33:00.509000'), Timestamp('2026-06-15 00:33:00.666000'), Timestamp('2026-06-15 00:33:00.742000'), Timestamp('2026-06-15 00:33:01.083000'), Timestamp('2026-06-15 00:33:01.164000'), Timestamp('2026-06-15 00:33:01.321000'), Timestamp('2026-06-15 00:33:01.399000'), Timestamp('2026-06-15 00:33:01.742000'), Timestamp('2026-06-15 00:33:01.818000'), Timestamp('2026-06-15 00:33:01.977000'), Timestamp('2026-06-15 00:33:02.057000'), Timestamp('2026-06-15 00:33:02.476000'), Timestamp('2026-06-15 00:33:02.554000'), Timestamp('2026-06-15 00:33:02.712000'), Timestamp('2026-06-15 00:33:02.795000'), Timestamp('2026-06-15 00:33:03.135000'), Timestamp('2026-06-15 00:33:03.210000'), Timestamp('2026-06-15 00:33:03.381000'), Timestamp('2026-06-15 00:33:03.460000'), Timestamp('2026-06-15 00:33:04.203000'), Timestamp('2026-06-15 00:33:04.283000'), Timestamp('2026-06-15 00:33:04.462000'), Timestamp('2026-06-15 00:33:04.542000'), Timestamp('2026-06-15 00:33:05.286000'), Timestamp('2026-06-15 00:33:05.364000'), Timestamp('2026-06-15 00:33:05.542000'), Timestamp('2026-06-15 00:33:05.619000'), Timestamp('2026-06-15 00:33:06.361000'), Timestamp('2026-06-15 00:33:06.434000'), Timestamp('2026-06-15 00:33:06.618000'), Timestamp('2026-06-15 00:33:06.695000'), Timestamp('2026-06-15 00:33:07.435000'), Timestamp('2026-06-15 00:33:07.513000'), Timestamp('2026-06-15 00:33:07.694000'), Timestamp('2026-06-15 00:33:07.769000'), Timestamp('2026-06-15 00:33:08.509000'), Timestamp('2026-06-15 00:33:08.586000'), Timestamp('2026-06-15 00:33:08.768000'), Timestamp('2026-06-15 00:33:08.845000'), Timestamp('2026-06-15 00:33:09.582000'), Timestamp('2026-06-15 00:33:09.661000'), Timestamp('2026-06-15 00:33:09.842000'), Timestamp('2026-06-15 00:33:09.921000'), Timestamp('2026-06-15 00:33:10.655000'), Timestamp('2026-06-15 00:33:10.734000'), Timestamp('2026-06-15 00:33:10.983000'), Timestamp('2026-06-15 00:33:11.657000'), Timestamp('2026-06-15 00:33:11.891000'), Timestamp('2026-06-15 00:33:14.257000')]","[0.121, 0.37, 0.122, 0.221, 0.084, 0.344, 0.082, 0.157, 0.081, 0.344, 0.079, 0.176, 0.077, 0.426, 0.076, 0.165, 0.079, 0.423, 0.077, 0.161, 0.078, 0.422, 0.083, 0.157, 0.076, 0.341, 0.081, 0.157, 0.078, 0.343, 0.076, 0.159, 0.08, 0.419, 0.078, 0.158, 0.083, 0.34, 0.075, 0.171, 0.079, 0.743, 0.08, 0.179, 0.08, 0.744, 0.078, 0.178, 0.077, 0.742, 0.073, 0.184, 0.077, 0.74, 0.078, 0.181, 0.075, 0.74, 0.077, 0.182, 0.077, 0.737, 0.079, 0.181, 0.079, 0.734, 0.079, 0.249, 0.674, 0.234, 2.366]","[20.83643307047563, 21.136194492681717, 20.97851335656214, 20.549076748636544, 17.59623204120358, 21.561857071761697, 31.184354132682397, 38.459132113383326, 48.498706577974886, 89.0842151147883, 305.8244387191756, 359.7488773207623, 47.018793347751526, 57.084434999629345, 245.16645759081837, 268.26661710382643, 45.8269496557106, 57.88419604794171, 230.2763069221142, 267.98453055998334, 46.787526002700645, 61.15349286386252, 297.7826603591687, 256.1347167325428, 74.77078487585871, 90.40190527989981, 234.48129251700678, 202.56067021434336, 78.67065129783751, 94.83788207192471, 105.12315683646112, 126.56852934030125, 108.30357250530182, 56.27717220829077, 101.40810276679842, 144.44161142274345, 111.95481281444206, 307.1486476053221, 303.2083121073187, 11.658841940532078, 27.82443430050018, 417.7616801437556, 475.8315300334845, 10.646097223748459, 27.615630104195382, 363.7503800547279, 409.8682945244998, 10.481718744965175, 27.831695264392003, 153.21477428180575, 474.9766207506635, 43.31503091280539, 26.646256286086803, 411.0991525135609, 403.57142857142856, 44.41259607444576, 24.2358193277311, 384.43692321451533, 354.9060400859373, 45.714856642697754, 24.60784313725491, 372.304229480737, 353.8506118627822, 45.05774256852685, 25.627450169357534, 411.1315160339074, 18.64133584468272, 24.061144241475027, 19.08403297976596, 98.3369350605571, -2.7602634160011235, -11.265910197033781, 3.939393939394023, 28.17147570380628, 9.91397343988718]","[2.521208401527551, 7.820391962292235, 2.559378629500581, 4.541345961448676, 1.478083491461101, 7.417278832686023, 2.557117038879957, 6.038083741801183, 3.9283952328159657, 30.64496999948717, 24.16013065881487, 63.31580240845416, 3.6204470877768675, 24.317969309842102, 18.632650776902196, 44.263991822131366, 3.6203290228011373, 24.48501492827934, 17.73127563300279, 43.14550942015732, 3.6494270282106505, 25.80677398854998, 24.715960809811, 40.21315052700922, 5.682579650565262, 30.827049700445837, 18.99298469387755, 31.802025223651906, 6.136310801231326, 32.52939355067018, 7.989359919571045, 20.1243961651079, 8.664285800424146, 23.580135155273833, 7.909832015810277, 22.821774604793465, 9.292249463598692, 104.43054018580952, 22.7406234080489, 1.9936619718309854, 2.1981303097395144, 310.3969283468104, 38.066522402678764, 1.9056514030509741, 2.2092504083356306, 270.63028276071753, 31.969726972910983, 1.865745936603801, 2.143040535358184, 113.68536251709986, 34.673293314798435, 7.969965687956192, 2.051761734028684, 304.21337286003507, 31.478571428571428, 8.038679889474682, 1.8176864495798324, 284.48332317874133, 27.327765086617173, 8.32010390897099, 1.894803921568628, 274.38821712730316, 27.954198337159795, 8.15545140490336, 2.0245685633792454, 301.770532768888, 1.472665531729935, 5.9912249161272815, 12.86263822836226, 23.010842804170363, -6.530783242258658]",2925.1414145177678,9.917025468295703,c:\git\RailwAI\VIDEO\20260615\ADTC Rastatt_00_20260615003256.mp4,2026-06-15 00:32:56,Lok
ADTC1_adz_raw_20260615_0041,2026-06-15 00:39:50.668,2026-06-15 00:40:00.715,"[Timestamp('2026-06-15 00:40:00.715000'), Timestamp('2026-06-15 00:40:00.839000'), Timestamp('2026-06-15 00:40:01.209000'), Timestamp('2026-06-15 00:40:01.333000')]","[0.124, 0.37, 0.124]","[nan, nan, nan, nan, nan, nan, nan, nan, nan, nan, nan, nan, nan, nan, nan, nan, nan, nan, nan, nan, nan, nan, nan, nan, nan, nan, nan, nan, nan, nan, nan, nan, nan, nan, nan, nan, nan, nan, nan, nan, nan, nan]","[nan, nan, nan]",,9.936346213046544,c:\git\RailwAI\VIDEO\20260615\ADTC Rastatt_00_20260615004000.mp4,2026-06-15 00:40:00,Lok
ADTC1_adz_raw_20260615_0055,2026-06-15 00:54:06.714,2026-06-15 00:54:16.755,"[Timestamp('2026-06-15 00:54:16.755000'), Timestamp('2026-06-15 00:54:16.860000'), Timestamp('2026-06-15 00:54:17.443000'), Timestamp('2026-06-15 00:54:17.563000'), Timestamp('2026-06-15 00:54:18.179000'), Timestamp('2026-06-15 00:54:18.299000'), Timestamp('2026-06-15 00:54:18.882000'), Timestamp('2026-06-15 00:54:18.990000')]","[0.105, 0.583, 0.12, 0.616, 0.12, 0.583, 0.108]","[22.261426993831982, 22.226805702037897, 21.672460721696716, 22.426932835854764, 22.05760413618183, 21.894205443371376, 22.350704520741587, 22.14052287581699]","[2.337449834352358, 12.958227724288093, 2.6006952866036057, 13.814990626886534, 2.6469124963418196, 12.764321773485511, 2.4138760882400914]",49.53647383019802,9.931430330534608,c:\git\RailwAI\VIDEO\20260615\ADTC Rastatt_00_20260615005417.mp4,2026-06-15 00:54:17,Trieb
ADTC1_adz_raw_20260615_0102,2026-06-15 01:01:32.921,2026-06-15 01:01:42.948,"[Timestamp('2026-06-15 01:01:42.948000'), Timestamp('2026-06-15 01:01:43.094000'), Timestamp('2026-06-15 01:01:43.422000'), Timestamp('2026-06-15 01:01:43.566000'), Timestamp('2026-06-15 01:01:43.871000'), Timestamp('2026-06-15 01:01:43.993000'), Timestamp('2026-06-15 01:01:44.371000'), Timestamp('2026-06-15 01:01:44.489000')]","[0.146, 0.328, 0.144, 0.305, 0.122, 0.378, 0.118]","[21.088180814638804, 20.90724385451653, 21.513933846783505, 21.224101789109348, 21.214877084823293, 20.582261695223732, 20.466156914000344, 20.689660193020345]","[3.0788743989372653, 6.857575984281422, 3.0980064739368247, 6.473351045678351, 2.5882150043484415, 7.78009492079457, 2.4150065158520406]",32.29112434382891,9.912503438393426,c:\git\RailwAI\VIDEO\20260615\ADTC Rastatt_00_20260615010142.mp4,2026-06-15 01:01:42,Lok
ADTC1_adz_raw_20260615_0143,2026-06-15 01:41:59.545,2026-06-15 01:42:09.567,"[Timestamp('2026-06-15 01:42:09.567000'), Timestamp('2026-06-15 01:42:09.675000'), Timestamp('2026-06-15 01:42:10.260000'), Timestamp('2026-06-15 01:42:10.381000'), Timestamp('2026-06-15 01:42:10.997000'), Timestamp('2026-06-15 01:42:11.119000'), Timestamp('2026-06-15 01:42:11.701000'), Timestamp('2026-06-15 01:42:11.810000')]","[0.108, 0.585, 0.121, 0.616, 0.122, 0.582, 0.109]","[22.461486473683216, 22.475226399886203, 22.789511052245746, 21.949123651738113, 22.784885098317936, 22.018131074593068, 22.46208463654242, 22.39481761999852]","[2.4258405391577873, 13.148007443933428, 2.757530837321735, 13.520660169470677, 2.7797559819947883, 12.814552285413164, 2.448367225383124]",49.8947144826747,9.91642635270939,c:\git\RailwAI\VIDEO\20260615\ADTC Rastatt_00_20260615014209.mp4,2026-06-15 01:42:09,Trieb
ADTC1_adz_raw_20260615_0421,2026-06-15 04:20:08.970,2026-06-15 04:20:19.033,"[Timestamp('2026-06-15 04:20:19.033000'), Timestamp('2026-06-15 04:20:19.145000'), Timestamp('2026-06-15 04:20:19.521000'), Timestamp('2026-06-15 04:20:19.640000'), Timestamp('2026-06-15 04:20:19.876000'), Timestamp('2026-06-15 04:20:19.991000'), Timestamp('2026-06-15 04:20:20.732000'), Timestamp('2026-06-15 04:20:20.841000'), Timestamp('2026-06-15 04:20:21.065000'), Timestamp('2026-06-15 04:20:21.175000'), Timestamp('2026-06-15 04:20:21.918000'), Timestamp('2026-06-15 04:20:22.032000'), Timestamp('2026-06-15 04:20:22.255000'), Timestamp('2026-06-15 04:20:22.366000'), Timestamp('2026-06-15 04:20:23.113000'), Timestamp('2026-06-15 04:20:23.222000'), Timestamp('2026-06-15 04:20:23.447000'), Timestamp('2026-06-15 04:20:23.562000'), Timestamp('2026-06-15 04:20:24.303000'), Timestamp('2026-06-15 04:20:24.414000'), Timestamp('2026-06-15 04:20:24.635000'), Timestamp('2026-06-15 04:20:24.753000'), Timestamp('2026-06-15 04:20:25.493000'), Timestamp('2026-06-15 04:20:25.605000'), Timestamp('2026-06-15 04:20:25.828000'), Timestamp('2026-06-15 04:20:25.943000'), Timestamp('2026-06-15 04:20:26.689000'), Timestamp('2026-06-15 04:20:26.803000'), Timestamp('2026-06-15 04:20:27.028000'), Timestamp('2026-06-15 04:20:27.137000'), Timestamp('2026-06-15 04:20:27.888000'), Timestamp('2026-06-15 04:20:28.002000'), Timestamp('2026-06-15 04:20:28.224000'), Timestamp('2026-06-15 04:20:28.338000'), Timestamp('2026-06-15 04:20:29.086000'), Timestamp('2026-06-15 04:20:29.195000'), Timestamp('2026-06-15 04:20:29.416000'), Timestamp('2026-06-15 04:20:29.532000'), Timestamp('2026-06-15 04:20:30.278000'), Timestamp('2026-06-15 04:20:30.391000'), Timestamp('2026-06-15 04:20:30.612000'), Timestamp('2026-06-15 04:20:30.728000'), Timestamp('2026-06-15 04:20:31.482000'), Timestamp('2026-06-15 04:20:31.592000'), Timestamp('2026-06-15 04:20:31.811000'), Timestamp('2026-06-15 04:20:31.928000'), Timestamp('2026-06-15 04:20:32.681000'), Timestamp('2026-06-15 04:20:32.790000')]","[0.112, 0.376, 0.119, 0.236, 0.115, 0.741, 0.109, 0.224, 0.11, 0.743, 0.114, 0.223, 0.111, 0.747, 0.109, 0.225, 0.115, 0.741, 0.111, 0.221, 0.118, 0.74, 0.112, 0.223, 0.115, 0.746, 0.114, 0.225, 0.109, 0.751, 0.114, 0.222, 0.114, 0.748, 0.109, 0.221, 0.116, 0.746, 0.113, 0.221, 0.116, 0.754, 0.11, 0.219, 0.117, 0.753, 0.109]","[21.864161066882858, 22.25397295645993, 22.057967609541535, 21.885624621148857, 22.111845346781443, 22.27145203578825, 22.30098822156584, 21.37359366847686, 21.77865612648221, 21.86349780955115, 21.740272015963868, 22.060881510116275, 21.857701122407008, 21.93791609850004, 21.961505715029354, 21.743396005388625, 21.937323041620846, 22.686573790871595, 21.773397593737705, 22.008660148022642, 21.776001776001777, 22.20313579636762, 21.586010290641077, 21.770910672859394, 21.27170965157446, 21.549647447732585, 21.477315534847186, 21.89824153880637, 22.834337421009035, 19.92537877613197, 21.207692894577768, 23.33875157201198, 22.565296738718242, 21.80993911031934, 22.286713353391466, 21.44792782188165, 21.593943596956727, 21.980403584177175, 21.30060982777257, 21.051374255035583, 21.07095903066482, 21.171961210030496, 21.819664784906394, 21.489920146232578, 20.695325346488133, 21.587151420841366, 21.87522590905805, 21.888108419620593]","[2.44878603949088, 8.367493831628934, 2.6248981455354428, 5.16500741059113, 2.5428622148798663, 16.503145958519095, 2.4308077161506767, 4.787684981738817, 2.395652173913043, 16.244578872496504, 2.478391009819881, 4.919576576755929, 2.426204824587178, 16.38762332557953, 2.3938041229381994, 4.892264101212441, 2.5227921497863974, 16.81075117903585, 2.4168471329048855, 4.863913892713004, 2.5695682095682097, 16.430320489312038, 2.417633152551801, 4.854913080047645, 2.4462466099310634, 16.076036996008508, 2.448413970972579, 4.927104346231434, 2.4889427788899847, 14.963959460875111, 2.4176769899818655, 5.1812028489866595, 2.5724438282138795, 16.31383445451887, 2.4292517555196698, 4.739992048635845, 2.5048974572469804, 16.397381073796172, 2.4069689105383003, 4.652353710362864, 2.444231247557119, 15.963658752362994, 2.400163126339703, 4.706292512024935, 2.421353065539112, 16.255125019893548, 2.3843996240873273]",299.4374511802719,9.950154897132418,c:\git\RailwAI\VIDEO\20260615\ADTC Rastatt_00_20260615042019.mp4,2026-06-15 04:20:19,Lok
ADTC1_adz_raw_20260615_0431,2026-06-15 04:29:49.723,2026-06-15 04:29:59.762,"[Timestamp('2026-06-15 04:29:59.762000'), Timestamp('2026-06-15 04:29:59.902000'), Timestamp('2026-06-15 04:30:00.194000'), Timestamp('2026-06-15 04:30:00.329000'), Timestamp('2026-06-15 04:30:00.650000'), Timestamp('2026-06-15 04:30:01.223000'), Timestamp('2026-06-15 04:30:01.943000'), Timestamp('2026-06-15 04:30:02.134000'), Timestamp('2026-06-15 04:30:02.213000'), Timestamp('2026-06-15 04:30:02.786000'), Timestamp('2026-06-15 04:30:02.860000'), Timestamp('2026-06-15 04:30:03.514000'), Timestamp('2026-06-15 04:30:03.696000'), Timestamp('2026-06-15 04:30:03.775000'), Timestamp('2026-06-15 04:30:04.416000'), Timestamp('2026-06-15 04:30:05.330000'), Timestamp('2026-06-15 04:30:05.901000'), Timestamp('2026-06-15 04:30:05.978000'), Timestamp('2026-06-15 04:30:06.243000'), Timestamp('2026-06-15 04:30:06.814000'), Timestamp('2026-06-15 04:30:06.892000'), Timestamp('2026-06-15 04:30:07.154000'), Timestamp('2026-06-15 04:30:07.725000'), Timestamp('2026-06-15 04:30:07.802000'), Timestamp('2026-06-15 04:30:08.443000'), Timestamp('2026-06-15 04:30:08.632000'), Timestamp('2026-06-15 04:30:08.713000'), Timestamp('2026-06-15 04:30:09.359000'), Timestamp('2026-06-15 04:30:10.001000'), Timestamp('2026-06-15 04:30:10.273000'), Timestamp('2026-06-15 04:30:10.840000'), Timestamp('2026-06-15 04:30:11.103000'), Timestamp('2026-06-15 04:30:11.179000'), Timestamp('2026-06-15 04:30:11.822000'), Timestamp('2026-06-15 04:30:12.089000'), Timestamp('2026-06-15 04:30:12.732000'), Timestamp('2026-06-15 04:30:13.378000'), Timestamp('2026-06-15 04:30:13.567000'), Timestamp('2026-06-15 04:30:13.644000'), Timestamp('2026-06-15 04:30:14.217000'), Timestamp('2026-06-15 04:30:14.285000'), Timestamp('2026-06-15 04:30:14.934000'), Timestamp('2026-06-15 04:30:15.124000'), Timestamp('2026-06-15 04:30:15.842000'), Timestamp('2026-06-15 04:30:16.029000'), Timestamp('2026-06-15 04:30:16.106000'), Timestamp('2026-06-15 04:30:16.749000'), Timestamp('2026-06-15 04:30:17.392000'), Timestamp('2026-06-15 04:30:17.583000'), Timestamp('2026-06-15 04:30:17.658000'), Timestamp('2026-06-15 04:30:18.300000'), Timestamp('2026-06-15 04:30:18.564000'), Timestamp('2026-06-15 04:30:19.132000'), Timestamp('2026-06-15 04:30:19.205000'), Timestamp('2026-06-15 04:30:19.473000'), Timestamp('2026-06-15 04:30:20.038000'), Timestamp('2026-06-15 04:30:20.116000'), Timestamp('2026-06-15 04:30:20.375000'), Timestamp('2026-06-15 04:30:20.944000'), Timestamp('2026-06-15 04:30:21.021000'), Timestamp('2026-06-15 04:30:21.205000'), Timestamp('2026-06-15 04:30:21.279000'), Timestamp('2026-06-15 04:30:21.920000'), Timestamp('2026-06-15 04:30:22.109000'), Timestamp('2026-06-15 04:30:22.185000'), Timestamp('2026-06-15 04:30:22.750000'), Timestamp('2026-06-15 04:30:22.828000'), Timestamp('2026-06-15 04:30:23.397000'), Timestamp('2026-06-15 04:30:23.471000'), Timestamp('2026-06-15 04:30:23.656000'), Timestamp('2026-06-15 04:30:23.733000'), Timestamp('2026-06-15 04:30:24.376000'), Timestamp('2026-06-15 04:30:24.558000'), Timestamp('2026-06-15 04:30:24.635000'), Timestamp('2026-06-15 04:30:25.277000'), Timestamp('2026-06-15 04:30:25.540000'), Timestamp('2026-06-15 04:30:26.185000'), Timestamp('2026-06-15 04:30:26.448000'), Timestamp('2026-06-15 04:30:27.020000'), Timestamp('2026-06-15 04:30:27.095000'), Timestamp('2026-06-15 04:30:27.355000'), Timestamp('2026-06-15 04:30:27.924000'), Timestamp('2026-06-15 04:30:27.998000'), Timestamp('2026-06-15 04:30:28.570000'), Timestamp('2026-06-15 04:30:28.645000')]","[0.14, 0.292, 0.135, 0.321, 0.573, 0.72, 0.191, 0.079, 0.573, 0.074, 0.654, 0.182, 0.079, 0.641, 0.914, 0.571, 0.077, 0.265, 0.571, 0.078, 0.262, 0.571, 0.077, 0.641, 0.189, 0.081, 0.646, 0.642, 0.272, 0.567, 0.263, 0.076, 0.643, 0.267, 0.643, 0.646, 0.189, 0.077, 0.573, 0.068, 0.649, 0.19, 0.718, 0.187, 0.077, 0.643, 0.643, 0.191, 0.075, 0.642, 0.264, 0.568, 0.073, 0.268, 0.565, 0.078, 0.259, 0.569, 0.077, 0.184, 0.074, 0.641, 0.189, 0.076, 0.565, 0.078, 0.569, 0.074, 0.185, 0.077, 0.643, 0.182, 0.077, 0.642, 0.263, 0.645, 0.263, 0.572, 0.075, 0.26, 0.569, 0.074, 0.572, 0.075]","[nan, nan, nan, nan, nan, nan, nan, nan, nan, nan, nan, nan, nan, nan, nan, nan, nan, nan, nan, nan, nan, nan, nan, nan, nan, nan, nan, nan, nan, nan, nan, nan, nan, nan, nan, nan, nan, nan, nan, nan, nan, nan, nan, nan, nan, nan, nan, nan, nan, nan, nan, nan, nan, nan, nan, nan, nan, nan, nan, nan, nan, nan, nan, nan, nan, nan, nan, nan, nan, nan, nan, nan, nan, nan, nan, nan, nan, nan, nan, nan, nan, nan, nan, nan, nan, nan, nan, nan, nan, nan, nan, nan]","[nan, nan, nan, nan, nan, nan, nan, nan, nan, nan, nan, nan, nan, nan, nan, nan, nan, nan, nan, nan, nan, nan, nan, nan, nan, nan, nan, nan, nan, nan, nan, nan, nan, nan, nan, nan, nan, nan, nan, nan, nan, nan, nan, nan, nan, nan, nan, nan, nan, nan, nan, nan, nan, nan, nan, nan, nan, nan, nan, nan, nan, nan, nan, nan, nan, nan, nan, nan, nan, nan, nan, nan, nan, nan, nan, nan, nan, nan, nan, nan, nan, nan, nan, nan]",,9.9245850689359,c:\git\RailwAI\VIDEO\20260615\ADTC Rastatt_00_20260615043000.mp4,2026-06-15 04:30:00,Lok
ADTC1_adz_raw_20260615_0514,2026-06-15 05:12:41.734,2026-06-15 05:12:51.756,"[Timestamp('2026-06-15 05:12:51.756000'), Timestamp('2026-06-15 05:12:51.871000'), Timestamp('2026-06-15 05:12:52.227000'), Timestamp('2026-06-15 05:12:52.336000'), Timestamp('2026-06-15 05:12:52.571000'), Timestamp('2026-06-15 05:12:52.677000'), Timestamp('2026-06-15 05:12:53.465000'), Timestamp('2026-06-15 05:12:53.572000'), Timestamp('2026-06-15 05:12:53.765000'), Timestamp('2026-06-15 05:12:53.879000'), Timestamp('2026-06-15 05:12:54.654000'), Timestamp('2026-06-15 05:12:54.767000'), Timestamp('2026-06-15 05:12:54.956000'), Timestamp('2026-06-15 05:12:55.069000'), Timestamp('2026-06-15 05:12:55.857000'), Timestamp('2026-06-15 05:12:55.964000'), Timestamp('2026-06-15 05:12:56.153000'), Timestamp('2026-06-15 05:12:56.266000'), Timestamp('2026-06-15 05:12:57.047000'), Timestamp('2026-06-15 05:12:57.158000')]","[0.115, 0.356, 0.109, 0.235, 0.106, 0.788, 0.107, 0.193, 0.114, 0.775, 0.113, 0.189, 0.113, 0.788, 0.107, 0.189, 0.113, 0.781, 0.111]","[22.142646451536777, 21.777181408177718, 22.805918161398484, 21.941186410353257, 23.23884782208431, 21.30975393900046, 21.56358562004762, 22.20853858784893, 22.302486611376942, 22.675421359747823, 22.256467611947933, 22.058522055808794, 21.41552507823737, 20.799200799200797, 22.15216590772326, 21.695170838535955, 21.61855206031996, 22.06001622060016, 21.705602856851833, 20.693292537037138]","[2.5464043419267295, 7.752676581311267, 2.4858450795924347, 5.156178806433015, 2.463317869140937, 16.792086103932363, 2.3073036613450952, 4.286247947454844, 2.5424834736969717, 17.573451553804563, 2.5149808401501166, 4.169060668547862, 2.4199543338408227, 16.389770229770228, 2.3702817521263886, 4.1003872884832955, 2.4428963828161554, 17.228872668288727, 2.4093219171105535]",117.95152149977235,9.915589399672925,c:\git\RailwAI\VIDEO\20260615\ADTC Rastatt_00_20260615051253.mp4,2026-06-15 05:12:53,Lok
ADTC1_adz_raw_20260615_0535,2026-06-15 05:34:13.043,2026-06-15 05:34:23.088,"[Timestamp('2026-06-15 05:34:23.088000'), Timestamp('2026-06-15 05:34:23.244000'), Timestamp('2026-06-15 05:34:23.716000'), Timestamp('2026-06-15 05:34:23.871000'), Timestamp('2026-06-15 05:34:24.157000'), Timestamp('2026-06-15 05:34:24.259000'), Timestamp('2026-06-15 05:34:24.780000'), Timestamp('2026-06-15 05:34:24.880000'), Timestamp('2026-06-15 05:34:25.074000'), Timestamp('2026-06-15 05:34:25.172000'), Timestamp('2026-06-15 05:34:25.694000'), Timestamp('2026-06-15 05:34:25.791000'), Timestamp('2026-06-15 05:34:25.986000'), Timestamp('2026-06-15 05:34:26.087000'), Timestamp('2026-06-15 05:34:26.604000'), Timestamp('2026-06-15 05:34:26.704000'), Timestamp('2026-06-15 05:34:26.900000'), Timestamp('2026-06-15 05:34:26.997000'), Timestamp('2026-06-15 05:34:27.517000'), Timestamp('2026-06-15 05:34:27.614000'), Timestamp('2026-06-15 05:34:27.808000'), Timestamp('2026-06-15 05:34:27.907000'), Timestamp('2026-06-15 05:34:28.424000'), Timestamp('2026-06-15 05:34:28.524000'), Timestamp('2026-06-15 05:34:28.717000'), Timestamp('2026-06-15 05:34:28.816000'), Timestamp('2026-06-15 05:34:29.235000'), Timestamp('2026-06-15 05:34:29.332000'), Timestamp('2026-06-15 05:34:29.526000'), Timestamp('2026-06-15 05:34:29.626000'), Timestamp('2026-06-15 05:34:30.142000'), Timestamp('2026-06-15 05:34:30.237000'), Timestamp('2026-06-15 05:34:30.433000'), Timestamp('2026-06-15 05:34:30.531000'), Timestamp('2026-06-15 05:34:31.046000'), Timestamp('2026-06-15 05:34:31.143000'), Timestamp('2026-06-15 05:34:31.335000'), Timestamp('2026-06-15 05:34:31.432000'), Timestamp('2026-06-15 05:34:31.948000'), Timestamp('2026-06-15 05:34:32.044000'), Timestamp('2026-06-15 05:34:32.234000'), Timestamp('2026-06-15 05:34:32.333000'), Timestamp('2026-06-15 05:34:32.848000'), Timestamp('2026-06-15 05:34:32.944000'), Timestamp('2026-06-15 05:34:33.138000'), Timestamp('2026-06-15 05:34:33.234000'), Timestamp('2026-06-15 05:34:33.749000'), Timestamp('2026-06-15 05:34:33.844000'), Timestamp('2026-06-15 05:34:34.032000'), Timestamp('2026-06-15 05:34:34.131000'), Timestamp('2026-06-15 05:34:34.647000'), Timestamp('2026-06-15 05:34:34.741000'), Timestamp('2026-06-15 05:34:34.932000'), Timestamp('2026-06-15 05:34:35.031000'), Timestamp('2026-06-15 05:34:35.541000'), Timestamp('2026-06-15 05:34:35.638000'), Timestamp('2026-06-15 05:34:35.827000'), Timestamp('2026-06-15 05:34:35.925000'), Timestamp('2026-06-15 05:34:36.437000'), Timestamp('2026-06-15 05:34:36.533000'), Timestamp('2026-06-15 05:34:36.725000'), Timestamp('2026-06-15 05:34:36.820000'), Timestamp('2026-06-15 05:34:37.330000'), Timestamp('2026-06-15 05:34:37.428000'), Timestamp('2026-06-15 05:34:37.616000'), Timestamp('2026-06-15 05:34:37.713000'), Timestamp('2026-06-15 05:34:38.225000'), Timestamp('2026-06-15 05:34:38.320000'), Timestamp('2026-06-15 05:34:38.509000'), Timestamp('2026-06-15 05:34:38.606000'), Timestamp('2026-06-15 05:34:39.114000'), Timestamp('2026-06-15 05:34:39.211000'), Timestamp('2026-06-15 05:34:39.400000'), Timestamp('2026-06-15 05:34:39.497000'), Timestamp('2026-06-15 05:34:40.004000'), Timestamp('2026-06-15 05:34:40.101000'), Timestamp('2026-06-15 05:34:40.289000'), Timestamp('2026-06-15 05:34:40.386000'), Timestamp('2026-06-15 05:34:40.894000'), Timestamp('2026-06-15 05:34:40.990000'), Timestamp('2026-06-15 05:34:41.178000'), Timestamp('2026-06-15 05:34:41.275000'), Timestamp('2026-06-15 05:34:41.783000'), Timestamp('2026-06-15 05:34:41.879000'), Timestamp('2026-06-15 05:34:42.064000'), Timestamp('2026-06-15 05:34:42.164000'), Timestamp('2026-06-15 05:34:42.571000'), Timestamp('2026-06-15 05:34:42.667000'), Timestamp('2026-06-15 05:34:42.858000'), Timestamp('2026-06-15 05:34:42.955000'), Timestamp('2026-06-15 05:34:43.367000'), Timestamp('2026-06-15 05:34:43.649000'), Timestamp('2026-06-15 05:34:43.746000'), Timestamp('2026-06-15 05:34:44.251000'), Timestamp('2026-06-15 05:34:44.348000'), Timestamp('2026-06-15 05:34:44.534000'), Timestamp('2026-06-15 05:34:44.631000'), Timestamp('2026-06-15 05:34:45.233000')]","[0.156, 0.472, 0.155, 0.286, 0.102, 0.521, 0.1, 0.194, 0.098, 0.522, 0.097, 0.195, 0.101, 0.517, 0.1, 0.196, 0.097, 0.52, 0.097, 0.194, 0.099, 0.517, 0.1, 0.193, 0.099, 0.419, 0.097, 0.194, 0.1, 0.516, 0.095, 0.196, 0.098, 0.515, 0.097, 0.192, 0.097, 0.516, 0.096, 0.19, 0.099, 0.515, 0.096, 0.194, 0.096, 0.515, 0.095, 0.188, 0.099, 0.516, 0.094, 0.191, 0.099, 0.51, 0.097, 0.189, 0.098, 0.512, 0.096, 0.192, 0.095, 0.51, 0.098, 0.188, 0.097, 0.512, 0.095, 0.189, 0.097, 0.508, 0.097, 0.189, 0.097, 0.507, 0.097, 0.188, 0.097, 0.508, 0.096, 0.188, 0.097, 0.508, 0.096, 0.185, 0.1, 0.407, 0.096, 0.191, 0.097, 0.412, 0.282, 0.097, 0.505, 0.097, 0.186, 0.097, 0.602]","[nan, nan, nan, nan, nan, nan, nan, nan, nan, nan, nan, nan, nan, nan, nan, nan, nan, nan, nan, nan, nan, nan, nan, nan, nan, nan, nan, nan, nan, nan, nan, nan, nan, nan, nan, nan, nan, nan, nan, nan, nan, nan, nan, nan, nan, nan, nan, nan, nan, nan, nan, nan, nan, nan, nan, nan, nan, nan, nan, nan, nan, nan, nan, nan, nan, nan, nan, nan, nan, nan, nan, nan, nan, nan, nan, nan, nan, nan, nan, nan, nan, nan, nan, nan, nan, nan, nan, nan, nan, nan, nan, nan, nan, nan, nan, nan, nan, nan, nan]","[nan, nan, nan, nan, nan, nan, nan, nan, nan, nan, nan, nan, nan, nan, nan, nan, nan, nan, nan, nan, nan, nan, nan, nan, nan, nan, nan, nan, nan, nan, nan, nan, nan, nan, nan, nan, nan, nan, nan, nan, nan, nan, nan, nan, nan, nan, nan, nan, nan, nan, nan, nan, nan, nan, nan, nan, nan, nan, nan, nan, nan, nan, nan, nan, nan, nan, nan, nan, nan, nan, nan, nan, nan, nan, nan, nan, nan, nan, nan, nan, nan, nan, nan, nan, nan, nan, nan, nan, nan, nan, nan, nan, nan, nan, nan, nan, nan]",,9.913800379512672,c:\git\RailwAI\VIDEO\20260615\ADTC Rastatt_00_20260615053423.mp4,2026-06-15 05:34:23,Lok
ADTC1_adz_raw_20260615_0541,2026-06-15 05:40:19.477,2026-06-15 05:40:29.569,"[Timestamp('2026-06-15 05:40:29.569000'), Timestamp('2026-06-15 05:40:30.043000'), Timestamp('2026-06-15 05:40:30.382000'), Timestamp('2026-06-15 05:40:30.859000'), Timestamp('2026-06-15 05:40:31.274000'), Timestamp('2026-06-15 05:40:31.748000'), Timestamp('2026-06-15 05:40:32.013000'), Timestamp('2026-06-15 05:40:32.094000'), Timestamp('2026-06-15 05:40:32.569000')]","[0.474, 0.339, 0.477, 0.415, 0.474, 0.265, 0.081, 0.475]","[13.114754098360656, 176.47058823529412, 59.4059405940594, 21.699819168173597, 19.2, 12.539184952978056, 12.861736334405144, 13.544018058690744, 13.559322033898304, 11.846001974333664]","[6.216393442622951, 59.82352941176471, 28.336633663366335, 9.005424954792042, 9.1008, 3.322884012539185, 1.0418006430868167, 6.433408577878104]",123.28087470605014,9.91252196880182,c:\git\RailwAI\VIDEO\20260615\ADTC Rastatt_00_20260615054029.mp4,2026-06-15 05:40:29,Trieb
ADTC1_adz_raw_20260615_0611,2026-06-15 06:09:58.424,2026-06-15 06:10:08.472,"[Timestamp('2026-06-15 06:10:08.472000'), Timestamp('2026-06-15 06:10:08.578000'), Timestamp('2026-06-15 06:10:09.364000'), Timestamp('2026-06-15 06:10:09.468000'), Timestamp('2026-06-15 06:10:09.788000'), Timestamp('2026-06-15 06:10:09.897000'), Timestamp('2026-06-15 06:10:10.673000'), Timestamp('2026-06-15 06:10:10.790000'), Timestamp('2026-06-15 06:10:11.096000'), Timestamp('2026-06-15 06:10:11.210000'), Timestamp('2026-06-15 06:10:11.987000'), Timestamp('2026-06-15 06:10:12.102000'), Timestamp('2026-06-15 06:10:12.410000'), Timestamp('2026-06-15 06:10:12.526000'), Timestamp('2026-06-15 06:10:13.301000'), Timestamp('2026-06-15 06:10:13.417000'), Timestamp('2026-06-15 06:10:13.727000'), Timestamp('2026-06-15 06:10:13.832000'), Timestamp('2026-06-15 06:10:14.619000'), Timestamp('2026-06-15 06:10:14.723000'), Timestamp('2026-06-15 06:10:15.033000'), Timestamp('2026-06-15 06:10:15.151000'), Timestamp('2026-06-15 06:10:15.924000'), Timestamp('2026-06-15 06:10:16.043000'), Timestamp('2026-06-15 06:10:16.347000'), Timestamp('2026-06-15 06:10:16.467000'), Timestamp('2026-06-15 06:10:17.243000'), Timestamp('2026-06-15 06:10:17.357000'), Timestamp('2026-06-15 06:10:17.668000'), Timestamp('2026-06-15 06:10:17.773000'), Timestamp('2026-06-15 06:10:18.558000'), Timestamp('2026-06-15 06:10:18.668000'), Timestamp('2026-06-15 06:10:18.974000'), Timestamp('2026-06-15 06:10:19.095000'), Timestamp('2026-06-15 06:10:19.869000'), Timestamp('2026-06-15 06:10:19.984000'), Timestamp('2026-06-15 06:10:20.298000'), Timestamp('2026-06-15 06:10:20.401000'), Timestamp('2026-06-15 06:10:21.191000'), Timestamp('2026-06-15 06:10:21.291000'), Timestamp('2026-06-15 06:10:21.601000'), Timestamp('2026-06-15 06:10:21.720000'), Timestamp('2026-06-15 06:10:22.497000'), Timestamp('2026-06-15 06:10:22.611000'), Timestamp('2026-06-15 06:10:22.922000'), Timestamp('2026-06-15 06:10:23.025000'), Timestamp('2026-06-15 06:10:23.813000'), Timestamp('2026-06-15 06:10:23.917000'), Timestamp('2026-06-15 06:10:24.238000'), Timestamp('2026-06-15 06:10:24.346000'), Timestamp('2026-06-15 06:10:25.130000'), Timestamp('2026-06-15 06:10:25.234000')]","[0.106, 0.786, 0.104, 0.32, 0.109, 0.776, 0.117, 0.306, 0.114, 0.777, 0.115, 0.308, 0.116, 0.775, 0.116, 0.31, 0.105, 0.787, 0.104, 0.31, 0.118, 0.773, 0.119, 0.304, 0.12, 0.776, 0.114, 0.311, 0.105, 0.785, 0.11, 0.306, 0.121, 0.774, 0.115, 0.314, 0.103, 0.79, 0.1, 0.31, 0.119, 0.777, 0.114, 0.311, 0.103, 0.788, 0.104, 0.321, 0.108, 0.784, 0.104]","[21.091871886591385, 21.824326574101825, 21.74142583395252, 21.739995739289363, 22.503270024337468, 21.635018683748953, 21.980281071667832, 21.699607822767057, 21.502813733029555, 21.66036443543899, 21.74141989221333, 21.94194648406347, 21.78179846314592, 21.909367816841126, 21.881329282075672, 21.578396026822098, 21.522767537818766, 21.833917946992152, 21.183005628115325, 21.971595655806187, 21.745969124030665, 21.21535970463803, 21.711516351289056, 21.883816202953977, 21.428173960355636, 22.20903183924696, 22.118654931283558, 21.613642691079754, 21.58478471055443, 21.084552442931155, 21.903716152428203, 22.26445663479375, 21.773397593737705, 21.69355771455008, 21.658495907696143, 21.68895205849425, 22.228804471541377, 22.384321048505477, 21.866710875331563, 22.208998771498777, 21.421229163138776, 21.55002620118899, 22.033151662299012, 21.717797337650747, 21.25923126215511, 21.87723338362582, 21.894314194694427, 21.55842469438106, 22.000468929754504, 22.265454494252825, 22.400095888769023, 22.456559667217697]","[2.2357384199786865, 17.153920687244035, 2.2611082867310617, 6.9567986365725965, 2.452856432652784, 16.788774498589188, 2.5716928853851364, 6.640079993766719, 2.4513207655653693, 16.830103166336094, 2.500263287604533, 6.758119517091549, 2.5266886217249267, 16.979760058051873, 2.538234196720778, 6.6893027683148505, 2.2598905914709704, 17.183293424282823, 2.2030325853239936, 6.811194653299918, 2.5660243566356185, 16.399473051685195, 2.5836704458033974, 6.652680125698009, 2.571380875242676, 17.234208707255643, 2.521526662166326, 6.721842876925804, 2.2664023946082152, 16.551373667700958, 2.409408776767102, 6.8129237302468875, 2.634581108842262, 16.790813671061763, 2.4907270293850563, 6.810330946367195, 2.289566860568762, 17.68361362831933, 2.1866710875331563, 6.8847896191646205, 2.549126270413514, 16.744370358323845, 2.5117792895020874, 6.754234972009383, 2.1897008200019763, 17.239259906297146, 2.2770086762482205, 6.920254326896321, 2.3760506444134863, 17.456116323494214, 2.329609972431978]",365.20169465871805,9.937059333418723,c:\git\RailwAI\VIDEO\20260615\ADTC Rastatt_00_20260615061008.mp4,2026-06-15 06:10:08,Trieb
ADTC1_adz_raw_20260615_0614,2026-06-15 06:12:45.554,2026-06-15 06:12:55.582,"[Timestamp('2026-06-15 06:12:55.582000'), Timestamp('2026-06-15 06:12:55.718000'), Timestamp('2026-06-15 06:12:56.045000'), Timestamp('2026-06-15 06:12:56.185000'), Timestamp('2026-06-15 06:12:56.445000'), Timestamp('2026-06-15 06:12:56.561000'), Timestamp('2026-06-15 06:12:57.329000'), Timestamp('2026-06-15 06:12:57.446000'), Timestamp('2026-06-15 06:12:57.664000'), Timestamp('2026-06-15 06:12:57.781000'), Timestamp('2026-06-15 06:12:58.550000'), Timestamp('2026-06-15 06:12:58.661000'), Timestamp('2026-06-15 06:12:58.889000'), Timestamp('2026-06-15 06:12:59.003000'), Timestamp('2026-06-15 06:12:59.767000'), Timestamp('2026-06-15 06:12:59.885000'), Timestamp('2026-06-15 06:13:00.108000'), Timestamp('2026-06-15 06:13:00.220000'), Timestamp('2026-06-15 06:13:00.978000'), Timestamp('2026-06-15 06:13:01.099000'), Timestamp('2026-06-15 06:13:01.322000'), Timestamp('2026-06-15 06:13:01.434000'), Timestamp('2026-06-15 06:13:02.198000'), Timestamp('2026-06-15 06:13:02.308000'), Timestamp('2026-06-15 06:13:02.533000'), Timestamp('2026-06-15 06:13:02.649000'), Timestamp('2026-06-15 06:13:03.408000'), Timestamp('2026-06-15 06:13:03.521000'), Timestamp('2026-06-15 06:13:03.746000'), Timestamp('2026-06-15 06:13:03.860000'), Timestamp('2026-06-15 06:13:04.617000'), Timestamp('2026-06-15 06:13:04.726000'), Timestamp('2026-06-15 06:13:04.948000'), Timestamp('2026-06-15 06:13:05.068000'), Timestamp('2026-06-15 06:13:05.815000'), Timestamp('2026-06-15 06:13:05.930000'), Timestamp('2026-06-15 06:13:06.155000'), Timestamp('2026-06-15 06:13:06.264000'), Timestamp('2026-06-15 06:13:07.019000'), Timestamp('2026-06-15 06:13:07.128000'), Timestamp('2026-06-15 06:13:07.349000'), Timestamp('2026-06-15 06:13:07.460000'), Timestamp('2026-06-15 06:13:08.219000'), Timestamp('2026-06-15 06:13:08.330000'), Timestamp('2026-06-15 06:13:08.551000'), Timestamp('2026-06-15 06:13:08.660000'), Timestamp('2026-06-15 06:13:09.412000'), Timestamp('2026-06-15 06:13:09.522000'), Timestamp('2026-06-15 06:13:09.747000'), Timestamp('2026-06-15 06:13:09.851000'), Timestamp('2026-06-15 06:13:10.601000'), Timestamp('2026-06-15 06:13:10.714000')]","[0.136, 0.327, 0.14, 0.26, 0.116, 0.768, 0.117, 0.218, 0.117, 0.769, 0.111, 0.228, 0.114, 0.764, 0.118, 0.223, 0.112, 0.758, 0.121, 0.223, 0.112, 0.764, 0.11, 0.225, 0.116, 0.759, 0.113, 0.225, 0.114, 0.757, 0.109, 0.222, 0.12, 0.747, 0.115, 0.225, 0.109, 0.755, 0.109, 0.221, 0.111, 0.759, 0.111, 0.221, 0.109, 0.752, 0.11, 0.225, 0.104, 0.75, 0.113]","[21.393445999184166, 21.09049029023683, 21.35203984015831, 21.394822061323246, 21.369342147257434, 21.43293770057562, 21.00800479380043, 22.84004902921248, 20.28784240969115, 21.39072131791471, 21.158530223186084, 21.20537057567622, 20.7779063042221, 21.441680982361063, 21.973260088827075, 22.19603266408567, 21.401571885789963, 21.197954619957276, 21.27658997030933, 21.808889276739468, 21.03428520408923, 21.27973581480404, 21.629823582313847, 21.32923305068634, 21.147707079796465, 21.56877818778188, 21.627227350900988, 22.020341660906492, 21.595246858404757, 21.284529184404917, 22.633784723200783, 20.234446911040123, 21.455637223715037, 21.549647447732585, 21.24436618453776, 21.056517145369256, 21.188811188811187, 21.42638895961705, 21.54165314542673, 20.480570019926738, 19.48004789936166, 19.959800455552376, 22.320082232851888, 21.04629961740794, 21.116096424534547, 20.832651874466194, 21.213831930963405, 22.182154976266133, 21.59472731972086, 22.091909309954424, 20.931495912925115, 22.214165220451704]","[2.909508655889047, 6.896590324907444, 2.9892855776221636, 5.562653735944044, 2.4788436890818626, 16.460496154042076, 2.4579365608746504, 4.979130688368321, 2.373677561933865, 16.44946469347641, 2.3485968547736555, 4.834824491254178, 2.3686813186813196, 16.381444270523854, 2.592844690481595, 4.949715284091105, 2.3969760512084757, 16.068049601927616, 2.574467386407429, 4.863382308712901, 2.355839942857994, 16.257718162510287, 2.379280594054523, 4.799077436404427, 2.45313402125639, 16.370702644526446, 2.4438766906518117, 4.954576873703961, 2.4618581418581424, 16.112388592594524, 2.467082534828885, 4.492047214250907, 2.5746764668458044, 16.097586643456243, 2.4431021112218425, 4.7377163577080825, 2.3095804195804193, 16.176923664510873, 2.3480401928515136, 4.526205974403809, 2.1622853168291445, 15.149488545764253, 2.4775291278465597, 4.651232215447155, 2.3016545102742656, 15.666154209598577, 2.3335215124059747, 4.99098486965988, 2.2458516412509693, 16.56893198246582, 2.3652590381605383]",322.61087754998204,9.91715186706171,c:\git\RailwAI\VIDEO\20260615\ADTC Rastatt_00_20260615061255.mp4,2026-06-15 06:12:55,Lok
ADTC1_adz_raw_20260615_0617,2026-06-15 06:16:10.605,2026-06-15 06:16:20.673,"[Timestamp('2026-06-15 06:16:20.673000'), Timestamp('2026-06-15 06:16:20.780000'), Timestamp('2026-06-15 06:16:21.564000'), Timestamp('2026-06-15 06:16:21.665000'), Timestamp('2026-06-15 06:16:21.985000'), Timestamp('2026-06-15 06:16:22.088000'), Timestamp('2026-06-15 06:16:22.874000'), Timestamp('2026-06-15 06:16:22.980000'), Timestamp('2026-06-15 06:16:23.287000'), Timestamp('2026-06-15 06:16:23.407000'), Timestamp('2026-06-15 06:16:24.182000'), Timestamp('2026-06-15 06:16:24.296000'), Timestamp('2026-06-15 06:16:24.610000'), Timestamp('2026-06-15 06:16:24.711000'), Timestamp('2026-06-15 06:16:25.499000'), Timestamp('2026-06-15 06:16:25.599000'), Timestamp('2026-06-15 06:16:25.919000'), Timestamp('2026-06-15 06:16:26.029000'), Timestamp('2026-06-15 06:16:26.805000'), Timestamp('2026-06-15 06:16:26.924000'), Timestamp('2026-06-15 06:16:27.233000'), Timestamp('2026-06-15 06:16:27.337000'), Timestamp('2026-06-15 06:16:28.118000'), Timestamp('2026-06-15 06:16:28.225000'), Timestamp('2026-06-15 06:16:28.536000'), Timestamp('2026-06-15 06:16:28.652000'), Timestamp('2026-06-15 06:16:29.425000'), Timestamp('2026-06-15 06:16:29.548000'), Timestamp('2026-06-15 06:16:29.844000'), Timestamp('2026-06-15 06:16:29.963000'), Timestamp('2026-06-15 06:16:30.737000'), Timestamp('2026-06-15 06:16:30.847000'), Timestamp('2026-06-15 06:16:31.163000'), Timestamp('2026-06-15 06:16:31.266000'), Timestamp('2026-06-15 06:16:32.048000'), Timestamp('2026-06-15 06:16:32.155000'), Timestamp('2026-06-15 06:16:32.469000'), Timestamp('2026-06-15 06:16:32.586000'), Timestamp('2026-06-15 06:16:33.354000'), Timestamp('2026-06-15 06:16:33.469000'), Timestamp('2026-06-15 06:16:33.780000'), Timestamp('2026-06-15 06:16:33.895000'), Timestamp('2026-06-15 06:16:34.666000'), Timestamp('2026-06-15 06:16:34.785000'), Timestamp('2026-06-15 06:16:35.085000'), Timestamp('2026-06-15 06:16:35.204000'), Timestamp('2026-06-15 06:16:35.982000'), Timestamp('2026-06-15 06:16:36.093000'), Timestamp('2026-06-15 06:16:36.409000'), Timestamp('2026-06-15 06:16:36.510000'), Timestamp('2026-06-15 06:16:37.293000'), Timestamp('2026-06-15 06:16:37.403000')]","[0.107, 0.784, 0.101, 0.32, 0.103, 0.786, 0.106, 0.307, 0.12, 0.775, 0.114, 0.314, 0.101, 0.788, 0.1, 0.32, 0.11, 0.776, 0.119, 0.309, 0.104, 0.781, 0.107, 0.311, 0.116, 0.773, 0.123, 0.296, 0.119, 0.774, 0.11, 0.316, 0.103, 0.782, 0.107, 0.314, 0.117, 0.768, 0.115, 0.311, 0.115, 0.771, 0.119, 0.3, 0.119, 0.778, 0.111, 0.316, 0.101, 0.783, 0.11]","[21.27216869152353, 22.680122677409415, 21.962428994171695, 22.201117075609062, 22.218419713130505, 21.36699231859199, 21.359368845008312, 22.187108711138556, 21.584142343429637, 21.932008837164155, 22.627189615465138, 21.95411959708408, 22.43363348504694, 21.94194648406347, 21.778364447358413, 21.91371882138919, 22.658408709822165, 21.636180002244416, 21.783163371860585, 22.20551236342053, 21.945895168420495, 21.996911300611025, 21.14699401266335, 22.159565580618214, 21.076548827272966, 21.36777620146615, 22.323869963807027, 22.95536439029209, 21.802211846462086, 21.88684394045056, 21.05665222034735, 20.806056057427, 21.358430043424974, 21.989614089373575, 21.52787939776929, 21.592118172145536, 21.526840944985523, 21.26004986095009, 20.758626727129144, 20.830363580183338, 21.784399433292315, 20.535281612970223, 21.3203026481715, 21.98158359937733, 21.48530876494024, 21.45537340070198, 21.321323151559632, 22.319274668162862, 22.30847124599675, 21.87153931339978, 21.204612817438516, 22.57976239533]","[2.2761220499930177, 17.781216179088982, 2.2182053284113414, 7.1043574641949, 2.288497230452442, 16.794455962413306, 2.264093097570881, 6.811442374319537, 2.5900970812115562, 16.99730684880222, 2.5794996161630257, 6.8935935534844015, 2.265796981989741, 17.290253829442015, 2.1778364447358416, 7.01239002284454, 2.4924249580804383, 16.789675681741667, 2.5921964412514096, 6.861503320296944, 2.2823730975157313, 17.17958772577721, 2.2627283593549783, 6.8916248955722645, 2.4448796639636643, 16.517291003733334, 2.7458360055482642, 6.794787859526458, 2.594463209728988, 16.940417209908734, 2.3162317442382085, 6.574713714146932, 2.199918294472772, 17.195878217890137, 2.303483095561314, 6.779925106053699, 2.518640390563306, 16.32771829320967, 2.3872420736198516, 6.478243073437018, 2.5052059348286164, 15.832702123600043, 2.5371160151324084, 6.594475079813199, 2.5567517430278883, 16.69228050574614, 2.3666668698231192, 7.052890795139464, 2.253155595845672, 17.125415282392026, 2.332507409918237]",363.6661148555775,9.957026316416584,c:\git\RailwAI\VIDEO\20260615\ADTC Rastatt_00_20260615061621.mp4,2026-06-15 06:16:21,Trieb
ADTC1_adz_raw_20260615_0627,2026-06-15 06:26:36.608,2026-06-15 06:26:46.665,"[Timestamp('2026-06-15 06:26:46.665000'), Timestamp('2026-06-15 06:26:46.788000'), Timestamp('2026-06-15 06:26:47.175000'), Timestamp('2026-06-15 06:26:47.299000'), Timestamp('2026-06-15 06:26:47.552000'), Timestamp('2026-06-15 06:26:47.670000'), Timestamp('2026-06-15 06:26:48.530000'), Timestamp('2026-06-15 06:26:48.656000'), Timestamp('2026-06-15 06:26:48.873000'), Timestamp('2026-06-15 06:26:48.989000'), Timestamp('2026-06-15 06:26:49.857000'), Timestamp('2026-06-15 06:26:49.971000'), Timestamp('2026-06-15 06:26:50.182000'), Timestamp('2026-06-15 06:26:50.304000'), Timestamp('2026-06-15 06:26:51.168000'), Timestamp('2026-06-15 06:26:51.293000'), Timestamp('2026-06-15 06:26:51.506000'), Timestamp('2026-06-15 06:26:51.631000'), Timestamp('2026-06-15 06:26:52.493000'), Timestamp('2026-06-15 06:26:52.608000')]","[0.123, 0.387, 0.124, 0.253, 0.118, 0.86, 0.126, 0.217, 0.116, 0.868, 0.114, 0.211, 0.122, 0.864, 0.125, 0.213, 0.125, 0.862, 0.115]","[20.57508548580335, 20.411717218313917, 20.311382770153386, 20.20293634147724, 20.806136943934987, 20.44414642175248, 20.4349862812019, 19.922407465660065, 20.629251700680275, 20.313217257653605, 20.511260515712216, 20.326507007962697, 20.167226317428884, 19.680941480061406, 20.404502962642496, 20.4352940336922, 20.54455726359975, 20.54424287301, 20.474830672721765, 19.543102993313376]","[2.530735514753812, 7.8993345634874865, 2.51861146349902, 5.111342894393742, 2.4551241593843285, 17.581965922707134, 2.5748082714314395, 4.323162420048234, 2.392993197278912, 17.63187257964333, 2.3382836987911926, 4.288892978680129, 2.460401610726324, 17.004333438773056, 2.550562870330312, 4.352717629176439, 2.5680696579499687, 17.70913735653462, 2.3546055273630033]",120.64695575495246,9.934159508544568,c:\git\RailwAI\VIDEO\20260615\ADTC Rastatt_00_20260615062647.mp4,2026-06-15 06:26:47,Lok
ADTC1_adz_raw_20260615_0638,2026-06-15 06:37:29.829,2026-06-15 06:37:39.851,"[Timestamp('2026-06-15 06:37:39.851000'), Timestamp('2026-06-15 06:37:40.361000'), Timestamp('2026-06-15 06:37:40.721000'), Timestamp('2026-06-15 06:37:41.219000'), Timestamp('2026-06-15 06:37:41.657000'), Timestamp('2026-06-15 06:37:42.168000'), Timestamp('2026-06-15 06:37:42.530000'), Timestamp('2026-06-15 06:37:43.028000')]","[0.51, 0.36, 0.498, 0.438, 0.511, 0.362, 0.498]","[nan, nan, nan, nan, nan, nan, nan, nan, nan, nan]","[nan, nan, nan, nan, nan, nan, nan]",,9.833301558552977,c:\git\RailwAI\VIDEO\20260615\ADTC Rastatt_00_20260615063740.mp4,2026-06-15 06:37:40,Trieb
ADTC1_adz_raw_20260615_0644,2026-06-15 06:42:53.310,2026-06-15 06:43:03.333,"[Timestamp('2026-06-15 06:43:03.333000'), Timestamp('2026-06-15 06:43:03.473000'), Timestamp('2026-06-15 06:43:03.781000'), Timestamp('2026-06-15 06:43:03.923000'), Timestamp('2026-06-15 06:43:04.158000'), Timestamp('2026-06-15 06:43:04.238000'), Timestamp('2026-06-15 06:43:04.774000'), Timestamp('2026-06-15 06:43:04.942000'), Timestamp('2026-06-15 06:43:05.021000'), Timestamp('2026-06-15 06:43:05.475000'), Timestamp('2026-06-15 06:43:05.552000'), Timestamp('2026-06-15 06:43:05.740000'), Timestamp('2026-06-15 06:43:05.820000'), Timestamp('2026-06-15 06:43:06.253000'), Timestamp('2026-06-15 06:43:06.334000'), Timestamp('2026-06-15 06:43:06.510000'), Timestamp('2026-06-15 06:43:06.588000'), Timestamp('2026-06-15 06:43:07.045000'), Timestamp('2026-06-15 06:43:07.121000'), Timestamp('2026-06-15 06:43:07.281000'), Timestamp('2026-06-15 06:43:07.362000'), Timestamp('2026-06-15 06:43:07.821000'), Timestamp('2026-06-15 06:43:07.900000'), Timestamp('2026-06-15 06:43:08.077000'), Timestamp('2026-06-15 06:43:08.155000'), Timestamp('2026-06-15 06:43:08.594000'), Timestamp('2026-06-15 06:43:08.674000'), Timestamp('2026-06-15 06:43:08.867000'), Timestamp('2026-06-15 06:43:08.943000'), Timestamp('2026-06-15 06:43:09.390000'), Timestamp('2026-06-15 06:43:09.467000'), Timestamp('2026-06-15 06:43:09.657000'), Timestamp('2026-06-15 06:43:09.737000'), Timestamp('2026-06-15 06:43:10.173000'), Timestamp('2026-06-15 06:43:10.253000'), Timestamp('2026-06-15 06:43:10.440000'), Timestamp('2026-06-15 06:43:10.520000'), Timestamp('2026-06-15 06:43:10.949000'), Timestamp('2026-06-15 06:43:11.026000'), Timestamp('2026-06-15 06:43:11.210000'), Timestamp('2026-06-15 06:43:11.290000'), Timestamp('2026-06-15 06:43:11.752000'), Timestamp('2026-06-15 06:43:11.830000'), Timestamp('2026-06-15 06:43:12.011000'), Timestamp('2026-06-15 06:43:12.092000'), Timestamp('2026-06-15 06:43:12.552000'), Timestamp('2026-06-15 06:43:12.632000'), Timestamp('2026-06-15 06:43:12.812000'), Timestamp('2026-06-15 06:43:12.893000'), Timestamp('2026-06-15 06:43:13.350000'), Timestamp('2026-06-15 06:43:13.436000'), Timestamp('2026-06-15 06:43:13.621000'), Timestamp('2026-06-15 06:43:13.700000'), Timestamp('2026-06-15 06:43:14.135000'), Timestamp('2026-06-15 06:43:14.216000'), Timestamp('2026-06-15 06:43:14.411000'), Timestamp('2026-06-15 06:43:14.491000'), Timestamp('2026-06-15 06:43:14.930000'), Timestamp('2026-06-15 06:43:15.007000'), Timestamp('2026-06-15 06:43:15.185000'), Timestamp('2026-06-15 06:43:15.265000'), Timestamp('2026-06-15 06:43:15.726000'), Timestamp('2026-06-15 06:43:15.805000'), Timestamp('2026-06-15 06:43:15.979000'), Timestamp('2026-06-15 06:43:16.062000'), Timestamp('2026-06-15 06:43:16.503000'), Timestamp('2026-06-15 06:43:16.583000'), Timestamp('2026-06-15 06:43:16.779000'), Timestamp('2026-06-15 06:43:16.864000'), Timestamp('2026-06-15 06:43:17.298000'), Timestamp('2026-06-15 06:43:17.377000'), Timestamp('2026-06-15 06:43:17.554000'), Timestamp('2026-06-15 06:43:17.628000'), Timestamp('2026-06-15 06:43:18.092000'), Timestamp('2026-06-15 06:43:18.171000')]","[0.14, 0.308, 0.142, 0.235, 0.08, 0.536, 0.168, 0.079, 0.454, 0.077, 0.188, 0.08, 0.433, 0.081, 0.176, 0.078, 0.457, 0.076, 0.16, 0.081, 0.459, 0.079, 0.177, 0.078, 0.439, 0.08, 0.193, 0.076, 0.447, 0.077, 0.19, 0.08, 0.436, 0.08, 0.187, 0.08, 0.429, 0.077, 0.184, 0.08, 0.462, 0.078, 0.181, 0.081, 0.46, 0.08, 0.18, 0.081, 0.457, 0.086, 0.185, 0.079, 0.435, 0.081, 0.195, 0.08, 0.439, 0.077, 0.178, 0.08, 0.461, 0.079, 0.174, 0.083, 0.441, 0.08, 0.196, 0.085, 0.434, 0.079, 0.177, 0.074, 0.464, 0.079]","[21.050653353690898, 21.164864610525218, 21.563212291513405, 21.573254331875017, 20.952923144748706, 21.66064981949458, 21.12676602032803, 21.653121385393074, 21.679047278300978, 21.849549043998877, 21.32685468537562, 22.09588802162822, 22.095372346448382, 21.59343748267916, 21.20141342756184, 21.276595744680854, 21.42857142857143, 21.798271699720395, 21.815006044214968, 21.10343312743898, 21.862507909966858, 22.092247679741035, 21.185357379999257, 21.998506414673134, 21.988932559325093, 21.701999265361813, 22.504409862412295, 21.965663305941774, 21.650710912703534, 21.95528014104771, 21.57269411594671, 21.774897248118016, 21.572639265575773, 21.974577554618428, 21.887180615172618, 21.965663305941774, 21.868872863455756, 22.118776353089647, 21.62385801196482, 21.97578988454743, 21.927352848759796, 21.427181183990825, 21.143481400188456, 21.450190296142175, 21.446679904587057, 21.860736808529442, 21.865692546622228, 21.872630309660252, 22.104805058149594, 21.381844942871997, 21.767121626535374, 21.341775284606502, 21.227935523783252, 21.691671756686404, 21.486681581829416, 21.78084865980845, 21.809507304036806, 21.429075247808715, 21.18957731882449, 21.3422086835524, 21.531246387931823, 21.992666143691892, 21.48163341485891, 21.838169966781287, 22.157884546963043, 21.82694800662133, 21.225300017004813, 22.163516900359006, 21.501107750198237, 21.792187748079062, 22.236814545165444, 21.684270195388557, 22.20686962364778, 20.683582209423058, 21.60027486009097, 20.933256447655555]","[2.947091469516726, 6.518778300041767, 3.0619761453949033, 5.069714767990629, 1.6762338515798965, 11.610108303249095, 3.549296691415109, 1.7105965894460529, 9.842287464348644, 1.6824152763879134, 4.009448680850617, 1.7676710417302577, 9.56729622601215, 1.7490684360970121, 3.7314487632508833, 1.6595744680851066, 9.792857142857144, 1.65666864917875, 3.490400967074395, 1.7093780833225574, 10.034891130674788, 1.7452875666995418, 3.7498082562598682, 1.7158835003445045, 9.653141393543716, 1.736159941228945, 4.343351103445573, 1.6693904112515747, 9.67786777797848, 1.6905565708606736, 4.098811882029875, 1.7419917798494413, 9.405670719791038, 1.7579662043694742, 4.092902775037279, 1.757253064475342, 9.38174645842252, 1.7031457791879028, 3.978789874201527, 1.7580631907637945, 10.130437016127026, 1.6713201323512843, 3.8269701334341106, 1.7374654139875163, 9.865472756110046, 1.7488589446823555, 3.9358246583920007, 1.7716830550824805, 10.101895911574365, 1.8388386650869915, 4.026917500909044, 1.6860002474839137, 9.234151952845714, 1.7570254122915987, 4.1899029084567365, 1.742467892784676, 9.574373706472159, 1.650038794081271, 3.771744762750759, 1.707376694684192, 9.925904584836571, 1.7374206253516595, 3.73780421418545, 1.812568107242847, 9.771627085210701, 1.7461558405297064, 4.160158803332943, 1.8838989365305157, 9.331480763586034, 1.7215828320982458, 3.935916174494283, 1.6046359944587532, 10.30398750537257, 1.6340029945444217]",321.7709017196085,9.91477365817912,c:\git\RailwAI\VIDEO\20260615\ADTC Rastatt_00_20260615064303.mp4,2026-06-15 06:43:03,Lok
ADTC1_adz_raw_20260615_0648,2026-06-15 06:46:54.582,2026-06-15 06:47:04.697,"[Timestamp('2026-06-15 06:47:04.697000'), Timestamp('2026-06-15 06:47:04.832000'), Timestamp('2026-06-15 06:47:05.139000'), Timestamp('2026-06-15 06:47:05.277000'), Timestamp('2026-06-15 06:47:05.545000'), Timestamp('2026-06-15 06:47:05.665000'), Timestamp('2026-06-15 06:47:06.398000'), Timestamp('2026-06-15 06:47:06.512000'), Timestamp('2026-06-15 06:47:06.748000'), Timestamp('2026-06-15 06:47:06.851000'), Timestamp('2026-06-15 06:47:07.599000'), Timestamp('2026-06-15 06:47:07.711000'), Timestamp('2026-06-15 06:47:07.940000'), Timestamp('2026-06-15 06:47:08.051000'), Timestamp('2026-06-15 06:47:08.794000'), Timestamp('2026-06-15 06:47:08.903000'), Timestamp('2026-06-15 06:47:09.129000'), Timestamp('2026-06-15 06:47:09.247000'), Timestamp('2026-06-15 06:47:09.990000'), Timestamp('2026-06-15 06:47:10.099000'), Timestamp('2026-06-15 06:47:10.329000'), Timestamp('2026-06-15 06:47:10.439000'), Timestamp('2026-06-15 06:47:11.184000'), Timestamp('2026-06-15 06:47:11.299000'), Timestamp('2026-06-15 06:47:11.528000'), Timestamp('2026-06-15 06:47:11.635000'), Timestamp('2026-06-15 06:47:12.387000'), Timestamp('2026-06-15 06:47:12.497000'), Timestamp('2026-06-15 06:47:12.726000'), Timestamp('2026-06-15 06:47:12.834000'), Timestamp('2026-06-15 06:47:13.580000'), Timestamp('2026-06-15 06:47:13.699000'), Timestamp('2026-06-15 06:47:13.917000'), Timestamp('2026-06-15 06:47:14.033000'), Timestamp('2026-06-15 06:47:14.779000'), Timestamp('2026-06-15 06:47:14.891000'), Timestamp('2026-06-15 06:47:15.110000'), Timestamp('2026-06-15 06:47:15.224000'), Timestamp('2026-06-15 06:47:15.979000'), Timestamp('2026-06-15 06:47:16.085000'), Timestamp('2026-06-15 06:47:16.312000'), Timestamp('2026-06-15 06:47:16.422000'), Timestamp('2026-06-15 06:47:17.176000'), Timestamp('2026-06-15 06:47:17.291000')]","[0.135, 0.307, 0.138, 0.268, 0.12, 0.733, 0.114, 0.236, 0.103, 0.748, 0.112, 0.229, 0.111, 0.743, 0.109, 0.226, 0.118, 0.743, 0.109, 0.23, 0.11, 0.745, 0.115, 0.229, 0.107, 0.752, 0.11, 0.229, 0.108, 0.746, 0.119, 0.218, 0.116, 0.746, 0.112, 0.219, 0.114, 0.755, 0.106, 0.227, 0.11, 0.754, 0.115]","[21.417038987652575, 22.51011872813875, 21.482199628925656, 22.14338663560309, 21.24271867332805, 23.728627192259054, 22.20087441944903, 22.037888085697496, 24.309260464107563, 21.59441578364419, 23.462477140263395, 23.3342163745272, 24.100998731995045, 23.661966603038348, 22.33786548475019, 22.498241347516057, 22.2085344221087, 23.72007195739978, 23.457010153126888, 22.530606417532212, 23.08862942026599, 23.123597989921613, 22.45486333984286, 23.272828693451395, 22.923854042788683, 22.05825186927892, 23.353993090835196, 22.18607374213258, 22.87925418553482, 22.4901689136212, 22.705554126660786, 24.0, 23.071363247897935, 23.47325986126455, 23.182459836488555, 23.334639304450157, 22.56308557324662, 22.08620328452821, 24.20230527854622, 22.777644383631326, 23.149766899766895, 22.972602439238397, 23.897880778556438, 23.804253171021095]","[2.8913002633330978, 6.910606449538596, 2.964543548791741, 5.934427618341628, 2.549126240799366, 17.393083731925888, 2.5308996838171893, 5.200941588224609, 2.503853827803079, 16.152623006165854, 2.6277974397095005, 5.343535549766729, 2.67521085925145, 17.58084118605749, 2.4348273378377705, 5.084602544538629, 2.620607061808826, 17.62401346434804, 2.5568141066908305, 5.182039476032409, 2.539749236229259, 17.227080502491603, 2.582309284081929, 5.32947777080037, 2.452852382578389, 16.587805405697747, 2.5689392399918716, 5.080610886948361, 2.4709594520377602, 16.777666009561415, 2.7019609410726333, 5.232, 2.6762781367561606, 17.511051856503357, 2.596435501686718, 5.110286007674584, 2.572191755350115, 16.6750834798188, 2.565444359525899, 5.170525275084311, 2.5464743589743586, 17.32134223918575, 2.7482562895339906]",287.8064753563681,10.015242313058245,c:\git\RailwAI\VIDEO\20260615\ADTC Rastatt_00_20260615064704.mp4,2026-06-15 06:47:04,Lok
ADTC1_adz_raw_20260615_0702,2026-06-15 07:01:39.483,2026-06-15 07:01:49.546,"[Timestamp('2026-06-15 07:01:49.546000'), Timestamp('2026-06-15 07:01:49.928000'), Timestamp('2026-06-15 07:01:50.458000'), Timestamp('2026-06-15 07:01:50.926000'), Timestamp('2026-06-15 07:01:51.275000'), Timestamp('2026-06-15 07:01:51.659000'), Timestamp('2026-06-15 07:01:51.745000'), Timestamp('2026-06-15 07:01:52.194000'), Timestamp('2026-06-15 07:01:52.661000')]","[0.382, 0.53, 0.468, 0.349, 0.384, 0.086, 0.449, 0.467]","[21.454112038140643, 24.193548387096776, 15.734265734265735, 49.586776859504134, 37.42203742203743, 40.816326530612244, 23.778071334214, 187.5, 21.76541717049577, 19.78021978021978]","[8.195470798569726, 12.822580645161292, 7.363636363636364, 17.305785123966942, 14.370062370062373, 3.5102040816326525, 10.676354029062086, 87.5625]",161.80659341209144,9.866039910991162,c:\git\RailwAI\VIDEO\20260615\ADTC Rastatt_00_20260615070149.mp4,2026-06-15 07:01:49,Trieb
ADTC1_adz_raw_20260615_0720,2026-06-15 07:19:05.194,2026-06-15 07:19:15.305,"[Timestamp('2026-06-15 07:19:15.305000'), Timestamp('2026-06-15 07:19:15.416000'), Timestamp('2026-06-15 07:19:16.203000'), Timestamp('2026-06-15 07:19:16.314000'), Timestamp('2026-06-15 07:19:16.624000'), Timestamp('2026-06-15 07:19:16.742000'), Timestamp('2026-06-15 07:19:17.523000'), Timestamp('2026-06-15 07:19:17.637000'), Timestamp('2026-06-15 07:19:17.941000'), Timestamp('2026-06-15 07:19:18.059000'), Timestamp('2026-06-15 07:19:18.837000'), Timestamp('2026-06-15 07:19:18.962000'), Timestamp('2026-06-15 07:19:19.266000'), Timestamp('2026-06-15 07:19:19.382000'), Timestamp('2026-06-15 07:19:20.161000'), Timestamp('2026-06-15 07:19:20.278000'), Timestamp('2026-06-15 07:19:20.593000'), Timestamp('2026-06-15 07:19:20.698000'), Timestamp('2026-06-15 07:19:21.489000'), Timestamp('2026-06-15 07:19:21.591000'), Timestamp('2026-06-15 07:19:21.903000'), Timestamp('2026-06-15 07:19:22.024000'), Timestamp('2026-06-15 07:19:22.803000'), Timestamp('2026-06-15 07:19:22.918000'), Timestamp('2026-06-15 07:19:23.226000'), Timestamp('2026-06-15 07:19:23.343000'), Timestamp('2026-06-15 07:19:24.119000'), Timestamp('2026-06-15 07:19:24.238000'), Timestamp('2026-06-15 07:19:24.553000'), Timestamp('2026-06-15 07:19:24.659000'), Timestamp('2026-06-15 07:19:25.449000'), Timestamp('2026-06-15 07:19:25.551000'), Timestamp('2026-06-15 07:19:25.865000'), Timestamp('2026-06-15 07:19:25.983000'), Timestamp('2026-06-15 07:19:26.759000'), Timestamp('2026-06-15 07:19:26.878000'), Timestamp('2026-06-15 07:19:27.194000'), Timestamp('2026-06-15 07:19:27.299000'), Timestamp('2026-06-15 07:19:28.091000'), Timestamp('2026-06-15 07:19:28.191000'), Timestamp('2026-06-15 07:19:28.509000'), Timestamp('2026-06-15 07:19:28.625000'), Timestamp('2026-06-15 07:19:29.402000'), Timestamp('2026-06-15 07:19:29.523000'), Timestamp('2026-06-15 07:19:29.835000'), Timestamp('2026-06-15 07:19:29.936000'), Timestamp('2026-06-15 07:19:30.728000'), Timestamp('2026-06-15 07:19:30.829000'), Timestamp('2026-06-15 07:19:31.149000'), Timestamp('2026-06-15 07:19:31.255000'), Timestamp('2026-06-15 07:19:32.043000'), Timestamp('2026-06-15 07:19:32.150000')]","[0.111, 0.787, 0.111, 0.31, 0.118, 0.781, 0.114, 0.304, 0.118, 0.778, 0.125, 0.304, 0.116, 0.779, 0.117, 0.315, 0.105, 0.791, 0.102, 0.312, 0.121, 0.779, 0.115, 0.308, 0.117, 0.776, 0.119, 0.315, 0.106, 0.79, 0.102, 0.314, 0.118, 0.776, 0.119, 0.316, 0.105, 0.792, 0.1, 0.318, 0.116, 0.777, 0.121, 0.312, 0.101, 0.792, 0.101, 0.32, 0.106, 0.788, 0.107]","[21.314716151392126, 22.21235946259099, 21.700511562967918, 22.01986552613929, 21.69878497784743, 21.86401833460657, 21.700457815565727, 21.659765360747034, 21.586914473130946, 21.28192008277867, 21.145807297817253, 21.855821258670154, 21.582733812949634, 21.766459079891916, 20.894115928266185, 21.661487402010124, 21.55931635485539, 22.364714042241506, 22.266703583098824, 21.349184262705677, 21.50330820126173, 21.97860356659543, 21.430291148601007, 21.345782474706578, 21.5419030638992, 21.70846394984326, 21.462406842119734, 21.366356019177136, 21.347372408965846, 21.57949291370528, 21.658818326092046, 21.665582303188028, 21.417552099238648, 21.66374439898695, 21.19363298608581, 21.68895205849425, 21.83164326021469, 21.71838814265864, 21.95549851799852, 21.270400127066484, 21.95919486215539, 21.597080926752433, 21.308315656141744, 22.235294117647058, 21.62464985994398, 21.72748647896286, 21.950636554314425, 20.99200234793455, 21.127816585916236, 21.282974124450647, 21.404277408637874, 21.52790556356743]","[2.365933492804526, 17.48112689705911, 2.408756783489439, 6.82615831310318, 2.5604566273859968, 17.07579831932773, 2.473852190974493, 6.584568669667099, 2.5472559078294514, 16.557333824401805, 2.6432259122271566, 6.6441696626357265, 2.503597122302158, 16.956071623235804, 2.4446115636071437, 6.823368531633189, 2.263728217259816, 17.690488807413033, 2.2712037654760797, 6.660945489964171, 2.6019002923526693, 17.12133217837784, 2.464483482089116, 6.574501002209626, 2.5204026584762063, 16.84576802507837, 2.554026414212248, 6.730402146040798, 2.2628214753503797, 17.047799401827174, 2.2091994692613883, 6.802992843201041, 2.5272711477101604, 16.811065653613873, 2.522042325344211, 6.853708850484184, 2.2923225423225424, 17.200963408985643, 2.195549851799852, 6.763987240407142, 2.547266604010025, 16.78093188008664, 2.578306194393151, 6.937411764705882, 2.184089635854342, 17.208169291338585, 2.217014291985757, 6.717440751339057, 2.239548558107121, 16.77098361006711, 2.2902576827242527]",365.1566123955536,10.009493130389536,c:\git\RailwAI\VIDEO\20260615\ADTC Rastatt_00_20260615071915.mp4,2026-06-15 07:19:15,Trieb
ADTC1_adz_raw_20260615_0725,2026-06-15 07:24:02.053,2026-06-15 07:24:12.079,"[Timestamp('2026-06-15 07:24:12.079000'), Timestamp('2026-06-15 07:24:12.196000'), Timestamp('2026-06-15 07:24:12.553000'), Timestamp('2026-06-15 07:24:12.666000'), Timestamp('2026-06-15 07:24:12.894000'), Timestamp('2026-06-15 07:24:13.011000'), Timestamp('2026-06-15 07:24:13.808000'), Timestamp('2026-06-15 07:24:13.919000'), Timestamp('2026-06-15 07:24:14.116000'), Timestamp('2026-06-15 07:24:14.226000'), Timestamp('2026-06-15 07:24:15.020000'), Timestamp('2026-06-15 07:24:15.134000'), Timestamp('2026-06-15 07:24:15.330000'), Timestamp('2026-06-15 07:24:15.439000'), Timestamp('2026-06-15 07:24:16.236000'), Timestamp('2026-06-15 07:24:16.348000'), Timestamp('2026-06-15 07:24:16.541000'), Timestamp('2026-06-15 07:24:16.656000'), Timestamp('2026-06-15 07:24:17.457000'), Timestamp('2026-06-15 07:24:17.568000')]","[0.117, 0.357, 0.113, 0.228, 0.117, 0.797, 0.111, 0.197, 0.11, 0.794, 0.114, 0.196, 0.109, 0.797, 0.112, 0.193, 0.115, 0.801, 0.111]","[22.444282385585453, 21.705738405121078, 21.898976982097185, 22.137596010337816, 21.598238824387238, 21.59401827374485, 21.36849780517253, 22.180390996788987, 22.376246058475765, 22.057967609541535, 22.096897073936688, 22.218987401557637, 22.366326253252048, 21.817896434126222, 21.99422547660602, 21.94681276845261, 21.345523769074415, 22.155125376031517, 22.432952109087076, 22.7434338460078]","[2.625981039113498, 7.748948610628225, 2.474584398976982, 5.047371890357022, 2.526993942453307, 17.210432564174646, 2.371903256374151, 4.36953702636743, 2.461387066432334, 17.51402628197598, 2.5190462664287825, 4.354921530705297, 2.437929561604473, 17.3888634579986, 2.463353253379874, 4.235734864311354, 2.4547352334435577, 17.746255426201245, 2.4900576841086655]",120.44206335503544,9.91383975604646,c:\git\RailwAI\VIDEO\20260615\ADTC Rastatt_00_20260615072412.mp4,2026-06-15 07:24:12,Lok
ADTC1_adz_raw_20260615_0734,2026-06-15 07:32:46.960,2026-06-15 07:32:57.064,"[Timestamp('2026-06-15 07:32:57.064000'), Timestamp('2026-06-15 07:32:57.514000'), Timestamp('2026-06-15 07:32:57.948000'), Timestamp('2026-06-15 07:32:58.393000'), Timestamp('2026-06-15 07:32:58.737000'), Timestamp('2026-06-15 07:32:59.185000'), Timestamp('2026-06-15 07:32:59.538000'), Timestamp('2026-06-15 07:32:59.618000'), Timestamp('2026-06-15 07:33:00.068000')]","[0.45, 0.434, 0.445, 0.344, 0.448, 0.353, 0.08, 0.45]","[21.803388324778094, 31.33307362466428, 24.718236296662813, -13.750720886725844, 21.6201619666992, 21.382606781084924, 21.733280613309603, 32.577157072834304]","[9.811524746150143, 13.598553953104297, 10.999615152014952, -4.73024798503369, 9.685832561081241, 7.548060193722978, 1.7386624490647682, 14.659720682775436]",63.31172175288013,9.915914317603182,c:\git\RailwAI\VIDEO\20260615\ADTC Rastatt_00_20260615073300.mp4,2026-06-15 07:33:00,Trieb
ADTC1_adz_raw_20260615_0751,2026-06-15 07:50:32.550,2026-06-15 07:50:42.561,"[Timestamp('2026-06-15 07:50:42.561000'), Timestamp('2026-06-15 07:50:42.681000'), Timestamp('2026-06-15 07:50:43.437000'), Timestamp('2026-06-15 07:50:43.559000'), Timestamp('2026-06-15 07:50:43.768000'), Timestamp('2026-06-15 07:50:43.888000'), Timestamp('2026-06-15 07:50:44.667000'), Timestamp('2026-06-15 07:50:44.782000'), Timestamp('2026-06-15 07:50:45.001000'), Timestamp('2026-06-15 07:50:45.114000'), Timestamp('2026-06-15 07:50:45.899000'), Timestamp('2026-06-15 07:50:46.012000'), Timestamp('2026-06-15 07:50:46.223000'), Timestamp('2026-06-15 07:50:46.346000'), Timestamp('2026-06-15 07:50:47.102000'), Timestamp('2026-06-15 07:50:47.223000'), Timestamp('2026-06-15 07:50:47.532000'), Timestamp('2026-06-15 07:50:47.656000'), Timestamp('2026-06-15 07:50:48.418000'), Timestamp('2026-06-15 07:50:48.538000'), Timestamp('2026-06-15 07:50:48.751000'), Timestamp('2026-06-15 07:50:48.869000'), Timestamp('2026-06-15 07:50:49.648000'), Timestamp('2026-06-15 07:50:49.767000'), Timestamp('2026-06-15 07:50:49.983000'), Timestamp('2026-06-15 07:50:50.105000'), Timestamp('2026-06-15 07:50:50.888000'), Timestamp('2026-06-15 07:50:51.003000'), Timestamp('2026-06-15 07:50:51.218000'), Timestamp('2026-06-15 07:50:51.338000'), Timestamp('2026-06-15 07:50:52.100000'), Timestamp('2026-06-15 07:50:52.220000')]","[0.12, 0.756, 0.122, 0.209, 0.12, 0.779, 0.115, 0.219, 0.113, 0.785, 0.113, 0.211, 0.123, 0.756, 0.121, 0.309, 0.124, 0.762, 0.12, 0.213, 0.118, 0.779, 0.119, 0.216, 0.122, 0.783, 0.115, 0.215, 0.12, 0.762, 0.12]","[21.19849440854103, 20.8455642530985, 21.056533405528217, 21.128059310562023, 20.97701665529174, 21.15780576519412, 20.91482343859388, 20.906687450333152, 21.011848314421623, 20.83632691509404, 21.08743526450801, 21.05263157894737, 21.118762190190765, 20.98307724142188, 20.979020979020984, 20.725691205952707, 20.903939738667425, 20.72291472411706, 20.947771493646144, 20.97178372426483, 20.998882252433695, 20.83735288442987, 20.808814093750577, 20.487127713276124, 20.364620593612628, 20.692544323692914, 20.945837963250206, 20.53339982965386, 21.03880442384927, 20.46886021368254, 20.74300312485967, 20.588753745813502]","[2.5438193290249234, 15.759246575342468, 2.5688970754744425, 4.415764395907463, 2.5172419986350087, 16.48193069108622, 2.4052046954382966, 4.57856455162296, 2.3743388595296437, 16.356516628348825, 2.3828801848894052, 4.442105263157895, 2.597607749393464, 15.863206394514943, 2.5384615384615388, 6.404238582639386, 2.5920885275947607, 15.7908610197772, 2.513732579237537, 4.466989933268409, 2.477868105787176, 16.23229789697087, 2.4762488771563187, 4.425219586067643, 2.4844837124207406, 16.202262205451554, 2.4087713657737737, 4.41468096337558, 2.5246565308619124, 15.597271482826095, 2.48916037498316]",201.32661767501955,9.903369409680536,c:\git\RailwAI\VIDEO\20260615\ADTC Rastatt_00_20260615075042.mp4,2026-06-15 07:50:42,Trieb
ADTC1_adz_raw_20260615_0755,2026-06-15 07:54:21.843,2026-06-15 07:54:31.918,"[Timestamp('2026-06-15 07:54:31.918000'), Timestamp('2026-06-15 07:54:32.027000'), Timestamp('2026-06-15 07:54:32.707000'), Timestamp('2026-06-15 07:54:32.821000'), Timestamp('2026-06-15 07:54:33.045000'), Timestamp('2026-06-15 07:54:33.155000'), Timestamp('2026-06-15 07:54:33.831000'), Timestamp('2026-06-15 07:54:33.940000'), Timestamp('2026-06-15 07:54:34.171000'), Timestamp('2026-06-15 07:54:34.280000'), Timestamp('2026-06-15 07:54:34.959000'), Timestamp('2026-06-15 07:54:35.074000'), Timestamp('2026-06-15 07:54:35.292000'), Timestamp('2026-06-15 07:54:35.407000'), Timestamp('2026-06-15 07:54:36.083000'), Timestamp('2026-06-15 07:54:36.198000'), Timestamp('2026-06-15 07:54:36.420000'), Timestamp('2026-06-15 07:54:36.535000'), Timestamp('2026-06-15 07:54:37.211000'), Timestamp('2026-06-15 07:54:37.328000'), Timestamp('2026-06-15 07:54:37.548000'), Timestamp('2026-06-15 07:54:37.664000'), Timestamp('2026-06-15 07:54:38.343000'), Timestamp('2026-06-15 07:54:38.453000'), Timestamp('2026-06-15 07:54:38.676000'), Timestamp('2026-06-15 07:54:38.789000'), Timestamp('2026-06-15 07:54:39.469000'), Timestamp('2026-06-15 07:54:39.581000'), Timestamp('2026-06-15 07:54:39.803000'), Timestamp('2026-06-15 07:54:39.919000'), Timestamp('2026-06-15 07:54:40.598000'), Timestamp('2026-06-15 07:54:40.711000')]","[0.109, 0.68, 0.114, 0.224, 0.11, 0.676, 0.109, 0.231, 0.109, 0.679, 0.115, 0.218, 0.115, 0.676, 0.115, 0.222, 0.115, 0.676, 0.117, 0.22, 0.116, 0.679, 0.11, 0.223, 0.113, 0.68, 0.112, 0.222, 0.116, 0.679, 0.113]","[21.978916226142324, 21.699890127138595, 22.299303414411323, 22.296868387642828, 22.550108423276033, 20.833333333333336, 22.42673843592435, 21.426036451988274, 21.48846337425256, 22.172827172827176, 21.357695456776874, 22.42538393769768, 21.58945015006195, 21.897810218978098, 21.82385365190458, 21.503055767761648, 21.352150335166076, 21.625061693118944, 21.503055767761648, 22.05731920272509, 21.62169181622211, 21.97796856666578, 22.33909926757051, 21.546209149255397, 21.761959134088897, 21.70129838535911, 22.44361467550386, 22.083577738672922, 21.83625756325319, 22.012234341001466, 22.30877310863091, 22.35429359294919]","[2.3957018686495135, 14.755925286454245, 2.542120589242891, 4.9944985188319935, 2.4805119265603635, 14.083333333333336, 2.444514489515754, 4.949414420409291, 2.342242507793529, 15.055349650349655, 2.4561349775293406, 4.888733698418094, 2.4827867672571244, 14.802919708029195, 2.509743169969027, 4.773678380443086, 2.4554972885440987, 14.618541704548408, 2.515857524828113, 4.85261022459952, 2.508116250681765, 14.923040656766066, 2.457300919432756, 4.804804640283954, 2.4591013821520455, 14.756882902044195, 2.5136848436564323, 4.902554257985389, 2.5330058773373705, 14.946307117539996, 2.520891361275293]",191.7258062444618,9.95666611059476,c:\git\RailwAI\VIDEO\20260615\ADTC Rastatt_00_20260615075432.mp4,2026-06-15 07:54:32,Trieb
ADTC1_adz_raw_20260615_0806,2026-06-15 08:05:14.147,2026-06-15 08:05:24.160,"[Timestamp('2026-06-15 08:05:24.160000'), Timestamp('2026-06-15 08:05:24.692000'), Timestamp('2026-06-15 08:05:25.127000'), Timestamp('2026-06-15 08:05:25.573000'), Timestamp('2026-06-15 08:05:25.914000'), Timestamp('2026-06-15 08:05:26.375000'), Timestamp('2026-06-15 08:05:26.801000'), Timestamp('2026-06-15 08:05:27.247000')]","[0.532, 0.435, 0.446, 0.341, 0.461, 0.426, 0.446]","[21.074196342862493, 18.050884784789716, 25.74973031283711, 21.63024241675927, 21.912641134609096, 25.763085032180967, 22.087266701765987, 22.956042518535398]","[11.211472454402847, 7.8521348813835266, 11.48437971952535, 7.375912664114911, 10.101727563054794, 10.975074223709091, 9.85092094898763]",68.85162245517816,9.903320238799806,c:\git\RailwAI\VIDEO\20260615\ADTC Rastatt_00_20260615080524.mp4,2026-06-15 08:05:24,Trieb
ADTC1_adz_raw_20260615_0817,2026-06-15 08:16:10.086,2026-06-15 08:16:20.239,"[Timestamp('2026-06-15 08:16:20.239000'), Timestamp('2026-06-15 08:16:20.344000'), Timestamp('2026-06-15 08:16:21.125000'), Timestamp('2026-06-15 08:16:21.229000'), Timestamp('2026-06-15 08:16:21.549000'), Timestamp('2026-06-15 08:16:21.649000'), Timestamp('2026-06-15 08:16:22.435000'), Timestamp('2026-06-15 08:16:22.539000'), Timestamp('2026-06-15 08:16:22.849000'), Timestamp('2026-06-15 08:16:22.965000'), Timestamp('2026-06-15 08:16:23.741000'), Timestamp('2026-06-15 08:16:23.852000'), Timestamp('2026-06-15 08:16:24.166000'), Timestamp('2026-06-15 08:16:24.269000'), Timestamp('2026-06-15 08:16:25.055000'), Timestamp('2026-06-15 08:16:25.159000'), Timestamp('2026-06-15 08:16:25.470000'), Timestamp('2026-06-15 08:16:25.589000'), Timestamp('2026-06-15 08:16:26.359000'), Timestamp('2026-06-15 08:16:26.479000'), Timestamp('2026-06-15 08:16:26.791000'), Timestamp('2026-06-15 08:16:26.891000'), Timestamp('2026-06-15 08:16:27.675000'), Timestamp('2026-06-15 08:16:27.779000'), Timestamp('2026-06-15 08:16:28.094000'), Timestamp('2026-06-15 08:16:28.209000'), Timestamp('2026-06-15 08:16:28.985000'), Timestamp('2026-06-15 08:16:29.097000'), Timestamp('2026-06-15 08:16:29.406000'), Timestamp('2026-06-15 08:16:29.521000'), Timestamp('2026-06-15 08:16:30.293000'), Timestamp('2026-06-15 08:16:30.409000'), Timestamp('2026-06-15 08:16:30.722000'), Timestamp('2026-06-15 08:16:30.825000'), Timestamp('2026-06-15 08:16:31.609000'), Timestamp('2026-06-15 08:16:31.714000'), Timestamp('2026-06-15 08:16:32.027000'), Timestamp('2026-06-15 08:16:32.143000'), Timestamp('2026-06-15 08:16:32.914000'), Timestamp('2026-06-15 08:16:33.032000'), Timestamp('2026-06-15 08:16:33.336000'), Timestamp('2026-06-15 08:16:33.456000'), Timestamp('2026-06-15 08:16:34.231000'), Timestamp('2026-06-15 08:16:34.351000'), Timestamp('2026-06-15 08:16:34.662000'), Timestamp('2026-06-15 08:16:34.766000'), Timestamp('2026-06-15 08:16:35.546000'), Timestamp('2026-06-15 08:16:35.652000')]","[0.105, 0.781, 0.104, 0.32, 0.1, 0.786, 0.104, 0.31, 0.116, 0.776, 0.111, 0.314, 0.103, 0.786, 0.104, 0.311, 0.119, 0.77, 0.12, 0.312, 0.1, 0.784, 0.104, 0.315, 0.115, 0.776, 0.112, 0.309, 0.115, 0.772, 0.116, 0.313, 0.103, 0.784, 0.105, 0.313, 0.116, 0.771, 0.118, 0.304, 0.12, 0.775, 0.12, 0.311, 0.104, 0.78, 0.106]","[21.576924433160542, 21.715796638567465, 22.17055874483726, 21.8958185558861, 22.017262285665986, 21.817896434126222, 21.66177908113392, 21.37684013947856, 21.583850931677016, 21.5554260805766, 22.084050581218932, 21.56377130998201, 21.310847425955338, 20.871964820283274, 21.902946943003265, 21.600313352518864, 22.24134389058343, 21.794736564527188, 21.04963558405837, 21.68859793293635, 21.552953014506528, 21.19120267756167, 21.530169708349973, 21.567717996289424, 21.72003041311143, 21.27763603350497, 21.829700075921167, 21.645751956293232, 21.680490613031324, 21.841261817883677, 21.9138657138967, 21.826649502709884, 20.84940518191717, 21.421229163138776, 21.919723119286914, 21.81109959788199, 21.79520926559621, 21.540629299249986, 20.94018325361609, 21.230221000401244, 21.083742272640368, 21.53890646108545, 21.378409018858452, 22.32752232752233, 21.616764691446896, 21.616354128756676, 21.87183266279836, 21.004403291672773]","[2.2655770654818568, 16.96003717472119, 2.305738109463075, 7.0066619378835515, 2.201726228566599, 17.14886659722321, 2.2528250244379273, 6.626820443238354, 2.503726708074534, 16.727010638527442, 2.4513296145153016, 6.771024191334351, 2.1950172848733995, 16.405364348742655, 2.2779064820723396, 6.717697452633367, 2.646719922979428, 16.781947154685934, 2.5259562700870046, 6.766842555076141, 2.155295301450653, 16.613902899208348, 2.2391376496683972, 6.7938311688311686, 2.4978034975078147, 16.511445561999857, 2.4449264085031706, 6.688537354494609, 2.4932564204986023, 16.861454123406197, 2.5420084228120174, 6.831741294348194, 2.1474887337374686, 16.7942436639008, 2.301570927525126, 6.826874174137063, 2.5282442748091603, 16.60782518972174, 2.4709416239266986, 6.453987184121978, 2.530049072716844, 16.692652507341226, 2.565409082263014, 6.943859443859445, 2.248143527910477, 16.860756220430208, 2.3184142622566264]",332.50259519600445,10.023464877655934,c:\git\RailwAI\VIDEO\20260615\ADTC Rastatt_00_20260615081620.mp4,2026-06-15 08:16:20,Trieb
ADTC1_adz_raw_20260615_0825,2026-06-15 08:24:28.307,2026-06-15 08:24:38.404,"[Timestamp('2026-06-15 08:24:38.404000'), Timestamp('2026-06-15 08:24:38.515000'), Timestamp('2026-06-15 08:24:39.184000'), Timestamp('2026-06-15 08:24:39.292000'), Timestamp('2026-06-15 08:24:39.518000'), Timestamp('2026-06-15 08:24:39.626000'), Timestamp('2026-06-15 08:24:40.291000'), Timestamp('2026-06-15 08:24:40.409000'), Timestamp('2026-06-15 08:24:40.627000'), Timestamp('2026-06-15 08:24:40.737000'), Timestamp('2026-06-15 08:24:41.412000'), Timestamp('2026-06-15 08:24:41.521000'), Timestamp('2026-06-15 08:24:41.742000'), Timestamp('2026-06-15 08:24:41.855000'), Timestamp('2026-06-15 08:24:42.525000'), Timestamp('2026-06-15 08:24:42.634000'), Timestamp('2026-06-15 08:24:42.851000'), Timestamp('2026-06-15 08:24:42.967000'), Timestamp('2026-06-15 08:24:43.637000'), Timestamp('2026-06-15 08:24:43.748000'), Timestamp('2026-06-15 08:24:43.971000'), Timestamp('2026-06-15 08:24:44.080000'), Timestamp('2026-06-15 08:24:44.749000'), Timestamp('2026-06-15 08:24:44.863000'), Timestamp('2026-06-15 08:24:45.082000'), Timestamp('2026-06-15 08:24:45.191000'), Timestamp('2026-06-15 08:24:45.863000'), Timestamp('2026-06-15 08:24:45.975000'), Timestamp('2026-06-15 08:24:46.201000'), Timestamp('2026-06-15 08:24:46.307000'), Timestamp('2026-06-15 08:24:46.976000'), Timestamp('2026-06-15 08:24:47.089000')]","[0.111, 0.669, 0.108, 0.226, 0.108, 0.665, 0.118, 0.218, 0.11, 0.675, 0.109, 0.221, 0.113, 0.67, 0.109, 0.217, 0.116, 0.67, 0.111, 0.223, 0.109, 0.669, 0.114, 0.219, 0.109, 0.672, 0.112, 0.226, 0.106, 0.669, 0.113]","[23.16951319974905, 22.988505747126435, 22.107273500128713, 21.11083334104916, 22.81368821292775, 22.26773884587756, 21.668011698292325, 22.757178872286786, 22.254459488502043, 21.86255238481374, 22.715653932889396, 21.741345767841153, 22.278866480420348, 21.73766362286897, 21.948951041784095, 22.31399342706763, 21.975790765847087, 21.872963199838814, 22.512245973879004, 22.327023019064537, 22.740726765494564, 23.304624715030485, 21.921434047679895, 21.761331038439472, 22.221590858113544, 21.954549336463206, 22.35565313284822, 22.212140732033156, 23.03216062544421, 22.1860551114693, 21.979084548679545, 22.346445006725034]","[2.571815965172145, 15.379310344827585, 2.387585538013901, 4.7710483350771105, 2.463878326996197, 14.808046332508578, 2.5568253803984944, 4.961064994158519, 2.4479905437352247, 14.757222859749275, 2.476006278684944, 4.804837414692895, 2.517511912287499, 14.56423462732221, 2.3924356635544664, 4.842136573673676, 2.549191728838262, 14.654885343892007, 2.4988593031005695, 4.978926133251392, 2.4787392174389073, 15.590793934355396, 2.4990434814355083, 4.765731497418244, 2.4221534035343764, 14.753457154103275, 2.503833150879001, 5.019943805439493, 2.441409026297086, 14.842470869572963, 2.4836365540007885]",193.18502569441,9.989642944740194,c:\git\RailwAI\VIDEO\20260615\ADTC Rastatt_00_20260615082438.mp4,2026-06-15 08:24:38,Trieb
ADTC1_adz_raw_20260615_0830,2026-06-15 08:29:17.424,2026-06-15 08:29:27.476,"[Timestamp('2026-06-15 08:29:27.476000'), Timestamp('2026-06-15 08:29:27.584000'), Timestamp('2026-06-15 08:29:27.931000'), Timestamp('2026-06-15 08:29:28.049000'), Timestamp('2026-06-15 08:29:28.280000'), Timestamp('2026-06-15 08:29:28.391000'), Timestamp('2026-06-15 08:29:29.177000'), Timestamp('2026-06-15 08:29:29.287000'), Timestamp('2026-06-15 08:29:29.475000'), Timestamp('2026-06-15 08:29:29.585000'), Timestamp('2026-06-15 08:29:30.370000'), Timestamp('2026-06-15 08:29:30.476000'), Timestamp('2026-06-15 08:29:30.665000'), Timestamp('2026-06-15 08:29:30.779000'), Timestamp('2026-06-15 08:29:31.555000'), Timestamp('2026-06-15 08:29:31.672000'), Timestamp('2026-06-15 08:29:31.860000'), Timestamp('2026-06-15 08:29:31.973000'), Timestamp('2026-06-15 08:29:32.754000'), Timestamp('2026-06-15 08:29:32.866000')]","[0.108, 0.347, 0.118, 0.231, 0.111, 0.786, 0.11, 0.188, 0.11, 0.785, 0.106, 0.189, 0.114, 0.776, 0.117, 0.188, 0.113, 0.781, 0.112]","[23.56113336149634, 22.70165811058004, 22.1900376300009, 22.01721681004258, 22.700217875062915, 23.190525949146632, 22.63586560492358, 24.313072203602196, 22.60606713565477, 22.635730869541355, 23.61682435211847, 22.18603949947233, 22.22703990947643, 22.304832713754646, 21.693754150501555, 22.077599659526168, 22.27136462864384, 21.899202567322163, 22.04227249290671, 21.313752669684874]","[2.5446024030416043, 7.877475364371274, 2.6184244403401062, 5.085977083119836, 2.5197241841319835, 18.227753396029254, 2.489945216541594, 4.570857574277213, 2.4866673849220247, 17.769048732589965, 2.5033833813245576, 4.19316146540027, 2.5338825496803135, 17.308550185873607, 2.5381692356086822, 4.15058873599092, 2.516664203036754, 17.10327720507861, 2.468734519205552]",121.5068872605641,9.94078821285262,c:\git\RailwAI\VIDEO\20260615\ADTC Rastatt_00_20260615082927.mp4,2026-06-15 08:29:27,Lok
ADTC1_adz_raw_20260615_0907,2026-06-15 09:06:05.014,2026-06-15 09:06:15.125,"[Timestamp('2026-06-15 09:06:15.125000'), Timestamp('2026-06-15 09:06:15.575000'), Timestamp('2026-06-15 09:06:16.014000'), Timestamp('2026-06-15 09:06:16.468000'), Timestamp('2026-06-15 09:06:16.807000'), Timestamp('2026-06-15 09:06:17.256000'), Timestamp('2026-06-15 09:06:17.693000'), Timestamp('2026-06-15 09:06:18.147000')]","[0.45, 0.439, 0.454, 0.339, 0.449, 0.437, 0.454]","[22.15500327011118, 38.67957137919115, 17.003180013085224, 9.549244398124024, 22.26414055185328, 22.06001622060016, 19.519953730480047, 15.207684745207274, 21.54961182326997]","[9.969751471550031, 16.980331835464916, 7.719443725940692, 3.2371938509640446, 9.996599107782123, 9.64022708840227, 8.862058993637941]",66.40560607374202,9.930509277512993,c:\git\RailwAI\VIDEO\20260615\ADTC Rastatt_00_20260615090615.mp4,2026-06-15 09:06:15,Trieb
ADTC1_adz_raw_20260615_0917,2026-06-15 09:10:51.981,2026-06-15 09:11:02.002,"[Timestamp('2026-06-15 09:11:02.002000'), Timestamp('2026-06-15 09:11:02.136000'), Timestamp('2026-06-15 09:11:02.434000'), Timestamp('2026-06-15 09:11:02.571000'), Timestamp('2026-06-15 09:11:02.805000'), Timestamp('2026-06-15 09:11:02.880000'), Timestamp('2026-06-15 09:11:03.519000'), Timestamp('2026-06-15 09:11:03.770000'), Timestamp('2026-06-15 09:11:04.335000'), Timestamp('2026-06-15 09:11:04.412000'), Timestamp('2026-06-15 09:11:04.665000'), Timestamp('2026-06-15 09:11:05.304000'), Timestamp('2026-06-15 09:11:05.489000'), Timestamp('2026-06-15 09:11:05.570000'), Timestamp('2026-06-15 09:11:06.209000'), Timestamp('2026-06-15 09:11:06.848000'), Timestamp('2026-06-15 09:11:07.031000'), Timestamp('2026-06-15 09:11:07.108000'), Timestamp('2026-06-15 09:11:07.682000'), Timestamp('2026-06-15 09:11:07.757000'), Timestamp('2026-06-15 09:11:08.009000'), Timestamp('2026-06-15 09:11:08.653000'), Timestamp('2026-06-15 09:11:09.290000'), Timestamp('2026-06-15 09:11:09.523000'), Timestamp('2026-06-15 09:11:09.597000'), Timestamp('2026-06-15 09:11:10.250000'), Timestamp('2026-06-15 09:11:10.325000'), Timestamp('2026-06-15 09:11:10.632000'), Timestamp('2026-06-15 09:11:11.202000'), Timestamp('2026-06-15 09:11:11.280000'), Timestamp('2026-06-15 09:11:11.454000'), Timestamp('2026-06-15 09:11:11.527000'), Timestamp('2026-06-15 09:11:12.129000'), Timestamp('2026-06-15 09:11:12.256000'), Timestamp('2026-06-15 09:11:12.334000'), Timestamp('2026-06-15 09:11:13.173000'), Timestamp('2026-06-15 09:11:13.684000'), Timestamp('2026-06-15 09:11:13.759000'), Timestamp('2026-06-15 09:11:13.983000'), Timestamp('2026-06-15 09:11:14.750000'), Timestamp('2026-06-15 09:11:14.825000'), Timestamp('2026-06-15 09:11:15.427000'), Timestamp('2026-06-15 09:11:15.625000'), Timestamp('2026-06-15 09:11:16.227000'), Timestamp('2026-06-15 09:11:16.414000'), Timestamp('2026-06-15 09:11:18.203000'), Timestamp('2026-06-15 09:11:18.279000'), Timestamp('2026-06-15 09:11:18.856000'), Timestamp('2026-06-15 09:11:18.930000'), Timestamp('2026-06-15 09:11:19.112000'), Timestamp('2026-06-15 09:11:19.186000'), Timestamp('2026-06-15 09:11:19.753000'), Timestamp('2026-06-15 09:11:19.827000'), Timestamp('2026-06-15 09:11:20.730000'), Timestamp('2026-06-15 09:11:21.296000'), Timestamp('2026-06-15 09:11:21.369000'), Timestamp('2026-06-15 09:11:21.550000'), Timestamp('2026-06-15 09:11:21.627000'), Timestamp('2026-06-15 09:11:22.263000'), Timestamp('2026-06-15 09:11:23.184000'), Timestamp('2026-06-15 09:11:23.259000'), Timestamp('2026-06-15 09:11:23.783000'), Timestamp('2026-06-15 09:11:24.585000'), Timestamp('2026-06-15 09:11:24.660000'), Timestamp('2026-06-15 09:11:24.841000'), Timestamp('2026-06-15 09:11:24.914000'), Timestamp('2026-06-15 09:11:25.558000'), Timestamp('2026-06-15 09:11:26.122000'), Timestamp('2026-06-15 09:11:26.197000'), Timestamp('2026-06-15 09:11:26.380000'), Timestamp('2026-06-15 09:11:26.457000'), Timestamp('2026-06-15 09:11:27.097000'), Timestamp('2026-06-15 09:11:27.999000'), Timestamp('2026-06-15 09:11:29.082000'), Timestamp('2026-06-15 09:11:29.157000'), Timestamp('2026-06-15 09:11:29.734000'), Timestamp('2026-06-15 09:11:29.808000'), Timestamp('2026-06-15 09:11:29.982000'), Timestamp('2026-06-15 09:11:30.059000'), Timestamp('2026-06-15 09:11:30.714000'), Timestamp('2026-06-15 09:11:30.877000'), Timestamp('2026-06-15 09:11:30.956000'), Timestamp('2026-06-15 09:11:31.507000')]","[0.134, 0.298, 0.137, 0.234, 0.075, 0.639, 0.251, 0.565, 0.077, 0.253, 0.639, 0.185, 0.081, 0.639, 0.639, 0.183, 0.077, 0.574, 0.075, 0.252, 0.644, 0.637, 0.233, 0.074, 0.653, 0.075, 0.307, 0.57, 0.078, 0.174, 0.073, 0.602, 0.127, 0.078, 0.839, 0.511, 0.075, 0.224, 0.767, 0.075, 0.602, 0.198, 0.602, 0.187, 1.7890000000000001, 0.076, 0.577, 0.074, 0.182, 0.074, 0.567, 0.074, 0.903, 0.566, 0.073, 0.181, 0.077, 0.636, 0.921, 0.075, 0.524, 0.802, 0.075, 0.181, 0.073, 0.644, 0.564, 0.075, 0.183, 0.077, 0.64, 0.902, 1.083, 0.075, 0.577, 0.074, 0.174, 0.077, 0.655, 0.163, 0.079, 0.551]","[nan, nan, nan, nan, nan, nan, nan, nan, nan, nan, nan, nan, nan, nan, nan, nan, nan, nan, nan, nan, nan, nan, nan, nan, nan, nan, nan, nan, nan, nan, nan, nan, nan, nan, nan, nan, nan, nan, nan, nan, nan, nan, nan, nan, nan, nan, nan, nan, nan, nan, nan, nan, nan, nan, nan, nan, nan, nan, nan, nan, nan, nan, nan, nan, nan, nan, nan, nan, nan, nan, nan, nan, nan, nan, nan, nan, nan, nan, nan, nan, nan, nan, nan, nan, nan, nan, nan, nan, nan, nan, nan, nan]","[nan, nan, nan, nan, nan, nan, nan, nan, nan, nan, nan, nan, nan, nan, nan, nan, nan, nan, nan, nan, nan, nan, nan, nan, nan, nan, nan, nan, nan, nan, nan, nan, nan, nan, nan, nan, nan, nan, nan, nan, nan, nan, nan, nan, nan, nan, nan, nan, nan, nan, nan, nan, nan, nan, nan, nan, nan, nan, nan, nan, nan, nan, nan, nan, nan, nan, nan, nan, nan, nan, nan, nan, nan, nan, nan, nan, nan, nan, nan, nan, nan, nan]",,9.916683964170828,c:\git\RailwAI\VIDEO\20260615\ADTC Rastatt_00_20260615091103.mp4,2026-06-15 09:11:03,Lok
ADTC1_adz_raw_20260615_0926,2026-06-15 09:24:50.582,2026-06-15 09:25:00.689,"[Timestamp('2026-06-15 09:25:00.689000'), Timestamp('2026-06-15 09:25:00.809000'), Timestamp('2026-06-15 09:25:01.442000'), Timestamp('2026-06-15 09:25:01.568000'), Timestamp('2026-06-15 09:25:02.240000'), Timestamp('2026-06-15 09:25:02.359000'), Timestamp('2026-06-15 09:25:03.031000'), Timestamp('2026-06-15 09:25:03.153000'), Timestamp('2026-06-15 09:25:03.827000'), Timestamp('2026-06-15 09:25:03.945000'), Timestamp('2026-06-15 09:25:04.615000'), Timestamp('2026-06-15 09:25:04.741000'), Timestamp('2026-06-15 09:25:05.410000'), Timestamp('2026-06-15 09:25:05.532000'), Timestamp('2026-06-15 09:25:06.205000'), Timestamp('2026-06-15 09:25:06.325000'), Timestamp('2026-06-15 09:25:06.996000'), Timestamp('2026-06-15 09:25:07.118000'), Timestamp('2026-06-15 09:25:07.789000'), Timestamp('2026-06-15 09:25:07.915000'), Timestamp('2026-06-15 09:25:08.586000'), Timestamp('2026-06-15 09:25:08.706000'), Timestamp('2026-06-15 09:25:09.344000'), Timestamp('2026-06-15 09:25:09.463000')]","[0.12, 0.633, 0.126, 0.672, 0.119, 0.672, 0.122, 0.674, 0.118, 0.67, 0.126, 0.669, 0.122, 0.673, 0.12, 0.671, 0.122, 0.671, 0.126, 0.671, 0.12, 0.638, 0.119]","[21.819611908061614, 21.933398345353744, 21.581309927396838, 21.7394158188382, 22.413522809177582, 21.111148899507427, 21.77865612648221, 22.016489702248215, 22.4234129134964, 22.053107173506994, 21.751917126983948, 22.360174039997567, 21.73732450917952, 22.201117075609062, 22.66061917879336, 22.45245643058932, 21.998647778053485, 22.205300061287005, 21.80451127819549, 21.930290410039973, 22.565296738718242, 21.536692853036982, 22.57526512985308, 21.991325017766556]","[2.6183534289673935, 13.88384115260892, 2.7192450508520016, 14.608887430259271, 2.667209214292132, 14.186692060468992, 2.65699604743083, 14.839114059315298, 2.645962723792575, 14.775581806249686, 2.740741557999977, 14.958956432758374, 2.651953590119901, 14.9413517918849, 2.7192743014552034, 15.065598264925434, 2.683835028922525, 14.899756341123581, 2.747368421052632, 14.715224865136824, 2.7078356086461888, 13.740410040237595, 2.686456550452516]",192.86064576895276,10.000595923880656,c:\git\RailwAI\VIDEO\20260615\ADTC Rastatt_00_20260615092500.mp4,2026-06-15 09:25:00,Trieb
ADTC1_adz_raw_20260615_0930,2026-06-15 09:29:22.112,2026-06-15 09:29:32.159,"[Timestamp('2026-06-15 09:29:32.159000'), Timestamp('2026-06-15 09:29:32.274000'), Timestamp('2026-06-15 09:29:32.630000'), Timestamp('2026-06-15 09:29:32.746000'), Timestamp('2026-06-15 09:29:32.988000'), Timestamp('2026-06-15 09:29:33.094000'), Timestamp('2026-06-15 09:29:33.902000'), Timestamp('2026-06-15 09:29:34.017000'), Timestamp('2026-06-15 09:29:34.213000'), Timestamp('2026-06-15 09:29:34.324000'), Timestamp('2026-06-15 09:29:35.129000'), Timestamp('2026-06-15 09:29:35.251000'), Timestamp('2026-06-15 09:29:35.441000'), Timestamp('2026-06-15 09:29:35.553000'), Timestamp('2026-06-15 09:29:36.360000'), Timestamp('2026-06-15 09:29:36.477000'), Timestamp('2026-06-15 09:29:36.676000'), Timestamp('2026-06-15 09:29:36.784000'), Timestamp('2026-06-15 09:29:37.597000'), Timestamp('2026-06-15 09:29:37.707000')]","[0.115, 0.356, 0.116, 0.242, 0.106, 0.808, 0.115, 0.196, 0.111, 0.805, 0.122, 0.19, 0.112, 0.807, 0.117, 0.199, 0.108, 0.813, 0.11]","[21.851086971486787, 21.038550886449787, 21.739130434782606, 20.958359049782665, 21.700457815565727, 20.424512269383616, 20.971481060274694, 21.67752620267672, 21.40845656576867, 21.04532839962998, 21.318787600787147, 22.072381428066016, 21.859681088322283, 21.117072068855954, 21.085368539202634, 20.751489585478993, 22.002138345811545, 21.268319614535237, 21.588225002187034, 20.93973806404422]","[2.5128750017209804, 7.489724115576124, 2.5217391304347823, 5.0719228900474045, 2.300248528449967, 16.503005913661962, 2.41172032193159, 4.248795135724637, 2.3763386788003222, 16.941489361702136, 2.6008920872960317, 4.193752471332544, 2.4482842818920956, 17.041477159566757, 2.4669881190867082, 4.12954642751032, 2.376230941347647, 17.291143846617146, 2.3747047502405736]",117.30087916293972,9.932271838334398,c:\git\RailwAI\VIDEO\20260615\ADTC Rastatt_00_20260615092932.mp4,2026-06-15 09:29:32,Lok
ADTC1_adz_raw_20260615_1004,2026-06-15 10:02:44.006,2026-06-15 10:02:54.052,"[Timestamp('2026-06-15 10:02:54.052000'), Timestamp('2026-06-15 10:02:54.155000'), Timestamp('2026-06-15 10:02:54.946000'), Timestamp('2026-06-15 10:02:55.053000'), Timestamp('2026-06-15 10:02:55.370000'), Timestamp('2026-06-15 10:02:55.474000'), Timestamp('2026-06-15 10:02:56.261000'), Timestamp('2026-06-15 10:02:56.368000'), Timestamp('2026-06-15 10:02:56.682000'), Timestamp('2026-06-15 10:02:56.801000'), Timestamp('2026-06-15 10:02:57.577000'), Timestamp('2026-06-15 10:02:57.695000'), Timestamp('2026-06-15 10:02:58.008000'), Timestamp('2026-06-15 10:02:58.114000'), Timestamp('2026-06-15 10:02:58.904000'), Timestamp('2026-06-15 10:02:59.010000'), Timestamp('2026-06-15 10:02:59.321000'), Timestamp('2026-06-15 10:02:59.442000'), Timestamp('2026-06-15 10:03:00.218000'), Timestamp('2026-06-15 10:03:00.337000'), Timestamp('2026-06-15 10:03:00.652000'), Timestamp('2026-06-15 10:03:00.753000'), Timestamp('2026-06-15 10:03:01.543000'), Timestamp('2026-06-15 10:03:01.648000'), Timestamp('2026-06-15 10:03:01.965000'), Timestamp('2026-06-15 10:03:02.079000'), Timestamp('2026-06-15 10:03:02.853000'), Timestamp('2026-06-15 10:03:02.972000'), Timestamp('2026-06-15 10:03:03.283000'), Timestamp('2026-06-15 10:03:03.399000'), Timestamp('2026-06-15 10:03:04.171000'), Timestamp('2026-06-15 10:03:04.290000'), Timestamp('2026-06-15 10:03:04.606000'), Timestamp('2026-06-15 10:03:04.711000'), Timestamp('2026-06-15 10:03:05.498000'), Timestamp('2026-06-15 10:03:05.604000'), Timestamp('2026-06-15 10:03:05.911000'), Timestamp('2026-06-15 10:03:06.031000'), Timestamp('2026-06-15 10:03:06.808000'), Timestamp('2026-06-15 10:03:06.922000'), Timestamp('2026-06-15 10:03:07.226000'), Timestamp('2026-06-15 10:03:07.345000'), Timestamp('2026-06-15 10:03:08.123000'), Timestamp('2026-06-15 10:03:08.239000'), Timestamp('2026-06-15 10:03:08.543000'), Timestamp('2026-06-15 10:03:08.659000'), Timestamp('2026-06-15 10:03:09.441000'), Timestamp('2026-06-15 10:03:09.553000'), Timestamp('2026-06-15 10:03:09.869000'), Timestamp('2026-06-15 10:03:09.972000'), Timestamp('2026-06-15 10:03:10.759000'), Timestamp('2026-06-15 10:03:10.863000')]","[0.103, 0.791, 0.107, 0.317, 0.104, 0.787, 0.107, 0.314, 0.119, 0.776, 0.118, 0.313, 0.106, 0.79, 0.106, 0.311, 0.121, 0.776, 0.119, 0.315, 0.101, 0.79, 0.105, 0.317, 0.114, 0.774, 0.119, 0.311, 0.116, 0.772, 0.119, 0.316, 0.105, 0.787, 0.106, 0.307, 0.12, 0.777, 0.114, 0.304, 0.119, 0.778, 0.116, 0.304, 0.116, 0.782, 0.112, 0.316, 0.103, 0.787, 0.104]","[22.17105421682478, 21.698773008411216, 21.783419919275516, 22.402022202462746, 21.973847705315094, 21.933398345353744, 21.279050165266124, 21.35120801796862, 21.665167572640883, 21.94194648406347, 21.428571428571427, 21.505097075245356, 21.313634432827975, 21.62169181622211, 21.07622456741577, 21.701304772833524, 21.541486352246437, 21.796591514901372, 21.629823582313847, 21.759527022684917, 21.668192023011727, 21.422887265635058, 22.128660684441932, 21.94956120952012, 22.056890477943107, 21.777465667915102, 21.687322851489384, 21.911021160221395, 22.295798806561493, 22.168086702213536, 22.337500313688658, 21.999755426262467, 22.29406130268199, 22.41616142478211, 22.293929693217173, 22.86421494598617, 22.123195203990573, 22.23978456855169, 22.123400174699025, 21.946278550052142, 22.031078210853497, 22.27346736085517, 22.54468463410069, 22.23759953864745, 22.186748770962218, 21.860189160569394, 22.739439043786874, 22.368826730013126, 21.984104982159632, 22.36604344138364, 21.93248327759197, 21.937521937521943]","[2.283618584332952, 17.16372944965327, 2.3308259313624804, 7.101441038180691, 2.2852801613527696, 17.261584497793397, 2.276858367683475, 6.704279317642147, 2.578154941144265, 17.026950471633256, 2.5285714285714285, 6.7310953845517965, 2.2592452498797653, 17.081136534815467, 2.234079804146072, 6.749105784351226, 2.6065198486218186, 16.914155015563466, 2.5739490062953476, 6.854251012145749, 2.1884873943241847, 16.924080939851695, 2.3235093718664026, 6.958010903417878, 2.5144855144855143, 16.85575842696629, 2.5807914193272365, 6.814327580828854, 2.5863126615611334, 17.11376293410885, 2.65816253732895, 6.95192271469894, 2.340876436781609, 17.64151904130352, 2.36315654748102, 7.019313988417754, 2.6547834244788686, 17.280312609764664, 2.522067619915689, 6.671668679215851, 2.6216983070915663, 17.328757606745324, 2.6151834175556803, 6.760230259748825, 2.5736628574316174, 17.094667923565268, 2.54681717290413, 7.068549246684148, 2.264362813162442, 17.602076188368923, 2.280978260869565]",369.2651266299733,9.933393325029844,c:\git\RailwAI\VIDEO\20260615\ADTC Rastatt_00_20260615100254.mp4,2026-06-15 10:02:54,Trieb
ADTC1_adz_raw_20260615_1006,2026-06-15 10:05:20.928,2026-06-15 10:05:31.500,"[Timestamp('2026-06-15 10:05:31.500000'), Timestamp('2026-06-15 10:05:31.841000'), Timestamp('2026-06-15 10:05:31.929000'), Timestamp('2026-06-15 10:05:32.385000'), Timestamp('2026-06-15 10:05:33.201000'), Timestamp('2026-06-15 10:05:33.645000'), Timestamp('2026-06-15 10:05:34.101000')]","[0.341, 0.088, 0.456, 0.816, 0.444, 0.456]","[21.686746987951807, 22.22222222222222, 21.42857142857143, 17.92828685258964, 21.79176755447942, 21.73913043478261, 22.004889975550125, 17.61252446183953, 10.262257696693272]","[7.395180722891567, 1.9555555555555553, 9.771428571428572, 14.629482071713145, 9.675544794188863, 9.913043478260871]",53.34023519403858,9.921435027462978,c:\git\RailwAI\VIDEO\20260615\ADTC Rastatt_00_20260615100531.mp4,2026-06-15 10:05:31,Trieb
ADTC1_adz_raw_20260615_1009,2026-06-15 10:08:23.296,2026-06-15 10:08:33.364,"[Timestamp('2026-06-15 10:08:33.364000'), Timestamp('2026-06-15 10:08:33.504000'), Timestamp('2026-06-15 10:08:33.999000'), Timestamp('2026-06-15 10:08:34.142000'), Timestamp('2026-06-15 10:08:34.291000'), Timestamp('2026-06-15 10:08:34.425000'), Timestamp('2026-06-15 10:08:35.141000'), Timestamp('2026-06-15 10:08:35.282000'), Timestamp('2026-06-15 10:08:35.996000'), Timestamp('2026-06-15 10:08:36.134000'), Timestamp('2026-06-15 10:08:36.853000'), Timestamp('2026-06-15 10:08:36.987000'), Timestamp('2026-06-15 10:08:37.709000'), Timestamp('2026-06-15 10:08:37.840000'), Timestamp('2026-06-15 10:08:38.557000'), Timestamp('2026-06-15 10:08:38.697000'), Timestamp('2026-06-15 10:08:39.424000'), Timestamp('2026-06-15 10:08:39.558000'), Timestamp('2026-06-15 10:08:40.274000'), Timestamp('2026-06-15 10:08:40.413000'), Timestamp('2026-06-15 10:08:41.136000'), Timestamp('2026-06-15 10:08:41.270000'), Timestamp('2026-06-15 10:08:41.420000'), Timestamp('2026-06-15 10:08:41.557000'), Timestamp('2026-06-15 10:08:42.061000'), Timestamp('2026-06-15 10:08:42.208000')]","[0.14, 0.495, 0.143, 0.149, 0.134, 0.716, 0.141, 0.714, 0.138, 0.719, 0.134, 0.722, 0.131, 0.717, 0.14, 0.727, 0.134, 0.716, 0.139, 0.723, 0.134, 0.15, 0.137, 0.504, 0.147]","[21.27659574468085, 22.08638528456064, 21.59172179510102, 21.799726210934093, 22.22356544165055, 21.9154455625916, 21.660643615167587, 21.743421202317084, 21.463903493485084, 22.546304250140786, 21.975720021196054, 21.605886123913606, 22.6555023923445, 21.803452332653748, 22.985430481518854, 21.091020580322805, 22.130760270122764, 20.796581188853946, 20.654995123080234, 21.149827633939235, 22.03403967700416, 21.622548013347775, 21.50537634408602, 21.66511278404743, 20.852086095231666, 22.02435476049356]","[2.9787234042553195, 10.932760715857517, 3.0876162166994456, 3.2481592054291797, 2.977957769181174, 15.691459022815584, 3.0541507497386293, 15.524802738454397, 2.962018682100942, 16.210792755851223, 2.944746482840271, 15.599449781465623, 2.967870813397129, 15.633075322512736, 3.2179602674126397, 15.33317196189468, 2.9655218761964504, 14.890352131219425, 2.8710443221081525, 15.291325379338067, 2.9525613167185574, 3.243382202002166, 2.946236559139785, 10.919216843159905, 3.065256655999055]",191.50961317578808,9.96274523241274,c:\git\RailwAI\VIDEO\20260615\ADTC Rastatt_00_20260615100833.mp4,2026-06-15 10:08:33,Trieb
ADTC1_adz_raw_20260615_1023,2026-06-15 10:22:20.083,2026-06-15 10:22:30.149,"[Timestamp('2026-06-15 10:22:30.149000'), Timestamp('2026-06-15 10:22:30.254000'), Timestamp('2026-06-15 10:22:31.037000'), Timestamp('2026-06-15 10:22:31.137000'), Timestamp('2026-06-15 10:22:31.449000'), Timestamp('2026-06-15 10:22:31.569000'), Timestamp('2026-06-15 10:22:32.336000'), Timestamp('2026-06-15 10:22:32.450000'), Timestamp('2026-06-15 10:22:32.758000'), Timestamp('2026-06-15 10:22:32.869000'), Timestamp('2026-06-15 10:22:33.641000'), Timestamp('2026-06-15 10:22:33.760000'), Timestamp('2026-06-15 10:22:34.070000'), Timestamp('2026-06-15 10:22:34.174000'), Timestamp('2026-06-15 10:22:34.962000'), Timestamp('2026-06-15 10:22:35.064000'), Timestamp('2026-06-15 10:22:35.376000'), Timestamp('2026-06-15 10:22:35.489000'), Timestamp('2026-06-15 10:22:36.265000'), Timestamp('2026-06-15 10:22:36.379000'), Timestamp('2026-06-15 10:22:36.684000'), Timestamp('2026-06-15 10:22:36.801000'), Timestamp('2026-06-15 10:22:37.577000'), Timestamp('2026-06-15 10:22:37.694000'), Timestamp('2026-06-15 10:22:38.003000'), Timestamp('2026-06-15 10:22:38.106000'), Timestamp('2026-06-15 10:22:38.891000'), Timestamp('2026-06-15 10:22:38.995000'), Timestamp('2026-06-15 10:22:39.309000'), Timestamp('2026-06-15 10:22:39.424000'), Timestamp('2026-06-15 10:22:40.201000'), Timestamp('2026-06-15 10:22:40.317000'), Timestamp('2026-06-15 10:22:40.626000'), Timestamp('2026-06-15 10:22:40.732000'), Timestamp('2026-06-15 10:22:41.518000'), Timestamp('2026-06-15 10:22:41.625000'), Timestamp('2026-06-15 10:22:41.937000'), Timestamp('2026-06-15 10:22:42.054000'), Timestamp('2026-06-15 10:22:42.828000'), Timestamp('2026-06-15 10:22:42.947000'), Timestamp('2026-06-15 10:22:43.260000'), Timestamp('2026-06-15 10:22:43.367000'), Timestamp('2026-06-15 10:22:44.157000'), Timestamp('2026-06-15 10:22:44.261000'), Timestamp('2026-06-15 10:22:44.582000'), Timestamp('2026-06-15 10:22:44.684000'), Timestamp('2026-06-15 10:22:45.473000'), Timestamp('2026-06-15 10:22:45.582000')]","[0.105, 0.783, 0.1, 0.312, 0.12, 0.767, 0.114, 0.308, 0.111, 0.772, 0.119, 0.31, 0.104, 0.788, 0.102, 0.312, 0.113, 0.776, 0.114, 0.305, 0.117, 0.776, 0.117, 0.309, 0.103, 0.785, 0.104, 0.314, 0.115, 0.777, 0.116, 0.309, 0.106, 0.786, 0.107, 0.312, 0.117, 0.774, 0.119, 0.313, 0.107, 0.79, 0.104, 0.321, 0.102, 0.789, 0.109]","[21.53621930042173, 21.780377895485806, 21.748701791872435, 21.625697199700994, 22.068469044952806, 21.739130434782606, 21.70731522320362, 21.32878076540048, 21.29779487129428, 21.266972795350245, 20.938020569016878, 22.17859642034192, 21.78412013871821, 21.903544026306175, 21.739130434782602, 21.657162026165715, 20.94174284632444, 21.78321678321678, 22.341747899473816, 21.544705044874867, 21.258383345631934, 21.698723364019514, 21.878586975394196, 22.67789850997781, 22.083577738672922, 22.002534873693634, 22.57310440115533, 22.121196995688983, 22.267878107294166, 21.893485110076774, 22.168086702213536, 22.52919224750211, 21.586010290641077, 22.13110503663207, 21.991978308373547, 22.090933095774872, 22.507503277226593, 21.01017149167631, 22.02876433592305, 22.05762535241677, 21.544733447281338, 21.908986820288554, 22.289051062722983, 22.147328759089845, 22.07940487683878, 21.715788835730876, 22.13166599454623, 22.100995946148846]","[2.2613030265442817, 17.054035892165388, 2.1748701791872436, 6.74721752630671, 2.6482162853943367, 16.673913043478258, 2.4746339354452127, 6.569264475743348, 2.364055230713665, 16.41810299801039, 2.4916244477130083, 6.8753648903059945, 2.2655484944266937, 17.259992692729266, 2.2173913043478253, 6.757034552163703, 2.366416941634662, 16.903776223776223, 2.546959260540015, 6.571135038686834, 2.4872308514389365, 16.838209330479145, 2.559794676121121, 7.0074706395831425, 2.2746085070833106, 17.271989875849503, 2.347602857720154, 6.946055856646341, 2.560805982338829, 17.011237930529653, 2.5714980574567705, 6.961520404478152, 2.2881170908079542, 17.39504855879281, 2.3531416789959696, 6.89237112588176, 2.6333778834355117, 16.261872734557464, 2.6214229559748428, 6.904036735306449, 2.305286478859103, 17.308099588027957, 2.31806131052319, 7.10929253166784, 2.2520992974375553, 17.13375739139166, 2.412351593405539]",336.66721836410386,9.954997412674023,c:\git\RailwAI\VIDEO\20260615\ADTC Rastatt_00_20260615102230.mp4,2026-06-15 10:22:30,Trieb
ADTC1_adz_raw_20260615_1027,2026-06-15 10:25:54.045,2026-06-15 10:26:04.068,"[Timestamp('2026-06-15 10:26:04.068000'), Timestamp('2026-06-15 10:26:04.462000'), Timestamp('2026-06-15 10:26:04.545000'), Timestamp('2026-06-15 10:26:05.100000'), Timestamp('2026-06-15 10:26:05.367000'), Timestamp('2026-06-15 10:26:05.674000'), Timestamp('2026-06-15 10:26:05.758000'), Timestamp('2026-06-15 10:26:06.433000'), Timestamp('2026-06-15 10:26:06.516000')]","[0.394, 0.083, 0.555, 0.267, 0.307, 0.084, 0.675, 0.083]","[20.863623106204486, 20.5121720899473, 20.75860166993172, 20.72734966769012, 21.2361756093922, 20.84568171949833, 20.979020979020984, 20.952847697746073, 20.684912744172784]","[8.220267503844568, 1.7025102834656258, 11.521023926812106, 5.5342023612732625, 6.519505912083405, 1.7510372644378598, 14.160839160839165, 1.7390863589129242]",51.14847277166892,9.90446147718706,c:\git\RailwAI\VIDEO\20260615\ADTC Rastatt_00_20260615102604.mp4,2026-06-15 10:26:04,Lok
ADTC1_adz_raw_20260615_1030,2026-06-15 10:29:02.285,2026-06-15 10:29:12.317,"[Timestamp('2026-06-15 10:29:12.317000'), Timestamp('2026-06-15 10:29:12.436000'), Timestamp('2026-06-15 10:29:12.810000'), Timestamp('2026-06-15 10:29:12.925000'), Timestamp('2026-06-15 10:29:13.171000'), Timestamp('2026-06-15 10:29:13.289000'), Timestamp('2026-06-15 10:29:14.117000'), Timestamp('2026-06-15 10:29:14.228000'), Timestamp('2026-06-15 10:29:14.436000'), Timestamp('2026-06-15 10:29:14.546000'), Timestamp('2026-06-15 10:29:15.373000'), Timestamp('2026-06-15 10:29:15.501000'), Timestamp('2026-06-15 10:29:15.698000'), Timestamp('2026-06-15 10:29:15.821000'), Timestamp('2026-06-15 10:29:16.642000'), Timestamp('2026-06-15 10:29:16.759000'), Timestamp('2026-06-15 10:29:16.968000'), Timestamp('2026-06-15 10:29:17.081000'), Timestamp('2026-06-15 10:29:17.914000'), Timestamp('2026-06-15 10:29:18.027000')]","[0.119, 0.374, 0.115, 0.246, 0.118, 0.828, 0.111, 0.208, 0.11, 0.827, 0.128, 0.197, 0.123, 0.821, 0.117, 0.209, 0.113, 0.833, 0.113]","[21.018669533199894, 21.43602019792616, 21.276595744680858, 20.942987837164196, 21.55764223151582, 21.355217311571614, 21.515966916190987, 21.19934519397085, 21.251274412911343, 20.504885182329197, 20.097842536866935, 21.311315223763927, 21.161519231087617, 21.692843476334197, 20.88139446347508, 21.18857637092876, 20.951270644502564, 21.05015623272647, 21.029751259790594, 20.361855652229412]","[2.5012216744507874, 8.017071554024385, 2.4468085106382986, 5.151975007942392, 2.543801783318867, 17.682119933981294, 2.3882723276971998, 4.409463800345937, 2.3376401854202475, 16.957540045786246, 2.5725238447189676, 4.198329099081493, 2.6028668654237768, 17.809824494070373, 2.4431231522265846, 4.428412461524111, 2.3674935828287897, 17.534780141861148, 2.376361892356337]",120.76963035769724,9.91841591396226,c:\git\RailwAI\VIDEO\20260615\ADTC Rastatt_00_20260615102912.mp4,2026-06-15 10:29:12,Lok
ADTC1_adz_raw_20260615_1101,2026-06-15 11:00:25.021,2026-06-15 11:00:35.970,"[Timestamp('2026-06-15 11:00:35.970000'), Timestamp('2026-06-15 11:00:36.061000'), Timestamp('2026-06-15 11:00:36.525000'), Timestamp('2026-06-15 11:00:36.886000'), Timestamp('2026-06-15 11:00:37.356000'), Timestamp('2026-06-15 11:00:37.813000'), Timestamp('2026-06-15 11:00:38.295000')]","[0.091, 0.464, 0.361, 0.47, 0.457, 0.482]","[19.50162513542795, 23.715415019762844, 21.176470588235293, 21.003500583430572, 21.32701421800948, 21.22641509433962, 21.251475796930343, 21.352313167259787, 21.22641509433962]","[1.7746478873239435, 11.003952569169961, 7.644705882352941, 9.871645274212367, 9.746445497630333, 10.231132075471697]",50.27252918616124,9.918831475228748,c:\git\RailwAI\VIDEO\20260615\ADTC Rastatt_00_20260615110035.mp4,2026-06-15 11:00:35,Trieb
ADTC1_adz_raw_20260615_1106,2026-06-15 11:05:06.643,2026-06-15 11:05:16.663,"[Timestamp('2026-06-15 11:05:16.663000'), Timestamp('2026-06-15 11:05:16.771000'), Timestamp('2026-06-15 11:05:17.590000'), Timestamp('2026-06-15 11:05:17.709000'), Timestamp('2026-06-15 11:05:18.524000'), Timestamp('2026-06-15 11:05:18.654000'), Timestamp('2026-06-15 11:05:19.471000'), Timestamp('2026-06-15 11:05:19.577000')]","[0.108, 0.819, 0.119, 0.815, 0.13, 0.817, 0.106]","[20.942220985473583, 21.161778423340877, 20.869879515651313, 20.90973904882447, 20.822729326915734, 21.088670101827997, 21.12296078390596, 20.869118044984543]","[2.261759866431147, 17.331496528716176, 2.4835156623625063, 17.041437324791943, 2.7069548124990455, 17.229443473193474, 2.2390338430940315]",61.293641511088325,9.913058335949266,c:\git\RailwAI\VIDEO\20260615\ADTC Rastatt_00_20260615110518.mp4,2026-06-15 11:05:18,Trieb
ADTC1_adz_raw_20260615_1115,2026-06-15 11:14:13.469,2026-06-15 11:14:23.522,"[Timestamp('2026-06-15 11:14:23.522000'), Timestamp('2026-06-15 11:14:23.626000'), Timestamp('2026-06-15 11:14:24.428000'), Timestamp('2026-06-15 11:14:24.534000'), Timestamp('2026-06-15 11:14:24.858000'), Timestamp('2026-06-15 11:14:24.964000'), Timestamp('2026-06-15 11:14:25.763000'), Timestamp('2026-06-15 11:14:25.872000'), Timestamp('2026-06-15 11:14:26.189000'), Timestamp('2026-06-15 11:14:26.307000'), Timestamp('2026-06-15 11:14:27.095000'), Timestamp('2026-06-15 11:14:27.211000'), Timestamp('2026-06-15 11:14:27.532000'), Timestamp('2026-06-15 11:14:27.632000'), Timestamp('2026-06-15 11:14:28.436000'), Timestamp('2026-06-15 11:14:28.542000'), Timestamp('2026-06-15 11:14:28.865000'), Timestamp('2026-06-15 11:14:28.982000'), Timestamp('2026-06-15 11:14:29.770000'), Timestamp('2026-06-15 11:14:29.891000'), Timestamp('2026-06-15 11:14:30.208000'), Timestamp('2026-06-15 11:14:30.318000'), Timestamp('2026-06-15 11:14:31.118000'), Timestamp('2026-06-15 11:14:31.230000'), Timestamp('2026-06-15 11:14:31.549000'), Timestamp('2026-06-15 11:14:31.665000'), Timestamp('2026-06-15 11:14:32.457000'), Timestamp('2026-06-15 11:14:32.575000'), Timestamp('2026-06-15 11:14:32.886000'), Timestamp('2026-06-15 11:14:33.010000'), Timestamp('2026-06-15 11:14:33.801000'), Timestamp('2026-06-15 11:14:33.921000'), Timestamp('2026-06-15 11:14:34.239000'), Timestamp('2026-06-15 11:14:34.349000'), Timestamp('2026-06-15 11:14:35.152000'), Timestamp('2026-06-15 11:14:35.258000'), Timestamp('2026-06-15 11:14:35.583000'), Timestamp('2026-06-15 11:14:35.700000'), Timestamp('2026-06-15 11:14:36.496000'), Timestamp('2026-06-15 11:14:36.614000'), Timestamp('2026-06-15 11:14:36.930000'), Timestamp('2026-06-15 11:14:37.050000'), Timestamp('2026-06-15 11:14:37.845000'), Timestamp('2026-06-15 11:14:37.961000'), Timestamp('2026-06-15 11:14:38.280000'), Timestamp('2026-06-15 11:14:38.398000'), Timestamp('2026-06-15 11:14:39.189000'), Timestamp('2026-06-15 11:14:39.307000'), Timestamp('2026-06-15 11:14:39.629000'), Timestamp('2026-06-15 11:14:39.732000'), Timestamp('2026-06-15 11:14:40.539000'), Timestamp('2026-06-15 11:14:40.641000')]","[0.104, 0.802, 0.106, 0.324, 0.106, 0.799, 0.109, 0.317, 0.118, 0.788, 0.116, 0.321, 0.1, 0.804, 0.106, 0.323, 0.117, 0.788, 0.121, 0.317, 0.11, 0.8, 0.112, 0.319, 0.116, 0.792, 0.118, 0.311, 0.124, 0.791, 0.12, 0.318, 0.11, 0.803, 0.106, 0.325, 0.117, 0.796, 0.118, 0.316, 0.12, 0.795, 0.116, 0.319, 0.118, 0.791, 0.118, 0.322, 0.103, 0.807, 0.102]","[21.7395056614195, 21.84222967165205, 21.960809871393806, 21.924514865586605, 21.96224577815338, 22.045429012486938, 21.592792046396024, 22.24381252550267, 21.85485746200218, 21.624794140388985, 21.73508828687701, 21.656558053356104, 21.893044088284494, 21.55547107125299, 21.24671230757329, 21.429664778815244, 21.966969201011757, 21.319137430177932, 21.81818181818182, 21.656558053356104, 21.35339488582393, 21.58714897652051, 21.351490236382322, 22.14022140221402, 22.326217160256103, 21.477367397945017, 21.849957709847452, 21.929790627476507, 21.62305866093508, 21.584661977549302, 21.178843567906767, 21.736724898681828, 21.669763165576754, 21.953575308094614, 21.626354132842856, 21.1748671118986, 22.031597000813562, 21.638320302014876, 21.22747466679978, 21.766900835921696, 22.178666187882776, 21.78009508257024, 22.15601211042187, 21.992842645016555, 21.84870347713761, 22.248906363459263, 21.769306172680505, 21.810691605780477, 21.883482137036435, 22.04688750490277, 22.210247557891606, 21.720668463191586]","[2.2609085887876277, 17.517468196664943, 2.3278458463677434, 7.1035428164500605, 2.3279980524842583, 17.614297780977065, 2.3536143330571666, 7.051288570584346, 2.5788731805162572, 17.040337782626523, 2.5212702412777332, 6.95175513512731, 2.1893044088284497, 17.330598741287403, 2.2521515046027685, 6.9217817235573245, 2.5701353965183755, 16.79948029498021, 2.64, 6.865128902913885, 2.3488734374406324, 17.26971918121641, 2.39136690647482, 7.062730627306273, 2.5898411905897083, 17.010074979172455, 2.578295009761999, 6.820164885145194, 2.6812592739559498, 17.0734676242415, 2.541461228148812, 6.9122785177808215, 2.383673948213443, 17.628720972399975, 2.2923935380813427, 6.881831811367045, 2.577696849095187, 17.22410296040384, 2.5048420106823737, 6.878340664151256, 2.661439942545933, 17.315175590643342, 2.570097404808937, 7.015716803760281, 2.578147010302238, 17.598884933496276, 2.5687781283762994, 7.023042697061314, 2.253998660114753, 17.791838216456537, 2.2654452509049436]",372.5114817517093,9.9380017305077,c:\git\RailwAI\VIDEO\20260615\ADTC Rastatt_00_20260615111425.mp4,2026-06-15 11:14:25,Trieb
ADTC1_adz_raw_20260615_1126,2026-06-15 11:25:37.443,2026-06-15 11:25:47.486,"[Timestamp('2026-06-15 11:25:47.486000'), Timestamp('2026-06-15 11:25:47.603000'), Timestamp('2026-06-15 11:25:47.959000'), Timestamp('2026-06-15 11:25:48.072000'), Timestamp('2026-06-15 11:25:48.295000'), Timestamp('2026-06-15 11:25:48.409000'), Timestamp('2026-06-15 11:25:49.192000'), Timestamp('2026-06-15 11:25:49.303000'), Timestamp('2026-06-15 11:25:49.488000'), Timestamp('2026-06-15 11:25:49.602000'), Timestamp('2026-06-15 11:25:50.388000'), Timestamp('2026-06-15 11:25:50.497000'), Timestamp('2026-06-15 11:25:50.689000'), Timestamp('2026-06-15 11:25:50.795000'), Timestamp('2026-06-15 11:25:51.575000'), Timestamp('2026-06-15 11:25:51.689000'), Timestamp('2026-06-15 11:25:51.885000'), Timestamp('2026-06-15 11:25:51.991000'), Timestamp('2026-06-15 11:25:52.772000'), Timestamp('2026-06-15 11:25:52.879000')]","[0.117, 0.356, 0.113, 0.223, 0.114, 0.783, 0.111, 0.185, 0.114, 0.786, 0.109, 0.192, 0.106, 0.78, 0.114, 0.196, 0.106, 0.781, 0.107]","[22.139330184628598, 23.252780043951518, 22.973386682259807, 22.899807251345702, 22.529375688220448, 23.259276944532008, 22.907999091909602, 23.23183119491285, 21.829425626913377, 22.399286788878364, 24.089210237255763, 21.81818181818182, 22.743381005869214, 22.390210765954322, 21.646278250051836, 22.266891250624266, 23.489597564307736, 22.265636513691163, 22.29581494581138, 21.97772381731574]","[2.590301631601546, 8.27798969564674, 2.5959926950953585, 5.106657017050091, 2.568348828457131, 18.212013847568564, 2.542787899201966, 4.297888771058878, 2.488554521468125, 17.605839416058394, 2.625723915860878, 4.189090909090909, 2.4107983866221367, 17.46436439744437, 2.4676757205059094, 4.364310685122356, 2.48989734181662, 17.3894621171928, 2.3856521992018176]",122.0733499960646,9.93489322051072,c:\git\RailwAI\VIDEO\20260615\ADTC Rastatt_00_20260615112547.mp4,2026-06-15 11:25:47,Lok
ADTC1_adz_raw_20260615_1144,2026-06-15 11:42:41.590,2026-06-15 11:42:51.670,"[Timestamp('2026-06-15 11:42:51.670000'), Timestamp('2026-06-15 11:42:51.782000'), Timestamp('2026-06-15 11:42:52.597000'), Timestamp('2026-06-15 11:42:52.705000'), Timestamp('2026-06-15 11:42:53.029000'), Timestamp('2026-06-15 11:42:53.155000'), Timestamp('2026-06-15 11:42:53.962000'), Timestamp('2026-06-15 11:42:54.083000'), Timestamp('2026-06-15 11:42:54.403000'), Timestamp('2026-06-15 11:42:54.526000'), Timestamp('2026-06-15 11:42:55.336000'), Timestamp('2026-06-15 11:42:55.458000'), Timestamp('2026-06-15 11:42:55.774000'), Timestamp('2026-06-15 11:42:55.901000'), Timestamp('2026-06-15 11:42:56.710000'), Timestamp('2026-06-15 11:42:56.828000'), Timestamp('2026-06-15 11:42:57.158000'), Timestamp('2026-06-15 11:42:57.272000'), Timestamp('2026-06-15 11:42:58.091000'), Timestamp('2026-06-15 11:42:58.201000'), Timestamp('2026-06-15 11:42:58.527000'), Timestamp('2026-06-15 11:42:58.649000'), Timestamp('2026-06-15 11:42:59.457000'), Timestamp('2026-06-15 11:42:59.585000'), Timestamp('2026-06-15 11:42:59.898000'), Timestamp('2026-06-15 11:43:00.021000'), Timestamp('2026-06-15 11:43:00.839000'), Timestamp('2026-06-15 11:43:00.963000'), Timestamp('2026-06-15 11:43:01.284000'), Timestamp('2026-06-15 11:43:01.394000'), Timestamp('2026-06-15 11:43:02.223000'), Timestamp('2026-06-15 11:43:02.333000'), Timestamp('2026-06-15 11:43:02.658000'), Timestamp('2026-06-15 11:43:02.781000'), Timestamp('2026-06-15 11:43:03.593000'), Timestamp('2026-06-15 11:43:03.718000'), Timestamp('2026-06-15 11:43:04.043000'), Timestamp('2026-06-15 11:43:04.160000'), Timestamp('2026-06-15 11:43:04.986000'), Timestamp('2026-06-15 11:43:05.091000'), Timestamp('2026-06-15 11:43:05.420000'), Timestamp('2026-06-15 11:43:05.545000'), Timestamp('2026-06-15 11:43:06.362000'), Timestamp('2026-06-15 11:43:06.482000'), Timestamp('2026-06-15 11:43:06.815000'), Timestamp('2026-06-15 11:43:06.924000'), Timestamp('2026-06-15 11:43:07.753000'), Timestamp('2026-06-15 11:43:07.861000'), Timestamp('2026-06-15 11:43:08.196000'), Timestamp('2026-06-15 11:43:08.311000'), Timestamp('2026-06-15 11:43:09.141000'), Timestamp('2026-06-15 11:43:09.247000')]","[0.112, 0.815, 0.108, 0.324, 0.126, 0.807, 0.121, 0.32, 0.123, 0.81, 0.122, 0.316, 0.127, 0.809, 0.118, 0.33, 0.114, 0.819, 0.11, 0.326, 0.122, 0.808, 0.128, 0.313, 0.123, 0.818, 0.124, 0.321, 0.11, 0.829, 0.11, 0.325, 0.123, 0.812, 0.125, 0.325, 0.117, 0.826, 0.105, 0.329, 0.125, 0.817, 0.12, 0.333, 0.109, 0.829, 0.108, 0.335, 0.115, 0.83, 0.106]","[20.616562771436893, 20.869874134627473, 20.79679491043192, 20.981329551151163, 20.726690787297898, 20.90567216843696, 20.43799953052622, 20.766301742337983, 21.01232240306748, 20.80452079370402, 21.125570944341185, 20.794956543977186, 20.362677573456903, 21.440039749022695, 21.276595744680858, 20.99735624021424, 20.951270644502564, 21.915140207453362, 20.830045640906633, 21.205537814961417, 20.519480519480524, 21.137340919949615, 20.873642509213227, 20.92622576493544, 20.667820807740654, 20.88301719817862, 21.29718107978978, 21.38141910496971, 20.627150175873773, 20.82453544585382, 21.278305363250958, 21.35431063880889, 20.9967486855898, 20.691215424303458, 20.864310575357294, 21.164726362746162, 20.964354895591264, 21.809519929679308, 20.665224400175408, 20.614158694568236, 20.991622129134768, 21.064564193434965, 20.989129355792027, 21.013576852992912, 20.962123975547513, 21.311858076563958, 21.5158246864901, 21.033346959104307, 21.113658780278477, 20.96570857332758, 20.94059214100681, 20.69654290941437]","[2.3090550304009323, 17.00894741972139, 2.246053850326647, 6.797950774572977, 2.611563039199535, 16.87087743992863, 2.4729979431936724, 6.645216557548155, 2.5845156555772997, 16.85166184290026, 2.5773196552096245, 6.571206267896791, 2.5860600518290267, 17.34499215695936, 2.510638297872341, 6.9291275592707, 2.3884448534732923, 17.948499829904303, 2.29130502049973, 6.913005327677422, 2.503376623376624, 17.07897146331929, 2.6718262411792932, 6.549908664424794, 2.5421419593521004, 17.082308068110112, 2.6408504538939326, 6.863435532695276, 2.268986519346115, 17.263539884612815, 2.3406135899576053, 6.9401509576128895, 2.5826000883275455, 16.80126692453441, 2.6080388219196617, 6.878536067892503, 2.452829522784178, 18.014663461915106, 2.1698485620184176, 6.782058210512949, 2.623952766141846, 17.209748946036367, 2.5186955226950434, 6.99752109204664, 2.284871513334679, 17.66753034547152, 2.3237090661409305, 7.046171231299943, 2.428070759732025, 17.40153811586189, 2.219702766946722]",370.2169023174553,9.964394427092026,c:\git\RailwAI\VIDEO\20260615\ADTC Rastatt_00_20260615114251.mp4,2026-06-15 11:42:51,Trieb
ADTC1_adz_raw_20260615_1153,2026-06-15 11:52:18.544,2026-06-15 11:52:28.619,"[Timestamp('2026-06-15 11:52:28.619000'), Timestamp('2026-06-15 11:52:28.756000'), Timestamp('2026-06-15 11:52:29.261000'), Timestamp('2026-06-15 11:52:29.395000'), Timestamp('2026-06-15 11:52:29.545000'), Timestamp('2026-06-15 11:52:29.686000'), Timestamp('2026-06-15 11:52:30.405000'), Timestamp('2026-06-15 11:52:30.547000'), Timestamp('2026-06-15 11:52:31.269000'), Timestamp('2026-06-15 11:52:31.403000'), Timestamp('2026-06-15 11:52:32.124000'), Timestamp('2026-06-15 11:52:32.261000'), Timestamp('2026-06-15 11:52:32.985000'), Timestamp('2026-06-15 11:52:33.127000'), Timestamp('2026-06-15 11:52:33.847000'), Timestamp('2026-06-15 11:52:33.986000'), Timestamp('2026-06-15 11:52:34.712000'), Timestamp('2026-06-15 11:52:34.843000'), Timestamp('2026-06-15 11:52:35.571000'), Timestamp('2026-06-15 11:52:35.713000'), Timestamp('2026-06-15 11:52:36.432000'), Timestamp('2026-06-15 11:52:36.571000'), Timestamp('2026-06-15 11:52:36.722000'), Timestamp('2026-06-15 11:52:36.859000'), Timestamp('2026-06-15 11:52:37.363000'), Timestamp('2026-06-15 11:52:37.502000')]","[0.137, 0.505, 0.134, 0.15, 0.141, 0.719, 0.142, 0.722, 0.134, 0.721, 0.137, 0.724, 0.142, 0.72, 0.139, 0.726, 0.131, 0.728, 0.142, 0.719, 0.139, 0.151, 0.137, 0.504, 0.139]","[21.124950615739465, 21.924582624421333, 21.78332616409772, 21.55733202899506, 21.236489865158916, 22.206194414288092, 21.59172179510102, 22.131036223562916, 21.739989711592337, 23.182498628999983, 21.66661628680249, 21.86271756458998, 20.85643478377042, 21.754696574415114, 21.627308861351416, 21.54491461097794, 22.169894425295936, 21.542069619752823, 22.224176752040528, 22.376458316961127, 22.535365798461214, 22.11494062348303, 21.984046655099284, 22.492127755285654, 22.368849788204628, 21.91736834593977]","[2.894118234356307, 11.071914225332774, 2.9189657059890943, 3.2335998043492586, 2.9943450709874067, 15.966253783873137, 3.0660244949043447, 15.978608153412425, 2.9131586213533733, 16.71458151150899, 2.9683264312919415, 15.828607516763144, 2.9616137392953994, 15.663381533578882, 3.0061959317278473, 15.641608007569985, 2.9042561697137677, 15.682626683180054, 3.1558330987897545, 16.08867352989505, 3.132415845986109, 3.339356034145937, 3.011814391748602, 11.33603238866397, 3.1092701205604434]",195.581581028978,9.966480358125684,c:\git\RailwAI\VIDEO\20260615\ADTC Rastatt_00_20260615115228.mp4,2026-06-15 11:52:28,Trieb
ADTC1_adz_raw_20260615_1200,2026-06-15 11:58:58.000,2026-06-15 11:59:08.109,"[Timestamp('2026-06-15 11:59:08.109000'), Timestamp('2026-06-15 11:59:08.577000'), Timestamp('2026-06-15 11:59:09.038000'), Timestamp('2026-06-15 11:59:09.873000'), Timestamp('2026-06-15 11:59:11.289000')]","[0.468, 0.461, 0.835, 1.416]","[14.935957206654564, 0.9195769110625136, 21.302366235874374, 15.277769470777631, 3.103604375965812, 0.7969743366151967, 0.5231217353679831, 19.714674683759725]","[6.990027972714336, 0.4239249559998188, 17.7874758069551, 21.633321570621124]",46.83475030629037,9.900970426240452,c:\git\RailwAI\VIDEO\20260615\ADTC Rastatt_00_20260615115908.mp4,2026-06-15 11:59:08,Trieb
ADTC1_adz_raw_20260615_1215,2026-06-15 12:13:54.298,2026-06-15 12:14:04.341,"[Timestamp('2026-06-15 12:14:04.341000'), Timestamp('2026-06-15 12:14:04.443000'), Timestamp('2026-06-15 12:14:05.235000'), Timestamp('2026-06-15 12:14:05.339000'), Timestamp('2026-06-15 12:14:05.661000'), Timestamp('2026-06-15 12:14:05.768000'), Timestamp('2026-06-15 12:14:06.561000'), Timestamp('2026-06-15 12:14:06.666000'), Timestamp('2026-06-15 12:14:06.981000'), Timestamp('2026-06-15 12:14:07.100000'), Timestamp('2026-06-15 12:14:07.883000'), Timestamp('2026-06-15 12:14:07.997000'), Timestamp('2026-06-15 12:14:08.314000'), Timestamp('2026-06-15 12:14:08.418000'), Timestamp('2026-06-15 12:14:09.213000'), Timestamp('2026-06-15 12:14:09.318000'), Timestamp('2026-06-15 12:14:09.634000'), Timestamp('2026-06-15 12:14:09.753000'), Timestamp('2026-06-15 12:14:10.530000'), Timestamp('2026-06-15 12:14:10.652000'), Timestamp('2026-06-15 12:14:10.966000'), Timestamp('2026-06-15 12:14:11.072000'), Timestamp('2026-06-15 12:14:11.872000'), Timestamp('2026-06-15 12:14:11.977000'), Timestamp('2026-06-15 12:14:12.290000'), Timestamp('2026-06-15 12:14:12.415000'), Timestamp('2026-06-15 12:14:13.194000'), Timestamp('2026-06-15 12:14:13.312000'), Timestamp('2026-06-15 12:14:13.622000'), Timestamp('2026-06-15 12:14:13.747000'), Timestamp('2026-06-15 12:14:14.524000'), Timestamp('2026-06-15 12:14:14.643000'), Timestamp('2026-06-15 12:14:14.964000'), Timestamp('2026-06-15 12:14:15.070000'), Timestamp('2026-06-15 12:14:15.865000'), Timestamp('2026-06-15 12:14:15.976000'), Timestamp('2026-06-15 12:14:16.291000'), Timestamp('2026-06-15 12:14:16.412000'), Timestamp('2026-06-15 12:14:17.198000'), Timestamp('2026-06-15 12:14:17.315000'), Timestamp('2026-06-15 12:14:17.628000'), Timestamp('2026-06-15 12:14:17.742000'), Timestamp('2026-06-15 12:14:18.531000'), Timestamp('2026-06-15 12:14:18.653000'), Timestamp('2026-06-15 12:14:18.963000'), Timestamp('2026-06-15 12:14:19.083000'), Timestamp('2026-06-15 12:14:19.871000'), Timestamp('2026-06-15 12:14:19.991000'), Timestamp('2026-06-15 12:14:20.310000'), Timestamp('2026-06-15 12:14:20.417000'), Timestamp('2026-06-15 12:14:21.222000'), Timestamp('2026-06-15 12:14:21.327000')]","[0.102, 0.792, 0.104, 0.322, 0.107, 0.793, 0.105, 0.315, 0.119, 0.783, 0.114, 0.317, 0.104, 0.795, 0.105, 0.316, 0.119, 0.777, 0.122, 0.314, 0.106, 0.8, 0.105, 0.313, 0.125, 0.779, 0.118, 0.31, 0.125, 0.777, 0.119, 0.321, 0.106, 0.795, 0.111, 0.315, 0.121, 0.786, 0.117, 0.313, 0.114, 0.789, 0.122, 0.31, 0.12, 0.788, 0.12, 0.319, 0.107, 0.805, 0.105]","[21.62605675913816, 21.251769504880137, 21.51787445574574, 21.401610299036346, 21.199244133125397, 21.22334587401174, 21.58164046270582, 21.48942537635117, 20.985263237045487, 21.210169781961604, 21.314716151392126, 21.142246161915715, 21.5524843406632, 21.587202981829478, 21.121045822208913, 20.876861785475022, 21.088081828948475, 21.318290472910128, 20.54953560371517, 21.081520130509304, 21.106081859192493, 21.325757575757578, 21.36842788270694, 21.1179641914228, 21.08775700833462, 21.596426490580697, 21.19995869333242, 20.928664901702682, 21.31740039157696, 21.693615257048094, 20.96998871491042, 20.847226905448775, 21.162680342550594, 21.329527946859294, 21.366265628258247, 21.11366245694604, 20.942688218061186, 21.12545562689686, 21.087693544440953, 20.883798215973073, 21.201255199516027, 20.96998871491042, 20.99992881380063, 21.082896398637534, 21.103701528494852, 21.042478000168572, 21.823796378608527, 21.32159617073649, 21.07095903066482, 20.856956265878196, 21.785653141585346, 21.524762487146468]","[2.205857789432092, 16.83140144786507, 2.237858943397557, 6.8913185162897035, 2.2683191222444172, 16.83011327809131, 2.266072248584111, 6.769168993550619, 2.4972463252084127, 16.607562939275937, 2.4298776412587024, 6.702092033327282, 2.2414583714289726, 17.161826370554436, 2.2177098113319356, 6.597088324210107, 2.5094817376448684, 16.56431169745117, 2.5070433436532507, 6.6195973209799215, 2.237244677074404, 17.060606060606062, 2.2436849276842286, 6.609922791915336, 2.6359696260418275, 16.823616236162362, 2.501595125813225, 6.487886119527832, 2.66467504894712, 16.85593905472637, 2.4954286570743403, 6.6919598366490565, 2.243244116310363, 16.95697471775314, 2.3716554847366655, 6.650803673938003, 2.5340652743854033, 16.60460812274093, 2.4672601446995914, 6.536628841599572, 2.416943092744827, 16.545321096064324, 2.561991315283677, 6.535697883577635, 2.5324441834193823, 16.581472664132836, 2.618855565433023, 6.8015891784649405, 2.2545926162811356, 16.789849794031948, 2.287493579866461]",360.5554257634659,9.931159459886402,c:\git\RailwAI\VIDEO\20260615\ADTC Rastatt_00_20260615121404.mp4,2026-06-15 12:14:04,Trieb
ADTC1_adz_raw_20260615_1231,2026-06-15 12:30:08.266,2026-06-15 12:30:18.341,"[Timestamp('2026-06-15 12:30:18.341000'), Timestamp('2026-06-15 12:30:18.455000'), Timestamp('2026-06-15 12:30:19.124000'), Timestamp('2026-06-15 12:30:19.240000'), Timestamp('2026-06-15 12:30:19.464000'), Timestamp('2026-06-15 12:30:19.573000'), Timestamp('2026-06-15 12:30:20.246000'), Timestamp('2026-06-15 12:30:20.360000'), Timestamp('2026-06-15 12:30:20.588000'), Timestamp('2026-06-15 12:30:20.695000'), Timestamp('2026-06-15 12:30:21.370000'), Timestamp('2026-06-15 12:30:21.484000'), Timestamp('2026-06-15 12:30:21.704000'), Timestamp('2026-06-15 12:30:21.822000'), Timestamp('2026-06-15 12:30:22.495000'), Timestamp('2026-06-15 12:30:22.602000'), Timestamp('2026-06-15 12:30:22.828000'), Timestamp('2026-06-15 12:30:22.940000'), Timestamp('2026-06-15 12:30:23.613000'), Timestamp('2026-06-15 12:30:23.732000'), Timestamp('2026-06-15 12:30:23.949000'), Timestamp('2026-06-15 12:30:24.061000'), Timestamp('2026-06-15 12:30:24.734000'), Timestamp('2026-06-15 12:30:24.847000'), Timestamp('2026-06-15 12:30:25.073000'), Timestamp('2026-06-15 12:30:25.183000'), Timestamp('2026-06-15 12:30:25.857000'), Timestamp('2026-06-15 12:30:25.971000'), Timestamp('2026-06-15 12:30:26.196000'), Timestamp('2026-06-15 12:30:26.309000'), Timestamp('2026-06-15 12:30:26.986000'), Timestamp('2026-06-15 12:30:27.089000')]","[0.114, 0.669, 0.116, 0.224, 0.109, 0.673, 0.114, 0.228, 0.107, 0.675, 0.114, 0.22, 0.118, 0.673, 0.107, 0.226, 0.112, 0.673, 0.119, 0.217, 0.112, 0.673, 0.113, 0.226, 0.11, 0.674, 0.114, 0.225, 0.113, 0.677, 0.103]","[20.678006204321996, 21.664433159354864, 21.752041352094096, 22.660808227351694, 21.24241383756594, 21.644633830496666, 20.989545797990132, 21.93762441937624, 21.32248482500323, 21.73884192608407, 21.621964880735774, 21.420864028134865, 22.054212956026003, 22.34379071702712, 21.86401833460657, 21.10170728148256, 21.701304772833524, 21.743396005388625, 21.428406231652012, 21.66396162896659, 21.140693043240937, 21.46484778693123, 21.70214262272024, 21.592792046396024, 21.023684344852228, 21.825095351793852, 21.108542551475722, 21.60411706785229, 21.270138530200448, 21.74220570039018, 21.338273600357894, 21.90760205010797]","[2.3572927072927077, 14.493505783608406, 2.5232367968429155, 5.076021042926779, 2.3154231082946874, 14.566838567924258, 2.392808220970875, 5.001778367617783, 2.2815058762753453, 14.67371830010675, 2.464903996403878, 4.71259008618967, 2.6023971288110683, 15.037371152559253, 2.3394499618029028, 4.768985845615059, 2.4305461345573547, 14.633305511626546, 2.5499803415665894, 4.70107967348575, 2.367757620842985, 14.445842560604719, 2.452342116367387, 4.879971002485502, 2.312605277933745, 14.710114267109057, 2.406373850868232, 4.860926340266765, 2.403525653912651, 14.719473259164152, 2.197842180836863]",189.6795127348706,9.969371626582207,c:\git\RailwAI\VIDEO\20260615\ADTC Rastatt_00_20260615123019.mp4,2026-06-15 12:30:19,Trieb
ADTC1_adz_raw_20260615_1258,2026-06-15 12:56:41.482,2026-06-15 12:56:51.515,"[Timestamp('2026-06-15 12:56:51.515000'), Timestamp('2026-06-15 12:56:51.627000'), Timestamp('2026-06-15 12:56:52.350000'), Timestamp('2026-06-15 12:56:52.461000'), Timestamp('2026-06-15 12:56:52.668000'), Timestamp('2026-06-15 12:56:52.779000'), Timestamp('2026-06-15 12:56:53.522000'), Timestamp('2026-06-15 12:56:53.634000'), Timestamp('2026-06-15 12:56:53.835000'), Timestamp('2026-06-15 12:56:53.949000'), Timestamp('2026-06-15 12:56:54.696000'), Timestamp('2026-06-15 12:56:54.805000'), Timestamp('2026-06-15 12:56:55.005000'), Timestamp('2026-06-15 12:56:55.121000'), Timestamp('2026-06-15 12:56:55.843000'), Timestamp('2026-06-15 12:56:55.959000'), Timestamp('2026-06-15 12:56:56.256000'), Timestamp('2026-06-15 12:56:56.372000'), Timestamp('2026-06-15 12:56:57.091000'), Timestamp('2026-06-15 12:56:57.205000'), Timestamp('2026-06-15 12:56:57.405000'), Timestamp('2026-06-15 12:56:57.520000'), Timestamp('2026-06-15 12:56:58.266000'), Timestamp('2026-06-15 12:56:58.374000'), Timestamp('2026-06-15 12:56:58.579000'), Timestamp('2026-06-15 12:56:58.689000'), Timestamp('2026-06-15 12:56:59.436000'), Timestamp('2026-06-15 12:56:59.544000'), Timestamp('2026-06-15 12:56:59.744000'), Timestamp('2026-06-15 12:56:59.861000'), Timestamp('2026-06-15 12:57:00.584000'), Timestamp('2026-06-15 12:57:00.695000')]","[0.112, 0.723, 0.111, 0.207, 0.111, 0.743, 0.112, 0.201, 0.114, 0.747, 0.109, 0.2, 0.116, 0.722, 0.116, 0.297, 0.116, 0.719, 0.114, 0.2, 0.115, 0.746, 0.108, 0.205, 0.11, 0.747, 0.108, 0.2, 0.117, 0.723, 0.111]","[22.743872818835335, 22.323472634019346, 22.467453800742266, 21.78549376456325, 22.061215586844433, 21.77748288178069, 21.978021978021978, 21.564752383166706, 21.905104528920333, 21.619344573728377, 22.846718498892415, 21.937621202327087, 22.910040754951158, 21.277916447382374, 21.173821237247598, 22.247528590812166, 21.486438090211678, 21.89692226592596, 22.06150726596823, 21.311728897425045, 21.696976226563862, 22.02166986270407, 22.289142084681114, 21.48120662929953, 22.073124093306845, 21.954029653955793, 22.372346534224498, 22.020568663036904, 21.992481203007518, 21.983763363073706, 22.605235323673128, 21.994399823414646]","[2.5473137557095575, 16.139870714395986, 2.4938873718823915, 4.509597209264593, 2.4487949301397323, 16.18066978116305, 2.4615384615384617, 4.3345152290165085, 2.497181916296918, 16.149650396575097, 2.490292316379273, 4.387524240465417, 2.6575647275743344, 15.362655675010073, 2.4561632635207213, 6.607515991471213, 2.492426818464555, 15.743887109200763, 2.5150118283203784, 4.262345779485009, 2.4951522660548444, 16.428165717577237, 2.4072273451455604, 4.403647359006403, 2.428043650263753, 16.39966015150498, 2.4162134256962458, 4.404113732607381, 2.5731203007518797, 15.89426091150229, 2.509181120927717]",201.09719349691235,9.92632741780381,c:\git\RailwAI\VIDEO\20260615\ADTC Rastatt_00_20260615125651.mp4,2026-06-15 12:56:51,Trieb
ADTC1_adz_raw_20260615_1303,2026-06-15 13:02:36.986,2026-06-15 13:02:46.698,"[Timestamp('2026-06-15 13:02:46.698000'), Timestamp('2026-06-15 13:02:47.991000'), Timestamp('2026-06-15 13:02:48.410000'), Timestamp('2026-06-15 13:02:49.230000')]","[1.293, 0.419, 0.82]","[22.141139321840985, 64.68636379681598, 49.46709916589434, 20.396329709306812, 21.720969089390145, 79.64275934908466, 15.420963016441398, 17.287660306576534]","[28.628493143140393, 27.103586430865896, 40.56302131603336]",96.29510089003963,9.530461114168824,c:\git\RailwAI\VIDEO\20260615\ADTC Rastatt_00_20260615130246.mp4,2026-06-15 13:02:46,Trieb
ADTC1_adz_raw_20260615_1320,2026-06-15 13:18:51.834,2026-06-15 13:19:01.865,"[Timestamp('2026-06-15 13:19:01.865000'), Timestamp('2026-06-15 13:19:01.969000'), Timestamp('2026-06-15 13:19:02.769000'), Timestamp('2026-06-15 13:19:02.876000'), Timestamp('2026-06-15 13:19:03.193000'), Timestamp('2026-06-15 13:19:03.307000'), Timestamp('2026-06-15 13:19:04.098000'), Timestamp('2026-06-15 13:19:04.205000'), Timestamp('2026-06-15 13:19:04.525000'), Timestamp('2026-06-15 13:19:04.641000'), Timestamp('2026-06-15 13:19:05.430000'), Timestamp('2026-06-15 13:19:05.546000'), Timestamp('2026-06-15 13:19:05.865000'), Timestamp('2026-06-15 13:19:05.969000'), Timestamp('2026-06-15 13:19:06.769000'), Timestamp('2026-06-15 13:19:06.876000'), Timestamp('2026-06-15 13:19:07.193000'), Timestamp('2026-06-15 13:19:07.308000'), Timestamp('2026-06-15 13:19:08.093000'), Timestamp('2026-06-15 13:19:08.214000'), Timestamp('2026-06-15 13:19:08.534000'), Timestamp('2026-06-15 13:19:08.639000'), Timestamp('2026-06-15 13:19:09.436000'), Timestamp('2026-06-15 13:19:09.544000'), Timestamp('2026-06-15 13:19:09.855000'), Timestamp('2026-06-15 13:19:09.978000'), Timestamp('2026-06-15 13:19:10.763000'), Timestamp('2026-06-15 13:19:10.884000'), Timestamp('2026-06-15 13:19:11.189000'), Timestamp('2026-06-15 13:19:11.307000'), Timestamp('2026-06-15 13:19:12.090000'), Timestamp('2026-06-15 13:19:12.209000'), Timestamp('2026-06-15 13:19:12.527000'), Timestamp('2026-06-15 13:19:12.638000'), Timestamp('2026-06-15 13:19:13.435000'), Timestamp('2026-06-15 13:19:13.540000'), Timestamp('2026-06-15 13:19:13.855000'), Timestamp('2026-06-15 13:19:13.974000'), Timestamp('2026-06-15 13:19:14.762000'), Timestamp('2026-06-15 13:19:14.877000'), Timestamp('2026-06-15 13:19:15.191000'), Timestamp('2026-06-15 13:19:15.307000'), Timestamp('2026-06-15 13:19:16.093000'), Timestamp('2026-06-15 13:19:16.210000'), Timestamp('2026-06-15 13:19:16.522000'), Timestamp('2026-06-15 13:19:16.638000'), Timestamp('2026-06-15 13:19:17.427000'), Timestamp('2026-06-15 13:19:17.541000'), Timestamp('2026-06-15 13:19:17.859000'), Timestamp('2026-06-15 13:19:17.965000'), Timestamp('2026-06-15 13:19:18.765000'), Timestamp('2026-06-15 13:19:18.869000')]","[0.104, 0.8, 0.107, 0.317, 0.114, 0.791, 0.107, 0.32, 0.116, 0.789, 0.116, 0.319, 0.104, 0.8, 0.107, 0.317, 0.115, 0.785, 0.121, 0.32, 0.105, 0.797, 0.108, 0.311, 0.123, 0.785, 0.121, 0.305, 0.118, 0.783, 0.119, 0.318, 0.111, 0.797, 0.105, 0.315, 0.119, 0.788, 0.115, 0.314, 0.116, 0.786, 0.117, 0.312, 0.116, 0.789, 0.114, 0.318, 0.106, 0.8, 0.104]","[22.347518586423348, 21.80938546435963, 22.40207295732938, 22.088470411672, 21.58615518335884, 22.084841062183372, 21.653958981954283, 21.66069736256977, 21.890268015460954, 21.54934427054001, 21.5994289094332, 21.507592670365373, 21.893298760900006, 21.73508828687701, 21.921979889003453, 21.55209959157733, 21.582595463248637, 21.43540669856459, 21.99038060805782, 21.78423121847331, 22.07089365390322, 21.99423559743754, 22.33001859487429, 22.30548792858592, 21.612284209143844, 21.815890333733584, 21.9138490196447, 22.357848379564487, 22.406550183287408, 21.656043786419005, 21.481030223034487, 21.62240966364678, 21.82274415779529, 22.22227115300982, 22.38016786045097, 22.520570769915512, 22.025516821055856, 22.063585073746122, 21.890662348677616, 22.32638888888889, 21.8678325890774, 22.302967302967303, 22.2099676352756, 21.789652247667515, 22.18570325238136, 21.78179181795482, 22.227331961121713, 21.93020515537368, 21.80286679888699, 22.037610517590714, 21.797535755648436, 21.704984249629682]","[2.324141932988028, 17.447508371487704, 2.397021806434244, 7.002045120500024, 2.460821690902908, 17.46910928018705, 2.316973611069108, 6.931423156022326, 2.5392710897934707, 17.00243262945607, 2.5055337534942512, 6.860922061846554, 2.2769030711336007, 17.38807062950161, 2.3456518481233695, 6.8320155705300145, 2.4819984782735935, 16.826794258373205, 2.660836053574996, 6.970953989911459, 2.317443833659838, 17.52940577115772, 2.411642008246423, 6.937006745790221, 2.6583109577246926, 17.125473911980865, 2.6515757313770085, 6.819143755767168, 2.6439729216279138, 16.95668228476608, 2.5562425965411038, 6.875926273039677, 2.4223246015152773, 17.71115010894883, 2.3499176253473517, 7.0939797925233865, 2.621036501705647, 17.386105038111946, 2.517426170097926, 7.010486111111112, 2.5366685803329783, 17.5301323001323, 2.598566213327245, 6.798371501272265, 2.5735415772762376, 17.185833744366352, 2.5339158435678755, 6.973805239408831, 2.3111038806820208, 17.63008841407257, 2.266943718587437]",372.5746521576698,9.91903035119964,c:\git\RailwAI\VIDEO\20260615\ADTC Rastatt_00_20260615131901.mp4,2026-06-15 13:19:01,Trieb
ADTC1_adz_raw_20260615_1327,2026-06-15 13:26:22.093,2026-06-15 13:26:32.144,"[Timestamp('2026-06-15 13:26:32.144000'), Timestamp('2026-06-15 13:26:32.265000'), Timestamp('2026-06-15 13:26:32.622000'), Timestamp('2026-06-15 13:26:32.743000'), Timestamp('2026-06-15 13:26:32.977000'), Timestamp('2026-06-15 13:26:33.094000'), Timestamp('2026-06-15 13:26:33.896000'), Timestamp('2026-06-15 13:26:34.016000'), Timestamp('2026-06-15 13:26:34.216000'), Timestamp('2026-06-15 13:26:34.326000'), Timestamp('2026-06-15 13:26:35.136000'), Timestamp('2026-06-15 13:26:35.251000'), Timestamp('2026-06-15 13:26:35.446000'), Timestamp('2026-06-15 13:26:35.566000'), Timestamp('2026-06-15 13:26:36.366000'), Timestamp('2026-06-15 13:26:36.486000'), Timestamp('2026-06-15 13:26:36.681000'), Timestamp('2026-06-15 13:26:36.794000'), Timestamp('2026-06-15 13:26:37.604000'), Timestamp('2026-06-15 13:26:37.721000')]","[0.121, 0.357, 0.121, 0.234, 0.117, 0.802, 0.12, 0.2, 0.11, 0.81, 0.115, 0.195, 0.12, 0.8, 0.12, 0.195, 0.113, 0.81, 0.117]","[21.393705191437434, 21.50985137027402, 21.580604864954466, 21.23262781822686, 21.54028309207181, 21.276435235245305, 20.506207740250296, 21.880493052441615, 22.83925481013947, 20.928664901702682, 21.90310438737169, 21.003847218821697, 21.298289339526455, 22.76373052235121, 21.22258920353024, 21.709991505530535, 21.578875077894253, 21.025606957696343, 20.63317308280426, 21.350042582345964]","[2.5886383281639294, 7.679016939187825, 2.6112531886594903, 4.968434909465086, 2.520213121772402, 17.063701058666737, 2.4607449288300356, 4.376098610488323, 2.5123180291153417, 16.952218570379173, 2.5188570045477445, 4.095750207670231, 2.5557947207431746, 18.21098441788097, 2.546710704423629, 4.233448343578455, 2.4384128838020507, 17.03074163573404, 2.414081250688098]",119.77741885379676,9.944584523007656,c:\git\RailwAI\VIDEO\20260615\ADTC Rastatt_00_20260615132632.mp4,2026-06-15 13:26:32,Lok
ADTC1_adz_raw_20260615_1330,2026-06-15 13:29:36.941,2026-06-15 13:29:46.975,"[Timestamp('2026-06-15 13:29:46.975000'), Timestamp('2026-06-15 13:29:47.100000'), Timestamp('2026-06-15 13:29:47.469000'), Timestamp('2026-06-15 13:29:47.596000')]","[0.125, 0.369, 0.127]","[20.13760914234576, 20.68555069288745, 20.80389290089749, 21.546938561786295]","[2.51720114279322, 7.632968205675469, 2.6420943984139815]",12.79226374688267,9.92787315212208,c:\git\RailwAI\VIDEO\20260615\ADTC Rastatt_00_20260615132947.mp4,2026-06-15 13:29:47,Lok
ADTC1_adz_raw_20260615_1349,2026-06-15 13:48:06.230,2026-06-15 13:48:16.268,"[Timestamp('2026-06-15 13:48:16.268000'), Timestamp('2026-06-15 13:48:16.383000'), Timestamp('2026-06-15 13:48:16.730000'), Timestamp('2026-06-15 13:48:16.845000'), Timestamp('2026-06-15 13:48:17.142000'), Timestamp('2026-06-15 13:48:17.677000'), Timestamp('2026-06-15 13:48:18.387000'), Timestamp('2026-06-15 13:48:18.458000'), Timestamp('2026-06-15 13:48:18.921000'), Timestamp('2026-06-15 13:48:18.995000'), Timestamp('2026-06-15 13:48:19.528000'), Timestamp('2026-06-15 13:48:19.781000'), Timestamp('2026-06-15 13:48:20.310000'), Timestamp('2026-06-15 13:48:21.097000'), Timestamp('2026-06-15 13:48:21.632000'), Timestamp('2026-06-15 13:48:22.165000'), Timestamp('2026-06-15 13:48:22.950000'), Timestamp('2026-06-15 13:48:23.481000'), Timestamp('2026-06-15 13:48:23.657000'), Timestamp('2026-06-15 13:48:23.732000'), Timestamp('2026-06-15 13:48:24.192000'), Timestamp('2026-06-15 13:48:24.269000'), Timestamp('2026-06-15 13:48:24.799000'), Timestamp('2026-06-15 13:48:25.050000'), Timestamp('2026-06-15 13:48:25.582000'), Timestamp('2026-06-15 13:48:26.369000'), Timestamp('2026-06-15 13:48:26.899000'), Timestamp('2026-06-15 13:48:27.360000'), Timestamp('2026-06-15 13:48:27.435000'), Timestamp('2026-06-15 13:48:27.610000'), Timestamp('2026-06-15 13:48:27.688000'), Timestamp('2026-06-15 13:48:28.242000'), Timestamp('2026-06-15 13:48:28.316000'), Timestamp('2026-06-15 13:48:28.877000'), Timestamp('2026-06-15 13:48:28.950000'), Timestamp('2026-06-15 13:48:29.126000'), Timestamp('2026-06-15 13:48:29.203000'), Timestamp('2026-06-15 13:48:29.736000'), Timestamp('2026-06-15 13:48:30.268000'), Timestamp('2026-06-15 13:48:30.451000'), Timestamp('2026-06-15 13:48:30.525000'), Timestamp('2026-06-15 13:48:31.085000'), Timestamp('2026-06-15 13:48:31.157000'), Timestamp('2026-06-15 13:48:31.788000'), Timestamp('2026-06-15 13:48:32.043000'), Timestamp('2026-06-15 13:48:32.502000'), Timestamp('2026-06-15 13:48:32.576000'), Timestamp('2026-06-15 13:48:33.107000'), Timestamp('2026-06-15 13:48:33.285000'), Timestamp('2026-06-15 13:48:33.363000'), Timestamp('2026-06-15 13:48:33.818000'), Timestamp('2026-06-15 13:48:34.429000'), Timestamp('2026-06-15 13:48:34.677000'), Timestamp('2026-06-15 13:48:35.213000'), Timestamp('2026-06-15 13:48:35.749000'), Timestamp('2026-06-15 13:48:36.001000'), Timestamp('2026-06-15 13:48:36.531000'), Timestamp('2026-06-15 13:48:37.850000'), Timestamp('2026-06-15 13:48:38.385000'), Timestamp('2026-06-15 13:48:38.635000'), Timestamp('2026-06-15 13:48:39.165000'), Timestamp('2026-06-15 13:48:39.704000'), Timestamp('2026-06-15 13:48:39.955000'), Timestamp('2026-06-15 13:48:40.490000'), Timestamp('2026-06-15 13:48:41.027000')]","[0.115, 0.347, 0.115, 0.297, 0.535, 0.71, 0.071, 0.463, 0.074, 0.533, 0.253, 0.529, 0.787, 0.535, 0.533, 0.785, 0.531, 0.176, 0.075, 0.46, 0.077, 0.53, 0.251, 0.532, 0.787, 0.53, 0.461, 0.075, 0.175, 0.078, 0.554, 0.074, 0.561, 0.073, 0.176, 0.077, 0.533, 0.532, 0.183, 0.074, 0.56, 0.072, 0.631, 0.255, 0.459, 0.074, 0.531, 0.178, 0.078, 0.455, 0.611, 0.248, 0.536, 0.536, 0.252, 0.53, 1.319, 0.535, 0.25, 0.53, 0.539, 0.251, 0.535, 0.537]","[nan, nan, nan, nan, nan, nan, nan, nan, nan, nan, nan, nan, nan, nan, nan, nan, nan, nan, nan, nan, nan, nan, nan, nan, nan, nan, nan, nan, nan, nan, nan, nan, nan, nan, nan, nan, nan, nan, nan, nan, nan, nan, nan, nan, nan, nan, nan, nan, nan, nan, nan, nan, nan, nan, nan, nan, nan, nan, nan, nan]","[nan, nan, nan, nan, nan, nan, nan, nan, nan, nan, nan, nan, nan, nan, nan, nan, nan, nan, nan, nan, nan, nan, nan, nan, nan, nan, nan, nan, nan, nan, nan, nan, nan, nan, nan, nan, nan, nan, nan, nan, nan, nan, nan, nan, nan, nan, nan, nan, nan, nan, nan, nan, nan, nan, nan, nan, nan, nan, nan, nan]",,9.934544674154088,c:\git\RailwAI\VIDEO\20260615\ADTC Rastatt_00_20260615134816.mp4,2026-06-15 13:48:16,Lok
ADTC1_adz_raw_20260615_1353,2026-06-15 13:51:52.173,2026-06-15 13:52:02.267,"[Timestamp('2026-06-15 13:52:02.267000'), Timestamp('2026-06-15 13:52:02.361000'), Timestamp('2026-06-15 13:52:02.535000'), Timestamp('2026-06-15 13:52:02.631000'), Timestamp('2026-06-15 13:52:02.798000'), Timestamp('2026-06-15 13:52:02.884000'), Timestamp('2026-06-15 13:52:03.319000'), Timestamp('2026-06-15 13:52:03.407000')]","[0.094, 0.174, 0.096, 0.167, 0.086, 0.435, 0.088]","[20.828725165706345, 21.855282460558662, 21.162623712566088, 21.315116110655147, 21.698723364019514, 21.81700218600588, 21.978021978021975, 21.372740595994134]","[1.9579001655763963, 3.802819148137207, 2.0316118764063447, 3.5596243904794096, 1.8660902093056781, 9.490395950912557, 1.9340659340659336]",24.642507674883525,9.983089949150624,c:\git\RailwAI\VIDEO\20260615\ADTC Rastatt_00_20260615135202.mp4,2026-06-15 13:52:02,Lok
ADTC1_adz_raw_20260615_1359,2026-06-15 13:58:28.048,2026-06-15 13:58:38.137,"[Timestamp('2026-06-15 13:58:38.137000'), Timestamp('2026-06-15 13:58:39.066000'), Timestamp('2026-06-15 13:58:39.521000'), Timestamp('2026-06-15 13:58:39.872000'), Timestamp('2026-06-15 13:58:40.351000'), Timestamp('2026-06-15 13:58:40.787000'), Timestamp('2026-06-15 13:58:41.255000')]","[0.929, 0.455, 0.351, 0.479, 0.436, 0.468]","[22.878709005726186, 18.32102816516269, 22.321976424995956, 22.125947702305428, 22.75463052848212, 96.10675196161728, 12.242957327944847, 22.535852492601855]","[21.25432066631963, 8.336067815149024, 7.83501372517358, 10.5983289494043, 9.921018910418205, 44.97795991803689]",102.92270998450162,9.899750618486026,c:\git\RailwAI\VIDEO\20260615\ADTC Rastatt_00_20260615135838.mp4,2026-06-15 13:58:38,Trieb
ADTC1_adz_raw_20260615_1403,2026-06-15 14:02:15.424,2026-06-15 14:02:25.458,"[Timestamp('2026-06-15 14:02:25.458000'), Timestamp('2026-06-15 14:02:25.577000'), Timestamp('2026-06-15 14:02:26.216000'), Timestamp('2026-06-15 14:02:26.336000'), Timestamp('2026-06-15 14:02:27.014000'), Timestamp('2026-06-15 14:02:27.134000'), Timestamp('2026-06-15 14:02:27.808000'), Timestamp('2026-06-15 14:02:27.930000'), Timestamp('2026-06-15 14:02:28.597000'), Timestamp('2026-06-15 14:02:28.723000'), Timestamp('2026-06-15 14:02:29.392000'), Timestamp('2026-06-15 14:02:29.517000'), Timestamp('2026-06-15 14:02:30.191000'), Timestamp('2026-06-15 14:02:30.310000'), Timestamp('2026-06-15 14:02:30.979000'), Timestamp('2026-06-15 14:02:31.107000'), Timestamp('2026-06-15 14:02:31.778000'), Timestamp('2026-06-15 14:02:31.901000'), Timestamp('2026-06-15 14:02:32.578000'), Timestamp('2026-06-15 14:02:32.697000'), Timestamp('2026-06-15 14:02:33.369000'), Timestamp('2026-06-15 14:02:33.488000'), Timestamp('2026-06-15 14:02:34.125000'), Timestamp('2026-06-15 14:02:34.246000'), Timestamp('2026-06-15 14:02:34.612000'), Timestamp('2026-06-15 14:02:34.733000'), Timestamp('2026-06-15 14:02:35.367000'), Timestamp('2026-06-15 14:02:35.491000'), Timestamp('2026-06-15 14:02:36.164000'), Timestamp('2026-06-15 14:02:36.286000'), Timestamp('2026-06-15 14:02:36.962000'), Timestamp('2026-06-15 14:02:37.077000'), Timestamp('2026-06-15 14:02:37.754000'), Timestamp('2026-06-15 14:02:37.873000'), Timestamp('2026-06-15 14:02:38.543000'), Timestamp('2026-06-15 14:02:38.667000'), Timestamp('2026-06-15 14:02:39.340000'), Timestamp('2026-06-15 14:02:39.465000'), Timestamp('2026-06-15 14:02:40.138000'), Timestamp('2026-06-15 14:02:40.257000'), Timestamp('2026-06-15 14:02:40.931000'), Timestamp('2026-06-15 14:02:41.057000'), Timestamp('2026-06-15 14:02:41.724000'), Timestamp('2026-06-15 14:02:41.848000'), Timestamp('2026-06-15 14:02:42.521000'), Timestamp('2026-06-15 14:02:42.644000'), Timestamp('2026-06-15 14:02:43.275000'), Timestamp('2026-06-15 14:02:43.401000')]","[0.119, 0.639, 0.12, 0.678, 0.12, 0.674, 0.122, 0.667, 0.126, 0.669, 0.125, 0.674, 0.119, 0.669, 0.128, 0.671, 0.123, 0.677, 0.119, 0.672, 0.119, 0.637, 0.121, 0.366, 0.121, 0.634, 0.124, 0.673, 0.122, 0.676, 0.115, 0.677, 0.119, 0.67, 0.124, 0.673, 0.125, 0.673, 0.119, 0.674, 0.126, 0.667, 0.124, 0.673, 0.123, 0.631, 0.126]","[22.411705209272238, 21.781826609647418, 22.810728618580235, 21.991410951712513, 22.274480700987745, 21.662653892869713, 21.939671669537162, 21.950240770465488, 20.872839450165582, 21.811609609260522, 21.815668138410654, 21.2117128154864, 21.887114790722126, 21.310571149280825, 21.34877783085573, 21.904799693158225, 20.835416003246642, 21.7901074525394, 22.304832713754642, 22.188972846533943, 22.295459898506145, 21.318206980638926, 21.703754609281646, 21.87183266279836, 21.472608258074587, 22.245678849452432, 22.065059341730247, 21.87723338362582, 22.26292950566641, 21.69799312656455, 22.205200173071674, 21.58680919529021, 22.13967658776658, 22.318806736174942, 22.447564897554106, 21.55842469438106, 21.44345079127688, 22.474798387096776, 22.731763395663812, 21.62624320627057, 21.89949028648647, 21.610250617909905, 21.104844991431687, 21.383323456387135, 21.90069576217584, 21.581179266942172, 21.744427949438027, 20.828294512505035]","[2.666992919903396, 13.9185872035647, 2.737287434229628, 14.910176625261085, 2.672937684118529, 14.600628723794188, 2.6766399436835338, 14.640810593900481, 2.6299777707208634, 14.59196682859529, 2.7269585173013318, 14.296694437637836, 2.6045666600959327, 14.256772098868874, 2.7326435623495335, 14.69812059410917, 2.562756168399337, 14.751902745369174, 2.6542750929368024, 14.91098975287081, 2.653159727922231, 13.579697846666996, 2.626154307723079, 8.0050907545842, 2.598185599227025, 14.103760390552843, 2.7360673583745507, 14.723378067180178, 2.716077399691302, 14.667843353557638, 2.5535980199032426, 14.614269825211474, 2.634621513944223, 14.953600513237213, 2.783498047296709, 14.508819819318454, 2.68043134890961, 15.12553931451613, 2.7050798440839934, 14.576087921026364, 2.759335776097295, 14.414037162145908, 2.617000778937529, 14.390976686148543, 2.693785578747628, 13.617724117440511, 2.7397979216291914]",391.01930435178457,9.916778939587234,c:\git\RailwAI\VIDEO\20260615\ADTC Rastatt_00_20260615140225.mp4,2026-06-15 14:02:25,Trieb
ADTC1_adz_raw_20260615_1418,2026-06-15 14:17:07.722,2026-06-15 14:17:17.755,"[Timestamp('2026-06-15 14:17:17.755000'), Timestamp('2026-06-15 14:17:17.859000'), Timestamp('2026-06-15 14:17:18.205000'), Timestamp('2026-06-15 14:17:18.325000')]","[0.104, 0.346, 0.12]","[21.774974075354308, 21.813698788154543, 21.91066572900047, 22.059714746997187]","[2.264597303836848, 7.547539780701471, 2.6292798874800565]",12.441416972018375,9.923467689614435,c:\git\RailwAI\VIDEO\20260615\ADTC Rastatt_00_20260615141717.mp4,2026-06-15 14:17:17,Lok
ADTC1_adz_raw_20260615_1423,2026-06-15 14:22:21.267,2026-06-15 14:22:31.283,"[Timestamp('2026-06-15 14:22:31.283000'), Timestamp('2026-06-15 14:22:31.399000'), Timestamp('2026-06-15 14:22:31.748000'), Timestamp('2026-06-15 14:22:31.863000'), Timestamp('2026-06-15 14:22:32.072000'), Timestamp('2026-06-15 14:22:32.150000'), Timestamp('2026-06-15 14:22:32.520000'), Timestamp('2026-06-15 14:22:32.595000'), Timestamp('2026-06-15 14:22:32.744000'), Timestamp('2026-06-15 14:22:32.823000'), Timestamp('2026-06-15 14:22:33.269000'), Timestamp('2026-06-15 14:22:33.342000'), Timestamp('2026-06-15 14:22:33.493000'), Timestamp('2026-06-15 14:22:33.569000'), Timestamp('2026-06-15 14:22:33.998000'), Timestamp('2026-06-15 14:22:34.068000'), Timestamp('2026-06-15 14:22:34.222000'), Timestamp('2026-06-15 14:22:34.302000'), Timestamp('2026-06-15 14:22:34.744000'), Timestamp('2026-06-15 14:22:34.820000'), Timestamp('2026-06-15 14:22:34.971000'), Timestamp('2026-06-15 14:22:35.046000'), Timestamp('2026-06-15 14:22:35.475000'), Timestamp('2026-06-15 14:22:35.551000'), Timestamp('2026-06-15 14:22:35.717000'), Timestamp('2026-06-15 14:22:35.793000'), Timestamp('2026-06-15 14:22:36.170000'), Timestamp('2026-06-15 14:22:36.242000'), Timestamp('2026-06-15 14:22:36.430000'), Timestamp('2026-06-15 14:22:36.505000'), Timestamp('2026-06-15 14:22:36.961000'), Timestamp('2026-06-15 14:22:37.034000'), Timestamp('2026-06-15 14:22:37.221000'), Timestamp('2026-06-15 14:22:37.295000'), Timestamp('2026-06-15 14:22:37.751000'), Timestamp('2026-06-15 14:22:37.827000'), Timestamp('2026-06-15 14:22:37.997000'), Timestamp('2026-06-15 14:22:38.070000'), Timestamp('2026-06-15 14:22:38.503000'), Timestamp('2026-06-15 14:22:38.577000'), Timestamp('2026-06-15 14:22:38.727000'), Timestamp('2026-06-15 14:22:38.802000'), Timestamp('2026-06-15 14:22:39.207000'), Timestamp('2026-06-15 14:22:39.357000'), Timestamp('2026-06-15 14:22:39.429000'), Timestamp('2026-06-15 14:22:39.689000'), Timestamp('2026-06-15 14:22:39.763000'), Timestamp('2026-06-15 14:22:39.915000'), Timestamp('2026-06-15 14:22:39.989000'), Timestamp('2026-06-15 14:22:40.444000'), Timestamp('2026-06-15 14:22:40.509000'), Timestamp('2026-06-15 14:22:40.678000'), Timestamp('2026-06-15 14:22:40.755000'), Timestamp('2026-06-15 14:22:41.133000'), Timestamp('2026-06-15 14:22:41.210000'), Timestamp('2026-06-15 14:22:41.394000'), Timestamp('2026-06-15 14:22:41.467000'), Timestamp('2026-06-15 14:22:41.927000'), Timestamp('2026-06-15 14:22:42'), Timestamp('2026-06-15 14:22:42.184000'), Timestamp('2026-06-15 14:22:42.251000'), Timestamp('2026-06-15 14:22:42.710000'), Timestamp('2026-06-15 14:22:42.786000'), Timestamp('2026-06-15 14:22:42.944000'), Timestamp('2026-06-15 14:22:43.021000'), Timestamp('2026-06-15 14:22:43.469000'), Timestamp('2026-06-15 14:22:43.543000'), Timestamp('2026-06-15 14:22:43.687000'), Timestamp('2026-06-15 14:22:43.765000'), Timestamp('2026-06-15 14:22:44.147000'), Timestamp('2026-06-15 14:22:44.221000'), Timestamp('2026-06-15 14:22:44.370000'), Timestamp('2026-06-15 14:22:44.445000'), Timestamp('2026-06-15 14:22:45.023000'), Timestamp('2026-06-15 14:22:45.097000')]","[0.116, 0.349, 0.115, 0.209, 0.078, 0.37, 0.075, 0.149, 0.079, 0.446, 0.073, 0.151, 0.076, 0.429, 0.07, 0.154, 0.08, 0.442, 0.076, 0.151, 0.075, 0.429, 0.076, 0.166, 0.076, 0.377, 0.072, 0.188, 0.075, 0.456, 0.073, 0.187, 0.074, 0.456, 0.076, 0.17, 0.073, 0.433, 0.074, 0.15, 0.075, 0.405, 0.15, 0.072, 0.26, 0.074, 0.152, 0.074, 0.455, 0.065, 0.169, 0.077, 0.378, 0.077, 0.184, 0.073, 0.46, 0.073, 0.184, 0.067, 0.459, 0.076, 0.158, 0.077, 0.448, 0.074, 0.144, 0.078, 0.382, 0.074, 0.149, 0.075, 0.578, 0.074]","[23.022692222956596, 21.431305013394564, 22.4400871459695, 20.560539365910735, 21.431305013394564, 20.97902097902098, 20.83390293916609, 21.206863312126472, 21.206863312126472, 21.206863312126472, 21.431305013394564, 21.279461279461277, 20.05668192718552, 20.421607378129114, 20.690769976830648, 20.46632827556255, 20.28452426029101, 20.46632827556255, 19.519033753909195, 19.287712911901327, 20.104023499609237, 19.876181166503745, 20.58823529411764, 19.876181166503745, 20.149253731343283, 19.74687608701468, 19.166934361280653, 19.696969696969692, 19.666145018257698, 18.992744344857027, 20.233625365039643, 19.97131778828278, 18.981481481481488, 18.81977671451356, 19.925726725573064, 19.493177387914237, 28.269374843919095, 41.87140293334984, 29.212137343625237, 34.35839953214094, 29.062346588119784, 39.69217108184105, 8.071950994652848, 2.5517056137523486, 7.968290290944754, -48.992673992674, -208.3191658166155, -40.612144150074045, 4.337280864612056, -49.50980392156864, -133.68421052631567, -38.44536553132697, 2.230683435252491, -46.882181706756555, -47.63766699250564, -41.53201675643328, 4.287738123945017, -48.6451126925288, -65.54677206851112, -37.091651542649714, 4.365863886891921, -52.199050175511026, -147.79364049318613, -37.323839192998065, 4.066921464869345, -47.5464320625611, -306.76786843769736, -38.9071038251366, 1.9407313722497213, -50.616893388168286, -259.19913419913394, -41.281458654340014, 5.519007975781567, -50.975230345817884, -95.80377275477082, -14.627205463858852]","[2.6706322978629653, 7.479525449674703, 2.5806100217864927, 4.297152727475344, 1.671641791044776, 7.7622377622377625, 1.5625427204374567, 3.1598226335068444, 1.6753422016579913, 9.458261037208407, 1.564485265977803, 3.2131986531986527, 1.5243078264660994, 8.760869565217389, 1.4483538983781454, 3.1518145544366325, 1.622761940823281, 9.046117097798646, 1.4834465652970987, 2.9124446496971004, 1.5078017624706928, 8.526881720430106, 1.5647058823529407, 3.2994460736396216, 1.5313432835820895, 7.444572284804535, 1.3800192740122068, 3.7030303030303022, 1.4749608763693274, 8.660691421254805, 1.4770546516478937, 3.7346364264088794, 1.4046296296296301, 8.581818181818184, 1.5143552311435529, 3.3138401559454205, 2.063664363606094, 18.130317470140483, 2.1616981634282673, 5.153759929821141, 2.1796759941089836, 16.07532928814563, 1.2107926491979273, 0.1837228041901691, 2.0717554756456362, -3.625457875457876, -31.664513204125555, -3.005298667105479, 1.9734627933984858, -3.218137254901962, -22.592631578947348, -2.9602931459121766, 0.8431983385254416, -3.6099279914202547, -8.765330726621038, -3.0318372232196293, 1.9723595370147078, -3.551093226554602, -12.060606060606045, -2.485140653357531, 2.003931524083392, -3.9671278133388377, -23.35139519792341, -2.873935617860851, 1.8219808162614664, -3.5184359726295216, -44.17457305502842, -3.034754098360655, 0.7413593841993935, -3.745650110724453, -38.620670995670956, -3.096109399075501, 3.1899866100017453, -3.7721670455905234]",-32.782735953939834,9.913945994926776,c:\git\RailwAI\VIDEO\20260615\ADTC Rastatt_00_20260615142231.mp4,2026-06-15 14:22:31,Lok
ADTC1_adz_raw_20260615_1428,2026-06-15 14:27:28.995,2026-06-15 14:27:39.067,"[Timestamp('2026-06-15 14:27:39.067000'), Timestamp('2026-06-15 14:27:39.179000'), Timestamp('2026-06-15 14:27:39.537000'), Timestamp('2026-06-15 14:27:39.647000'), Timestamp('2026-06-15 14:27:39.873000'), Timestamp('2026-06-15 14:27:39.989000'), Timestamp('2026-06-15 14:27:40.776000'), Timestamp('2026-06-15 14:27:40.882000'), Timestamp('2026-06-15 14:27:41.075000'), Timestamp('2026-06-15 14:27:41.188000'), Timestamp('2026-06-15 14:27:41.970000'), Timestamp('2026-06-15 14:27:42.080000'), Timestamp('2026-06-15 14:27:42.272000'), Timestamp('2026-06-15 14:27:42.389000'), Timestamp('2026-06-15 14:27:43.171000'), Timestamp('2026-06-15 14:27:43.279000'), Timestamp('2026-06-15 14:27:43.471000'), Timestamp('2026-06-15 14:27:43.581000'), Timestamp('2026-06-15 14:27:44.364000'), Timestamp('2026-06-15 14:27:44.473000')]","[0.112, 0.358, 0.11, 0.226, 0.116, 0.787, 0.106, 0.193, 0.113, 0.782, 0.11, 0.192, 0.117, 0.782, 0.108, 0.192, 0.11, 0.783, 0.109]","[22.31480575391545, 22.104999840524073, 22.469159413588564, 22.347360765091413, 21.755435575660293, 23.137086175746603, 22.767378606794665, 22.591570948880815, 22.223733001658623, 22.069239976800716, 22.61997715741481, 22.069239976800716, 22.020720612769722, 23.428365073072122, 22.813688212927755, 22.43090970235545, 22.66271850054756, 22.644865761895012, 22.26197856983135, 20.277876172245172]","[2.4992582444385305, 7.913589942907618, 2.471607535494742, 5.05050353291066, 2.523630526776594, 18.20888682031258, 2.4133421323202344, 4.360173193133997, 2.5112818291874244, 17.258145661858162, 2.488197487315629, 4.237294075545738, 2.5764243116940575, 18.3209814871424, 2.4638783269961975, 4.3067346628522465, 2.4928990350602316, 17.730929891563797, 2.4265556641116173]",122.25431436162243,9.965206229098404,c:\git\RailwAI\VIDEO\20260615\ADTC Rastatt_00_20260615142738.mp4,2026-06-15 14:27:38,Lok
ADTC1_adz_raw_20260615_1455,2026-06-15 14:53:49.338,2026-06-15 14:53:59.357,"[Timestamp('2026-06-15 14:53:59.357000'), Timestamp('2026-06-15 14:53:59.474000'), Timestamp('2026-06-15 14:54:00.190000'), Timestamp('2026-06-15 14:54:00.301000'), Timestamp('2026-06-15 14:54:00.509000'), Timestamp('2026-06-15 14:54:00.622000'), Timestamp('2026-06-15 14:54:01.358000'), Timestamp('2026-06-15 14:54:01.470000'), Timestamp('2026-06-15 14:54:01.674000'), Timestamp('2026-06-15 14:54:01.787000'), Timestamp('2026-06-15 14:54:02.531000'), Timestamp('2026-06-15 14:54:02.643000'), Timestamp('2026-06-15 14:54:02.847000'), Timestamp('2026-06-15 14:54:02.958000'), Timestamp('2026-06-15 14:54:03.682000'), Timestamp('2026-06-15 14:54:03.794000'), Timestamp('2026-06-15 14:54:04.091000'), Timestamp('2026-06-15 14:54:04.204000'), Timestamp('2026-06-15 14:54:04.927000'), Timestamp('2026-06-15 14:54:05.043000'), Timestamp('2026-06-15 14:54:05.241000'), Timestamp('2026-06-15 14:54:05.351000'), Timestamp('2026-06-15 14:54:06.094000'), Timestamp('2026-06-15 14:54:06.205000'), Timestamp('2026-06-15 14:54:06.409000'), Timestamp('2026-06-15 14:54:06.521000'), Timestamp('2026-06-15 14:54:07.269000'), Timestamp('2026-06-15 14:54:07.376000'), Timestamp('2026-06-15 14:54:07.579000'), Timestamp('2026-06-15 14:54:07.692000'), Timestamp('2026-06-15 14:54:08.406000'), Timestamp('2026-06-15 14:54:08.528000')]","[0.117, 0.716, 0.111, 0.208, 0.113, 0.736, 0.112, 0.204, 0.113, 0.744, 0.112, 0.204, 0.111, 0.724, 0.112, 0.297, 0.113, 0.723, 0.116, 0.198, 0.11, 0.743, 0.111, 0.204, 0.112, 0.748, 0.107, 0.203, 0.113, 0.714, 0.122]","[22.224912633834563, 22.44648652590891, 22.380914976541796, 21.453222069273142, 22.511435804059154, 22.516285097921667, 22.01929783771216, 22.336438339660056, 22.01783617842012, 22.143812921738544, 22.195186519696676, 22.225853699870477, 22.49094991030475, 21.96402065902138, 21.954029653955793, 22.1198400920682, 22.462008013581936, 22.05469795278309, 22.269479501750773, 22.178227746591823, 22.183038643871626, 22.1424774056353, 21.83105248614767, 21.869871207267636, 22.07262003465536, 21.7089804625041, 23.00879494907504, 22.26845774392622, 22.08267459392149, 22.264839269874187, 20.873468107510664, 21.51603241719521]","[2.600314778158644, 16.07168435255078, 2.484281562396139, 4.462270190408813, 2.5437922458586844, 16.571985832070347, 2.466161357823762, 4.556633421290651, 2.4880154881614733, 16.474996813773476, 2.4858608902060277, 4.5340741547735774, 2.496495440043827, 15.901950957131477, 2.4588513212430487, 6.569592507344255, 2.538206905534759, 15.945546619862174, 2.58325962220309, 4.391289093825181, 2.4401342508258788, 16.451860712387028, 2.423246825962391, 4.461453726282597, 2.4721334438814, 16.238317385953067, 2.461941059551029, 4.520496922017023, 2.4953422291131284, 15.897095238690168, 2.546563109116301]",203.03384845844025,9.91066096576778,c:\git\RailwAI\VIDEO\20260615\ADTC Rastatt_00_20260615145359.mp4,2026-06-15 14:53:59,Trieb
ADTC1_adz_raw_20260615_1513,2026-06-15 15:12:22.182,2026-06-15 15:12:32.260,"[Timestamp('2026-06-15 15:12:32.260000'), Timestamp('2026-06-15 15:12:32.751000'), Timestamp('2026-06-15 15:12:33.583000'), Timestamp('2026-06-15 15:12:34.010000'), Timestamp('2026-06-15 15:12:34.855000'), Timestamp('2026-06-15 15:12:35.335000')]","[0.491, 0.832, 0.427, 0.845, 0.48]","[21.506217186138887, 19.861079632411865, 37.97784833862541, 20.905242314060885, 18.08069381598793, 12.172369387354031, 19.507952626378476, 20.142948850218943]","[10.559552638394193, 16.524418254166672, 16.21654124059305, 17.664929755381447, 8.678733031674208]",69.64417492020958,9.893237302552606,c:\git\RailwAI\VIDEO\20260615\ADTC Rastatt_00_20260615151232.mp4,2026-06-15 15:12:32,Trieb
ADTC1_adz_raw_20260615_1518,2026-06-15 15:17:39.635,2026-06-15 15:17:49.717,"[Timestamp('2026-06-15 15:17:49.717000'), Timestamp('2026-06-15 15:17:49.828000'), Timestamp('2026-06-15 15:17:50.050000'), Timestamp('2026-06-15 15:17:50.163000'), Timestamp('2026-06-15 15:17:50.361000'), Timestamp('2026-06-15 15:17:50.440000'), Timestamp('2026-06-15 15:17:50.967000'), Timestamp('2026-06-15 15:17:51.123000'), Timestamp('2026-06-15 15:17:51.202000'), Timestamp('2026-06-15 15:17:51.654000'), Timestamp('2026-06-15 15:17:51.728000'), Timestamp('2026-06-15 15:17:51.886000'), Timestamp('2026-06-15 15:17:51.966000'), Timestamp('2026-06-15 15:17:52.419000'), Timestamp('2026-06-15 15:17:52.496000'), Timestamp('2026-06-15 15:17:52.671000'), Timestamp('2026-06-15 15:17:52.751000'), Timestamp('2026-06-15 15:17:53.317000'), Timestamp('2026-06-15 15:17:53.508000'), Timestamp('2026-06-15 15:17:53.597000'), Timestamp('2026-06-15 15:17:54.162000')]","[0.111, 0.222, 0.113, 0.198, 0.079, 0.527, 0.156, 0.079, 0.452, 0.074, 0.158, 0.08, 0.453, 0.077, 0.175, 0.08, 0.566, 0.191, 0.089, 0.565]","[20.84272420654819, 20.293432058137945, 23.05700773304399, 21.055008820966265, 20.59896625114017, 20.30413034461489, 19.640915727021408, 20.380434782608702, 20.521156582714703, 20.521156582714703, 20.531772267844865, 20.75206032357213, 20.466273757825277, 20.521156582714703, 20.532481658753056, 20.837910336113644, 20.275544270465982, 20.703780368231833, 20.264856514688255, 20.6280193236715, 20.35225674466181, 20.388703962203373, 20.771866374797753, 20.75163398692811]","[2.313542386926849, 4.505141916906624, 2.605441873833971, 4.168891746551321, 1.6273183338400734, 10.700276691612048, 3.0639828534153395, 1.6100543478260876, 9.275562775387046, 1.5185655871208878, 3.2440200183194885, 1.6601648258857704, 9.271222012294851, 1.580129056869032, 3.5931842902817848, 1.6670328268890915, 11.475958057083744, 3.9544220503322802, 1.8035722298072545, 11.654830917874396]",91.29331479905797,9.969672639394563,c:\git\RailwAI\VIDEO\20260615\ADTC Rastatt_00_20260615151749.mp4,2026-06-15 15:17:49,Lok
ADTC1_adz_raw_20260615_1525,2026-06-15 15:24:23.501,2026-06-15 15:24:33.554,"[Timestamp('2026-06-15 15:24:33.554000'), Timestamp('2026-06-15 15:24:33.670000'), Timestamp('2026-06-15 15:24:34.028000'), Timestamp('2026-06-15 15:24:34.140000'), Timestamp('2026-06-15 15:24:34.369000'), Timestamp('2026-06-15 15:24:34.492000'), Timestamp('2026-06-15 15:24:35.287000'), Timestamp('2026-06-15 15:24:35.399000'), Timestamp('2026-06-15 15:24:35.584000'), Timestamp('2026-06-15 15:24:35.703000'), Timestamp('2026-06-15 15:24:36.506000'), Timestamp('2026-06-15 15:24:36.616000'), Timestamp('2026-06-15 15:24:36.812000'), Timestamp('2026-06-15 15:24:36.920000'), Timestamp('2026-06-15 15:24:37.721000'), Timestamp('2026-06-15 15:24:37.836000'), Timestamp('2026-06-15 15:24:38.029000'), Timestamp('2026-06-15 15:24:38.141000'), Timestamp('2026-06-15 15:24:38.942000'), Timestamp('2026-06-15 15:24:39.054000')]","[0.116, 0.358, 0.112, 0.229, 0.123, 0.795, 0.112, 0.185, 0.119, 0.803, 0.11, 0.196, 0.108, 0.801, 0.115, 0.193, 0.112, 0.801, 0.112]","[21.73770875497363, 21.941156752017733, 21.90482526007967, 21.34294802158992, 21.426656470298685, 23.106665474350287, 21.380051175590207, 23.465227352153143, 20.752826678116506, 22.246008614686232, 22.37401754619674, 22.564428241773154, 22.60499734183945, 21.546209149255397, 21.97717529301367, 22.15082263504071, 22.13219030413938, 21.842521227041928, 22.509679092654153, 21.699607822767057]","[2.5215742155769414, 7.854934117222348, 2.453340429128923, 4.887535096944092, 2.635478745846738, 18.36979905210848, 2.3945657316661033, 4.341067060148331, 2.469586374695864, 17.863544917593046, 2.4611419300816415, 4.422627935387538, 2.4413397129186607, 17.258513528553575, 2.527375158696572, 4.275108768562857, 2.4788053140636106, 17.495859502860586, 2.5210840583772653]",121.67328165043318,9.940598860467937,c:\git\RailwAI\VIDEO\20260615\ADTC Rastatt_00_20260615152433.mp4,2026-06-15 15:24:33,Lok
ADTC1_adz_raw_20260615_1529,2026-06-15 15:27:44.576,2026-06-15 15:27:54.693,"[Timestamp('2026-06-15 15:27:54.693000'), Timestamp('2026-06-15 15:27:54.835000'), Timestamp('2026-06-15 15:27:55.345000'), Timestamp('2026-06-15 15:27:55.486000'), Timestamp('2026-06-15 15:27:55.635000'), Timestamp('2026-06-15 15:27:55.775000'), Timestamp('2026-06-15 15:27:56.502000'), Timestamp('2026-06-15 15:27:56.650000'), Timestamp('2026-06-15 15:27:57.376000'), Timestamp('2026-06-15 15:27:57.514000'), Timestamp('2026-06-15 15:27:58.241000'), Timestamp('2026-06-15 15:27:58.379000'), Timestamp('2026-06-15 15:27:59.113000'), Timestamp('2026-06-15 15:27:59.253000'), Timestamp('2026-06-15 15:27:59.978000'), Timestamp('2026-06-15 15:28:00.122000'), Timestamp('2026-06-15 15:28:00.852000'), Timestamp('2026-06-15 15:28:00.996000'), Timestamp('2026-06-15 15:28:01.724000'), Timestamp('2026-06-15 15:28:01.864000'), Timestamp('2026-06-15 15:28:02.594000'), Timestamp('2026-06-15 15:28:02.734000'), Timestamp('2026-06-15 15:28:02.893000'), Timestamp('2026-06-15 15:28:03.033000'), Timestamp('2026-06-15 15:28:03.541000'), Timestamp('2026-06-15 15:28:03.683000')]","[0.142, 0.51, 0.141, 0.149, 0.14, 0.727, 0.148, 0.726, 0.138, 0.727, 0.138, 0.734, 0.14, 0.725, 0.144, 0.73, 0.144, 0.728, 0.14, 0.73, 0.14, 0.159, 0.14, 0.508, 0.142]","[21.66180388832752, 21.162351612664253, 21.24787948263136, 22.089354870419548, 21.95796341465794, 21.31740039157696, 21.06120284805333, 22.043139555056214, 21.54466285547945, 21.563821607074203, 21.08004960789807, 21.44955390630131, 21.57803881941813, 21.992127654559603, 21.394180119815594, 21.98931596961845, 21.950913511861152, 21.682121836338386, 20.874718976524065, 21.319550015202182, 21.482160312805476, 21.523109979169952, 21.127647326042943, 21.75622617436469, 21.547873517554834, 21.52044698170468]","[3.0759761521425073, 10.79279932245877, 2.995951007051022, 3.2913138756925124, 3.0741148780521117, 15.497750084676449, 3.117058021511893, 16.00331931697081, 2.9731634740561645, 15.676898308342945, 2.9090468458899337, 15.743972567225162, 3.0209254347185386, 15.944292549555712, 3.0807619372534454, 16.052200657821466, 3.1609315457080056, 15.784584696854344, 2.9224606567133695, 15.563271511097593, 3.007502443792767, 3.4221744866880224, 2.9578706256460126, 11.052162896577263, 3.059798039492786]",194.1803013359896,10.002593559426794,c:\git\RailwAI\VIDEO\20260615\ADTC Rastatt_00_20260615152754.mp4,2026-06-15 15:27:54,Trieb
ADTC1_adz_raw_20260615_1534,2026-06-15 15:32:33.498,2026-06-15 15:32:43.568,"[Timestamp('2026-06-15 15:32:43.568000'), Timestamp('2026-06-15 15:32:43.697000'), Timestamp('2026-06-15 15:32:43.987000'), Timestamp('2026-06-15 15:32:44.123000'), Timestamp('2026-06-15 15:32:44.344000'), Timestamp('2026-06-15 15:32:44.421000'), Timestamp('2026-06-15 15:32:44.764000'), Timestamp('2026-06-15 15:32:44.840000'), Timestamp('2026-06-15 15:32:44.991000'), Timestamp('2026-06-15 15:32:45.066000'), Timestamp('2026-06-15 15:32:45.512000'), Timestamp('2026-06-15 15:32:45.586000'), Timestamp('2026-06-15 15:32:45.738000'), Timestamp('2026-06-15 15:32:45.813000'), Timestamp('2026-06-15 15:32:46.251000'), Timestamp('2026-06-15 15:32:46.321000'), Timestamp('2026-06-15 15:32:46.476000'), Timestamp('2026-06-15 15:32:46.548000'), Timestamp('2026-06-15 15:32:46.988000'), Timestamp('2026-06-15 15:32:47.060000'), Timestamp('2026-06-15 15:32:47.213000'), Timestamp('2026-06-15 15:32:47.290000'), Timestamp('2026-06-15 15:32:47.714000'), Timestamp('2026-06-15 15:32:47.786000'), Timestamp('2026-06-15 15:32:47.941000'), Timestamp('2026-06-15 15:32:48.015000'), Timestamp('2026-06-15 15:32:48.442000'), Timestamp('2026-06-15 15:32:48.513000'), Timestamp('2026-06-15 15:32:48.744000'), Timestamp('2026-06-15 15:32:49.169000'), Timestamp('2026-06-15 15:32:49.239000'), Timestamp('2026-06-15 15:32:49.396000'), Timestamp('2026-06-15 15:32:49.473000'), Timestamp('2026-06-15 15:32:49.905000'), Timestamp('2026-06-15 15:32:49.979000'), Timestamp('2026-06-15 15:32:50.132000'), Timestamp('2026-06-15 15:32:50.206000'), Timestamp('2026-06-15 15:32:50.715000'), Timestamp('2026-06-15 15:32:50.866000'), Timestamp('2026-06-15 15:32:50.940000'), Timestamp('2026-06-15 15:32:51.403000'), Timestamp('2026-06-15 15:32:51.478000'), Timestamp('2026-06-15 15:32:51.628000'), Timestamp('2026-06-15 15:32:51.705000'), Timestamp('2026-06-15 15:32:52.216000'), Timestamp('2026-06-15 15:32:52.378000'), Timestamp('2026-06-15 15:32:52.450000'), Timestamp('2026-06-15 15:32:52.892000'), Timestamp('2026-06-15 15:32:52.967000'), Timestamp('2026-06-15 15:32:53.139000'), Timestamp('2026-06-15 15:32:53.213000'), Timestamp('2026-06-15 15:32:53.656000'), Timestamp('2026-06-15 15:32:53.727000'), Timestamp('2026-06-15 15:32:53.900000'), Timestamp('2026-06-15 15:32:53.975000'), Timestamp('2026-06-15 15:32:54.416000'), Timestamp('2026-06-15 15:32:54.493000'), Timestamp('2026-06-15 15:32:54.654000'), Timestamp('2026-06-15 15:32:54.731000'), Timestamp('2026-06-15 15:32:55.242000'), Timestamp('2026-06-15 15:32:55.406000'), Timestamp('2026-06-15 15:32:55.485000'), Timestamp('2026-06-15 15:32:56.002000'), Timestamp('2026-06-15 15:32:56.164000'), Timestamp('2026-06-15 15:32:56.239000'), Timestamp('2026-06-15 15:32:56.688000'), Timestamp('2026-06-15 15:32:56.764000'), Timestamp('2026-06-15 15:32:56.919000'), Timestamp('2026-06-15 15:32:56.995000'), Timestamp('2026-06-15 15:32:57.447000'), Timestamp('2026-06-15 15:32:57.521000')]","[0.129, 0.29, 0.136, 0.221, 0.077, 0.343, 0.076, 0.151, 0.075, 0.446, 0.074, 0.152, 0.075, 0.438, 0.07, 0.155, 0.072, 0.44, 0.072, 0.153, 0.077, 0.424, 0.072, 0.155, 0.074, 0.427, 0.071, 0.231, 0.425, 0.07, 0.157, 0.077, 0.432, 0.074, 0.153, 0.074, 0.509, 0.151, 0.074, 0.463, 0.075, 0.15, 0.077, 0.511, 0.162, 0.072, 0.442, 0.075, 0.172, 0.074, 0.443, 0.071, 0.173, 0.075, 0.441, 0.077, 0.161, 0.077, 0.511, 0.164, 0.079, 0.517, 0.162, 0.075, 0.449, 0.076, 0.155, 0.076, 0.452, 0.074]","[nan, nan, nan, nan, nan, nan, nan, nan, nan, nan, nan, nan, nan, nan, nan, nan, nan, nan, nan, nan, nan, nan, nan, nan, nan, nan, nan, nan, nan, nan, nan, nan, nan, nan, nan, nan, nan, nan, nan, nan, nan, nan, nan, nan, nan, nan, nan, nan, nan, nan, nan, nan, nan, nan, nan, nan, nan, nan, nan, nan, nan, nan, nan, nan, nan, nan, nan, nan, nan, nan, nan, nan, nan, nan, nan, nan]","[nan, nan, nan, nan, nan, nan, nan, nan, nan, nan, nan, nan, nan, nan, nan, nan, nan, nan, nan, nan, nan, nan, nan, nan, nan, nan, nan, nan, nan, nan, nan, nan, nan, nan, nan, nan, nan, nan, nan, nan, nan, nan, nan, nan, nan, nan, nan, nan, nan, nan, nan, nan, nan, nan, nan, nan, nan, nan, nan, nan, nan, nan, nan, nan, nan, nan, nan, nan, nan, nan]",,9.96230104710481,c:\git\RailwAI\VIDEO\20260615\ADTC Rastatt_00_20260615153243.mp4,2026-06-15 15:32:43,Lok
ADTC1_adz_raw_20260615_1539,2026-06-15 15:38:10.912,2026-06-15 15:38:20.967,"[Timestamp('2026-06-15 15:38:20.967000'), Timestamp('2026-06-15 15:38:21.108000'), Timestamp('2026-06-15 15:38:21.419000'), Timestamp('2026-06-15 15:38:21.568000'), Timestamp('2026-06-15 15:38:21.815000'), Timestamp('2026-06-15 15:38:21.895000'), Timestamp('2026-06-15 15:38:22.336000'), Timestamp('2026-06-15 15:38:22.414000'), Timestamp('2026-06-15 15:38:22.601000'), Timestamp('2026-06-15 15:38:22.682000'), Timestamp('2026-06-15 15:38:23.124000'), Timestamp('2026-06-15 15:38:23.204000'), Timestamp('2026-06-15 15:38:23.391000'), Timestamp('2026-06-15 15:38:23.474000'), Timestamp('2026-06-15 15:38:23.918000'), Timestamp('2026-06-15 15:38:23.999000'), Timestamp('2026-06-15 15:38:24.187000'), Timestamp('2026-06-15 15:38:24.268000'), Timestamp('2026-06-15 15:38:24.716000'), Timestamp('2026-06-15 15:38:24.796000'), Timestamp('2026-06-15 15:38:24.984000'), Timestamp('2026-06-15 15:38:25.066000'), Timestamp('2026-06-15 15:38:25.513000'), Timestamp('2026-06-15 15:38:25.593000'), Timestamp('2026-06-15 15:38:25.769000'), Timestamp('2026-06-15 15:38:25.852000'), Timestamp('2026-06-15 15:38:26.319000'), Timestamp('2026-06-15 15:38:26.400000'), Timestamp('2026-06-15 15:38:26.567000'), Timestamp('2026-06-15 15:38:26.648000'), Timestamp('2026-06-15 15:38:27.115000'), Timestamp('2026-06-15 15:38:27.194000'), Timestamp('2026-06-15 15:38:27.362000'), Timestamp('2026-06-15 15:38:27.441000'), Timestamp('2026-06-15 15:38:27.912000'), Timestamp('2026-06-15 15:38:27.993000'), Timestamp('2026-06-15 15:38:28.170000'), Timestamp('2026-06-15 15:38:28.249000'), Timestamp('2026-06-15 15:38:28.777000'), Timestamp('2026-06-15 15:38:28.962000'), Timestamp('2026-06-15 15:38:29.046000'), Timestamp('2026-06-15 15:38:29.490000'), Timestamp('2026-06-15 15:38:29.573000'), Timestamp('2026-06-15 15:38:29.760000'), Timestamp('2026-06-15 15:38:29.844000'), Timestamp('2026-06-15 15:38:30.284000'), Timestamp('2026-06-15 15:38:30.367000'), Timestamp('2026-06-15 15:38:30.552000'), Timestamp('2026-06-15 15:38:30.635000'), Timestamp('2026-06-15 15:38:31.079000'), Timestamp('2026-06-15 15:38:31.158000'), Timestamp('2026-06-15 15:38:31.352000'), Timestamp('2026-06-15 15:38:31.433000'), Timestamp('2026-06-15 15:38:31.881000'), Timestamp('2026-06-15 15:38:31.959000'), Timestamp('2026-06-15 15:38:32.151000'), Timestamp('2026-06-15 15:38:32.233000'), Timestamp('2026-06-15 15:38:32.681000'), Timestamp('2026-06-15 15:38:32.759000'), Timestamp('2026-06-15 15:38:32.953000'), Timestamp('2026-06-15 15:38:33.034000'), Timestamp('2026-06-15 15:38:33.481000'), Timestamp('2026-06-15 15:38:33.561000'), Timestamp('2026-06-15 15:38:33.752000'), Timestamp('2026-06-15 15:38:33.834000'), Timestamp('2026-06-15 15:38:34.281000'), Timestamp('2026-06-15 15:38:34.363000'), Timestamp('2026-06-15 15:38:34.588000'), Timestamp('2026-06-15 15:38:34.670000'), Timestamp('2026-06-15 15:38:34.986000'), Timestamp('2026-06-15 15:38:35.069000'), Timestamp('2026-06-15 15:38:35.304000'), Timestamp('2026-06-15 15:38:35.385000'), Timestamp('2026-06-15 15:38:35.700000'), Timestamp('2026-06-15 15:38:35.782000'), Timestamp('2026-06-15 15:38:35.998000'), Timestamp('2026-06-15 15:38:36.082000'), Timestamp('2026-06-15 15:38:36.575000'), Timestamp('2026-06-15 15:38:36.740000'), Timestamp('2026-06-15 15:38:36.822000'), Timestamp('2026-06-15 15:38:37.403000'), Timestamp('2026-06-15 15:38:37.568000'), Timestamp('2026-06-15 15:38:37.652000'), Timestamp('2026-06-15 15:38:38.151000'), Timestamp('2026-06-15 15:38:38.235000'), Timestamp('2026-06-15 15:38:38.398000'), Timestamp('2026-06-15 15:38:38.481000'), Timestamp('2026-06-15 15:38:38.986000'), Timestamp('2026-06-15 15:38:39.067000'), Timestamp('2026-06-15 15:38:39.231000'), Timestamp('2026-06-15 15:38:39.313000'), Timestamp('2026-06-15 15:38:39.900000')]","[0.141, 0.311, 0.149, 0.247, 0.08, 0.441, 0.078, 0.187, 0.081, 0.442, 0.08, 0.187, 0.083, 0.444, 0.081, 0.188, 0.081, 0.448, 0.08, 0.188, 0.082, 0.447, 0.08, 0.176, 0.083, 0.467, 0.081, 0.167, 0.081, 0.467, 0.079, 0.168, 0.079, 0.471, 0.081, 0.177, 0.079, 0.528, 0.185, 0.084, 0.444, 0.083, 0.187, 0.084, 0.44, 0.083, 0.185, 0.083, 0.444, 0.079, 0.194, 0.081, 0.448, 0.078, 0.192, 0.082, 0.448, 0.078, 0.194, 0.081, 0.447, 0.08, 0.191, 0.082, 0.447, 0.082, 0.225, 0.082, 0.316, 0.083, 0.235, 0.081, 0.315, 0.082, 0.216, 0.084, 0.493, 0.165, 0.082, 0.581, 0.165, 0.084, 0.499, 0.084, 0.163, 0.083, 0.505, 0.081, 0.164, 0.082, 0.587]","[nan, nan, nan, nan, nan, nan, nan, nan, nan, nan, nan, nan, nan, nan, nan, nan, nan, nan, nan, nan, nan, nan, nan, nan, nan, nan, nan, nan, nan, nan, nan, nan, nan, nan, nan, nan, nan, nan, nan, nan, nan, nan, nan, nan, nan, nan, nan, nan, nan, nan, nan, nan, nan, nan, nan, nan, nan, nan, nan, nan, nan, nan, nan, nan, nan, nan, nan, nan, nan, nan, nan, nan, nan, nan, nan, nan, nan, nan, nan, nan, nan, nan]","[nan, nan, nan, nan, nan, nan, nan, nan, nan, nan, nan, nan, nan, nan, nan, nan, nan, nan, nan, nan, nan, nan, nan, nan, nan, nan, nan, nan, nan, nan, nan, nan, nan, nan, nan, nan, nan, nan, nan, nan, nan, nan, nan, nan, nan, nan, nan, nan, nan, nan, nan, nan, nan, nan, nan, nan, nan, nan, nan, nan, nan, nan, nan, nan, nan, nan, nan, nan, nan, nan, nan, nan, nan, nan, nan, nan, nan, nan, nan, nan, nan, nan]",,9.929816577119784,c:\git\RailwAI\VIDEO\20260615\ADTC Rastatt_00_20260615153820.mp4,2026-06-15 15:38:20,Lok
ADTC1_adz_raw_20260615_1543,2026-06-15 15:42:19.245,2026-06-15 15:42:29.299,"[Timestamp('2026-06-15 15:42:29.299000'), Timestamp('2026-06-15 15:42:29.404000'), Timestamp('2026-06-15 15:42:30.188000'), Timestamp('2026-06-15 15:42:30.294000'), Timestamp('2026-06-15 15:42:30.614000'), Timestamp('2026-06-15 15:42:30.720000'), Timestamp('2026-06-15 15:42:31.501000'), Timestamp('2026-06-15 15:42:31.607000'), Timestamp('2026-06-15 15:42:31.919000'), Timestamp('2026-06-15 15:42:32.037000'), Timestamp('2026-06-15 15:42:32.815000'), Timestamp('2026-06-15 15:42:32.931000'), Timestamp('2026-06-15 15:42:33.242000'), Timestamp('2026-06-15 15:42:33.345000'), Timestamp('2026-06-15 15:42:34.134000'), Timestamp('2026-06-15 15:42:34.237000'), Timestamp('2026-06-15 15:42:34.555000'), Timestamp('2026-06-15 15:42:34.674000'), Timestamp('2026-06-15 15:42:35.443000'), Timestamp('2026-06-15 15:42:35.564000'), Timestamp('2026-06-15 15:42:35.874000'), Timestamp('2026-06-15 15:42:35.978000'), Timestamp('2026-06-15 15:42:36.775000'), Timestamp('2026-06-15 15:42:36.874000'), Timestamp('2026-06-15 15:42:37.191000'), Timestamp('2026-06-15 15:42:37.305000'), Timestamp('2026-06-15 15:42:38.079000'), Timestamp('2026-06-15 15:42:38.200000'), Timestamp('2026-06-15 15:42:38.509000'), Timestamp('2026-06-15 15:42:38.624000'), Timestamp('2026-06-15 15:42:39.403000'), Timestamp('2026-06-15 15:42:39.524000'), Timestamp('2026-06-15 15:42:39.837000'), Timestamp('2026-06-15 15:42:39.944000'), Timestamp('2026-06-15 15:42:40.731000'), Timestamp('2026-06-15 15:42:40.837000'), Timestamp('2026-06-15 15:42:41.155000'), Timestamp('2026-06-15 15:42:41.275000'), Timestamp('2026-06-15 15:42:42.052000'), Timestamp('2026-06-15 15:42:42.167000'), Timestamp('2026-06-15 15:42:42.478000'), Timestamp('2026-06-15 15:42:42.594000'), Timestamp('2026-06-15 15:42:43.377000'), Timestamp('2026-06-15 15:42:43.492000'), Timestamp('2026-06-15 15:42:43.809000'), Timestamp('2026-06-15 15:42:43.916000'), Timestamp('2026-06-15 15:42:44.706000'), Timestamp('2026-06-15 15:42:44.814000')]","[0.105, 0.784, 0.106, 0.32, 0.106, 0.781, 0.106, 0.312, 0.118, 0.778, 0.116, 0.311, 0.103, 0.789, 0.103, 0.318, 0.119, 0.769, 0.121, 0.31, 0.104, 0.797, 0.099, 0.317, 0.114, 0.774, 0.121, 0.309, 0.115, 0.779, 0.121, 0.313, 0.107, 0.787, 0.106, 0.318, 0.12, 0.777, 0.115, 0.311, 0.116, 0.783, 0.115, 0.317, 0.107, 0.79, 0.108]","[21.82829961340574, 22.059220997627556, 21.78966643074712, 22.402977139819246, 22.488389870352144, 23.113181542532658, 21.739178665720047, 22.054603936971702, 21.8742529285202, 22.05280121338516, 21.94378326335214, 22.447425965348067, 21.903544026306175, 21.537395616817996, 22.526231342495834, 21.95142918547174, 22.70152830832592, 22.422556716370735, 22.591061972234144, 21.865496127488747, 22.368421052631582, 22.479309785254504, 22.817620739760315, 22.582420867876877, 21.942054749558807, 22.347217999391916, 21.748403782055604, 21.596426490580697, 21.882243393739284, 22.073828692832386, 22.30069501372546, 22.584070016961377, 22.4818581795326, 22.939650783453843, 22.296293909192663, 22.397084668010322, 22.900763358778622, 23.157346430033108, 22.245405940808944, 22.451061286401576, 22.89288302980882, 22.388867493271775, 22.470884597130443, 22.169504810123666, 22.18264644735233, 22.508640804804266, 22.77666661567644, 22.035158891142665]","[2.2919714594076024, 17.294429262140003, 2.3097046416591946, 7.168952684742159, 2.3837693262573274, 18.051394784718006, 2.304352938566325, 6.881036428335171, 2.5811618455653833, 17.157079344013653, 2.5454788585488486, 6.981149475223249, 2.256065034709536, 16.9930051416694, 2.320201828277071, 6.980554480980013, 2.7014818686907844, 17.242946114889097, 2.7335184986403314, 6.778303799521511, 2.3263157894736843, 17.91600989884784, 2.2589444532362712, 7.15862741511697, 2.501394241449704, 17.296746731529343, 2.631556857628728, 6.673295785589436, 2.516457990280018, 17.19551255171643, 2.6983840966607806, 7.068813915308911, 2.4055588252099884, 18.053505166578176, 2.363407154374422, 7.122272924427283, 2.7480916030534344, 17.993258176135726, 2.5582216831930285, 6.98228006007089, 2.6555744314578233, 17.5304832472318, 2.584151728670001, 7.027733024809202, 2.373543169866699, 17.78182623579537, 2.4598799944930554]",346.8384049687598,9.940000278236536,c:\git\RailwAI\VIDEO\20260615\ADTC Rastatt_00_20260615154229.mp4,2026-06-15 15:42:29,Trieb
ADTC1_adz_raw_20260615_1546,2026-06-15 15:45:32.518,2026-06-15 15:45:42.589,"[Timestamp('2026-06-15 15:45:42.589000'), Timestamp('2026-06-15 15:45:42.696000'), Timestamp('2026-06-15 15:45:43.397000'), Timestamp('2026-06-15 15:45:43.516000'), Timestamp('2026-06-15 15:45:44.223000'), Timestamp('2026-06-15 15:45:44.327000'), Timestamp('2026-06-15 15:45:44.716000'), Timestamp('2026-06-15 15:45:44.814000'), Timestamp('2026-06-15 15:45:45.523000'), Timestamp('2026-06-15 15:45:45.641000'), Timestamp('2026-06-15 15:45:46.355000'), Timestamp('2026-06-15 15:45:46.459000')]","[0.107, 0.701, 0.119, 0.707, 0.104, 0.389, 0.098, 0.709, 0.118, 0.714, 0.104]","[22.038734001724517, 22.336444917090077, 22.318483503160294, 22.0944124192732, 21.54801720019111, 21.739124139714406, 22.095454301514273, 21.268724881256848, 21.893099408832107, 21.780377895485806, 21.897816514046298, 21.809004244992714]","[2.3581445381845234, 15.657847886880143, 2.655899536876075, 15.620749580426152, 2.2409937888198757, 8.456519290348904, 2.165354521548399, 15.079525940811104, 2.5833857302421883, 15.551189817376866, 2.277372917460815]",84.64698354897504,9.954589266373205,c:\git\RailwAI\VIDEO\20260615\ADTC Rastatt_00_20260615154542.mp4,2026-06-15 15:45:42,Trieb
ADTC1_adz_raw_20260615_1549,2026-06-15 15:48:02.362,2026-06-15 15:48:12.400,"[Timestamp('2026-06-15 15:48:12.400000'), Timestamp('2026-06-15 15:48:12.506000'), Timestamp('2026-06-15 15:48:13.294000'), Timestamp('2026-06-15 15:48:13.400000'), Timestamp('2026-06-15 15:48:13.707000'), Timestamp('2026-06-15 15:48:13.827000'), Timestamp('2026-06-15 15:48:14.606000'), Timestamp('2026-06-15 15:48:14.718000'), Timestamp('2026-06-15 15:48:15.029000'), Timestamp('2026-06-15 15:48:15.149000'), Timestamp('2026-06-15 15:48:15.920000'), Timestamp('2026-06-15 15:48:16.039000'), Timestamp('2026-06-15 15:48:16.349000'), Timestamp('2026-06-15 15:48:16.462000'), Timestamp('2026-06-15 15:48:17.243000'), Timestamp('2026-06-15 15:48:17.360000'), Timestamp('2026-06-15 15:48:17.674000'), Timestamp('2026-06-15 15:48:17.777000'), Timestamp('2026-06-15 15:48:18.571000'), Timestamp('2026-06-15 15:48:18.671000'), Timestamp('2026-06-15 15:48:18.990000'), Timestamp('2026-06-15 15:48:19.103000'), Timestamp('2026-06-15 15:48:19.884000'), Timestamp('2026-06-15 15:48:20'), Timestamp('2026-06-15 15:48:20.306000'), Timestamp('2026-06-15 15:48:20.427000'), Timestamp('2026-06-15 15:48:21.206000'), Timestamp('2026-06-15 15:48:21.326000'), Timestamp('2026-06-15 15:48:21.636000'), Timestamp('2026-06-15 15:48:21.744000'), Timestamp('2026-06-15 15:48:22.538000'), Timestamp('2026-06-15 15:48:22.642000'), Timestamp('2026-06-15 15:48:22.958000'), Timestamp('2026-06-15 15:48:23.081000'), Timestamp('2026-06-15 15:48:23.855000'), Timestamp('2026-06-15 15:48:23.975000'), Timestamp('2026-06-15 15:48:24.292000'), Timestamp('2026-06-15 15:48:24.395000'), Timestamp('2026-06-15 15:48:25.192000'), Timestamp('2026-06-15 15:48:25.297000'), Timestamp('2026-06-15 15:48:25.611000'), Timestamp('2026-06-15 15:48:25.733000'), Timestamp('2026-06-15 15:48:26.519000'), Timestamp('2026-06-15 15:48:26.630000'), Timestamp('2026-06-15 15:48:26.949000'), Timestamp('2026-06-15 15:48:27.056000'), Timestamp('2026-06-15 15:48:27.856000'), Timestamp('2026-06-15 15:48:27.957000'), Timestamp('2026-06-15 15:48:28.280000'), Timestamp('2026-06-15 15:48:28.387000'), Timestamp('2026-06-15 15:48:29.186000'), Timestamp('2026-06-15 15:48:29.292000')]","[0.106, 0.788, 0.106, 0.307, 0.12, 0.779, 0.112, 0.311, 0.12, 0.771, 0.119, 0.31, 0.113, 0.781, 0.117, 0.314, 0.103, 0.794, 0.1, 0.319, 0.113, 0.781, 0.116, 0.306, 0.121, 0.779, 0.12, 0.31, 0.108, 0.794, 0.104, 0.316, 0.123, 0.774, 0.12, 0.317, 0.103, 0.797, 0.105, 0.314, 0.122, 0.786, 0.111, 0.319, 0.107, 0.8, 0.101, 0.323, 0.107, 0.799, 0.106]","[22.72653759068435, 22.41568348609448, 22.291299388550705, 22.33245357174796, 21.59401827374485, 21.825120548722317, 22.408214616308292, 21.908315565031984, 22.44993742177722, 22.73978724123586, 21.980281071667832, 22.05622667641288, 22.097781532684238, 21.937627589801508, 22.01647480631588, 21.715484927002908, 22.35587091689797, 21.86147760758183, 22.208192581735474, 21.987602827018883, 22.148429976706748, 22.097781532684238, 21.98494189910843, 21.822500712443784, 21.515326778484674, 21.70209075962241, 21.987602827018883, 22.10098109457001, 22.016151108677796, 22.309861390576057, 22.12111507343539, 22.06916511161794, 22.338261417683803, 23.21272477522478, 22.312609831643563, 22.138413458730064, 22.388867493271775, 22.307692307692307, 22.230580299517072, 22.208192581735474, 22.427546227703587, 21.887114790722126, 22.23378507056122, 22.133801657428247, 22.50976882364901, 22.553278067983953, 23.234321419078785, 21.861475719886172, 21.601268976526697, 22.647425801847625, 21.78914988760522, 22.11006199298884]","[2.409012984612541, 17.663558587042452, 2.3628777351863746, 6.856063246526623, 2.591282192849382, 17.001768907454686, 2.5097200370265287, 6.8134861407249465, 2.6939924906132666, 17.532375962992848, 2.615653447528472, 6.837430269687993, 2.497049313193319, 17.133287147634977, 2.575927552338958, 6.818662267078913, 2.302654704440491, 17.358013220419974, 2.2208192581735475, 7.014045301819023, 2.5027725873678626, 17.25836737702639, 2.550253260296578, 6.677685218007798, 2.6033545401966456, 16.905928701745857, 2.638512339242266, 6.851304139316703, 2.377744319737202, 17.71402994411739, 2.3005959676372805, 6.97385617527127, 2.7476061543751076, 17.96664897602398, 2.6775131797972276, 7.01787706641743, 2.306053351806993, 17.779230769230768, 2.3342109314492925, 6.973372470664939, 2.7361606397798375, 17.203272225507593, 2.4679501428322954, 7.060682728719611, 2.4085452641304443, 18.042622454387164, 2.3466664633269576, 7.061256657523234, 2.3113357804883568, 18.095293215676254, 2.3096498880861533]",375.00803369753226,9.929678440584397,c:\git\RailwAI\VIDEO\20260615\ADTC Rastatt_00_20260615154812.mp4,2026-06-15 15:48:12,Trieb
ADTC1_adz_raw_20260615_1553,2026-06-15 15:52:21.293,2026-06-15 15:52:31.313,"[Timestamp('2026-06-15 15:52:31.313000'), Timestamp('2026-06-15 15:52:31.434000'), Timestamp('2026-06-15 15:52:32.155000'), Timestamp('2026-06-15 15:52:32.266000'), Timestamp('2026-06-15 15:52:32.467000'), Timestamp('2026-06-15 15:52:32.585000'), Timestamp('2026-06-15 15:52:33.331000'), Timestamp('2026-06-15 15:52:33.439000'), Timestamp('2026-06-15 15:52:33.644000'), Timestamp('2026-06-15 15:52:33.754000'), Timestamp('2026-06-15 15:52:34.504000'), Timestamp('2026-06-15 15:52:34.613000'), Timestamp('2026-06-15 15:52:34.819000'), Timestamp('2026-06-15 15:52:34.931000'), Timestamp('2026-06-15 15:52:35.656000'), Timestamp('2026-06-15 15:52:35.769000')]","[0.121, 0.721, 0.111, 0.201, 0.118, 0.746, 0.108, 0.205, 0.11, 0.75, 0.109, 0.206, 0.112, 0.725, 0.113]","[22.583271672624722, 22.462008013581936, 22.421587279423306, 21.7795312104775, 22.05280121338516, 22.810703228659882, 22.454281751269406, 22.528227516737857, 22.174006805003113, 22.33384696484327, 22.300420533138702, 22.45684161742556, 21.45410652802069, 22.142882330124472, 22.42730000913655, 22.15216590772326]","[2.7325758723875913, 16.195107777792575, 2.488796188015987, 4.377685773305978, 2.6022305431794486, 17.016784608580274, 2.4250624291370957, 4.61828664093126, 2.4391407485503427, 16.750385223632453, 2.4307458381121183, 4.626109373189665, 2.4028599311383174, 16.053589689340242, 2.5342849010324304]",99.69364553832578,9.902062490808422,c:\git\RailwAI\VIDEO\20260615\ADTC Rastatt_00_20260615155231.mp4,2026-06-15 15:52:31,Trieb
ADTC1_adz_raw_20260615_1602,2026-06-15 16:01:23.654,2026-06-15 16:01:33.805,"[Timestamp('2026-06-15 16:01:33.805000'), Timestamp('2026-06-15 16:01:34.173000'), Timestamp('2026-06-15 16:01:34.256000'), Timestamp('2026-06-15 16:01:35.167000'), Timestamp('2026-06-15 16:01:35.508000'), Timestamp('2026-06-15 16:01:35.984000'), Timestamp('2026-06-15 16:01:36.413000'), Timestamp('2026-06-15 16:01:36.875000')]","[0.368, 0.083, 0.911, 0.341, 0.476, 0.429, 0.462]","[22.45760869152798, 21.00025286276776, 10.793279607147426, 50.43264608482001, 21.280877395985307, 23.528064802358536, 26.81816324246145, 21.724105174831074]","[8.264399998482297, 1.743020987609724, 9.832677722111304, 17.197532314923624, 10.129697640489006, 10.093539800211811, 12.389991418017189]",69.65085988184495,9.939960768804244,c:\git\RailwAI\VIDEO\20260615\ADTC Rastatt_00_20260615160133.mp4,2026-06-15 16:01:33,Trieb
ADTC1_adz_raw_20260615_1607,2026-06-15 16:05:35.219,2026-06-15 16:05:45.247,"[Timestamp('2026-06-15 16:05:45.247000'), Timestamp('2026-06-15 16:05:45.372000'), Timestamp('2026-06-15 16:05:45.744000'), Timestamp('2026-06-15 16:05:45.865000'), Timestamp('2026-06-15 16:05:46.154000'), Timestamp('2026-06-15 16:05:46.626000'), Timestamp('2026-06-15 16:05:46.869000'), Timestamp('2026-06-15 16:05:47.345000'), Timestamp('2026-06-15 16:05:47.625000'), Timestamp('2026-06-15 16:05:48.099000'), Timestamp('2026-06-15 16:05:48.346000'), Timestamp('2026-06-15 16:05:48.825000'), Timestamp('2026-06-15 16:05:49.103000'), Timestamp('2026-06-15 16:05:49.574000'), Timestamp('2026-06-15 16:05:49.823000'), Timestamp('2026-06-15 16:05:50.302000'), Timestamp('2026-06-15 16:05:50.582000'), Timestamp('2026-06-15 16:05:51.054000'), Timestamp('2026-06-15 16:05:51.305000'), Timestamp('2026-06-15 16:05:51.782000'), Timestamp('2026-06-15 16:05:52.059000'), Timestamp('2026-06-15 16:05:52.537000'), Timestamp('2026-06-15 16:05:52.790000'), Timestamp('2026-06-15 16:05:53.271000'), Timestamp('2026-06-15 16:05:53.549000'), Timestamp('2026-06-15 16:05:54.032000'), Timestamp('2026-06-15 16:05:54.274000'), Timestamp('2026-06-15 16:05:54.755000'), Timestamp('2026-06-15 16:05:55.041000'), Timestamp('2026-06-15 16:05:55.517000'), Timestamp('2026-06-15 16:05:55.770000'), Timestamp('2026-06-15 16:05:56.253000'), Timestamp('2026-06-15 16:05:56.535000'), Timestamp('2026-06-15 16:05:57.016000'), Timestamp('2026-06-15 16:05:57.262000'), Timestamp('2026-06-15 16:05:57.748000'), Timestamp('2026-06-15 16:05:58.030000'), Timestamp('2026-06-15 16:05:58.516000'), Timestamp('2026-06-15 16:05:58.764000'), Timestamp('2026-06-15 16:05:59.249000'), Timestamp('2026-06-15 16:05:59.530000'), Timestamp('2026-06-15 16:06:00.013000'), Timestamp('2026-06-15 16:06:00.265000'), Timestamp('2026-06-15 16:06:00.751000'), Timestamp('2026-06-15 16:06:01.028000'), Timestamp('2026-06-15 16:06:01.508000'), Timestamp('2026-06-15 16:06:01.759000'), Timestamp('2026-06-15 16:06:02.242000'), Timestamp('2026-06-15 16:06:02.527000'), Timestamp('2026-06-15 16:06:03.006000'), Timestamp('2026-06-15 16:06:03.256000'), Timestamp('2026-06-15 16:06:03.738000'), Timestamp('2026-06-15 16:06:04.020000'), Timestamp('2026-06-15 16:06:04.501000'), Timestamp('2026-06-15 16:06:04.747000'), Timestamp('2026-06-15 16:06:05.229000'), Timestamp('2026-06-15 16:06:05.510000'), Timestamp('2026-06-15 16:06:05.993000'), Timestamp('2026-06-15 16:06:06.241000'), Timestamp('2026-06-15 16:06:06.720000'), Timestamp('2026-06-15 16:06:06.995000'), Timestamp('2026-06-15 16:06:07.480000'), Timestamp('2026-06-15 16:06:07.726000'), Timestamp('2026-06-15 16:06:08.206000'), Timestamp('2026-06-15 16:06:08.482000'), Timestamp('2026-06-15 16:06:08.964000'), Timestamp('2026-06-15 16:06:09.208000'), Timestamp('2026-06-15 16:06:09.687000')]","[0.125, 0.372, 0.121, 0.289, 0.472, 0.243, 0.476, 0.28, 0.474, 0.247, 0.479, 0.278, 0.471, 0.249, 0.479, 0.28, 0.472, 0.251, 0.477, 0.277, 0.478, 0.253, 0.481, 0.278, 0.483, 0.242, 0.481, 0.286, 0.476, 0.253, 0.483, 0.282, 0.481, 0.246, 0.486, 0.282, 0.486, 0.248, 0.485, 0.281, 0.483, 0.252, 0.486, 0.277, 0.48, 0.251, 0.483, 0.285, 0.479, 0.25, 0.482, 0.282, 0.481, 0.246, 0.482, 0.281, 0.483, 0.248, 0.479, 0.275, 0.485, 0.246, 0.48, 0.276, 0.482, 0.244, 0.479]","[20.569825590694954, 21.27245351548373, 21.486847818634736, 21.233122910195654, 21.80128650843288, 21.637742024117216, 21.16063569725156, 21.730512842784684, 21.75234819371839, 21.82250286444075, 22.213305146675022, 22.39497040606097, 22.327827452051046, 22.40921652293134, 22.301071311775637, 22.027896137543546, 22.339436750627385, 21.323487523114608, 22.456628828442923, 22.55079929005204, 22.086845949944244, 22.310137257400733, 22.47952192056051, 22.243633282374525, 22.375463229268874, 22.136089577950045, 21.979614934346863, 22.05345873778488, 22.60716961999414, 22.784910174524164, 22.44163268730528, 22.890491626639268, 22.81015714612004, 22.471443328757324, 22.224868155100715, 22.07005874268844, 22.56197276598501, 22.324661384797984, 22.201967762926575, 22.798109731547715, 22.90623002708707, 22.383673584999194, 23.108157541763198, 22.621182289191168, 22.867336536211525, 22.70426926285385, 23.244435960669414, 23.180865061674243, 23.971163547182037, 23.27238374574206, 23.137618991381053, 24.190098835274043, 23.979185371590436, 23.66042712820873, 23.30511019035609, 23.91794213163998, 24.08745224430102, 24.1922115286728, 23.99929857376666, 23.87452632290492, 24.015164556536142, 23.672997665938922, 24.51572020809484, 23.954309543604452, 24.236795747442592, 24.09561639948929, 24.163106292601007, 24.16768281417433]","[2.5712281988368693, 7.913352707759947, 2.599908586054803, 6.136372521046543, 10.29020723198032, 5.257971311860484, 10.072462591891743, 6.084543595979712, 10.310613043822517, 5.3901582075168655, 10.640173165257336, 6.22580177288495, 10.516406729916042, 5.579894914209904, 10.682213158340529, 6.167810918512194, 10.544214146296126, 5.352195368301767, 10.711811951167274, 6.246571403344416, 10.557512364073348, 5.6444647261223855, 10.812650043789606, 6.183730052500119, 10.807348739736867, 5.3569336778639105, 10.57219478342084, 6.307289199006475, 10.76101273911721, 5.7645822741546136, 10.83930858796845, 6.455118638712273, 10.971685587283739, 5.5279750588743015, 10.801285923378947, 6.223756565438139, 10.965118764268714, 5.5365160234299005, 10.767954365019389, 6.406268834564909, 11.063709103083054, 5.640685743419797, 11.230564565296914, 6.266067494105954, 10.976321537381532, 5.698771584976316, 11.227062569003326, 6.606546542577159, 11.482187339100195, 5.818095936435515, 11.152332353845667, 6.821607871547279, 11.533988163735, 5.8204650735393475, 11.233063111751635, 6.720941738990835, 11.634239433997392, 5.999668459110854, 11.49566401683423, 6.565494738798853, 11.647354809920028, 5.823557425820975, 11.767545699885524, 6.611389434034829, 11.68213555026733, 5.879330401475387, 11.574127914155882]",556.529537086795,9.92306790335691,c:\git\RailwAI\VIDEO\20260615\ADTC Rastatt_00_20260615160545.mp4,2026-06-15 16:05:45,Lok
ADTC1_adz_raw_20260615_1609,2026-06-15 16:08:34.374,2026-06-15 16:08:44.423,"[Timestamp('2026-06-15 16:08:44.423000'), Timestamp('2026-06-15 16:08:44.541000'), Timestamp('2026-06-15 16:08:44.895000'), Timestamp('2026-06-15 16:08:45.013000')]","[0.118, 0.354, 0.118]","[21.02312381280924, 21.34197097621969, 22.2752922051278, 21.666899450925172]","[2.48072860991149, 7.55505772558177, 2.6284844802050804]",12.66427081569834,9.947613804835589,c:\git\RailwAI\VIDEO\20260615\ADTC Rastatt_00_20260615160844.mp4,2026-06-15 16:08:44,Lok
ADTC1_adz_raw_20260615_1621,2026-06-15 16:19:59.712,2026-06-15 16:20:09.818,"[Timestamp('2026-06-15 16:20:09.818000'), Timestamp('2026-06-15 16:20:09.930000'), Timestamp('2026-06-15 16:20:10.597000'), Timestamp('2026-06-15 16:20:10.712000'), Timestamp('2026-06-15 16:20:10.932000'), Timestamp('2026-06-15 16:20:11.040000'), Timestamp('2026-06-15 16:20:11.708000'), Timestamp('2026-06-15 16:20:11.821000'), Timestamp('2026-06-15 16:20:12.040000'), Timestamp('2026-06-15 16:20:12.154000'), Timestamp('2026-06-15 16:20:12.824000'), Timestamp('2026-06-15 16:20:12.943000'), Timestamp('2026-06-15 16:20:13.155000'), Timestamp('2026-06-15 16:20:13.271000'), Timestamp('2026-06-15 16:20:13.939000'), Timestamp('2026-06-15 16:20:14.049000'), Timestamp('2026-06-15 16:20:14.266000'), Timestamp('2026-06-15 16:20:14.380000'), Timestamp('2026-06-15 16:20:15.054000'), Timestamp('2026-06-15 16:20:15.162000'), Timestamp('2026-06-15 16:20:15.385000'), Timestamp('2026-06-15 16:20:15.494000'), Timestamp('2026-06-15 16:20:16.164000'), Timestamp('2026-06-15 16:20:16.271000'), Timestamp('2026-06-15 16:20:16.496000'), Timestamp('2026-06-15 16:20:16.606000'), Timestamp('2026-06-15 16:20:17.279000'), Timestamp('2026-06-15 16:20:17.388000'), Timestamp('2026-06-15 16:20:17.612000'), Timestamp('2026-06-15 16:20:17.720000'), Timestamp('2026-06-15 16:20:18.393000'), Timestamp('2026-06-15 16:20:18.500000')]","[0.112, 0.667, 0.115, 0.22, 0.108, 0.668, 0.113, 0.219, 0.114, 0.67, 0.119, 0.212, 0.116, 0.668, 0.11, 0.217, 0.114, 0.674, 0.108, 0.223, 0.109, 0.67, 0.107, 0.225, 0.11, 0.673, 0.109, 0.224, 0.108, 0.673, 0.107]","[21.309431520604555, 22.672455596075256, 22.268613929872856, 23.54832370396572, 22.87163829719386, 21.99239354746473, 21.981587186048152, 23.105382792474728, 22.57835204480563, 22.26174791392183, 21.98833151665822, 24.425054286468935, 21.860336026400567, 23.087257166679546, 22.667829033317613, 22.637490689539632, 21.891309900763027, 22.75557142166542, 22.019910341078223, 21.35796520837996, 22.3558454937279, 23.125622390328274, 22.224912633834563, 22.988505747126435, 22.507873727385924, 21.996675308464162, 22.414143466775045, 22.75271797825617, 22.329137247824058, 22.88690888196696, 22.283986385890653, 22.20551236342053]","[2.3866563303077104, 15.122527882582197, 2.5608906019353785, 5.1806312148724585, 2.470136936096937, 14.69091888970644, 2.4839193520234413, 5.060078831551966, 2.5739321331078417, 14.915371102327628, 2.616611450482328, 5.178111508731414, 2.535798979062466, 15.422287787341938, 2.4934611936649373, 4.9123354796301, 2.495609328686985, 15.337255138202494, 2.378150316836448, 4.762826241468731, 2.4367871588163412, 15.494167001519944, 2.378065651820298, 5.172413793103448, 2.4758661100124515, 14.803762482596381, 2.44314163787848, 5.096608827129383, 2.4115468227649983, 15.402889677563765, 2.3843865432903]",196.07714640511563,9.997009144466272,c:\git\RailwAI\VIDEO\20260615\ADTC Rastatt_00_20260615162009.mp4,2026-06-15 16:20:09,Trieb
ADTC1_adz_raw_20260615_1627,2026-06-15 16:25:38.355,2026-06-15 16:25:48.417,"[Timestamp('2026-06-15 16:25:48.417000'), Timestamp('2026-06-15 16:25:48.529000'), Timestamp('2026-06-15 16:25:48.879000'), Timestamp('2026-06-15 16:25:48.994000'), Timestamp('2026-06-15 16:25:49.218000'), Timestamp('2026-06-15 16:25:49.339000'), Timestamp('2026-06-15 16:25:50.119000'), Timestamp('2026-06-15 16:25:50.231000'), Timestamp('2026-06-15 16:25:50.418000'), Timestamp('2026-06-15 16:25:50.531000'), Timestamp('2026-06-15 16:25:51.314000'), Timestamp('2026-06-15 16:25:51.430000'), Timestamp('2026-06-15 16:25:51.617000'), Timestamp('2026-06-15 16:25:51.732000'), Timestamp('2026-06-15 16:25:52.510000'), Timestamp('2026-06-15 16:25:52.619000'), Timestamp('2026-06-15 16:25:52.812000'), Timestamp('2026-06-15 16:25:52.926000'), Timestamp('2026-06-15 16:25:53.709000'), Timestamp('2026-06-15 16:25:53.818000')]","[0.112, 0.35, 0.115, 0.224, 0.121, 0.78, 0.112, 0.187, 0.113, 0.783, 0.116, 0.187, 0.115, 0.778, 0.109, 0.193, 0.114, 0.783, 0.109]","[22.219567871741788, 21.50537634408602, 21.6320826759597, 22.18188675918079, 20.869200716905056, 23.336704142834563, 21.168065809146498, 22.39943430198219, 21.325592974832514, 21.6960816960817, 21.252683486726042, 21.984255176039827, 22.072933651072372, 22.340874974157067, 21.097952339532938, 21.405752520860432, 21.777476494306267, 21.82826122894265, 22.64699608512347, 21.67165403041333]","[2.4885916016350804, 7.526881720430106, 2.487689507735366, 4.968742634056498, 2.5251732867455114, 18.20262923141096, 2.3708233706244077, 4.18869421447067, 2.4097920061560743, 16.988031968031972, 2.465311284460221, 4.111055717919448, 2.538387369873323, 17.3812007298942, 2.2996768050090903, 4.131310236526064, 2.4826323203509144, 17.091528542262097, 2.468522573278458]",119.12667512087046,9.951756586890312,c:\git\RailwAI\VIDEO\20260615\ADTC Rastatt_00_20260615162548.mp4,2026-06-15 16:25:48,Lok
ADTC1_adz_raw_20260615_1633,2026-06-15 16:32:11.635,2026-06-15 16:32:21.805,"[Timestamp('2026-06-15 16:32:21.805000'), Timestamp('2026-06-15 16:32:21.914000'), Timestamp('2026-06-15 16:32:22.723000'), Timestamp('2026-06-15 16:32:22.836000'), Timestamp('2026-06-15 16:32:23.163000'), Timestamp('2026-06-15 16:32:23.284000'), Timestamp('2026-06-15 16:32:24.079000'), Timestamp('2026-06-15 16:32:24.201000'), Timestamp('2026-06-15 16:32:24.517000'), Timestamp('2026-06-15 16:32:24.643000'), Timestamp('2026-06-15 16:32:25.444000'), Timestamp('2026-06-15 16:32:25.559000'), Timestamp('2026-06-15 16:32:25.883000'), Timestamp('2026-06-15 16:32:26.006000'), Timestamp('2026-06-15 16:32:26.807000'), Timestamp('2026-06-15 16:32:26.927000'), Timestamp('2026-06-15 16:32:27.255000'), Timestamp('2026-06-15 16:32:27.366000'), Timestamp('2026-06-15 16:32:28.178000'), Timestamp('2026-06-15 16:32:28.287000'), Timestamp('2026-06-15 16:32:28.616000'), Timestamp('2026-06-15 16:32:28.733000'), Timestamp('2026-06-15 16:32:29.540000'), Timestamp('2026-06-15 16:32:29.660000'), Timestamp('2026-06-15 16:32:29.981000'), Timestamp('2026-06-15 16:32:30.101000'), Timestamp('2026-06-15 16:32:30.909000'), Timestamp('2026-06-15 16:32:31.029000'), Timestamp('2026-06-15 16:32:31.358000'), Timestamp('2026-06-15 16:32:31.466000'), Timestamp('2026-06-15 16:32:32.278000'), Timestamp('2026-06-15 16:32:32.384000'), Timestamp('2026-06-15 16:32:32.716000'), Timestamp('2026-06-15 16:32:32.837000'), Timestamp('2026-06-15 16:32:33.648000'), Timestamp('2026-06-15 16:32:33.764000'), Timestamp('2026-06-15 16:32:34.097000'), Timestamp('2026-06-15 16:32:34.209000'), Timestamp('2026-06-15 16:32:35.029000'), Timestamp('2026-06-15 16:32:35.136000'), Timestamp('2026-06-15 16:32:35.463000'), Timestamp('2026-06-15 16:32:35.585000'), Timestamp('2026-06-15 16:32:36.398000'), Timestamp('2026-06-15 16:32:36.519000'), Timestamp('2026-06-15 16:32:36.842000'), Timestamp('2026-06-15 16:32:36.953000'), Timestamp('2026-06-15 16:32:37.767000'), Timestamp('2026-06-15 16:32:37.875000'), Timestamp('2026-06-15 16:32:38.212000'), Timestamp('2026-06-15 16:32:38.325000'), Timestamp('2026-06-15 16:32:39.141000'), Timestamp('2026-06-15 16:32:39.255000')]","[0.109, 0.809, 0.113, 0.327, 0.121, 0.795, 0.122, 0.316, 0.126, 0.801, 0.115, 0.324, 0.123, 0.801, 0.12, 0.328, 0.111, 0.812, 0.109, 0.329, 0.117, 0.807, 0.12, 0.321, 0.12, 0.808, 0.12, 0.329, 0.108, 0.812, 0.106, 0.332, 0.121, 0.811, 0.116, 0.333, 0.112, 0.82, 0.107, 0.327, 0.122, 0.813, 0.121, 0.323, 0.111, 0.814, 0.108, 0.337, 0.113, 0.816, 0.114]","[19.65986394557823, 21.368375710235608, 20.46320872290388, 20.547945205479458, 21.600356723708295, 21.101714343763813, 20.40423309709963, 20.444486298144835, 20.86635591708122, 20.97902097902098, 20.722879899290678, 20.263912129613455, 20.75872862894984, 21.177549926786273, 20.72069921272584, 20.83535696940263, 21.636164917727946, 21.973187384105717, 21.762347912900136, 21.222131097746193, 21.437141615810802, 20.688653906646987, 21.26165175816186, 20.446773344384145, 20.88122605363985, 21.253219242740606, 21.623070480564145, 20.717348132350097, 21.529405563616972, 21.906198861236692, 21.120499053930693, 21.154499760437766, 21.831688746519, 21.35891737702743, 21.246086609869714, 20.765169136983396, 21.995423710020457, 22.31600866147048, 21.86867947718003, 21.881284335182084, 21.999186795300858, 22.09612168217971, 22.455853247546955, 22.361775651249335, 21.763398243105986, 22.5661062707415, 20.959881579272665, 22.244370616463637, 21.208344123704858, 21.13858057443683, 20.326618681718106, 21.591383305980056]","[2.142925170068027, 17.287015949580606, 2.3123425856881386, 6.719178082191783, 2.6136431635687036, 16.775862903292232, 2.489316437846155, 6.460457670213768, 2.6291608455522337, 16.804195804195807, 2.383131188418428, 6.565507529994759, 2.55332362136083, 16.963217491355806, 2.4864839055271006, 6.833997085964063, 2.401614305867802, 17.842228155893842, 2.372095922506115, 6.982081131158497, 2.508145569049864, 16.69574370266412, 2.551398210979423, 6.56341424354731, 2.505747126436782, 17.17260114813441, 2.5947684576676973, 6.816007535543182, 2.325175800870633, 17.787833475324195, 2.2387728997166536, 7.023293920465338, 2.641634338328799, 17.32208199276925, 2.464546046744887, 6.914801322615471, 2.463487455522291, 18.299127102405794, 2.3399487040582634, 7.155179977604542, 2.683900789026705, 17.964146927612102, 2.7171582429531815, 7.2228535353535355, 2.4157372049847643, 18.36881050438358, 2.2636672105614477, 7.496352897748246, 2.396542885978649, 17.24908174874045, 2.317234529715864]",373.096974457752,10.053262316910786,c:\git\RailwAI\VIDEO\20260615\ADTC Rastatt_00_20260615163221.mp4,2026-06-15 16:32:21,Trieb
ADTC1_adz_raw_20260615_1644,2026-06-15 16:43:17.792,2026-06-15 16:43:27.957,"[Timestamp('2026-06-15 16:43:27.957000'), Timestamp('2026-06-15 16:43:28.035000'), Timestamp('2026-06-15 16:43:28.119000'), Timestamp('2026-06-15 16:43:28.600000'), Timestamp('2026-06-15 16:43:28.688000'), Timestamp('2026-06-15 16:43:28.776000'), Timestamp('2026-06-15 16:43:29.774000'), Timestamp('2026-06-15 16:43:30.013000'), Timestamp('2026-06-15 16:43:31.892000'), Timestamp('2026-06-15 16:43:32.820000'), Timestamp('2026-06-15 16:43:35.612000'), Timestamp('2026-06-15 16:43:37.379000'), Timestamp('2026-06-15 16:43:37.462000'), Timestamp('2026-06-15 16:43:38.074000'), Timestamp('2026-06-15 16:43:38.150000'), Timestamp('2026-06-15 16:43:38.308000'), Timestamp('2026-06-15 16:43:38.387000'), Timestamp('2026-06-15 16:43:39.074000'), Timestamp('2026-06-15 16:43:39.310000'), Timestamp('2026-06-15 16:43:39.922000'), Timestamp('2026-06-15 16:43:40'), Timestamp('2026-06-15 16:43:40.155000'), Timestamp('2026-06-15 16:43:40.233000'), Timestamp('2026-06-15 16:43:40.928000')]","[0.078, 0.084, 0.481, 0.088, 0.088, 0.998, 0.239, 1.879, 0.928, 2.792, 1.767, 0.083, 0.612, 0.076, 0.158, 0.079, 0.687, 0.236, 0.612, 0.078, 0.155, 0.078, 0.695]","[nan, nan, nan, nan, nan, nan, nan, nan, nan, nan, nan, nan, nan, nan, nan, nan, nan, nan, nan, nan, nan, nan, nan, nan, nan, nan, nan, nan, nan, nan, nan, nan, nan, nan, nan, nan]","[nan, nan, nan, nan, nan, nan, nan, nan, nan, nan, nan, nan, nan, nan, nan, nan, nan, nan, nan, nan, nan, nan, nan]",,10.043185598705822,c:\git\RailwAI\VIDEO\20260615\ADTC Rastatt_00_20260615164327.mp4,2026-06-15 16:43:27,Lok
ADTC1_adz_raw_20260615_1648,2026-06-15 16:46:56.806,2026-06-15 16:47:06.878,"[Timestamp('2026-06-15 16:47:06.878000'), Timestamp('2026-06-15 16:47:07.012000'), Timestamp('2026-06-15 16:47:07.314000'), Timestamp('2026-06-15 16:47:07.449000'), Timestamp('2026-06-15 16:47:07.764000'), Timestamp('2026-06-15 16:47:08.239000'), Timestamp('2026-06-15 16:47:08.315000'), Timestamp('2026-06-15 16:47:08.863000'), Timestamp('2026-06-15 16:47:09.045000'), Timestamp('2026-06-15 16:47:09.126000'), Timestamp('2026-06-15 16:47:09.704000'), Timestamp('2026-06-15 16:47:09.784000'), Timestamp('2026-06-15 16:47:10.036000'), Timestamp('2026-06-15 16:47:10.591000'), Timestamp('2026-06-15 16:47:11.142000'), Timestamp('2026-06-15 16:47:11.401000'), Timestamp('2026-06-15 16:47:12.055000'), Timestamp('2026-06-15 16:47:12.292000'), Timestamp('2026-06-15 16:47:12.369000'), Timestamp('2026-06-15 16:47:13.031000'), Timestamp('2026-06-15 16:47:13.106000'), Timestamp('2026-06-15 16:47:13.416000'), Timestamp('2026-06-15 16:47:13.967000'), Timestamp('2026-06-15 16:47:14.514000'), Timestamp('2026-06-15 16:47:14.694000'), Timestamp('2026-06-15 16:47:14.773000'), Timestamp('2026-06-15 16:47:15.362000'), Timestamp('2026-06-15 16:47:15.436000'), Timestamp('2026-06-15 16:47:15.612000'), Timestamp('2026-06-15 16:47:15.692000'), Timestamp('2026-06-15 16:47:16.286000'), Timestamp('2026-06-15 16:47:16.362000'), Timestamp('2026-06-15 16:47:16.616000'), Timestamp('2026-06-15 16:47:17.168000'), Timestamp('2026-06-15 16:47:17.640000'), Timestamp('2026-06-15 16:47:17.902000'), Timestamp('2026-06-15 16:47:17.979000'), Timestamp('2026-06-15 16:47:18.567000'), Timestamp('2026-06-15 16:47:18.645000'), Timestamp('2026-06-15 16:47:18.822000'), Timestamp('2026-06-15 16:47:18.900000'), Timestamp('2026-06-15 16:47:19.489000'), Timestamp('2026-06-15 16:47:19.565000'), Timestamp('2026-06-15 16:47:19.822000'), Timestamp('2026-06-15 16:47:20.376000'), Timestamp('2026-06-15 16:47:20.927000'), Timestamp('2026-06-15 16:47:21.188000'), Timestamp('2026-06-15 16:47:21.741000'), Timestamp('2026-06-15 16:47:22.297000'), Timestamp('2026-06-15 16:47:22.476000'), Timestamp('2026-06-15 16:47:22.554000'), Timestamp('2026-06-15 16:47:23.146000'), Timestamp('2026-06-15 16:47:23.222000'), Timestamp('2026-06-15 16:47:23.402000'), Timestamp('2026-06-15 16:47:23.478000'), Timestamp('2026-06-15 16:47:24.068000'), Timestamp('2026-06-15 16:47:24.146000'), Timestamp('2026-06-15 16:47:24.403000'), Timestamp('2026-06-15 16:47:24.978000'), Timestamp('2026-06-15 16:47:25.058000'), Timestamp('2026-06-15 16:47:25.235000'), Timestamp('2026-06-15 16:47:25.314000'), Timestamp('2026-06-15 16:47:25.906000'), Timestamp('2026-06-15 16:47:25.983000'), Timestamp('2026-06-15 16:47:26.164000'), Timestamp('2026-06-15 16:47:26.239000'), Timestamp('2026-06-15 16:47:26.832000'), Timestamp('2026-06-15 16:47:26.912000'), Timestamp('2026-06-15 16:47:27.173000'), Timestamp('2026-06-15 16:47:28.211000'), Timestamp('2026-06-15 16:47:28.468000'), Timestamp('2026-06-15 16:47:28.547000'), Timestamp('2026-06-15 16:47:29.141000'), Timestamp('2026-06-15 16:47:29.218000'), Timestamp('2026-06-15 16:47:29.395000'), Timestamp('2026-06-15 16:47:29.474000'), Timestamp('2026-06-15 16:47:30.154000'), Timestamp('2026-06-15 16:47:30.412000'), Timestamp('2026-06-15 16:47:30.965000'), Timestamp('2026-06-15 16:47:31.529000'), Timestamp('2026-06-15 16:47:31.785000'), Timestamp('2026-06-15 16:47:32.347000'), Timestamp('2026-06-15 16:47:32.906000'), Timestamp('2026-06-15 16:47:33.083000'), Timestamp('2026-06-15 16:47:33.162000'), Timestamp('2026-06-15 16:47:33.767000'), Timestamp('2026-06-15 16:47:33.842000'), Timestamp('2026-06-15 16:47:34.098000'), Timestamp('2026-06-15 16:47:34.662000'), Timestamp('2026-06-15 16:47:35.223000')]","[0.134, 0.302, 0.135, 0.315, 0.475, 0.076, 0.548, 0.182, 0.081, 0.578, 0.08, 0.252, 0.555, 0.551, 0.259, 0.654, 0.237, 0.077, 0.662, 0.075, 0.31, 0.551, 0.547, 0.18, 0.079, 0.589, 0.074, 0.176, 0.08, 0.594, 0.076, 0.254, 0.552, 0.472, 0.262, 0.077, 0.588, 0.078, 0.177, 0.078, 0.589, 0.076, 0.257, 0.554, 0.551, 0.261, 0.553, 0.556, 0.179, 0.078, 0.592, 0.076, 0.18, 0.076, 0.59, 0.078, 0.257, 0.575, 0.08, 0.177, 0.079, 0.592, 0.077, 0.181, 0.075, 0.593, 0.08, 0.261, 1.038, 0.257, 0.079, 0.594, 0.077, 0.177, 0.079, 0.68, 0.258, 0.553, 0.564, 0.256, 0.562, 0.559, 0.177, 0.079, 0.605, 0.075, 0.256, 0.564, 0.561]","[nan, nan, nan, nan, nan, nan, nan, nan, nan, nan, nan, nan, nan, nan, nan, nan, nan, nan, nan, nan, nan, nan, nan, nan, nan, nan, nan, nan, nan, nan, nan, nan, nan, nan, nan, nan, nan, nan, nan, nan, nan, nan, nan, nan, nan, nan, nan, nan, nan, nan, nan, nan, nan, nan, nan, nan, nan, nan, nan, nan, nan, nan, nan, nan, nan, nan, nan, nan, nan, nan, nan, nan, nan, nan, nan, nan, nan, nan, nan, nan, nan, nan, nan, nan, nan, nan, nan, nan, nan, nan, nan, nan, nan, nan, nan, nan]","[nan, nan, nan, nan, nan, nan, nan, nan, nan, nan, nan, nan, nan, nan, nan, nan, nan, nan, nan, nan, nan, nan, nan, nan, nan, nan, nan, nan, nan, nan, nan, nan, nan, nan, nan, nan, nan, nan, nan, nan, nan, nan, nan, nan, nan, nan, nan, nan, nan, nan, nan, nan, nan, nan, nan, nan, nan, nan, nan, nan, nan, nan, nan, nan, nan, nan, nan, nan, nan, nan, nan, nan, nan, nan, nan, nan, nan, nan, nan, nan, nan, nan, nan, nan, nan, nan, nan, nan, nan]",,9.957827542073089,c:\git\RailwAI\VIDEO\20260615\ADTC Rastatt_00_20260615164706.mp4,2026-06-15 16:47:06,Lok
ADTC1_adz_raw_20260615_1656,2026-06-15 16:55:06.368,2026-06-15 16:55:16.480,"[Timestamp('2026-06-15 16:55:16.480000'), Timestamp('2026-06-15 16:55:16.597000'), Timestamp('2026-06-15 16:55:17.337000'), Timestamp('2026-06-15 16:55:17.457000'), Timestamp('2026-06-15 16:55:17.659000'), Timestamp('2026-06-15 16:55:17.774000'), Timestamp('2026-06-15 16:55:18.538000'), Timestamp('2026-06-15 16:55:18.653000'), Timestamp('2026-06-15 16:55:18.867000'), Timestamp('2026-06-15 16:55:18.978000'), Timestamp('2026-06-15 16:55:19.745000'), Timestamp('2026-06-15 16:55:19.858000'), Timestamp('2026-06-15 16:55:20.068000'), Timestamp('2026-06-15 16:55:20.188000'), Timestamp('2026-06-15 16:55:20.932000'), Timestamp('2026-06-15 16:55:21.048000'), Timestamp('2026-06-15 16:55:21.353000'), Timestamp('2026-06-15 16:55:21.470000'), Timestamp('2026-06-15 16:55:22.217000'), Timestamp('2026-06-15 16:55:22.332000'), Timestamp('2026-06-15 16:55:22.545000'), Timestamp('2026-06-15 16:55:22.658000'), Timestamp('2026-06-15 16:55:23.430000'), Timestamp('2026-06-15 16:55:23.541000'), Timestamp('2026-06-15 16:55:23.756000'), Timestamp('2026-06-15 16:55:23.867000'), Timestamp('2026-06-15 16:55:24.637000'), Timestamp('2026-06-15 16:55:24.753000'), Timestamp('2026-06-15 16:55:24.964000'), Timestamp('2026-06-15 16:55:25.084000'), Timestamp('2026-06-15 16:55:25.831000'), Timestamp('2026-06-15 16:55:25.947000')]","[0.117, 0.74, 0.12, 0.202, 0.115, 0.764, 0.115, 0.214, 0.111, 0.767, 0.113, 0.21, 0.12, 0.744, 0.116, 0.305, 0.117, 0.747, 0.115, 0.213, 0.113, 0.772, 0.111, 0.215, 0.111, 0.77, 0.116, 0.211, 0.12, 0.747, 0.116]","[21.394174533649572, 20.92770003064486, 21.154606017568053, 21.51506483861035, 21.047445704979957, 21.056657716725265, 21.124395297711466, 21.282249774913737, 21.358816514648534, 21.35204561452983, 21.329276770348518, 21.16138542183593, 21.587409130661726, 21.642000472645634, 21.550231210278305, 22.316427212022923, 21.314986735169008, 21.05258666769064, 21.05045675029546, 20.75527320490438, 21.139603260262756, 21.22258920353024, 21.6566395485216, 21.413174454411568, 21.64307164307164, 21.263752570326247, 21.433227789159993, 21.46740646949383, 21.57054415118931, 21.449864596749304, 21.18317743637437, 21.46380930227854]","[2.503118420437, 15.486498022677196, 2.5385527221081663, 4.346043097399291, 2.420456256072695, 16.087286495578102, 2.4293054592368186, 4.55440145183154, 2.3708286331259876, 16.37701898634438, 2.4102082750493827, 4.443890938585545, 2.590489095679407, 16.10164835164835, 2.4998268203922835, 6.806510299666991, 2.493853448014774, 15.726282240764908, 2.420802526283978, 4.420873192644633, 2.3887751684096914, 16.383838865125345, 2.4038869898858977, 4.603832507698487, 2.402380952380952, 16.37308947915121, 2.4862544235425594, 4.529622765063198, 2.588465298142717, 16.02304885377173, 2.457248582619427]",201.66833861933267,9.99707867892694,c:\git\RailwAI\VIDEO\20260615\ADTC Rastatt_00_20260615165516.mp4,2026-06-15 16:55:16,Trieb
ADTC1_adz_raw_20260615_1702,2026-06-15 17:00:56.397,2026-06-15 17:01:06.488,"[Timestamp('2026-06-15 17:01:06.488000'), Timestamp('2026-06-15 17:01:06.978000'), Timestamp('2026-06-15 17:01:07.445000'), Timestamp('2026-06-15 17:01:07.924000')]","[0.49, 0.467, 0.479]","[20.77343300747556, 20.168316412262243, 41.28773721614363, 20.277911509877868]","[10.178982173663025, 9.418603764526468, 19.7768261265328]",39.37441206472229,9.894782236292327,c:\git\RailwAI\VIDEO\20260615\ADTC Rastatt_00_20260615170106.mp4,2026-06-15 17:01:06,Trieb
ADTC1_adz_raw_20260615_1718,2026-06-15 17:16:32.474,2026-06-15 17:16:42.571,"[Timestamp('2026-06-15 17:16:42.571000'), Timestamp('2026-06-15 17:16:42.685000'), Timestamp('2026-06-15 17:16:43.498000'), Timestamp('2026-06-15 17:16:43.604000'), Timestamp('2026-06-15 17:16:43.937000'), Timestamp('2026-06-15 17:16:44.043000'), Timestamp('2026-06-15 17:16:44.856000'), Timestamp('2026-06-15 17:16:44.967000'), Timestamp('2026-06-15 17:16:45.288000'), Timestamp('2026-06-15 17:16:45.414000'), Timestamp('2026-06-15 17:16:46.215000'), Timestamp('2026-06-15 17:16:46.338000'), Timestamp('2026-06-15 17:16:46.661000'), Timestamp('2026-06-15 17:16:46.770000'), Timestamp('2026-06-15 17:16:47.590000'), Timestamp('2026-06-15 17:16:47.695000'), Timestamp('2026-06-15 17:16:48.021000'), Timestamp('2026-06-15 17:16:48.144000'), Timestamp('2026-06-15 17:16:48.948000'), Timestamp('2026-06-15 17:16:49.066000'), Timestamp('2026-06-15 17:16:49.394000'), Timestamp('2026-06-15 17:16:49.502000'), Timestamp('2026-06-15 17:16:50.321000'), Timestamp('2026-06-15 17:16:50.427000'), Timestamp('2026-06-15 17:16:50.750000'), Timestamp('2026-06-15 17:16:50.874000'), Timestamp('2026-06-15 17:16:51.680000'), Timestamp('2026-06-15 17:16:51.802000'), Timestamp('2026-06-15 17:16:52.124000'), Timestamp('2026-06-15 17:16:52.244000'), Timestamp('2026-06-15 17:16:53.054000'), Timestamp('2026-06-15 17:16:53.176000'), Timestamp('2026-06-15 17:16:53.499000'), Timestamp('2026-06-15 17:16:53.612000'), Timestamp('2026-06-15 17:16:54.429000'), Timestamp('2026-06-15 17:16:54.538000'), Timestamp('2026-06-15 17:16:54.869000'), Timestamp('2026-06-15 17:16:54.989000'), Timestamp('2026-06-15 17:16:55.802000'), Timestamp('2026-06-15 17:16:55.925000'), Timestamp('2026-06-15 17:16:56.242000'), Timestamp('2026-06-15 17:16:56.363000'), Timestamp('2026-06-15 17:16:57.176000'), Timestamp('2026-06-15 17:16:57.297000'), Timestamp('2026-06-15 17:16:57.617000'), Timestamp('2026-06-15 17:16:57.739000'), Timestamp('2026-06-15 17:16:58.553000'), Timestamp('2026-06-15 17:16:58.675000'), Timestamp('2026-06-15 17:16:59.003000'), Timestamp('2026-06-15 17:16:59.110000'), Timestamp('2026-06-15 17:16:59.938000'), Timestamp('2026-06-15 17:17:00.045000')]","[0.114, 0.813, 0.106, 0.333, 0.106, 0.813, 0.111, 0.321, 0.126, 0.801, 0.123, 0.323, 0.109, 0.82, 0.105, 0.326, 0.123, 0.804, 0.118, 0.328, 0.108, 0.819, 0.106, 0.323, 0.124, 0.806, 0.122, 0.322, 0.12, 0.81, 0.122, 0.323, 0.113, 0.817, 0.109, 0.331, 0.12, 0.813, 0.123, 0.317, 0.121, 0.813, 0.121, 0.32, 0.122, 0.814, 0.122, 0.328, 0.107, 0.828, 0.107]","[20.865862884921846, 21.022569716552326, 20.95470628941493, 20.829180184864775, 20.90488653764032, 20.83723351668577, 20.475042608156265, 21.065063232540034, 20.79805097470368, 20.686854750433252, 20.80389290089749, 20.759882330265857, 21.09046555757308, 20.73294700073351, 20.756082550791533, 20.57200929152149, 20.832053552768087, 21.208487552160747, 21.016341954164012, 20.833079522103915, 20.6845459505034, 20.981078374640386, 20.005806512774335, 21.029181406060356, 20.952923144748706, 20.90794314142831, 21.129074592458213, 20.49640415112399, 21.06812761028548, 20.869085528410096, 21.368679990305125, 21.112043280104636, 21.10735594849328, 21.03877443844349, 20.993014518222708, 20.985434934145356, 21.345241678516196, 21.187549806747285, 21.188431043986085, 21.68415572875704, 21.303825555444625, 21.089466041113887, 20.941406463505086, 21.288767729307946, 21.24699803980112, 21.171010197855836, 21.564327485380115, 20.993592320344867, 21.729528363166743, 21.183524504692386, 21.70412599997373, 21.15910864041605]","[2.3787083688810906, 17.09134917955704, 2.2211988666779825, 6.93611700155997, 2.2159179729898737, 16.94067084906553, 2.2727297295053455, 6.761885297645351, 2.620554422812664, 16.570170655097037, 2.5588788268103912, 6.705441992675872, 2.2988607457754657, 17.001016540601476, 2.179388667833111, 6.706475029036006, 2.5623425869904746, 17.05162399193724, 2.4799283505913534, 6.833250083250085, 2.233930962654367, 17.183503188830475, 2.1206154903540795, 6.792425594157495, 2.5981624699488397, 16.851802171991217, 2.577747100279902, 6.599842136661925, 2.5281753132342573, 16.90395927801218, 2.6069789588172254, 6.819189979473798, 2.3851312221797407, 17.18867871620833, 2.288238582486275, 6.946178963202113, 2.5614290014219434, 17.22547799288554, 2.6061770184102886, 6.873877366015982, 2.5777628922087996, 17.145735891425588, 2.5339101820841154, 6.812405673378542, 2.5921337608557367, 17.23320230105465, 2.630847953216374, 6.885898281073117, 2.3250595348588416, 17.539958289885295, 2.322341481997189]",366.8772869085576,9.985144997739456,c:\git\RailwAI\VIDEO\20260615\ADTC Rastatt_00_20260615171642.mp4,2026-06-15 17:16:42,Trieb
ADTC1_adz_raw_20260615_1726,2026-06-15 17:24:51.091,2026-06-15 17:25:01.108,"[Timestamp('2026-06-15 17:25:01.108000'), Timestamp('2026-06-15 17:25:01.220000'), Timestamp('2026-06-15 17:25:01.566000'), Timestamp('2026-06-15 17:25:01.675000'), Timestamp('2026-06-15 17:25:01.897000'), Timestamp('2026-06-15 17:25:02.013000'), Timestamp('2026-06-15 17:25:02.782000'), Timestamp('2026-06-15 17:25:02.895000'), Timestamp('2026-06-15 17:25:03.083000'), Timestamp('2026-06-15 17:25:03.195000'), Timestamp('2026-06-15 17:25:03.976000'), Timestamp('2026-06-15 17:25:04.092000'), Timestamp('2026-06-15 17:25:04.284000'), Timestamp('2026-06-15 17:25:04.392000'), Timestamp('2026-06-15 17:25:05.187000'), Timestamp('2026-06-15 17:25:05.300000'), Timestamp('2026-06-15 17:25:05.505000'), Timestamp('2026-06-15 17:25:05.611000'), Timestamp('2026-06-15 17:25:06.411000'), Timestamp('2026-06-15 17:25:06.527000')]","[0.112, 0.346, 0.109, 0.222, 0.116, 0.769, 0.113, 0.188, 0.112, 0.781, 0.116, 0.192, 0.108, 0.795, 0.113, 0.205, 0.106, 0.8, 0.116]","[22.907873763620398, 23.00138620390182, 22.51415054490158, 22.393048128342244, 22.471910112359545, 22.862726615281954, 21.73159113088352, 22.635003768661328, 21.977124183006538, 22.01902238802608, 20.671345856682734, 22.08577745555642, 21.499025056861882, 21.605477855477858, 21.574337461007985, 22.247319324338285, 22.74984398281273, 21.70846394984326, 21.03001717447084, 20.93389349652192]","[2.5656818615254844, 7.958479626550029, 2.454042409394272, 4.971256684491978, 2.6067415730337076, 17.58143676715182, 2.4556697977898376, 4.25538070850833, 2.461437908496732, 17.196856485048368, 2.3978761193751974, 4.240469271466833, 2.3218947061410833, 17.176354895104897, 2.4379001330939025, 4.560700461489348, 2.4114834621781496, 17.36677115987461, 2.4394819922386173]",119.8599160229532,9.91253991943577,c:\git\RailwAI\VIDEO\20260615\ADTC Rastatt_00_20260615172500.mp4,2026-06-15 17:25:00,Lok
ADTC1_adz_raw_20260615_1737,2026-06-15 17:36:35.450,2026-06-15 17:36:45.502,"[Timestamp('2026-06-15 17:36:45.502000'), Timestamp('2026-06-15 17:36:45.612000'), Timestamp('2026-06-15 17:36:46.201000'), Timestamp('2026-06-15 17:36:46.318000'), Timestamp('2026-06-15 17:36:46.940000'), Timestamp('2026-06-15 17:36:47.060000'), Timestamp('2026-06-15 17:36:47.646000'), Timestamp('2026-06-15 17:36:47.753000')]","[0.11, 0.589, 0.117, 0.622, 0.12, 0.586, 0.107]","[21.594498179010035, 21.34669026482232, 21.821619240974083, 21.141671403087045, 20.945304544434663, 21.38636898941524, 21.701304772833524, 20.530295087314624]","[2.375394799691104, 12.573200565980347, 2.5531294511939677, 13.150119612720141, 2.5134365453321594, 12.532412227797328, 2.322039610693187]",48.01973281340824,9.838202751835036,c:\git\RailwAI\VIDEO\20260615\ADTC Rastatt_00_20260615173645.mp4,2026-06-15 17:36:45,Trieb
ADTC1_adz_raw_20260615_1754,2026-06-15 17:53:19.443,2026-06-15 17:53:29.500,"[Timestamp('2026-06-15 17:53:29.500000'), Timestamp('2026-06-15 17:53:29.615000'), Timestamp('2026-06-15 17:53:30.341000'), Timestamp('2026-06-15 17:53:30.454000'), Timestamp('2026-06-15 17:53:30.656000'), Timestamp('2026-06-15 17:53:30.769000'), Timestamp('2026-06-15 17:53:31.520000'), Timestamp('2026-06-15 17:53:31.629000'), Timestamp('2026-06-15 17:53:31.835000'), Timestamp('2026-06-15 17:53:31.946000'), Timestamp('2026-06-15 17:53:32.695000'), Timestamp('2026-06-15 17:53:32.805000'), Timestamp('2026-06-15 17:53:33.010000'), Timestamp('2026-06-15 17:53:33.122000'), Timestamp('2026-06-15 17:53:33.850000'), Timestamp('2026-06-15 17:53:33.968000'), Timestamp('2026-06-15 17:53:34.262000'), Timestamp('2026-06-15 17:53:34.375000'), Timestamp('2026-06-15 17:53:35.098000'), Timestamp('2026-06-15 17:53:35.214000'), Timestamp('2026-06-15 17:53:35.415000'), Timestamp('2026-06-15 17:53:35.529000'), Timestamp('2026-06-15 17:53:36.274000'), Timestamp('2026-06-15 17:53:36.387000'), Timestamp('2026-06-15 17:53:36.596000'), Timestamp('2026-06-15 17:53:36.703000'), Timestamp('2026-06-15 17:53:37.451000'), Timestamp('2026-06-15 17:53:37.558000'), Timestamp('2026-06-15 17:53:37.761000'), Timestamp('2026-06-15 17:53:37.882000'), Timestamp('2026-06-15 17:53:38.604000'), Timestamp('2026-06-15 17:53:38.717000')]","[0.115, 0.726, 0.113, 0.202, 0.113, 0.751, 0.109, 0.206, 0.111, 0.749, 0.11, 0.205, 0.112, 0.728, 0.118, 0.294, 0.113, 0.723, 0.116, 0.201, 0.114, 0.745, 0.113, 0.209, 0.107, 0.748, 0.107, 0.203, 0.121, 0.722, 0.113]","[21.66036443543899, 22.17826930103145, 21.777476494306267, 21.614959079492078, 21.699604743083, 21.85945129039758, 21.94113454725543, 21.778037328047944, 21.97948363731402, 21.97948363731402, 22.060881510116275, 22.105745858796055, 21.743396005388625, 21.55118532702684, 21.83201947498396, 21.69671490554343, 21.930290410039973, 21.828572940507215, 21.65909534457745, 21.7089804625041, 21.498082034143792, 21.50105830379337, 21.745962448974794, 21.58490871466038, 22.10011552269208, 22.32006816047563, 22.496322865326555, 21.358280076166572, 22.064366859905896, 22.28823807771176, 22.25763468740997, 21.683638302390044]","[2.4909419100754837, 16.10142351254883, 2.4608548438566085, 4.3662217340574, 2.452055335968379, 16.416447919088583, 2.391583665650842, 4.486275689577877, 2.439722683741856, 16.4626332443482, 2.4266969661127904, 4.531677901053191, 2.435260352603526, 15.689262918075539, 2.576178298048107, 6.3788341822297685, 2.478122816334517, 15.782058235986716, 2.5124550599709847, 4.363505072963324, 2.450781351892392, 16.01828843632606, 2.4572937567341517, 4.5112459213640195, 2.3647123609280523, 16.69541098403577, 2.4071065465899415, 4.335730855461814, 2.6697883900486135, 16.09210789210789, 2.5151127196773264]",201.75979155745853,9.949843409694292,c:\git\RailwAI\VIDEO\20260615\ADTC Rastatt_00_20260615175329.mp4,2026-06-15 17:53:29,Trieb
ADTC1_adz_raw_20260615_1800,2026-06-15 17:59:14.605,2026-06-15 17:59:24.680,"[Timestamp('2026-06-15 17:59:24.680000'), Timestamp('2026-06-15 17:59:24.789000'), Timestamp('2026-06-15 17:59:25.594000'), Timestamp('2026-06-15 17:59:25.699000'), Timestamp('2026-06-15 17:59:26.021000'), Timestamp('2026-06-15 17:59:26.138000'), Timestamp('2026-06-15 17:59:26.929000'), Timestamp('2026-06-15 17:59:27.050000'), Timestamp('2026-06-15 17:59:27.363000'), Timestamp('2026-06-15 17:59:27.485000'), Timestamp('2026-06-15 17:59:28.276000'), Timestamp('2026-06-15 17:59:28.396000'), Timestamp('2026-06-15 17:59:28.712000'), Timestamp('2026-06-15 17:59:28.829000'), Timestamp('2026-06-15 17:59:29.626000'), Timestamp('2026-06-15 17:59:29.742000'), Timestamp('2026-06-15 17:59:30.069000'), Timestamp('2026-06-15 17:59:30.171000'), Timestamp('2026-06-15 17:59:30.978000'), Timestamp('2026-06-15 17:59:31.084000'), Timestamp('2026-06-15 17:59:31.411000'), Timestamp('2026-06-15 17:59:31.527000'), Timestamp('2026-06-15 17:59:32.324000'), Timestamp('2026-06-15 17:59:32.442000'), Timestamp('2026-06-15 17:59:32.759000'), Timestamp('2026-06-15 17:59:32.880000'), Timestamp('2026-06-15 17:59:33.675000'), Timestamp('2026-06-15 17:59:33.799000'), Timestamp('2026-06-15 17:59:34.114000'), Timestamp('2026-06-15 17:59:34.223000'), Timestamp('2026-06-15 17:59:35.036000'), Timestamp('2026-06-15 17:59:35.143000'), Timestamp('2026-06-15 17:59:35.463000'), Timestamp('2026-06-15 17:59:35.584000'), Timestamp('2026-06-15 17:59:36.379000'), Timestamp('2026-06-15 17:59:36.505000'), Timestamp('2026-06-15 17:59:36.827000'), Timestamp('2026-06-15 17:59:36.931000'), Timestamp('2026-06-15 17:59:37.748000'), Timestamp('2026-06-15 17:59:37.850000'), Timestamp('2026-06-15 17:59:38.179000'), Timestamp('2026-06-15 17:59:38.296000'), Timestamp('2026-06-15 17:59:39.100000'), Timestamp('2026-06-15 17:59:39.217000'), Timestamp('2026-06-15 17:59:39.539000'), Timestamp('2026-06-15 17:59:39.649000'), Timestamp('2026-06-15 17:59:40.463000'), Timestamp('2026-06-15 17:59:40.571000'), Timestamp('2026-06-15 17:59:40.900000'), Timestamp('2026-06-15 17:59:41.011000'), Timestamp('2026-06-15 17:59:41.825000'), Timestamp('2026-06-15 17:59:41.931000')]","[0.109, 0.805, 0.105, 0.322, 0.117, 0.791, 0.121, 0.313, 0.122, 0.791, 0.12, 0.316, 0.117, 0.797, 0.116, 0.327, 0.102, 0.807, 0.106, 0.327, 0.116, 0.797, 0.118, 0.317, 0.121, 0.795, 0.124, 0.315, 0.109, 0.813, 0.107, 0.32, 0.121, 0.795, 0.126, 0.322, 0.104, 0.817, 0.102, 0.329, 0.117, 0.804, 0.117, 0.322, 0.11, 0.814, 0.108, 0.329, 0.111, 0.814, 0.106]","[21.679094670988547, 21.19212860828355, 21.35266273465843, 21.15202272876161, 21.498816918071576, 21.436178181489808, 21.14799875892026, 21.201418961777307, 21.054964539007095, 21.46621021182358, 21.195331023898156, 21.129074592458213, 21.9554193877008, 21.310306613917554, 21.566306252842736, 21.237179172596555, 21.318152819355156, 21.392527599275, 21.37265054303413, 21.164608127598644, 21.754497148149948, 21.719430166730533, 21.748938248387645, 21.547184577258207, 21.726417134908047, 21.578220166929846, 21.739130434782606, 22.04986105848175, 21.011848314421623, 21.401245609682853, 21.949935877271514, 22.084672212652492, 21.596436370855663, 21.755116155051162, 21.575746844772134, 21.844769706767252, 21.65103844384153, 21.582733812949634, 22.075569035815416, 21.159979855632027, 21.76543694400837, 21.725956034491816, 21.755116155051162, 21.856751255163886, 21.628469405315045, 21.73271173271173, 21.709006213856835, 21.74976182915211, 21.722014673730637, 22.1426410854723, 21.590402267747187, 21.846269493375537]","[2.3630213191377516, 17.05966352966826, 2.242029587139135, 6.810951318661239, 2.5153615794143747, 16.95601694155844, 2.5589078498293514, 6.636044135036297, 2.5687056737588656, 16.979772277552453, 2.5434397228677788, 6.676787571216796, 2.5687840683609937, 16.984314371292292, 2.5016915253297576, 6.944557589439074, 2.1744515875742256, 17.263769772614925, 2.265500957561618, 6.920826857724757, 2.523521669185394, 17.310385842884234, 2.566374713309742, 6.830457510990851, 2.6288964733238736, 17.154685032709228, 2.695652173913043, 6.945706233421751, 2.290291466271957, 17.399212680672157, 2.3486431388680518, 7.067095108048798, 2.613168800873535, 17.295317343265676, 2.718544102441289, 7.034015845579056, 2.2517079981595187, 17.63309352517985, 2.2517080416531723, 6.961633372502937, 2.5465561224489797, 17.467668651731422, 2.545348590140986, 7.037873904162772, 2.3791316345846547, 17.69042735042735, 2.344572671096538, 7.155671641791044, 2.411143628784101, 18.02410984357445, 2.2885826403812017]",371.945795988116,9.96271433297601,c:\git\RailwAI\VIDEO\20260615\ADTC Rastatt_00_20260615175924.mp4,2026-06-15 17:59:24,Trieb
ADTC1_adz_raw_20260615_1813,2026-06-15 18:11:47.757,2026-06-15 18:11:57.883,"[Timestamp('2026-06-15 18:11:57.883000'), Timestamp('2026-06-15 18:11:58.351000'), Timestamp('2026-06-15 18:11:58.799000'), Timestamp('2026-06-15 18:11:59.265000'), Timestamp('2026-06-15 18:11:59.612000'), Timestamp('2026-06-15 18:12:00.080000'), Timestamp('2026-06-15 18:12:00.533000'), Timestamp('2026-06-15 18:12:00.980000')]","[0.468, 0.448, 0.466, 0.347, 0.468, 0.453, 0.447]","[21.489911254360017, 22.133084552259724, 21.659265401362756, 21.1874207916862, 21.90483120181886, 22.540041159754622, 22.628074491588173, 21.67449139280125]","[10.057278467040488, 9.915621879412356, 10.093217677035044, 7.352035014715111, 10.251461002451226, 10.210638645368844, 10.114749297739912]",67.99500198376299,10.059744632667352,c:\git\RailwAI\VIDEO\20260615\ADTC Rastatt_00_20260615181157.mp4,2026-06-15 18:11:57,Trieb
ADTC1_adz_raw_20260615_1828,2026-06-15 18:26:39.213,2026-06-15 18:26:49.279,"[Timestamp('2026-06-15 18:26:49.279000'), Timestamp('2026-06-15 18:26:49.392000'), Timestamp('2026-06-15 18:26:49.745000'), Timestamp('2026-06-15 18:26:49.856000'), Timestamp('2026-06-15 18:26:50.088000'), Timestamp('2026-06-15 18:26:50.201000'), Timestamp('2026-06-15 18:26:50.983000'), Timestamp('2026-06-15 18:26:51.091000'), Timestamp('2026-06-15 18:26:51.282000'), Timestamp('2026-06-15 18:26:51.397000'), Timestamp('2026-06-15 18:26:52.173000'), Timestamp('2026-06-15 18:26:52.293000'), Timestamp('2026-06-15 18:26:52.478000'), Timestamp('2026-06-15 18:26:52.584000'), Timestamp('2026-06-15 18:26:53.371000'), Timestamp('2026-06-15 18:26:53.474000'), Timestamp('2026-06-15 18:26:53.673000'), Timestamp('2026-06-15 18:26:53.781000'), Timestamp('2026-06-15 18:26:54.566000'), Timestamp('2026-06-15 18:26:54.665000')]","[0.113, 0.353, 0.111, 0.232, 0.113, 0.782, 0.108, 0.191, 0.115, 0.776, 0.12, 0.185, 0.106, 0.787, 0.103, 0.199, 0.108, 0.785, 0.099]","[22.54304502848195, 22.469511781446776, 22.772989276526626, 22.363567786273755, 22.30729202631916, 21.892581103107418, 22.668537654753628, 22.655638617521408, 22.727272727272723, 22.223126388343626, 22.878489508726375, 22.813688212927755, 22.761830289577233, 22.017823119407666, 22.990478515124227, 22.180029121029726, 23.42346027460765, 22.394184975821545, 23.786562343629164, 20.67879795620403]","[2.54736408821846, 7.931737658850712, 2.5278018096944557, 5.188347726415511, 2.520723998974065, 17.11999842263, 2.448202066713392, 4.327226975946589, 2.6136363636363633, 17.245146077354654, 2.745418741047165, 4.220532319391634, 2.4127540106951866, 17.328026794973834, 2.368019287057795, 4.413825795084915, 2.5297337096576262, 17.579435206019912, 2.354869672019287]",120.42280072438156,9.955284157162978,c:\git\RailwAI\VIDEO\20260615\ADTC Rastatt_00_20260615182649.mp4,2026-06-15 18:26:49,Lok
ADTC1_adz_raw_20260615_1832,2026-06-15 18:31:11.846,2026-06-15 18:31:21.877,"[Timestamp('2026-06-15 18:31:21.877000'), Timestamp('2026-06-15 18:31:21.981000'), Timestamp('2026-06-15 18:31:22.776000'), Timestamp('2026-06-15 18:31:22.881000'), Timestamp('2026-06-15 18:31:23.207000'), Timestamp('2026-06-15 18:31:23.309000'), Timestamp('2026-06-15 18:31:24.107000'), Timestamp('2026-06-15 18:31:24.215000'), Timestamp('2026-06-15 18:31:24.531000'), Timestamp('2026-06-15 18:31:24.648000'), Timestamp('2026-06-15 18:31:25.432000'), Timestamp('2026-06-15 18:31:25.552000'), Timestamp('2026-06-15 18:31:25.872000'), Timestamp('2026-06-15 18:31:25.973000'), Timestamp('2026-06-15 18:31:26.774000'), Timestamp('2026-06-15 18:31:26.880000'), Timestamp('2026-06-15 18:31:27.194000'), Timestamp('2026-06-15 18:31:27.313000'), Timestamp('2026-06-15 18:31:28.101000'), Timestamp('2026-06-15 18:31:28.215000'), Timestamp('2026-06-15 18:31:28.536000'), Timestamp('2026-06-15 18:31:28.639000'), Timestamp('2026-06-15 18:31:29.435000'), Timestamp('2026-06-15 18:31:29.545000'), Timestamp('2026-06-15 18:31:29.856000'), Timestamp('2026-06-15 18:31:29.978000'), Timestamp('2026-06-15 18:31:30.760000'), Timestamp('2026-06-15 18:31:30.883000'), Timestamp('2026-06-15 18:31:31.193000'), Timestamp('2026-06-15 18:31:31.307000'), Timestamp('2026-06-15 18:31:32.096000'), Timestamp('2026-06-15 18:31:32.209000'), Timestamp('2026-06-15 18:31:32.529000'), Timestamp('2026-06-15 18:31:32.635000'), Timestamp('2026-06-15 18:31:33.434000'), Timestamp('2026-06-15 18:31:33.537000'), Timestamp('2026-06-15 18:31:33.859000'), Timestamp('2026-06-15 18:31:33.974000'), Timestamp('2026-06-15 18:31:34.762000'), Timestamp('2026-06-15 18:31:34.877000'), Timestamp('2026-06-15 18:31:35.191000'), Timestamp('2026-06-15 18:31:35.306000'), Timestamp('2026-06-15 18:31:36.093000'), Timestamp('2026-06-15 18:31:36.208000'), Timestamp('2026-06-15 18:31:36.527000'), Timestamp('2026-06-15 18:31:36.632000'), Timestamp('2026-06-15 18:31:37.432000'), Timestamp('2026-06-15 18:31:37.535000')]","[0.104, 0.795, 0.105, 0.326, 0.102, 0.798, 0.108, 0.316, 0.117, 0.784, 0.12, 0.32, 0.101, 0.801, 0.106, 0.314, 0.119, 0.788, 0.114, 0.321, 0.103, 0.796, 0.11, 0.311, 0.122, 0.782, 0.123, 0.31, 0.114, 0.789, 0.113, 0.32, 0.106, 0.799, 0.103, 0.322, 0.115, 0.788, 0.115, 0.314, 0.115, 0.787, 0.115, 0.319, 0.105, 0.8, 0.103]","[21.51506483861035, 21.885431071966835, 22.07663505495784, 21.40186678196292, 22.025803093262383, 21.66360515751996, 21.840918363971195, 21.11790966541716, 21.720345640219954, 21.587202981829478, 21.211955304482, 21.244484565996373, 21.835624962653277, 21.126760563380284, 21.54377277414629, 21.89558821833073, 21.708143846978704, 21.54296172827401, 21.778373822110673, 21.1114222266089, 21.347265023650998, 21.269885349307728, 21.777532892539902, 21.701593281532062, 21.582733812949638, 21.503055767761648, 21.01912685854292, 21.838801230738905, 21.75043933410177, 21.269726447456513, 21.1874207916862, 21.39093203907447, 21.467241185733172, 21.472179511657252, 21.621409511850572, 21.394714243745902, 22.160073076707864, 21.687683685121506, 21.881407801985418, 21.364379084967318, 21.708103737685327, 21.56377130998201, 21.22485868121647, 21.37109019131491, 21.51502861777844, 21.55008733956102, 21.42351947371946, 21.80437092559088]","[2.2375667432154764, 17.398917702213634, 2.318046680770573, 6.977008570919912, 2.2466319155127628, 17.28755691570093, 2.358819183308889, 6.673259454271823, 2.5412804399057345, 16.92436713775431, 2.54543463653784, 6.79823506111884, 2.205398121227981, 16.922535211267608, 2.2836399140595067, 6.8752147005558495, 2.5832691177904654, 16.975853841879918, 2.482734615720617, 6.776766534741458, 2.1987682974360525, 16.93082873804895, 2.395528618179389, 6.749195510556471, 2.6330935251798557, 16.81538961038961, 2.585352603600779, 6.770028381529061, 2.479550084087602, 16.78181416704319, 2.3941785494605408, 6.845098252503831, 2.275527565687716, 17.156271429814147, 2.2270051797206087, 6.88909798648618, 2.5484084038214045, 17.089894743875746, 2.516361897228323, 6.708415032679738, 2.496431929833813, 16.97068802095584, 2.4408587483398945, 6.817377771029456, 2.259078004866736, 17.240069871648817, 2.206622505793104]",336.83347192827097,9.916439299055536,c:\git\RailwAI\VIDEO\20260615\ADTC Rastatt_00_20260615183122.mp4,2026-06-15 18:31:22,Trieb
ADTC1_adz_raw_20260615_1835,2026-06-15 18:33:47.565,2026-06-15 18:33:57.638,"[Timestamp('2026-06-15 18:33:57.638000'), Timestamp('2026-06-15 18:33:57.769000'), Timestamp('2026-06-15 18:33:58.273000'), Timestamp('2026-06-15 18:33:58.412000'), Timestamp('2026-06-15 18:33:58.561000'), Timestamp('2026-06-15 18:33:58.703000'), Timestamp('2026-06-15 18:33:59.423000'), Timestamp('2026-06-15 18:33:59.560000'), Timestamp('2026-06-15 18:34:00.288000'), Timestamp('2026-06-15 18:34:00.422000'), Timestamp('2026-06-15 18:34:01.146000'), Timestamp('2026-06-15 18:34:01.284000'), Timestamp('2026-06-15 18:34:02.008000'), Timestamp('2026-06-15 18:34:02.145000'), Timestamp('2026-06-15 18:34:02.871000'), Timestamp('2026-06-15 18:34:03.010000'), Timestamp('2026-06-15 18:34:03.731000'), Timestamp('2026-06-15 18:34:03.880000'), Timestamp('2026-06-15 18:34:04.601000'), Timestamp('2026-06-15 18:34:04.741000'), Timestamp('2026-06-15 18:34:05.458000'), Timestamp('2026-06-15 18:34:05.596000'), Timestamp('2026-06-15 18:34:05.757000'), Timestamp('2026-06-15 18:34:05.890000'), Timestamp('2026-06-15 18:34:06.400000'), Timestamp('2026-06-15 18:34:06.539000')]","[0.131, 0.504, 0.139, 0.149, 0.142, 0.72, 0.137, 0.728, 0.134, 0.724, 0.138, 0.724, 0.137, 0.726, 0.139, 0.721, 0.149, 0.721, 0.14, 0.717, 0.138, 0.161, 0.133, 0.51, 0.139]","[21.11905754166662, 21.38765234146993, 20.758990030294438, 21.115575952664756, 21.080373032863292, 21.973260088827075, 20.786477573328057, 20.760370724591812, 22.02175903719531, 21.274349617639643, 20.340295456949853, 20.407738714374872, 20.81837636807029, 20.332796132151493, 20.966788339460877, 20.9340249608706, 20.448225116945324, 20.803340051828386, 22.09195567181623, 21.31868131868132, 21.39424381730195, 21.333540414511653, 21.675866471405502, 21.364379084967318, 21.06274265621566, 21.473573177327737]","[2.7665965379583275, 10.779376780100845, 2.8854996142109273, 3.1462208169470482, 2.9934129706665873, 15.820747263955493, 2.847747427545944, 15.113549887502838, 2.9509157109841717, 15.402629123171101, 2.80696077305908, 14.775202829207407, 2.85211756242563, 14.761609991941985, 2.914383579185062, 15.093431996787704, 3.046785542424853, 14.999208177368265, 3.0928737940542725, 15.285494505494507, 2.952405646787669, 3.434700006736376, 2.882890240696932, 10.895833333333332, 2.927721229213977]",187.4283153417603,9.955901632831432,c:\git\RailwAI\VIDEO\20260615\ADTC Rastatt_00_20260615183357.mp4,2026-06-15 18:33:57,Trieb
ADTC1_adz_raw_20260615_1838,2026-06-15 18:37:14.918,2026-06-15 18:37:24.967,"[Timestamp('2026-06-15 18:37:24.967000'), Timestamp('2026-06-15 18:37:25.076000'), Timestamp('2026-06-15 18:37:25.655000'), Timestamp('2026-06-15 18:37:25.776000'), Timestamp('2026-06-15 18:37:26.398000'), Timestamp('2026-06-15 18:37:26.516000'), Timestamp('2026-06-15 18:37:27.101000'), Timestamp('2026-06-15 18:37:27.206000')]","[0.109, 0.579, 0.121, 0.622, 0.118, 0.585, 0.105]","[23.380566801619434, 23.400169555016653, 22.834220524260957, 23.2861075673135, 22.886641366506858, 22.97953256800052, 23.142309252498436, 23.029506157130534]","[2.5484817813765184, 13.54869817235464, 2.7629406834355756, 14.483958906868997, 2.700623681247809, 13.443026552280303, 2.4299424715123354]",51.91767224907618,9.93722810432848,c:\git\RailwAI\VIDEO\20260615\ADTC Rastatt_00_20260615183724.mp4,2026-06-15 18:37:24,Trieb
ADTC1_adz_raw_20260615_1842,2026-06-15 18:40:46.816,2026-06-15 18:40:56.866,"[Timestamp('2026-06-15 18:40:56.866000'), Timestamp('2026-06-15 18:40:56.975000'), Timestamp('2026-06-15 18:40:57.753000'), Timestamp('2026-06-15 18:40:57.857000'), Timestamp('2026-06-15 18:40:58.171000'), Timestamp('2026-06-15 18:40:58.290000'), Timestamp('2026-06-15 18:40:59.062000'), Timestamp('2026-06-15 18:40:59.179000'), Timestamp('2026-06-15 18:40:59.492000'), Timestamp('2026-06-15 18:40:59.596000'), Timestamp('2026-06-15 18:41:00.381000'), Timestamp('2026-06-15 18:41:00.480000'), Timestamp('2026-06-15 18:41:00.797000'), Timestamp('2026-06-15 18:41:00.913000'), Timestamp('2026-06-15 18:41:01.687000'), Timestamp('2026-06-15 18:41:01.801000'), Timestamp('2026-06-15 18:41:02.104000'), Timestamp('2026-06-15 18:41:02.230000'), Timestamp('2026-06-15 18:41:03'), Timestamp('2026-06-15 18:41:03.112000'), Timestamp('2026-06-15 18:41:03.429000'), Timestamp('2026-06-15 18:41:03.528000'), Timestamp('2026-06-15 18:41:04.316000'), Timestamp('2026-06-15 18:41:04.420000'), Timestamp('2026-06-15 18:41:04.740000'), Timestamp('2026-06-15 18:41:04.841000'), Timestamp('2026-06-15 18:41:05.625000'), Timestamp('2026-06-15 18:41:05.728000')]","[0.109, 0.778, 0.104, 0.314, 0.119, 0.772, 0.117, 0.313, 0.104, 0.785, 0.099, 0.317, 0.116, 0.774, 0.114, 0.303, 0.126, 0.77, 0.112, 0.317, 0.099, 0.788, 0.104, 0.32, 0.101, 0.784, 0.103]","[22.553931508392473, 22.926741583458, 22.63617141665922, 22.527821084887904, 22.560627456223166, 22.66531874612096, 23.09069695293848, 22.72172272172272, 22.684917421759526, 23.399249816231013, 23.42171717171717, 22.565852109534866, 23.35668335871707, 22.728952641639086, 22.34435840545425, 22.763342890647547, 23.062896671433666, 23.18331094193163, 23.36856047500725, 22.718590626151364, 22.86699821459223, 22.71964724351605, 22.719146171666548, 23.65496554604423, 23.34630350194552, 22.814065059123138, 22.699896737144226, 22.719146171666548]","[2.4583785344147797, 17.837004951930325, 2.354161827332559, 7.073735820654802, 2.6847146672905566, 17.49762607200538, 2.701611543493802, 7.111899211899211, 2.3592314118629907, 18.368411105741345, 2.31875, 7.153375118722552, 2.70937526961118, 17.592209344628653, 2.5472568582217847, 6.897292895866206, 2.905924980600642, 17.851149425287357, 2.617278773200812, 7.201793228489983, 2.263832823244631, 17.903082027890648, 2.362791201853321, 7.569588974734154, 2.3579766536964977, 17.88622700635254, 2.3380893639258553]",202.9227690929526,9.938849310279414,c:\git\RailwAI\VIDEO\20260615\ADTC Rastatt_00_20260615184057.mp4,2026-06-15 18:40:57,Trieb
ADTC1_adz_raw_20260615_1847,2026-06-15 18:45:57.888,2026-06-15 18:46:07.932,"[Timestamp('2026-06-15 18:46:07.932000'), Timestamp('2026-06-15 18:46:08.069000'), Timestamp('2026-06-15 18:46:08.396000'), Timestamp('2026-06-15 18:46:08.531000')]","[0.137, 0.327, 0.135]","[21.19500679326294, 21.416127426580395, 21.86220060813597, 20.844929083600256]","[2.903715930677023, 7.00307366849179, 2.951397082098356]",12.858186681267169,9.92885824585867,c:\git\RailwAI\VIDEO\20260615\ADTC Rastatt_00_20260615184607.mp4,2026-06-15 18:46:07,Lok
ADTC1_adz_raw_20260615_1854,2026-06-15 18:53:00.896,2026-06-15 18:53:10.974,"[Timestamp('2026-06-15 18:53:10.974000'), Timestamp('2026-06-15 18:53:11.088000'), Timestamp('2026-06-15 18:53:11.810000'), Timestamp('2026-06-15 18:53:11.924000'), Timestamp('2026-06-15 18:53:12.127000'), Timestamp('2026-06-15 18:53:12.235000'), Timestamp('2026-06-15 18:53:12.982000'), Timestamp('2026-06-15 18:53:13.090000'), Timestamp('2026-06-15 18:53:13.299000'), Timestamp('2026-06-15 18:53:13.408000'), Timestamp('2026-06-15 18:53:14.150000'), Timestamp('2026-06-15 18:53:14.262000'), Timestamp('2026-06-15 18:53:14.462000'), Timestamp('2026-06-15 18:53:14.579000'), Timestamp('2026-06-15 18:53:15.303000'), Timestamp('2026-06-15 18:53:15.421000')]","[0.114, 0.722, 0.114, 0.203, 0.108, 0.747, 0.108, 0.209, 0.109, 0.742, 0.112, 0.2, 0.117, 0.724, 0.118]","[21.11971408115661, 21.533242876526458, 21.818181818181817, 21.579550107398568, 21.18162736140264, 21.263824422669188, 21.5488922841864, 20.81309422858237, 21.37598307293007, 21.49371718482685, 21.03174603174603, 21.096740045058493, 21.146953405017918, 21.418453633347504, 21.498082034143792, 22.01924928542031]","[2.4076474052518533, 15.547001356852101, 2.4872727272727273, 4.380648671801909, 2.287615755031485, 15.884076843733883, 2.3272803666921313, 4.3499366937737145, 2.3299821549493775, 15.948338151141522, 2.3555555555555556, 4.219348009011699, 2.4741935483870967, 15.506960430543593, 2.5367736800289675]",95.04263135002762,9.96742412204036,c:\git\RailwAI\VIDEO\20260615\ADTC Rastatt_00_20260615185310.mp4,2026-06-15 18:53:10,Trieb
ADTC1_adz_raw_20260615_1902,2026-06-15 19:01:15.699,2026-06-15 19:01:25.260,"[Timestamp('2026-06-15 19:01:25.260000'), Timestamp('2026-06-15 19:01:25.707000'), Timestamp('2026-06-15 19:01:26.140000'), Timestamp('2026-06-15 19:01:26.588000'), Timestamp('2026-06-15 19:01:26.924000'), Timestamp('2026-06-15 19:01:27.376000'), Timestamp('2026-06-15 19:01:27.814000'), Timestamp('2026-06-15 19:01:28.256000')]","[0.447, 0.433, 0.448, 0.336, 0.452, 0.438, 0.442]","[21.930577796343997, 21.5707920746788, 20.756138357231322, 21.494913754975673, 20.99939322554164, 21.816875703801493, 55.11436262535401, 21.23092734603526]","[9.802968274965767, 9.34015296833592, 9.298749984039633, 7.222291021671826, 9.49172573794482, 9.555791558265055, 24.360548280406473]",79.0722278256295,9.383320769932851,c:\git\RailwAI\VIDEO\20260615\ADTC Rastatt_00_20260615190125.mp4,2026-06-15 19:01:25,Trieb
ADTC1_adz_raw_20260615_1915,2026-06-15 19:14:13.018,2026-06-15 19:14:23.095,"[Timestamp('2026-06-15 19:14:23.095000'), Timestamp('2026-06-15 19:14:23.201000'), Timestamp('2026-06-15 19:14:23.984000'), Timestamp('2026-06-15 19:14:24.088000'), Timestamp('2026-06-15 19:14:24.401000'), Timestamp('2026-06-15 19:14:24.516000'), Timestamp('2026-06-15 19:14:25.293000'), Timestamp('2026-06-15 19:14:25.414000'), Timestamp('2026-06-15 19:14:25.718000'), Timestamp('2026-06-15 19:14:25.833000'), Timestamp('2026-06-15 19:14:26.609000'), Timestamp('2026-06-15 19:14:26.724000'), Timestamp('2026-06-15 19:14:27.032000'), Timestamp('2026-06-15 19:14:27.148000'), Timestamp('2026-06-15 19:14:27.925000'), Timestamp('2026-06-15 19:14:28.038000'), Timestamp('2026-06-15 19:14:28.354000'), Timestamp('2026-06-15 19:14:28.454000'), Timestamp('2026-06-15 19:14:29.251000'), Timestamp('2026-06-15 19:14:29.354000'), Timestamp('2026-06-15 19:14:29.662000'), Timestamp('2026-06-15 19:14:29.781000'), Timestamp('2026-06-15 19:14:30.559000'), Timestamp('2026-06-15 19:14:30.675000'), Timestamp('2026-06-15 19:14:30.984000'), Timestamp('2026-06-15 19:14:31.098000'), Timestamp('2026-06-15 19:14:31.882000'), Timestamp('2026-06-15 19:14:31.994000'), Timestamp('2026-06-15 19:14:32.308000'), Timestamp('2026-06-15 19:14:32.412000'), Timestamp('2026-06-15 19:14:33.206000'), Timestamp('2026-06-15 19:14:33.303000'), Timestamp('2026-06-15 19:14:33.618000'), Timestamp('2026-06-15 19:14:33.735000'), Timestamp('2026-06-15 19:14:34.508000'), Timestamp('2026-06-15 19:14:34.625000'), Timestamp('2026-06-15 19:14:34.938000'), Timestamp('2026-06-15 19:14:35.047000'), Timestamp('2026-06-15 19:14:35.827000'), Timestamp('2026-06-15 19:14:35.927000'), Timestamp('2026-06-15 19:14:36.240000'), Timestamp('2026-06-15 19:14:36.354000'), Timestamp('2026-06-15 19:14:37.125000'), Timestamp('2026-06-15 19:14:37.239000'), Timestamp('2026-06-15 19:14:37.553000'), Timestamp('2026-06-15 19:14:37.654000'), Timestamp('2026-06-15 19:14:38.438000'), Timestamp('2026-06-15 19:14:38.537000'), Timestamp('2026-06-15 19:14:38.855000'), Timestamp('2026-06-15 19:14:38.964000'), Timestamp('2026-06-15 19:14:39.745000'), Timestamp('2026-06-15 19:14:39.842000')]","[0.106, 0.783, 0.104, 0.313, 0.115, 0.777, 0.121, 0.304, 0.115, 0.776, 0.115, 0.308, 0.116, 0.777, 0.113, 0.316, 0.1, 0.797, 0.103, 0.308, 0.119, 0.778, 0.116, 0.309, 0.114, 0.784, 0.112, 0.314, 0.104, 0.794, 0.097, 0.315, 0.117, 0.773, 0.117, 0.313, 0.109, 0.78, 0.1, 0.313, 0.114, 0.771, 0.114, 0.314, 0.101, 0.784, 0.099, 0.318, 0.109, 0.781, 0.097]","[21.29169407750571, 21.109434592336015, 21.58164046270582, 21.818344650275524, 21.66069736256977, 21.12460050295746, 22.562810722229383, 21.798371427600408, 21.632420731502148, 21.973504224875683, 21.736955623881414, 21.86139106631828, 22.084841062183372, 21.93593934963392, 21.814818145611984, 21.94524452890697, 22.471910112359545, 22.14699102061872, 22.255431725058948, 22.413522809177582, 21.42633107590174, 21.974891411167203, 21.46998342247369, 22.55236417111591, 21.45073353847725, 21.096841075971717, 21.146953405017918, 21.270138530200448, 21.522774212874648, 21.770910672859394, 22.784588287869887, 21.76282760224366, 21.47577765555294, 21.730225520922303, 21.665263507470733, 21.544733447281338, 22.26445663479375, 23.111642846764298, 22.574509982438443, 22.345139262325876, 22.35325740472758, 21.996675308464162, 22.485106696914368, 22.077831055963944, 22.017633460566636, 22.01924928542031, 21.98342974182524, 22.3569684471453, 22.056313777636767, 22.8761559070089, 22.166248385760586, 21.60120967014644]","[2.256919572215605, 16.5286872857991, 2.244490608121405, 6.829141875536239, 2.490980196695524, 16.413814590797948, 2.730100097389755, 6.626704913990523, 2.487728384122747, 17.05143927850353, 2.499749896746363, 6.73330844842603, 2.5618415632132714, 17.044224874665556, 2.4650744504541544, 6.934697271134602, 2.2471910112359548, 17.651151843433123, 2.2923094676810716, 6.903365025226695, 2.549733398032307, 17.096465517888085, 2.490518077006948, 6.968680528874817, 2.4453836233864066, 16.539923403561826, 2.368458781362007, 6.678823498482941, 2.238368518138963, 17.28610307425036, 2.210105063923379, 6.855290694706754, 2.512665985699694, 16.79746432767294, 2.534835830374076, 6.743501568999059, 2.4268257731925185, 18.027081420476154, 2.2574509982438444, 6.994028589107999, 2.548271344138944, 16.95943666282587, 2.5633021634482382, 6.932438951572679, 2.2237809795172305, 17.263091439769525, 2.176359544440699, 7.109515966192205, 2.404138201762408, 17.86627776337395, 2.150126093418777]",367.2113684392307,9.96412794762601,c:\git\RailwAI\VIDEO\20260615\ADTC Rastatt_00_20260615191421.mp4,2026-06-15 19:14:21,Trieb
ADTC1_adz_raw_20260615_1926,2026-06-15 19:25:10.714,2026-06-15 19:25:20.744,"[Timestamp('2026-06-15 19:25:20.744000'), Timestamp('2026-06-15 19:25:20.880000'), Timestamp('2026-06-15 19:25:21.194000'), Timestamp('2026-06-15 19:25:21.327000'), Timestamp('2026-06-15 19:25:22.045000'), Timestamp('2026-06-15 19:25:22.272000'), Timestamp('2026-06-15 19:25:23.154000'), Timestamp('2026-06-15 19:25:23.231000'), Timestamp('2026-06-15 19:25:23.381000'), Timestamp('2026-06-15 19:25:23.452000'), Timestamp('2026-06-15 19:25:24.057000'), Timestamp('2026-06-15 19:25:24.131000'), Timestamp('2026-06-15 19:25:24.343000'), Timestamp('2026-06-15 19:25:25.023000'), Timestamp('2026-06-15 19:25:25.479000'), Timestamp('2026-06-15 19:25:25.685000'), Timestamp('2026-06-15 19:25:25.757000'), Timestamp('2026-06-15 19:25:26.197000'), Timestamp('2026-06-15 19:25:26.273000'), Timestamp('2026-06-15 19:25:26.513000'), Timestamp('2026-06-15 19:25:27.338000'), Timestamp('2026-06-15 19:25:27.592000'), Timestamp('2026-06-15 19:25:28.389000'), Timestamp('2026-06-15 19:25:28.401000'), Timestamp('2026-06-15 19:25:28.642000'), Timestamp('2026-06-15 19:25:29.053000'), Timestamp('2026-06-15 19:25:29.287000'), Timestamp('2026-06-15 19:25:30.588000'), Timestamp('2026-06-15 19:25:31.725000'), Timestamp('2026-06-15 19:25:32.554000'), Timestamp('2026-06-15 19:25:32.631000'), Timestamp('2026-06-15 19:25:33.054000'), Timestamp('2026-06-15 19:25:33.276000'), Timestamp('2026-06-15 19:25:33.930000'), Timestamp('2026-06-15 19:25:34.381000'), Timestamp('2026-06-15 19:25:34.659000'), Timestamp('2026-06-15 19:25:35.064000'), Timestamp('2026-06-15 19:25:35.252000'), Timestamp('2026-06-15 19:25:35.659000'), Timestamp('2026-06-15 19:25:35.858000'), Timestamp('2026-06-15 19:25:35.932000'), Timestamp('2026-06-15 19:25:36.695000')]","[0.136, 0.314, 0.133, 0.718, 0.227, 0.882, 0.077, 0.15, 0.071, 0.605, 0.074, 0.212, 0.68, 0.456, 0.206, 0.072, 0.44, 0.076, 0.24, 0.825, 0.254, 0.797, 0.012, 0.241, 0.411, 0.234, 1.301, 1.137, 0.829, 0.077, 0.423, 0.222, 0.654, 0.451, 0.278, 0.405, 0.188, 0.407, 0.199, 0.074, 0.763]","[nan, nan, nan, nan, nan, nan, nan, nan, nan, nan, nan, nan, nan, nan, nan, nan, nan, nan, nan, nan, nan, nan, nan, nan, nan, nan, nan, nan, nan, nan, nan, nan, nan, nan, nan, nan, nan, nan, nan, nan, nan, nan, nan, nan, nan, nan, nan]","[nan, nan, nan, nan, nan, nan, nan, nan, nan, nan, nan, nan, nan, nan, nan, nan, nan, nan, nan, nan, nan, nan, nan, nan, nan, nan, nan, nan, nan, nan, nan, nan, nan, nan, nan, nan, nan, nan, nan, nan, nan]",,9.916871095573413,c:\git\RailwAI\VIDEO\20260615\ADTC Rastatt_00_20260615192520.mp4,2026-06-15 19:25:20,Lok
ADTC1_adz_raw_20260615_1930,2026-06-15 19:28:48.403,2026-06-15 19:28:58.444,"[Timestamp('2026-06-15 19:28:58.444000'), Timestamp('2026-06-15 19:28:58.555000'), Timestamp('2026-06-15 19:28:58.911000'), Timestamp('2026-06-15 19:28:59.025000'), Timestamp('2026-06-15 19:28:59.256000'), Timestamp('2026-06-15 19:28:59.372000'), Timestamp('2026-06-15 19:29:00.163000'), Timestamp('2026-06-15 19:29:00.268000'), Timestamp('2026-06-15 19:29:00.461000'), Timestamp('2026-06-15 19:29:00.575000'), Timestamp('2026-06-15 19:29:01.367000'), Timestamp('2026-06-15 19:29:01.474000'), Timestamp('2026-06-15 19:29:01.670000'), Timestamp('2026-06-15 19:29:01.776000'), Timestamp('2026-06-15 19:29:02.568000'), Timestamp('2026-06-15 19:29:02.669000'), Timestamp('2026-06-15 19:29:02.859000'), Timestamp('2026-06-15 19:29:02.975000'), Timestamp('2026-06-15 19:29:03.762000'), Timestamp('2026-06-15 19:29:03.869000')]","[0.111, 0.356, 0.114, 0.231, 0.116, 0.791, 0.105, 0.193, 0.114, 0.792, 0.107, 0.196, 0.106, 0.792, 0.101, 0.19, 0.116, 0.787, 0.107]","[22.13242961418144, 21.341922044934385, 22.101263398941548, 22.696619178697077, 21.8935841449556, 21.470787642966634, 22.262921158623346, 21.430582135507933, 21.78179846314592, 21.87018643437616, 22.590490312101302, 21.998328307329224, 22.39885277442938, 21.796400135399647, 22.71771271037595, 22.156662792609296, 21.536680299318725, 21.61951346736909, 22.327023019064537, 21.82156582961788]","[2.45669968717414, 7.5977242479966405, 2.5195440274793364, 5.242919030279025, 2.5396557608148496, 16.983393025586608, 2.337606721655451, 4.136102352153031, 2.483125024798635, 17.32118765602592, 2.4171824633948393, 4.311672348236528, 2.3742783940895142, 17.26274890723652, 2.294488983747971, 4.209765930595767, 2.498254914720972, 17.014557098819473, 2.3889914630399054]",118.38989803784511,9.92711836462271,c:\git\RailwAI\VIDEO\20260615\ADTC Rastatt_00_20260615192858.mp4,2026-06-15 19:28:58,Lok
ADTC1_adz_raw_20260615_1936,2026-06-15 19:35:33.037,2026-06-15 19:35:43.072,"[Timestamp('2026-06-15 19:35:43.072000'), Timestamp('2026-06-15 19:35:43.174000'), Timestamp('2026-06-15 19:35:43.765000'), Timestamp('2026-06-15 19:35:43.881000'), Timestamp('2026-06-15 19:35:44.502000'), Timestamp('2026-06-15 19:35:44.621000'), Timestamp('2026-06-15 19:35:45.208000'), Timestamp('2026-06-15 19:35:45.319000')]","[0.102, 0.591, 0.116, 0.621, 0.119, 0.587, 0.111]","[22.219561294311767, 21.3780809843801, 22.0926154137833, 21.545433292322656, 21.777539007754832, 21.623376623376622, 21.782599896133178, 21.70434895510585]","[2.2663952520198, 12.63444586176864, 2.562743387998863, 13.37971407453237, 2.5915271419228247, 12.692922077922077, 2.4178685884707827]",48.54561638463535,9.924077283267708,c:\git\RailwAI\VIDEO\20260615\ADTC Rastatt_00_20260615193542.mp4,2026-06-15 19:35:42,Trieb
ADTC1_adz_raw_20260615_1941,2026-06-15 19:39:52.122,2026-06-15 19:40:02.235,"[Timestamp('2026-06-15 19:40:02.235000'), Timestamp('2026-06-15 19:40:02.341000'), Timestamp('2026-06-15 19:40:03.126000'), Timestamp('2026-06-15 19:40:03.223000'), Timestamp('2026-06-15 19:40:03.550000'), Timestamp('2026-06-15 19:40:03.656000'), Timestamp('2026-06-15 19:40:04.442000'), Timestamp('2026-06-15 19:40:04.544000'), Timestamp('2026-06-15 19:40:04.860000'), Timestamp('2026-06-15 19:40:04.978000'), Timestamp('2026-06-15 19:40:05.754000'), Timestamp('2026-06-15 19:40:05.873000'), Timestamp('2026-06-15 19:40:06.188000'), Timestamp('2026-06-15 19:40:06.287000'), Timestamp('2026-06-15 19:40:07.073000'), Timestamp('2026-06-15 19:40:07.175000'), Timestamp('2026-06-15 19:40:07.496000'), Timestamp('2026-06-15 19:40:07.612000'), Timestamp('2026-06-15 19:40:08.391000'), Timestamp('2026-06-15 19:40:08.515000'), Timestamp('2026-06-15 19:40:08.823000'), Timestamp('2026-06-15 19:40:08.929000'), Timestamp('2026-06-15 19:40:09.715000'), Timestamp('2026-06-15 19:40:09.820000'), Timestamp('2026-06-15 19:40:10.137000'), Timestamp('2026-06-15 19:40:10.255000'), Timestamp('2026-06-15 19:40:11.032000'), Timestamp('2026-06-15 19:40:11.145000'), Timestamp('2026-06-15 19:40:11.457000'), Timestamp('2026-06-15 19:40:11.574000'), Timestamp('2026-06-15 19:40:12.360000'), Timestamp('2026-06-15 19:40:12.474000'), Timestamp('2026-06-15 19:40:12.791000'), Timestamp('2026-06-15 19:40:12.887000'), Timestamp('2026-06-15 19:40:13.689000'), Timestamp('2026-06-15 19:40:13.787000'), Timestamp('2026-06-15 19:40:14.108000'), Timestamp('2026-06-15 19:40:14.225000'), Timestamp('2026-06-15 19:40:15.009000'), Timestamp('2026-06-15 19:40:15.128000'), Timestamp('2026-06-15 19:40:15.438000'), Timestamp('2026-06-15 19:40:15.554000'), Timestamp('2026-06-15 19:40:16.338000'), Timestamp('2026-06-15 19:40:16.451000'), Timestamp('2026-06-15 19:40:16.769000'), Timestamp('2026-06-15 19:40:16.876000'), Timestamp('2026-06-15 19:40:17.663000'), Timestamp('2026-06-15 19:40:17.780000'), Timestamp('2026-06-15 19:40:18.099000'), Timestamp('2026-06-15 19:40:18.211000'), Timestamp('2026-06-15 19:40:19'), Timestamp('2026-06-15 19:40:19.109000')]","[0.106, 0.785, 0.097, 0.327, 0.106, 0.786, 0.102, 0.316, 0.118, 0.776, 0.119, 0.315, 0.099, 0.786, 0.102, 0.321, 0.116, 0.779, 0.124, 0.308, 0.106, 0.786, 0.105, 0.317, 0.118, 0.777, 0.113, 0.312, 0.117, 0.786, 0.114, 0.317, 0.096, 0.802, 0.098, 0.321, 0.117, 0.784, 0.119, 0.31, 0.116, 0.784, 0.113, 0.318, 0.107, 0.787, 0.117, 0.319, 0.112, 0.789, 0.109]","[21.062181589782956, 21.865841682161005, 21.86991310727469, 21.114119534697153, 22.159565580618214, 21.812434141201265, 18.70563070277867, 22.61472290731061, 22.232084462300286, 22.262036422620362, 22.388481084133254, 22.66271850054756, 22.551294592252592, 21.34118791922983, 21.354794055597335, 21.282040066485873, 20.89358010410642, 21.376190521475745, 21.393752233168293, 23.05656310650548, 21.86639035959848, 20.451559825373863, 21.144200626959247, 20.59069611780455, 22.426610214789072, 21.975790765847087, 21.70131401269139, 20.11682031303087, 20.93771573325477, 20.625283993480018, 22.757164281123437, 21.174103541619136, 20.051721475991968, 19.31842741505558, 20.44435160106802, 20.689655172413794, 19.45644412819814, 21.146105356631672, 21.12479481597481, 20.835639180962918, 19.835492252075724, 21.25638523790392, 22.263842391147048, 19.558034281537772, 22.511406721933035, 20.338301599609437, 20.11897914080712, 20.41929658773738, 21.171822131712595, 21.840562538236956, 19.94375893917723, 21.481874199743924]","[2.2325912485169934, 17.16468572049639, 2.121381571405645, 6.904317087845969, 2.3489139515455304, 17.144573234984197, 1.9079743316834243, 7.146252438710153, 2.6233859665514334, 17.275340263953403, 2.664229249011857, 7.138756327672481, 2.232578164633007, 16.77417370451465, 2.178188993670928, 6.831534861341965, 2.423655292076345, 16.652052416229605, 2.652825276912868, 7.101421436803688, 2.3178373781174386, 16.074926022743856, 2.220141065830721, 6.527250669344043, 2.6463400053451105, 17.075189425063186, 2.4522484834341274, 6.2764479376656315, 2.449712740790808, 16.211473218875295, 2.594316728048072, 6.712190822693266, 1.924965261695229, 15.493378786874576, 2.003546456904666, 6.641379310344828, 2.2764039629991824, 16.578546599599232, 2.5138505831010023, 6.459048146098505, 2.3009171012407843, 16.665006026516675, 2.5158141901996163, 6.219454901529011, 2.4087205192468346, 16.00624335889263, 2.353920559474433, 6.513755611488225, 2.3712440787518108, 17.23220384266896, 2.173869724370318]",357.7291750585086,9.995729593914174,c:\git\RailwAI\VIDEO\20260615\ADTC Rastatt_00_20260615194002.mp4,2026-06-15 19:40:02,Trieb
ADTC1_adz_raw_20260615_1954,2026-06-15 19:53:25.882,2026-06-15 19:53:35.942,"[Timestamp('2026-06-15 19:53:35.942000'), Timestamp('2026-06-15 19:53:36.084000'), Timestamp('2026-06-15 19:53:36.584000'), Timestamp('2026-06-15 19:53:36.717000'), Timestamp('2026-06-15 19:53:36.869000'), Timestamp('2026-06-15 19:53:37.004000'), Timestamp('2026-06-15 19:53:37.723000'), Timestamp('2026-06-15 19:53:37.864000'), Timestamp('2026-06-15 19:53:38.580000'), Timestamp('2026-06-15 19:53:38.719000'), Timestamp('2026-06-15 19:53:39.434000'), Timestamp('2026-06-15 19:53:39.573000'), Timestamp('2026-06-15 19:53:40.293000'), Timestamp('2026-06-15 19:53:40.431000'), Timestamp('2026-06-15 19:53:41.156000'), Timestamp('2026-06-15 19:53:41.295000'), Timestamp('2026-06-15 19:53:42.011000'), Timestamp('2026-06-15 19:53:42.150000'), Timestamp('2026-06-15 19:53:42.873000'), Timestamp('2026-06-15 19:53:43.015000'), Timestamp('2026-06-15 19:53:43.728000'), Timestamp('2026-06-15 19:53:43.867000'), Timestamp('2026-06-15 19:53:44.022000'), Timestamp('2026-06-15 19:53:44.160000'), Timestamp('2026-06-15 19:53:44.663000'), Timestamp('2026-06-15 19:53:44.805000')]","[0.142, 0.5, 0.133, 0.152, 0.135, 0.719, 0.141, 0.716, 0.139, 0.715, 0.139, 0.72, 0.138, 0.725, 0.139, 0.716, 0.139, 0.723, 0.142, 0.713, 0.139, 0.155, 0.138, 0.503, 0.142]","[22.01788803335316, 21.91183831270819, 22.112088118724333, 21.836661769960692, 23.08491925548981, 20.732800833047527, 22.158450559942743, 22.712793433966596, 21.620586666930947, 21.309991228829666, 22.988505747126435, 22.96040182795123, 22.56866561111844, 22.003019914757644, 21.85828155448284, 22.866284658737484, 22.879665494901687, 22.508974604576004, 22.814910579616463, 23.33857709704435, 22.82488872680254, 22.065443679210148, 22.922254769268346, 23.173219884112076, 23.326508722459828, 22.981978232344822]","[3.126540100736148, 10.955919156354096, 2.9409077197903364, 3.319172589034025, 3.116464099491125, 14.906883798961172, 3.1243415289519265, 16.26236009872008, 3.005261546703402, 15.236643728613211, 3.1954022988505746, 16.531489316124887, 3.114475854334345, 15.95218943819929, 3.038301136073115, 16.372259815656037, 3.1802735037913346, 16.27398863910845, 3.2397173023055372, 16.640405470192622, 3.1726595330255534, 3.4201437702775728, 3.163271158159032, 11.656129601708374, 3.312364238589295]",198.2575654437516,9.947822839970843,c:\git\RailwAI\VIDEO\20260615\ADTC Rastatt_00_20260615195336.mp4,2026-06-15 19:53:36,Trieb
ADTC1_adz_raw_20260615_2006,2026-06-15 20:05:09.222,2026-06-15 20:05:19.320,"[Timestamp('2026-06-15 20:05:19.320000'), Timestamp('2026-06-15 20:05:19.683000'), Timestamp('2026-06-15 20:05:20.037000'), Timestamp('2026-06-15 20:05:20.398000'), Timestamp('2026-06-15 20:05:20.674000'), Timestamp('2026-06-15 20:05:21.040000'), Timestamp('2026-06-15 20:05:21.392000'), Timestamp('2026-06-15 20:05:21.756000')]","[0.363, 0.354, 0.361, 0.276, 0.366, 0.352, 0.364]","[26.43514912722774, 34.96376811594203, 26.77163237508065, 25.763917369393866, 26.119292664394024, 24.64365162551467, 26.30071818997694, 34.268002565705615]","[9.595959133183669, 12.377173913043478, 9.664559287404114, 7.110841193952708, 9.559661115168213, 8.674565372181164, 9.573461421151606]",66.55622143608494,10.049862013011197,c:\git\RailwAI\VIDEO\20260615\ADTC Rastatt_00_20260615200519.mp4,2026-06-15 20:05:19,Trieb
ADTC1_adz_raw_20260615_2013,2026-06-15 20:12:10.637,2026-06-15 20:12:20.740,"[Timestamp('2026-06-15 20:12:20.740000'), Timestamp('2026-06-15 20:12:20.855000'), Timestamp('2026-06-15 20:12:21.536000'), Timestamp('2026-06-15 20:12:21.652000'), Timestamp('2026-06-15 20:12:21.878000'), Timestamp('2026-06-15 20:12:21.988000'), Timestamp('2026-06-15 20:12:22.674000'), Timestamp('2026-06-15 20:12:22.792000'), Timestamp('2026-06-15 20:12:23.016000'), Timestamp('2026-06-15 20:12:23.133000'), Timestamp('2026-06-15 20:12:23.825000'), Timestamp('2026-06-15 20:12:23.938000'), Timestamp('2026-06-15 20:12:24.160000'), Timestamp('2026-06-15 20:12:24.272000'), Timestamp('2026-06-15 20:12:24.963000'), Timestamp('2026-06-15 20:12:25.075000'), Timestamp('2026-06-15 20:12:25.305000'), Timestamp('2026-06-15 20:12:25.411000'), Timestamp('2026-06-15 20:12:26.099000'), Timestamp('2026-06-15 20:12:26.215000'), Timestamp('2026-06-15 20:12:26.441000'), Timestamp('2026-06-15 20:12:26.554000'), Timestamp('2026-06-15 20:12:27.241000'), Timestamp('2026-06-15 20:12:27.356000'), Timestamp('2026-06-15 20:12:27.583000'), Timestamp('2026-06-15 20:12:27.697000'), Timestamp('2026-06-15 20:12:28.383000'), Timestamp('2026-06-15 20:12:28.497000'), Timestamp('2026-06-15 20:12:28.724000'), Timestamp('2026-06-15 20:12:28.837000'), Timestamp('2026-06-15 20:12:29.524000'), Timestamp('2026-06-15 20:12:29.636000')]","[0.115, 0.681, 0.116, 0.226, 0.11, 0.686, 0.118, 0.224, 0.117, 0.692, 0.113, 0.222, 0.112, 0.691, 0.112, 0.23, 0.106, 0.688, 0.116, 0.226, 0.113, 0.687, 0.115, 0.227, 0.114, 0.686, 0.114, 0.227, 0.113, 0.687, 0.112]","[22.48752858033673, 22.064684019207988, 22.013905000570574, 22.56793284962299, 22.084841062183372, 21.359368845008312, 20.825416689730908, 22.539302802460696, 21.46915481244484, 21.59612165481858, 22.973059457698316, 22.394273374655267, 21.942784333950186, 21.8448589849488, 22.183543487790416, 21.942784333950186, 22.819414505046186, 21.301045953709746, 22.166985860396892, 21.975790765847087, 22.17027508503776, 21.792023006505886, 22.57871989418644, 22.139303482587067, 21.78914988760522, 21.9138657138967, 22.142431882161837, 22.026523293686388, 22.133801657428247, 22.027417027417023, 22.517988239161404, 21.945895168420495]","[2.586065786738724, 15.02604981708064, 2.5536129800661866, 5.100352824014796, 2.429332516840171, 14.652527027675703, 2.457399169388247, 5.048803827751196, 2.5118911130560466, 14.944516185134457, 2.59595571871991, 4.97152868917347, 2.457591845402421, 15.09479755859962, 2.4845568706325265, 5.046840396808543, 2.4188579375348955, 14.655119616152303, 2.5713703598060396, 4.966528713081442, 2.505241084609267, 14.971119805469545, 2.596552787831441, 5.0256218905472645, 2.483963087186995, 15.032911879733138, 2.5242372345664497, 5.00002078766681, 2.501119587289392, 15.132835497835496, 2.5220146827860774]",194.8693372791792,9.989831424077282,c:\git\RailwAI\VIDEO\20260615\ADTC Rastatt_00_20260615201221.mp4,2026-06-15 20:12:21,Trieb
ADTC1_adz_raw_20260615_2031,2026-06-15 20:26:46.483,2026-06-15 20:26:56.539,"[Timestamp('2026-06-15 20:26:56.539000'), Timestamp('2026-06-15 20:26:56.675000'), Timestamp('2026-06-15 20:26:57.072000'), Timestamp('2026-06-15 20:26:57.212000'), Timestamp('2026-06-15 20:26:57.438000'), Timestamp('2026-06-15 20:26:57.550000'), Timestamp('2026-06-15 20:26:58.322000'), Timestamp('2026-06-15 20:26:58.432000'), Timestamp('2026-06-15 20:26:58.665000'), Timestamp('2026-06-15 20:26:58.779000'), Timestamp('2026-06-15 20:26:59.548000'), Timestamp('2026-06-15 20:26:59.667000'), Timestamp('2026-06-15 20:26:59.901000'), Timestamp('2026-06-15 20:27:00.012000'), Timestamp('2026-06-15 20:27:00.780000'), Timestamp('2026-06-15 20:27:00.897000'), Timestamp('2026-06-15 20:27:01.131000'), Timestamp('2026-06-15 20:27:01.242000'), Timestamp('2026-06-15 20:27:02.018000'), Timestamp('2026-06-15 20:27:02.126000'), Timestamp('2026-06-15 20:27:02.360000'), Timestamp('2026-06-15 20:27:02.481000'), Timestamp('2026-06-15 20:27:03.248000'), Timestamp('2026-06-15 20:27:03.367000'), Timestamp('2026-06-15 20:27:03.598000'), Timestamp('2026-06-15 20:27:03.713000'), Timestamp('2026-06-15 20:27:04.487000'), Timestamp('2026-06-15 20:27:04.599000'), Timestamp('2026-06-15 20:27:04.834000'), Timestamp('2026-06-15 20:27:04.945000'), Timestamp('2026-06-15 20:27:05.725000'), Timestamp('2026-06-15 20:27:05.835000'), Timestamp('2026-06-15 20:27:06.068000'), Timestamp('2026-06-15 20:27:06.185000'), Timestamp('2026-06-15 20:27:06.960000'), Timestamp('2026-06-15 20:27:07.075000'), Timestamp('2026-06-15 20:27:07.313000'), Timestamp('2026-06-15 20:27:07.422000'), Timestamp('2026-06-15 20:27:08.196000'), Timestamp('2026-06-15 20:27:08.315000'), Timestamp('2026-06-15 20:27:08.546000'), Timestamp('2026-06-15 20:27:08.685000'), Timestamp('2026-06-15 20:27:09.084000'), Timestamp('2026-06-15 20:27:09.227000')]","[0.136, 0.397, 0.14, 0.226, 0.112, 0.772, 0.11, 0.233, 0.114, 0.769, 0.119, 0.234, 0.111, 0.768, 0.117, 0.234, 0.111, 0.776, 0.108, 0.234, 0.121, 0.767, 0.119, 0.231, 0.115, 0.774, 0.112, 0.235, 0.111, 0.78, 0.11, 0.233, 0.117, 0.775, 0.115, 0.238, 0.109, 0.774, 0.119, 0.231, 0.139, 0.399, 0.143]","[21.972386875703783, 21.61225788692068, 21.988858295447265, 21.816497019876245, 21.87158404021627, 21.56185843369555, 21.558616448233444, 21.579246136265674, 21.43975831159543, 21.384099616858236, 20.903571109172006, 21.98103048521689, 21.538959261379183, 21.35151333533114, 21.386749627428397, 21.771846043765017, 21.809437202324524, 21.70698559391139, 21.56879069715314, 21.279469344415965, 21.317375204300994, 21.818181818181817, 21.28926352681611, 21.830276936714927, 21.987464900045374, 21.37225220166818, 21.594986907025792, 21.390736704200222, 21.243235228704872, 21.352313167259787, 22.99912548062879, 21.79653377475519, 21.72914193820117, 21.49304978188804, 21.39608771883023, 21.782386567018467, 22.151998944451773, 21.339580173422267, 20.530060269432198, 21.31865963982752, 21.549776831466968, 21.263736263736263, 21.335310210445602, 21.696743627739558]","[2.9882446150957147, 8.58006638110751, 3.0784401613626176, 4.930528326492031, 2.4496174125042223, 16.645754710812966, 2.3714478093056788, 5.027964349749903, 2.4441324475218793, 16.444372605363984, 2.4875249619914688, 5.143561133540753, 2.3908244780130894, 16.397962241534316, 2.5022497064091227, 5.0946119742410145, 2.420847529458022, 16.84462082087524, 2.3294293952925393, 4.979395826593336, 2.5794023997204203, 16.734545454545454, 2.533422359691117, 5.042793972381149, 2.528558463505218, 16.54212320409117, 2.4186385335868885, 5.026823125487052, 2.357999110386241, 16.654804270462634, 2.529903802869167, 5.07859236951796, 2.542309606769537, 16.65711358096323, 2.4605500876654767, 5.1842080029503945, 2.414567884945243, 16.516835054228835, 2.4430771720624316, 4.924610376800157, 2.9954189795739086, 8.48423076923077, 3.0509493600937208]",273.2530748287936,9.94014069122209,c:\git\RailwAI\VIDEO\20260615\ADTC Rastatt_00_20260615202656.mp4,2026-06-15 20:26:56,Trieb
ADTC1_adz_raw_20260615_2032,2026-06-15 20:31:33.664,2026-06-15 20:31:34.020,"[Timestamp('2026-06-15 20:31:34.020000'), Timestamp('2026-06-15 20:31:34.125000'), Timestamp('2026-06-15 20:31:34.325000'), Timestamp('2026-06-15 20:31:34.434000'), Timestamp('2026-06-15 20:31:35.232000'), Timestamp('2026-06-15 20:31:35.344000')]","[0.105, 0.2, 0.109, 0.798, 0.112]","[21.666396136102122, 22.220728057430854, 21.263830450366214, 21.856962134780133, 21.209742624276295, 22.267206477732792, 21.53331621273297, 22.44386535142609, 21.658623779565772, 21.815756768859053, 21.428571428571423, 21.00191735095163, 20.712029309232967, 22.887119274587302, 21.15246338020315, 22.054914407543343, 21.038008059695507, 21.288794007675506, 21.182995011946435, 20.964905339023183]","[2.2749715942907227, 4.444145611486171, 2.317757519089917, 17.441855783554548, 2.3754911739189453]",28.854221682340302,0.2353443524803011,c:\git\RailwAI\VIDEO\20260615\ADTC Rastatt_00_20260615203129.mp4,2026-06-15 20:31:29,Lok
ADTC1_adz_raw_20260615_2053,2026-06-15 20:51:43.552,2026-06-15 20:51:53.605,"[Timestamp('2026-06-15 20:51:53.605000'), Timestamp('2026-06-15 20:51:53.738000'), Timestamp('2026-06-15 20:51:54.047000'), Timestamp('2026-06-15 20:51:54.181000'), Timestamp('2026-06-15 20:51:54.427000'), Timestamp('2026-06-15 20:51:54.504000'), Timestamp('2026-06-15 20:51:54.960000'), Timestamp('2026-06-15 20:51:55.036000'), Timestamp('2026-06-15 20:51:55.205000'), Timestamp('2026-06-15 20:51:55.282000'), Timestamp('2026-06-15 20:51:55.737000'), Timestamp('2026-06-15 20:51:55.813000'), Timestamp('2026-06-15 20:51:55.981000'), Timestamp('2026-06-15 20:51:56.060000'), Timestamp('2026-06-15 20:51:56.513000'), Timestamp('2026-06-15 20:51:56.592000'), Timestamp('2026-06-15 20:51:56.771000'), Timestamp('2026-06-15 20:51:56.850000'), Timestamp('2026-06-15 20:51:57.275000'), Timestamp('2026-06-15 20:51:57.351000'), Timestamp('2026-06-15 20:51:57.533000'), Timestamp('2026-06-15 20:51:57.610000'), Timestamp('2026-06-15 20:51:58.066000'), Timestamp('2026-06-15 20:51:58.138000'), Timestamp('2026-06-15 20:51:58.322000'), Timestamp('2026-06-15 20:51:58.400000'), Timestamp('2026-06-15 20:51:58.840000'), Timestamp('2026-06-15 20:51:58.916000'), Timestamp('2026-06-15 20:51:59.101000'), Timestamp('2026-06-15 20:51:59.173000'), Timestamp('2026-06-15 20:51:59.629000'), Timestamp('2026-06-15 20:51:59.707000'), Timestamp('2026-06-15 20:51:59.888000'), Timestamp('2026-06-15 20:51:59.969000'), Timestamp('2026-06-15 20:52:00.422000'), Timestamp('2026-06-15 20:52:00.500000'), Timestamp('2026-06-15 20:52:00.679000'), Timestamp('2026-06-15 20:52:00.764000'), Timestamp('2026-06-15 20:52:01.213000'), Timestamp('2026-06-15 20:52:01.291000'), Timestamp('2026-06-15 20:52:01.470000'), Timestamp('2026-06-15 20:52:01.548000'), Timestamp('2026-06-15 20:52:01.990000'), Timestamp('2026-06-15 20:52:02.068000'), Timestamp('2026-06-15 20:52:02.236000'), Timestamp('2026-06-15 20:52:02.315000'), Timestamp('2026-06-15 20:52:02.771000'), Timestamp('2026-06-15 20:52:02.848000'), Timestamp('2026-06-15 20:52:03.006000'), Timestamp('2026-06-15 20:52:03.085000'), Timestamp('2026-06-15 20:52:03.536000'), Timestamp('2026-06-15 20:52:03.613000'), Timestamp('2026-06-15 20:52:03.783000'), Timestamp('2026-06-15 20:52:03.863000'), Timestamp('2026-06-15 20:52:04.290000'), Timestamp('2026-06-15 20:52:04.369000'), Timestamp('2026-06-15 20:52:04.549000'), Timestamp('2026-06-15 20:52:04.628000'), Timestamp('2026-06-15 20:52:05.084000'), Timestamp('2026-06-15 20:52:05.160000'), Timestamp('2026-06-15 20:52:05.331000'), Timestamp('2026-06-15 20:52:05.408000'), Timestamp('2026-06-15 20:52:05.800000'), Timestamp('2026-06-15 20:52:05.880000'), Timestamp('2026-06-15 20:52:06.047000'), Timestamp('2026-06-15 20:52:06.126000'), Timestamp('2026-06-15 20:52:06.584000'), Timestamp('2026-06-15 20:52:06.664000'), Timestamp('2026-06-15 20:52:06.832000'), Timestamp('2026-06-15 20:52:06.912000'), Timestamp('2026-06-15 20:52:07.371000'), Timestamp('2026-06-15 20:52:07.447000'), Timestamp('2026-06-15 20:52:07.616000'), Timestamp('2026-06-15 20:52:07.696000'), Timestamp('2026-06-15 20:52:08.151000'), Timestamp('2026-06-15 20:52:08.230000'), Timestamp('2026-06-15 20:52:08.412000'), Timestamp('2026-06-15 20:52:08.486000'), Timestamp('2026-06-15 20:52:08.954000'), Timestamp('2026-06-15 20:52:09.024000'), Timestamp('2026-06-15 20:52:09.208000'), Timestamp('2026-06-15 20:52:09.286000'), Timestamp('2026-06-15 20:52:09.749000'), Timestamp('2026-06-15 20:52:09.826000')]","[0.133, 0.309, 0.134, 0.246, 0.077, 0.456, 0.076, 0.169, 0.077, 0.455, 0.076, 0.168, 0.079, 0.453, 0.079, 0.179, 0.079, 0.425, 0.076, 0.182, 0.077, 0.456, 0.072, 0.184, 0.078, 0.44, 0.076, 0.185, 0.072, 0.456, 0.078, 0.181, 0.081, 0.453, 0.078, 0.179, 0.085, 0.449, 0.078, 0.179, 0.078, 0.442, 0.078, 0.168, 0.079, 0.456, 0.077, 0.158, 0.079, 0.451, 0.077, 0.17, 0.08, 0.427, 0.079, 0.18, 0.079, 0.456, 0.076, 0.171, 0.077, 0.392, 0.08, 0.167, 0.079, 0.458, 0.08, 0.168, 0.08, 0.459, 0.076, 0.169, 0.08, 0.455, 0.079, 0.182, 0.074, 0.468, 0.07, 0.184, 0.078, 0.463, 0.077]","[22.263096430050208, 21.2423896499239, 22.789371648331766, 21.84559683036593, 21.43841559899954, 21.501370969456076, 21.874834472164835, 22.036749482401653, 21.58358051231066, 21.656558053356104, 20.1417004048583, 21.54296172827401, 21.80736343451806, 22.07767173514504, 21.964770964064584, 22.040704547375398, 21.84222372991286, 22.267268347056913, 22.359203266676573, 21.881469979296064, 21.707763208965538, 21.695510114889387, 21.925776528902006, 21.205599552236315, 22.067377579370195, 21.75639077234822, 21.635424373861923, 21.8978102189781, 21.283745138412264, 21.84468986660884, 21.645783453393317, 21.62358532727812, 22.1856734051856, 22.52338540923789, 22.070525004915773, 22.33187134502924, 22.330356308489193, 22.532621781822016, 21.702581617745988, 22.112611463322466, 22.337320627059057, 22.248355488480996, 22.076799288712245, 22.66304121207412, 22.528805655046373, 22.211076385681196, 22.748159668592777, 22.45891468495971, 23.246459565309507, 22.923040965493797, 21.426612573239424, 22.85409446797587, 23.07490657415896, 23.251066292303406, 22.712364417429434, 23.00596007664103, 23.362351933780502, 22.917650763659267, 23.559814909152657, 23.346032471865605, 23.269795880717382, 23.338058319833365, 23.301158301158303, 23.738705785717954, 23.12364088226157, 23.266219239373605, 23.625168690958162, 23.25031593148556, 23.559814909152657, 23.21576054452767, 23.97240351129492, 23.787160799829408, 23.36855350248208, 23.55316201072552, 23.577075917792975, 23.690800234690272, 23.377169892353944, 23.255813953488374, 23.90438247011952, 23.163240785634684, 23.28007833638261, 23.587027519996056, 23.948004068141373, 23.875748975086722]","[2.960991825196678, 6.563898401826485, 3.053775800876457, 5.374016820270019, 1.6507580011229646, 9.804625162071972, 1.6624874198845274, 3.7242106625258797, 1.6619356994479209, 9.853733914277027, 1.5307692307692309, 3.6192175703500338, 1.7227817113269268, 10.001185296020703, 1.7352169061611022, 3.9452861139801962, 1.7255356746631159, 9.463589047499188, 1.6992994482674195, 3.9824275362318837, 1.6714977670903464, 9.893152612389562, 1.5786559100809443, 3.901830317611482, 1.7212554511908753, 9.572811939833217, 1.6442922524135062, 4.0510948905109485, 1.5324296499656829, 9.96117857917363, 1.6883711093646787, 3.9138689442373398, 1.7970395458200337, 10.203093590384764, 1.7215009503834302, 3.9974049707602335, 1.8980802862215815, 10.117147180038085, 1.692801366184187, 3.958157451934721, 1.7423110089106064, 9.8337731259086, 1.721990344519555, 3.807390923628452, 1.7797756467486634, 10.128250831870625, 1.7516082944816438, 3.548508520223634, 1.8364703056594511, 10.338291475437703, 1.6498491681394356, 3.885196059555898, 1.8459925259327168, 9.928205306813554, 1.7942767889769253, 4.141072813795385, 1.8456258027686596, 10.450448748228625, 1.790545933095602, 3.992171552689019, 1.7917742828152383, 9.14851886137468, 1.8640926640926643, 3.9643638662148986, 1.826767629698664, 10.655928411633111, 1.890013495276653, 3.9060530764895742, 1.8847851927322126, 10.656034089938201, 1.821902666858414, 4.02003017517117, 1.8694842801985665, 10.716688714880112, 1.862588997505645, 4.311725642713629, 1.7299105720341919, 10.88372093023256, 1.6733067729083664, 4.262036304556782, 1.8158461102378434, 10.920793741758175, 1.8439963132468857]",365.383524978312,9.940032113949908,c:\git\RailwAI\VIDEO\20260615\ADTC Rastatt_00_20260615205153.mp4,2026-06-15 20:51:53,Lok
ADTC1_adz_raw_20260615_2059,2026-06-15 20:58:31.718,2026-06-15 20:58:41.829,"[Timestamp('2026-06-15 20:58:41.829000'), Timestamp('2026-06-15 20:58:42.279000'), Timestamp('2026-06-15 20:58:42.712000'), Timestamp('2026-06-15 20:58:43.156000'), Timestamp('2026-06-15 20:58:43.495000'), Timestamp('2026-06-15 20:58:43.863000'), Timestamp('2026-06-15 20:58:43.939000'), Timestamp('2026-06-15 20:58:44.376000'), Timestamp('2026-06-15 20:58:44.827000')]","[0.45, 0.433, 0.444, 0.339, 0.368, 0.076, 0.437, 0.451]","[22.285619780038036, 27.677546334262754, 402.27272727272697, 9.540904034786125, 12.463796816595295, 10.693864749451134, 15.239817792068596, 21.64192684638781, 26.17820324005891]","[10.028528901017117, 11.984377562735773, 178.60909090909078, 3.234366467792497, 4.586677228507068, 0.8127337209582861, 6.659800375133976, 9.760509007720904]",225.6760841729564,9.922599158967127,c:\git\RailwAI\VIDEO\20260615\ADTC Rastatt_00_20260615205841.mp4,2026-06-15 20:58:41,Trieb
ADTC1_adz_raw_20260615_2111,2026-06-15 21:10:28.480,2026-06-15 21:10:38.536,"[Timestamp('2026-06-15 21:10:38.536000'), Timestamp('2026-06-15 21:10:38.651000'), Timestamp('2026-06-15 21:10:39.232000'), Timestamp('2026-06-15 21:10:39.351000'), Timestamp('2026-06-15 21:10:39.968000'), Timestamp('2026-06-15 21:10:40.092000'), Timestamp('2026-06-15 21:10:40.677000'), Timestamp('2026-06-15 21:10:40.784000')]","[0.115, 0.581, 0.119, 0.617, 0.124, 0.585, 0.107]","[21.953293126809953, 22.224674366066964, 22.34368913486061, 22.259523496885073, 21.724162774751868, 22.023200679917093, 21.8966175277897, 21.89541816154543]","[2.5246287095831446, 12.912535806684906, 2.6588990070484124, 13.73412599757809, 2.6937961840692317, 12.883572397751498, 2.342938075473498]",49.75049617818878,9.947551440696984,c:\git\RailwAI\VIDEO\20260615\ADTC Rastatt_00_20260615211038.mp4,2026-06-15 21:10:38,Trieb
ADTC1_adz_raw_20260615_2117,2026-06-15 21:15:55.955,2026-06-15 21:16:05.989,"[Timestamp('2026-06-15 21:16:05.989000'), Timestamp('2026-06-15 21:16:06.122000'), Timestamp('2026-06-15 21:16:06.423000'), Timestamp('2026-06-15 21:16:06.556000'), Timestamp('2026-06-15 21:16:06.863000'), Timestamp('2026-06-15 21:16:07.436000'), Timestamp('2026-06-15 21:16:07.755000'), Timestamp('2026-06-15 21:16:08.153000'), Timestamp('2026-06-15 21:16:08.621000'), Timestamp('2026-06-15 21:16:08.954000'), Timestamp('2026-06-15 21:16:09.422000'), Timestamp('2026-06-15 21:16:09.891000'), Timestamp('2026-06-15 21:16:10.145000'), Timestamp('2026-06-15 21:16:10.624000'), Timestamp('2026-06-15 21:16:11.102000'), Timestamp('2026-06-15 21:16:11.355000'), Timestamp('2026-06-15 21:16:11.828000'), Timestamp('2026-06-15 21:16:12.309000'), Timestamp('2026-06-15 21:16:12.561000'), Timestamp('2026-06-15 21:16:13.036000'), Timestamp('2026-06-15 21:16:13.519000'), Timestamp('2026-06-15 21:16:13.767000'), Timestamp('2026-06-15 21:16:14.165000'), Timestamp('2026-06-15 21:16:14.707000'), Timestamp('2026-06-15 21:16:14.958000'), Timestamp('2026-06-15 21:16:15.360000'), Timestamp('2026-06-15 21:16:15.912000'), Timestamp('2026-06-15 21:16:16.091000'), Timestamp('2026-06-15 21:16:16.632000'), Timestamp('2026-06-15 21:16:17.118000'), Timestamp('2026-06-15 21:16:17.363000'), Timestamp('2026-06-15 21:16:17.754000'), Timestamp('2026-06-15 21:16:18.546000'), Timestamp('2026-06-15 21:16:18.949000'), Timestamp('2026-06-15 21:16:19.024000'), Timestamp('2026-06-15 21:16:19.429000'), Timestamp('2026-06-15 21:16:19.501000'), Timestamp('2026-06-15 21:16:20.225000'), Timestamp('2026-06-15 21:16:20.945000'), Timestamp('2026-06-15 21:16:22.631000'), Timestamp('2026-06-15 21:16:23.101000'), Timestamp('2026-06-15 21:16:23.352000'), Timestamp('2026-06-15 21:16:24.459000'), Timestamp('2026-06-15 21:16:25.741000'), Timestamp('2026-06-15 21:16:27.415000')]","[0.133, 0.301, 0.133, 0.307, 0.573, 0.319, 0.398, 0.468, 0.333, 0.468, 0.469, 0.254, 0.479, 0.478, 0.253, 0.473, 0.481, 0.252, 0.475, 0.483, 0.248, 0.398, 0.542, 0.251, 0.402, 0.552, 0.179, 0.541, 0.486, 0.245, 0.391, 0.792, 0.403, 0.075, 0.405, 0.072, 0.724, 0.72, 1.686, 0.47, 0.251, 1.107, 1.282, 1.674]","[nan, nan, nan, nan, nan, nan, nan, nan, nan, nan, nan, nan, nan, nan, nan, nan, nan, nan, nan, nan, nan, nan, nan, nan, nan, nan, nan, nan, nan, nan, nan, nan, nan, nan, nan, nan, nan, nan, nan, nan, nan, nan, nan, nan, nan, nan, nan, nan, nan, nan, nan, nan, nan, nan, nan]","[nan, nan, nan, nan, nan, nan, nan, nan, nan, nan, nan, nan, nan, nan, nan, nan, nan, nan, nan, nan, nan, nan, nan, nan, nan, nan, nan, nan, nan, nan, nan, nan, nan, nan, nan, nan, nan, nan, nan, nan, nan, nan, nan, nan]",,9.91969909253123,c:\git\RailwAI\VIDEO\20260615\ADTC Rastatt_00_20260615211606.mp4,2026-06-15 21:16:06,Lok
ADTC1_adz_raw_20260615_2120,2026-06-15 21:18:50.829,2026-06-15 21:19:00.850,"[Timestamp('2026-06-15 21:19:00.850000'), Timestamp('2026-06-15 21:19:00.951000'), Timestamp('2026-06-15 21:19:01.729000'), Timestamp('2026-06-15 21:19:01.845000'), Timestamp('2026-06-15 21:19:02.620000'), Timestamp('2026-06-15 21:19:02.738000'), Timestamp('2026-06-15 21:19:03.517000'), Timestamp('2026-06-15 21:19:03.617000')]","[0.101, 0.778, 0.116, 0.775, 0.118, 0.779, 0.1]","[23.070121468979117, 22.997653279343417, 22.837813119503252, 22.982321488695533, 23.01270596340177, 22.78809959789141, 22.97740748824428, 22.82426112731413]","[2.330082268366891, 17.89217425132918, 2.6491863218623775, 17.81129915373904, 2.715499303681409, 17.75192958675741, 2.297740748824428]",63.44791163456075,9.906465962348085,c:\git\RailwAI\VIDEO\20260615\ADTC Rastatt_00_20260615211901.mp4,2026-06-15 21:19:01,Trieb
ADTC1_adz_raw_20260615_2127,2026-06-15 21:26:15.872,2026-06-15 21:26:25.904,"[Timestamp('2026-06-15 21:26:25.904000'), Timestamp('2026-06-15 21:26:26.016000'), Timestamp('2026-06-15 21:26:26.364000'), Timestamp('2026-06-15 21:26:26.481000'), Timestamp('2026-06-15 21:26:26.711000'), Timestamp('2026-06-15 21:26:26.821000'), Timestamp('2026-06-15 21:26:27.607000'), Timestamp('2026-06-15 21:26:27.717000'), Timestamp('2026-06-15 21:26:27.907000'), Timestamp('2026-06-15 21:26:28.019000'), Timestamp('2026-06-15 21:26:28.802000'), Timestamp('2026-06-15 21:26:28.914000'), Timestamp('2026-06-15 21:26:29.103000'), Timestamp('2026-06-15 21:26:29.216000'), Timestamp('2026-06-15 21:26:30.001000'), Timestamp('2026-06-15 21:26:30.115000'), Timestamp('2026-06-15 21:26:30.306000'), Timestamp('2026-06-15 21:26:30.413000'), Timestamp('2026-06-15 21:26:31.203000'), Timestamp('2026-06-15 21:26:31.313000')]","[0.112, 0.348, 0.117, 0.23, 0.11, 0.786, 0.11, 0.19, 0.112, 0.783, 0.112, 0.189, 0.113, 0.785, 0.114, 0.191, 0.107, 0.79, 0.11]","[21.523202217543886, 22.11065492661266, 21.477073319600212, 21.491022367890395, 22.163865546218485, 21.36865703966893, 21.825219824265353, 21.996053153526663, 21.49937875007383, 21.834392020318028, 22.111707480711175, 21.606961811422778, 21.54112031908069, 21.771478686548082, 22.080487010322607, 21.69624878812737, 22.2286659938961, 22.10474684425684, 22.668845902856354, 21.149374969599684]","[2.4105986483649153, 7.694507914461205, 2.512817578393225, 4.942935144614791, 2.4380252100840334, 16.795764433179777, 2.4007741806691887, 4.179250099170066, 2.407930420008269, 17.096328951909015, 2.4765112378396514, 4.083715782358905, 2.434146596056118, 17.090610768940245, 2.517175519176777, 4.143983518532328, 2.378467261346883, 17.462750006962906, 2.493573049314199]",117.95986632138248,9.918479609973092,c:\git\RailwAI\VIDEO\20260615\ADTC Rastatt_00_20260615212625.mp4,2026-06-15 21:26:25,Lok
ADTC1_adz_raw_20260615_2133,2026-06-15 21:31:38.323,2026-06-15 21:31:48.382,"[Timestamp('2026-06-15 21:31:48.382000'), Timestamp('2026-06-15 21:31:48.491000'), Timestamp('2026-06-15 21:31:49.289000'), Timestamp('2026-06-15 21:31:49.390000'), Timestamp('2026-06-15 21:31:49.713000'), Timestamp('2026-06-15 21:31:49.829000'), Timestamp('2026-06-15 21:31:50.616000'), Timestamp('2026-06-15 21:31:50.730000'), Timestamp('2026-06-15 21:31:51.044000'), Timestamp('2026-06-15 21:31:51.156000'), Timestamp('2026-06-15 21:31:51.945000'), Timestamp('2026-06-15 21:31:52.065000'), Timestamp('2026-06-15 21:31:52.378000'), Timestamp('2026-06-15 21:31:52.484000'), Timestamp('2026-06-15 21:31:53.278000'), Timestamp('2026-06-15 21:31:53.380000'), Timestamp('2026-06-15 21:31:53.699000'), Timestamp('2026-06-15 21:31:53.813000'), Timestamp('2026-06-15 21:31:54.595000'), Timestamp('2026-06-15 21:31:54.710000'), Timestamp('2026-06-15 21:31:55.018000'), Timestamp('2026-06-15 21:31:55.138000'), Timestamp('2026-06-15 21:31:55.920000'), Timestamp('2026-06-15 21:31:56.033000'), Timestamp('2026-06-15 21:31:56.352000'), Timestamp('2026-06-15 21:31:56.456000'), Timestamp('2026-06-15 21:31:57.244000'), Timestamp('2026-06-15 21:31:57.350000'), Timestamp('2026-06-15 21:31:57.670000'), Timestamp('2026-06-15 21:31:57.782000'), Timestamp('2026-06-15 21:31:58.564000'), Timestamp('2026-06-15 21:31:58.678000'), Timestamp('2026-06-15 21:31:58.995000'), Timestamp('2026-06-15 21:31:59.099000'), Timestamp('2026-06-15 21:31:59.891000'), Timestamp('2026-06-15 21:31:59.992000'), Timestamp('2026-06-15 21:32:00.307000'), Timestamp('2026-06-15 21:32:00.429000'), Timestamp('2026-06-15 21:32:01.203000'), Timestamp('2026-06-15 21:32:01.322000'), Timestamp('2026-06-15 21:32:01.636000'), Timestamp('2026-06-15 21:32:01.741000'), Timestamp('2026-06-15 21:32:02.531000'), Timestamp('2026-06-15 21:32:02.640000'), Timestamp('2026-06-15 21:32:02.956000'), Timestamp('2026-06-15 21:32:03.061000'), Timestamp('2026-06-15 21:32:03.852000'), Timestamp('2026-06-15 21:32:03.958000')]","[0.109, 0.798, 0.101, 0.323, 0.116, 0.787, 0.114, 0.314, 0.112, 0.789, 0.12, 0.313, 0.106, 0.794, 0.102, 0.319, 0.114, 0.782, 0.115, 0.308, 0.12, 0.782, 0.113, 0.319, 0.104, 0.788, 0.106, 0.32, 0.112, 0.782, 0.114, 0.317, 0.104, 0.792, 0.101, 0.315, 0.122, 0.774, 0.119, 0.314, 0.105, 0.79, 0.109, 0.316, 0.105, 0.791, 0.106]","[21.766387322353864, 21.969898569742142, 21.85485746200218, 21.533039194247564, 22.170805612278503, 21.774234847696405, 21.821278630564986, 21.428295151896915, 22.44207781917835, 21.234535417241503, 21.990954877171347, 22.111424079993235, 21.94819436480715, 21.739130434782606, 22.01187896064176, 21.985899405254244, 22.51003924301537, 21.87651159482145, 22.433780981703727, 21.667709637046308, 21.384775465748106, 21.51258295551613, 21.877655304162346, 21.49724394308422, 21.672592295755926, 21.960631479167738, 21.969696969696972, 21.607794421239618, 22.544422544422545, 21.640665884888904, 21.873556333316863, 21.450836884261197, 22.000281199551726, 22.026637484652753, 22.446273507866948, 21.566213537646398, 21.841261817883677, 22.27794351091226, 21.74392937090868, 21.98104864297541, 21.497772467513222, 21.934197407776672, 21.43626997890818, 22.225908944658947, 21.197912331204748, 21.481218993621546, 22.027199035305152, 21.516988758368072]","[2.3725362181365712, 17.53197905865423, 2.20734060366222, 6.955171659741963, 2.5718134510243065, 17.13632282513707, 2.4876257638844086, 6.728484677695631, 2.5135127157479755, 16.754048444203548, 2.6389145852605616, 6.920875737037883, 2.326508602669558, 17.26086956521739, 2.2452116539854594, 7.013501910276104, 2.566144473703752, 17.107432067150377, 2.5798848128959286, 6.673654568210263, 2.566173055889773, 16.822839871213613, 2.472175049370345, 6.857620817843867, 2.2539495987586164, 17.304977605584178, 2.328787878787879, 6.914494214796678, 2.5249753249753253, 16.923000721983122, 2.4935854219981226, 6.799915292310799, 2.288029244753379, 17.44509688784498, 2.2670736242945617, 6.793357264358615, 2.6646339417818083, 17.24312827744609, 2.587527595138133, 6.902049273894279, 2.257266109088888, 17.328015952143573, 2.3365534277009914, 7.023387226512227, 2.2257807947764983, 16.991644223954644, 2.3348830977423463]",339.5427551892386,9.946518966602651,c:\git\RailwAI\VIDEO\20260615\ADTC Rastatt_00_20260615213143.mp4,2026-06-15 21:31:43,Trieb
ADTC1_adz_raw_20260615_2144,2026-06-15 21:42:53.075,2026-06-15 21:43:03.085,"[Timestamp('2026-06-15 21:43:03.085000'), Timestamp('2026-06-15 21:43:03.211000'), Timestamp('2026-06-15 21:43:03.863000'), Timestamp('2026-06-15 21:43:03.993000'), Timestamp('2026-06-15 21:43:04.681000'), Timestamp('2026-06-15 21:43:04.815000'), Timestamp('2026-06-15 21:43:05.497000'), Timestamp('2026-06-15 21:43:05.628000'), Timestamp('2026-06-15 21:43:06.324000'), Timestamp('2026-06-15 21:43:06.446000'), Timestamp('2026-06-15 21:43:07.137000'), Timestamp('2026-06-15 21:43:07.260000'), Timestamp('2026-06-15 21:43:07.955000'), Timestamp('2026-06-15 21:43:08.083000'), Timestamp('2026-06-15 21:43:08.769000'), Timestamp('2026-06-15 21:43:08.899000'), Timestamp('2026-06-15 21:43:09.588000'), Timestamp('2026-06-15 21:43:09.718000'), Timestamp('2026-06-15 21:43:10.412000'), Timestamp('2026-06-15 21:43:10.539000'), Timestamp('2026-06-15 21:43:11.230000'), Timestamp('2026-06-15 21:43:11.357000'), Timestamp('2026-06-15 21:43:12.016000'), Timestamp('2026-06-15 21:43:12.135000'), Timestamp('2026-06-15 21:43:12.520000'), Timestamp('2026-06-15 21:43:12.646000'), Timestamp('2026-06-15 21:43:13.297000'), Timestamp('2026-06-15 21:43:13.433000'), Timestamp('2026-06-15 21:43:14.121000'), Timestamp('2026-06-15 21:43:14.251000'), Timestamp('2026-06-15 21:43:14.948000'), Timestamp('2026-06-15 21:43:15.068000'), Timestamp('2026-06-15 21:43:15.766000'), Timestamp('2026-06-15 21:43:15.899000'), Timestamp('2026-06-15 21:43:16.593000'), Timestamp('2026-06-15 21:43:16.715000'), Timestamp('2026-06-15 21:43:17.415000'), Timestamp('2026-06-15 21:43:17.543000'), Timestamp('2026-06-15 21:43:18.237000'), Timestamp('2026-06-15 21:43:18.368000'), Timestamp('2026-06-15 21:43:19.067000'), Timestamp('2026-06-15 21:43:19.190000'), Timestamp('2026-06-15 21:43:19.887000'), Timestamp('2026-06-15 21:43:20.018000'), Timestamp('2026-06-15 21:43:20.710000'), Timestamp('2026-06-15 21:43:20.843000'), Timestamp('2026-06-15 21:43:21.504000'), Timestamp('2026-06-15 21:43:21.631000')]","[0.126, 0.652, 0.13, 0.688, 0.134, 0.682, 0.131, 0.696, 0.122, 0.691, 0.123, 0.695, 0.128, 0.686, 0.13, 0.689, 0.13, 0.694, 0.127, 0.691, 0.127, 0.659, 0.119, 0.385, 0.126, 0.651, 0.136, 0.688, 0.13, 0.697, 0.12, 0.698, 0.133, 0.694, 0.122, 0.7, 0.128, 0.694, 0.131, 0.699, 0.123, 0.697, 0.131, 0.692, 0.133, 0.661, 0.127]","[20.586623939911263, 19.858252076561936, 20.410911377781606, 20.59528847510227, 20.390407002465224, 21.31335516398731, 20.820466508063816, 21.07600339353277, 21.984046655099284, 20.733582824578946, 20.966788339460877, 20.27526839486777, 20.56704260651629, 20.73959580658778, 20.11956656041006, 20.284322723347117, 20.218488596108244, 20.262649406363145, 20.57697468039024, 20.651208244491823, 21.043934365102245, 20.219097449313278, 20.90521065752843, 20.438400110476405, 19.06012404961985, 21.18170175495016, 21.4103212323457, 20.843307635760468, 21.061689817640314, 19.90185973892965, 22.230797630266398, 20.330079586886665, 20.45947082847452, 21.449173623086665, 21.70823262219312, 19.955502156544636, 21.282599133381535, 21.41274362683872, 20.827036342716802, 22.641780464042185, 22.060149245548665, 21.29799453200498, 22.02187712959583, 21.01814000187302, 21.387845918509246, 21.23795248544144, 20.913766606141238, 21.96372239747634]","[2.593914616428819, 12.947580353918383, 2.653418479111609, 14.16955847087036, 2.73231453833034, 14.535708221839347, 2.7274811125563603, 14.668898361898806, 2.6820536919221127, 14.32690573178405, 2.578914965753688, 14.091311534433098, 2.632581453634085, 14.227362723319217, 2.615543652853308, 13.975898356386162, 2.6284035174940716, 14.062278688016022, 2.6132757844095607, 14.269984896943848, 2.6725796643679853, 13.32438521909745, 2.4877200682458827, 7.868784042533416, 2.4015756302521014, 13.789287842472556, 2.9118036875990154, 14.340195653403201, 2.738019676293241, 13.871596238033966, 2.6676957156319676, 14.19039555164689, 2.7211096201871112, 14.885726494422144, 2.6484043799075603, 13.968851509581244, 2.7241726890728364, 14.86044407702607, 2.7283417608959013, 15.826604544365486, 2.7133983572024856, 14.84470218880747, 2.8848659039770537, 14.54455288129613, 2.84458350716173, 14.038286592876792, 2.656048358979937]",385.8875210072408,9.90528616208885,c:\git\RailwAI\VIDEO\20260615\ADTC Rastatt_00_20260615214312.mp4,2026-06-15 21:43:12,Trieb
ADTC1_adz_raw_20260615_2158,2026-06-15 21:57:16.813,2026-06-15 21:57:26.881,"[Timestamp('2026-06-15 21:57:26.881000'), Timestamp('2026-06-15 21:57:26.999000'), Timestamp('2026-06-15 21:57:27.350000'), Timestamp('2026-06-15 21:57:27.466000'), Timestamp('2026-06-15 21:57:27.678000'), Timestamp('2026-06-15 21:57:27.756000'), Timestamp('2026-06-15 21:57:28.194000'), Timestamp('2026-06-15 21:57:28.266000'), Timestamp('2026-06-15 21:57:28.418000'), Timestamp('2026-06-15 21:57:28.497000'), Timestamp('2026-06-15 21:57:28.931000'), Timestamp('2026-06-15 21:57:29.007000'), Timestamp('2026-06-15 21:57:29.160000'), Timestamp('2026-06-15 21:57:29.235000'), Timestamp('2026-06-15 21:57:29.826000'), Timestamp('2026-06-15 21:57:29.903000'), Timestamp('2026-06-15 21:57:30.086000'), Timestamp('2026-06-15 21:57:30.162000'), Timestamp('2026-06-15 21:57:30.990000'), Timestamp('2026-06-15 21:57:31.065000'), Timestamp('2026-06-15 21:57:31.246000'), Timestamp('2026-06-15 21:57:31.321000'), Timestamp('2026-06-15 21:57:31.992000'), Timestamp('2026-06-15 21:57:32.065000'), Timestamp('2026-06-15 21:57:32.219000'), Timestamp('2026-06-15 21:57:32.296000'), Timestamp('2026-06-15 21:57:32.970000'), Timestamp('2026-06-15 21:57:33.043000'), Timestamp('2026-06-15 21:57:33.197000'), Timestamp('2026-06-15 21:57:33.271000'), Timestamp('2026-06-15 21:57:34.019000'), Timestamp('2026-06-15 21:57:34.247000'), Timestamp('2026-06-15 21:57:34.995000'), Timestamp('2026-06-15 21:57:35.144000'), Timestamp('2026-06-15 21:57:35.227000'), Timestamp('2026-06-15 21:57:35.976000'), Timestamp('2026-06-15 21:57:36.132000'), Timestamp('2026-06-15 21:57:36.207000'), Timestamp('2026-06-15 21:57:36.956000'), Timestamp('2026-06-15 21:57:37.105000'), Timestamp('2026-06-15 21:57:37.400000'), Timestamp('2026-06-15 21:57:37.624000'), Timestamp('2026-06-15 21:57:38.070000'), Timestamp('2026-06-15 21:57:38.292000'), Timestamp('2026-06-15 21:57:38.701000'), Timestamp('2026-06-15 21:57:38.926000'), Timestamp('2026-06-15 21:57:39.003000'), Timestamp('2026-06-15 21:57:39.434000'), Timestamp('2026-06-15 21:57:39.511000'), Timestamp('2026-06-15 21:57:39.663000'), Timestamp('2026-06-15 21:57:39.739000'), Timestamp('2026-06-15 21:57:40.114000'), Timestamp('2026-06-15 21:57:40.194000'), Timestamp('2026-06-15 21:57:40.357000'), Timestamp('2026-06-15 21:57:40.435000'), Timestamp('2026-06-15 21:57:41.126000'), Timestamp('2026-06-15 21:57:41.200000'), Timestamp('2026-06-15 21:57:41.381000'), Timestamp('2026-06-15 21:57:41.461000'), Timestamp('2026-06-15 21:57:41.936000'), Timestamp('2026-06-15 21:57:42.015000'), Timestamp('2026-06-15 21:57:42.184000'), Timestamp('2026-06-15 21:57:42.262000'), Timestamp('2026-06-15 21:57:42.704000'), Timestamp('2026-06-15 21:57:42.782000'), Timestamp('2026-06-15 21:57:42.934000'), Timestamp('2026-06-15 21:57:43.014000'), Timestamp('2026-06-15 21:57:43.428000'), Timestamp('2026-06-15 21:57:43.502000'), Timestamp('2026-06-15 21:57:43.658000'), Timestamp('2026-06-15 21:57:43.735000'), Timestamp('2026-06-15 21:57:44.339000'), Timestamp('2026-06-15 21:57:44.414000'), Timestamp('2026-06-15 21:57:44.571000'), Timestamp('2026-06-15 21:57:44.647000'), Timestamp('2026-06-15 21:57:45.009000'), Timestamp('2026-06-15 21:57:45.085000')]","[0.118, 0.351, 0.116, 0.212, 0.078, 0.438, 0.072, 0.152, 0.079, 0.434, 0.076, 0.153, 0.075, 0.591, 0.077, 0.183, 0.076, 0.828, 0.075, 0.181, 0.075, 0.671, 0.073, 0.154, 0.077, 0.674, 0.073, 0.154, 0.074, 0.748, 0.228, 0.748, 0.149, 0.083, 0.749, 0.156, 0.075, 0.749, 0.149, 0.295, 0.224, 0.446, 0.222, 0.409, 0.225, 0.077, 0.431, 0.077, 0.152, 0.076, 0.375, 0.08, 0.163, 0.078, 0.691, 0.074, 0.181, 0.08, 0.475, 0.079, 0.169, 0.078, 0.442, 0.078, 0.152, 0.08, 0.414, 0.074, 0.156, 0.077, 0.604, 0.075, 0.157, 0.076, 0.362, 0.076]","[nan, nan, nan, nan, nan, nan, nan, nan, nan, nan, nan, nan, nan, nan, nan, nan, nan, nan, nan, nan, nan, nan, nan, nan, nan, nan, nan, nan, nan, nan, nan, nan, nan, nan, nan, nan, nan, nan, nan, nan, nan, nan, nan, nan, nan, nan, nan, nan, nan, nan, nan, nan, nan, nan, nan, nan, nan, nan, nan, nan, nan, nan, nan, nan, nan, nan, nan, nan, nan, nan, nan, nan, nan, nan, nan, nan, nan, nan]","[nan, nan, nan, nan, nan, nan, nan, nan, nan, nan, nan, nan, nan, nan, nan, nan, nan, nan, nan, nan, nan, nan, nan, nan, nan, nan, nan, nan, nan, nan, nan, nan, nan, nan, nan, nan, nan, nan, nan, nan, nan, nan, nan, nan, nan, nan, nan, nan, nan, nan, nan, nan, nan, nan, nan, nan, nan, nan, nan, nan, nan, nan, nan, nan, nan, nan, nan, nan, nan, nan, nan, nan, nan, nan, nan, nan]",,9.96216897856242,c:\git\RailwAI\VIDEO\20260615\ADTC Rastatt_00_20260615215726.mp4,2026-06-15 21:57:26,Lok
ADTC1_adz_raw_20260615_2201,2026-06-15 22:00:40.346,2026-06-15 22:00:50.365,"[Timestamp('2026-06-15 22:00:50.365000'), Timestamp('2026-06-15 22:00:50.485000'), Timestamp('2026-06-15 22:00:50.838000'), Timestamp('2026-06-15 22:00:50.957000')]","[0.12, 0.353, 0.119]","[21.03745753620597, 21.714590694893175, 21.08810982182935, 21.544555037902114]","[2.5244949043447162, 7.6652505152972905, 2.509485068797692]",12.6992304884397,9.910053923958383,c:\git\RailwAI\VIDEO\20260615\ADTC Rastatt_00_20260615220050.mp4,2026-06-15 22:00:50,Lok
ADTC1_adz_raw_20260615_2205,2026-06-15 22:03:55.610,2026-06-15 22:04:05.642,"[Timestamp('2026-06-15 22:04:05.642000'), Timestamp('2026-06-15 22:04:05.759000'), Timestamp('2026-06-15 22:04:06.129000'), Timestamp('2026-06-15 22:04:06.253000'), Timestamp('2026-06-15 22:04:08.731000'), Timestamp('2026-06-15 22:04:09.537000'), Timestamp('2026-06-15 22:04:09.801000'), Timestamp('2026-06-15 22:04:10.345000'), Timestamp('2026-06-15 22:04:12.228000'), Timestamp('2026-06-15 22:04:13.559000'), Timestamp('2026-06-15 22:04:13.736000'), Timestamp('2026-06-15 22:04:14.620000'), Timestamp('2026-06-15 22:04:15.167000'), Timestamp('2026-06-15 22:04:15.433000'), Timestamp('2026-06-15 22:04:17.858000'), Timestamp('2026-06-15 22:04:18.673000')]","[0.117, 0.37, 0.124, 2.4779999999999998, 0.806, 0.264, 0.544, 1.883, 1.331, 0.177, 0.884, 0.547, 0.266, 2.425, 0.815]","[19.206388361433483, 20.023028907338954, 18.1040865556856, 19.521151941243275, 7.773244992236403, 21.309217535926823, 6.042522847116661, 6.485748421232291, 21.687763713080177, 6.115275806559158, 5.852722475413774, 15.451701583088443, 6.2367941712204065, 16.282884743909104, 18.38212411045872, 14.780490702786196, 4.099721392172995, 18.666074092885946, 3.988603988603991, 8.489891985037612, 9.262472116984746, 17.111012537538688, 3.50218886804252, 19.779277831351123, 35.58918313016673, 3.3651891973645576, 11.068539804171987, 1.3880570054096175, 2.6991457490847246, -0.46685340802987696, -0.16958573972357627, 10.318949343339593, 10.854489537478141, 14.403354095828437, 28.773187183811125, 9.422348484848484, -0.49160025336320246, -2.4331014971118705]","[2.2471474382877177, 7.408520695715413, 2.2449067329050147, 48.37341451040083, 6.265235463742542, 5.625633429484681, 3.287132428831464, 12.212664277180403, 28.866413502109715, 1.082403817760971, 5.173806668265776, 8.452080765949379, 1.6589872495446283, 39.485995503979574, 14.981431150023855]",187.365773634182,9.911086178393594,c:\git\RailwAI\VIDEO\20260615\ADTC Rastatt_00_20260615220405.mp4,2026-06-15 22:04:05,Lok
ADTC1_adz_raw_20260615_2217,2026-06-15 22:16:23.187,2026-06-15 22:16:33.213,"[Timestamp('2026-06-15 22:16:33.213000'), Timestamp('2026-06-15 22:16:33.322000'), Timestamp('2026-06-15 22:16:33.916000'), Timestamp('2026-06-15 22:16:34.040000'), Timestamp('2026-06-15 22:16:34.665000'), Timestamp('2026-06-15 22:16:34.786000'), Timestamp('2026-06-15 22:16:35.382000'), Timestamp('2026-06-15 22:16:35.491000')]","[0.109, 0.594, 0.124, 0.625, 0.121, 0.596, 0.109]","[21.93791609850004, 22.069562395196623, 22.380914976541796, 22.50300842358604, 21.879760928161254, 22.33909926757051, 22.137868525336554, 22.219843321427867]","[2.3912328547365043, 13.109320062746793, 2.7752334570911827, 14.064380264741274, 2.6474510723075118, 13.314103163472025, 2.4130276692616843]",50.71474854435698,9.913121183537706,c:\git\RailwAI\VIDEO\20260615\ADTC Rastatt_00_20260615221633.mp4,2026-06-15 22:16:33,Trieb
ADTC1_adz_raw_20260615_2222,2026-06-15 22:20:51.219,2026-06-15 22:21:01.305,"[Timestamp('2026-06-15 22:21:01.305000'), Timestamp('2026-06-15 22:21:01.402000'), Timestamp('2026-06-15 22:21:02.185000'), Timestamp('2026-06-15 22:21:02.284000'), Timestamp('2026-06-15 22:21:02.599000'), Timestamp('2026-06-15 22:21:02.702000'), Timestamp('2026-06-15 22:21:03.482000'), Timestamp('2026-06-15 22:21:03.584000'), Timestamp('2026-06-15 22:21:03.894000'), Timestamp('2026-06-15 22:21:04.005000'), Timestamp('2026-06-15 22:21:04.774000'), Timestamp('2026-06-15 22:21:04.892000'), Timestamp('2026-06-15 22:21:05.194000'), Timestamp('2026-06-15 22:21:05.299000'), Timestamp('2026-06-15 22:21:06.082000'), Timestamp('2026-06-15 22:21:06.182000'), Timestamp('2026-06-15 22:21:06.493000'), Timestamp('2026-06-15 22:21:06.605000'), Timestamp('2026-06-15 22:21:07.375000'), Timestamp('2026-06-15 22:21:07.489000'), Timestamp('2026-06-15 22:21:07.799000'), Timestamp('2026-06-15 22:21:07.903000'), Timestamp('2026-06-15 22:21:08.684000'), Timestamp('2026-06-15 22:21:08.787000'), Timestamp('2026-06-15 22:21:09.095000'), Timestamp('2026-06-15 22:21:09.217000'), Timestamp('2026-06-15 22:21:09.983000'), Timestamp('2026-06-15 22:21:10.098000'), Timestamp('2026-06-15 22:21:10.403000'), Timestamp('2026-06-15 22:21:10.517000'), Timestamp('2026-06-15 22:21:11.288000'), Timestamp('2026-06-15 22:21:11.404000'), Timestamp('2026-06-15 22:21:11.714000'), Timestamp('2026-06-15 22:21:11.818000'), Timestamp('2026-06-15 22:21:12.601000'), Timestamp('2026-06-15 22:21:12.704000'), Timestamp('2026-06-15 22:21:13.016000'), Timestamp('2026-06-15 22:21:13.132000'), Timestamp('2026-06-15 22:21:13.906000'), Timestamp('2026-06-15 22:21:14.020000'), Timestamp('2026-06-15 22:21:14.331000'), Timestamp('2026-06-15 22:21:14.443000'), Timestamp('2026-06-15 22:21:15.214000'), Timestamp('2026-06-15 22:21:15.333000'), Timestamp('2026-06-15 22:21:15.642000'), Timestamp('2026-06-15 22:21:15.755000'), Timestamp('2026-06-15 22:21:16.533000'), Timestamp('2026-06-15 22:21:16.647000'), Timestamp('2026-06-15 22:21:16.963000'), Timestamp('2026-06-15 22:21:17.063000'), Timestamp('2026-06-15 22:21:17.850000'), Timestamp('2026-06-15 22:21:17.956000')]","[0.097, 0.783, 0.099, 0.315, 0.103, 0.78, 0.102, 0.31, 0.111, 0.769, 0.118, 0.302, 0.105, 0.783, 0.1, 0.311, 0.112, 0.77, 0.114, 0.31, 0.104, 0.781, 0.103, 0.308, 0.122, 0.766, 0.115, 0.305, 0.114, 0.771, 0.116, 0.31, 0.104, 0.783, 0.103, 0.312, 0.116, 0.774, 0.114, 0.311, 0.112, 0.771, 0.119, 0.309, 0.113, 0.778, 0.114, 0.316, 0.1, 0.787, 0.106]","[22.22821315417796, 21.867193110968476, 22.34587347610249, 21.743568559129738, 21.97890993107412, 21.885102322733168, 22.535076627603317, 22.386532060159873, 22.06330655943903, 21.869783759640363, 21.98072895861326, 22.526727243557016, 21.250115273243694, 21.65743108837738, 22.230364218639743, 22.289051062722983, 21.82047719757773, 21.577624088870984, 22.179747093913626, 22.00626109156341, 21.65356373214143, 21.98833151665822, 22.153728033172158, 21.9351722755315, 21.900435610854302, 22.193166317727357, 21.996592504893727, 21.860961920766194, 21.836342974243394, 21.908000337923458, 22.01245752024106, 22.460433031851764, 21.569064396770422, 21.74430717039472, 21.785554432739474, 21.903013521765264, 21.491864282389564, 21.801542463939903, 21.79183446835387, 21.470362574101625, 22.164667393675025, 21.964343077417283, 21.88962232301213, 21.625681540002226, 22.258393946572927, 21.442564894699167, 22.388548951048953, 21.532566338407694, 22.080868649218054, 21.938526589689378, 21.890827773180717, 22.244712314675027]","[2.1561366759552625, 17.122012205888318, 2.2122414741341467, 6.849224096125868, 2.2638277229006345, 17.070379811731872, 2.298577816015538, 6.9398249386495605, 2.4490270280977327, 16.81786371116344, 2.5937260171163645, 6.8030716275542185, 2.2312621036905878, 16.95776854219949, 2.2230364218639744, 6.931894880506848, 2.443893446128706, 16.61477054843066, 2.5284911687061533, 6.821940938384657, 2.2519706281427085, 17.17288691451007, 2.281833987416732, 6.756033060863702, 2.6718531445242246, 16.999965399379157, 2.5296081380627786, 6.667593385833689, 2.489343099063747, 16.891068260538987, 2.553445072347963, 6.962734239874047, 2.243182697264124, 17.025792514419066, 2.2439121065721657, 6.833740218790762, 2.4930562567571894, 16.874393867089484, 2.484269129392341, 6.677282760545605, 2.4824427480916027, 16.934508512688726, 2.6048650564384435, 6.682335595860688, 2.515198515962741, 16.682315488075954, 2.5522945804195807, 6.8042909629368316, 2.2080868649218055, 17.26562042608554, 2.320427743957156]",364.48532255207175,9.9715538169019,c:\git\RailwAI\VIDEO\20260615\ADTC Rastatt_00_20260615222101.mp4,2026-06-15 22:21:01,Trieb
ADTC1_adz_raw_20260615_2232,2026-06-15 22:31:09.638,2026-06-15 22:31:19.658,"[Timestamp('2026-06-15 22:31:19.658000'), Timestamp('2026-06-15 22:31:19.785000'), Timestamp('2026-06-15 22:31:20.160000'), Timestamp('2026-06-15 22:31:20.277000'), Timestamp('2026-06-15 22:31:20.504000'), Timestamp('2026-06-15 22:31:20.585000'), Timestamp('2026-06-15 22:31:21.037000'), Timestamp('2026-06-15 22:31:21.116000'), Timestamp('2026-06-15 22:31:21.277000'), Timestamp('2026-06-15 22:31:21.359000'), Timestamp('2026-06-15 22:31:21.809000'), Timestamp('2026-06-15 22:31:21.889000'), Timestamp('2026-06-15 22:31:22.049000'), Timestamp('2026-06-15 22:31:22.128000'), Timestamp('2026-06-15 22:31:22.578000'), Timestamp('2026-06-15 22:31:22.659000'), Timestamp('2026-06-15 22:31:22.818000'), Timestamp('2026-06-15 22:31:22.896000'), Timestamp('2026-06-15 22:31:23.344000'), Timestamp('2026-06-15 22:31:23.421000'), Timestamp('2026-06-15 22:31:23.582000'), Timestamp('2026-06-15 22:31:23.660000'), Timestamp('2026-06-15 22:31:24.107000'), Timestamp('2026-06-15 22:31:24.187000'), Timestamp('2026-06-15 22:31:24.346000'), Timestamp('2026-06-15 22:31:24.424000'), Timestamp('2026-06-15 22:31:24.870000'), Timestamp('2026-06-15 22:31:24.949000'), Timestamp('2026-06-15 22:31:25.108000'), Timestamp('2026-06-15 22:31:25.186000'), Timestamp('2026-06-15 22:31:25.634000'), Timestamp('2026-06-15 22:31:25.710000'), Timestamp('2026-06-15 22:31:25.851000'), Timestamp('2026-06-15 22:31:25.865000'), Timestamp('2026-06-15 22:31:25.950000'), Timestamp('2026-06-15 22:31:26.422000'), Timestamp('2026-06-15 22:31:26.496000'), Timestamp('2026-06-15 22:31:26.664000'), Timestamp('2026-06-15 22:31:26.743000'), Timestamp('2026-06-15 22:31:27.177000'), Timestamp('2026-06-15 22:31:27.255000'), Timestamp('2026-06-15 22:31:27.437000'), Timestamp('2026-06-15 22:31:27.514000'), Timestamp('2026-06-15 22:31:27.946000'), Timestamp('2026-06-15 22:31:28.024000'), Timestamp('2026-06-15 22:31:28.193000'), Timestamp('2026-06-15 22:31:28.270000'), Timestamp('2026-06-15 22:31:28.713000'), Timestamp('2026-06-15 22:31:28.792000'), Timestamp('2026-06-15 22:31:28.948000'), Timestamp('2026-06-15 22:31:29.025000'), Timestamp('2026-06-15 22:31:29.470000'), Timestamp('2026-06-15 22:31:29.545000'), Timestamp('2026-06-15 22:31:29.703000'), Timestamp('2026-06-15 22:31:29.781000'), Timestamp('2026-06-15 22:31:30.222000'), Timestamp('2026-06-15 22:31:30.299000'), Timestamp('2026-06-15 22:31:30.454000'), Timestamp('2026-06-15 22:31:30.534000'), Timestamp('2026-06-15 22:31:30.972000'), Timestamp('2026-06-15 22:31:31.049000'), Timestamp('2026-06-15 22:31:31.206000'), Timestamp('2026-06-15 22:31:31.285000'), Timestamp('2026-06-15 22:31:31.724000'), Timestamp('2026-06-15 22:31:31.798000'), Timestamp('2026-06-15 22:31:31.952000'), Timestamp('2026-06-15 22:31:32.037000'), Timestamp('2026-06-15 22:31:32.472000'), Timestamp('2026-06-15 22:31:32.550000'), Timestamp('2026-06-15 22:31:32.705000'), Timestamp('2026-06-15 22:31:32.783000'), Timestamp('2026-06-15 22:31:33.221000'), Timestamp('2026-06-15 22:31:33.298000'), Timestamp('2026-06-15 22:31:33.465000'), Timestamp('2026-06-15 22:31:33.541000'), Timestamp('2026-06-15 22:31:33.991000'), Timestamp('2026-06-15 22:31:34.072000'), Timestamp('2026-06-15 22:31:34.255000'), Timestamp('2026-06-15 22:31:34.332000'), Timestamp('2026-06-15 22:31:34.752000'), Timestamp('2026-06-15 22:31:34.832000'), Timestamp('2026-06-15 22:31:35.006000'), Timestamp('2026-06-15 22:31:35.081000'), Timestamp('2026-06-15 22:31:35.518000'), Timestamp('2026-06-15 22:31:35.592000')]","[0.127, 0.375, 0.117, 0.227, 0.081, 0.452, 0.079, 0.161, 0.082, 0.45, 0.08, 0.16, 0.079, 0.45, 0.081, 0.159, 0.078, 0.448, 0.077, 0.161, 0.078, 0.447, 0.08, 0.159, 0.078, 0.446, 0.079, 0.159, 0.078, 0.448, 0.076, 0.141, 0.014, 0.085, 0.472, 0.074, 0.168, 0.079, 0.434, 0.078, 0.182, 0.077, 0.432, 0.078, 0.169, 0.077, 0.443, 0.079, 0.156, 0.077, 0.445, 0.075, 0.158, 0.078, 0.441, 0.077, 0.155, 0.08, 0.438, 0.077, 0.157, 0.079, 0.439, 0.074, 0.154, 0.085, 0.435, 0.078, 0.155, 0.078, 0.438, 0.077, 0.167, 0.076, 0.45, 0.081, 0.183, 0.077, 0.42, 0.08, 0.174, 0.075, 0.437, 0.074]","[20.69283595791258, 21.688420184660778, 23.0341062770063, 17.8391565166285, 21.140742434877243, 21.55725483769102, 20.64535772589464, 21.133341534163726, 20.485970007235522, 21.016019203448785, 20.431476888913508, 20.840840840840844, 22.19300874289926, 20.90909090909091, 20.895183576786422, 19.91881436471084, 20.09039954510114, 21.378898575714565, 20.548209410780103, 20.80063722900023, 20.76904532304726, 21.177556293835362, 20.522875816993466, 20.46140195208519, 22.779401878142792, 21.11111111111111, 20.816674795524555, 21.34267788676991, 20.742677923984502, 21.258512248794375, 20.659759184349348, 20.306948282668777, 20.978901875625386, 21.471676854778156, 21.88707409928046, 20.628716065996937, 21.64051564438011, 21.44467065711633, 20.452218187334665, 20.78243538639579, 20.752561584175083, 20.938665802537358, 20.829934072718455, 20.63832240569695, 19.608152876867088, 20.464340663016166, 20.229557551908638, 20.073066202013244, 20.915032679738562, 21.482796567911, 19.0382528112483, 19.69980307988723, 20.31944302398533, 20.682313973894324, 20.582939398359727, 20.119608127648718, 20.220542969711897, 20.087076999408666, 20.42279469585654, 19.58218774548311, 20.736368767087143, 21.12720645206074, 19.728561090854537, 20.203434463318743, 19.626884743163806, 20.099562800655157, 20.748169978134804, 20.04814982797088, 19.723938413258804, 20.108087736787805, 20.26632787502353, 19.68453210635994, 19.663820929233005, 19.983656554674653, 20.467101424612242, 19.482280617164903, 20.098204454032675, 20.049494135466837, 19.447822044202844, 20.16992300762629, 20.581138487680537, 19.88841456909708, 19.742589434415972, 19.91064491064491]","[2.6279901666548975, 8.133157569247793, 2.694990434409737, 4.04948852927467, 1.7124001372250568, 9.743879186636342, 1.6309832603456766, 3.4024679870003602, 1.679849540593313, 9.457208641551954, 1.6345181511130806, 3.334534534534535, 1.7532476906890415, 9.40909090909091, 1.6925098697197003, 3.1670914839890236, 1.5670511645178888, 9.577746561920126, 1.582212124630068, 3.3489025938690373, 1.6199855351976862, 9.466367663344407, 1.6418300653594773, 3.2533629103815453, 1.7767933464951378, 9.415555555555555, 1.64451730884644, 3.3934857839964154, 1.6179288780707912, 9.523813487459881, 1.5701416980105505, 2.8632797078562975, 0.29370462625875543, 1.8250925326561434, 10.330698974860377, 1.5265249888837733, 3.6356066282558586, 1.69412898191219, 8.876262693303245, 1.6210299601388716, 3.776966208319865, 1.6122772667953764, 8.998531519414373, 1.6097891476443622, 3.313777836190538, 1.5757542310522448, 8.961693995495526, 1.5857722299590462, 3.2627450980392156, 1.6541753357291469, 8.472022501005494, 1.477485230991542, 3.210471997789682, 1.6132204899637572, 9.07707627467664, 1.5492098258289513, 3.134184160305344, 1.6069661599526932, 8.945184076785164, 1.5078284564021995, 3.2556098964326816, 1.6690493097127985, 8.660838318885142, 1.495054150285587, 3.0225402504472263, 1.7084628380556885, 9.02545394048864, 1.5637556865817288, 3.0572104540551144, 1.5684308434694487, 8.876651609260307, 1.5157089721897152, 3.283858095181912, 1.5187578981552736, 9.21019564107551, 1.5780647299903572, 3.6779714150879794, 1.5438110484309464, 8.168085258565194, 1.6135938406101034, 3.581118096856413, 1.491631092682281, 8.62751158283978, 1.473387723387723]",327.92131659892533,9.911921610133732,c:\git\RailwAI\VIDEO\20260615\ADTC Rastatt_00_20260615223120.mp4,2026-06-15 22:31:20,Lok
ADTC1_adz_raw_20260615_2236,2026-06-15 22:35:34.611,2026-06-15 22:35:44.679,"[Timestamp('2026-06-15 22:35:44.679000'), Timestamp('2026-06-15 22:35:44.792000'), Timestamp('2026-06-15 22:35:45.144000'), Timestamp('2026-06-15 22:35:45.255000'), Timestamp('2026-06-15 22:35:45.491000'), Timestamp('2026-06-15 22:35:45.599000'), Timestamp('2026-06-15 22:35:46.389000'), Timestamp('2026-06-15 22:35:46.495000'), Timestamp('2026-06-15 22:35:46.693000'), Timestamp('2026-06-15 22:35:46.803000'), Timestamp('2026-06-15 22:35:47.592000'), Timestamp('2026-06-15 22:35:47.704000'), Timestamp('2026-06-15 22:35:47.896000'), Timestamp('2026-06-15 22:35:48.007000'), Timestamp('2026-06-15 22:35:48.797000'), Timestamp('2026-06-15 22:35:48.905000'), Timestamp('2026-06-15 22:35:49.094000'), Timestamp('2026-06-15 22:35:49.203000'), Timestamp('2026-06-15 22:35:49.996000'), Timestamp('2026-06-15 22:35:50.111000')]","[0.113, 0.352, 0.111, 0.236, 0.108, 0.79, 0.106, 0.198, 0.11, 0.789, 0.112, 0.192, 0.111, 0.79, 0.108, 0.189, 0.109, 0.793, 0.115]","[21.625697199700994, 20.89632476639855, 21.563645691371576, 21.05894105894106, 21.700464019892728, 21.33208979707552, 21.38710293515438, 21.710736106327886, 20.714007944223766, 22.34493859327658, 21.756190739206478, 21.855282460558662, 21.614714085535226, 21.49580498699619, 21.798371427600408, 21.00844291194862, 21.077113639909413, 21.054180816799168, 21.3461005758817, 21.77637043189369]","[2.4437037835662125, 7.3555063177722895, 2.393564671742245, 4.96991008991009, 2.3436501141484145, 16.85235093968966, 2.2670329111263645, 4.298725749052922, 2.2785408738646145, 17.630156550095222, 2.4366933627911256, 4.1962142324272635, 2.39923326349441, 16.98168593972699, 2.354224114180844, 3.9705957103582894, 2.297405386750126, 16.695965387721742, 2.4548015662263953]",116.61996096464522,9.954605568860131,c:\git\RailwAI\VIDEO\20260615\ADTC Rastatt_00_20260615223545.mp4,2026-06-15 22:35:45,Lok
ADTC1_adz_raw_20260615_2312,2026-06-15 23:11:14.445,2026-06-15 23:11:24.553,"[Timestamp('2026-06-15 23:11:24.553000'), Timestamp('2026-06-15 23:11:24.930000'), Timestamp('2026-06-15 23:11:25.011000'), Timestamp('2026-06-15 23:11:25.472000'), Timestamp('2026-06-15 23:11:25.924000')]","[0.377, 0.081, 0.461, 0.452]","[20.55231014338821, 36.75781582758327, 6.940184049079754, 19.175099138898375]","[7.748220924057355, 2.9773830820342453, 3.199424846625767, 8.667144810782066]",22.592173663499437,9.92243166599147,c:\git\RailwAI\VIDEO\20260615\ADTC Rastatt_00_20260615231124.mp4,2026-06-15 23:11:24,Trieb
ADTC1_adz_raw_20260615_2331,2026-06-15 23:30:34.778,2026-06-15 23:30:44.795,"[Timestamp('2026-06-15 23:30:44.795000'), Timestamp('2026-06-15 23:30:44.921000'), Timestamp('2026-06-15 23:30:45.687000'), Timestamp('2026-06-15 23:30:45.808000'), Timestamp('2026-06-15 23:30:46.030000'), Timestamp('2026-06-15 23:30:46.146000'), Timestamp('2026-06-15 23:30:46.941000'), Timestamp('2026-06-15 23:30:47.063000'), Timestamp('2026-06-15 23:30:47.282000'), Timestamp('2026-06-15 23:30:47.401000'), Timestamp('2026-06-15 23:30:48.203000'), Timestamp('2026-06-15 23:30:48.319000'), Timestamp('2026-06-15 23:30:48.541000'), Timestamp('2026-06-15 23:30:48.662000'), Timestamp('2026-06-15 23:30:49.440000'), Timestamp('2026-06-15 23:30:49.558000')]","[0.126, 0.766, 0.121, 0.222, 0.116, 0.795, 0.122, 0.219, 0.119, 0.802, 0.116, 0.222, 0.121, 0.778, 0.118]","[21.711301183222577, 21.41543321228545, 21.319218747323625, 21.410285778586903, 21.48835987663, 21.316981329813892, 21.018735571896997, 21.33084219603334, 21.094711798362084, 21.194325848336874, 21.50537634408602, 21.042890883641064, 21.44032127739119, 21.119298986363006, 21.41437608645238, 20.998699310775983]","[2.735623949086045, 16.404221840610656, 2.5796254684261584, 4.753083442846292, 2.49264974568908, 16.947000157202044, 2.5642857397714334, 4.671454440931302, 2.510270704005088, 16.997849330366172, 2.4946236559139785, 4.6715217761683165, 2.594278874564334, 16.43081461139042, 2.5268963782013807]",101.37420011517273,9.89417747761523,c:\git\RailwAI\VIDEO\20260615\ADTC Rastatt_00_20260615233044.mp4,2026-06-15 23:30:44,Trieb
ADTC1_adz_raw_20260615_2342,2026-06-15 23:40:42.848,2026-06-15 23:40:52.913,"[Timestamp('2026-06-15 23:40:52.913000'), Timestamp('2026-06-15 23:40:53.023000'), Timestamp('2026-06-15 23:40:53.629000'), Timestamp('2026-06-15 23:40:53.762000'), Timestamp('2026-06-15 23:40:54.398000'), Timestamp('2026-06-15 23:40:54.525000'), Timestamp('2026-06-15 23:40:55.136000'), Timestamp('2026-06-15 23:40:55.249000')]","[0.11, 0.606, 0.133, 0.636, 0.127, 0.611, 0.113]","[22.06003984200566, 22.075856853152004, 21.80128650843288, 22.712532133353328, 21.831028736563066, 21.739130434782602, 22.272877352056284, 22.094867358708186]","[2.426604382620623, 13.377969253010114, 2.899571105621573, 14.445170436812717, 2.7725406495435094, 13.28260869565217, 2.5168351407823604]",51.721299664043066,9.95078225142654,c:\git\RailwAI\VIDEO\20260615\ADTC Rastatt_00_20260615234053.mp4,2026-06-15 23:40:53,Trieb
