file,timestamp_raw,timestamp,timestamp_serie,delta_t,velocity,length,total_length,first_peak_raw,video,timestamp_video,train_class,train_type
ADTC_8_adz_raw_20260305_0010,2026-03-05 00:07:29.580,2026-03-05 00:07:39.630,"[Timestamp('2026-03-05 00:07:39.630000'), Timestamp('2026-03-05 00:07:39.741000'), Timestamp('2026-03-05 00:07:40.501000'), Timestamp('2026-03-05 00:07:40.616000'), Timestamp('2026-03-05 00:07:40.813000'), Timestamp('2026-03-05 00:07:40.935000'), Timestamp('2026-03-05 00:07:41.782000'), Timestamp('2026-03-05 00:07:41.899000'), Timestamp('2026-03-05 00:07:42.090000'), Timestamp('2026-03-05 00:07:42.224000'), Timestamp('2026-03-05 00:07:43.113000'), Timestamp('2026-03-05 00:07:43.240000'), Timestamp('2026-03-05 00:07:43.443000'), Timestamp('2026-03-05 00:07:43.582000'), Timestamp('2026-03-05 00:07:44.528000'), Timestamp('2026-03-05 00:07:44.663000'), Timestamp('2026-03-05 00:07:44.881000'), Timestamp('2026-03-05 00:07:45.033000'), Timestamp('2026-03-05 00:07:46.036000'), Timestamp('2026-03-05 00:07:46.190000'), Timestamp('2026-03-05 00:07:46.433000'), Timestamp('2026-03-05 00:07:46.594000'), Timestamp('2026-03-05 00:07:47.617000'), Timestamp('2026-03-05 00:07:47.778000')]","[0.111, 0.76, 0.115, 0.197, 0.122, 0.847, 0.117, 0.191, 0.134, 0.889, 0.127, 0.203, 0.139, 0.946, 0.135, 0.218, 0.152, 1.003, 0.154, 0.243, 0.161, 1.023, 0.161]","[20.803711460260516, 20.562779497764012, 20.189475360242017, 19.878844002006403, 19.802232854864428, 19.75032984877702, 19.222474324335156, 19.009975531714662, 18.9352058978, 18.785578747628087, 18.285780628682552, 17.911008851775406, 17.82805117770804, 17.62631009773304, 17.20452209660843, 16.73963806187974, 16.73943447856491, 16.77072081143924, 15.993607883610213, 15.534631377190316, 15.523705442813593, 15.410302393172962, 14.557494654066359, 14.317872427507542]","[2.3092119720889173, 15.62771241830065, 2.321789666427832, 3.9161322683952617, 2.41587240829346, 16.728529381914136, 2.2490294959472132, 3.6309053265575004, 2.5373175903052, 16.70037950664137, 2.322294139842684, 3.6359347969104077, 2.478099113701418, 16.674489352455456, 2.322610483042138, 3.6492410974897838, 2.5443940407418664, 16.821032973873557, 2.4630156140759727, 3.7749154246572467, 2.4993165762929888, 15.764739348215938, 2.343756639304684]",145.73071963547565,9.92535712202217,c:\git\RailwAI\VIDEO\20260305\ADTC Rueschlikon_00_20260305000740.mp4,2026-03-05 00:07:40,RABe 511,Trieb
ADTC_8_adz_raw_20260305_0030,2026-03-05 00:22:40.512,2026-03-05 00:22:50.564,"[Timestamp('2026-03-05 00:22:50.564000'), Timestamp('2026-03-05 00:22:50.697000'), Timestamp('2026-03-05 00:22:51.565000'), Timestamp('2026-03-05 00:22:51.690000'), Timestamp('2026-03-05 00:22:51.941000'), Timestamp('2026-03-05 00:22:52.082000'), Timestamp('2026-03-05 00:22:52.966000'), Timestamp('2026-03-05 00:22:53.102000'), Timestamp('2026-03-05 00:22:53.362000'), Timestamp('2026-03-05 00:22:53.502000'), Timestamp('2026-03-05 00:22:54.433000'), Timestamp('2026-03-05 00:22:54.571000'), Timestamp('2026-03-05 00:22:54.840000'), Timestamp('2026-03-05 00:22:54.992000'), Timestamp('2026-03-05 00:22:55.966000'), Timestamp('2026-03-05 00:22:56.116000')]","[0.133, 0.868, 0.125, 0.251, 0.141, 0.884, 0.136, 0.26, 0.14, 0.931, 0.138, 0.269, 0.152, 0.974, 0.15]","[18.641057834786842, 18.586797615923828, 18.32488197237279, 18.045112781954884, 17.91044776119403, 17.93857169775768, 17.53753753753754, 17.220077220077222, 17.189022826365736, 17.115780039852922, 16.813073563331205, 16.594653710310702, 16.424306287319986, 16.42776840921866, 15.85476286590222, 15.49758957654723]","[2.4792606920266502, 16.133340330621884, 2.2906102465465987, 4.529323308270676, 2.525373134328358, 15.85769738081779, 2.3851051051051053, 4.477220077220078, 2.4064631956912033, 15.93479121710307, 2.3202041517397065, 4.463961848073579, 2.496494555672638, 16.000646430578975, 2.378214429885333]",96.67870610368163,9.91707427522798,c:\git\RailwAI\VIDEO\20260305\ADTC Rueschlikon_00_20260305002251.mp4,2026-03-05 00:22:51,DTZ,Trieb
ADTC_8_adz_raw_20260305_0450,2026-03-05 04:44:12.568,2026-03-05 04:44:22.605,"[Timestamp('2026-03-05 04:44:22.605000'), Timestamp('2026-03-05 04:44:22.704000'), Timestamp('2026-03-05 04:44:23.380000'), Timestamp('2026-03-05 04:44:23.482000'), Timestamp('2026-03-05 04:44:23.675000'), Timestamp('2026-03-05 04:44:23.778000'), Timestamp('2026-03-05 04:44:24.454000'), Timestamp('2026-03-05 04:44:24.555000'), Timestamp('2026-03-05 04:44:24.742000'), Timestamp('2026-03-05 04:44:24.846000'), Timestamp('2026-03-05 04:44:25.524000'), Timestamp('2026-03-05 04:44:25.628000'), Timestamp('2026-03-05 04:44:25.815000'), Timestamp('2026-03-05 04:44:25.920000'), Timestamp('2026-03-05 04:44:26.605000'), Timestamp('2026-03-05 04:44:26.703000')]","[0.099, 0.676, 0.102, 0.193, 0.103, 0.676, 0.101, 0.187, 0.104, 0.678, 0.104, 0.187, 0.105, 0.685, 0.098]","[23.620560249860787, 23.480866179874052, 23.414773437081717, 23.359876853852754, 23.502337288745057, 23.905596679778235, 23.24673268719987, 23.35780251006394, 23.19057066168748, 23.24509717702928, 23.416862997072897, 23.472022955523677, 23.446054750402578, 23.558601418815567, 23.734780695320524, 23.617987048356838]","[2.338435464736218, 15.87306553759486, 2.388306890582335, 4.5084562327935815, 2.4207407407407406, 16.160183355530087, 2.347920001407187, 4.367909069381957, 2.4118193488154978, 15.760175886025852, 2.435353751695581, 4.389268292682927, 2.4618357487922706, 16.137641971888666, 2.3260085081414115]",96.32712080080918,9.928104781941569,c:\git\RailwAI\VIDEO\20260305\ADTC Rueschlikon_00_20260305044423.mp4,2026-03-05 04:44:23,DTZ,Trieb
ADTC_8_adz_raw_20260305_0500,2026-03-05 04:56:10.605,2026-03-05 04:56:20.669,"[Timestamp('2026-03-05 04:56:20.669000'), Timestamp('2026-03-05 04:56:20.811000'), Timestamp('2026-03-05 04:56:21.825000'), Timestamp('2026-03-05 04:56:21.972000'), Timestamp('2026-03-05 04:56:22.264000'), Timestamp('2026-03-05 04:56:22.432000'), Timestamp('2026-03-05 04:56:23.517000'), Timestamp('2026-03-05 04:56:23.679000'), Timestamp('2026-03-05 04:56:23.999000'), Timestamp('2026-03-05 04:56:24.191000'), Timestamp('2026-03-05 04:56:25.372000'), Timestamp('2026-03-05 04:56:25.553000'), Timestamp('2026-03-05 04:56:25.910000'), Timestamp('2026-03-05 04:56:26.117000'), Timestamp('2026-03-05 04:56:27.448000'), Timestamp('2026-03-05 04:56:27.660000')]","[0.142, 1.014, 0.147, 0.292, 0.168, 1.085, 0.162, 0.32, 0.192, 1.181, 0.181, 0.357, 0.207, 1.331, 0.212]","[16.107427895781427, 15.766990291262132, 15.262321144674086, 15.001318475256616, 14.71514080867498, 14.583035364137581, 13.883219006190394, 13.64611747590471, 13.503418586984047, 13.454905925191632, 12.590169348097543, 12.214709257997207, 12.090756814374902, 11.94295900178253, 11.05372010394018, 10.708473310936917]","[2.2872547612009626, 15.987728155339802, 2.2435612082670904, 4.380384994774931, 2.472143655857397, 15.822593370089274, 2.249081479002844, 4.366757592289507, 2.592656368700937, 15.890243897651319, 2.2788206520056553, 4.360651205105003, 2.502786660575605, 15.896078431372546, 2.343388662035318]",95.6741310942682,9.911424981141105,c:\git\RailwAI\VIDEO\20260305\ADTC Rueschlikon_00_20260305045621.mp4,2026-03-05 04:56:21,DTZ,Trieb
ADTC_8_adz_raw_20260305_0540,2026-03-05 05:37:28.795,2026-03-05 05:37:38.842,"[Timestamp('2026-03-05 05:37:38.842000'), Timestamp('2026-03-05 05:37:38.956000'), Timestamp('2026-03-05 05:37:39.751000'), Timestamp('2026-03-05 05:37:39.867000'), Timestamp('2026-03-05 05:37:40.098000'), Timestamp('2026-03-05 05:37:40.218000'), Timestamp('2026-03-05 05:37:41.036000'), Timestamp('2026-03-05 05:37:41.154000'), Timestamp('2026-03-05 05:37:41.394000'), Timestamp('2026-03-05 05:37:41.525000'), Timestamp('2026-03-05 05:37:42.379000'), Timestamp('2026-03-05 05:37:42.509000'), Timestamp('2026-03-05 05:37:42.756000'), Timestamp('2026-03-05 05:37:42.888000'), Timestamp('2026-03-05 05:37:43.796000'), Timestamp('2026-03-05 05:37:43.934000')]","[0.114, 0.795, 0.116, 0.231, 0.12, 0.818, 0.118, 0.24, 0.131, 0.854, 0.13, 0.247, 0.132, 0.908, 0.138]","[20.180893159977387, 20.1769723944259, 19.876543209876544, 19.695809169493376, 19.61236039465117, 19.843181468764413, 19.03025540275049, 18.791298452062193, 18.577075098814227, 18.699975745816154, 18.080699165768117, 18.066709156575314, 17.70248405824688, 17.733990147783253, 17.108470444850703, 16.81552088760842]","[2.300621820237422, 16.040693053568592, 2.305679012345679, 4.54973191815297, 2.3534832473581404, 16.23172244144929, 2.245570137524558, 4.509911628494926, 2.433596837944664, 15.969779286926995, 2.3504908915498555, 4.462477161674102, 2.3367278956885884, 16.102463054187194, 2.360968921389397]",96.55391730849236,9.922366895259072,c:\git\RailwAI\VIDEO\20260305\ADTC Rueschlikon_00_20260305053739.mp4,2026-03-05 05:37:39,DTZ,Trieb
ADTC_8_adz_raw_20260305_0550,2026-03-05 05:45:59.171,2026-03-05 05:46:09.206,"[Timestamp('2026-03-05 05:46:09.206000'), Timestamp('2026-03-05 05:46:09.296000'), Timestamp('2026-03-05 05:46:09.835000'), Timestamp('2026-03-05 05:46:09.922000'), Timestamp('2026-03-05 05:46:10.080000'), Timestamp('2026-03-05 05:46:10.174000'), Timestamp('2026-03-05 05:46:10.754000'), Timestamp('2026-03-05 05:46:10.836000'), Timestamp('2026-03-05 05:46:10.997000'), Timestamp('2026-03-05 05:46:11.088000'), Timestamp('2026-03-05 05:46:11.670000'), Timestamp('2026-03-05 05:46:11.752000'), Timestamp('2026-03-05 05:46:11.911000'), Timestamp('2026-03-05 05:46:12.001000'), Timestamp('2026-03-05 05:46:12.577000'), Timestamp('2026-03-05 05:46:12.660000'), Timestamp('2026-03-05 05:46:12.819000'), Timestamp('2026-03-05 05:46:12.908000'), Timestamp('2026-03-05 05:46:13.485000'), Timestamp('2026-03-05 05:46:13.570000'), Timestamp('2026-03-05 05:46:13.729000'), Timestamp('2026-03-05 05:46:13.809000'), Timestamp('2026-03-05 05:46:14.393000'), Timestamp('2026-03-05 05:46:14.476000'), Timestamp('2026-03-05 05:46:14.638000'), Timestamp('2026-03-05 05:46:14.723000'), Timestamp('2026-03-05 05:46:15.294000'), Timestamp('2026-03-05 05:46:15.378000'), Timestamp('2026-03-05 05:46:15.536000'), Timestamp('2026-03-05 05:46:15.624000'), Timestamp('2026-03-05 05:46:16.154000'), Timestamp('2026-03-05 05:46:16.238000')]","[0.09, 0.539, 0.087, 0.158, 0.094, 0.58, 0.082, 0.161, 0.091, 0.582, 0.082, 0.159, 0.09, 0.576, 0.083, 0.159, 0.089, 0.577, 0.085, 0.159, 0.08, 0.584, 0.083, 0.162, 0.085, 0.571, 0.084, 0.158, 0.088, 0.53, 0.084]","[27.38994529825475, 27.509196006305828, 27.35242548217416, 27.272947386261833, 27.17271198654816, 27.31157731157731, 27.705685395878795, 27.318210521202698, 27.331486611265, 27.469216662300234, 27.949078704253044, 27.628702047306696, 27.556214479861623, 27.715380769871686, 27.922077922077914, 27.671451355661873, 27.688701593397006, 27.551222083141177, 28.0392959476054, 28.094194961664833, 28.23188005251157, 27.58643468782772, 28.44600526777875, 28.158546655656473, 28.324745857122956, 28.2906843512378, 28.539623641664456, 28.32252730516514, 28.418286915396735, 28.707312712318966, 28.57775690832898, 28.57547838412473]","[2.4650950768429274, 14.827456647398842, 2.3796610169491514, 4.30912568702937, 2.554234926735527, 15.840714840714838, 2.2718662024620615, 4.398231893913635, 2.487165281625115, 15.987084097458736, 2.2918244537487498, 4.392963625521765, 2.480059303187546, 15.96405932344609, 2.317532467532467, 4.399760765550238, 2.4642944418123336, 15.897055141972459, 2.3833401555464593, 4.466976998904708, 2.2585504042009257, 16.110477857691386, 2.3610184372256366, 4.561684558216348, 2.4076033978554516, 16.15398076455678, 2.3973283858998142, 4.4749593142160915, 2.5008092485549125, 15.214875737529052, 2.4005315802996345]",195.420322034599,9.94656477229475,c:\git\RailwAI\VIDEO\20260305\ADTC Rueschlikon_00_20260305054610.mp4,2026-03-05 05:46:10,unknown,Trieb
ADTC_8_adz_raw_20260305_0600,2026-03-05 05:53:45.592,2026-03-05 05:53:55.632,"[Timestamp('2026-03-05 05:53:55.632000'), Timestamp('2026-03-05 05:53:55.773000'), Timestamp('2026-03-05 05:53:56.738000'), Timestamp('2026-03-05 05:53:56.882000'), Timestamp('2026-03-05 05:53:57.167000'), Timestamp('2026-03-05 05:53:57.324000'), Timestamp('2026-03-05 05:53:58.354000'), Timestamp('2026-03-05 05:53:58.509000'), Timestamp('2026-03-05 05:53:58.816000'), Timestamp('2026-03-05 05:53:58.990000'), Timestamp('2026-03-05 05:54:00.111000'), Timestamp('2026-03-05 05:54:00.280000'), Timestamp('2026-03-05 05:54:00.609000'), Timestamp('2026-03-05 05:54:00.795000'), Timestamp('2026-03-05 05:54:02.015000'), Timestamp('2026-03-05 05:54:02.199000')]","[0.141, 0.965, 0.144, 0.285, 0.157, 1.03, 0.155, 0.307, 0.174, 1.121, 0.169, 0.329, 0.186, 1.22, 0.184]","[16.580310880829018, 16.674878686076894, 15.903434068561156, 15.786618541972144, 15.59343583600623, 15.605680868838762, 14.627464839157478, 14.48332458132435, 14.257537334460412, 14.390046943357381, 13.540197461212975, 13.346058645064673, 13.132744158852235, 13.235850627431391, 12.50550328497242, 12.481182242305792]","[2.3378238341968913, 16.091257932064202, 2.290094505872806, 4.499186284462061, 2.4481694262529783, 16.073851294903925, 2.267257050069409, 4.446380646466576, 2.4808114961961114, 16.131242623503624, 2.288293370944993, 4.390853294226278, 2.4426904135465155, 16.147737765466296, 2.3010126044349253]",96.63666254260758,9.889537338119752,c:\git\RailwAI\VIDEO\20260305\ADTC Rueschlikon_00_20260305055356.mp4,2026-03-05 05:53:56,DTZ,Trieb
ADTC_8_adz_raw_20260305_0610,2026-03-05 06:07:03.661,2026-03-05 06:07:13.707,"[Timestamp('2026-03-05 06:07:13.707000'), Timestamp('2026-03-05 06:07:13.803000'), Timestamp('2026-03-05 06:07:14.465000'), Timestamp('2026-03-05 06:07:14.567000'), Timestamp('2026-03-05 06:07:14.749000'), Timestamp('2026-03-05 06:07:14.858000'), Timestamp('2026-03-05 06:07:15.547000'), Timestamp('2026-03-05 06:07:15.643000'), Timestamp('2026-03-05 06:07:15.841000'), Timestamp('2026-03-05 06:07:15.944000'), Timestamp('2026-03-05 06:07:16.663000'), Timestamp('2026-03-05 06:07:16.769000'), Timestamp('2026-03-05 06:07:16.973000'), Timestamp('2026-03-05 06:07:17.086000'), Timestamp('2026-03-05 06:07:17.838000'), Timestamp('2026-03-05 06:07:17.952000'), Timestamp('2026-03-05 06:07:18.171000'), Timestamp('2026-03-05 06:07:18.287000'), Timestamp('2026-03-05 06:07:19.078000'), Timestamp('2026-03-05 06:07:19.199000'), Timestamp('2026-03-05 06:07:19.429000'), Timestamp('2026-03-05 06:07:19.559000'), Timestamp('2026-03-05 06:07:20.402000'), Timestamp('2026-03-05 06:07:20.529000'), Timestamp('2026-03-05 06:07:20.784000'), Timestamp('2026-03-05 06:07:20.919000'), Timestamp('2026-03-05 06:07:21.830000'), Timestamp('2026-03-05 06:07:21.971000'), Timestamp('2026-03-05 06:07:22.240000'), Timestamp('2026-03-05 06:07:22.392000'), Timestamp('2026-03-05 06:07:23.392000'), Timestamp('2026-03-05 06:07:23.543000')]","[0.096, 0.662, 0.102, 0.182, 0.109, 0.689, 0.096, 0.198, 0.103, 0.719, 0.106, 0.204, 0.113, 0.752, 0.114, 0.219, 0.116, 0.791, 0.121, 0.23, 0.13, 0.843, 0.127, 0.255, 0.135, 0.911, 0.141, 0.269, 0.152, 1.0, 0.151]","[23.675375857539045, 24.000000000000004, 23.559168925022583, 23.558317675964737, 23.73391030107448, 23.30151997172146, 22.37871674491393, 22.829996606718698, 22.32606438213915, 22.641509433962266, 21.63259505877099, 21.721235948154067, 21.481778133760514, 21.432415731456935, 20.587315889156535, 20.693115302424978, 20.23292380673187, 20.27638258200926, 19.67510541434979, 19.63395456218423, 19.39465177784308, 19.038633897825363, 18.39107457428068, 18.537239991053454, 17.86060421454878, 17.861717078709248, 16.9461738366332, 16.94627944659105, 16.609195402298848, 16.316911293257316, 15.384615384615381, 15.447710184552289]","[2.2728360823237486, 15.888000000000003, 2.4030352303523035, 4.287613817025582, 2.5869962228171186, 16.054747260516084, 2.148356807511737, 4.520339328130302, 2.2995846313603323, 16.27924528301887, 2.2930550762297246, 4.4311321334234295, 2.427440929114938, 16.117176630055614, 2.346954011363845, 4.53179225123107, 2.347019161580897, 16.038618622369324, 2.3806877551363246, 4.515809549302373, 2.5213047311196006, 16.04956837586678, 2.3356664709336465, 4.7269961977186306, 2.411181568964085, 16.272024258704125, 2.389410510965281, 4.558549171132992, 2.5245977011494247, 16.316911293257316, 2.3230769230769224]",198.59972798575245,9.938528034103198,c:\git\RailwAI\VIDEO\20260305\ADTC Rueschlikon_00_20260305060715.mp4,2026-03-05 06:07:15,DTZ x2,Trieb
ADTC_8_adz_raw_20260305_0630,2026-03-05 06:23:04.742,2026-03-05 06:23:14.791,"[Timestamp('2026-03-05 06:23:14.791000'), Timestamp('2026-03-05 06:23:14.907000'), Timestamp('2026-03-05 06:23:15.251000'), Timestamp('2026-03-05 06:23:15.370000'), Timestamp('2026-03-05 06:23:15.595000'), Timestamp('2026-03-05 06:23:15.697000'), Timestamp('2026-03-05 06:23:16.505000'), Timestamp('2026-03-05 06:23:16.616000'), Timestamp('2026-03-05 06:23:16.822000'), Timestamp('2026-03-05 06:23:16.934000'), Timestamp('2026-03-05 06:23:17.767000'), Timestamp('2026-03-05 06:23:17.879000'), Timestamp('2026-03-05 06:23:18.097000'), Timestamp('2026-03-05 06:23:18.213000'), Timestamp('2026-03-05 06:23:19.082000'), Timestamp('2026-03-05 06:23:19.200000')]","[0.116, 0.344, 0.119, 0.225, 0.102, 0.808, 0.111, 0.206, 0.112, 0.833, 0.112, 0.218, 0.116, 0.869, 0.118]","[22.354025481160207, 22.456908344733243, 22.456416822614003, 22.196561457531434, 22.325702140087287, 21.999621999622, 21.622060345352352, 21.574776904080114, 21.405985880481254, 21.368723383183124, 20.847519971328055, 20.667599810899247, 20.578990901571544, 20.6023763470572, 20.04210306097098, 19.8159509202454]","[2.5930669558145842, 7.725176470588235, 2.6723136018910663, 4.994226327944573, 2.277221618288903, 17.775694575694576, 2.400048698334111, 4.444404042240503, 2.3974704186139006, 17.80014657819154, 2.334922236788742, 4.505536758776036, 2.387162944582299, 17.903465045592707, 2.3649681611945756]",94.57582443453636,9.939713177880726,c:\git\RailwAI\VIDEO\20260305\ADTC Rueschlikon_00_20260305062315.mp4,2026-03-05 06:23:15,DPZ,Lok
ADTC_8_adz_raw_20260305_0640,2026-03-05 06:30:53.406,2026-03-05 06:31:03.485,"[Timestamp('2026-03-05 06:31:03.485000'), Timestamp('2026-03-05 06:31:03.594000'), Timestamp('2026-03-05 06:31:04.349000'), Timestamp('2026-03-05 06:31:04.459000'), Timestamp('2026-03-05 06:31:04.674000'), Timestamp('2026-03-05 06:31:04.789000'), Timestamp('2026-03-05 06:31:05.542000'), Timestamp('2026-03-05 06:31:05.653000'), Timestamp('2026-03-05 06:31:05.864000'), Timestamp('2026-03-05 06:31:05.982000'), Timestamp('2026-03-05 06:31:06.736000'), Timestamp('2026-03-05 06:31:06.852000'), Timestamp('2026-03-05 06:31:07.062000'), Timestamp('2026-03-05 06:31:07.176000'), Timestamp('2026-03-05 06:31:07.931000'), Timestamp('2026-03-05 06:31:08.045000'), Timestamp('2026-03-05 06:31:08.258000'), Timestamp('2026-03-05 06:31:08.374000'), Timestamp('2026-03-05 06:31:09.128000'), Timestamp('2026-03-05 06:31:09.239000'), Timestamp('2026-03-05 06:31:09.451000'), Timestamp('2026-03-05 06:31:09.568000'), Timestamp('2026-03-05 06:31:10.325000'), Timestamp('2026-03-05 06:31:10.438000'), Timestamp('2026-03-05 06:31:10.649000'), Timestamp('2026-03-05 06:31:10.767000'), Timestamp('2026-03-05 06:31:11.528000'), Timestamp('2026-03-05 06:31:11.636000'), Timestamp('2026-03-05 06:31:11.851000'), Timestamp('2026-03-05 06:31:11.966000'), Timestamp('2026-03-05 06:31:12.725000'), Timestamp('2026-03-05 06:31:12.838000')]","[0.109, 0.755, 0.11, 0.215, 0.115, 0.753, 0.111, 0.211, 0.118, 0.754, 0.116, 0.21, 0.114, 0.755, 0.114, 0.213, 0.116, 0.754, 0.111, 0.212, 0.117, 0.757, 0.113, 0.211, 0.118, 0.761, 0.108, 0.215, 0.115, 0.759, 0.113]","[21.192052980132445, 21.076375835044388, 21.12520577127917, 21.030809098761875, 21.007469833365256, 21.06276102311438, 21.123364866042465, 21.00666513445185, 20.82468696621917, 21.13134444013948, 21.122342279539907, 21.103896103896105, 21.007469833365256, 21.16891957599922, 21.14547703951677, 21.146297796775457, 21.192466070514847, 21.174479343988015, 21.215702745733903, 21.075766338924232, 20.984834730092594, 21.081456340635604, 21.16891957599922, 21.055163026487293, 20.9842331581462, 21.174479343988015, 21.263736263736263, 20.983631620689323, 21.192466070514847, 21.122342279539907, 21.215702745733903, 21.10144927536232]","[2.3099337748344366, 15.912663755458514, 2.323772634840709, 4.521623956233803, 2.4158590308370047, 15.860259050405128, 2.3446935001307136, 4.43240634336934, 2.4573130620138617, 15.933033707865167, 2.4501917044266293, 4.431818181818182, 2.394851561003639, 15.98253427987941, 2.410584382504912, 4.5041614307131725, 2.4583260641797224, 15.965557425366963, 2.3549430047764632, 4.468062463851937, 2.455225663420834, 15.958662449861153, 2.392087912087912, 4.442639398588819, 2.4761395126612515, 16.11377878077488, 2.2964835164835162, 4.511480798448204, 2.4371335981092077, 16.03185779017079, 2.3973744102679313]",197.4454531453842,9.95938737014438,c:\git\RailwAI\VIDEO\20260305\ADTC Rueschlikon_00_20260305063105.mp4,2026-03-05 06:31:05,DTZ x2,Trieb
ADTC_8_adz_raw_20260305_0700,2026-03-05 06:54:27.606,2026-03-05 06:54:37.652,"[Timestamp('2026-03-05 06:54:37.652000'), Timestamp('2026-03-05 06:54:37.754000'), Timestamp('2026-03-05 06:54:38.469000'), Timestamp('2026-03-05 06:54:38.575000'), Timestamp('2026-03-05 06:54:38.778000'), Timestamp('2026-03-05 06:54:38.890000'), Timestamp('2026-03-05 06:54:39.625000'), Timestamp('2026-03-05 06:54:39.733000'), Timestamp('2026-03-05 06:54:39.943000'), Timestamp('2026-03-05 06:54:40.056000'), Timestamp('2026-03-05 06:54:40.820000'), Timestamp('2026-03-05 06:54:40.929000'), Timestamp('2026-03-05 06:54:41.147000'), Timestamp('2026-03-05 06:54:41.264000'), Timestamp('2026-03-05 06:54:42.053000'), Timestamp('2026-03-05 06:54:42.172000'), Timestamp('2026-03-05 06:54:42.406000'), Timestamp('2026-03-05 06:54:42.524000'), Timestamp('2026-03-05 06:54:43.356000'), Timestamp('2026-03-05 06:54:43.482000'), Timestamp('2026-03-05 06:54:43.725000'), Timestamp('2026-03-05 06:54:43.859000'), Timestamp('2026-03-05 06:54:44.736000'), Timestamp('2026-03-05 06:54:44.866000'), Timestamp('2026-03-05 06:54:45.123000'), Timestamp('2026-03-05 06:54:45.267000'), Timestamp('2026-03-05 06:54:46.205000'), Timestamp('2026-03-05 06:54:46.352000'), Timestamp('2026-03-05 06:54:46.634000'), Timestamp('2026-03-05 06:54:46.786000'), Timestamp('2026-03-05 06:54:47.812000'), Timestamp('2026-03-05 06:54:47.964000')]","[0.102, 0.715, 0.106, 0.203, 0.112, 0.735, 0.108, 0.21, 0.113, 0.764, 0.109, 0.218, 0.117, 0.789, 0.119, 0.234, 0.118, 0.832, 0.126, 0.243, 0.134, 0.877, 0.13, 0.257, 0.144, 0.938, 0.147, 0.282, 0.152, 1.026, 0.152]","[22.59436469962786, 22.497365648050582, 22.150308707685756, 21.927066222368232, 21.82539682539683, 22.005860667359862, 21.42899850523169, 21.266866198910748, 20.99687341639018, 21.127865423167435, 20.9175148108765, 20.61234363121155, 20.306965761511215, 20.282715784964658, 19.816795194069275, 19.455304050724397, 19.395205890395857, 19.310701751548578, 18.682770762735935, 18.517857142857146, 18.394112357076004, 18.317880650284764, 17.648549732858868, 17.29780271154745, 17.189022826365736, 17.052154195011333, 16.32823076122045, 16.028319373405992, 15.816559181812258, 15.756378831132839, 14.860823556475733, 14.440792524446877]","[2.3046251993620417, 16.085616438356166, 2.34793272301469, 4.451194443140752, 2.444444444444445, 16.1743075905095, 2.3143318385650224, 4.4660419017712565, 2.37264669605209, 16.14168918329992, 2.2800091143855385, 4.493490911604118, 2.3759149940968123, 16.003062754337115, 2.3581986280942435, 4.552541147869509, 2.288634295066711, 16.066503857288417, 2.3540291161047278, 4.499839285714287, 2.464811055848185, 16.064781330299738, 2.2943114652716528, 4.445535296867695, 2.475219286996666, 15.99492063492063, 2.400249921899406, 4.51998606330049, 2.404116995635463, 16.166044680742292, 2.2588451805843115]",197.86387647544385,9.927682733325756,c:\git\RailwAI\VIDEO\20260305\ADTC Rueschlikon_00_20260305065438.mp4,2026-03-05 06:54:38,DTZ x2,Trieb
ADTC_8_adz_raw_20260305_0710,2026-03-05 07:01:20.134,2026-03-05 07:01:30.176,"[Timestamp('2026-03-05 07:01:30.176000'), Timestamp('2026-03-05 07:01:30.267000'), Timestamp('2026-03-05 07:01:30.875000'), Timestamp('2026-03-05 07:01:30.965000'), Timestamp('2026-03-05 07:01:31.112000'), Timestamp('2026-03-05 07:01:31.210000'), Timestamp('2026-03-05 07:01:31.857000'), Timestamp('2026-03-05 07:01:31.945000'), Timestamp('2026-03-05 07:01:32.083000'), Timestamp('2026-03-05 07:01:32.182000'), Timestamp('2026-03-05 07:01:32.827000'), Timestamp('2026-03-05 07:01:32.914000'), Timestamp('2026-03-05 07:01:33.061000'), Timestamp('2026-03-05 07:01:33.151000'), Timestamp('2026-03-05 07:01:33.803000'), Timestamp('2026-03-05 07:01:33.892000'), Timestamp('2026-03-05 07:01:34.032000'), Timestamp('2026-03-05 07:01:34.128000'), Timestamp('2026-03-05 07:01:34.781000'), Timestamp('2026-03-05 07:01:34.867000'), Timestamp('2026-03-05 07:01:35.019000'), Timestamp('2026-03-05 07:01:35.110000'), Timestamp('2026-03-05 07:01:35.720000'), Timestamp('2026-03-05 07:01:35.813000'), Timestamp('2026-03-05 07:01:36.060000'), Timestamp('2026-03-05 07:01:36.151000'), Timestamp('2026-03-05 07:01:36.759000'), Timestamp('2026-03-05 07:01:36.851000'), Timestamp('2026-03-05 07:01:36.997000'), Timestamp('2026-03-05 07:01:37.095000'), Timestamp('2026-03-05 07:01:37.746000'), Timestamp('2026-03-05 07:01:37.835000'), Timestamp('2026-03-05 07:01:37.973000'), Timestamp('2026-03-05 07:01:38.072000'), Timestamp('2026-03-05 07:01:38.725000'), Timestamp('2026-03-05 07:01:38.812000'), Timestamp('2026-03-05 07:01:38.951000'), Timestamp('2026-03-05 07:01:39.049000'), Timestamp('2026-03-05 07:01:39.702000'), Timestamp('2026-03-05 07:01:39.792000'), Timestamp('2026-03-05 07:01:39.931000'), Timestamp('2026-03-05 07:01:40.028000'), Timestamp('2026-03-05 07:01:40.681000'), Timestamp('2026-03-05 07:01:40.772000'), Timestamp('2026-03-05 07:01:40.922000'), Timestamp('2026-03-05 07:01:41.016000'), Timestamp('2026-03-05 07:01:41.629000'), Timestamp('2026-03-05 07:01:41.721000')]","[0.091, 0.608, 0.09, 0.147, 0.098, 0.647, 0.088, 0.138, 0.099, 0.645, 0.087, 0.147, 0.09, 0.652, 0.089, 0.14, 0.096, 0.653, 0.086, 0.152, 0.091, 0.61, 0.093, 0.247, 0.091, 0.608, 0.092, 0.146, 0.098, 0.651, 0.089, 0.138, 0.099, 0.653, 0.087, 0.139, 0.098, 0.653, 0.09, 0.139, 0.097, 0.653, 0.091, 0.15, 0.094, 0.613, 0.092]","[25.738930419781482, 25.806638098610378, 25.7083859125846, 25.5670454061875, 25.271733482968596, 25.582286565893117, 25.737450405382084, 25.53643058768597, 25.501651003302, 25.606555278151205, 25.634590154583314, 25.330520687566572, 25.77557375158574, 25.329991645781128, 25.737265415549597, 25.56595744680851, 25.511010728402027, 25.4984126984127, 26.12288417966146, 25.63641808924828, 25.73800539083558, 25.70396283764409, 25.669183253260123, 25.4984126984127, 25.806638098610378, 25.669183253260123, 25.71317929521104, 25.470642466553592, 25.464370145221217, 25.498052937524694, 25.772972972972966, 25.508130081300816, 25.573575107478824, 25.56632008964666, 25.910978363808546, 25.58991396200698, 25.543478260869563, 25.741890959282262, 25.95808120669999, 25.540767157018827, 25.727200975819756, 25.82156569271816, 25.849097629919548, 25.723140495867774, 25.84305438967204, 25.75966850828729, 25.91837922803749, 25.91837922803749]","[2.342242668200115, 15.69043596395511, 2.313754732132614, 3.7583556747095623, 2.4766298813309224, 16.551739408132846, 2.264895635673623, 3.5240274211006644, 2.5246634493268982, 16.51622815440753, 2.230209343448748, 3.723586541072286, 2.3198016376427164, 16.515154553049296, 2.290616621983914, 3.579234042553192, 2.449057029926595, 16.650463492063494, 2.2465680394508856, 3.8967355495657388, 2.3421584905660375, 15.679417330962895, 2.3872340425531915, 6.298107936507937, 2.3484040669735444, 15.606863417982154, 2.3656124951594157, 3.718713800116824, 2.495508274231679, 16.599232462328576, 2.2937945945945937, 3.520121951219513, 2.5317839356404037, 16.69480701853927, 2.2542551176513435, 3.556998040718971, 2.503260869565217, 16.809454796411316, 2.336227308602999, 3.5501666348256173, 2.4955384946545163, 16.861482397344957, 2.352267884322679, 3.858471074380166, 2.429247112629172, 15.79067679558011, 2.384490888979449]",295.9286970727693,9.94061336204297,c:\git\RailwAI\VIDEO\20260305\ADTC Rueschlikon_00_20260305070131.mp4,2026-03-05 07:01:31,RABe 511 x2,Trieb
ADTC_8_adz_raw_20260305_0730,2026-03-05 07:25:30.256,2026-03-05 07:25:40.341,"[Timestamp('2026-03-05 07:25:40.341000'), Timestamp('2026-03-05 07:25:40.456000'), Timestamp('2026-03-05 07:25:40.792000'), Timestamp('2026-03-05 07:25:40.903000'), Timestamp('2026-03-05 07:25:41.122000'), Timestamp('2026-03-05 07:25:41.224000'), Timestamp('2026-03-05 07:25:42.008000'), Timestamp('2026-03-05 07:25:42.114000'), Timestamp('2026-03-05 07:25:42.315000'), Timestamp('2026-03-05 07:25:42.422000'), Timestamp('2026-03-05 07:25:43.229000'), Timestamp('2026-03-05 07:25:43.338000'), Timestamp('2026-03-05 07:25:43.546000'), Timestamp('2026-03-05 07:25:43.657000'), Timestamp('2026-03-05 07:25:44.493000'), Timestamp('2026-03-05 07:25:44.603000'), Timestamp('2026-03-05 07:25:44.846000'), Timestamp('2026-03-05 07:25:44.976000'), Timestamp('2026-03-05 07:25:45.351000'), Timestamp('2026-03-05 07:25:45.474000'), Timestamp('2026-03-05 07:25:45.721000'), Timestamp('2026-03-05 07:25:45.838000'), Timestamp('2026-03-05 07:25:46.730000'), Timestamp('2026-03-05 07:25:46.850000'), Timestamp('2026-03-05 07:25:47.081000'), Timestamp('2026-03-05 07:25:47.207000'), Timestamp('2026-03-05 07:25:48.140000'), Timestamp('2026-03-05 07:25:48.269000'), Timestamp('2026-03-05 07:25:48.513000'), Timestamp('2026-03-05 07:25:48.644000'), Timestamp('2026-03-05 07:25:49.630000'), Timestamp('2026-03-05 07:25:49.762000'), Timestamp('2026-03-05 07:25:50.054000'), Timestamp('2026-03-05 07:25:50.213000'), Timestamp('2026-03-05 07:25:50.668000'), Timestamp('2026-03-05 07:25:50.822000'), Timestamp('2026-03-05 07:25:51.113000'), Timestamp('2026-03-05 07:25:51.271000'), Timestamp('2026-03-05 07:25:52.366000'), Timestamp('2026-03-05 07:25:52.378000'), Timestamp('2026-03-05 07:25:52.520000'), Timestamp('2026-03-05 07:25:52.809000'), Timestamp('2026-03-05 07:25:52.973000'), Timestamp('2026-03-05 07:25:54.177000'), Timestamp('2026-03-05 07:25:54.338000'), Timestamp('2026-03-05 07:25:54.657000'), Timestamp('2026-03-05 07:25:54.837000'), Timestamp('2026-03-05 07:25:56.166000'), Timestamp('2026-03-05 07:25:56.357000')]","[0.115, 0.336, 0.111, 0.219, 0.102, 0.784, 0.106, 0.201, 0.107, 0.807, 0.109, 0.208, 0.111, 0.836, 0.11, 0.243, 0.13, 0.375, 0.123, 0.247, 0.117, 0.892, 0.12, 0.231, 0.126, 0.933, 0.129, 0.244, 0.131, 0.986, 0.132, 0.292, 0.159, 0.455, 0.154, 0.291, 0.158, 1.095, 0.012, 0.142, 0.289, 0.164, 1.204, 0.161, 0.319, 0.18, 1.329, 0.191]","[23.362643218758322, 23.28507755812449, 23.222183222183222, 22.94460308395203, 23.054834803667184, 23.0514096185738, 22.456416822614003, 22.51996567883308, 22.35305598022314, 22.3705198736938, 21.943573667711597, 21.726574500768052, 21.623376623376625, 21.756359977824772, 21.193705438294675, 21.02105843175774, 20.84351819145178, 20.867594996459758, 20.469083155650317, 20.58090371982206, 20.406614258606666, 20.306965761511215, 19.86289059491103, 19.62464606980881, 19.453067257945303, 19.56283790507148, 18.791298452062193, 18.50700364390065, 18.432894402246625, 18.265804789998953, 17.805402952440545, 17.36553389007193, 17.253206420908285, 17.080015168752368, 16.853776853776857, 16.975372225863843, 16.660044070368095, 16.371725160652495, 15.768453391543376, 15.504862215501735, 15.315718763994624, 15.125175404235486, 14.211702827087443, 14.045925624872993, 13.93617223005303, 13.730526573697858, 12.577045039603552, 12.161148681132016]","[2.686703970157207, 7.82378605952983, 2.5776623376623378, 5.024868075385494, 2.3515931499740526, 18.07230514096186, 2.3803801831970843, 4.52651310144545, 2.391776989883876, 18.0530095380709, 2.391849529780564, 4.519127496159754, 2.4001948051948054, 18.18831694146151, 2.331307598212414, 5.108117198917131, 2.709657364888731, 7.825348123672409, 2.5176972281449888, 5.083483218796049, 2.3875738682569803, 18.113813459268005, 2.3835468713893233, 4.533293242125835, 2.4510864745011083, 18.25212776543169, 2.424077500316023, 4.5157088891117585, 2.414709166694308, 18.010083522938967, 2.350313189722152, 5.070735895901003, 2.7432598209244174, 7.771406901782328, 2.595481635481636, 4.939833317726378, 2.632286963118159, 17.92703905091448, 0.1892214406985205, 2.2016904346012462, 4.426242722794446, 2.48052876629462, 17.11089020381328, 2.261394025604552, 4.445638941386917, 2.4714947832656144, 16.71489285763312, 2.322779398096215]",295.1048491612894,9.981849385489,c:\git\RailwAI\VIDEO\20260305\ADTC Rueschlikon_00_20260305072541.mp4,2026-03-05 07:25:41,DPZ x3,Lok
ADTC_8_adz_raw_20260305_0740,2026-03-05 07:31:09.747,2026-03-05 07:31:14.522,"[Timestamp('2026-03-05 07:31:14.522000'), Timestamp('2026-03-05 07:31:14.625000'), Timestamp('2026-03-05 07:31:15.343000'), Timestamp('2026-03-05 07:31:15.451000'), Timestamp('2026-03-05 07:31:15.654000'), Timestamp('2026-03-05 07:31:15.759000'), Timestamp('2026-03-05 07:31:16.482000'), Timestamp('2026-03-05 07:31:16.588000'), Timestamp('2026-03-05 07:31:16.788000'), Timestamp('2026-03-05 07:31:16.900000'), Timestamp('2026-03-05 07:31:17.619000'), Timestamp('2026-03-05 07:31:17.726000'), Timestamp('2026-03-05 07:31:17.927000'), Timestamp('2026-03-05 07:31:18.034000'), Timestamp('2026-03-05 07:31:18.756000'), Timestamp('2026-03-05 07:31:18.861000'), Timestamp('2026-03-05 07:31:19.062000'), Timestamp('2026-03-05 07:31:19.173000'), Timestamp('2026-03-05 07:31:19.890000'), Timestamp('2026-03-05 07:31:20.001000'), Timestamp('2026-03-05 07:31:20.203000'), Timestamp('2026-03-05 07:31:20.311000'), Timestamp('2026-03-05 07:31:21.032000'), Timestamp('2026-03-05 07:31:21.140000'), Timestamp('2026-03-05 07:31:21.345000'), Timestamp('2026-03-05 07:31:21.453000'), Timestamp('2026-03-05 07:31:22.173000'), Timestamp('2026-03-05 07:31:22.283000'), Timestamp('2026-03-05 07:31:22.488000'), Timestamp('2026-03-05 07:31:22.593000'), Timestamp('2026-03-05 07:31:23.319000'), Timestamp('2026-03-05 07:31:23.423000'), Timestamp('2026-03-05 07:31:23.626000'), Timestamp('2026-03-05 07:31:23.736000'), Timestamp('2026-03-05 07:31:24.460000'), Timestamp('2026-03-05 07:31:24.568000'), Timestamp('2026-03-05 07:31:24.769000'), Timestamp('2026-03-05 07:31:24.879000'), Timestamp('2026-03-05 07:31:25.607000'), Timestamp('2026-03-05 07:31:25.711000'), Timestamp('2026-03-05 07:31:25.913000'), Timestamp('2026-03-05 07:31:26.027000'), Timestamp('2026-03-05 07:31:26.755000'), Timestamp('2026-03-05 07:31:26.859000'), Timestamp('2026-03-05 07:31:27.063000'), Timestamp('2026-03-05 07:31:27.172000'), Timestamp('2026-03-05 07:31:27.897000'), Timestamp('2026-03-05 07:31:28.006000')]","[0.103, 0.718, 0.108, 0.203, 0.105, 0.723, 0.106, 0.2, 0.112, 0.719, 0.107, 0.201, 0.107, 0.722, 0.105, 0.201, 0.111, 0.717, 0.111, 0.202, 0.108, 0.721, 0.108, 0.205, 0.108, 0.72, 0.11, 0.205, 0.105, 0.726, 0.104, 0.203, 0.11, 0.724, 0.108, 0.201, 0.11, 0.728, 0.104, 0.202, 0.114, 0.728, 0.104, 0.204, 0.109, 0.725, 0.109]","[22.209622029890987, 22.180483223768462, 22.22650974339186, 21.946325558063705, 22.12028542303772, 21.999621999622, 22.306421840085495, 21.879234351394704, 22.145358180521704, 22.329929028907742, 22.38200048911714, 22.136739421503414, 22.278099340422663, 22.03504043126685, 22.291061702322523, 22.23187147199305, 22.151959375299413, 22.33536595263474, 22.30040361744836, 22.312925170068027, 22.30112563269623, 22.285778919643864, 22.32860040567951, 22.256608639587363, 22.387475538160473, 22.349272349272354, 22.35669204242306, 22.312925170068027, 22.36493816446084, 22.312925170068027, 22.570699201007855, 22.41988227599738, 22.33331169252743, 22.367607330013342, 22.490330013990615, 22.414751364958967, 22.33536595263474, 22.3705198736938, 22.54527412552716, 22.45061880173756, 22.32860040567951, 22.510213943680537, 22.628685657171417, 22.310516087238177, 22.46305418719212, 22.503293807641636, 22.458628841607563, 22.525169169830004]","[2.2875910690787715, 15.925586954665755, 2.400463052286321, 4.455104088286933, 2.3226299694189607, 15.905726705726705, 2.3644807150490625, 4.375846870278941, 2.480280116218431, 16.055218971784665, 2.394874052335534, 4.449484623722187, 2.383756629425225, 15.909299191374664, 2.3405614787438647, 4.468606165870603, 2.4588674906582346, 16.01445738803911, 2.475344801536768, 4.507210884353742, 2.4085215683311927, 16.068046601063227, 2.411488843813387, 4.562604771115409, 2.417847358121331, 16.091476091476096, 2.4592361246665364, 4.574149659863945, 2.348318507268388, 16.19918367346939, 2.3473527169048167, 4.5512361020274685, 2.4566642861780172, 16.19414770692966, 2.4289556415109863, 4.5053650243567525, 2.4568902547898213, 16.285738468049086, 2.3447085090548248, 4.535024997950987, 2.545460446247464, 16.38743575099943, 2.353383308345827, 4.551345281796588, 2.448472906403941, 16.314888010540187, 2.4479905437352243]",300.6713243738644,4.654183674175509,c:\git\RailwAI\VIDEO\20260305\ADTC Rueschlikon_00_20260305073115.mp4,2026-03-05 07:31:15,DTZ x3,Trieb
ADTC_8_adz_raw_20260305_0800,2026-03-05 07:55:01.162,2026-03-05 07:55:11.214,"[Timestamp('2026-03-05 07:55:11.214000'), Timestamp('2026-03-05 07:55:11.331000'), Timestamp('2026-03-05 07:55:12.134000'), Timestamp('2026-03-05 07:55:12.256000'), Timestamp('2026-03-05 07:55:12.488000'), Timestamp('2026-03-05 07:55:12.617000'), Timestamp('2026-03-05 07:55:13.460000'), Timestamp('2026-03-05 07:55:13.591000'), Timestamp('2026-03-05 07:55:13.838000'), Timestamp('2026-03-05 07:55:13.973000'), Timestamp('2026-03-05 07:55:14.891000'), Timestamp('2026-03-05 07:55:15.035000'), Timestamp('2026-03-05 07:55:15.310000'), Timestamp('2026-03-05 07:55:15.459000'), Timestamp('2026-03-05 07:55:16.474000'), Timestamp('2026-03-05 07:55:16.629000'), Timestamp('2026-03-05 07:55:16.933000'), Timestamp('2026-03-05 07:55:17.102000'), Timestamp('2026-03-05 07:55:18.202000'), Timestamp('2026-03-05 07:55:18.368000'), Timestamp('2026-03-05 07:55:18.692000'), Timestamp('2026-03-05 07:55:18.868000'), Timestamp('2026-03-05 07:55:20.025000'), Timestamp('2026-03-05 07:55:20.199000'), Timestamp('2026-03-05 07:55:20.539000'), Timestamp('2026-03-05 07:55:20.721000'), Timestamp('2026-03-05 07:55:21.935000'), Timestamp('2026-03-05 07:55:22.120000'), Timestamp('2026-03-05 07:55:22.469000'), Timestamp('2026-03-05 07:55:22.670000'), Timestamp('2026-03-05 07:55:23.942000'), Timestamp('2026-03-05 07:55:24.135000')]","[0.117, 0.803, 0.122, 0.232, 0.129, 0.843, 0.131, 0.247, 0.135, 0.918, 0.144, 0.275, 0.149, 1.015, 0.155, 0.304, 0.169, 1.1, 0.166, 0.324, 0.176, 1.157, 0.174, 0.34, 0.182, 1.214, 0.185, 0.349, 0.201, 1.272, 0.193]","[20.04489875983522, 19.820341929875397, 19.413568887253092, 19.1076747575892, 18.972628421447318, 18.967077547199246, 18.136149564720995, 17.9135030130863, 17.601032507864808, 17.359600117612466, 16.510017094421542, 16.244817555031265, 15.896828530069744, 15.819779611183957, 14.9885187478366, 14.735929430391677, 14.656522712016113, 14.474718781956597, 14.108561284387026, 13.944244960991725, 13.842891005114982, 13.784800105554822, 13.512742487637883, 13.352290862664304, 13.24140450207753, 13.160743279812374, 12.871431267355026, 12.599206349206348, 12.5500704061684, 12.508403446941145, 12.27822264091694, 12.037660140502261]","[2.3452531549007207, 15.915734569689945, 2.368455404244877, 4.432980543760695, 2.447469066366704, 15.989246372288964, 2.3758355929784503, 4.424635244232316, 2.376139388561749, 15.936112907968244, 2.377442461596702, 4.467324827633599, 2.3686274509803917, 16.057076305351714, 2.323220405914673, 4.47972254683907, 2.4769523383307233, 15.922190660152257, 2.3420211732082463, 4.517935367361319, 2.4363488169002365, 15.94901372212693, 2.3512171928489916, 4.539778893305864, 2.4099356193781105, 15.977142341692222, 2.38121478446068, 4.3971230158730155, 2.5225641516398487, 15.910689184509136, 2.3696969696969696]",197.1891004747933,9.920840883948406,c:\git\RailwAI\VIDEO\20260305\ADTC Rueschlikon_00_20260305075512.mp4,2026-03-05 07:55:12,DTZ x2,Trieb
ADTC_8_adz_raw_20260305_0810,2026-03-05 08:08:29.018,2026-03-05 08:08:39.074,"[Timestamp('2026-03-05 08:08:39.074000'), Timestamp('2026-03-05 08:08:39.200000'), Timestamp('2026-03-05 08:08:39.566000'), Timestamp('2026-03-05 08:08:39.691000'), Timestamp('2026-03-05 08:08:39.921000'), Timestamp('2026-03-05 08:08:40.030000'), Timestamp('2026-03-05 08:08:40.767000'), Timestamp('2026-03-05 08:08:40.872000'), Timestamp('2026-03-05 08:08:41.107000'), Timestamp('2026-03-05 08:08:41.214000'), Timestamp('2026-03-05 08:08:41.965000'), Timestamp('2026-03-05 08:08:42.072000'), Timestamp('2026-03-05 08:08:42.300000'), Timestamp('2026-03-05 08:08:42.408000'), Timestamp('2026-03-05 08:08:43.156000'), Timestamp('2026-03-05 08:08:43.262000'), Timestamp('2026-03-05 08:08:43.489000'), Timestamp('2026-03-05 08:08:43.598000'), Timestamp('2026-03-05 08:08:44.350000'), Timestamp('2026-03-05 08:08:44.455000'), Timestamp('2026-03-05 08:08:44.683000'), Timestamp('2026-03-05 08:08:44.792000'), Timestamp('2026-03-05 08:08:45.546000'), Timestamp('2026-03-05 08:08:45.650000'), Timestamp('2026-03-05 08:08:45.890000'), Timestamp('2026-03-05 08:08:46.001000'), Timestamp('2026-03-05 08:08:46.733000'), Timestamp('2026-03-05 08:08:46.839000'), Timestamp('2026-03-05 08:08:47.090000'), Timestamp('2026-03-05 08:08:47.193000'), Timestamp('2026-03-05 08:08:47.932000'), Timestamp('2026-03-05 08:08:48.040000'), Timestamp('2026-03-05 08:08:48.284000'), Timestamp('2026-03-05 08:08:48.395000'), Timestamp('2026-03-05 08:08:49.131000'), Timestamp('2026-03-05 08:08:49.242000'), Timestamp('2026-03-05 08:08:49.476000'), Timestamp('2026-03-05 08:08:49.586000'), Timestamp('2026-03-05 08:08:50.347000'), Timestamp('2026-03-05 08:08:50.452000')]","[0.126, 0.366, 0.125, 0.23, 0.109, 0.737, 0.105, 0.235, 0.107, 0.751, 0.107, 0.228, 0.108, 0.748, 0.106, 0.227, 0.109, 0.752, 0.105, 0.228, 0.109, 0.754, 0.104, 0.24, 0.111, 0.732, 0.106, 0.251, 0.103, 0.739, 0.108, 0.244, 0.111, 0.736, 0.111, 0.234, 0.11, 0.761, 0.105]","[21.875145984833146, 21.851176665561816, 22.068965517241377, 22.09439059272207, 21.94426157559798, 22.04598186036701, 21.666072973385578, 21.879234351394704, 21.752117013086988, 21.97532804274377, 21.726574500768052, 21.827314113859618, 21.738261738261734, 21.707137601177337, 21.857968792092336, 22.104928457869633, 21.98454080964234, 22.04107424960506, 21.83442229757671, 22.0541224877354, 21.9874213836478, 21.963770238045434, 21.840292858472424, 22.056449485623844, 21.80580621873872, 21.873833519970137, 21.910621154867115, 22.134034584429035, 21.718235546739194, 22.207246237283783, 21.896968279947, 22.051873745436147, 21.97532804274377, 22.024597918637653, 22.020894204695942, 21.950609043884533, 21.978021978021978, 22.048040455120102, 21.746252764354164, 22.014073642617632]","[2.7562683940889765, 7.997530659595625, 2.758620689655172, 5.081709836326077, 2.39192451174018, 16.247888631090486, 2.2749376622054855, 5.141620072577755, 2.3274765204003076, 16.50347136010057, 2.3247434715821815, 4.976627617959993, 2.347732267732267, 16.236938925680647, 2.3169446919617878, 5.017818759936407, 2.396314948251015, 16.574887835703006, 2.292614341245555, 5.028339927203671, 2.3966289308176103, 16.56068275948626, 2.271390457281132, 5.293547876549722, 2.4204444902799978, 16.01164613661814, 2.322525842415914, 5.555642680691688, 2.2369782613141367, 16.411154969352715, 2.3648725742342758, 5.38065719388642, 2.439261412744558, 16.210104068117314, 2.4443192567212497, 5.136442516268981, 2.4175824175824174, 16.778558786346398, 2.283356540257187]",249.93020829600331,9.939432049403514,c:\git\RailwAI\VIDEO\20260305\ADTC Rueschlikon_00_20260305080840.mp4,2026-03-05 08:08:40,EC/IC/IR x10,Lok
ADTC_8_adz_raw_20260305_0830,2026-03-05 08:26:34.886,2026-03-05 08:26:44.935,"[Timestamp('2026-03-05 08:26:44.935000'), Timestamp('2026-03-05 08:26:45.053000'), Timestamp('2026-03-05 08:26:45.415000'), Timestamp('2026-03-05 08:26:45.529000'), Timestamp('2026-03-05 08:26:45.759000'), Timestamp('2026-03-05 08:26:45.867000'), Timestamp('2026-03-05 08:26:46.717000'), Timestamp('2026-03-05 08:26:46.834000'), Timestamp('2026-03-05 08:26:47.054000'), Timestamp('2026-03-05 08:26:47.176000'), Timestamp('2026-03-05 08:26:48.073000'), Timestamp('2026-03-05 08:26:48.201000'), Timestamp('2026-03-05 08:26:48.430000'), Timestamp('2026-03-05 08:26:48.562000'), Timestamp('2026-03-05 08:26:49.515000'), Timestamp('2026-03-05 08:26:49.647000'), Timestamp('2026-03-05 08:26:49.935000'), Timestamp('2026-03-05 08:26:50.084000'), Timestamp('2026-03-05 08:26:50.528000'), Timestamp('2026-03-05 08:26:50.680000'), Timestamp('2026-03-05 08:26:50.965000'), Timestamp('2026-03-05 08:26:51.111000'), Timestamp('2026-03-05 08:26:52.203000'), Timestamp('2026-03-05 08:26:52.350000'), Timestamp('2026-03-05 08:26:52.644000'), Timestamp('2026-03-05 08:26:52.800000'), Timestamp('2026-03-05 08:26:54.008000'), Timestamp('2026-03-05 08:26:54.174000'), Timestamp('2026-03-05 08:26:54.491000'), Timestamp('2026-03-05 08:26:54.676000'), Timestamp('2026-03-05 08:26:55.979000'), Timestamp('2026-03-05 08:26:56.170000')]","[0.118, 0.362, 0.114, 0.23, 0.108, 0.85, 0.117, 0.22, 0.122, 0.897, 0.128, 0.229, 0.132, 0.953, 0.132, 0.288, 0.149, 0.444, 0.152, 0.285, 0.146, 1.092, 0.147, 0.294, 0.156, 1.208, 0.166, 0.317, 0.185, 1.303, 0.191]","[21.993386868209733, 21.754126632175414, 21.77777777777778, 21.500802568218297, 21.357089829250185, 21.147939502452797, 20.27457382182139, 20.08447313710471, 19.89639442282415, 19.9097356544165, 19.123809523809523, 18.86116600790514, 18.75028610666056, 18.56977696961534, 17.877342950774192, 17.470442126179833, 17.518481518481515, 17.41223829350593, 16.993066803680577, 16.874258600237248, 16.59614143297712, 16.54513930123744, 15.49758957654723, 15.191737089201876, 14.98829953198128, 14.78607710804517, 13.984043456119505, 13.773342555083492, 13.627241587749346, 13.609838437424644, 13.05264091927505, 12.877732793522267]","[2.5952196504487484, 7.874993840847499, 2.482666666666667, 4.945184590690209, 2.30656570155902, 17.975748577084875, 2.372125137153103, 4.418584090163036, 2.4273601195845464, 17.8590328820116, 2.447847619047619, 4.319207015810277, 2.4750377660791942, 17.69699745204342, 2.3598092695021937, 5.0314873323397915, 2.6102537462537456, 7.731033802316633, 2.5829461541594476, 4.809163701067615, 2.4230366492146596, 18.067292116951286, 2.2781456677524425, 4.466370704225351, 2.3381747269890796, 17.861581146518564, 2.321351213715838, 4.366149589961467, 2.521039693733629, 17.73361948396431, 2.4930544155815344]",194.19108052343745,9.936174735874149,c:\git\RailwAI\VIDEO\20260305\ADTC Rueschlikon_00_20260305082645.mp4,2026-03-05 08:26:45,DPZ x2,Lok
ADTC_8_adz_raw_20260305_0840,2026-03-05 08:37:04.954,2026-03-05 08:37:15.006,"[Timestamp('2026-03-05 08:37:15.006000'), Timestamp('2026-03-05 08:37:15.121000'), Timestamp('2026-03-05 08:37:15.896000'), Timestamp('2026-03-05 08:37:16.013000'), Timestamp('2026-03-05 08:37:16.238000'), Timestamp('2026-03-05 08:37:16.358000'), Timestamp('2026-03-05 08:37:17.156000'), Timestamp('2026-03-05 08:37:17.275000'), Timestamp('2026-03-05 08:37:17.507000'), Timestamp('2026-03-05 08:37:17.631000'), Timestamp('2026-03-05 08:37:18.463000'), Timestamp('2026-03-05 08:37:18.588000'), Timestamp('2026-03-05 08:37:18.827000'), Timestamp('2026-03-05 08:37:18.957000'), Timestamp('2026-03-05 08:37:19.823000'), Timestamp('2026-03-05 08:37:19.954000'), Timestamp('2026-03-05 08:37:20.212000'), Timestamp('2026-03-05 08:37:20.347000'), Timestamp('2026-03-05 08:37:21.258000'), Timestamp('2026-03-05 08:37:21.397000'), Timestamp('2026-03-05 08:37:21.669000'), Timestamp('2026-03-05 08:37:21.816000'), Timestamp('2026-03-05 08:37:22.787000'), Timestamp('2026-03-05 08:37:22.935000'), Timestamp('2026-03-05 08:37:23.219000'), Timestamp('2026-03-05 08:37:23.379000'), Timestamp('2026-03-05 08:37:24.431000'), Timestamp('2026-03-05 08:37:24.585000'), Timestamp('2026-03-05 08:37:24.892000'), Timestamp('2026-03-05 08:37:25.075000'), Timestamp('2026-03-05 08:37:26.214000'), Timestamp('2026-03-05 08:37:26.387000')]","[0.115, 0.775, 0.117, 0.225, 0.12, 0.798, 0.119, 0.232, 0.124, 0.832, 0.125, 0.239, 0.13, 0.866, 0.131, 0.258, 0.135, 0.911, 0.139, 0.272, 0.147, 0.971, 0.148, 0.284, 0.16, 1.052, 0.154, 0.307, 0.183, 1.139, 0.173]","[20.338983050847457, 20.404033103248885, 20.21133252960783, 20.168423282665113, 19.67741935483871, 19.67510541434979, 19.43351691581432, 19.49401325988719, 19.224786311079747, 19.14944394062336, 18.64253393665158, 18.679588128407026, 18.411297440423652, 18.357318357318356, 17.82854305046868, 17.79463604691913, 17.571641011213377, 17.313246428850206, 16.856905004162428, 16.931269596376843, 16.710296684118674, 16.41030436205526, 15.86815876901556, 15.847798372070214, 15.573015614063706, 15.41125541125541, 14.769824601237442, 14.560172941149414, 14.473863605377254, 14.13846954711088, 13.56809198706432, 13.390397634425337]","[2.3389830508474576, 15.813125655017886, 2.364725905964116, 4.537895238599651, 2.361290322580645, 15.700734120651134, 2.312588512981904, 4.5226110762938285, 2.3838735025738886, 15.932337358598636, 2.3303167420814477, 4.464421562689279, 2.393468667255075, 15.897437697437695, 2.3355391396113974, 4.5910161001051355, 2.372171536513806, 15.772367496682538, 2.343109795578578, 4.6053053302145015, 2.456413612565445, 15.934405535555657, 2.3484874978143027, 4.50077473766794, 2.491682498250193, 16.212640692640694, 2.274552988590566, 4.46997309293287, 2.6487170397840374, 16.10371681415929, 2.347279913762127]",197.1619632360017,9.716668051089146,c:\git\RailwAI\VIDEO\20260305\ADTC Rueschlikon_00_20260305083716.mp4,2026-03-05 08:37:16,DTZ x2,Trieb
ADTC_8_adz_raw_20260305_0900,2026-03-05 08:54:10.480,2026-03-05 08:54:20.537,"[Timestamp('2026-03-05 08:54:20.537000'), Timestamp('2026-03-05 08:54:20.654000'), Timestamp('2026-03-05 08:54:21.467000'), Timestamp('2026-03-05 08:54:21.588000'), Timestamp('2026-03-05 08:54:21.821000'), Timestamp('2026-03-05 08:54:21.944000'), Timestamp('2026-03-05 08:54:22.776000'), Timestamp('2026-03-05 08:54:22.903000'), Timestamp('2026-03-05 08:54:23.137000'), Timestamp('2026-03-05 08:54:23.273000'), Timestamp('2026-03-05 08:54:24.129000'), Timestamp('2026-03-05 08:54:24.260000'), Timestamp('2026-03-05 08:54:24.506000'), Timestamp('2026-03-05 08:54:24.642000'), Timestamp('2026-03-05 08:54:25.537000'), Timestamp('2026-03-05 08:54:25.677000')]","[0.117, 0.813, 0.121, 0.233, 0.123, 0.832, 0.127, 0.234, 0.136, 0.856, 0.131, 0.246, 0.136, 0.895, 0.14]","[19.79591836734694, 19.56004830256327, 19.43391509955865, 19.316599190283398, 19.150967413441954, 19.08236018665466, 18.9912651451113, 18.716935238674367, 18.60528005949363, 18.56529992974484, 18.183448785510066, 17.929812568447048, 17.750981779404682, 17.756808041438024, 17.253027611819796, 17.20982831294335]","[2.316122448979592, 15.902319269983938, 2.3515037270465964, 4.500767611336032, 2.35556899185336, 15.876523675296678, 2.411890673429135, 4.379762845849802, 2.530318088091134, 15.891896739861581, 2.3820317909018187, 4.410733891837974, 2.414133521999037, 15.892343197087031, 2.4154238656547715]",96.03134033920848,9.92258151292418,c:\git\RailwAI\VIDEO\20260305\ADTC Rueschlikon_00_20260305085421.mp4,2026-03-05 08:54:21,DTZ,Trieb
ADTC_8_adz_raw_20260305_0910,2026-03-05 09:09:04.618,2026-03-05 09:09:14.662,"[Timestamp('2026-03-05 09:09:14.662000'), Timestamp('2026-03-05 09:09:14.760000'), Timestamp('2026-03-05 09:09:15.440000'), Timestamp('2026-03-05 09:09:15.540000'), Timestamp('2026-03-05 09:09:15.741000'), Timestamp('2026-03-05 09:09:15.842000'), Timestamp('2026-03-05 09:09:16.531000'), Timestamp('2026-03-05 09:09:16.552000'), Timestamp('2026-03-05 09:09:16.639000'), Timestamp('2026-03-05 09:09:16.843000'), Timestamp('2026-03-05 09:09:16.948000'), Timestamp('2026-03-05 09:09:17.664000'), Timestamp('2026-03-05 09:09:17.768000'), Timestamp('2026-03-05 09:09:17.981000'), Timestamp('2026-03-05 09:09:18.091000'), Timestamp('2026-03-05 09:09:18.830000'), Timestamp('2026-03-05 09:09:18.945000'), Timestamp('2026-03-05 09:09:19.155000'), Timestamp('2026-03-05 09:09:19.273000'), Timestamp('2026-03-05 09:09:20.047000'), Timestamp('2026-03-05 09:09:20.165000'), Timestamp('2026-03-05 09:09:20.388000'), Timestamp('2026-03-05 09:09:20.513000'), Timestamp('2026-03-05 09:09:21.327000'), Timestamp('2026-03-05 09:09:21.451000'), Timestamp('2026-03-05 09:09:21.688000'), Timestamp('2026-03-05 09:09:21.820000'), Timestamp('2026-03-05 09:09:22.685000'), Timestamp('2026-03-05 09:09:22.816000'), Timestamp('2026-03-05 09:09:23.066000'), Timestamp('2026-03-05 09:09:23.208000'), Timestamp('2026-03-05 09:09:24.134000'), Timestamp('2026-03-05 09:09:24.274000'), Timestamp('2026-03-05 09:09:24.545000'), Timestamp('2026-03-05 09:09:24.700000'), Timestamp('2026-03-05 09:09:25.704000'), Timestamp('2026-03-05 09:09:25.859000'), Timestamp('2026-03-05 09:09:26.164000'), Timestamp('2026-03-05 09:09:26.336000'), Timestamp('2026-03-05 09:09:26.965000'), Timestamp('2026-03-05 09:09:27.443000'), Timestamp('2026-03-05 09:09:27.614000'), Timestamp('2026-03-05 09:09:27.949000'), Timestamp('2026-03-05 09:09:28.135000'), Timestamp('2026-03-05 09:09:29.381000'), Timestamp('2026-03-05 09:09:29.572000'), Timestamp('2026-03-05 09:09:29.952000'), Timestamp('2026-03-05 09:09:30.162000'), Timestamp('2026-03-05 09:09:31.585000'), Timestamp('2026-03-05 09:09:31.816000')]","[0.098, 0.68, 0.1, 0.201, 0.101, 0.689, 0.021, 0.087, 0.204, 0.105, 0.716, 0.104, 0.213, 0.11, 0.739, 0.115, 0.21, 0.118, 0.774, 0.118, 0.223, 0.125, 0.814, 0.124, 0.237, 0.132, 0.865, 0.131, 0.25, 0.142, 0.926, 0.14, 0.271, 0.155, 1.004, 0.155, 0.305, 0.172, 0.629, 0.478, 0.171, 0.335, 0.186, 1.246, 0.191, 0.38, 0.21, 1.423, 0.231]","[nan, nan, nan, nan, nan, nan, nan, nan, nan, nan, nan, nan, nan, nan, nan, nan, nan, nan, nan, nan, nan, nan, nan, nan, nan, nan, nan, nan, nan, nan, nan, nan, nan, nan, nan, nan, nan, nan, nan, nan, nan, nan, nan, nan, nan, nan, nan, nan, nan, nan]","[nan, nan, nan, nan, nan, nan, nan, nan, nan, nan, nan, nan, nan, nan, nan, nan, nan, nan, nan, nan, nan, nan, nan, nan, nan, nan, nan, nan, nan, nan, nan, nan, nan, nan, nan, nan, nan, nan, nan, nan, nan, nan, nan, nan, nan, nan, nan, nan, nan]",,9.933804308802456,c:\git\RailwAI\VIDEO\20260305\ADTC Rueschlikon_00_20260305090915.mp4,2026-03-05 09:09:15,DTZ x3,Trieb
ADTC_8_adz_raw_20260305_0930,2026-03-05 09:25:59.424,2026-03-05 09:26:09.516,"[Timestamp('2026-03-05 09:26:09.516000'), Timestamp('2026-03-05 09:26:09.654000'), Timestamp('2026-03-05 09:26:10.058000'), Timestamp('2026-03-05 09:26:10.195000'), Timestamp('2026-03-05 09:26:10.459000'), Timestamp('2026-03-05 09:26:10.584000'), Timestamp('2026-03-05 09:26:11.535000'), Timestamp('2026-03-05 09:26:11.663000'), Timestamp('2026-03-05 09:26:11.911000'), Timestamp('2026-03-05 09:26:12.052000'), Timestamp('2026-03-05 09:26:13.044000'), Timestamp('2026-03-05 09:26:13.178000'), Timestamp('2026-03-05 09:26:13.438000'), Timestamp('2026-03-05 09:26:13.587000'), Timestamp('2026-03-05 09:26:14.644000'), Timestamp('2026-03-05 09:26:14.793000')]","[0.138, 0.404, 0.137, 0.264, 0.125, 0.951, 0.128, 0.248, 0.141, 0.992, 0.134, 0.26, 0.149, 1.057, 0.149]","[19.1076747575892, 19.074829717208225, 18.846085676635816, 18.604930667187475, 18.741143666864744, 18.61317156671371, 18.25259984601538, 17.89563658348448, 17.877652933832707, 17.94089370062283, 17.162137982157923, 16.824219805043334, 16.727226365780584, 16.66757015594225, 15.780345883916558, 15.538903570689596]","[2.63685911654731, 7.706231205752124, 2.581913737699107, 4.911701696137493, 2.342642958358093, 17.70112615994474, 2.3363327802899687, 4.438117872704152, 2.5207490636704115, 17.79736655101785, 2.299726489609162, 4.374297149311267, 2.492356728501307, 17.61762165483096, 2.351271536703567]",94.10831470107748,9.959869707613676,c:\git\RailwAI\VIDEO\20260305\ADTC Rueschlikon_00_20260305092610.mp4,2026-03-05 09:26:10,DPZ,Lok
ADTC_8_adz_raw_20260305_0940,2026-03-05 09:30:51.110,2026-03-05 09:30:58.070,"[Timestamp('2026-03-05 09:30:58.070000'), Timestamp('2026-03-05 09:30:58.212000'), Timestamp('2026-03-05 09:30:59.152000'), Timestamp('2026-03-05 09:30:59.290000'), Timestamp('2026-03-05 09:30:59.561000'), Timestamp('2026-03-05 09:30:59.703000'), Timestamp('2026-03-05 09:31:00.654000'), Timestamp('2026-03-05 09:31:00.795000'), Timestamp('2026-03-05 09:31:01.061000'), Timestamp('2026-03-05 09:31:01.216000'), Timestamp('2026-03-05 09:31:02.176000'), Timestamp('2026-03-05 09:31:02.322000'), Timestamp('2026-03-05 09:31:02.597000'), Timestamp('2026-03-05 09:31:02.750000'), Timestamp('2026-03-05 09:31:03.725000'), Timestamp('2026-03-05 09:31:03.867000'), Timestamp('2026-03-05 09:31:04.152000'), Timestamp('2026-03-05 09:31:04.306000'), Timestamp('2026-03-05 09:31:05.294000'), Timestamp('2026-03-05 09:31:05.442000'), Timestamp('2026-03-05 09:31:05.728000'), Timestamp('2026-03-05 09:31:05.886000'), Timestamp('2026-03-05 09:31:06.891000'), Timestamp('2026-03-05 09:31:07.040000'), Timestamp('2026-03-05 09:31:07.330000'), Timestamp('2026-03-05 09:31:07.487000'), Timestamp('2026-03-05 09:31:08.492000'), Timestamp('2026-03-05 09:31:08.642000'), Timestamp('2026-03-05 09:31:08.935000'), Timestamp('2026-03-05 09:31:09.091000'), Timestamp('2026-03-05 09:31:10.101000'), Timestamp('2026-03-05 09:31:10.254000')]","[0.142, 0.94, 0.138, 0.271, 0.142, 0.951, 0.141, 0.266, 0.155, 0.96, 0.146, 0.275, 0.153, 0.975, 0.142, 0.285, 0.154, 0.988, 0.148, 0.286, 0.158, 1.005, 0.149, 0.29, 0.157, 1.005, 0.15, 0.293, 0.156, 1.01, 0.153]","[17.00685395797243, 16.857216857216855, 16.907749695351672, 16.695652173913043, 16.7979131201548, 16.539541399307886, 16.608847653623773, 16.382681930300215, 16.397689480133028, 16.415052977712826, 16.27123318366327, 16.189054301923814, 16.162349073181787, 16.21996500971794, 16.12419192887846, 15.86815876901556, 16.000711142717453, 15.976208474900108, 15.79054158246289, 15.623708882885744, 15.687321604511386, 15.681087222047395, 15.534021255593405, 15.46471178764037, 15.630000953824307, 15.451790847641984, 15.619047619047619, 15.387144501068551, 15.51147620576512, 15.485321205940203, 15.490681386978146, 15.335815468003174]","[2.414973262032085, 15.845783845783842, 2.333269457958531, 4.524521739130435, 2.3853036630619813, 15.729103870741799, 2.3418475191609516, 4.357793393459858, 2.5416418694206193, 15.758450858604313, 2.375600044814837, 4.45198993302905, 2.4728394081968132, 15.81446588447499, 2.289635253900741, 4.522425249169435, 2.4641095159784876, 15.784493973201307, 2.3370001542045076, 4.468380740505323, 2.478596813512799, 15.759492658157631, 2.3145691670834174, 4.484766418415707, 2.453910149750416, 15.529049801880193, 2.3428571428571425, 4.508433338813085, 2.419790288099359, 15.640174417999605, 2.3700742522076563]",195.51534408560696,6.8155671907102535,c:\git\RailwAI\VIDEO\20260305\ADTC Rueschlikon_00_20260305093059.mp4,2026-03-05 09:30:59,DTZ x2,Trieb
ADTC_8_adz_raw_20260305_1000,2026-03-05 09:52:55.299,2026-03-05 09:53:05.347,"[Timestamp('2026-03-05 09:53:05.347000'), Timestamp('2026-03-05 09:53:05.457000'), Timestamp('2026-03-05 09:53:06.205000'), Timestamp('2026-03-05 09:53:06.318000'), Timestamp('2026-03-05 09:53:06.531000'), Timestamp('2026-03-05 09:53:06.649000'), Timestamp('2026-03-05 09:53:07.421000'), Timestamp('2026-03-05 09:53:07.539000'), Timestamp('2026-03-05 09:53:07.760000'), Timestamp('2026-03-05 09:53:07.881000'), Timestamp('2026-03-05 09:53:08.683000'), Timestamp('2026-03-05 09:53:08.804000'), Timestamp('2026-03-05 09:53:09.039000'), Timestamp('2026-03-05 09:53:09.161000'), Timestamp('2026-03-05 09:53:09.996000'), Timestamp('2026-03-05 09:53:10.123000')]","[0.11, 0.748, 0.113, 0.213, 0.118, 0.772, 0.118, 0.221, 0.121, 0.802, 0.121, 0.235, 0.122, 0.835, 0.127]","[21.42899850523169, 21.268327150680093, 21.029598065184842, 20.805860805860803, 20.735211793245007, 20.633484162895925, 20.360757500787187, 20.16949152542373, 20.042539837511768, 20.056526745524966, 19.632640770852152, 19.376756690700233, 19.374389051808404, 19.223553182277385, 18.768346379647753, 18.499582289055976]","[2.3571898355754857, 15.90870870870871, 2.3763445813658874, 4.431648351648351, 2.4467549916029108, 15.929049773755654, 2.402569385092888, 4.457457627118645, 2.4251473203389238, 16.085334449911024, 2.3755495332731105, 4.553537822314555, 2.3636754643206253, 16.051666907201614, 2.3835799902152646]",96.54821474244363,9.926896101455153,c:\git\RailwAI\VIDEO\20260305\ADTC Rueschlikon_00_20260305095306.mp4,2026-03-05 09:53:06,DTZ,Trieb
ADTC_8_adz_raw_20260305_1010,2026-03-05 10:01:32.490,2026-03-05 10:01:42.535,"[Timestamp('2026-03-05 10:01:42.535000'), Timestamp('2026-03-05 10:01:42.629000'), Timestamp('2026-03-05 10:01:43.271000'), Timestamp('2026-03-05 10:01:43.369000'), Timestamp('2026-03-05 10:01:43.549000'), Timestamp('2026-03-05 10:01:43.646000'), Timestamp('2026-03-05 10:01:44.289000'), Timestamp('2026-03-05 10:01:44.386000'), Timestamp('2026-03-05 10:01:44.567000'), Timestamp('2026-03-05 10:01:44.665000'), Timestamp('2026-03-05 10:01:45.309000'), Timestamp('2026-03-05 10:01:45.408000'), Timestamp('2026-03-05 10:01:45.586000'), Timestamp('2026-03-05 10:01:45.679000'), Timestamp('2026-03-05 10:01:46.328000'), Timestamp('2026-03-05 10:01:46.423000')]","[0.094, 0.642, 0.098, 0.18, 0.097, 0.643, 0.097, 0.181, 0.098, 0.644, 0.099, 0.178, 0.093, 0.649, 0.095]","[25.10322951133474, 24.806367181240326, 25.000000000000007, 24.838666488151027, 24.9554367201426, 24.774234795812355, 25.082373165790067, 24.838666488151027, 24.948698563559788, 24.816806385892253, 24.84531940538369, 25.004239271252313, 24.939271255060735, 24.939271255060735, 24.96854580137181, 24.742268041237118]","[2.3597035740654655, 15.92568773035629, 2.4500000000000006, 4.470959967867184, 2.420677361853832, 15.929832973707345, 2.4329901970816366, 4.495798634355336, 2.4449724592288593, 15.982023312514611, 2.4596866211329855, 4.450754590282911, 2.3193522267206483, 16.18558704453442, 2.372011851130322]",96.70003854483186,9.936739226131298,c:\git\RailwAI\VIDEO\20260305\ADTC Rueschlikon_00_20260305100143.mp4,2026-03-05 10:01:43,DTZ,Trieb
ADTC_8_adz_raw_20260305_1030,2026-03-05 10:24:17.350,2026-03-05 10:24:27.431,"[Timestamp('2026-03-05 10:24:27.431000'), Timestamp('2026-03-05 10:24:27.540000'), Timestamp('2026-03-05 10:24:27.865000'), Timestamp('2026-03-05 10:24:27.977000'), Timestamp('2026-03-05 10:24:28.184000'), Timestamp('2026-03-05 10:24:28.288000'), Timestamp('2026-03-05 10:24:29.058000'), Timestamp('2026-03-05 10:24:29.161000'), Timestamp('2026-03-05 10:24:29.363000'), Timestamp('2026-03-05 10:24:29.468000'), Timestamp('2026-03-05 10:24:30.274000'), Timestamp('2026-03-05 10:24:30.387000'), Timestamp('2026-03-05 10:24:30.594000'), Timestamp('2026-03-05 10:24:30.713000'), Timestamp('2026-03-05 10:24:31.586000'), Timestamp('2026-03-05 10:24:31.705000')]","[0.109, 0.325, 0.112, 0.207, 0.104, 0.77, 0.103, 0.202, 0.105, 0.806, 0.113, 0.207, 0.119, 0.873, 0.119]","[23.943872219734292, 23.693532483657744, 23.309759547383315, 23.441966838193256, 23.191788575663324, 23.17827560898892, 22.620144539792847, 22.224127582954644, 22.207246237283783, 22.06483074552191, 21.102570668006507, 20.99265830529214, 20.735211793245007, 20.729559748427672, 19.6056366205284, 19.19478423445377]","[2.609882071951038, 7.700398057188767, 2.6106930693069312, 4.852487135506004, 2.4119460118689857, 17.847272218921468, 2.3298748875986632, 4.489273771756839, 2.3317608549147972, 17.78425358089066, 2.3845904854847353, 4.345480269195472, 2.4674902033961557, 18.096905660377356, 2.3330707578428798]",94.59537903620075,9.974810684385591,c:\git\RailwAI\VIDEO\20260305\ADTC Rueschlikon_00_20260305102428.mp4,2026-03-05 10:24:28,DPZ,Lok
ADTC_8_adz_raw_20260305_1040,2026-03-05 10:30:47.315,2026-03-05 10:30:49.872,"[Timestamp('2026-03-05 10:30:49.872000'), Timestamp('2026-03-05 10:30:49.991000'), Timestamp('2026-03-05 10:30:50.784000'), Timestamp('2026-03-05 10:30:50.900000'), Timestamp('2026-03-05 10:30:51.124000'), Timestamp('2026-03-05 10:30:51.246000'), Timestamp('2026-03-05 10:30:52.037000'), Timestamp('2026-03-05 10:30:52.158000'), Timestamp('2026-03-05 10:30:52.381000'), Timestamp('2026-03-05 10:30:52.504000'), Timestamp('2026-03-05 10:30:53.299000'), Timestamp('2026-03-05 10:30:53.416000'), Timestamp('2026-03-05 10:30:53.642000'), Timestamp('2026-03-05 10:30:53.761000'), Timestamp('2026-03-05 10:30:54.559000'), Timestamp('2026-03-05 10:30:54.679000')]","[0.119, 0.793, 0.116, 0.224, 0.122, 0.791, 0.121, 0.223, 0.123, 0.795, 0.117, 0.226, 0.119, 0.798, 0.12]","[20.14958902661416, 20.130121329347638, 20.12613998461707, 20.06902879112237, 20.03237766985221, 20.041797283176592, 20.043151356652494, 20.140745953553836, 19.922500645827952, 20.12079499964885, 20.10579225769099, 19.968863518422417, 20.064470477238775, 20.03237766985221, 20.07429095835336, 20.070607151595652]","[2.3978010941670846, 15.963186214172678, 2.33463223821558, 4.495462449211411, 2.4439500757219697, 15.853061650992686, 2.425221314154952, 4.491386347642505, 2.4504675794368382, 15.996032024720837, 2.3523776941498458, 4.512963155163466, 2.387671986791414, 15.985837380542064, 2.408914915002403]",96.49896612008574,2.424975166512983,c:\git\RailwAI\VIDEO\20260305\ADTC Rueschlikon_00_20260305103051.mp4,2026-03-05 10:30:51,DTZ,Trieb
ADTC_8_adz_raw_20260305_1100,2026-03-05 10:54:42.803,2026-03-05 10:54:52.844,"[Timestamp('2026-03-05 10:54:52.844000'), Timestamp('2026-03-05 10:54:52.954000'), Timestamp('2026-03-05 10:54:53.281000'), Timestamp('2026-03-05 10:54:53.390000'), Timestamp('2026-03-05 10:54:53.599000'), Timestamp('2026-03-05 10:54:53.700000'), Timestamp('2026-03-05 10:54:54.457000'), Timestamp('2026-03-05 10:54:54.561000'), Timestamp('2026-03-05 10:54:54.753000'), Timestamp('2026-03-05 10:54:54.860000'), Timestamp('2026-03-05 10:54:55.649000'), Timestamp('2026-03-05 10:54:55.751000'), Timestamp('2026-03-05 10:54:55.957000'), Timestamp('2026-03-05 10:54:56.068000'), Timestamp('2026-03-05 10:54:56.901000'), Timestamp('2026-03-05 10:54:57.011000')]","[0.11, 0.327, 0.109, 0.209, 0.101, 0.757, 0.104, 0.192, 0.107, 0.789, 0.102, 0.206, 0.111, 0.833, 0.11]","[23.881927039821775, 23.828529194382856, 23.793611793611795, 23.620560249860787, 23.596340248210886, 23.38892515876313, 23.024893019831595, 22.724471387111592, 22.80400830549788, 22.64604428619117, 22.050167717980635, 21.67042889390519, 21.748768472906406, 21.735477922344025, 21.03262591067469, 20.708507670850768]","[2.6270119743803955, 7.791929046563194, 2.5935036855036855, 4.936697092220904, 2.3832303650693, 17.70541634518369, 2.3945888740624857, 4.363098506325426, 2.440028888688273, 17.867728941804835, 2.249117107234025, 4.464108352144469, 2.414113300492611, 18.105653109312573, 2.3135888501742157]",94.64981443916008,9.933732239458458,c:\git\RailwAI\VIDEO\20260305\ADTC Rueschlikon_00_20260305105454.mp4,2026-03-05 10:54:54,DPZ,Lok
ADTC_8_adz_raw_20260305_1110,2026-03-05 11:07:16.310,2026-03-05 11:07:26.361,"[Timestamp('2026-03-05 11:07:26.361000'), Timestamp('2026-03-05 11:07:26.487000'), Timestamp('2026-03-05 11:07:27.334000'), Timestamp('2026-03-05 11:07:27.460000'), Timestamp('2026-03-05 11:07:27.710000'), Timestamp('2026-03-05 11:07:27.840000'), Timestamp('2026-03-05 11:07:28.726000'), Timestamp('2026-03-05 11:07:28.859000'), Timestamp('2026-03-05 11:07:29.118000'), Timestamp('2026-03-05 11:07:29.264000'), Timestamp('2026-03-05 11:07:30.196000'), Timestamp('2026-03-05 11:07:30.338000'), Timestamp('2026-03-05 11:07:30.613000'), Timestamp('2026-03-05 11:07:30.769000'), Timestamp('2026-03-05 11:07:31.771000'), Timestamp('2026-03-05 11:07:31.918000')]","[0.126, 0.847, 0.126, 0.25, 0.13, 0.886, 0.133, 0.259, 0.146, 0.932, 0.142, 0.275, 0.156, 1.002, 0.147]","[19.08616600790514, 19.085562511857333, 18.56977696961534, 18.641057834786842, 18.19946091644205, 18.19985336611032, 17.696228338430174, 17.77832649155838, 17.408230636697226, 17.188912612768576, 16.768674066525502, 16.78342196955804, 16.368393511250652, 16.134636080910454, 15.484233501824963, 15.712621047133041]","[2.4048569169960476, 16.165471447543162, 2.3397918981715327, 4.660264458696711, 2.3659299191374665, 16.125070082373746, 2.3535983690112134, 4.604586561313621, 2.541601672957795, 16.020066555100314, 2.3811517174466212, 4.615441041628462, 2.5534693877551016, 16.166905353072273, 2.2761823247682695]",97.57438770597234,9.916537622385926,c:\git\RailwAI\VIDEO\20260305\ADTC Rueschlikon_00_20260305110727.mp4,2026-03-05 11:07:27,DTZ,Trieb
ADTC_8_adz_raw_20260305_1130,2026-03-05 11:23:13.706,2026-03-05 11:23:23.782,"[Timestamp('2026-03-05 11:23:23.782000'), Timestamp('2026-03-05 11:23:23.919000'), Timestamp('2026-03-05 11:23:24.300000'), Timestamp('2026-03-05 11:23:24.429000'), Timestamp('2026-03-05 11:23:24.675000'), Timestamp('2026-03-05 11:23:24.796000'), Timestamp('2026-03-05 11:23:25.694000'), Timestamp('2026-03-05 11:23:25.820000'), Timestamp('2026-03-05 11:23:26.053000'), Timestamp('2026-03-05 11:23:26.182000'), Timestamp('2026-03-05 11:23:27.122000'), Timestamp('2026-03-05 11:23:27.252000'), Timestamp('2026-03-05 11:23:27.499000'), Timestamp('2026-03-05 11:23:27.639000'), Timestamp('2026-03-05 11:23:28.632000'), Timestamp('2026-03-05 11:23:28.767000')]","[0.137, 0.381, 0.129, 0.246, 0.121, 0.898, 0.126, 0.233, 0.129, 0.94, 0.13, 0.247, 0.14, 0.993, 0.135]","[20.127201522550354, 20.385516123221038, 19.992718572840275, 19.98024845366183, 19.93943629163755, 19.967050215989723, 19.08462048706529, 19.217295566009405, 19.0329476861167, 19.145462129789642, 18.170888793473594, 18.233125385172613, 18.016393904397056, 17.922538887148974, 17.06060606060606, 17.014542988471103]","[2.7574266085893986, 7.766881642947215, 2.5790606958963953, 4.91514111960081, 2.4126717912881435, 17.93041109395877, 2.4046621813702265, 4.477629866880192, 2.4552502515090544, 17.996734402002264, 2.3622155431515672, 4.503581970137636, 2.522295146615588, 17.79708111493893, 2.303181818181818]",95.184225247068,9.959459606549396,c:\git\RailwAI\VIDEO\20260305\ADTC Rueschlikon_00_20260305112324.mp4,2026-03-05 11:23:24,DPZ,Lok
ADTC_8_adz_raw_20260305_1140,2026-03-05 11:37:14.650,2026-03-05 11:37:24.696,"[Timestamp('2026-03-05 11:37:24.696000'), Timestamp('2026-03-05 11:37:24.811000'), Timestamp('2026-03-05 11:37:25.626000'), Timestamp('2026-03-05 11:37:25.747000'), Timestamp('2026-03-05 11:37:25.982000'), Timestamp('2026-03-05 11:37:26.103000'), Timestamp('2026-03-05 11:37:26.955000'), Timestamp('2026-03-05 11:37:27.081000'), Timestamp('2026-03-05 11:37:27.334000'), Timestamp('2026-03-05 11:37:27.466000'), Timestamp('2026-03-05 11:37:28.349000'), Timestamp('2026-03-05 11:37:28.484000'), Timestamp('2026-03-05 11:37:28.745000'), Timestamp('2026-03-05 11:37:28.887000'), Timestamp('2026-03-05 11:37:29.830000'), Timestamp('2026-03-05 11:37:29.975000')]","[0.115, 0.815, 0.121, 0.235, 0.121, 0.852, 0.126, 0.253, 0.132, 0.883, 0.135, 0.261, 0.142, 0.943, 0.145]","[19.554854902611538, 19.753170050170404, 19.2, 19.355546793383922, 18.991116502954647, 19.17091836734694, 18.550880494690148, 18.604721038102575, 17.9135030130863, 17.89563658348448, 17.423097066176545, 17.614738202973495, 17.281854182734996, 17.14307580453832, 16.4673275017433, 16.524019019686264]","[2.248808313800327, 16.098833590888876, 2.3232, 4.548553496445222, 2.297925096857512, 16.333622448979593, 2.337410942330959, 4.706994422639951, 2.3645823977273914, 15.801847103216797, 2.352118103933834, 4.597446670976082, 2.454023293948369, 16.165920483679635, 2.387762487752778]",97.01904885317734,9.912942633965235,c:\git\RailwAI\VIDEO\20260305\ADTC Rueschlikon_00_20260305113726.mp4,2026-03-05 11:37:26,DTZ,Trieb
ADTC_8_adz_raw_20260305_1200,2026-03-05 11:52:48.240,2026-03-05 11:52:58.293,"[Timestamp('2026-03-05 11:52:58.293000'), Timestamp('2026-03-05 11:52:58.420000'), Timestamp('2026-03-05 11:52:59.261000'), Timestamp('2026-03-05 11:52:59.385000'), Timestamp('2026-03-05 11:52:59.627000'), Timestamp('2026-03-05 11:52:59.759000'), Timestamp('2026-03-05 11:53:00.624000'), Timestamp('2026-03-05 11:53:00.753000'), Timestamp('2026-03-05 11:53:01.007000'), Timestamp('2026-03-05 11:53:01.141000'), Timestamp('2026-03-05 11:53:02.049000'), Timestamp('2026-03-05 11:53:02.185000'), Timestamp('2026-03-05 11:53:02.447000'), Timestamp('2026-03-05 11:53:02.594000'), Timestamp('2026-03-05 11:53:03.546000'), Timestamp('2026-03-05 11:53:03.688000')]","[0.127, 0.841, 0.124, 0.242, 0.132, 0.865, 0.129, 0.254, 0.134, 0.908, 0.136, 0.262, 0.147, 0.952, 0.142]","[18.89047117825522, 18.997807704353274, 18.908188585607938, 18.485488713443793, 18.542769781490044, 18.42061732887816, 18.047661076787293, 17.83690904197691, 17.826468916335074, 17.619356551962916, 17.140672782874617, 16.97151424287856, 16.89753608560229, 16.70668352011225, 16.224039737935172, 16.050375133976416]","[2.3990898396384126, 15.977156279361104, 2.344615384615384, 4.473488268653398, 2.4476456111566858, 15.933833989479607, 2.328148278905561, 4.530574896662135, 2.3887468347889, 15.998375749182328, 2.331131498470948, 4.446536731634183, 2.4839378045835367, 15.904762711146862, 2.3038136427867943]",96.29185752106584,9.921084531083787,c:\git\RailwAI\VIDEO\20260305\ADTC Rueschlikon_00_20260305115259.mp4,2026-03-05 11:52:59,DTZ,Trieb
ADTC_8_adz_raw_20260305_1210,2026-03-05 12:07:19.642,2026-03-05 12:07:29.694,"[Timestamp('2026-03-05 12:07:29.694000'), Timestamp('2026-03-05 12:07:29.814000'), Timestamp('2026-03-05 12:07:30.647000'), Timestamp('2026-03-05 12:07:30.776000'), Timestamp('2026-03-05 12:07:31.020000'), Timestamp('2026-03-05 12:07:31.152000'), Timestamp('2026-03-05 12:07:32.018000'), Timestamp('2026-03-05 12:07:32.151000'), Timestamp('2026-03-05 12:07:32.405000'), Timestamp('2026-03-05 12:07:32.542000'), Timestamp('2026-03-05 12:07:33.458000'), Timestamp('2026-03-05 12:07:33.598000'), Timestamp('2026-03-05 12:07:33.868000'), Timestamp('2026-03-05 12:07:34.016000'), Timestamp('2026-03-05 12:07:34.978000'), Timestamp('2026-03-05 12:07:35.124000')]","[0.12, 0.833, 0.129, 0.244, 0.132, 0.866, 0.133, 0.254, 0.137, 0.916, 0.14, 0.27, 0.148, 0.962, 0.146]","[19.416903897123788, 19.453067257945303, 18.84289115410397, 18.860583603520148, 18.40886025680625, 18.32167832167832, 17.92731153097734, 17.893771366630535, 17.67979785989249, 17.647297352094398, 17.06700379266751, 17.037037037037038, 16.72519554310447, 16.627876286680902, 16.148948812993403, 16.175518686335295]","[2.3300284676548544, 16.204405025868436, 2.430732958879412, 4.601982399258916, 2.429969553898425, 15.866573426573424, 2.3843324336199867, 4.545017927124156, 2.422132306805271, 16.16492437451847, 2.3893805309734515, 4.6000000000000005, 2.475328940379461, 15.996016987787026, 2.3577465266970368]",97.19857186003834,9.92184051823952,c:\git\RailwAI\VIDEO\20260305\ADTC Rueschlikon_00_20260305120731.mp4,2026-03-05 12:07:31,DTZ,Trieb
ADTC_8_adz_raw_20260305_1230,2026-03-05 12:24:45.779,2026-03-05 12:24:55.440,"[Timestamp('2026-03-05 12:24:55.440000'), Timestamp('2026-03-05 12:24:55.890000'), Timestamp('2026-03-05 12:24:56.014000'), Timestamp('2026-03-05 12:24:56.377000'), Timestamp('2026-03-05 12:24:56.497000'), Timestamp('2026-03-05 12:24:56.726000'), Timestamp('2026-03-05 12:24:56.845000'), Timestamp('2026-03-05 12:24:57.703000'), Timestamp('2026-03-05 12:24:57.818000'), Timestamp('2026-03-05 12:24:58.038000'), Timestamp('2026-03-05 12:24:58.162000'), Timestamp('2026-03-05 12:24:59.058000'), Timestamp('2026-03-05 12:24:59.185000'), Timestamp('2026-03-05 12:24:59.421000'), Timestamp('2026-03-05 12:24:59.550000'), Timestamp('2026-03-05 12:25:00.509000'), Timestamp('2026-03-05 12:25:00.639000')]","[0.45, 0.124, 0.363, 0.12, 0.229, 0.119, 0.858, 0.115, 0.22, 0.124, 0.896, 0.127, 0.236, 0.129, 0.959, 0.13]","[21.772737792177736, 21.458541458541458, 21.33596740338313, 20.93846329489668, 20.894278135657444, 21.02105843175774, 20.29924941772876, 20.311325818572193, 19.93823219862316, 19.938983401416827, 19.302116928150536, 18.94736842105263, 18.90027438882602, 18.859456333140542, 18.035181304375435, 17.766830870279144]","[9.79773200647998, 2.6608591408591407, 7.744956167428076, 2.5126155953876013, 4.784789693065555, 2.501505953379171, 17.416756000411276, 2.3358024691358024, 4.386411083697095, 2.4724339417756864, 17.29469676762288, 2.406315789473684, 4.46046475576294, 2.43286986697513, 17.29573887089604, 2.309688013136289]",102.81363611548636,9.997486278445136,c:\git\RailwAI\VIDEO\20260305\ADTC Rueschlikon_00_20260305122457.mp4,2026-03-05 12:24:57,DPZ,Lok
ADTC_8_adz_raw_20260305_1240,2026-03-05 12:30:59.658,2026-03-05 12:31:09.700,"[Timestamp('2026-03-05 12:31:09.700000'), Timestamp('2026-03-05 12:31:09.794000'), Timestamp('2026-03-05 12:31:10.403000'), Timestamp('2026-03-05 12:31:10.490000'), Timestamp('2026-03-05 12:31:10.661000'), Timestamp('2026-03-05 12:31:10.755000'), Timestamp('2026-03-05 12:31:11.365000'), Timestamp('2026-03-05 12:31:11.454000'), Timestamp('2026-03-05 12:31:11.622000'), Timestamp('2026-03-05 12:31:11.719000'), Timestamp('2026-03-05 12:31:12.326000'), Timestamp('2026-03-05 12:31:12.417000'), Timestamp('2026-03-05 12:31:12.585000'), Timestamp('2026-03-05 12:31:12.678000'), Timestamp('2026-03-05 12:31:13.288000'), Timestamp('2026-03-05 12:31:13.377000')]","[0.094, 0.609, 0.087, 0.171, 0.094, 0.61, 0.089, 0.168, 0.097, 0.607, 0.091, 0.168, 0.093, 0.61, 0.089]","[26.32112676056338, 26.431958309978636, 26.766076421248826, 26.249103514224238, 26.53573910188374, 26.438277396120206, 26.932174487045494, 26.544622425629296, 26.402321083172147, 26.80876846831451, 26.891493762928597, 26.70705696887267, 26.63878981675071, 26.559614122387927, 26.68309208500154, 26.431278222786993]","[2.4741859154929577, 16.097062610776987, 2.3286486486486475, 4.488596700932345, 2.4943594755770713, 16.127349211633327, 2.396963529347049, 4.459496567505722, 2.561025145067698, 16.27292246026691, 2.4471259324265024, 4.486785570770609, 2.477407452957816, 16.201364614656637, 2.374795195565137]",97.68808903162542,9.945211769968608,c:\git\RailwAI\VIDEO\20260305\ADTC Rueschlikon_00_20260305123111.mp4,2026-03-05 12:31:11,DTZ,Trieb
ADTC_8_adz_raw_20260305_1300,2026-03-05 12:54:09.686,2026-03-05 12:54:19.744,"[Timestamp('2026-03-05 12:54:19.744000'), Timestamp('2026-03-05 12:54:19.864000'), Timestamp('2026-03-05 12:54:20.693000'), Timestamp('2026-03-05 12:54:20.820000'), Timestamp('2026-03-05 12:54:21.063000'), Timestamp('2026-03-05 12:54:21.194000'), Timestamp('2026-03-05 12:54:22.047000'), Timestamp('2026-03-05 12:54:22.175000'), Timestamp('2026-03-05 12:54:22.420000'), Timestamp('2026-03-05 12:54:22.556000'), Timestamp('2026-03-05 12:54:23.447000'), Timestamp('2026-03-05 12:54:23.582000'), Timestamp('2026-03-05 12:54:23.844000'), Timestamp('2026-03-05 12:54:23.985000'), Timestamp('2026-03-05 12:54:24.928000'), Timestamp('2026-03-05 12:54:25.073000')]","[0.12, 0.829, 0.127, 0.243, 0.131, 0.853, 0.128, 0.245, 0.136, 0.891, 0.135, 0.262, 0.141, 0.943, 0.145]","[19.325362107514337, 19.20768307322929, 19.08616600790514, 18.735719725818736, 18.89237199582027, 18.773202963868307, 18.485488713443793, 18.173221577476895, 18.03976370450359, 18.06815890300464, 17.533194688849782, 17.249421761136542, 17.17440353319572, 16.994285821518716, 16.434408224233373, 16.0823632326223]","[2.3190434529017203, 15.923169267707081, 2.4239430830039526, 4.552779893373953, 2.4749007314524554, 16.013542128179665, 2.3661425553208058, 4.452439286481839, 2.453407863812488, 16.098729582577135, 2.366981282994721, 4.519348501417774, 2.4215908981805963, 16.02561152969215, 2.382989192513839]",96.79461924961016,9.928367697968604,c:\git\RailwAI\VIDEO\20260305\ADTC Rueschlikon_00_20260305125421.mp4,2026-03-05 12:54:21,DTZ,Trieb
ADTC_8_adz_raw_20260305_1310,2026-03-05 13:07:26.659,2026-03-05 13:07:36.712,"[Timestamp('2026-03-05 13:07:36.712000'), Timestamp('2026-03-05 13:07:36.834000'), Timestamp('2026-03-05 13:07:37.672000'), Timestamp('2026-03-05 13:07:37.796000'), Timestamp('2026-03-05 13:07:38.036000'), Timestamp('2026-03-05 13:07:38.165000'), Timestamp('2026-03-05 13:07:39.029000'), Timestamp('2026-03-05 13:07:39.162000'), Timestamp('2026-03-05 13:07:39.412000'), Timestamp('2026-03-05 13:07:39.550000'), Timestamp('2026-03-05 13:07:40.460000'), Timestamp('2026-03-05 13:07:40.599000'), Timestamp('2026-03-05 13:07:40.864000'), Timestamp('2026-03-05 13:07:41.012000'), Timestamp('2026-03-05 13:07:41.976000'), Timestamp('2026-03-05 13:07:42.124000')]","[0.122, 0.838, 0.124, 0.24, 0.129, 0.864, 0.133, 0.25, 0.138, 0.91, 0.139, 0.265, 0.148, 0.964, 0.148]","[19.104496526815204, 19.22016289360611, 18.60639820306426, 18.7140902872777, 18.497384512004515, 18.51510191935724, 17.882117882117882, 18.013539726741136, 17.664026000406256, 17.69586756641047, 16.961607257130552, 17.220409660418156, 16.710296684118674, 16.55349561784257, 15.974969889108856, 15.88272966626343]","[2.330748576271455, 16.106496504841918, 2.307193377179968, 4.491381668946648, 2.3861626020485827, 15.997048058324655, 2.3783216783216785, 4.503384931685284, 2.4376355880560636, 16.10323948543353, 2.3576634087411468, 4.563408560010812, 2.473123909249564, 15.957569775600238, 2.3642955435881103]",96.75767366829965,9.921037448576367,c:\git\RailwAI\VIDEO\20260305\ADTC Rueschlikon_00_20260305130738.mp4,2026-03-05 13:07:38,DTZ,Trieb
ADTC_8_adz_raw_20260305_1340,2026-03-05 13:25:10.816,2026-03-05 13:25:20.861,"[Timestamp('2026-03-05 13:25:20.861000'), Timestamp('2026-03-05 13:25:20.982000'), Timestamp('2026-03-05 13:25:21.335000'), Timestamp('2026-03-05 13:25:21.457000'), Timestamp('2026-03-05 13:25:21.683000'), Timestamp('2026-03-05 13:25:21.793000'), Timestamp('2026-03-05 13:25:22.621000'), Timestamp('2026-03-05 13:25:22.733000'), Timestamp('2026-03-05 13:25:22.945000'), Timestamp('2026-03-05 13:25:23.066000'), Timestamp('2026-03-05 13:25:23.922000'), Timestamp('2026-03-05 13:25:24.041000'), Timestamp('2026-03-05 13:25:24.261000'), Timestamp('2026-03-05 13:25:24.378000'), Timestamp('2026-03-05 13:25:25.280000'), Timestamp('2026-03-05 13:25:25.401000')]","[0.121, 0.353, 0.122, 0.226, 0.11, 0.828, 0.112, 0.212, 0.121, 0.856, 0.119, 0.22, 0.117, 0.902, 0.121]","[21.921921921921925, 21.879234351394704, 21.794118556541637, 21.675840978593275, 21.64932727217256, 21.61176613589401, 21.07779812975995, 20.879432624113477, 20.805860805860803, 20.894844424256192, 20.255418404547495, 20.08930916732335, 19.97300944669366, 19.818163244458066, 19.226173770097432, 19.076485910490174]","[2.6525525525525526, 7.72336972604233, 2.6588824638980797, 4.89874006116208, 2.3814259999389815, 17.894542360520237, 2.360713390533115, 4.426439716312057, 2.5175091575091573, 17.8859868271633, 2.4103947901411518, 4.419648016811137, 2.336842105263158, 17.875983246501175, 2.326367026181789]",94.7693974405303,0.4067744272497298,c:\git\RailwAI\VIDEO\20260305\ADTC Rueschlikon_00_20260305132522.mp4,2026-03-05 13:25:22,DPZ,Lok
ADTC_8_adz_raw_20260305_1400,2026-03-05 13:53:57.450,2026-03-05 13:54:07.488,"[Timestamp('2026-03-05 13:54:07.488000'), Timestamp('2026-03-05 13:54:07.614000'), Timestamp('2026-03-05 13:54:08.444000'), Timestamp('2026-03-05 13:54:08.572000'), Timestamp('2026-03-05 13:54:08.816000'), Timestamp('2026-03-05 13:54:08.947000'), Timestamp('2026-03-05 13:54:09.815000'), Timestamp('2026-03-05 13:54:09.946000'), Timestamp('2026-03-05 13:54:10.203000'), Timestamp('2026-03-05 13:54:10.340000'), Timestamp('2026-03-05 13:54:11.255000'), Timestamp('2026-03-05 13:54:11.398000'), Timestamp('2026-03-05 13:54:11.667000'), Timestamp('2026-03-05 13:54:11.816000'), Timestamp('2026-03-05 13:54:12.800000'), Timestamp('2026-03-05 13:54:12.951000')]","[0.126, 0.83, 0.128, 0.244, 0.131, 0.868, 0.131, 0.257, 0.137, 0.915, 0.143, 0.269, 0.149, 0.984, 0.151]","[19.287163141118512, 19.403914697999248, 18.791814171856956, 18.651546614873403, 18.685957192930122, 18.79580055633655, 18.05239160208734, 17.78547087142316, 17.71669291523081, 17.77992122819709, 16.80361321216738, 16.728277510175126, 16.428312895426444, 16.50001450831326, 15.528831712294002, 15.501230886673891]","[2.4301825557809327, 16.105249199339376, 2.4053522139976904, 4.55097737402911, 2.447860392273846, 16.314754882900125, 2.364863299873442, 4.570866013955753, 2.427186929386621, 16.268627923800338, 2.402916689339935, 4.499906650237109, 2.44781862141854, 16.23601427618025, 2.3448535885563944]",97.81743061106944,9.907114614726073,c:\git\RailwAI\VIDEO\20260305\ADTC Rueschlikon_00_20260305135409.mp4,2026-03-05 13:54:09,DTZ,Trieb
ADTC_8_adz_raw_20260305_1410,2026-03-05 14:07:13.382,2026-03-05 14:07:23.428,"[Timestamp('2026-03-05 14:07:23.428000'), Timestamp('2026-03-05 14:07:23.542000'), Timestamp('2026-03-05 14:07:24.285000'), Timestamp('2026-03-05 14:07:24.397000'), Timestamp('2026-03-05 14:07:24.610000'), Timestamp('2026-03-05 14:07:24.727000'), Timestamp('2026-03-05 14:07:25.477000'), Timestamp('2026-03-05 14:07:25.586000'), Timestamp('2026-03-05 14:07:25.804000'), Timestamp('2026-03-05 14:07:25.917000'), Timestamp('2026-03-05 14:07:26.684000'), Timestamp('2026-03-05 14:07:26.802000'), Timestamp('2026-03-05 14:07:27.021000'), Timestamp('2026-03-05 14:07:27.141000'), Timestamp('2026-03-05 14:07:27.937000'), Timestamp('2026-03-05 14:07:28.058000')]","[0.114, 0.743, 0.112, 0.213, 0.117, 0.75, 0.109, 0.218, 0.113, 0.767, 0.118, 0.219, 0.12, 0.796, 0.121]","[20.91513195367382, 21.10144927536232, 21.053036569647773, 21.239353891336272, 20.91513195367382, 20.962297614279993, 20.55910191503412, 20.964296612755568, 20.427011463030368, 20.736759601388425, 20.21133252960783, 20.382257482870536, 20.126582278481013, 20.21276595744681, 19.635925578905102, 19.75442459141333]","[2.3843250427188156, 15.678376811594203, 2.3579400958005508, 4.523982378854626, 2.4470704385798374, 15.721723210709996, 2.240942108738719, 4.570216661580714, 2.308252295322432, 15.905094614264922, 2.3849372384937237, 4.463714388748647, 2.4151898734177215, 16.08936170212766, 2.375946995047517]",95.86707385600008,9.928134597435967,c:\git\RailwAI\VIDEO\20260305\ADTC Rueschlikon_00_20260305140724.mp4,2026-03-05 14:07:24,DTZ,Trieb
ADTC_8_adz_raw_20260305_1430,2026-03-05 14:23:44.339,2026-03-05 14:23:54.094,"[Timestamp('2026-03-05 14:23:54.094000'), Timestamp('2026-03-05 14:23:54.485000'), Timestamp('2026-03-05 14:23:54.623000'), Timestamp('2026-03-05 14:23:55.016000'), Timestamp('2026-03-05 14:23:55.156000'), Timestamp('2026-03-05 14:23:55.411000'), Timestamp('2026-03-05 14:23:55.537000'), Timestamp('2026-03-05 14:23:56.480000'), Timestamp('2026-03-05 14:23:56.611000'), Timestamp('2026-03-05 14:23:56.855000'), Timestamp('2026-03-05 14:23:56.992000'), Timestamp('2026-03-05 14:23:57.992000'), Timestamp('2026-03-05 14:23:58.130000'), Timestamp('2026-03-05 14:23:58.386000'), Timestamp('2026-03-05 14:23:58.537000'), Timestamp('2026-03-05 14:23:59.604000'), Timestamp('2026-03-05 14:23:59.755000')]","[0.391, 0.138, 0.393, 0.14, 0.255, 0.126, 0.943, 0.131, 0.244, 0.137, 1.0, 0.138, 0.256, 0.151, 1.067, 0.151]","[19.59314240015994, 19.435189397199302, 19.302116928150536, 19.162363740676994, 19.145788594607488, 19.011353219095973, 18.415902770625195, 18.317145039834116, 18.020391272957795, 17.99549691728216, 17.26976238546358, 17.12993444593937, 17.000150443809236, 16.81366570029359, 16.163860913242267, 15.858857909256454]","[7.660918678462537, 2.682056136813504, 7.585731952763161, 2.6827309236947796, 4.88217609162491, 2.3954305056060927, 17.366196312699557, 2.3995460002182694, 4.396975470601702, 2.4653830776676564, 17.26976238546358, 2.3639309535396333, 4.352038513615165, 2.538863520744332, 17.2468395944295, 2.3946875442977245]",100.68326766224212,10.019992478077556,c:\git\RailwAI\VIDEO\20260305\ADTC Rueschlikon_00_20260305142356.mp4,2026-03-05 14:23:56,DPZ,Lok
ADTC_8_adz_raw_20260305_1440,2026-03-05 14:30:47.498,2026-03-05 14:30:57.561,"[Timestamp('2026-03-05 14:30:57.561000'), Timestamp('2026-03-05 14:30:57.659000'), Timestamp('2026-03-05 14:30:58.300000'), Timestamp('2026-03-05 14:30:58.395000'), Timestamp('2026-03-05 14:30:58.577000'), Timestamp('2026-03-05 14:30:58.675000'), Timestamp('2026-03-05 14:30:59.317000'), Timestamp('2026-03-05 14:30:59.413000'), Timestamp('2026-03-05 14:30:59.596000'), Timestamp('2026-03-05 14:30:59.696000'), Timestamp('2026-03-05 14:31:00.337000'), Timestamp('2026-03-05 14:31:00.433000'), Timestamp('2026-03-05 14:31:00.612000'), Timestamp('2026-03-05 14:31:00.710000'), Timestamp('2026-03-05 14:31:01.352000'), Timestamp('2026-03-05 14:31:01.450000')]","[0.098, 0.641, 0.095, 0.182, 0.098, 0.642, 0.096, 0.183, 0.1, 0.641, 0.096, 0.179, 0.098, 0.642, 0.098]","[24.647023927229583, 24.67239399817887, 24.69498283968496, 24.476115001364114, 24.691880454906116, 24.483430799220276, 24.715378192469288, 24.388105124700182, 24.63498246468262, 24.732095490716183, 24.736032259776096, 24.598425196850393, 24.63498246468262, 24.575577626901143, 24.6471455656204, 24.52107279693487]","[2.4154083448684993, 15.815004552832656, 2.346023369770071, 4.454652930248269, 2.4198042845807994, 15.718362573099418, 2.3726763064770515, 4.463023237820133, 2.463498246468262, 15.853273209549075, 2.374659096938505, 4.40311811023622, 2.4142282815388967, 15.777520836470535, 2.4154202654307992]",95.70667364632918,9.961223968694144,c:\git\RailwAI\VIDEO\20260305\ADTC Rueschlikon_00_20260305143059.mp4,2026-03-05 14:30:59,DTZ,Trieb
ADTC_8_adz_raw_20260305_1500,2026-03-05 14:54:27.523,2026-03-05 14:54:37.559,"[Timestamp('2026-03-05 14:54:37.559000'), Timestamp('2026-03-05 14:54:37.667000'), Timestamp('2026-03-05 14:54:38.398000'), Timestamp('2026-03-05 14:54:38.511000'), Timestamp('2026-03-05 14:54:38.724000'), Timestamp('2026-03-05 14:54:38.841000'), Timestamp('2026-03-05 14:54:39.620000'), Timestamp('2026-03-05 14:54:39.742000'), Timestamp('2026-03-05 14:54:39.971000'), Timestamp('2026-03-05 14:54:40.097000'), Timestamp('2026-03-05 14:54:40.934000'), Timestamp('2026-03-05 14:54:41.064000'), Timestamp('2026-03-05 14:54:41.311000'), Timestamp('2026-03-05 14:54:41.446000'), Timestamp('2026-03-05 14:54:42.355000'), Timestamp('2026-03-05 14:54:42.493000')]","[0.108, 0.731, 0.113, 0.213, 0.117, 0.779, 0.122, 0.229, 0.126, 0.837, 0.13, 0.247, 0.135, 0.909, 0.138]","[22.129332094011417, 21.949307551607003, 21.149068322981368, 20.905368516833484, 20.67795038256434, 20.663892347786636, 19.615307553596473, 19.480631737525158, 19.283406541547173, 19.248554913294797, 18.291089626339165, 18.018931710615277, 17.83075681380766, 17.714285714285715, 16.81885125184094, 16.421052631578945]","[2.389967866153233, 16.04494382022472, 2.3898447204968947, 4.452843494085532, 2.419320194760028, 16.09717213892579, 2.39306752153877, 4.461064667893261, 2.429709224234944, 16.111040462427745, 2.3778416514240917, 4.4506761325219735, 2.4071521698640344, 16.102285714285717, 2.32100147275405]",96.84793125159078,9.922066354932086,c:\git\RailwAI\VIDEO\20260305\ADTC Rueschlikon_00_20260305145439.mp4,2026-03-05 14:54:39,DTZ,Trieb
ADTC_8_adz_raw_20260305_1510,2026-03-05 15:07:08.166,2026-03-05 15:07:18.213,"[Timestamp('2026-03-05 15:07:18.213000'), Timestamp('2026-03-05 15:07:18.326000'), Timestamp('2026-03-05 15:07:19.104000'), Timestamp('2026-03-05 15:07:19.220000'), Timestamp('2026-03-05 15:07:19.447000'), Timestamp('2026-03-05 15:07:19.568000'), Timestamp('2026-03-05 15:07:20.384000'), Timestamp('2026-03-05 15:07:20.507000'), Timestamp('2026-03-05 15:07:20.745000'), Timestamp('2026-03-05 15:07:20.878000'), Timestamp('2026-03-05 15:07:21.740000'), Timestamp('2026-03-05 15:07:21.870000'), Timestamp('2026-03-05 15:07:22.125000'), Timestamp('2026-03-05 15:07:22.267000'), Timestamp('2026-03-05 15:07:23.190000'), Timestamp('2026-03-05 15:07:23.332000')]","[0.113, 0.778, 0.116, 0.227, 0.121, 0.816, 0.123, 0.238, 0.133, 0.862, 0.13, 0.255, 0.142, 0.923, 0.142]","[20.91542978113415, 20.91513195367382, 20.168868370062714, 20.21061589192639, 20.062893081761004, 19.633215532924858, 19.22016289360611, 19.067455621301775, 18.751144479033144, 18.60528005949363, 17.97979797979798, 17.96198410753667, 17.64711845506615, 17.375921375921376, 16.77072081143924, 16.652825419750855]","[2.363443565268159, 16.271972659958234, 2.339588730927275, 4.587809807467291, 2.4276100628930815, 16.020703874866683, 2.364080035913551, 4.538054437869822, 2.493902215711408, 16.03775141128351, 2.3373737373737375, 4.58030594742185, 2.505890820619393, 16.03797542997543, 2.381442355224372]",97.2879050927738,9.92400403728552,c:\git\RailwAI\VIDEO\20260305\ADTC Rueschlikon_00_20260305150719.mp4,2026-03-05 15:07:19,DTZ,Trieb
ADTC_8_adz_raw_20260305_1530,2026-03-05 15:24:04.851,2026-03-05 15:24:14.573,"[Timestamp('2026-03-05 15:24:14.573000'), Timestamp('2026-03-05 15:24:14.958000'), Timestamp('2026-03-05 15:24:15.095000'), Timestamp('2026-03-05 15:24:15.493000'), Timestamp('2026-03-05 15:24:15.626000'), Timestamp('2026-03-05 15:24:15.882000'), Timestamp('2026-03-05 15:24:16.013000'), Timestamp('2026-03-05 15:24:16.948000'), Timestamp('2026-03-05 15:24:17.073000'), Timestamp('2026-03-05 15:24:17.314000'), Timestamp('2026-03-05 15:24:17.450000'), Timestamp('2026-03-05 15:24:18.423000'), Timestamp('2026-03-05 15:24:18.552000'), Timestamp('2026-03-05 15:24:18.806000'), Timestamp('2026-03-05 15:24:18.946000'), Timestamp('2026-03-05 15:24:19.958000'), Timestamp('2026-03-05 15:24:20.095000')]","[0.385, 0.137, 0.398, 0.133, 0.256, 0.131, 0.935, 0.125, 0.241, 0.136, 0.973, 0.129, 0.254, 0.14, 1.012, 0.137]","[19.69249413012194, 19.602847508430123, 19.492405877405627, 19.31871095220935, 19.458660204542653, 19.21627912557291, 18.44395721214537, 18.781411359724615, 18.58041329739443, 18.622556390977444, 17.895014801328642, 17.700197801749628, 17.68819667124752, 17.60931846611161, 17.24458204334365, 16.83326116797332]","[7.581610240096947, 2.685590108654927, 7.75797753920744, 2.569388556643844, 4.981417012362919, 2.5173325654500514, 17.24509999335592, 2.347676419965577, 4.477879604672057, 2.5326676691729326, 17.41184940169277, 2.2833255164257023, 4.49280195449687, 2.4653045852556255, 17.451517027863776, 2.306156780012345]",101.1075949753297,9.983338016630322,c:\git\RailwAI\VIDEO\20260305\ADTC Rueschlikon_00_20260305152416.mp4,2026-03-05 15:24:16,DPZ,Lok
ADTC_8_adz_raw_20260305_1540,2026-03-05 15:37:30.022,2026-03-05 15:37:40.058,"[Timestamp('2026-03-05 15:37:40.058000'), Timestamp('2026-03-05 15:37:40.154000'), Timestamp('2026-03-05 15:37:40.775000'), Timestamp('2026-03-05 15:37:40.871000'), Timestamp('2026-03-05 15:37:41.046000'), Timestamp('2026-03-05 15:37:41.143000'), Timestamp('2026-03-05 15:37:41.783000'), Timestamp('2026-03-05 15:37:41.885000'), Timestamp('2026-03-05 15:37:42.063000'), Timestamp('2026-03-05 15:37:42.166000'), Timestamp('2026-03-05 15:37:42.834000'), Timestamp('2026-03-05 15:37:42.936000'), Timestamp('2026-03-05 15:37:43.131000'), Timestamp('2026-03-05 15:37:43.237000'), Timestamp('2026-03-05 15:37:43.946000'), Timestamp('2026-03-05 15:37:44.053000'), Timestamp('2026-03-05 15:37:44.261000'), Timestamp('2026-03-05 15:37:44.370000'), Timestamp('2026-03-05 15:37:45.118000'), Timestamp('2026-03-05 15:37:45.239000'), Timestamp('2026-03-05 15:37:45.453000'), Timestamp('2026-03-05 15:37:45.464000'), Timestamp('2026-03-05 15:37:45.578000'), Timestamp('2026-03-05 15:37:46.388000'), Timestamp('2026-03-05 15:37:46.519000'), Timestamp('2026-03-05 15:37:46.752000'), Timestamp('2026-03-05 15:37:46.885000'), Timestamp('2026-03-05 15:37:47.764000'), Timestamp('2026-03-05 15:37:47.904000'), Timestamp('2026-03-05 15:37:48.168000'), Timestamp('2026-03-05 15:37:48.321000'), Timestamp('2026-03-05 15:37:49.295000'), Timestamp('2026-03-05 15:37:49.441000')]","[0.096, 0.621, 0.096, 0.175, 0.097, 0.64, 0.102, 0.178, 0.103, 0.668, 0.102, 0.195, 0.106, 0.709, 0.107, 0.208, 0.109, 0.748, 0.121, 0.214, 0.011, 0.114, 0.81, 0.131, 0.233, 0.133, 0.879, 0.14, 0.264, 0.153, 0.974, 0.146]","[25.46419098143236, 25.531914893617028, 25.130890052356026, 25.26315789473685, 24.935064935064933, 25.130890052356026, 24.365482233502544, 24.87046632124353, 24.242424242424246, 24.000000000000004, 23.132530120481924, 23.587223587223583, 23.132530120481924, 23.30097087378641, 22.32558139534884, 22.32558139534884, 22.018348623853214, 21.967963386727686, 20.869565217391305, 20.600858369098713, 20.77922077922078, 20.168067226890756, 19.315895372233395, 19.085487077534793, 18.75, 18.677042801556418, 17.2972972972973, 17.91044776119403, 16.991150442477878, 17.17352415026834, 16.10738255033557, 15.92039800995025]","[2.4445623342175065, 15.855319148936175, 2.4125654450261784, 4.421052631578949, 2.4187012987012984, 16.083769633507856, 2.4852791878172593, 4.426943005181348, 2.496969696969697, 16.032000000000004, 2.359518072289156, 4.5995085995085985, 2.452048192771084, 16.520388349514565, 2.388837209302326, 4.643720930232559, 2.4000000000000004, 16.43203661327231, 2.5252173913043476, 4.4085836909871245, 0.22857142857142856, 2.299159663865546, 15.645875251509052, 2.5001988071570582, 4.36875, 2.4840466926070035, 15.204324324324325, 2.5074626865671643, 4.48566371681416, 2.627549194991056, 15.688590604026844, 2.324378109452736]",198.17159191100475,9.938931720676935,c:\git\RailwAI\VIDEO\20260305\ADTC Rueschlikon_00_20260305153741.mp4,2026-03-05 15:37:41,DTZ x2,Trieb
ADTC_8_adz_raw_20260305_1600,2026-03-05 15:52:44.858,2026-03-05 15:52:54.897,"[Timestamp('2026-03-05 15:52:54.897000'), Timestamp('2026-03-05 15:52:55.008000'), Timestamp('2026-03-05 15:52:55.766000'), Timestamp('2026-03-05 15:52:55.881000'), Timestamp('2026-03-05 15:52:56.099000'), Timestamp('2026-03-05 15:52:56.218000'), Timestamp('2026-03-05 15:52:57.015000'), Timestamp('2026-03-05 15:52:57.136000'), Timestamp('2026-03-05 15:52:57.366000'), Timestamp('2026-03-05 15:52:57.499000'), Timestamp('2026-03-05 15:52:58.335000'), Timestamp('2026-03-05 15:52:58.465000'), Timestamp('2026-03-05 15:52:58.713000'), Timestamp('2026-03-05 15:52:58.845000'), Timestamp('2026-03-05 15:52:59.741000'), Timestamp('2026-03-05 15:52:59.880000')]","[0.111, 0.758, 0.115, 0.218, 0.119, 0.797, 0.121, 0.23, 0.133, 0.836, 0.13, 0.248, 0.132, 0.896, 0.139]","[21.333333333333336, 21.33596740338313, 20.692057917694438, 20.667408231368185, 20.382992534891272, 20.361673414304992, 19.693985759733373, 19.435189397199302, 19.257792693821372, 19.368143601508255, 18.550741954997275, 18.3039609143256, 18.15247046723899, 18.10618827193413, 17.47113645847823, 17.13063189262155]","[2.3680000000000003, 16.17266329176441, 2.3795866605348603, 4.505494994438265, 2.4255761116520613, 16.22825371120108, 2.382972276927738, 4.4700935613558395, 2.5612864282782426, 16.1917680508609, 2.4115964541496457, 4.539382306752749, 2.396126101675547, 16.22314469165298, 2.4284879677284743]",97.6844326089728,9.917388078159783,c:\git\RailwAI\VIDEO\20260305\ADTC Rueschlikon_00_20260305155256.mp4,2026-03-05 15:52:56,DTZ,Trieb
ADTC_8_adz_raw_20260305_1610,2026-03-05 16:07:38.394,2026-03-05 16:07:48.444,"[Timestamp('2026-03-05 16:07:48.444000'), Timestamp('2026-03-05 16:07:48.564000'), Timestamp('2026-03-05 16:07:49.367000'), Timestamp('2026-03-05 16:07:49.488000'), Timestamp('2026-03-05 16:07:49.721000'), Timestamp('2026-03-05 16:07:49.851000'), Timestamp('2026-03-05 16:07:50.682000'), Timestamp('2026-03-05 16:07:50.809000'), Timestamp('2026-03-05 16:07:51.043000'), Timestamp('2026-03-05 16:07:51.175000'), Timestamp('2026-03-05 16:07:52.030000'), Timestamp('2026-03-05 16:07:52.164000'), Timestamp('2026-03-05 16:07:52.405000'), Timestamp('2026-03-05 16:07:52.538000'), Timestamp('2026-03-05 16:07:53.405000'), Timestamp('2026-03-05 16:07:53.540000'), Timestamp('2026-03-05 16:07:53.792000'), Timestamp('2026-03-05 16:07:53.932000'), Timestamp('2026-03-05 16:07:54.828000'), Timestamp('2026-03-05 16:07:54.962000'), Timestamp('2026-03-05 16:07:55.223000'), Timestamp('2026-03-05 16:07:55.363000'), Timestamp('2026-03-05 16:07:56.283000'), Timestamp('2026-03-05 16:07:56.426000'), Timestamp('2026-03-05 16:07:56.683000'), Timestamp('2026-03-05 16:07:56.833000'), Timestamp('2026-03-05 16:07:57.775000'), Timestamp('2026-03-05 16:07:57.920000'), Timestamp('2026-03-05 16:07:58.193000'), Timestamp('2026-03-05 16:07:58.347000'), Timestamp('2026-03-05 16:07:59.343000'), Timestamp('2026-03-05 16:07:59.493000'), Timestamp('2026-03-05 16:07:59.782000'), Timestamp('2026-03-05 16:07:59.943000'), Timestamp('2026-03-05 16:08:01'), Timestamp('2026-03-05 16:08:01.162000'), Timestamp('2026-03-05 16:08:01.480000'), Timestamp('2026-03-05 16:08:01.651000'), Timestamp('2026-03-05 16:08:02.795000'), Timestamp('2026-03-05 16:08:02.964000'), Timestamp('2026-03-05 16:08:03.302000'), Timestamp('2026-03-05 16:08:03.499000'), Timestamp('2026-03-05 16:08:04.739000'), Timestamp('2026-03-05 16:08:04.936000'), Timestamp('2026-03-05 16:08:05.312000'), Timestamp('2026-03-05 16:08:05.517000'), Timestamp('2026-03-05 16:08:06.925000'), Timestamp('2026-03-05 16:08:07.143000')]","[0.12, 0.803, 0.121, 0.233, 0.13, 0.831, 0.127, 0.234, 0.132, 0.855, 0.134, 0.241, 0.133, 0.867, 0.135, 0.252, 0.14, 0.896, 0.134, 0.261, 0.14, 0.92, 0.143, 0.257, 0.15, 0.942, 0.145, 0.273, 0.154, 0.996, 0.15, 0.289, 0.161, 1.057, 0.162, 0.318, 0.171, 1.144, 0.169, 0.338, 0.197, 1.24, 0.197, 0.376, 0.205, 1.408, 0.218]","[20.043937650381842, 19.877139660397898, 19.356805736795245, 19.298841099743008, 19.02965722099109, 18.805544043836626, 18.40845412226708, 18.58958497356878, 18.392492081377384, 18.44518272425249, 18.15393524724656, 18.13886767676047, 18.065685677463215, 18.043456776179248, 17.571641011213377, 17.617585259414902, 17.42567994939911, 17.374399858617004, 17.15210046230271, 17.22584133686948, 17.02561199943399, 16.979113888419747, 16.653226291780506, 16.82752523392028, 16.610786473800168, 16.596736596736598, 16.20309704766354, 16.32823076122045, 16.045038705137227, 16.00360081018229, 15.473654679398594, 15.375855966761561, 15.364759387867984, 15.124449208050493, 14.4642614023145, 14.470575406201156, 14.046625136471647, 14.046625136471647, 13.355597822827033, 13.410437103457964, 13.214546915203623, 12.891131939437635, 12.216133079694014, 12.056726405782385, 11.781702604110231, 11.75803504729675, 10.771483343144801, 10.810824520666596]","[2.405272518045821, 15.961343147299512, 2.3421734941522248, 4.496629976240121, 2.473855438728842, 15.627407100428236, 2.3378736735279193, 4.3499628838150945, 2.4278089547418147, 15.770631229235878, 2.4326273231310394, 4.371467110099273, 2.402736195102608, 15.643677024947408, 2.372171536513806, 4.439631485372555, 2.439595192915876, 15.567462273320835, 2.298381461948563, 4.495944588922934, 2.383585679920759, 15.620784777346168, 2.3814113597246123, 4.324673985117512, 2.491617971070025, 15.634125874125875, 2.3494490719112133, 4.457606997813183, 2.4709359605911327, 15.939586406941562, 2.321048201909789, 4.443622374394091, 2.4737262614467457, 15.98654281290937, 2.3432103471749492, 4.6016429791719675, 2.401972898336652, 16.06933915612356, 2.2570960320577687, 4.5327277409687925, 2.6032657422951138, 15.985003604902667, 2.406578216699721, 4.533329128574176, 2.4152490338425974, 16.55531334659382, 2.3481833688055667]",296.98828193925976,9.921168853782468,c:\git\RailwAI\VIDEO\20260305\ADTC Rueschlikon_00_20260305160749.mp4,2026-03-05 16:07:49,DTZ x3,Trieb
ADTC_8_adz_raw_20260305_1630,2026-03-05 16:23:48.294,2026-03-05 16:23:58.396,"[Timestamp('2026-03-05 16:23:58.396000'), Timestamp('2026-03-05 16:23:58.513000'), Timestamp('2026-03-05 16:23:58.883000'), Timestamp('2026-03-05 16:23:58.998000'), Timestamp('2026-03-05 16:23:59.227000'), Timestamp('2026-03-05 16:23:59.345000'), Timestamp('2026-03-05 16:24:00.187000'), Timestamp('2026-03-05 16:24:00.302000'), Timestamp('2026-03-05 16:24:00.521000'), Timestamp('2026-03-05 16:24:00.643000'), Timestamp('2026-03-05 16:24:01.532000'), Timestamp('2026-03-05 16:24:01.651000'), Timestamp('2026-03-05 16:24:01.878000'), Timestamp('2026-03-05 16:24:02.009000'), Timestamp('2026-03-05 16:24:02.948000'), Timestamp('2026-03-05 16:24:03.079000'), Timestamp('2026-03-05 16:24:03.359000'), Timestamp('2026-03-05 16:24:03.509000'), Timestamp('2026-03-05 16:24:03.940000'), Timestamp('2026-03-05 16:24:04.090000'), Timestamp('2026-03-05 16:24:04.378000'), Timestamp('2026-03-05 16:24:04.525000'), Timestamp('2026-03-05 16:24:05.586000'), Timestamp('2026-03-05 16:24:05.733000'), Timestamp('2026-03-05 16:24:06.017000'), Timestamp('2026-03-05 16:24:06.174000'), Timestamp('2026-03-05 16:24:07.305000'), Timestamp('2026-03-05 16:24:07.459000'), Timestamp('2026-03-05 16:24:07.758000'), Timestamp('2026-03-05 16:24:07.928000'), Timestamp('2026-03-05 16:24:09.156000'), Timestamp('2026-03-05 16:24:09.321000')]","[0.117, 0.37, 0.115, 0.229, 0.118, 0.842, 0.115, 0.219, 0.122, 0.889, 0.119, 0.227, 0.131, 0.939, 0.131, 0.28, 0.15, 0.431, 0.15, 0.288, 0.147, 1.061, 0.147, 0.284, 0.157, 1.131, 0.154, 0.299, 0.17, 1.228, 0.165]","[21.744751585298282, 21.383498035480415, 21.54906584436786, 21.28864762803871, 21.19463505926388, 21.129502464914914, 20.601237842617152, 20.472433784244622, 20.21276595744681, 20.22809842566839, 19.557126675711665, 19.33772040148976, 19.085562511857333, 19.11282270717444, 18.272037784232907, 18.04919423240034, 17.788087060058814, 17.883296504306742, 17.144825298822568, 16.97645910989918, 16.918519070599416, 16.8179646440516, 16.09389228019291, 15.87054358251289, 15.828793266564446, 15.788066593753797, 15.035469343302035, 14.793252050858927, 14.701688555347094, 14.55132941981026, 13.967544505675903, 13.617774203277369]","[2.544135935479899, 7.9118942731277535, 2.478142572102304, 4.8751003068208645, 2.5009669369931378, 17.791041075458356, 2.3691423519009724, 4.483462998749572, 2.4659574468085106, 17.9827795004192, 2.327298074409688, 4.389662531138176, 2.5002086890533106, 17.9469405220368, 2.393636949734511, 5.053774385072096, 2.668213059008822, 7.707700793356206, 2.571723794823385, 4.889220223650964, 2.487022303378114, 17.843860487338745, 2.3658021651883576, 4.507234377433661, 2.485120542850618, 17.856303317535545, 2.3154622788685133, 4.423182363206819, 2.499287054409006, 17.869032527527, 2.3046448434365243]",194.80795468131743,9.985189904600032,c:\git\RailwAI\VIDEO\20260305\ADTC Rueschlikon_00_20260305162359.mp4,2026-03-05 16:23:59,DPZ x2,Lok
ADTC_8_adz_raw_20260305_1640,2026-03-05 16:33:03.110,2026-03-05 16:33:13.165,"[Timestamp('2026-03-05 16:33:13.165000'), Timestamp('2026-03-05 16:33:13.323000'), Timestamp('2026-03-05 16:33:13.809000'), Timestamp('2026-03-05 16:33:13.970000')]","[0.158, 0.486, 0.161]","[16.169360898524673, 16.248306752085597, 16.231884057971016, 16.148034971564382]","[2.5547590219668983, 7.8966770815136, 2.6133333333333337]",13.064769436813831,9.907591797325198,c:\git\RailwAI\VIDEO\20260305\ADTC Rueschlikon_00_20260305163314.mp4,2026-03-05 16:33:14,Lok,Lok
ADTC_8_adz_raw_20260305_1700,2026-03-05 16:53:54.752,2026-03-05 16:54:04.794,"[Timestamp('2026-03-05 16:54:04.794000'), Timestamp('2026-03-05 16:54:04.908000'), Timestamp('2026-03-05 16:54:05.702000'), Timestamp('2026-03-05 16:54:05.821000'), Timestamp('2026-03-05 16:54:06.046000'), Timestamp('2026-03-05 16:54:06.168000'), Timestamp('2026-03-05 16:54:06.986000'), Timestamp('2026-03-05 16:54:07.111000'), Timestamp('2026-03-05 16:54:07.348000'), Timestamp('2026-03-05 16:54:07.482000'), Timestamp('2026-03-05 16:54:08.330000'), Timestamp('2026-03-05 16:54:08.461000'), Timestamp('2026-03-05 16:54:08.706000'), Timestamp('2026-03-05 16:54:08.844000'), Timestamp('2026-03-05 16:54:09.739000'), Timestamp('2026-03-05 16:54:09.879000'), Timestamp('2026-03-05 16:54:10.139000'), Timestamp('2026-03-05 16:54:10.283000'), Timestamp('2026-03-05 16:54:11.235000'), Timestamp('2026-03-05 16:54:11.379000'), Timestamp('2026-03-05 16:54:11.658000'), Timestamp('2026-03-05 16:54:11.817000'), Timestamp('2026-03-05 16:54:12.829000'), Timestamp('2026-03-05 16:54:12.989000'), Timestamp('2026-03-05 16:54:13.291000'), Timestamp('2026-03-05 16:54:13.460000'), Timestamp('2026-03-05 16:54:14.551000'), Timestamp('2026-03-05 16:54:14.723000'), Timestamp('2026-03-05 16:54:15.050000'), Timestamp('2026-03-05 16:54:15.231000'), Timestamp('2026-03-05 16:54:16.427000'), Timestamp('2026-03-05 16:54:16.611000')]","[0.114, 0.794, 0.119, 0.225, 0.122, 0.818, 0.125, 0.237, 0.134, 0.848, 0.131, 0.245, 0.138, 0.895, 0.14, 0.26, 0.144, 0.952, 0.144, 0.279, 0.159, 1.012, 0.16, 0.302, 0.169, 1.091, 0.172, 0.327, 0.181, 1.196, 0.184]","[20.36442164934539, 20.189832547524478, 19.877139660397898, 19.838860495202958, 19.57432657133355, 19.375, 19.105404484859044, 19.12358186212069, 18.935574229691877, 18.906502599411496, 18.338527108587613, 18.11423933011492, 18.046132971506104, 17.924485580222317, 17.392217612771095, 17.068298480289275, 17.08531255937678, 16.82272246006537, 16.299986162999858, 16.067046867822206, 15.920792079207917, 15.729468599033815, 14.907155791641248, 14.782080946781473, 14.724480578139115, 14.656522712016113, 14.04704612986924, 13.766560580267928, 13.656203143306358, 13.468050568153867, 12.623410575529867, 12.38232730804798]","[2.3215440680253745, 16.030727042734437, 2.3653796195873498, 4.463743611420666, 2.3880678417026933, 15.848749999999999, 2.3881755606073805, 4.5322889013226035, 2.537366946778712, 16.032714204300948, 2.4023470512249774, 4.437988635878155, 2.4903663500678426, 16.042414594298975, 2.4349104657879534, 4.437757604875212, 2.4602850085502563, 16.015231781982234, 2.347198007471979, 4.482706076122396, 2.531405940594059, 15.918222222222221, 2.3851449266626, 4.464188445928005, 2.4884372177055107, 15.990266278809578, 2.4160919343375094, 4.5016653097476125, 2.4717727689384508, 16.107788479512024, 2.3227075458974955]",198.05765444309523,9.916063647200223,c:\git\RailwAI\VIDEO\20260305\ADTC Rueschlikon_00_20260305165406.mp4,2026-03-05 16:54:06,DTZ x2,Trieb
ADTC_8_adz_raw_20260305_1710,2026-03-05 17:07:26.054,2026-03-05 17:07:36.101,"[Timestamp('2026-03-05 17:07:36.101000'), Timestamp('2026-03-05 17:07:36.198000'), Timestamp('2026-03-05 17:07:36.884000'), Timestamp('2026-03-05 17:07:36.987000'), Timestamp('2026-03-05 17:07:37.184000'), Timestamp('2026-03-05 17:07:37.289000'), Timestamp('2026-03-05 17:07:38.012000'), Timestamp('2026-03-05 17:07:38.120000'), Timestamp('2026-03-05 17:07:38.327000'), Timestamp('2026-03-05 17:07:38.439000'), Timestamp('2026-03-05 17:07:39.202000'), Timestamp('2026-03-05 17:07:39.319000'), Timestamp('2026-03-05 17:07:39.546000'), Timestamp('2026-03-05 17:07:39.664000'), Timestamp('2026-03-05 17:07:40.479000'), Timestamp('2026-03-05 17:07:40.601000'), Timestamp('2026-03-05 17:07:40.840000'), Timestamp('2026-03-05 17:07:40.965000'), Timestamp('2026-03-05 17:07:41.810000'), Timestamp('2026-03-05 17:07:41.937000'), Timestamp('2026-03-05 17:07:42.180000'), Timestamp('2026-03-05 17:07:42.314000'), Timestamp('2026-03-05 17:07:43.197000'), Timestamp('2026-03-05 17:07:43.332000'), Timestamp('2026-03-05 17:07:43.587000'), Timestamp('2026-03-05 17:07:43.732000'), Timestamp('2026-03-05 17:07:44.662000'), Timestamp('2026-03-05 17:07:44.806000'), Timestamp('2026-03-05 17:07:45.080000'), Timestamp('2026-03-05 17:07:45.228000'), Timestamp('2026-03-05 17:07:46.224000'), Timestamp('2026-03-05 17:07:46.379000')]","[0.097, 0.686, 0.103, 0.197, 0.105, 0.723, 0.108, 0.207, 0.112, 0.763, 0.117, 0.227, 0.118, 0.815, 0.122, 0.239, 0.125, 0.845, 0.127, 0.243, 0.134, 0.883, 0.135, 0.255, 0.145, 0.93, 0.144, 0.274, 0.148, 0.996, 0.155]","[23.1049942654572, 23.559168925022583, 22.77660197235106, 22.940672643179354, 22.53632891930764, 22.5887355290913, 21.655934324167607, 21.67440485594736, 21.382543343998805, 21.42953237499688, 20.469176213857068, 20.578801775555778, 20.043937650381842, 20.020876826722336, 19.356805736795245, 19.355546793383922, 18.823601782398242, 18.934984905542933, 18.46399668594931, 18.568943262809363, 18.340133273970704, 18.286775830977945, 17.696589125160553, 17.63086886130599, 17.423384015389072, 17.250799186283057, 16.75438596491228, 16.66792262871853, 16.38397017707362, 16.27123318366327, 15.622964104682756, 15.622467625327717]","[2.2411844437493484, 16.161589882565494, 2.345990003152159, 4.519312510706333, 2.366314536527302, 16.33165578753301, 2.3388409070101015, 4.4866018051811025, 2.394844854527866, 16.350733202122623, 2.394893617021277, 4.671388003051161, 2.3651846427450574, 16.317014613778703, 2.36153029988902, 4.6259756836187576, 2.3529502227997803, 16.000062245183777, 2.3449275791155624, 4.512253212862675, 2.4575778587120745, 16.147223058753525, 2.389039531896675, 4.495871559633028, 2.526390682231415, 16.043243243243243, 2.4126315789473685, 4.567010800268878, 2.424827586206896, 16.206148250928617, 2.4215594362258273]",199.5747716401887,9.931118262316456,c:\git\RailwAI\VIDEO\20260305\ADTC Rueschlikon_00_20260305170737.mp4,2026-03-05 17:07:37,DTZ x2,Trieb
ADTC_8_adz_raw_20260305_1730,2026-03-05 17:26:37.965,2026-03-05 17:26:48.012,"[Timestamp('2026-03-05 17:26:48.012000'), Timestamp('2026-03-05 17:26:48.129000'), Timestamp('2026-03-05 17:26:48.486000'), Timestamp('2026-03-05 17:26:48.603000'), Timestamp('2026-03-05 17:26:48.828000'), Timestamp('2026-03-05 17:26:48.939000'), Timestamp('2026-03-05 17:26:49.762000'), Timestamp('2026-03-05 17:26:49.875000'), Timestamp('2026-03-05 17:26:50.086000'), Timestamp('2026-03-05 17:26:50.202000'), Timestamp('2026-03-05 17:26:51.064000'), Timestamp('2026-03-05 17:26:51.181000'), Timestamp('2026-03-05 17:26:51.398000'), Timestamp('2026-03-05 17:26:51.521000'), Timestamp('2026-03-05 17:26:52.413000'), Timestamp('2026-03-05 17:26:52.537000'), Timestamp('2026-03-05 17:26:52.796000'), Timestamp('2026-03-05 17:26:52.936000'), Timestamp('2026-03-05 17:26:53.339000'), Timestamp('2026-03-05 17:26:53.484000'), Timestamp('2026-03-05 17:26:53.747000'), Timestamp('2026-03-05 17:26:53.874000'), Timestamp('2026-03-05 17:26:54.851000'), Timestamp('2026-03-05 17:26:54.985000'), Timestamp('2026-03-05 17:26:55.237000'), Timestamp('2026-03-05 17:26:55.380000'), Timestamp('2026-03-05 17:26:56.416000'), Timestamp('2026-03-05 17:26:56.559000'), Timestamp('2026-03-05 17:26:56.837000'), Timestamp('2026-03-05 17:26:56.996000'), Timestamp('2026-03-05 17:26:58.121000'), Timestamp('2026-03-05 17:26:58.283000')]","[0.117, 0.357, 0.117, 0.225, 0.111, 0.823, 0.113, 0.211, 0.116, 0.862, 0.117, 0.217, 0.123, 0.892, 0.124, 0.259, 0.14, 0.403, 0.145, 0.263, 0.127, 0.977, 0.134, 0.252, 0.143, 1.036, 0.143, 0.278, 0.159, 1.125, 0.162]","[22.276779945729423, 22.073164930307783, 22.274861105129425, 21.89307260245475, 21.81818181818182, 21.78483767887741, 21.080033552193907, 21.057593788933406, 20.960798615580437, 20.9175148108765, 20.30042918454936, 20.1329534662868, 20.189832547524478, 20.08587974209814, 19.67246157722348, 19.457381533229835, 19.221549685332906, 19.150967413441954, 18.87922032718413, 18.695388349514566, 18.733864887711043, 18.394112357076004, 17.827436374922407, 17.667614790735474, 17.290483230876973, 17.3245193323817, 16.442261162841852, 16.203466311147572, 16.01736661935376, 15.964081921528729, 14.758933635847987, 14.524646073909608]","[2.6063832536503426, 7.880119880119878, 2.606158749300143, 4.925941335552319, 2.421818181818182, 17.928921409716107, 2.3820437913979116, 4.4431522894649484, 2.431452639407331, 18.030897766975542, 2.375150214592275, 4.368850902184236, 2.483349403345511, 17.91660472995154, 2.4393852355757115, 5.0394618171065275, 2.691016955946607, 7.717839867617108, 2.7374869474416985, 4.916887135922331, 2.3792008407393026, 17.971047772863255, 2.3888764742396025, 4.4522389272653395, 2.472539102015407, 17.948202028347442, 2.3512433462863847, 4.504563634499026, 2.546761292477248, 17.95959216171982, 2.390947249007374]",195.7081353365465,9.932576000379854,c:\git\RailwAI\VIDEO\20260305\ADTC Rueschlikon_00_20260305172649.mp4,2026-03-05 17:26:49,DPZ x2,Lok
ADTC_8_adz_raw_20260305_1740,2026-03-05 17:37:51.066,2026-03-05 17:38:01.122,"[Timestamp('2026-03-05 17:38:01.122000'), Timestamp('2026-03-05 17:38:01.238000'), Timestamp('2026-03-05 17:38:02.058000'), Timestamp('2026-03-05 17:38:02.182000'), Timestamp('2026-03-05 17:38:02.422000'), Timestamp('2026-03-05 17:38:02.548000'), Timestamp('2026-03-05 17:38:03.397000'), Timestamp('2026-03-05 17:38:03.526000'), Timestamp('2026-03-05 17:38:03.771000'), Timestamp('2026-03-05 17:38:03.910000'), Timestamp('2026-03-05 17:38:04.795000'), Timestamp('2026-03-05 17:38:04.927000'), Timestamp('2026-03-05 17:38:05.186000'), Timestamp('2026-03-05 17:38:05.332000'), Timestamp('2026-03-05 17:38:06.252000'), Timestamp('2026-03-05 17:38:06.394000'), Timestamp('2026-03-05 17:38:06.667000'), Timestamp('2026-03-05 17:38:06.810000'), Timestamp('2026-03-05 17:38:07.783000'), Timestamp('2026-03-05 17:38:07.930000'), Timestamp('2026-03-05 17:38:08.217000'), Timestamp('2026-03-05 17:38:08.388000'), Timestamp('2026-03-05 17:38:09.406000'), Timestamp('2026-03-05 17:38:09.567000'), Timestamp('2026-03-05 17:38:09.875000'), Timestamp('2026-03-05 17:38:10.046000'), Timestamp('2026-03-05 17:38:11.174000'), Timestamp('2026-03-05 17:38:11.341000'), Timestamp('2026-03-05 17:38:11.681000'), Timestamp('2026-03-05 17:38:11.875000'), Timestamp('2026-03-05 17:38:13.116000'), Timestamp('2026-03-05 17:38:13.307000')]","[0.116, 0.82, 0.124, 0.24, 0.126, 0.849, 0.129, 0.245, 0.139, 0.885, 0.132, 0.259, 0.146, 0.92, 0.142, 0.273, 0.143, 0.973, 0.147, 0.287, 0.171, 1.018, 0.161, 0.308, 0.171, 1.1280000000000001, 0.167, 0.34, 0.194, 1.241, 0.191]","[19.28091790849146, 19.532550110528796, 19.015940755616917, 19.028760018859032, 18.640846982173557, 18.66031961917715, 18.252006072435478, 18.338527108587613, 18.02945657694261, 17.945492662473793, 17.454603155712913, 17.630987796733653, 17.28487897213831, 17.024701916788246, 16.81260945709282, 16.815136567768533, 16.42574866075349, 16.55216697236252, 15.973775720392474, 16.081530035018403, 15.70146251698424, 15.252979570820651, 15.059573902644285, 14.976744865251643, 14.54665674849161, 14.514868231583279, 13.647606576458607, 13.823073286836234, 13.370499473350362, 13.055537065388625, 12.277499754685506, 12.31620006912556]","[2.2365864773850097, 16.01669109063361, 2.3579766536964977, 4.566902404526167, 2.3487467197538683, 15.8426113566814, 2.3545087833441767, 4.492939141603965, 2.506094464195023, 15.881761006289308, 2.3040076165541046, 4.566425839354016, 2.523592329932193, 15.662725763445186, 2.38739054290718, 4.59053228300081, 2.348882058487749, 16.105258464108733, 2.3481450308976934, 4.615399120050282, 2.684950090404305, 15.527533203095423, 2.42459139832573, 4.612837418497506, 2.4874783039920656, 16.37277136522594, 2.2791502982685876, 4.69984491752432, 2.59387689782997, 16.201921498147286, 2.345002453144932]",198.28713499130305,9.917659487755756,c:\git\RailwAI\VIDEO\20260305\ADTC Rueschlikon_00_20260305173756.mp4,2026-03-05 17:37:56,DTZ x2,Trieb
ADTC_8_adz_raw_20260305_1800,2026-03-05 17:53:29.101,2026-03-05 17:53:39.144,"[Timestamp('2026-03-05 17:53:39.144000'), Timestamp('2026-03-05 17:53:39.249000'), Timestamp('2026-03-05 17:53:39.952000'), Timestamp('2026-03-05 17:53:40.058000'), Timestamp('2026-03-05 17:53:40.258000'), Timestamp('2026-03-05 17:53:40.371000'), Timestamp('2026-03-05 17:53:41.104000'), Timestamp('2026-03-05 17:53:41.213000'), Timestamp('2026-03-05 17:53:41.424000'), Timestamp('2026-03-05 17:53:41.543000'), Timestamp('2026-03-05 17:53:42.305000'), Timestamp('2026-03-05 17:53:42.424000'), Timestamp('2026-03-05 17:53:42.645000'), Timestamp('2026-03-05 17:53:42.764000'), Timestamp('2026-03-05 17:53:43.578000'), Timestamp('2026-03-05 17:53:43.698000'), Timestamp('2026-03-05 17:53:43.932000'), Timestamp('2026-03-05 17:53:44.061000'), Timestamp('2026-03-05 17:53:44.910000'), Timestamp('2026-03-05 17:53:45.041000'), Timestamp('2026-03-05 17:53:45.289000'), Timestamp('2026-03-05 17:53:45.424000'), Timestamp('2026-03-05 17:53:46.317000'), Timestamp('2026-03-05 17:53:46.455000'), Timestamp('2026-03-05 17:53:46.715000'), Timestamp('2026-03-05 17:53:46.861000'), Timestamp('2026-03-05 17:53:47.812000'), Timestamp('2026-03-05 17:53:48.236000'), Timestamp('2026-03-05 17:53:48.393000'), Timestamp('2026-03-05 17:53:49.422000'), Timestamp('2026-03-05 17:53:49.571000')]","[0.105, 0.703, 0.106, 0.2, 0.113, 0.733, 0.109, 0.211, 0.119, 0.762, 0.119, 0.221, 0.119, 0.814, 0.12, 0.234, 0.129, 0.849, 0.131, 0.248, 0.135, 0.893, 0.138, 0.26, 0.146, 0.951, 0.424, 0.157, 1.029, 0.149]","[23.085460599334077, 22.835420697145572, 22.434315417039777, 22.30834835742586, 21.998005144627015, 22.061803444782168, 21.525637609536112, 21.31913635019225, 21.124183006535947, 21.110563971844854, 20.534970762374513, 20.279639163759335, 20.10967317394165, 20.03447015198203, 19.48616600790514, 19.30352119507227, 19.05129406576445, 19.08236018665466, 18.46324549237171, 18.304493238330668, 18.15062617944759, 18.125907576663536, 17.584541062801932, 17.351663782124547, 17.1282325528095, 16.944709914610268, 16.497962558318072, 16.1119183590714, 15.857098430330574, 15.771881786422433, 15.036354537693915, 14.864133428493421]","[2.423973362930078, 16.053300750093335, 2.3780374342062163, 4.461669671485172, 2.4857745813428527, 16.17130192502533, 2.3462944994394364, 4.498337769890564, 2.5137777777777774, 16.08624974654578, 2.443661520722567, 4.481800255190813, 2.3930511076990566, 16.30805870371337, 2.338339920948617, 4.517023959646911, 2.457616934483614, 16.200923798469805, 2.418685159500694, 4.5395143231060056, 2.4503345342254246, 16.18643546596054, 2.4266666666666667, 4.5114325833523825, 2.5007219527101867, 16.114419128794363, 6.995136124726862, 2.5295711823742097, 16.31695428481016, 2.3500103861769426]",199.8990755120157,9.931907923369709,c:\git\RailwAI\VIDEO\20260305\ADTC Rueschlikon_00_20260305175340.mp4,2026-03-05 17:53:40,DTZ x2,Trieb
ADTC_8_adz_raw_20260305_1810,2026-03-05 18:07:22.112,2026-03-05 18:07:32.179,"[Timestamp('2026-03-05 18:07:32.179000'), Timestamp('2026-03-05 18:07:32.297000'), Timestamp('2026-03-05 18:07:33.072000'), Timestamp('2026-03-05 18:07:33.188000'), Timestamp('2026-03-05 18:07:33.409000'), Timestamp('2026-03-05 18:07:33.537000'), Timestamp('2026-03-05 18:07:34.327000'), Timestamp('2026-03-05 18:07:34.337000'), Timestamp('2026-03-05 18:07:34.459000'), Timestamp('2026-03-05 18:07:34.689000'), Timestamp('2026-03-05 18:07:34.818000'), Timestamp('2026-03-05 18:07:35.665000'), Timestamp('2026-03-05 18:07:35.794000'), Timestamp('2026-03-05 18:07:36.033000'), Timestamp('2026-03-05 18:07:36.164000'), Timestamp('2026-03-05 18:07:37.045000'), Timestamp('2026-03-05 18:07:37.176000'), Timestamp('2026-03-05 18:07:37.436000'), Timestamp('2026-03-05 18:07:37.572000'), Timestamp('2026-03-05 18:07:38.506000'), Timestamp('2026-03-05 18:07:38.645000'), Timestamp('2026-03-05 18:07:38.912000'), Timestamp('2026-03-05 18:07:39.071000'), Timestamp('2026-03-05 18:07:40.048000'), Timestamp('2026-03-05 18:07:40.194000'), Timestamp('2026-03-05 18:07:40.486000'), Timestamp('2026-03-05 18:07:40.651000'), Timestamp('2026-03-05 18:07:41.686000'), Timestamp('2026-03-05 18:07:41.847000'), Timestamp('2026-03-05 18:07:42.157000'), Timestamp('2026-03-05 18:07:42.329000'), Timestamp('2026-03-05 18:07:43.456000'), Timestamp('2026-03-05 18:07:43.626000')]","[0.118, 0.775, 0.116, 0.221, 0.128, 0.79, 0.01, 0.122, 0.23, 0.129, 0.847, 0.129, 0.239, 0.131, 0.881, 0.131, 0.26, 0.136, 0.934, 0.139, 0.267, 0.159, 0.977, 0.146, 0.292, 0.165, 1.035, 0.161, 0.31, 0.172, 1.127, 0.17]","[21.2860310421286, 21.2860310421286, 21.05263157894737, 20.600858369098713, 20.556745182012843, 20.645161290322577, 20.21052631578947, 19.91701244813278, 20.295983086680756, 20.21052631578947, 19.315895372233395, 19.009900990099013, 18.604651162790695, 18.64077669902913, 18.147448015122876, 17.977528089887638, 17.712177121771216, 17.48633879781421, 17.142857142857142, 17.021276595744677, 16.695652173913043, 16.63778162911612, 16.216216216216214, 16.243654822335024, 15.763546798029557, 15.609756097560975, 15.000000000000002, 14.814814814814817, 14.883720930232558, 14.883720930232558, 14.13843888070692, 13.953488372093023]","[2.5117516629711747, 16.496674057649663, 2.4421052631578952, 4.552789699570815, 2.631263383297644, 16.309677419354838, 0.2021052631578947, 2.429875518672199, 4.668076109936575, 2.6071578947368415, 16.360563380281686, 2.4522772277227727, 4.446511627906976, 2.441941747572816, 15.987901701323254, 2.3550561797752807, 4.605166051660516, 2.3781420765027326, 16.01142857142857, 2.3659574468085105, 4.457739130434783, 2.645407279029463, 15.84324324324324, 2.3715736040609134, 4.602955665024631, 2.575609756097561, 15.525, 2.3851851851851857, 4.6139534883720925, 2.5599999999999996, 15.934020618556698, 2.372093023255814]",200.14320327674903,9.942581886340818,c:\git\RailwAI\VIDEO\20260305\ADTC Rueschlikon_00_20260305180728.mp4,2026-03-05 18:07:28,DTZ x2,Trieb
ADTC_8_adz_raw_20260305_1830,2026-03-05 18:26:53.798,2026-03-05 18:27:03.920,"[Timestamp('2026-03-05 18:27:03.920000'), Timestamp('2026-03-05 18:27:04.038000'), Timestamp('2026-03-05 18:27:04.393000'), Timestamp('2026-03-05 18:27:04.514000'), Timestamp('2026-03-05 18:27:04.741000'), Timestamp('2026-03-05 18:27:04.850000'), Timestamp('2026-03-05 18:27:05.686000'), Timestamp('2026-03-05 18:27:05.801000'), Timestamp('2026-03-05 18:27:06.015000'), Timestamp('2026-03-05 18:27:06.133000'), Timestamp('2026-03-05 18:27:07.004000'), Timestamp('2026-03-05 18:27:07.120000'), Timestamp('2026-03-05 18:27:07.344000'), Timestamp('2026-03-05 18:27:07.466000'), Timestamp('2026-03-05 18:27:08.378000'), Timestamp('2026-03-05 18:27:08.501000'), Timestamp('2026-03-05 18:27:08.766000'), Timestamp('2026-03-05 18:27:08.908000'), Timestamp('2026-03-05 18:27:09.324000'), Timestamp('2026-03-05 18:27:09.467000'), Timestamp('2026-03-05 18:27:09.736000'), Timestamp('2026-03-05 18:27:09.874000'), Timestamp('2026-03-05 18:27:10.873000'), Timestamp('2026-03-05 18:27:11.005000'), Timestamp('2026-03-05 18:27:11.267000'), Timestamp('2026-03-05 18:27:11.418000'), Timestamp('2026-03-05 18:27:12.497000'), Timestamp('2026-03-05 18:27:12.646000'), Timestamp('2026-03-05 18:27:12.936000'), Timestamp('2026-03-05 18:27:13.096000'), Timestamp('2026-03-05 18:27:14.288000'), Timestamp('2026-03-05 18:27:14.456000')]","[0.118, 0.355, 0.121, 0.227, 0.109, 0.836, 0.115, 0.214, 0.118, 0.871, 0.116, 0.224, 0.122, 0.912, 0.123, 0.265, 0.142, 0.416, 0.143, 0.269, 0.138, 0.999, 0.132, 0.262, 0.151, 1.079, 0.149, 0.29, 0.16, 1.192, 0.168]","[21.896261157231134, 21.597573306370073, 21.50835465903959, 21.466690651795886, 21.497597851843313, 21.215314365999298, 20.807228802494762, 20.598679005758648, 20.296300265223564, 20.432092063836713, 19.975342287976115, 19.821862348178136, 19.637157665326676, 19.55975624922273, 19.05241935483871, 18.79885956037892, 18.681568306755715, 18.62731826181129, 18.391546341856902, 18.097645488369448, 18.020391272957795, 17.90075488454707, 17.181441840063776, 16.878012606599924, 16.73774375797339, 16.5802862158222, 15.664061668192753, 15.393510488216656, 15.234068257324068, 15.01466275659824, 14.118746269173206, 13.849744748305604]","[2.5837588165532734, 7.667138523761375, 2.60251091374379, 4.872938777957667, 2.343238165850921, 17.736002809975414, 2.392831312286898, 4.4081173072323505, 2.3949634312963806, 17.796352187601777, 2.3171397054052294, 4.440097165991903, 2.3957332351698546, 17.83849769929113, 2.3434475806451616, 4.9816977835004135, 2.652782699559311, 7.748964396913496, 2.6299911268855367, 4.868266636371382, 2.486813995668176, 17.882854129662523, 2.2679503228884186, 4.42203930292918, 2.527399307453982, 17.89012882687215, 2.33394518856072, 4.46411804158283, 2.437450921171851, 17.8974780058651, 2.371949373221099]",193.9965976918693,10.00360026744844,c:\git\RailwAI\VIDEO\20260305\ADTC Rueschlikon_00_20260305182705.mp4,2026-03-05 18:27:05,DPZ x2,Lok
ADTC_8_adz_raw_20260305_1840,2026-03-05 18:37:13.280,2026-03-05 18:37:23.326,"[Timestamp('2026-03-05 18:37:23.326000'), Timestamp('2026-03-05 18:37:23.424000'), Timestamp('2026-03-05 18:37:24.118000'), Timestamp('2026-03-05 18:37:24.218000'), Timestamp('2026-03-05 18:37:24.418000'), Timestamp('2026-03-05 18:37:24.528000'), Timestamp('2026-03-05 18:37:25.253000'), Timestamp('2026-03-05 18:37:25.372000'), Timestamp('2026-03-05 18:37:25.574000'), Timestamp('2026-03-05 18:37:25.693000'), Timestamp('2026-03-05 18:37:26.474000'), Timestamp('2026-03-05 18:37:26.594000'), Timestamp('2026-03-05 18:37:26.820000'), Timestamp('2026-03-05 18:37:26.944000'), Timestamp('2026-03-05 18:37:27.784000'), Timestamp('2026-03-05 18:37:27.908000'), Timestamp('2026-03-05 18:37:28.157000'), Timestamp('2026-03-05 18:37:28.293000'), Timestamp('2026-03-05 18:37:29.187000'), Timestamp('2026-03-05 18:37:29.325000'), Timestamp('2026-03-05 18:37:29.587000'), Timestamp('2026-03-05 18:37:29.736000'), Timestamp('2026-03-05 18:37:30.698000'), Timestamp('2026-03-05 18:37:30.844000'), Timestamp('2026-03-05 18:37:31.124000'), Timestamp('2026-03-05 18:37:31.284000'), Timestamp('2026-03-05 18:37:32.318000'), Timestamp('2026-03-05 18:37:32.480000'), Timestamp('2026-03-05 18:37:32.787000'), Timestamp('2026-03-05 18:37:32.959000'), Timestamp('2026-03-05 18:37:34.094000'), Timestamp('2026-03-05 18:37:34.271000')]","[0.098, 0.694, 0.1, 0.2, 0.11, 0.725, 0.119, 0.202, 0.119, 0.781, 0.12, 0.226, 0.124, 0.84, 0.124, 0.249, 0.136, 0.894, 0.138, 0.262, 0.149, 0.962, 0.146, 0.28, 0.16, 1.034, 0.162, 0.307, 0.172, 1.135, 0.177]","[23.139113465291334, 23.587793172145247, 22.380662551082516, 22.809156169578763, 22.431008598334923, 22.503293807641636, 21.4769400165161, 21.160157691336686, 21.02357676825762, 21.34608827991046, 20.173765628311084, 19.959800298255846, 19.79457179783688, 19.51219512195122, 18.577075098814227, 18.678173972291617, 18.216384376080192, 18.04740837067296, 17.521107058999853, 17.359912101710876, 17.23541072378282, 16.90161800260368, 16.19112627986348, 16.21640130114706, 15.973377703826955, 15.737874097007222, 15.00058596038908, 14.909133001504806, 14.636901372441923, 14.48125227520932, 13.695418579662011, 13.597979242697525]","[2.267633119598551, 16.3699284614688, 2.2380662551082517, 4.561831233915753, 2.4674109458168414, 16.314888010540187, 2.555755861965416, 4.2743518536500105, 2.5018056354226568, 16.67129494661007, 2.42085187539733, 4.5109148674058215, 2.4545269029317733, 16.390243902439025, 2.303557312252964, 4.650865319100613, 2.4774282751469063, 16.13438308338163, 2.4179127741419797, 4.5482969706482494, 2.56807619784364, 16.259356518504738, 2.363904436860068, 4.540592364321177, 2.5557404326123128, 16.272961816305468, 2.430094925583031, 4.577103831461975, 2.5175470360600105, 16.436221332362578, 2.424089088600176]",201.477635587458,9.93148550928907,c:\git\RailwAI\VIDEO\20260305\ADTC Rueschlikon_00_20260305183718.mp4,2026-03-05 18:37:18,DTZ x2,Trieb
ADTC_8_adz_raw_20260305_1900,2026-03-05 18:53:49.677,2026-03-05 18:53:59.727,"[Timestamp('2026-03-05 18:53:59.727000'), Timestamp('2026-03-05 18:53:59.843000'), Timestamp('2026-03-05 18:54:00.616000'), Timestamp('2026-03-05 18:54:00.734000'), Timestamp('2026-03-05 18:54:00.956000'), Timestamp('2026-03-05 18:54:01.080000'), Timestamp('2026-03-05 18:54:01.880000'), Timestamp('2026-03-05 18:54:02'), Timestamp('2026-03-05 18:54:02.232000'), Timestamp('2026-03-05 18:54:02.359000'), Timestamp('2026-03-05 18:54:03.192000'), Timestamp('2026-03-05 18:54:03.320000'), Timestamp('2026-03-05 18:54:03.564000'), Timestamp('2026-03-05 18:54:03.694000'), Timestamp('2026-03-05 18:54:04.570000'), Timestamp('2026-03-05 18:54:04.701000'), Timestamp('2026-03-05 18:54:04.957000'), Timestamp('2026-03-05 18:54:05.095000'), Timestamp('2026-03-05 18:54:06.020000'), Timestamp('2026-03-05 18:54:06.157000'), Timestamp('2026-03-05 18:54:06.430000'), Timestamp('2026-03-05 18:54:06.580000'), Timestamp('2026-03-05 18:54:07.560000'), Timestamp('2026-03-05 18:54:07.712000'), Timestamp('2026-03-05 18:54:08.003000'), Timestamp('2026-03-05 18:54:08.164000'), Timestamp('2026-03-05 18:54:09.223000'), Timestamp('2026-03-05 18:54:09.382000'), Timestamp('2026-03-05 18:54:09.696000'), Timestamp('2026-03-05 18:54:09.874000'), Timestamp('2026-03-05 18:54:11.034000'), Timestamp('2026-03-05 18:54:11.211000')]","[0.116, 0.773, 0.118, 0.222, 0.124, 0.8, 0.12, 0.232, 0.127, 0.833, 0.128, 0.244, 0.13, 0.876, 0.131, 0.256, 0.138, 0.925, 0.137, 0.273, 0.15, 0.98, 0.152, 0.291, 0.161, 1.059, 0.159, 0.314, 0.178, 1.16, 0.177]","[20.60095323616771, 20.58277415203603, 20.10579225769099, 19.960576823321922, 19.85575318908652, 19.894964473277724, 19.336308316430017, 19.047694033816903, 19.0494938797044, 18.997807704353274, 18.51992409867173, 18.340133273970704, 18.18181818181818, 18.16931671680275, 17.649205812774582, 17.42292490118577, 17.254699308830176, 17.270712332756307, 16.711208071993454, 16.43835616438356, 16.29885852646143, 16.1590078994309, 15.534021255593405, 15.311627954303216, 15.288523717144052, 15.087407407407408, 14.317681339947061, 14.045542697884692, 13.84300613803084, 13.835725677830942, 12.930612244897958, 12.66757537301351]","[2.389710575395455, 15.910484419523852, 2.372483486407537, 4.431248054777467, 2.4621133954467287, 15.91597157862218, 2.320356997971602, 4.419065015845522, 2.4192857227224587, 15.825173817726277, 2.3705502846299815, 4.474992518848851, 2.3636363636363633, 15.916321443919209, 2.3120459614734705, 4.460268774703557, 2.3811485046185643, 15.975408907799585, 2.2894355058631035, 4.487671232876712, 2.4448287789692142, 15.835827741442282, 2.3611712308501973, 4.4556837347022356, 2.4614523184601924, 15.977564444444445, 2.276511333051583, 4.410300407135793, 2.464055092569489, 16.049441786283893, 2.2887183673469385]",196.5229277980648,9.924814707121536,c:\git\RailwAI\VIDEO\20260305\ADTC Rueschlikon_00_20260305185401.mp4,2026-03-05 18:54:01,DTZ x2,Trieb
ADTC_8_adz_raw_20260305_1910,2026-03-05 19:07:40.678,2026-03-05 19:07:50.727,"[Timestamp('2026-03-05 19:07:50.727000'), Timestamp('2026-03-05 19:07:50.831000'), Timestamp('2026-03-05 19:07:51.543000'), Timestamp('2026-03-05 19:07:51.647000'), Timestamp('2026-03-05 19:07:51.828000'), Timestamp('2026-03-05 19:07:51.941000'), Timestamp('2026-03-05 19:07:52.726000'), Timestamp('2026-03-05 19:07:52.834000'), Timestamp('2026-03-05 19:07:53.010000'), Timestamp('2026-03-05 19:07:53.127000'), Timestamp('2026-03-05 19:07:53.938000'), Timestamp('2026-03-05 19:07:54.050000'), Timestamp('2026-03-05 19:07:54.231000'), Timestamp('2026-03-05 19:07:54.359000'), Timestamp('2026-03-05 19:07:55.211000'), Timestamp('2026-03-05 19:07:55.329000'), Timestamp('2026-03-05 19:07:55.523000'), Timestamp('2026-03-05 19:07:55.657000'), Timestamp('2026-03-05 19:07:56.561000'), Timestamp('2026-03-05 19:07:56.685000'), Timestamp('2026-03-05 19:07:56.908000'), Timestamp('2026-03-05 19:07:57.046000'), Timestamp('2026-03-05 19:07:57.952000'), Timestamp('2026-03-05 19:07:58.095000'), Timestamp('2026-03-05 19:07:58.484000'), Timestamp('2026-03-05 19:07:58.631000'), Timestamp('2026-03-05 19:07:59.612000'), Timestamp('2026-03-05 19:07:59.767000'), Timestamp('2026-03-05 19:08:00.023000'), Timestamp('2026-03-05 19:08:00.196000'), Timestamp('2026-03-05 19:08:01.319000'), Timestamp('2026-03-05 19:08:01.479000'), Timestamp('2026-03-05 19:08:01.736000'), Timestamp('2026-03-05 19:08:01.922000'), Timestamp('2026-03-05 19:08:03.131000'), Timestamp('2026-03-05 19:08:03.315000'), Timestamp('2026-03-05 19:08:03.589000'), Timestamp('2026-03-05 19:08:03.793000'), Timestamp('2026-03-05 19:08:05.125000'), Timestamp('2026-03-05 19:08:05.313000'), Timestamp('2026-03-05 19:08:05.639000'), Timestamp('2026-03-05 19:08:05.871000'), Timestamp('2026-03-05 19:08:07.338000'), Timestamp('2026-03-05 19:08:07.569000'), Timestamp('2026-03-05 19:08:07.945000'), Timestamp('2026-03-05 19:08:08.184000'), Timestamp('2026-03-05 19:08:09.779000'), Timestamp('2026-03-05 19:08:10.052000')]","[0.104, 0.712, 0.104, 0.181, 0.113, 0.785, 0.108, 0.176, 0.117, 0.811, 0.112, 0.181, 0.128, 0.852, 0.118, 0.194, 0.134, 0.904, 0.124, 0.223, 0.138, 0.906, 0.143, 0.389, 0.147, 0.981, 0.155, 0.256, 0.173, 1.123, 0.16, 0.257, 0.186, 1.209, 0.184, 0.274, 0.204, 1.332, 0.188, 0.326, 0.232, 1.467, 0.231, 0.376, 0.239, 1.595, 0.273]","[22.07468177781537, 22.35232890970596, 21.603450719912516, 21.89307260245475, 21.4769400165161, 21.489523656904773, 20.60854543360589, 20.872031194611836, 20.714285714285715, 20.759131860279382, 19.88267983945662, 20.146926695206382, 20.02192181220314, 19.80400163331972, 18.827076227355406, 19.153908522916964, 18.997807704353274, 18.60639820306426, 17.81468513411624, 18.11636775371995, 17.66869171221326, 17.600322645694696, 16.863768437806527, 16.82766757613745, 16.220844607322668, 16.155165678764924, 15.485844969832263, 15.48451548451548, 15.239976716702238, 14.875414086129915, 14.332221427473208, 14.414934391486677, 14.244859948880183, 14.024843129722115, 13.268889101155793, 13.270663762467041, 13.187211030071728, 12.811053343778932, 12.112167375999364, 12.231701141365743, 11.772277525487954, 11.407712900250212, 10.82569577140329, 10.638062752782915, 10.340579256196621, 10.313503932646505, 9.435894265433792, 9.294792486784388]","[2.2957669048927984, 15.914858183710644, 2.2467588748709018, 3.96264614104431, 2.4268942218663194, 16.869276070670246, 2.225722906829436, 3.673477490251683, 2.423571428571429, 16.83565593868658, 2.2268601420191416, 3.646593731832355, 2.562805991962002, 16.873009391588404, 2.221594994827938, 3.7158582534458913, 2.545706232383339, 16.820183975570092, 2.2090209566304138, 4.039950009079549, 2.43827945628543, 15.945892316999394, 2.4115188866063333, 6.545962687117468, 2.3844641572764322, 15.84821753086839, 2.4003059703240006, 3.964035964035963, 2.636515971989487, 16.705090018723894, 2.293155428395713, 3.704638138612076, 2.649543950491714, 16.95603534383404, 2.441475594612666, 3.6361618709159695, 2.6901910501346324, 17.064323053913537, 2.2770874666878806, 3.9875345720852327, 2.7311683859132057, 16.73511482466706, 2.50073572319416, 3.999911595046376, 2.4713984422309925, 16.450038772571176, 2.575999134463425]",302.1810081487302,9.66963800918403,c:\git\RailwAI\VIDEO\20260305\ADTC Rueschlikon_00_20260305190752.mp4,2026-03-05 19:07:52,RABe 511 x2,Trieb
ADTC_8_adz_raw_20260305_1930,2026-03-05 19:24:55.149,2026-03-05 19:25:05.204,"[Timestamp('2026-03-05 19:25:05.204000'), Timestamp('2026-03-05 19:25:05.313000'), Timestamp('2026-03-05 19:25:06.209000'), Timestamp('2026-03-05 19:25:06.323000'), Timestamp('2026-03-05 19:25:06.553000'), Timestamp('2026-03-05 19:25:06.685000'), Timestamp('2026-03-05 19:25:07.631000'), Timestamp('2026-03-05 19:25:07.762000'), Timestamp('2026-03-05 19:25:08.010000'), Timestamp('2026-03-05 19:25:08.147000'), Timestamp('2026-03-05 19:25:09.185000'), Timestamp('2026-03-05 19:25:09.327000'), Timestamp('2026-03-05 19:25:09.633000'), Timestamp('2026-03-05 19:25:09.803000'), Timestamp('2026-03-05 19:25:10.303000'), Timestamp('2026-03-05 19:25:10.474000'), Timestamp('2026-03-05 19:25:10.850000'), Timestamp('2026-03-05 19:25:11.037000'), Timestamp('2026-03-05 19:25:11.571000'), Timestamp('2026-03-05 19:25:11.758000'), Timestamp('2026-03-05 19:25:12.118000'), Timestamp('2026-03-05 19:25:12.299000'), Timestamp('2026-03-05 19:25:13.682000'), Timestamp('2026-03-05 19:25:13.869000'), Timestamp('2026-03-05 19:25:14.239000'), Timestamp('2026-03-05 19:25:14.457000'), Timestamp('2026-03-05 19:25:15.483000'), Timestamp('2026-03-05 19:25:16.007000'), Timestamp('2026-03-05 19:25:16.223000'), Timestamp('2026-03-05 19:25:16.631000'), Timestamp('2026-03-05 19:25:16.866000'), Timestamp('2026-03-05 19:25:18.548000'), Timestamp('2026-03-05 19:25:18.791000')]","[0.109, 0.896, 0.114, 0.23, 0.132, 0.946, 0.131, 0.248, 0.137, 1.038, 0.142, 0.306, 0.17, 0.5, 0.171, 0.376, 0.187, 0.534, 0.187, 0.36, 0.181, 1.383, 0.187, 0.37, 0.218, 1.026, 0.524, 0.216, 0.408, 0.235, 1.682, 0.243]","[20.0836820083682, 20.0836820083682, 19.51219512195122, 19.2, 18.71345029239766, 18.786692759295498, 17.744916820702404, 17.827298050139277, 17.407071622846782, 17.188898836168306, 325.42372881355965, 18.250950570342205, 20.66738428417653, 18.09613572101791, 25.498007968127492, 17.204301075268816, 20.734341252699785, 16.768558951965066, 23.616236162361623, 15.763546798029557, 18.443804034582133, 15.286624203821656, 199.9999999999998, 13.588110403397026, 15.22601110229976, 13.21403991741225, 29.046898638426622, 10.92150170648464, 10.720268006700168, 10.613598673300165, 10.463215258855586, 9.927611168562565, 9.701869631126831]","[2.189121338912134, 17.994979079497906, 2.2243902439024392, 4.416, 2.4701754385964914, 17.77221135029354, 2.324584103512015, 4.421169916434541, 2.3847688123300093, 17.8420769919427, 46.21016949152546, 5.584790874524715, 3.5134553283100107, 9.048067860508954, 4.360159362549801, 6.468817204301075, 3.8773218142548598, 8.954410480349345, 4.416236162361623, 5.674876847290641, 3.338328530259366, 21.14140127388535, 37.39999999999996, 5.0276008492569, 3.3192704203013474, 13.557604955264969, 15.22057488653555, 2.3590443686006823, 4.3738693467336685, 2.4941956882255387, 17.599128065395096, 2.412409513960703]",300.39121059981744,9.92258151292418,c:\git\RailwAI\VIDEO\20260305\ADTC Rueschlikon_00_20260305192506.mp4,2026-03-05 19:25:06,DPZ x2,Lok
ADTC_8_adz_raw_20260305_1940,2026-03-05 19:38:03.878,2026-03-05 19:38:13.921,"[Timestamp('2026-03-05 19:38:13.921000'), Timestamp('2026-03-05 19:38:14.018000'), Timestamp('2026-03-05 19:38:14.683000'), Timestamp('2026-03-05 19:38:14.782000'), Timestamp('2026-03-05 19:38:14.972000'), Timestamp('2026-03-05 19:38:15.075000'), Timestamp('2026-03-05 19:38:15.765000'), Timestamp('2026-03-05 19:38:15.865000'), Timestamp('2026-03-05 19:38:16.063000'), Timestamp('2026-03-05 19:38:16.171000'), Timestamp('2026-03-05 19:38:16.895000'), Timestamp('2026-03-05 19:38:17.004000'), Timestamp('2026-03-05 19:38:17.216000'), Timestamp('2026-03-05 19:38:17.327000'), Timestamp('2026-03-05 19:38:18.099000'), Timestamp('2026-03-05 19:38:18.216000'), Timestamp('2026-03-05 19:38:18.442000'), Timestamp('2026-03-05 19:38:18.569000'), Timestamp('2026-03-05 19:38:19.396000'), Timestamp('2026-03-05 19:38:19.527000'), Timestamp('2026-03-05 19:38:19.767000'), Timestamp('2026-03-05 19:38:19.904000'), Timestamp('2026-03-05 19:38:20.805000'), Timestamp('2026-03-05 19:38:20.945000'), Timestamp('2026-03-05 19:38:21.213000'), Timestamp('2026-03-05 19:38:21.359000'), Timestamp('2026-03-05 19:38:22.357000'), Timestamp('2026-03-05 19:38:22.509000'), Timestamp('2026-03-05 19:38:22.811000'), Timestamp('2026-03-05 19:38:22.973000'), Timestamp('2026-03-05 19:38:24.071000'), Timestamp('2026-03-05 19:38:24.239000')]","[0.097, 0.665, 0.099, 0.19, 0.103, 0.69, 0.1, 0.198, 0.108, 0.724, 0.109, 0.212, 0.111, 0.772, 0.117, 0.226, 0.127, 0.827, 0.131, 0.24, 0.137, 0.901, 0.14, 0.268, 0.146, 0.998, 0.152, 0.302, 0.162, 1.098, 0.168]","[24.121973547144794, 24.375531668084456, 23.64761558063342, 23.884291894367458, 23.418116912092813, 23.473145535415377, 22.749326145552565, 23.07692307692308, 22.695162299919524, 22.5887355290913, 21.72045762842005, 21.867995018679952, 21.333754740834387, 21.42899850523169, 20.51881622214103, 20.425901781833986, 20.043937650381842, 19.757185143152356, 18.940879798262817, 18.643307226167003, 18.609124241149246, 18.287373004354137, 17.39136142407525, 17.3287456990929, 16.961183686847406, 16.871756856931057, 15.715357410781264, 15.791011503457527, 15.241205688235693, 15.096728250979153, 14.243825122176727, 14.351828056947866]","[2.3398314340730453, 16.209728559276165, 2.3411139424827088, 4.538015459929817, 2.4120660419455597, 16.196470419436608, 2.2749326145552566, 4.56923076923077, 2.4510775283913087, 16.3542445230621, 2.3675298814977856, 4.6360149439601495, 2.368046776232617, 16.543186846038864, 2.4007014979905006, 4.616253802694481, 2.545580081598494, 16.339192113386996, 2.4812552535724293, 4.47439373428008, 2.5494500210374467, 16.47692307692308, 2.434790599370535, 4.644103847356897, 2.476332818279721, 16.838013343217195, 2.388734326438752, 4.768885474044173, 2.4690753214941825, 16.57620761957511, 2.39296262052569]",202.4743452918985,9.935261574490728,c:\git\RailwAI\VIDEO\20260305\ADTC Rueschlikon_00_20260305193815.mp4,2026-03-05 19:38:15,DTZ x2,Trieb
ADTC_8_adz_raw_20260305_2000,2026-03-05 19:53:37.818,2026-03-05 19:53:47.860,"[Timestamp('2026-03-05 19:53:47.860000'), Timestamp('2026-03-05 19:53:47.982000'), Timestamp('2026-03-05 19:53:48.807000'), Timestamp('2026-03-05 19:53:48.933000'), Timestamp('2026-03-05 19:53:49.171000'), Timestamp('2026-03-05 19:53:49.306000'), Timestamp('2026-03-05 19:53:50.171000'), Timestamp('2026-03-05 19:53:50.305000'), Timestamp('2026-03-05 19:53:50.556000'), Timestamp('2026-03-05 19:53:50.695000'), Timestamp('2026-03-05 19:53:51.631000'), Timestamp('2026-03-05 19:53:51.771000'), Timestamp('2026-03-05 19:53:52.049000'), Timestamp('2026-03-05 19:53:52.205000'), Timestamp('2026-03-05 19:53:53.243000'), Timestamp('2026-03-05 19:53:53.400000')]","[0.122, 0.825, 0.126, 0.238, 0.135, 0.865, 0.134, 0.251, 0.139, 0.936, 0.14, 0.278, 0.156, 1.038, 0.157]","[19.633215532924858, 19.453386768280662, 18.91642141065563, 18.713450292397663, 18.426375180981225, 18.437582942581614, 17.928436911487758, 17.582948404431967, 17.424302316388648, 17.228392081120234, 16.383445311339628, 16.082026416142636, 15.763716811773175, 15.594936708860759, 14.415584415584416, 14.016510323748136]","[2.3952522950168325, 16.049044083831546, 2.3834690977426094, 4.453801169590644, 2.4875606494324654, 15.948509245333096, 2.4024105461393597, 4.413320049512424, 2.4219780219780223, 16.12577498792854, 2.293682343587548, 4.4708033436876535, 2.4591398226366152, 16.18754430379747, 2.263246753246753]",96.75553671346157,9.90763881128114,c:\git\RailwAI\VIDEO\20260305\ADTC Rueschlikon_00_20260305195349.mp4,2026-03-05 19:53:49,DTZ,Trieb
ADTC_8_adz_raw_20260305_2010,2026-03-05 20:08:22.733,2026-03-05 20:08:32.773,"[Timestamp('2026-03-05 20:08:32.773000'), Timestamp('2026-03-05 20:08:32.893000'), Timestamp('2026-03-05 20:08:33.733000'), Timestamp('2026-03-05 20:08:33.860000'), Timestamp('2026-03-05 20:08:34.104000'), Timestamp('2026-03-05 20:08:34.237000'), Timestamp('2026-03-05 20:08:35.118000'), Timestamp('2026-03-05 20:08:35.253000'), Timestamp('2026-03-05 20:08:35.506000'), Timestamp('2026-03-05 20:08:35.650000'), Timestamp('2026-03-05 20:08:36.584000'), Timestamp('2026-03-05 20:08:36.722000'), Timestamp('2026-03-05 20:08:36.996000'), Timestamp('2026-03-05 20:08:37.149000'), Timestamp('2026-03-05 20:08:38.145000'), Timestamp('2026-03-05 20:08:38.295000')]","[0.12, 0.84, 0.127, 0.244, 0.133, 0.881, 0.135, 0.253, 0.144, 0.934, 0.138, 0.274, 0.153, 0.996, 0.15]","[19.090316076617444, 19.22016289360611, 18.61164129307624, 18.60576923076923, 18.25101653564652, 18.16476316637428, 17.567522317691417, 17.66869171221326, 17.361274625225647, 17.28790482056602, 16.572531636519624, 16.75806097828471, 16.43878996150091, 16.272355095884507, 15.536584088409363, 15.609921183646598]","[2.2908379291940935, 16.14493683062913, 2.3636784442206826, 4.539807692307692, 2.4273851992409874, 16.00315634957574, 2.3716155128883414, 4.470179003189955, 2.500023546032493, 16.146903102408665, 2.287009365839708, 4.591708708050011, 2.515134864109639, 16.20726567550097, 2.3304876132614045]",97.19012983644951,9.899864012856966,c:\git\RailwAI\VIDEO\20260305\ADTC Rueschlikon_00_20260305200834.mp4,2026-03-05 20:08:34,DTZ,Trieb
ADTC_8_adz_raw_20260305_2030,2026-03-05 20:24:52.902,2026-03-05 20:25:03.046,"[Timestamp('2026-03-05 20:25:03.046000'), Timestamp('2026-03-05 20:25:03.184000'), Timestamp('2026-03-05 20:25:03.574000'), Timestamp('2026-03-05 20:25:03.711000'), Timestamp('2026-03-05 20:25:03.963000'), Timestamp('2026-03-05 20:25:04.088000'), Timestamp('2026-03-05 20:25:05.035000'), Timestamp('2026-03-05 20:25:05.160000'), Timestamp('2026-03-05 20:25:05.408000'), Timestamp('2026-03-05 20:25:05.554000'), Timestamp('2026-03-05 20:25:06.570000'), Timestamp('2026-03-05 20:25:06.711000'), Timestamp('2026-03-05 20:25:06.978000'), Timestamp('2026-03-05 20:25:07.136000'), Timestamp('2026-03-05 20:25:08.251000'), Timestamp('2026-03-05 20:25:08.407000')]","[0.138, 0.39, 0.137, 0.252, 0.125, 0.947, 0.125, 0.248, 0.146, 1.016, 0.141, 0.267, 0.158, 1.115, 0.156]","[19.83775937153104, 19.835472812885538, 19.45626283367556, 19.49964118680557, 19.181297755634866, 19.11881156757784, 18.22163314700628, 17.952957379203795, 17.76475260541488, 17.72018506117149, 16.571445592922462, 16.495624549759675, 16.163265306122447, 16.203799900377142, 15.424562635184312, 14.970610113621447]","[2.7376107932712834, 7.73583439702536, 2.665508008213552, 4.913909579075003, 2.397662219454358, 18.105514554496214, 2.277704143375785, 4.4523334300425415, 2.593653880390572, 18.003708022150235, 2.336573828602067, 4.404331754785834, 2.5537959183673467, 18.06723688892051, 2.406231771088753]",95.6516091892594,10.0183455389682,c:\git\RailwAI\VIDEO\20260305\ADTC Rueschlikon_00_20260305202504.mp4,2026-03-05 20:25:04,DPZ,Lok
ADTC_8_adz_raw_20260305_2040,2026-03-05 20:36:57.184,2026-03-05 20:37:07.231,"[Timestamp('2026-03-05 20:37:07.231000'), Timestamp('2026-03-05 20:37:07.344000'), Timestamp('2026-03-05 20:37:08.101000'), Timestamp('2026-03-05 20:37:08.213000'), Timestamp('2026-03-05 20:37:08.432000'), Timestamp('2026-03-05 20:37:08.552000'), Timestamp('2026-03-05 20:37:09.350000'), Timestamp('2026-03-05 20:37:09.469000'), Timestamp('2026-03-05 20:37:09.705000'), Timestamp('2026-03-05 20:37:09.829000'), Timestamp('2026-03-05 20:37:10.674000'), Timestamp('2026-03-05 20:37:10.806000'), Timestamp('2026-03-05 20:37:11.057000'), Timestamp('2026-03-05 20:37:11.193000'), Timestamp('2026-03-05 20:37:12.094000'), Timestamp('2026-03-05 20:37:12.229000')]","[0.113, 0.757, 0.112, 0.219, 0.12, 0.798, 0.119, 0.236, 0.124, 0.845, 0.132, 0.251, 0.136, 0.901, 0.135]","[21.42899850523169, 21.621731300885177, 20.78272604588394, 20.825176931185062, 20.69119286510591, 20.426364134346798, 19.7584401944675, 19.75342094567132, 19.355546793383922, 19.277186163070603, 18.640846982173557, 18.56929063154744, 17.9791043415132, 18.016393904397056, 17.394957983193276, 17.423384015389072]","[2.421476831091181, 16.36765059477008, 2.3276653171390014, 4.560713747929529, 2.4829431438127094, 16.300238579208745, 2.3512543831416326, 4.661807343178431, 2.4000878023796064, 16.28922230779466, 2.4605918016469097, 4.660891948518407, 2.4451581904457953, 16.23277090786175, 2.3483193277310925]",98.31079222664954,9.92953393497342,c:\git\RailwAI\VIDEO\20260305\ADTC Rueschlikon_00_20260305203708.mp4,2026-03-05 20:37:08,DTZ,Trieb
ADTC_8_adz_raw_20260305_2100,2026-03-05 20:53:46.854,2026-03-05 20:53:56.905,"[Timestamp('2026-03-05 20:53:56.905000'), Timestamp('2026-03-05 20:53:57.013000'), Timestamp('2026-03-05 20:53:57.747000'), Timestamp('2026-03-05 20:53:57.858000'), Timestamp('2026-03-05 20:53:58.074000'), Timestamp('2026-03-05 20:53:58.194000'), Timestamp('2026-03-05 20:53:58.981000'), Timestamp('2026-03-05 20:53:59.098000'), Timestamp('2026-03-05 20:53:59.326000'), Timestamp('2026-03-05 20:53:59.459000'), Timestamp('2026-03-05 20:54:00.306000'), Timestamp('2026-03-05 20:54:00.439000'), Timestamp('2026-03-05 20:54:00.693000'), Timestamp('2026-03-05 20:54:00.833000'), Timestamp('2026-03-05 20:54:01.768000'), Timestamp('2026-03-05 20:54:01.912000')]","[0.108, 0.734, 0.111, 0.216, 0.12, 0.787, 0.117, 0.228, 0.133, 0.847, 0.133, 0.254, 0.14, 0.935, 0.144]","[22.134034584429035, 22.05202860940566, 21.053036569647773, 20.857749469214436, 20.689655172413794, 20.531193448735994, 19.603593992231907, 19.33976044405492, 18.958942566382035, 19.11881156757784, 17.944928356550633, 17.748797916730744, 17.518773206347092, 17.376276512175963, 16.107790668539753, 15.603511106885954]","[2.390475735118336, 16.186188999303756, 2.336887059230903, 4.505273885350318, 2.4827586206896552, 16.15804924415523, 2.2936204970911334, 4.409465381244522, 2.5215393613288106, 16.19363339773843, 2.3866754714212344, 4.508194670849609, 2.452628248888593, 16.246818538884526, 2.3195218562697244]",97.39173096756475,9.584775120724457,c:\git\RailwAI\VIDEO\20260305\ADTC Rueschlikon_00_20260305205358.mp4,2026-03-05 20:53:58,DTZ,Trieb
ADTC_8_adz_raw_20260305_2110,2026-03-05 21:07:00.806,2026-03-05 21:07:10.858,"[Timestamp('2026-03-05 21:07:10.858000'), Timestamp('2026-03-05 21:07:10.966000'), Timestamp('2026-03-05 21:07:11.757000'), Timestamp('2026-03-05 21:07:11.878000'), Timestamp('2026-03-05 21:07:12.103000'), Timestamp('2026-03-05 21:07:12.229000'), Timestamp('2026-03-05 21:07:13.063000'), Timestamp('2026-03-05 21:07:13.194000'), Timestamp('2026-03-05 21:07:13.452000'), Timestamp('2026-03-05 21:07:13.578000'), Timestamp('2026-03-05 21:07:14.477000'), Timestamp('2026-03-05 21:07:14.616000'), Timestamp('2026-03-05 21:07:14.891000'), Timestamp('2026-03-05 21:07:15.035000'), Timestamp('2026-03-05 21:07:16.027000'), Timestamp('2026-03-05 21:07:16.175000')]","[0.108, 0.791, 0.121, 0.225, 0.126, 0.834, 0.131, 0.258, 0.126, 0.899, 0.139, 0.275, 0.144, 0.992, 0.148]","[20.892274211099018, 20.960698689956335, 19.81424148606811, 19.672131147540984, 19.393939393939394, 19.12350597609562, 18.199052132701418, 18.568665377176014, 17.744916820702404, 17.76133209990749, 17.081850533807827, 17.188898836168306, 16.695652173913043, 16.566005176876615, 15.584415584415584, 15.635179153094462]","[2.256365614798694, 16.57991266375546, 2.397523219814241, 4.426229508196721, 2.443636363636364, 15.949003984063745, 2.3840758293838857, 4.790715667311412, 2.235859519408503, 15.967437557816835, 2.3743772241992884, 4.7269471799462845, 2.404173913043478, 16.4334771354616, 2.3064935064935064]",97.67622888733,9.923686013981172,c:\git\RailwAI\VIDEO\20260305\ADTC Rueschlikon_00_20260305210712.mp4,2026-03-05 21:07:12,DTZ,Trieb
ADTC_8_adz_raw_20260305_2130,2026-03-05 21:23:31.270,2026-03-05 21:23:41.316,"[Timestamp('2026-03-05 21:23:41.316000'), Timestamp('2026-03-05 21:23:41.439000'), Timestamp('2026-03-05 21:23:41.804000'), Timestamp('2026-03-05 21:23:41.924000'), Timestamp('2026-03-05 21:23:42.163000'), Timestamp('2026-03-05 21:23:42.274000'), Timestamp('2026-03-05 21:23:43.133000'), Timestamp('2026-03-05 21:23:43.246000'), Timestamp('2026-03-05 21:23:43.462000'), Timestamp('2026-03-05 21:23:43.588000'), Timestamp('2026-03-05 21:23:44.476000'), Timestamp('2026-03-05 21:23:44.596000'), Timestamp('2026-03-05 21:23:44.826000'), Timestamp('2026-03-05 21:23:44.957000'), Timestamp('2026-03-05 21:23:45.891000'), Timestamp('2026-03-05 21:23:46.017000')]","[0.123, 0.365, 0.12, 0.239, 0.111, 0.859, 0.113, 0.216, 0.126, 0.888, 0.12, 0.23, 0.131, 0.934, 0.126]","[21.383498035480415, 21.333438683647817, 21.09900301414329, 20.962297614279993, 21.053542829935502, 20.763770027217372, 20.430063708110893, 20.211959629270105, 20.043937650381842, 20.096347551896294, 19.454505137112868, 19.31597357170618, 19.144874976140486, 19.165418087921196, 18.41901944769431, 18.166584312630246]","[2.630170258364091, 7.786705119531453, 2.5318803616971945, 5.009989129812919, 2.3369432541228408, 17.836078453379724, 2.308597199016531, 4.365783279922343, 2.5255361439481123, 17.84555662608391, 2.3345406164535443, 4.442673921492422, 2.5079786218744036, 17.900500494118397, 2.320796450409483]",94.68372993022736,9.930598545516396,c:\git\RailwAI\VIDEO\20260305\ADTC Rueschlikon_00_20260305212343.mp4,2026-03-05 21:23:43,DPZ,Lok
ADTC_8_adz_raw_20260305_2140,2026-03-05 21:37:28.614,2026-03-05 21:37:38.666,"[Timestamp('2026-03-05 21:37:38.666000'), Timestamp('2026-03-05 21:37:38.791000'), Timestamp('2026-03-05 21:37:39.630000'), Timestamp('2026-03-05 21:37:39.754000'), Timestamp('2026-03-05 21:37:39.995000'), Timestamp('2026-03-05 21:37:40.129000'), Timestamp('2026-03-05 21:37:40.994000'), Timestamp('2026-03-05 21:37:41.121000'), Timestamp('2026-03-05 21:37:41.365000'), Timestamp('2026-03-05 21:37:41.507000'), Timestamp('2026-03-05 21:37:42.399000'), Timestamp('2026-03-05 21:37:42.534000'), Timestamp('2026-03-05 21:37:42.792000'), Timestamp('2026-03-05 21:37:42.932000'), Timestamp('2026-03-05 21:37:43.861000'), Timestamp('2026-03-05 21:37:44.001000')]","[0.125, 0.839, 0.124, 0.241, 0.134, 0.865, 0.127, 0.244, 0.142, 0.892, 0.135, 0.258, 0.14, 0.929, 0.14]","[19.142591311401105, 19.183135704874832, 18.824180767500607, 18.978336035631262, 18.736861347226032, 18.643307226167003, 18.130715783766817, 18.499582289055976, 18.27865823170069, 18.06338327338639, 17.669888445621474, 17.744977449774495, 17.557374418231422, 17.47287253070472, 17.007280944012052, 17.08839710759115]","[2.392823913925138, 16.094650856389983, 2.3341984151700754, 4.573778984587134, 2.5107394205282882, 16.126460750634457, 2.302600904538386, 4.513898078529658, 2.5955694689014974, 16.11253787986066, 2.3854349401588992, 4.57820418204182, 2.458032418552399, 16.232298581024686, 2.3810193321616877]",97.59224812700477,9.918957273325123,c:\git\RailwAI\VIDEO\20260305\ADTC Rueschlikon_00_20260305213740.mp4,2026-03-05 21:37:40,DTZ,Trieb
ADTC_8_adz_raw_20260305_2200,2026-03-05 21:52:51.789,2026-03-05 21:53:01.840,"[Timestamp('2026-03-05 21:53:01.840000'), Timestamp('2026-03-05 21:53:01.954000'), Timestamp('2026-03-05 21:53:02.746000'), Timestamp('2026-03-05 21:53:02.865000'), Timestamp('2026-03-05 21:53:03.096000'), Timestamp('2026-03-05 21:53:03.224000'), Timestamp('2026-03-05 21:53:04.058000'), Timestamp('2026-03-05 21:53:04.185000'), Timestamp('2026-03-05 21:53:04.431000'), Timestamp('2026-03-05 21:53:04.565000'), Timestamp('2026-03-05 21:53:05.452000'), Timestamp('2026-03-05 21:53:05.589000'), Timestamp('2026-03-05 21:53:05.847000'), Timestamp('2026-03-05 21:53:05.990000'), Timestamp('2026-03-05 21:53:06.950000'), Timestamp('2026-03-05 21:53:07.089000')]","[0.114, 0.792, 0.119, 0.231, 0.128, 0.834, 0.127, 0.246, 0.134, 0.887, 0.137, 0.258, 0.143, 0.96, 0.139]","[20.40569234244409, 20.30042918454936, 19.532226683776955, 19.31972789115646, 18.963378963378958, 19.11881156757784, 18.33946400420389, 18.14042124947362, 17.936944355277667, 17.95348187469442, 17.281742173828505, 17.042297005248535, 16.813898704358067, 16.754028580115534, 15.884816467303532, 15.627977892128836]","[2.3262489270386264, 16.077939914163093, 2.3243349753694575, 4.462857142857143, 2.427312507312507, 15.945088847359917, 2.329111928533894, 4.46254362737051, 2.4035505436072078, 15.924738422853949, 2.3675986778145055, 4.396912627354122, 2.4043875147232034, 16.08386743691091, 2.207989488955191]",96.1444825822242,9.924449191092124,c:\git\RailwAI\VIDEO\20260305\ADTC Rueschlikon_00_20260305215303.mp4,2026-03-05 21:53:03,DTZ,Trieb
ADTC_8_adz_raw_20260305_2210,2026-03-05 22:07:10.253,2026-03-05 22:07:20.306,"[Timestamp('2026-03-05 22:07:20.306000'), Timestamp('2026-03-05 22:07:20.421000'), Timestamp('2026-03-05 22:07:21.201000'), Timestamp('2026-03-05 22:07:21.318000'), Timestamp('2026-03-05 22:07:21.538000'), Timestamp('2026-03-05 22:07:21.662000'), Timestamp('2026-03-05 22:07:22.460000'), Timestamp('2026-03-05 22:07:22.574000'), Timestamp('2026-03-05 22:07:22.801000'), Timestamp('2026-03-05 22:07:22.928000'), Timestamp('2026-03-05 22:07:23.755000'), Timestamp('2026-03-05 22:07:23.877000'), Timestamp('2026-03-05 22:07:24.118000'), Timestamp('2026-03-05 22:07:24.245000'), Timestamp('2026-03-05 22:07:25.111000'), Timestamp('2026-03-05 22:07:25.248000')]","[0.115, 0.78, 0.117, 0.22, 0.124, 0.798, 0.114, 0.227, 0.127, 0.827, 0.122, 0.241, 0.127, 0.866, 0.137]","[20.063243592655354, 20.27728708313259, 20.000086805932312, 20.130121329347638, 19.98873337088876, 19.917098177967738, 19.31785054902342, 19.7338065661047, 19.672131147540984, 19.455304050724397, 18.860583603520148, 18.972628421447318, 18.751788309889786, 18.66031961917715, 18.131103802994744, 17.96072666176625]","[2.307273013155366, 15.816283924843422, 2.3400101562940807, 4.42862669245648, 2.4786029379902064, 15.893844346018255, 2.20223496258867, 4.479574090505767, 2.498360655737705, 16.089536449949076, 2.300991199629458, 4.572403449568804, 2.381477115356003, 16.159836790207414, 2.48396122101028]",96.433017005311,9.928512730548668,c:\git\RailwAI\VIDEO\20260305\ADTC Rueschlikon_00_20260305220722.mp4,2026-03-05 22:07:22,DTZ,Trieb
ADTC_8_adz_raw_20260305_2230,2026-03-05 22:23:14.624,2026-03-05 22:23:24.671,"[Timestamp('2026-03-05 22:23:24.671000'), Timestamp('2026-03-05 22:23:24.793000'), Timestamp('2026-03-05 22:23:25.617000'), Timestamp('2026-03-05 22:23:25.742000'), Timestamp('2026-03-05 22:23:25.982000'), Timestamp('2026-03-05 22:23:26.111000'), Timestamp('2026-03-05 22:23:26.964000'), Timestamp('2026-03-05 22:23:27.096000'), Timestamp('2026-03-05 22:23:27.345000'), Timestamp('2026-03-05 22:23:27.484000'), Timestamp('2026-03-05 22:23:28.377000'), Timestamp('2026-03-05 22:23:28.513000'), Timestamp('2026-03-05 22:23:28.769000'), Timestamp('2026-03-05 22:23:28.916000'), Timestamp('2026-03-05 22:23:29.857000'), Timestamp('2026-03-05 22:23:29.996000')]","[0.122, 0.824, 0.125, 0.24, 0.129, 0.853, 0.132, 0.249, 0.139, 0.893, 0.136, 0.256, 0.147, 0.941, 0.139]","[19.61285152630656, 19.4331983805668, 19.066553062576922, 18.786764705882355, 18.823818897637793, 18.771359761458772, 18.233634677960477, 18.079096045197744, 17.961103877010963, 17.936944355277667, 17.550508848448388, 17.281742173828505, 17.20452209660843, 17.011017986627742, 16.495040151157298, 16.369250091579882]","[2.3927678862094, 16.012955465587044, 2.3833191328221153, 4.508823529411765, 2.4282726377952755, 16.011969876524333, 2.406839777490783, 4.501694915254238, 2.496593438904524, 16.017691309262958, 2.386869203388981, 4.424125996500098, 2.529064748201439, 16.007367925416705, 2.2928105810108645]",96.80116642378051,9.9181431812024,c:\git\RailwAI\VIDEO\20260305\ADTC Rueschlikon_00_20260305222326.mp4,2026-03-05 22:23:26,DTZ,Trieb
ADTC_8_adz_raw_20260305_2240,2026-03-05 22:37:57.619,2026-03-05 22:38:07.669,"[Timestamp('2026-03-05 22:38:07.669000'), Timestamp('2026-03-05 22:38:07.779000'), Timestamp('2026-03-05 22:38:08.544000'), Timestamp('2026-03-05 22:38:08.660000'), Timestamp('2026-03-05 22:38:08.880000'), Timestamp('2026-03-05 22:38:09'), Timestamp('2026-03-05 22:38:09.795000'), Timestamp('2026-03-05 22:38:09.911000'), Timestamp('2026-03-05 22:38:10.145000'), Timestamp('2026-03-05 22:38:10.267000'), Timestamp('2026-03-05 22:38:11.110000'), Timestamp('2026-03-05 22:38:11.235000'), Timestamp('2026-03-05 22:38:11.484000'), Timestamp('2026-03-05 22:38:11.619000'), Timestamp('2026-03-05 22:38:12.526000'), Timestamp('2026-03-05 22:38:12.664000')]","[0.11, 0.765, 0.116, 0.22, 0.12, 0.795, 0.116, 0.234, 0.122, 0.843, 0.125, 0.249, 0.135, 0.907, 0.138]","[21.09930876577738, 21.145374449339208, 20.601712204175048, 20.623009829710647, 20.34227018873346, 20.19108280254777, 19.631983941117433, 19.773450426371383, 19.239713235737092, 19.359875097580016, 18.50267379679144, 18.515377404811858, 18.233634677960477, 18.01284217641095, 17.19199912783054, 17.173743987557486]","[2.320923964235512, 16.176211453744493, 2.3897986156843056, 4.537062162536342, 2.441072422648015, 16.051910828025477, 2.2773101371696223, 4.626987399770904, 2.3472450147599253, 16.32037470725995, 2.31283422459893, 4.610328973798152, 2.4615406815246645, 16.337647854004732, 2.372495879640615]",97.58374431940165,9.926983913519845,c:\git\RailwAI\VIDEO\20260305\ADTC Rueschlikon_00_20260305223809.mp4,2026-03-05 22:38:09,DTZ,Trieb
ADTC_8_adz_raw_20260305_2300,2026-03-05 22:52:18.298,2026-03-05 22:52:28.370,"[Timestamp('2026-03-05 22:52:28.370000'), Timestamp('2026-03-05 22:52:28.501000'), Timestamp('2026-03-05 22:52:29.361000'), Timestamp('2026-03-05 22:52:29.489000'), Timestamp('2026-03-05 22:52:29.739000'), Timestamp('2026-03-05 22:52:29.885000'), Timestamp('2026-03-05 22:52:30.792000'), Timestamp('2026-03-05 22:52:30.931000'), Timestamp('2026-03-05 22:52:31.198000'), Timestamp('2026-03-05 22:52:31.348000'), Timestamp('2026-03-05 22:52:32.333000'), Timestamp('2026-03-05 22:52:32.477000'), Timestamp('2026-03-05 22:52:32.769000'), Timestamp('2026-03-05 22:52:32.930000'), Timestamp('2026-03-05 22:52:33.997000'), Timestamp('2026-03-05 22:52:34.154000')]","[0.131, 0.86, 0.128, 0.25, 0.146, 0.907, 0.139, 0.267, 0.15, 0.985, 0.144, 0.292, 0.161, 1.067, 0.157]","[18.71352140077821, 18.645275888988202, 18.046706878822896, 17.79500288612188, 17.696228338430174, 17.68606022805852, 16.902246689480727, 16.666666666666664, 16.55251141552511, 16.338628259158057, 15.763589301121653, 15.434721920655107, 15.189873417721522, 15.21495796210315, 14.340410720501218, 14.08664197743519]","[2.4514713035019455, 16.034937264529855, 2.3099784804893306, 4.44875072153047, 2.5836493374108054, 16.041256626849076, 2.3494122898378214, 4.449999999999999, 2.4828767123287663, 16.093548835270685, 2.269956859361518, 4.506938800831291, 2.445569620253165, 16.23436014556406, 2.251444483118691]",96.95415148087748,9.933709349513103,c:\git\RailwAI\VIDEO\20260305\ADTC Rueschlikon_00_20260305225226.mp4,2026-03-05 22:52:26,DTZ,Trieb
ADTC_8_adz_raw_20260305_2320,2026-03-05 23:09:50.362,2026-03-05 23:10:00.414,"[Timestamp('2026-03-05 23:10:00.414000'), Timestamp('2026-03-05 23:10:00.523000'), Timestamp('2026-03-05 23:10:01.293000'), Timestamp('2026-03-05 23:10:01.408000'), Timestamp('2026-03-05 23:10:01.631000'), Timestamp('2026-03-05 23:10:01.750000'), Timestamp('2026-03-05 23:10:02.580000'), Timestamp('2026-03-05 23:10:02.704000'), Timestamp('2026-03-05 23:10:02.947000'), Timestamp('2026-03-05 23:10:03.079000'), Timestamp('2026-03-05 23:10:03.982000'), Timestamp('2026-03-05 23:10:04.121000'), Timestamp('2026-03-05 23:10:04.392000'), Timestamp('2026-03-05 23:10:04.540000'), Timestamp('2026-03-05 23:10:05.538000'), Timestamp('2026-03-05 23:10:05.690000')]","[0.109, 0.77, 0.115, 0.223, 0.119, 0.83, 0.124, 0.243, 0.132, 0.903, 0.139, 0.271, 0.148, 0.998, 0.152]","[21.107159424771922, 21.174479343988015, 20.243713836226434, 20.255418404547495, 19.800632803728778, 19.619238476953903, 18.827076227355406, 18.550880494690148, 18.268332428028245, 18.166584312630246, 17.15073247919963, 17.05172495385926, 16.62697865244696, 16.50073980443174, 15.440828517125015, 15.37751238880852]","[2.3006803773001394, 16.304349094870773, 2.32802709116604, 4.516958304214091, 2.3562753036437245, 16.28396793587174, 2.3345574521920702, 4.507863960209706, 2.411419880499728, 16.404425634305113, 2.3839518146087486, 4.6210174624958595, 2.46079284056215, 16.467738324822875, 2.3470059346030023]",98.02903141136576,9.925965625979568,c:\git\RailwAI\VIDEO\20260305\ADTC Rueschlikon_00_20260305231002.mp4,2026-03-05 23:10:02,DTZ,Trieb
ADTC_8_adz_raw_20260305_2330,2026-03-05 23:23:12.333,2026-03-05 23:23:22.381,"[Timestamp('2026-03-05 23:23:22.381000'), Timestamp('2026-03-05 23:23:22.498000'), Timestamp('2026-03-05 23:23:22.862000'), Timestamp('2026-03-05 23:23:22.974000'), Timestamp('2026-03-05 23:23:23.211000'), Timestamp('2026-03-05 23:23:23.322000'), Timestamp('2026-03-05 23:23:24.166000'), Timestamp('2026-03-05 23:23:24.278000'), Timestamp('2026-03-05 23:23:24.498000'), Timestamp('2026-03-05 23:23:24.613000'), Timestamp('2026-03-05 23:23:25.508000'), Timestamp('2026-03-05 23:23:25.633000'), Timestamp('2026-03-05 23:23:25.863000'), Timestamp('2026-03-05 23:23:25.998000'), Timestamp('2026-03-05 23:23:26.974000'), Timestamp('2026-03-05 23:23:27.104000')]","[0.117, 0.364, 0.112, 0.237, 0.111, 0.844, 0.112, 0.22, 0.115, 0.895, 0.125, 0.23, 0.135, 0.976, 0.13]","[21.943115086414075, 21.583933308071238, 21.60520080199283, 21.381800865113696, 21.430279837359485, 21.251524367846486, 20.689751271511177, 20.475040587183997, 20.21133252960783, 20.13463542468198, 19.143504711916975, 18.827076227355406, 18.588051823416507, 18.539727988546886, 17.26641046543224, 16.921041352192468]","[2.567344465110447, 7.856551724137931, 2.4197824898231968, 5.067486805031946, 2.378761061946903, 17.93628656646243, 2.317252142409252, 4.50450892918048, 2.3243032409049005, 18.020498705090375, 2.392938088989622, 4.330227532291744, 2.5093869961612287, 18.09477451682176, 2.2446333605061914]",94.9647366248684,9.932396421766434,c:\git\RailwAI\VIDEO\20260305\ADTC Rueschlikon_00_20260305232324.mp4,2026-03-05 23:23:24,DPZ,Lok
ADTC_8_adz_raw_20260305_2340,2026-03-05 23:37:30.765,2026-03-05 23:37:40.823,"[Timestamp('2026-03-05 23:37:40.823000'), Timestamp('2026-03-05 23:37:40.954000'), Timestamp('2026-03-05 23:37:41.885000'), Timestamp('2026-03-05 23:37:42.025000'), Timestamp('2026-03-05 23:37:42.288000'), Timestamp('2026-03-05 23:37:42.441000'), Timestamp('2026-03-05 23:37:43.411000'), Timestamp('2026-03-05 23:37:43.560000'), Timestamp('2026-03-05 23:37:43.847000'), Timestamp('2026-03-05 23:37:44.009000'), Timestamp('2026-03-05 23:37:45.050000'), Timestamp('2026-03-05 23:37:45.215000'), Timestamp('2026-03-05 23:37:45.530000'), Timestamp('2026-03-05 23:37:45.697000'), Timestamp('2026-03-05 23:37:46.841000'), Timestamp('2026-03-05 23:37:47.021000')]","[0.131, 0.931, 0.14, 0.263, 0.153, 0.97, 0.149, 0.287, 0.162, 1.041, 0.165, 0.315, 0.167, 1.144, 0.18]","[17.454545454545453, 17.29735345297769, 16.94627944659105, 16.668475311991315, 16.582091555913546, 16.44419024154164, 15.803764504398064, 15.609921183646598, 15.458977284514052, 15.332609327439314, 14.591317002182876, 14.38209509958389, 14.170119870847984, 13.934674891293357, 13.180003844544704, 12.938028890426708]","[2.2865454545454544, 16.10383606472223, 2.3724791225227473, 4.383809007053716, 2.5370600080547727, 15.950864534295391, 2.3547609111553114, 4.480047379706574, 2.5043543200912763, 15.961246309864325, 2.4075673053601747, 4.530359956368925, 2.3664100184316132, 15.941268075639599, 2.3724006920180467]",96.55300915983015,9.908959396108203,c:\git\RailwAI\VIDEO\20260305\ADTC Rueschlikon_00_20260305233742.mp4,2026-03-05 23:37:42,DTZ,Trieb
ADTC_8_adz_raw_20260305_0000,2026-03-05 23:52:37.280,2026-03-05 23:52:47.353,"[Timestamp('2026-03-05 23:52:47.353000'), Timestamp('2026-03-05 23:52:47.482000'), Timestamp('2026-03-05 23:52:47.869000'), Timestamp('2026-03-05 23:52:48.007000'), Timestamp('2026-03-05 23:52:48.254000'), Timestamp('2026-03-05 23:52:48.374000'), Timestamp('2026-03-05 23:52:49.285000'), Timestamp('2026-03-05 23:52:49.407000'), Timestamp('2026-03-05 23:52:49.643000'), Timestamp('2026-03-05 23:52:49.772000'), Timestamp('2026-03-05 23:52:50.721000'), Timestamp('2026-03-05 23:52:50.848000'), Timestamp('2026-03-05 23:52:51.098000'), Timestamp('2026-03-05 23:52:51.238000'), Timestamp('2026-03-05 23:52:52.238000'), Timestamp('2026-03-05 23:52:52.371000')]","[0.129, 0.387, 0.138, 0.247, 0.12, 0.911, 0.122, 0.236, 0.129, 0.949, 0.127, 0.25, 0.14, 1.0, 0.133]","[20.22343346002545, 19.95337995337995, 19.86289059491103, 19.71926035902281, 19.68610148124803, 19.53285251108317, 19.056696665944582, 18.810307901342608, 18.793890146769805, 18.791289454367508, 18.12411169411287, 17.881063457102723, 17.78168047856868, 17.849159698650546, 17.366726858757946, 16.988890627444846]","[2.608822916343283, 7.721958041958041, 2.741078902097722, 4.870657308678634, 2.3623321777497637, 17.79442863759677, 2.324916993245239, 4.439232664716855, 2.4244118289333048, 17.832933692194764, 2.3017621851523344, 4.470265864275681, 2.4894352669996156, 17.849159698650546, 2.309774672214807]",94.54117085080736,9.945004854839317,c:\git\RailwAI\VIDEO\20260305\ADTC Rueschlikon_00_20260305235256.mp4,2026-03-05 23:52:56,DPZ,Lok
