file,timestamp_raw,timestamp,timestamp_serie,delta_t,velocity,length,total_length,first_peak_raw,video,timestamp_video,train_class,train_type
ADTC_8_adz_raw_20260308_0010,2026-03-08 00:08:25.062,2026-03-08 00:08:35.109,"[Timestamp('2026-03-08 00:08:35.109000'), Timestamp('2026-03-08 00:08:35.215000'), Timestamp('2026-03-08 00:08:35.951000'), Timestamp('2026-03-08 00:08:36.058000'), Timestamp('2026-03-08 00:08:36.274000'), Timestamp('2026-03-08 00:08:36.386000'), Timestamp('2026-03-08 00:08:37.170000'), Timestamp('2026-03-08 00:08:37.287000'), Timestamp('2026-03-08 00:08:37.512000'), Timestamp('2026-03-08 00:08:37.635000'), Timestamp('2026-03-08 00:08:38.480000'), Timestamp('2026-03-08 00:08:38.602000'), Timestamp('2026-03-08 00:08:38.852000'), Timestamp('2026-03-08 00:08:38.988000'), Timestamp('2026-03-08 00:08:39.914000'), Timestamp('2026-03-08 00:08:40.046000')]","[0.106, 0.736, 0.107, 0.216, 0.112, 0.784, 0.117, 0.225, 0.123, 0.845, 0.122, 0.25, 0.136, 0.926, 0.132]","[22.14771529840023, 21.95550351288056, 21.311782388015573, 21.00470597237632, 20.658919571827226, 20.700220037322786, 19.73630831643002, 19.70974453138819, 19.1127576707514, 18.98470260266592, 18.309152394458383, 17.76572578988455, 17.633366842307666, 17.582358658131973, 16.628873771730916, 16.275862068965516]","[2.347657821630424, 16.15925058548009, 2.2803607155176664, 4.537016490033285, 2.3137989920446493, 16.228972509261066, 2.309148073022312, 4.434692519562343, 2.350869193502422, 16.0420736992527, 2.2337165921239226, 4.441431447471137, 2.398137890553843, 16.281264117430208, 2.1950113378684812]",96.55340198475454,9.929160778232587,c:\git\RailwAI\VIDEO\20260308\ADTC Rueschlikon_00_20260308000837.mp4,2026-03-08 00:08:37,DTZ,Trieb
ADTC_8_adz_raw_20260308_0030,2026-03-08 00:23:43.840,2026-03-08 00:23:53.895,"[Timestamp('2026-03-08 00:23:53.895000'), Timestamp('2026-03-08 00:23:54.026000'), Timestamp('2026-03-08 00:23:54.896000'), Timestamp('2026-03-08 00:23:55.029000'), Timestamp('2026-03-08 00:23:55.247000'), Timestamp('2026-03-08 00:23:55.391000'), Timestamp('2026-03-08 00:23:56.362000'), Timestamp('2026-03-08 00:23:56.505000'), Timestamp('2026-03-08 00:23:56.722000'), Timestamp('2026-03-08 00:23:56.873000'), Timestamp('2026-03-08 00:23:57.914000'), Timestamp('2026-03-08 00:23:58.053000'), Timestamp('2026-03-08 00:23:58.300000'), Timestamp('2026-03-08 00:23:58.464000'), Timestamp('2026-03-08 00:23:59.563000'), Timestamp('2026-03-08 00:23:59.730000'), Timestamp('2026-03-08 00:23:59.981000'), Timestamp('2026-03-08 00:24:00.170000'), Timestamp('2026-03-08 00:24:01.373000'), Timestamp('2026-03-08 00:24:01.551000'), Timestamp('2026-03-08 00:24:01.852000'), Timestamp('2026-03-08 00:24:02.046000'), Timestamp('2026-03-08 00:24:03.297000'), Timestamp('2026-03-08 00:24:03.504000')]","[0.131, 0.87, 0.133, 0.218, 0.144, 0.971, 0.143, 0.217, 0.151, 1.041, 0.139, 0.247, 0.164, 1.099, 0.167, 0.251, 0.189, 1.203, 0.178, 0.301, 0.194, 1.251, 0.207]","[18.113465481886532, 17.99439256276746, 17.566463537132524, 17.252359023709722, 17.36445467866862, 16.933797909407666, 16.46776357601864, 16.243701328447088, 16.21640130114706, 16.16179938327589, 15.509249592850875, 15.130784708249497, 14.955593302596458, 14.864242982052463, 14.307036247334755, 14.026998642383258, 13.776745565054108, 13.823245244838468, 13.05264091927505, 12.62327961823086, 12.557662035452742, 12.41933324407551, 11.64376710112095, 11.455847255369926]","[2.372863978127136, 15.655121529607689, 2.336339650438626, 3.7610142671687194, 2.500481473728281, 16.442717770034843, 2.3548901913706652, 3.524883188273018, 2.448676596473206, 16.824433157990203, 2.155785693406272, 3.7373038229376254, 2.4527173016258192, 16.335803037275657, 2.389275053304904, 3.520776659238198, 2.6038049117952267, 16.629364029540678, 2.3233700836309588, 3.799607165087489, 2.436186434877832, 15.536585888338461, 2.4102597899320366]",144.55226167420352,9.920984186948052,c:\git\RailwAI\VIDEO\20260308\ADTC Rueschlikon_00_20260308002356.mp4,2026-03-08 00:23:56,RABe 511,Trieb
ADTC_8_adz_raw_20260308_0040,2026-03-08 00:37:49.360,2026-03-08 00:37:59.411,"[Timestamp('2026-03-08 00:37:59.411000'), Timestamp('2026-03-08 00:37:59.533000'), Timestamp('2026-03-08 00:38:00.342000'), Timestamp('2026-03-08 00:38:00.464000'), Timestamp('2026-03-08 00:38:00.697000'), Timestamp('2026-03-08 00:38:00.829000'), Timestamp('2026-03-08 00:38:01.677000'), Timestamp('2026-03-08 00:38:01.811000'), Timestamp('2026-03-08 00:38:02.059000'), Timestamp('2026-03-08 00:38:02.196000'), Timestamp('2026-03-08 00:38:03.103000'), Timestamp('2026-03-08 00:38:03.248000'), Timestamp('2026-03-08 00:38:03.519000'), Timestamp('2026-03-08 00:38:03.670000'), Timestamp('2026-03-08 00:38:04.666000'), Timestamp('2026-03-08 00:38:04.811000')]","[0.122, 0.809, 0.122, 0.233, 0.132, 0.848, 0.134, 0.248, 0.137, 0.907, 0.145, 0.271, 0.151, 0.996, 0.145]","[19.75517739265193, 19.537888198757763, 19.33976044405492, 18.883163904748642, 18.805111085530104, 18.914128584116444, 17.96072666176625, 17.816893406468544, 17.567051732797587, 17.499767784397765, 16.724941724941722, 16.453034130294306, 16.135183003821936, 16.299351389960943, 15.252979570820651, 14.9097442452159]","[2.4101316419035355, 15.806151552795031, 2.3594507741747, 4.399777189806434, 2.482274663289974, 16.039181039330742, 2.406737372676678, 4.418589564804199, 2.4066860873932696, 15.872289380448773, 2.4251165501165497, 4.4587722493097575, 2.4364126335771124, 16.2341539844011, 2.2116820377689943]",96.36740672179688,9.92133537040608,c:\git\RailwAI\VIDEO\20260308\ADTC Rueschlikon_00_20260308003801.mp4,2026-03-08 00:38:01,DTZ,Trieb
ADTC_8_adz_raw_20260308_0150,2026-03-08 01:44:48.919,2026-03-08 01:44:58.968,"[Timestamp('2026-03-08 01:44:58.968000'), Timestamp('2026-03-08 01:44:59.082000'), Timestamp('2026-03-08 01:44:59.863000'), Timestamp('2026-03-08 01:44:59.981000'), Timestamp('2026-03-08 01:45:00.204000'), Timestamp('2026-03-08 01:45:00.331000'), Timestamp('2026-03-08 01:45:01.146000'), Timestamp('2026-03-08 01:45:01.273000'), Timestamp('2026-03-08 01:45:01.500000'), Timestamp('2026-03-08 01:45:01.633000'), Timestamp('2026-03-08 01:45:02.501000'), Timestamp('2026-03-08 01:45:02.627000'), Timestamp('2026-03-08 01:45:02.884000'), Timestamp('2026-03-08 01:45:03.021000'), Timestamp('2026-03-08 01:45:03.960000'), Timestamp('2026-03-08 01:45:04.094000')]","[0.114, 0.781, 0.118, 0.223, 0.127, 0.815, 0.127, 0.227, 0.133, 0.868, 0.126, 0.257, 0.137, 0.939, 0.134]","[20.690520096429413, 20.545123279895257, 20.062893081761004, 19.84013117442099, 19.68610148124803, 19.88360150633345, 19.12418897200341, 18.99929527836504, 18.772364437104322, 18.5536517231592, 17.924485580222317, 17.454545454545453, 17.360763653844266, 17.197513519755198, 16.386117705314362, 16.067226890756302]","[2.358719290992953, 16.045741281598197, 2.367421383647798, 4.4243492518958805, 2.5001348881184997, 16.20513522766176, 2.4287719994444332, 4.312840028188864, 2.496724470134875, 16.104569695702185, 2.258485183108012, 4.485818181818182, 2.3784246205766646, 16.14846519505013, 2.1957397725121246]",96.71134047045057,9.925173074964375,c:\git\RailwAI\VIDEO\20260308\ADTC Rueschlikon_00_20260308014501.mp4,2026-03-08 01:45:01,DTZ,Trieb
ADTC_8_adz_raw_20260308_0250,2026-03-08 02:44:41.863,2026-03-08 02:44:51.907,"[Timestamp('2026-03-08 02:44:51.907000'), Timestamp('2026-03-08 02:44:52.006000'), Timestamp('2026-03-08 02:44:52.686000'), Timestamp('2026-03-08 02:44:52.787000'), Timestamp('2026-03-08 02:44:52.982000'), Timestamp('2026-03-08 02:44:53.087000'), Timestamp('2026-03-08 02:44:53.793000'), Timestamp('2026-03-08 02:44:53.897000'), Timestamp('2026-03-08 02:44:54.097000'), Timestamp('2026-03-08 02:44:54.209000'), Timestamp('2026-03-08 02:44:54.949000'), Timestamp('2026-03-08 02:44:55.058000'), Timestamp('2026-03-08 02:44:55.279000'), Timestamp('2026-03-08 02:44:55.389000'), Timestamp('2026-03-08 02:44:56.176000'), Timestamp('2026-03-08 02:44:56.296000')]","[0.099, 0.68, 0.101, 0.195, 0.105, 0.706, 0.104, 0.2, 0.112, 0.74, 0.109, 0.221, 0.11, 0.787, 0.12]","[23.82148662627457, 23.646611295479502, 23.245778611632275, 23.104726598702502, 22.91286912139993, 22.807482858835808, 22.325702140087287, 21.943115086414075, 21.86969720557328, 21.801534273694628, 21.170772507561686, 20.646689083248148, 20.73472815058428, 20.43145139379449, 19.67246157722348, 19.31871095220935]","[2.3583271760011826, 16.07969568092606, 2.3478236397748597, 4.505421686746988, 2.4058512577469924, 16.10208289833808, 2.321873022569078, 4.388623017282815, 2.4494060870242076, 16.133135362534023, 2.3076142033242237, 4.5629182873978404, 2.280820096564271, 16.079552246916265, 2.3606953892668177]",96.6838400524137,9.934894648783132,c:\git\RailwAI\VIDEO\20260308\ADTC Rueschlikon_00_20260308024454.mp4,2026-03-08 02:44:54,DTZ,Trieb
ADTC_8_adz_raw_20260308_0350,2026-03-08 03:45:02.752,2026-03-08 03:45:12.798,"[Timestamp('2026-03-08 03:45:12.798000'), Timestamp('2026-03-08 03:45:12.900000'), Timestamp('2026-03-08 03:45:13.613000'), Timestamp('2026-03-08 03:45:13.719000'), Timestamp('2026-03-08 03:45:13.917000'), Timestamp('2026-03-08 03:45:14.031000'), Timestamp('2026-03-08 03:45:14.773000'), Timestamp('2026-03-08 03:45:14.889000'), Timestamp('2026-03-08 03:45:15.104000'), Timestamp('2026-03-08 03:45:15.223000'), Timestamp('2026-03-08 03:45:16.018000'), Timestamp('2026-03-08 03:45:16.140000'), Timestamp('2026-03-08 03:45:16.374000'), Timestamp('2026-03-08 03:45:16.503000'), Timestamp('2026-03-08 03:45:17.377000'), Timestamp('2026-03-08 03:45:17.498000')]","[0.102, 0.713, 0.106, 0.198, 0.114, 0.742, 0.116, 0.215, 0.119, 0.795, 0.122, 0.234, 0.129, 0.874, 0.121]","[22.844208024446836, 22.55310700813977, 22.20012190818389, 22.07188160676533, 21.60191963065334, 21.692093464522344, 20.826744974023043, 20.56617535747216, 20.25460696163091, 20.199123855037833, 19.31714663978331, 18.963378963378958, 18.774804811464318, 18.609124241149246, 17.643365848719075, 17.137506449496463]","[2.330109218493577, 16.080365296803656, 2.3532129222674922, 4.370232558139536, 2.462618837894481, 16.09553335067558, 2.415902416986673, 4.421727701856515, 2.410298228434078, 16.058303464755078, 2.356691890053564, 4.437430677430676, 2.421949820678897, 16.26437458676444, 2.134847267695008]",96.61359823892924,9.932592846753291,c:\git\RailwAI\VIDEO\20260308\ADTC Rueschlikon_00_20260308034515.mp4,2026-03-08 03:45:15,DTZ,Trieb
ADTC_8_adz_raw_20260308_0450,2026-03-08 04:44:18.931,2026-03-08 04:44:28.975,"[Timestamp('2026-03-08 04:44:28.975000'), Timestamp('2026-03-08 04:44:29.068000'), Timestamp('2026-03-08 04:44:29.690000'), Timestamp('2026-03-08 04:44:29.785000'), Timestamp('2026-03-08 04:44:29.932000'), Timestamp('2026-03-08 04:44:30.032000'), Timestamp('2026-03-08 04:44:30.702000'), Timestamp('2026-03-08 04:44:30.791000'), Timestamp('2026-03-08 04:44:30.933000'), Timestamp('2026-03-08 04:44:31.032000'), Timestamp('2026-03-08 04:44:31.702000'), Timestamp('2026-03-08 04:44:31.787000'), Timestamp('2026-03-08 04:44:31.934000'), Timestamp('2026-03-08 04:44:32.032000'), Timestamp('2026-03-08 04:44:32.693000'), Timestamp('2026-03-08 04:44:32.786000'), Timestamp('2026-03-08 04:44:32.927000'), Timestamp('2026-03-08 04:44:33.025000'), Timestamp('2026-03-08 04:44:33.690000'), Timestamp('2026-03-08 04:44:33.782000'), Timestamp('2026-03-08 04:44:33.932000'), Timestamp('2026-03-08 04:44:34.031000'), Timestamp('2026-03-08 04:44:34.654000'), Timestamp('2026-03-08 04:44:34.749000')]","[0.093, 0.622, 0.095, 0.147, 0.1, 0.67, 0.089, 0.142, 0.099, 0.67, 0.085, 0.147, 0.098, 0.661, 0.093, 0.141, 0.098, 0.665, 0.092, 0.15, 0.099, 0.623, 0.095]","[25.163870223028404, 25.16490765171504, 25.296486599083465, 25.265957446808518, 25.14191690662279, 25.034679722562224, 25.56813345816665, 25.230352677893052, 25.198412698412703, 25.373238551457344, 25.885225885225886, 25.29859452252653, 25.33845896707337, 25.438005390835585, 25.611656149287498, 25.546551541101948, 25.329991645781128, 25.498052937524694, 25.806638098610378, 25.43407773395281, 25.777431771982183, 25.503450417013592, 25.876762789075613, 25.73800539083558]","[2.3402399307416415, 15.652572559366755, 2.403166226912929, 3.714095744680852, 2.514191690662279, 16.77323541411669, 2.2755638777768317, 3.582710080260813, 2.494642857142858, 17.000069829476423, 2.2002442002442004, 3.7188933948113996, 2.4831689787731905, 16.81452156334232, 2.3818840218837374, 3.602063767295374, 2.4823391812865507, 16.956205203453923, 2.3742107050721546, 3.8151116600929216, 2.5519657454262363, 15.888649609799469, 2.458292464962183]",146.47803870758173,9.939357264125665,c:\git\RailwAI\VIDEO\20260308\ADTC Rueschlikon_00_20260308044431.mp4,2026-03-08 04:44:31,RABe 511,Trieb
ADTC_8_adz_raw_20260308_0500,2026-03-08 04:56:12.656,2026-03-08 04:56:22.736,"[Timestamp('2026-03-08 04:56:22.736000'), Timestamp('2026-03-08 04:56:22.853000'), Timestamp('2026-03-08 04:56:23.677000'), Timestamp('2026-03-08 04:56:23.804000'), Timestamp('2026-03-08 04:56:24.044000'), Timestamp('2026-03-08 04:56:24.175000'), Timestamp('2026-03-08 04:56:25.044000'), Timestamp('2026-03-08 04:56:25.177000'), Timestamp('2026-03-08 04:56:25.434000'), Timestamp('2026-03-08 04:56:25.571000'), Timestamp('2026-03-08 04:56:26.496000'), Timestamp('2026-03-08 04:56:26.641000'), Timestamp('2026-03-08 04:56:26.915000'), Timestamp('2026-03-08 04:56:27.071000'), Timestamp('2026-03-08 04:56:28.071000'), Timestamp('2026-03-08 04:56:28.232000')]","[0.117, 0.824, 0.127, 0.24, 0.131, 0.869, 0.133, 0.257, 0.137, 0.925, 0.145, 0.274, 0.156, 1.0, 0.161]","[19.776974387697948, 19.458660204542653, 19.07076573448646, 18.825338844564072, 18.60528005949363, 18.46017437564652, 17.713141876710647, 17.518306510424473, 17.61521264847685, 17.359600117612466, 16.556645851917928, 16.24742268041237, 16.162761365150182, 16.086901604142984, 15.202672203665253, 15.130108199946347]","[2.31390600336066, 16.033936008543144, 2.4219872482797804, 4.5180813226953775, 2.4372916877936657, 16.041891532436825, 2.355847869602516, 4.5022047731790895, 2.4132841328413286, 16.057630108791532, 2.4007136485280993, 4.45179381443299, 2.521390772963428, 16.086901604142984, 2.447630224790106]",97.0044907523815,9.94669190173748,c:\git\RailwAI\VIDEO\20260308\ADTC Rueschlikon_00_20260308045625.mp4,2026-03-08 04:56:25,DTZ,Trieb
ADTC_8_adz_raw_20260308_0540,2026-03-08 05:37:12.898,2026-03-08 05:37:22.960,"[Timestamp('2026-03-08 05:37:22.960000'), Timestamp('2026-03-08 05:37:23.102000'), Timestamp('2026-03-08 05:37:24.068000'), Timestamp('2026-03-08 05:37:24.213000'), Timestamp('2026-03-08 05:37:24.488000'), Timestamp('2026-03-08 05:37:24.648000'), Timestamp('2026-03-08 05:37:25.658000'), Timestamp('2026-03-08 05:37:25.815000'), Timestamp('2026-03-08 05:37:26.109000'), Timestamp('2026-03-08 05:37:26.277000'), Timestamp('2026-03-08 05:37:27.345000'), Timestamp('2026-03-08 05:37:27.500000'), Timestamp('2026-03-08 05:37:27.813000'), Timestamp('2026-03-08 05:37:27.990000'), Timestamp('2026-03-08 05:37:29.125000'), Timestamp('2026-03-08 05:37:29.298000')]","[0.142, 0.966, 0.145, 0.275, 0.16, 1.01, 0.157, 0.294, 0.168, 1.068, 0.155, 0.313, 0.177, 1.135, 0.173]","[16.739332688764435, 16.51177511047485, 16.09443507588533, 15.894431850266031, 15.737747212435401, 15.733691275167784, 15.298892201730016, 14.991588443252468, 14.838031533683708, 15.002966895308885, 14.490772385509228, 14.097189877348239, 14.056119003672237, 14.082180466652902, 13.588280548788305, 13.352523329773899]","[2.3769852418045496, 15.950374756718706, 2.3336930860033727, 4.3709687588231585, 2.5180395539896643, 15.891028187919462, 2.4019260756716125, 4.407527002316225, 2.492789297658863, 16.02316864418989, 2.24606971975393, 4.412420431609998, 2.4879330636499857, 15.983274829651045, 2.3507725349403765]",96.24697118470084,9.908832021516432,c:\git\RailwAI\VIDEO\20260308\ADTC Rueschlikon_00_20260308053725.mp4,2026-03-08 05:37:25,DTZ,Trieb
ADTC_8_adz_raw_20260308_0550,2026-03-08 05:46:13.784,2026-03-08 05:46:23.830,"[Timestamp('2026-03-08 05:46:23.830000'), Timestamp('2026-03-08 05:46:23.922000'), Timestamp('2026-03-08 05:46:24.522000'), Timestamp('2026-03-08 05:46:24.612000'), Timestamp('2026-03-08 05:46:24.754000'), Timestamp('2026-03-08 05:46:24.854000'), Timestamp('2026-03-08 05:46:25.491000'), Timestamp('2026-03-08 05:46:25.584000'), Timestamp('2026-03-08 05:46:25.720000'), Timestamp('2026-03-08 05:46:25.815000'), Timestamp('2026-03-08 05:46:26.459000'), Timestamp('2026-03-08 05:46:26.543000'), Timestamp('2026-03-08 05:46:26.689000'), Timestamp('2026-03-08 05:46:26.781000'), Timestamp('2026-03-08 05:46:27.428000'), Timestamp('2026-03-08 05:46:27.519000'), Timestamp('2026-03-08 05:46:27.652000'), Timestamp('2026-03-08 05:46:27.746000'), Timestamp('2026-03-08 05:46:28.396000'), Timestamp('2026-03-08 05:46:28.482000'), Timestamp('2026-03-08 05:46:28.631000'), Timestamp('2026-03-08 05:46:28.726000'), Timestamp('2026-03-08 05:46:29.334000'), Timestamp('2026-03-08 05:46:29.424000')]","[0.092, 0.6, 0.09, 0.142, 0.1, 0.637, 0.093, 0.136, 0.095, 0.644, 0.084, 0.146, 0.092, 0.647, 0.091, 0.133, 0.094, 0.65, 0.086, 0.149, 0.095, 0.608, 0.09]","[26.09003899326479, 26.239106245379254, 26.242045827980753, 25.95068493150685, 25.702857306705276, 26.265832260382666, 26.249103514224238, 26.447083823473605, 26.126366302319376, 26.130623490897236, 26.486840302619758, 26.165031599741557, 26.19767389912287, 26.317370666346203, 26.41595131035109, 26.556067400254047, 26.271338724168906, 25.984909530437328, 26.402321083172147, 26.19962469841837, 26.15881501280766, 26.348603957712115, 26.44117112202219, 26.19767389912287]","[2.4002835873803607, 15.743463747227551, 2.361784124518268, 3.6849972602739722, 2.570285730670528, 16.73133514986376, 2.441166626822854, 3.5968033999924107, 2.482004798720341, 16.82812152813782, 2.22489458542006, 3.820094613562267, 2.410185998719304, 17.027338821125994, 2.403851569241949, 3.5319569642337885, 2.4695058400718772, 16.890191194784265, 2.2705996131528043, 3.9037440800643366, 2.4850874262167277, 16.019951206288965, 2.379705400981997]",146.67735326747223,9.946426346609078,c:\git\RailwAI\VIDEO\20260308\ADTC Rueschlikon_00_20260308054626.mp4,2026-03-08 05:46:26,RABe 511,Trieb
ADTC_8_adz_raw_20260308_0600,2026-03-08 05:52:27.168,2026-03-08 05:52:37.271,"[Timestamp('2026-03-08 05:52:37.271000'), Timestamp('2026-03-08 05:52:37.391000'), Timestamp('2026-03-08 05:52:38.204000'), Timestamp('2026-03-08 05:52:38.324000'), Timestamp('2026-03-08 05:52:38.560000'), Timestamp('2026-03-08 05:52:38.698000'), Timestamp('2026-03-08 05:52:39.538000'), Timestamp('2026-03-08 05:52:39.664000'), Timestamp('2026-03-08 05:52:39.908000'), Timestamp('2026-03-08 05:52:40.046000'), Timestamp('2026-03-08 05:52:40.945000'), Timestamp('2026-03-08 05:52:41.085000'), Timestamp('2026-03-08 05:52:41.346000'), Timestamp('2026-03-08 05:52:41.493000'), Timestamp('2026-03-08 05:52:42.465000'), Timestamp('2026-03-08 05:52:42.612000')]","[0.12, 0.813, 0.12, 0.236, 0.138, 0.84, 0.126, 0.244, 0.138, 0.899, 0.14, 0.261, 0.147, 0.972, 0.147]","[19.829637019415237, 19.767230020294285, 19.209297299893148, 19.058423142370955, 18.879950495049506, 19.095175639587254, 18.32167832167832, 18.165413533834588, 17.900612396688473, 17.824565271309282, 17.023898983483573, 16.965420341893683, 16.53846153846154, 16.512443736460547, 15.598815199657864, 15.439830376997465]","[2.3795564423298283, 16.070758006499254, 2.3051156759871776, 4.497787861599545, 2.605433168316832, 16.039947537253294, 2.308531468531468, 4.432360902255639, 2.4702845107430096, 16.024284178907045, 2.3833458576877002, 4.427974709234252, 2.431153846153846, 16.05009531183965, 2.293025834349706]",96.71965531168826,9.977059684372898,c:\git\RailwAI\VIDEO\20260308\ADTC Rueschlikon_00_20260308055237.mp4,2026-03-08 05:52:37,DTZ,Trieb
ADTC_8_adz_raw_20260308_0610,2026-03-08 06:07:17.533,2026-03-08 06:07:27.582,"[Timestamp('2026-03-08 06:07:27.582000'), Timestamp('2026-03-08 06:07:27.699000'), Timestamp('2026-03-08 06:07:28.522000'), Timestamp('2026-03-08 06:07:28.639000'), Timestamp('2026-03-08 06:07:28.876000'), Timestamp('2026-03-08 06:07:29.002000'), Timestamp('2026-03-08 06:07:29.846000'), Timestamp('2026-03-08 06:07:29.970000'), Timestamp('2026-03-08 06:07:30.216000'), Timestamp('2026-03-08 06:07:30.347000'), Timestamp('2026-03-08 06:07:31.228000'), Timestamp('2026-03-08 06:07:31.356000'), Timestamp('2026-03-08 06:07:31.611000'), Timestamp('2026-03-08 06:07:31.751000'), Timestamp('2026-03-08 06:07:32.675000'), Timestamp('2026-03-08 06:07:32.819000')]","[0.117, 0.823, 0.117, 0.237, 0.126, 0.844, 0.124, 0.246, 0.131, 0.881, 0.128, 0.255, 0.14, 0.924, 0.144]","[19.515097426744013, 19.611869287592334, 19.068809619617962, 19.14304800076343, 18.880534670008355, 19.03190059651522, 18.396273168797705, 18.678173972291617, 18.287373004354137, 18.14978288450886, 17.694921467923542, 17.735200196511915, 17.506483143826053, 17.29194093346909, 16.715766503000545, 16.743914455676798]","[2.2832663989290496, 16.14056842368849, 2.231050725495302, 4.536902376180932, 2.378947368421053, 16.062924103458847, 2.2811378729309153, 4.594830797183738, 2.395645863570392, 15.989958721252306, 2.2649499478942134, 4.522476050110538, 2.4509076401356475, 15.977753422525439, 2.4070703764320784]",96.51839008820892,9.917672441922782,c:\git\RailwAI\VIDEO\20260308\ADTC Rueschlikon_00_20260308060729.mp4,2026-03-08 06:07:29,DTZ,Trieb
ADTC_8_adz_raw_20260308_0630,2026-03-08 06:23:37.736,2026-03-08 06:23:47.781,"[Timestamp('2026-03-08 06:23:47.781000'), Timestamp('2026-03-08 06:23:47.905000'), Timestamp('2026-03-08 06:23:48.709000'), Timestamp('2026-03-08 06:23:48.833000'), Timestamp('2026-03-08 06:23:49.064000'), Timestamp('2026-03-08 06:23:49.189000'), Timestamp('2026-03-08 06:23:50.015000'), Timestamp('2026-03-08 06:23:50.140000'), Timestamp('2026-03-08 06:23:50.380000'), Timestamp('2026-03-08 06:23:50.507000'), Timestamp('2026-03-08 06:23:51.360000'), Timestamp('2026-03-08 06:23:51.493000'), Timestamp('2026-03-08 06:23:51.734000'), Timestamp('2026-03-08 06:23:51.868000'), Timestamp('2026-03-08 06:23:52.758000'), Timestamp('2026-03-08 06:23:52.893000')]","[0.124, 0.804, 0.124, 0.231, 0.125, 0.826, 0.125, 0.24, 0.127, 0.853, 0.133, 0.241, 0.134, 0.89, 0.135]","[19.875861595967216, 19.843181468764413, 19.632230247117512, 19.476543209876542, 19.244737264984735, 19.48616600790514, 18.809152805176662, 18.736861347226032, 18.760305343511448, 18.795645583574483, 18.357318357318356, 18.258935835548087, 18.045176540422514, 18.025533354000505, 17.543391188251, 17.27294791514975]","[2.4646068378999346, 15.953917900886589, 2.4343965506425715, 4.499081481481482, 2.405592158123092, 16.095573122529647, 2.351144100647083, 4.496846723334247, 2.382558778625954, 16.032685682789033, 2.4415233415233413, 4.400403536367088, 2.418053656416617, 16.04272468506045, 2.3683578104138854]",96.787466366741,9.917525345061655,c:\git\RailwAI\VIDEO\20260308\ADTC Rueschlikon_00_20260308062350.mp4,2026-03-08 06:23:50,DTZ,Trieb
ADTC_8_adz_raw_20260308_0640,2026-03-08 06:37:07.990,2026-03-08 06:37:18.037,"[Timestamp('2026-03-08 06:37:18.037000'), Timestamp('2026-03-08 06:37:18.147000'), Timestamp('2026-03-08 06:37:18.902000'), Timestamp('2026-03-08 06:37:19.014000'), Timestamp('2026-03-08 06:37:19.231000'), Timestamp('2026-03-08 06:37:19.344000'), Timestamp('2026-03-08 06:37:20.127000'), Timestamp('2026-03-08 06:37:20.247000'), Timestamp('2026-03-08 06:37:20.473000'), Timestamp('2026-03-08 06:37:20.602000'), Timestamp('2026-03-08 06:37:21.425000'), Timestamp('2026-03-08 06:37:21.541000'), Timestamp('2026-03-08 06:37:21.784000'), Timestamp('2026-03-08 06:37:21.914000'), Timestamp('2026-03-08 06:37:22.786000'), Timestamp('2026-03-08 06:37:22.924000')]","[0.11, 0.755, 0.112, 0.217, 0.113, 0.783, 0.12, 0.226, 0.129, 0.823, 0.116, 0.243, 0.13, 0.872, 0.138]","[21.239353891336272, 21.333438683647817, 20.601237842617152, 20.960798615580437, 20.341265672767427, 20.6023763470572, 20.065346915241207, 20.062717830906436, 19.81476905774195, 19.479108359948636, 18.586797615923828, 19.105404484859044, 18.64190129294255, 18.625657701601067, 18.033908828572034, 17.796103494485102]","[2.33632892804699, 16.106746206154103, 2.307338638373121, 4.548493299580954, 2.2985630210227193, 16.13166067974579, 2.407841629828945, 4.534174229784854, 2.5561052084487117, 16.031306180237728, 2.156068523447164, 4.642613289820748, 2.4234471680825314, 16.24157351579613, 2.488679418342941]",97.21093993671342,9.928539433832974,c:\git\RailwAI\VIDEO\20260308\ADTC Rueschlikon_00_20260308063720.mp4,2026-03-08 06:37:20,DTZ,Trieb
ADTC_8_adz_raw_20260308_0700,2026-03-08 06:54:27.491,2026-03-08 06:54:37.553,"[Timestamp('2026-03-08 06:54:37.553000'), Timestamp('2026-03-08 06:54:37.656000'), Timestamp('2026-03-08 06:54:38.360000'), Timestamp('2026-03-08 06:54:38.462000'), Timestamp('2026-03-08 06:54:38.663000'), Timestamp('2026-03-08 06:54:38.767000'), Timestamp('2026-03-08 06:54:39.489000'), Timestamp('2026-03-08 06:54:39.594000'), Timestamp('2026-03-08 06:54:39.801000'), Timestamp('2026-03-08 06:54:39.911000'), Timestamp('2026-03-08 06:54:40.652000'), Timestamp('2026-03-08 06:54:40.765000'), Timestamp('2026-03-08 06:54:40.970000'), Timestamp('2026-03-08 06:54:41.087000'), Timestamp('2026-03-08 06:54:41.856000'), Timestamp('2026-03-08 06:54:41.967000')]","[0.103, 0.704, 0.102, 0.201, 0.104, 0.722, 0.105, 0.207, 0.11, 0.741, 0.113, 0.205, 0.117, 0.769, 0.111]","[22.911825017088177, 22.865438707921243, 22.642642976742113, 22.514021774991754, 22.35523747560182, 22.494773060270315, 22.1455938697318, 21.84936614466816, 21.8443887588792, 21.940223743529806, 21.380952380952383, 21.247361952375584, 20.984834730092594, 21.084912483726313, 20.689751271511177, 20.40901163053399]","[2.359917976760082, 16.097268850376555, 2.3095495836276956, 4.525318376773343, 2.3249446974625894, 16.241226149515168, 2.325287356321839, 4.5228187919463085, 2.402882763476712, 16.257705793955587, 2.416047619047619, 4.355709200236994, 2.455225663420834, 16.214297699985536, 2.2965623911377406]",97.10476291404458,9.95051932949934,c:\git\RailwAI\VIDEO\20260308\ADTC Rueschlikon_00_20260308065439.mp4,2026-03-08 06:54:39,DTZ,Trieb
ADTC_8_adz_raw_20260308_0710,2026-03-08 07:07:27.266,2026-03-08 07:07:37.339,"[Timestamp('2026-03-08 07:07:37.339000'), Timestamp('2026-03-08 07:07:37.447000'), Timestamp('2026-03-08 07:07:38.175000'), Timestamp('2026-03-08 07:07:38.286000'), Timestamp('2026-03-08 07:07:38.497000'), Timestamp('2026-03-08 07:07:38.607000'), Timestamp('2026-03-08 07:07:39.360000'), Timestamp('2026-03-08 07:07:39.475000'), Timestamp('2026-03-08 07:07:39.687000'), Timestamp('2026-03-08 07:07:39.806000'), Timestamp('2026-03-08 07:07:40.589000'), Timestamp('2026-03-08 07:07:40.704000'), Timestamp('2026-03-08 07:07:40.929000'), Timestamp('2026-03-08 07:07:41.048000'), Timestamp('2026-03-08 07:07:41.858000'), Timestamp('2026-03-08 07:07:41.979000'), Timestamp('2026-03-08 07:07:42.215000'), Timestamp('2026-03-08 07:07:42.343000'), Timestamp('2026-03-08 07:07:43.198000'), Timestamp('2026-03-08 07:07:43.320000'), Timestamp('2026-03-08 07:07:43.568000'), Timestamp('2026-03-08 07:07:43.705000'), Timestamp('2026-03-08 07:07:44.610000'), Timestamp('2026-03-08 07:07:44.742000'), Timestamp('2026-03-08 07:07:45.011000'), Timestamp('2026-03-08 07:07:45.153000'), Timestamp('2026-03-08 07:07:46.128000'), Timestamp('2026-03-08 07:07:46.273000'), Timestamp('2026-03-08 07:07:46.565000'), Timestamp('2026-03-08 07:07:46.729000'), Timestamp('2026-03-08 07:07:47.801000'), Timestamp('2026-03-08 07:07:47.964000')]","[0.108, 0.728, 0.111, 0.211, 0.11, 0.753, 0.115, 0.212, 0.119, 0.783, 0.115, 0.225, 0.119, 0.81, 0.121, 0.236, 0.128, 0.855, 0.122, 0.248, 0.137, 0.905, 0.132, 0.269, 0.142, 0.975, 0.145, 0.292, 0.164, 1.072, 0.163]","[21.745420963521624, 21.871967200352906, 21.50835465903959, 21.60716998329029, 21.15563839701771, 21.221299462628235, 20.740533351998316, 20.80468838048011, 20.667408231368185, 20.658919571827226, 19.86459073362378, 20.023489494975856, 19.818990642736615, 19.967050215989723, 19.40534382005954, 19.413568887253092, 19.08820308886719, 19.07076573448646, 18.275612230111577, 18.47932414406403, 18.18181818181818, 18.028312067542693, 17.220852934173354, 17.298701298701296, 16.993066803680577, 16.993066803680577, 16.00640256102441, 16.107790668539753, 15.674315448264096, 15.301612460755328, 14.337588690424443, 14.362316375582989]","[2.3485054640603353, 15.922792121856915, 2.3874273671533945, 4.559112866474251, 2.3271202236719484, 15.97963849535906, 2.3851613354798062, 4.410593936661783, 2.459421579532814, 16.17593402474072, 2.2844279343667346, 4.505285136369568, 2.358459886485657, 16.173310674951676, 2.348046602227204, 4.581602257391729, 2.4432899953750002, 16.305504702985925, 2.2296246920736125, 4.582872387727879, 2.4909090909090907, 16.315622421126136, 2.273152587310883, 4.653350649350649, 2.413015486122642, 16.568240133588564, 2.320928371348539, 4.703474875213607, 2.570587733515312, 16.40332855792971, 2.337026956539184]",199.8177685479003,9.958965738863894,c:\git\RailwAI\VIDEO\20260308\ADTC Rueschlikon_00_20260308070742.mp4,2026-03-08 07:07:42,DTZ x2,Trieb
ADTC_8_adz_raw_20260308_0730,2026-03-08 07:23:22.973,2026-03-08 07:23:33.025,"[Timestamp('2026-03-08 07:23:33.025000'), Timestamp('2026-03-08 07:23:33.133000'), Timestamp('2026-03-08 07:23:33.892000'), Timestamp('2026-03-08 07:23:34.004000'), Timestamp('2026-03-08 07:23:34.220000'), Timestamp('2026-03-08 07:23:34.336000'), Timestamp('2026-03-08 07:23:35.124000'), Timestamp('2026-03-08 07:23:35.240000'), Timestamp('2026-03-08 07:23:35.466000'), Timestamp('2026-03-08 07:23:35.590000'), Timestamp('2026-03-08 07:23:36.404000'), Timestamp('2026-03-08 07:23:36.525000'), Timestamp('2026-03-08 07:23:36.762000'), Timestamp('2026-03-08 07:23:36.889000'), Timestamp('2026-03-08 07:23:37.743000'), Timestamp('2026-03-08 07:23:37.867000')]","[0.108, 0.759, 0.112, 0.216, 0.116, 0.788, 0.116, 0.226, 0.124, 0.814, 0.121, 0.237, 0.127, 0.854, 0.124]","[21.26248454761297, 21.089183401817234, 20.694365078258926, 20.561364887176666, 20.175279807501262, 20.248213079193484, 19.967050215989723, 19.741981299562077, 19.655475921036086, 19.617764196077445, 19.10994556993115, 18.955838323353294, 18.789283183637515, 18.742857142857144, 18.12411169411287, 17.85003317850033]","[2.296348331142201, 16.006690201979282, 2.317768888765, 4.44125481563016, 2.3403324576701463, 15.955591906404466, 2.3161778250548077, 4.46168777370103, 2.4372790142084746, 15.96886005560704, 2.312303413961669, 4.492533682634731, 2.3862389643219646, 16.0064, 2.247389850069996]",95.98685718115097,9.93029119493746,c:\git\RailwAI\VIDEO\20260308\ADTC Rueschlikon_00_20260308072335.mp4,2026-03-08 07:23:35,DTZ,Trieb
ADTC_8_adz_raw_20260308_0740,2026-03-08 07:37:09.258,2026-03-08 07:37:19.308,"[Timestamp('2026-03-08 07:37:19.308000'), Timestamp('2026-03-08 07:37:19.418000'), Timestamp('2026-03-08 07:37:20.185000'), Timestamp('2026-03-08 07:37:20.297000'), Timestamp('2026-03-08 07:37:20.516000'), Timestamp('2026-03-08 07:37:20.636000'), Timestamp('2026-03-08 07:37:21.427000'), Timestamp('2026-03-08 07:37:21.545000'), Timestamp('2026-03-08 07:37:21.776000'), Timestamp('2026-03-08 07:37:21.904000'), Timestamp('2026-03-08 07:37:22.721000'), Timestamp('2026-03-08 07:37:22.841000'), Timestamp('2026-03-08 07:37:23.081000'), Timestamp('2026-03-08 07:37:23.208000'), Timestamp('2026-03-08 07:37:24.068000'), Timestamp('2026-03-08 07:37:24.197000')]","[0.11, 0.767, 0.112, 0.219, 0.12, 0.791, 0.118, 0.231, 0.128, 0.817, 0.12, 0.24, 0.127, 0.86, 0.129]","[20.75736325385694, 21.07779812975995, 20.447307535271968, 20.69119286510591, 20.334059549745824, 20.31930333817126, 19.814431408634306, 19.938748220678942, 19.551934826883905, 19.359875097580016, 18.972332015810277, 19.1619820157213, 18.881264939545606, 18.84289115410397, 18.252006072435478, 18.357318357318356]","[2.2833099579242635, 16.166671165525884, 2.2900984439504604, 4.5313712374581945, 2.440087145969499, 16.07256894049347, 2.338102906218848, 4.605850838976836, 2.50264765784114, 15.817017954722871, 2.2766798418972334, 4.5988756837731115, 2.397920647322292, 16.204886392529414, 2.3545087833441767]",96.8805975979477,9.926444050906769,c:\git\RailwAI\VIDEO\20260308\ADTC Rueschlikon_00_20260308073721.mp4,2026-03-08 07:37:21,DTZ,Trieb
ADTC_8_adz_raw_20260308_0800,2026-03-08 07:53:14.198,2026-03-08 07:53:24.266,"[Timestamp('2026-03-08 07:53:24.266000'), Timestamp('2026-03-08 07:53:24.366000'), Timestamp('2026-03-08 07:53:25.071000'), Timestamp('2026-03-08 07:53:25.174000'), Timestamp('2026-03-08 07:53:25.373000'), Timestamp('2026-03-08 07:53:25.483000'), Timestamp('2026-03-08 07:53:26.207000'), Timestamp('2026-03-08 07:53:26.320000'), Timestamp('2026-03-08 07:53:26.525000'), Timestamp('2026-03-08 07:53:26.639000'), Timestamp('2026-03-08 07:53:27.406000'), Timestamp('2026-03-08 07:53:27.522000'), Timestamp('2026-03-08 07:53:27.744000'), Timestamp('2026-03-08 07:53:27.860000'), Timestamp('2026-03-08 07:53:28.683000'), Timestamp('2026-03-08 07:53:28.808000')]","[0.1, 0.705, 0.103, 0.199, 0.11, 0.724, 0.113, 0.205, 0.114, 0.767, 0.116, 0.222, 0.116, 0.823, 0.125]","[22.977159118888245, 22.656758787676377, 22.570699201007855, 22.3705198736938, 22.05202860940566, 22.166826462128476, 21.573142649375836, 21.52996132402431, 21.145784816022356, 21.128395635012772, 20.29358191363977, 20.1533174729051, 19.841571474324752, 19.67510541434979, 18.510579012873148, 18.41901944769431]","[2.2977159118888246, 15.973014945311846, 2.324782017703809, 4.451733454865066, 2.4257231470346228, 16.048782358581015, 2.4377651193794696, 4.4136420714249835, 2.4106194690265488, 16.205479452054796, 2.3540555019822134, 4.4740364789849325, 2.3016222910216713, 16.192611756009878, 2.3138223766091435]",96.62540635187882,9.95757893383698,c:\git\RailwAI\VIDEO\20260308\ADTC Rueschlikon_00_20260308075325.mp4,2026-03-08 07:53:25,DTZ,Trieb
ADTC_8_adz_raw_20260308_0810,2026-03-08 08:07:12.544,2026-03-08 08:07:22.596,"[Timestamp('2026-03-08 08:07:22.596000'), Timestamp('2026-03-08 08:07:22.715000'), Timestamp('2026-03-08 08:07:23.518000'), Timestamp('2026-03-08 08:07:23.637000'), Timestamp('2026-03-08 08:07:23.868000'), Timestamp('2026-03-08 08:07:23.995000'), Timestamp('2026-03-08 08:07:24.821000'), Timestamp('2026-03-08 08:07:24.945000'), Timestamp('2026-03-08 08:07:25.191000'), Timestamp('2026-03-08 08:07:25.318000'), Timestamp('2026-03-08 08:07:26.193000'), Timestamp('2026-03-08 08:07:26.322000'), Timestamp('2026-03-08 08:07:26.574000'), Timestamp('2026-03-08 08:07:26.716000'), Timestamp('2026-03-08 08:07:27.635000'), Timestamp('2026-03-08 08:07:27.773000')]","[0.119, 0.803, 0.119, 0.231, 0.127, 0.826, 0.124, 0.246, 0.127, 0.875, 0.129, 0.252, 0.142, 0.919, 0.138]","[19.75383911900316, 19.855243570658587, 19.28091790849146, 19.374389051808404, 19.03025540275049, 18.95509936769556, 18.568734847804613, 18.623554913294797, 18.147512864493997, 18.184166343794395, 17.456622936944562, 17.636222544620264, 17.33665393191034, 17.304094782789438, 16.584317937701393, 16.656734745471947]","[2.350706855161376, 15.943760587238845, 2.2944292311104837, 4.475483870967741, 2.4168424361493126, 15.656912077716532, 2.302523121127772, 4.58139450867052, 2.304734133790738, 15.911145550820095, 2.2519043588658487, 4.444328081244307, 2.461804858331268, 15.902463105383495, 2.2886358754027922]",95.58706865198111,9.923322923815382,c:\git\RailwAI\VIDEO\20260308\ADTC Rueschlikon_00_20260308080724.mp4,2026-03-08 08:07:24,DTZ,Trieb
ADTC_8_adz_raw_20260308_0830,2026-03-08 08:22:59.632,2026-03-08 08:23:09.676,"[Timestamp('2026-03-08 08:23:09.676000'), Timestamp('2026-03-08 08:23:09.782000'), Timestamp('2026-03-08 08:23:10.481000'), Timestamp('2026-03-08 08:23:10.587000'), Timestamp('2026-03-08 08:23:10.784000'), Timestamp('2026-03-08 08:23:10.895000'), Timestamp('2026-03-08 08:23:11.619000'), Timestamp('2026-03-08 08:23:11.730000'), Timestamp('2026-03-08 08:23:11.940000'), Timestamp('2026-03-08 08:23:12.050000'), Timestamp('2026-03-08 08:23:12.814000'), Timestamp('2026-03-08 08:23:12.925000'), Timestamp('2026-03-08 08:23:13.149000'), Timestamp('2026-03-08 08:23:13.265000'), Timestamp('2026-03-08 08:23:14.075000'), Timestamp('2026-03-08 08:23:14.196000')]","[0.106, 0.699, 0.106, 0.197, 0.111, 0.724, 0.111, 0.21, 0.11, 0.764, 0.111, 0.224, 0.116, 0.81, 0.121]","[22.968610481489115, 22.756993596225147, 22.510308428170873, 22.249436029648727, 22.11993310504101, 22.279658826570177, 21.597546285517616, 21.414290119465637, 21.359204078602186, 21.22092456472148, 20.714890922803328, 20.38961038961039, 20.175279807501262, 19.990639138800766, 19.12472022477261, 18.79705874464033]","[2.4346727110378463, 15.907138523761377, 2.3860926933861126, 4.3831388978408, 2.455312574659552, 16.130472990436807, 2.3973276376924555, 4.497000925087783, 2.3495124486462404, 16.212786367447208, 2.2993528924311692, 4.567272727272727, 2.3403324576701463, 16.19241770242862, 2.3140911471974857]",96.86692269699633,9.930726212785736,c:\git\RailwAI\VIDEO\20260308\ADTC Rueschlikon_00_20260308082310.mp4,2026-03-08 08:23:10,DTZ,Trieb
ADTC_8_adz_raw_20260308_0840,2026-03-08 08:37:03.472,2026-03-08 08:37:13.518,"[Timestamp('2026-03-08 08:37:13.518000'), Timestamp('2026-03-08 08:37:13.617000'), Timestamp('2026-03-08 08:37:14.301000'), Timestamp('2026-03-08 08:37:14.402000'), Timestamp('2026-03-08 08:37:14.602000'), Timestamp('2026-03-08 08:37:14.705000'), Timestamp('2026-03-08 08:37:15.407000'), Timestamp('2026-03-08 08:37:15.512000'), Timestamp('2026-03-08 08:37:15.713000'), Timestamp('2026-03-08 08:37:15.820000'), Timestamp('2026-03-08 08:37:16.543000'), Timestamp('2026-03-08 08:37:16.654000'), Timestamp('2026-03-08 08:37:16.863000'), Timestamp('2026-03-08 08:37:16.974000'), Timestamp('2026-03-08 08:37:17.735000'), Timestamp('2026-03-08 08:37:17.847000')]","[0.099, 0.684, 0.101, 0.2, 0.103, 0.702, 0.105, 0.201, 0.107, 0.723, 0.111, 0.209, 0.111, 0.761, 0.112]","[23.216750497134168, 23.500928866782523, 22.85766117145514, 22.99404495542322, 22.5887355290913, 22.939362795477905, 22.351844222304138, 22.547635850388147, 22.070015220700157, 22.228058421546294, 21.599514071674427, 21.575757575757578, 21.28864762803871, 21.265614114276183, 20.476623612879752, 20.53666215177362]","[2.2984582992162825, 16.074635344879248, 2.308623778316969, 4.598808991084645, 2.3266397594964037, 16.10343268242549, 2.3469436433419344, 4.532074805928018, 2.3614916286149166, 16.07088623877797, 2.3975460619558615, 4.509333333333333, 2.363039886712297, 16.183132340964175, 2.2933818446425325]",96.76842863969009,9.932972464016093,c:\git\RailwAI\VIDEO\20260308\ADTC Rueschlikon_00_20260308083715.mp4,2026-03-08 08:37:15,DTZ,Trieb
ADTC_8_adz_raw_20260308_0900,2026-03-08 08:55:16.154,2026-03-08 08:55:26.207,"[Timestamp('2026-03-08 08:55:26.207000'), Timestamp('2026-03-08 08:55:26.355000'), Timestamp('2026-03-08 08:55:27.350000'), Timestamp('2026-03-08 08:55:27.497000'), Timestamp('2026-03-08 08:55:27.785000'), Timestamp('2026-03-08 08:55:27.946000'), Timestamp('2026-03-08 08:55:28.961000'), Timestamp('2026-03-08 08:55:29.113000'), Timestamp('2026-03-08 08:55:29.409000'), Timestamp('2026-03-08 08:55:29.576000'), Timestamp('2026-03-08 08:55:30.649000'), Timestamp('2026-03-08 08:55:30.811000'), Timestamp('2026-03-08 08:55:31.142000'), Timestamp('2026-03-08 08:55:31.318000'), Timestamp('2026-03-08 08:55:32.493000'), Timestamp('2026-03-08 08:55:32.670000')]","[0.148, 0.995, 0.147, 0.288, 0.161, 1.015, 0.152, 0.296, 0.167, 1.073, 0.162, 0.331, 0.176, 1.175, 0.177]","[16.013622931935423, 15.92394533571004, 15.815657696535439, 15.610127546164094, 15.648015303682447, 15.590331969460497, 15.097362857460777, 14.989030276437035, 14.872629350690495, 14.72978220198383, 13.96364374936529, 13.704838920046953, 13.656755832471623, 13.582641735826417, 12.904065040650405, 12.60105112114421]","[2.3700161939264426, 15.84432560903149, 2.3249016813907093, 4.495716733295259, 2.519330463892874, 15.824186949002403, 2.294799154334038, 4.436752961825362, 2.483729101565313, 15.80505630272865, 2.262110287397177, 4.536301682535542, 2.4035890265150055, 15.95960403959604, 2.2840195121951217]",95.84443969923142,9.9072873360614,c:\git\RailwAI\VIDEO\20260308\ADTC Rueschlikon_00_20260308085527.mp4,2026-03-08 08:55:27,DTZ,Trieb
ADTC_8_adz_raw_20260308_0910,2026-03-08 09:07:44.752,2026-03-08 09:07:54.798,"[Timestamp('2026-03-08 09:07:54.798000'), Timestamp('2026-03-08 09:07:54.903000'), Timestamp('2026-03-08 09:07:55.625000'), Timestamp('2026-03-08 09:07:55.730000'), Timestamp('2026-03-08 09:07:55.941000'), Timestamp('2026-03-08 09:07:56.051000'), Timestamp('2026-03-08 09:07:56.786000'), Timestamp('2026-03-08 09:07:56.894000'), Timestamp('2026-03-08 09:07:57.109000'), Timestamp('2026-03-08 09:07:57.220000'), Timestamp('2026-03-08 09:07:57.980000'), Timestamp('2026-03-08 09:07:58.094000'), Timestamp('2026-03-08 09:07:58.313000'), Timestamp('2026-03-08 09:07:58.427000'), Timestamp('2026-03-08 09:07:59.217000'), Timestamp('2026-03-08 09:07:59.336000')]","[0.105, 0.722, 0.105, 0.211, 0.11, 0.735, 0.108, 0.215, 0.111, 0.76, 0.114, 0.219, 0.114, 0.79, 0.119]","[22.07188160676533, 22.32558139534884, 21.62864333847528, 21.919636340888715, 21.354001898133504, 21.42899850523169, 20.829097481079863, 21.380952380952383, 20.986310785268344, 20.967095851216023, 20.739081746920494, 20.829097481079863, 20.384462797994736, 20.557593543653706, 20.00555709919422, 20.001388985346203]","[2.3175475687103595, 16.119069767441864, 2.2710075505399043, 4.625043267927519, 2.3489402087946853, 15.750313901345292, 2.249542527956625, 4.596904761904763, 2.3294804971647864, 15.934992846924178, 2.3642553191489366, 4.56157234835649, 2.3238287589714, 16.24049889948643, 2.380661294804112]",96.41365951947736,9.927718375676497,c:\git\RailwAI\VIDEO\20260308\ADTC Rueschlikon_00_20260308090756.mp4,2026-03-08 09:07:56,DTZ,Trieb
ADTC_8_adz_raw_20260308_0930,2026-03-08 09:22:49.987,2026-03-08 09:23:00.034,"[Timestamp('2026-03-08 09:23:00.034000'), Timestamp('2026-03-08 09:23:00.154000'), Timestamp('2026-03-08 09:23:00.973000'), Timestamp('2026-03-08 09:23:01.096000'), Timestamp('2026-03-08 09:23:01.336000'), Timestamp('2026-03-08 09:23:01.462000'), Timestamp('2026-03-08 09:23:02.314000'), Timestamp('2026-03-08 09:23:02.442000'), Timestamp('2026-03-08 09:23:02.693000'), Timestamp('2026-03-08 09:23:02.827000'), Timestamp('2026-03-08 09:23:03.727000'), Timestamp('2026-03-08 09:23:03.859000'), Timestamp('2026-03-08 09:23:04.122000'), Timestamp('2026-03-08 09:23:04.267000'), Timestamp('2026-03-08 09:23:05.225000'), Timestamp('2026-03-08 09:23:05.370000')]","[0.12, 0.819, 0.123, 0.24, 0.126, 0.852, 0.128, 0.251, 0.134, 0.9, 0.132, 0.263, 0.145, 0.958, 0.145]","[19.800632803728778, 19.60171515007563, 19.132692559640784, 18.88157284614671, 18.833956515718043, 18.964422226464936, 18.296933085501855, 18.054298642533936, 17.94859261638584, 17.777047564281602, 17.38309670822354, 16.953146918544842, 16.979963592916256, 16.831245394252022, 16.221816905147243, 15.855572998430137]","[2.376075936447453, 16.05380470791194, 2.353321184835816, 4.5315774830752105, 2.3730785209804734, 16.157687736948127, 2.3420074349442377, 4.531628959276018, 2.405111410595703, 15.999342807853443, 2.2945687654855074, 4.458677639577294, 2.462094720972857, 16.124333087693437, 2.35216345124635]",96.81547384784386,9.919708433582372,c:\git\RailwAI\VIDEO\20260308\ADTC Rueschlikon_00_20260308092301.mp4,2026-03-08 09:23:01,DTZ,Trieb
ADTC_8_adz_raw_20260308_0940,2026-03-08 09:37:42.688,2026-03-08 09:37:52.743,"[Timestamp('2026-03-08 09:37:52.743000'), Timestamp('2026-03-08 09:37:52.857000'), Timestamp('2026-03-08 09:37:53.647000'), Timestamp('2026-03-08 09:37:53.764000'), Timestamp('2026-03-08 09:37:53.985000'), Timestamp('2026-03-08 09:37:54.119000'), Timestamp('2026-03-08 09:37:54.932000'), Timestamp('2026-03-08 09:37:55.051000'), Timestamp('2026-03-08 09:37:55.297000'), Timestamp('2026-03-08 09:37:55.423000'), Timestamp('2026-03-08 09:37:56.266000'), Timestamp('2026-03-08 09:37:56.400000'), Timestamp('2026-03-08 09:37:56.650000'), Timestamp('2026-03-08 09:37:56.786000'), Timestamp('2026-03-08 09:37:57.681000'), Timestamp('2026-03-08 09:37:57.824000')]","[0.114, 0.79, 0.117, 0.221, 0.134, 0.813, 0.119, 0.246, 0.126, 0.843, 0.134, 0.25, 0.136, 0.895, 0.143]","[20.154915800882964, 20.3624062044518, 19.7165991902834, 19.91701244813278, 19.886090715707127, 19.538346984363365, 19.015940755616917, 19.31288819875776, 18.533507915724318, 18.725072361373837, 18.46399668594931, 18.358929354980255, 17.9226750261233, 17.85274801244383, 17.439397039315203, 17.22584133686948]","[2.297660401300658, 16.086300901516925, 2.306842105263158, 4.401659751037345, 2.6647361559047553, 15.884676098287414, 2.262896949918413, 4.750970496894409, 2.335221997381264, 15.785236000638143, 2.474175555917208, 4.589732338745064, 2.437483803552769, 15.978209471137227, 2.4938337766220737]",96.74963580411682,9.925440471102243,c:\git\RailwAI\VIDEO\20260308\ADTC Rueschlikon_00_20260308093754.mp4,2026-03-08 09:37:54,DTZ,Trieb
ADTC_8_adz_raw_20260308_1000,2026-03-08 09:52:48.355,2026-03-08 09:52:58.416,"[Timestamp('2026-03-08 09:52:58.416000'), Timestamp('2026-03-08 09:52:58.558000'), Timestamp('2026-03-08 09:52:59.479000'), Timestamp('2026-03-08 09:52:59.620000'), Timestamp('2026-03-08 09:52:59.881000'), Timestamp('2026-03-08 09:53:00.037000'), Timestamp('2026-03-08 09:53:00.983000'), Timestamp('2026-03-08 09:53:01.122000'), Timestamp('2026-03-08 09:53:01.397000'), Timestamp('2026-03-08 09:53:01.546000'), Timestamp('2026-03-08 09:53:02.529000'), Timestamp('2026-03-08 09:53:02.679000'), Timestamp('2026-03-08 09:53:02.968000'), Timestamp('2026-03-08 09:53:03.125000'), Timestamp('2026-03-08 09:53:04.159000'), Timestamp('2026-03-08 09:53:04.313000')]","[0.142, 0.921, 0.141, 0.261, 0.156, 0.946, 0.139, 0.275, 0.149, 0.983, 0.15, 0.289, 0.157, 1.034, 0.154]","[17.17550288850838, 17.143731823052192, 16.97645910989918, 16.74493296673885, 16.73963806187974, 16.841431989126626, 16.48099027409372, 16.284998992834737, 16.083290070016417, 16.18489228251977, 15.802736756537053, 15.487134385757665, 15.48403209190522, 15.418247813892098, 14.838279665450688, 14.670776127766882]","[2.4389214101681898, 15.78937700903107, 2.3936807344957844, 4.37042750431884, 2.6113835376532397, 15.931994661713787, 2.2908576480990273, 4.478374723029553, 2.396410220432446, 15.909749113716932, 2.3704105134805578, 4.475781837483965, 2.4309930384291194, 15.94246823956443, 2.285095068479406]",96.11592526009636,9.914851598783423,c:\git\RailwAI\VIDEO\20260308\ADTC Rueschlikon_00_20260308095259.mp4,2026-03-08 09:52:59,DTZ,Trieb
ADTC_8_adz_raw_20260308_1010,2026-03-08 10:07:00.550,2026-03-08 10:07:10.599,"[Timestamp('2026-03-08 10:07:10.599000'), Timestamp('2026-03-08 10:07:10.704000'), Timestamp('2026-03-08 10:07:11.428000'), Timestamp('2026-03-08 10:07:11.536000'), Timestamp('2026-03-08 10:07:11.749000'), Timestamp('2026-03-08 10:07:11.857000'), Timestamp('2026-03-08 10:07:12.615000'), Timestamp('2026-03-08 10:07:12.727000'), Timestamp('2026-03-08 10:07:12.944000'), Timestamp('2026-03-08 10:07:13.066000'), Timestamp('2026-03-08 10:07:13.858000'), Timestamp('2026-03-08 10:07:13.983000'), Timestamp('2026-03-08 10:07:14.217000'), Timestamp('2026-03-08 10:07:14.344000'), Timestamp('2026-03-08 10:07:15.186000'), Timestamp('2026-03-08 10:07:15.313000')]","[0.105, 0.724, 0.108, 0.213, 0.108, 0.758, 0.112, 0.217, 0.122, 0.792, 0.125, 0.234, 0.127, 0.842, 0.127]","[22.222341297696424, 22.379567993479142, 21.67142274765593, 21.84325785108564, 21.26311038725312, 21.548848692497607, 20.646689083248148, 20.78165486671758, 20.50552576868366, 20.31766508102878, 19.69332278534278, 19.532226683776955, 19.047694033816903, 19.08820308886719, 18.391884551580368, 18.480693693026012]","[2.3333458362581245, 16.2028072272789, 2.3405136567468405, 4.652613922281241, 2.296415921823337, 16.334027308913186, 2.312429177323793, 4.509619106077715, 2.5016741437794066, 16.091590744174795, 2.4616653481678474, 4.570541044003807, 2.4190571422947467, 16.072267000826173, 2.335769338050707]",97.4343369180006,9.930927760589146,c:\git\RailwAI\VIDEO\20260308\ADTC Rueschlikon_00_20260308100712.mp4,2026-03-08 10:07:12,DTZ,Trieb
ADTC_8_adz_raw_20260308_1030,2026-03-08 10:23:13.005,2026-03-08 10:23:23.046,"[Timestamp('2026-03-08 10:23:23.046000'), Timestamp('2026-03-08 10:23:23.163000'), Timestamp('2026-03-08 10:23:23.948000'), Timestamp('2026-03-08 10:23:24.066000'), Timestamp('2026-03-08 10:23:24.291000'), Timestamp('2026-03-08 10:23:24.413000'), Timestamp('2026-03-08 10:23:25.213000'), Timestamp('2026-03-08 10:23:25.329000'), Timestamp('2026-03-08 10:23:25.560000'), Timestamp('2026-03-08 10:23:25.682000'), Timestamp('2026-03-08 10:23:26.497000'), Timestamp('2026-03-08 10:23:26.616000'), Timestamp('2026-03-08 10:23:26.860000'), Timestamp('2026-03-08 10:23:26.981000'), Timestamp('2026-03-08 10:23:27.823000'), Timestamp('2026-03-08 10:23:27.948000')]","[0.117, 0.785, 0.118, 0.225, 0.122, 0.8, 0.116, 0.231, 0.122, 0.815, 0.119, 0.244, 0.121, 0.842, 0.125]","[20.513195141996164, 20.311325818572193, 20.170292781757745, 19.965409892770666, 20.085088502547404, 19.975342287976115, 19.843181468764413, 19.594774726739537, 19.561752988047807, 19.448818897637793, 19.31871095220935, 18.89763779527559, 19.320901415294905, 18.978336035631262, 18.427189831445155, 18.11733538435243]","[2.4000438316135515, 15.944390767579172, 2.380094548247414, 4.4922172258734, 2.450380797310783, 15.980273830380893, 2.301809050376672, 4.526392961876834, 2.3865338645418324, 15.8507874015748, 2.2989266033129128, 4.611023622047243, 2.3378290712506833, 15.979758942001522, 2.3033987289306443]",96.24386124691836,9.91678293308002,c:\git\RailwAI\VIDEO\20260308\ADTC Rueschlikon_00_20260308102324.mp4,2026-03-08 10:23:24,DTZ,Trieb
ADTC_8_adz_raw_20260308_1040,2026-03-08 10:37:10.998,2026-03-08 10:37:21.046,"[Timestamp('2026-03-08 10:37:21.046000'), Timestamp('2026-03-08 10:37:21.158000'), Timestamp('2026-03-08 10:37:21.931000'), Timestamp('2026-03-08 10:37:22.047000'), Timestamp('2026-03-08 10:37:22.275000'), Timestamp('2026-03-08 10:37:22.393000'), Timestamp('2026-03-08 10:37:23.207000'), Timestamp('2026-03-08 10:37:23.327000'), Timestamp('2026-03-08 10:37:23.561000'), Timestamp('2026-03-08 10:37:23.691000'), Timestamp('2026-03-08 10:37:24.533000'), Timestamp('2026-03-08 10:37:24.662000'), Timestamp('2026-03-08 10:37:24.905000'), Timestamp('2026-03-08 10:37:25.040000'), Timestamp('2026-03-08 10:37:25.927000'), Timestamp('2026-03-08 10:37:26.062000')]","[0.112, 0.773, 0.116, 0.228, 0.118, 0.814, 0.12, 0.234, 0.13, 0.842, 0.129, 0.243, 0.135, 0.887, 0.135]","[20.91989821109803, 21.030809098761875, 20.194298455168017, 20.30042918454936, 19.673452932876437, 19.856942400492827, 19.074829717208225, 19.32223158167563, 18.991116502954647, 18.84724758976256, 18.374030198465903, 18.46181156525984, 18.19985336611032, 18.148485660680784, 17.61521264847685, 17.66342801042689]","[2.343028599642979, 16.25681543334293, 2.3425386207994903, 4.628497854077254, 2.3214674460794194, 16.16355111400116, 2.2889795660649868, 4.521402190112098, 2.4688451453841043, 15.869382470580074, 2.3702498956021016, 4.486220210358141, 2.4569802044248936, 16.097706781023856, 2.3780537075443746]",96.99371923903786,9.524346704031792,c:\git\RailwAI\VIDEO\20260308\ADTC Rueschlikon_00_20260308103722.mp4,2026-03-08 10:37:22,DTZ,Trieb
ADTC_8_adz_raw_20260308_1100,2026-03-08 10:54:50.874,2026-03-08 10:55:00.926,"[Timestamp('2026-03-08 10:55:00.926000'), Timestamp('2026-03-08 10:55:01.078000'), Timestamp('2026-03-08 10:55:02.095000'), Timestamp('2026-03-08 10:55:02.250000'), Timestamp('2026-03-08 10:55:02.542000'), Timestamp('2026-03-08 10:55:02.704000'), Timestamp('2026-03-08 10:55:03.746000'), Timestamp('2026-03-08 10:55:03.906000'), Timestamp('2026-03-08 10:55:04.216000'), Timestamp('2026-03-08 10:55:04.393000'), Timestamp('2026-03-08 10:55:05.495000'), Timestamp('2026-03-08 10:55:05.660000'), Timestamp('2026-03-08 10:55:05.987000'), Timestamp('2026-03-08 10:55:06.171000'), Timestamp('2026-03-08 10:55:07.317000'), Timestamp('2026-03-08 10:55:07.490000')]","[0.152, 1.017, 0.155, 0.292, 0.162, 1.042, 0.16, 0.31, 0.177, 1.102, 0.165, 0.327, 0.184, 1.146, 0.173]","[19.79591836734694, 19.835049433942935, 19.53368218851427, 19.298061304477827, 19.35491738308639, 19.204297465167027, 18.49772788024592, 17.93544245502882, 17.977780271574456, 17.912874878819153, 17.44043297472114, 16.81343455256499, 17.08271590865914, 17.189573915552565, 16.8590882178804, 16.498790761952854]","[3.008979591836735, 20.172245274319963, 3.0277207392197116, 5.635033900907525, 3.1354966160599953, 20.010877958704043, 2.9596364608393477, 5.559987161058934, 3.1820671080686784, 19.739988116458708, 2.8776714408289883, 5.4979930986887515, 3.143219727193282, 19.699251707223237, 2.916622261693309]",120.5667911631012,9.896287383198375,c:\git\RailwAI\VIDEO\20260308\ADTC Rueschlikon_00_20260308105502.mp4,2026-03-08 10:55:02,DTZ,Trieb
ADTC_8_adz_raw_20260308_1110,2026-03-08 11:08:35.699,2026-03-08 11:08:45.748,"[Timestamp('2026-03-08 11:08:45.748000'), Timestamp('2026-03-08 11:08:45.851000'), Timestamp('2026-03-08 11:08:46.572000'), Timestamp('2026-03-08 11:08:46.681000'), Timestamp('2026-03-08 11:08:46.891000'), Timestamp('2026-03-08 11:08:47.004000'), Timestamp('2026-03-08 11:08:47.757000'), Timestamp('2026-03-08 11:08:47.865000'), Timestamp('2026-03-08 11:08:48.083000'), Timestamp('2026-03-08 11:08:48.202000'), Timestamp('2026-03-08 11:08:48.983000'), Timestamp('2026-03-08 11:08:49.104000'), Timestamp('2026-03-08 11:08:49.331000'), Timestamp('2026-03-08 11:08:49.456000'), Timestamp('2026-03-08 11:08:50.290000'), Timestamp('2026-03-08 11:08:50.414000')]","[0.103, 0.721, 0.109, 0.21, 0.113, 0.753, 0.108, 0.218, 0.119, 0.781, 0.121, 0.227, 0.125, 0.834, 0.124]","[21.79973606070604, 22.249436029648727, 21.621731300885177, 21.697159143146088, 21.217567989996873, 21.245593419506463, 20.491511987097127, 20.848109861918054, 20.385473726922292, 20.34811661367678, 19.79389858177737, 19.878844002006403, 19.53449089599324, 19.43391509955865, 18.537239991053454, 18.697373810932593]","[2.245372814252722, 16.041843377376733, 2.356768711796484, 4.556403420060678, 2.397585182869647, 15.997931844888367, 2.2130832946064896, 4.544887949898135, 2.4258713735037527, 15.891879075281565, 2.3950617283950617, 4.512497588455454, 2.441811361999155, 16.207885193031913, 2.2986177588906282]",96.5275006753068,9.92746380612154,c:\git\RailwAI\VIDEO\20260308\ADTC Rueschlikon_00_20260308110847.mp4,2026-03-08 11:08:47,DTZ,Trieb
ADTC_8_adz_raw_20260308_1130,2026-03-08 11:24:53.530,2026-03-08 11:25:03.579,"[Timestamp('2026-03-08 11:25:03.579000'), Timestamp('2026-03-08 11:25:03.689000'), Timestamp('2026-03-08 11:25:04.435000'), Timestamp('2026-03-08 11:25:04.546000'), Timestamp('2026-03-08 11:25:04.760000'), Timestamp('2026-03-08 11:25:04.879000'), Timestamp('2026-03-08 11:25:05.651000'), Timestamp('2026-03-08 11:25:05.764000'), Timestamp('2026-03-08 11:25:05.990000'), Timestamp('2026-03-08 11:25:06.106000'), Timestamp('2026-03-08 11:25:06.911000'), Timestamp('2026-03-08 11:25:07.031000'), Timestamp('2026-03-08 11:25:07.264000'), Timestamp('2026-03-08 11:25:07.391000'), Timestamp('2026-03-08 11:25:08.237000'), Timestamp('2026-03-08 11:25:08.361000')]","[0.11, 0.746, 0.111, 0.214, 0.119, 0.772, 0.113, 0.226, 0.116, 0.805, 0.12, 0.233, 0.127, 0.846, 0.124]","[21.646245360719913, 21.62557077625571, 21.169948942377825, 21.011494252873565, 20.802929990139454, 20.83168763753315, 20.484822013540075, 20.214916480476646, 20.189832547524478, 20.050492498070554, 19.615307553596473, 19.31972789115646, 19.201228878648234, 19.14059552226357, 18.59167604049494, 18.22163314700628]","[2.3810869896791904, 16.13267579908676, 2.349864332603939, 4.496459770114943, 2.475548668826595, 16.082062856175593, 2.3147848875300285, 4.568571124587722, 2.3420205755128394, 16.140646460946797, 2.3538369064315767, 4.501496598639456, 2.4385560675883258, 16.19294381183498, 2.3053678290213724]",97.07592267858011,9.931140136452974,c:\git\RailwAI\VIDEO\20260308\ADTC Rueschlikon_00_20260308112505.mp4,2026-03-08 11:25:05,DTZ,Trieb
ADTC_8_adz_raw_20260308_1140,2026-03-08 11:38:18.947,2026-03-08 11:38:28.996,"[Timestamp('2026-03-08 11:38:28.996000'), Timestamp('2026-03-08 11:38:29.109000'), Timestamp('2026-03-08 11:38:29.872000'), Timestamp('2026-03-08 11:38:29.987000'), Timestamp('2026-03-08 11:38:30.212000'), Timestamp('2026-03-08 11:38:30.327000'), Timestamp('2026-03-08 11:38:31.108000'), Timestamp('2026-03-08 11:38:31.223000'), Timestamp('2026-03-08 11:38:31.454000'), Timestamp('2026-03-08 11:38:31.570000'), Timestamp('2026-03-08 11:38:32.377000'), Timestamp('2026-03-08 11:38:32.492000'), Timestamp('2026-03-08 11:38:32.726000'), Timestamp('2026-03-08 11:38:32.848000'), Timestamp('2026-03-08 11:38:33.676000'), Timestamp('2026-03-08 11:38:33.803000')]","[0.113, 0.763, 0.115, 0.225, 0.115, 0.781, 0.115, 0.231, 0.116, 0.807, 0.115, 0.234, 0.122, 0.828, 0.127]","[20.69119286510591, 20.870452902061047, 20.494873547505122, 20.623009829710647, 19.979209979209976, 20.189832547524478, 19.879951980792317, 20.147104162078833, 19.57237389020051, 19.83775937153104, 19.257947686116697, 19.619238476953903, 19.180838323353292, 19.259342729050797, 18.9537693926873, 18.89946868496623]","[2.338104793756968, 15.92415556427258, 2.3569104579630893, 4.640177211684896, 2.2976091476091476, 15.768259219616619, 2.2861944777911165, 4.65398106144021, 2.2703953712632594, 16.00907181282555, 2.2146639839034203, 4.590901803607213, 2.3400622754491014, 15.946735779654059, 2.407128712871287]",96.04435167370852,9.925995419989352,c:\git\RailwAI\VIDEO\20260308\ADTC Rueschlikon_00_20260308113830.mp4,2026-03-08 11:38:30,DTZ,Trieb
ADTC_8_adz_raw_20260308_1200,2026-03-08 11:53:26.112,2026-03-08 11:53:36.195,"[Timestamp('2026-03-08 11:53:36.195000'), Timestamp('2026-03-08 11:53:36.313000'), Timestamp('2026-03-08 11:53:37.099000'), Timestamp('2026-03-08 11:53:37.219000'), Timestamp('2026-03-08 11:53:37.449000'), Timestamp('2026-03-08 11:53:37.576000'), Timestamp('2026-03-08 11:53:38.390000'), Timestamp('2026-03-08 11:53:38.513000'), Timestamp('2026-03-08 11:53:38.748000'), Timestamp('2026-03-08 11:53:38.884000'), Timestamp('2026-03-08 11:53:39.741000'), Timestamp('2026-03-08 11:53:39.872000'), Timestamp('2026-03-08 11:53:40.126000'), Timestamp('2026-03-08 11:53:40.263000'), Timestamp('2026-03-08 11:53:41.188000'), Timestamp('2026-03-08 11:53:41.331000')]","[0.118, 0.786, 0.12, 0.23, 0.127, 0.814, 0.123, 0.235, 0.136, 0.857, 0.131, 0.254, 0.137, 0.925, 0.143]","[20.306965761511215, 20.497675690456656, 19.841571474324752, 19.696969696969695, 19.661079481138003, 19.655657533328867, 19.01355421686747, 18.7192118226601, 18.558364712210867, 18.58876404494382, 17.9226750261233, 17.584124996232838, 17.452527987847162, 17.267749671930858, 16.221816905147243, 15.832674453673288]","[2.396221959858323, 16.111173092698934, 2.3809885769189703, 4.53030303030303, 2.4969570941045265, 15.999705232129697, 2.3386671686746987, 4.399014778325123, 2.523937600860678, 15.930570786516853, 2.3478704284221523, 4.466367749043141, 2.3909963343350613, 15.972668446536044, 2.3197198174360554]",96.60516209616328,9.962927261822998,c:\git\RailwAI\VIDEO\20260308\ADTC Rueschlikon_00_20260308115337.mp4,2026-03-08 11:53:37,DTZ,Trieb
ADTC_8_adz_raw_20260308_1210,2026-03-08 12:07:27.498,2026-03-08 12:07:37.581,"[Timestamp('2026-03-08 12:07:37.581000'), Timestamp('2026-03-08 12:07:37.707000'), Timestamp('2026-03-08 12:07:38.547000'), Timestamp('2026-03-08 12:07:38.674000'), Timestamp('2026-03-08 12:07:38.918000'), Timestamp('2026-03-08 12:07:39.052000'), Timestamp('2026-03-08 12:07:39.926000'), Timestamp('2026-03-08 12:07:40.058000'), Timestamp('2026-03-08 12:07:40.315000'), Timestamp('2026-03-08 12:07:40.457000'), Timestamp('2026-03-08 12:07:41.376000'), Timestamp('2026-03-08 12:07:41.519000'), Timestamp('2026-03-08 12:07:41.788000'), Timestamp('2026-03-08 12:07:41.937000'), Timestamp('2026-03-08 12:07:42.920000'), Timestamp('2026-03-08 12:07:43.069000')]","[0.126, 0.84, 0.127, 0.244, 0.134, 0.874, 0.132, 0.257, 0.142, 0.919, 0.143, 0.269, 0.149, 0.983, 0.149]","[19.18175720992622, 19.12350597609562, 18.659755646057015, 18.731867780425958, 18.36107779175565, 18.285780628682552, 17.712237415876064, 17.79426922284065, 17.614738202973495, 17.399527186761226, 16.82746076419187, 16.82766757613745, 16.552954292084728, 16.411023672667874, 15.74113150134805, 15.776595457368945]","[2.416901408450704, 16.06374501992032, 2.369788967049241, 4.570575738423933, 2.4603844240952575, 15.98177226946855, 2.3380153388956404, 4.573127190270047, 2.501292824822236, 15.990165484633568, 2.406326889279437, 4.526642577980975, 2.466390189520624, 16.13203627023252, 2.345428593700859]",97.14259318674392,9.950130586804349,c:\git\RailwAI\VIDEO\20260308\ADTC Rueschlikon_00_20260308120739.mp4,2026-03-08 12:07:39,DTZ,Trieb
ADTC_8_adz_raw_20260308_1230,2026-03-08 12:23:11.712,2026-03-08 12:23:21.770,"[Timestamp('2026-03-08 12:23:21.770000'), Timestamp('2026-03-08 12:23:21.905000'), Timestamp('2026-03-08 12:23:22.807000'), Timestamp('2026-03-08 12:23:22.944000'), Timestamp('2026-03-08 12:23:23.207000'), Timestamp('2026-03-08 12:23:23.350000'), Timestamp('2026-03-08 12:23:24.287000'), Timestamp('2026-03-08 12:23:24.430000'), Timestamp('2026-03-08 12:23:24.703000'), Timestamp('2026-03-08 12:23:24.861000'), Timestamp('2026-03-08 12:23:25.827000'), Timestamp('2026-03-08 12:23:25.973000'), Timestamp('2026-03-08 12:23:26.264000'), Timestamp('2026-03-08 12:23:26.425000'), Timestamp('2026-03-08 12:23:27.447000'), Timestamp('2026-03-08 12:23:27.599000')]","[0.135, 0.902, 0.137, 0.263, 0.143, 0.937, 0.143, 0.273, 0.158, 0.966, 0.146, 0.291, 0.161, 1.022, 0.152]","[17.745886935574806, 17.640150645914606, 17.281742173828505, 17.007814706713116, 17.023203169213353, 17.033324839321615, 16.681260152537153, 16.426998922666165, 16.302617921808324, 16.340189026067073, 15.72786457634487, 15.452751316995851, 15.622715861060794, 15.543862404774995, 15.087407407407408, 14.84679206316197]","[2.395694736302599, 15.911415882614975, 2.3675986778145055, 4.47305526786555, 2.4343180531975093, 15.960225374444354, 2.3854202018128126, 4.484570705887863, 2.575813631645715, 15.784622599180791, 2.296268228146351, 4.496750633245792, 2.515257253630788, 15.885827377680044, 2.293285925925926]",96.26012454939558,9.914660870494751,c:\git\RailwAI\VIDEO\20260308\ADTC Rueschlikon_00_20260308122323.mp4,2026-03-08 12:23:23,DTZ,Trieb
ADTC_8_adz_raw_20260308_1240,2026-03-08 12:37:20.746,2026-03-08 12:37:30.801,"[Timestamp('2026-03-08 12:37:30.801000'), Timestamp('2026-03-08 12:37:30.915000'), Timestamp('2026-03-08 12:37:31.676000'), Timestamp('2026-03-08 12:37:31.795000'), Timestamp('2026-03-08 12:37:32.017000'), Timestamp('2026-03-08 12:37:32.134000'), Timestamp('2026-03-08 12:37:32.938000'), Timestamp('2026-03-08 12:37:33.059000'), Timestamp('2026-03-08 12:37:33.296000'), Timestamp('2026-03-08 12:37:33.428000'), Timestamp('2026-03-08 12:37:34.271000'), Timestamp('2026-03-08 12:37:34.400000'), Timestamp('2026-03-08 12:37:34.655000'), Timestamp('2026-03-08 12:37:34.793000'), Timestamp('2026-03-08 12:37:35.706000'), Timestamp('2026-03-08 12:37:35.848000')]","[0.114, 0.761, 0.119, 0.222, 0.117, 0.804, 0.121, 0.237, 0.132, 0.843, 0.129, 0.255, 0.138, 0.913, 0.142]","[21.008173995489216, 21.078814172089658, 20.492819129547275, 20.42784380305602, 20.063243592655354, 20.12874669570639, 19.39900637244296, 19.476543209876542, 19.047619047619047, 18.72222770810704, 18.397556390977442, 18.352188488252352, 17.82854305046868, 17.667614790735474, 16.93458816209069, 16.88760164865768]","[2.3949318354857705, 16.04097758496023, 2.438645476416126, 4.534981324278437, 2.3473995003406767, 16.18351234334794, 2.347279771065598, 4.61594074074074, 2.5142857142857142, 15.782837957934236, 2.3732847744360903, 4.67980806450435, 2.4603389409646783, 16.13053230394149, 2.4047115190168777]",97.24946785171896,9.936219742978627,c:\git\RailwAI\VIDEO\20260308\ADTC Rueschlikon_00_20260308123732.mp4,2026-03-08 12:37:32,DTZ,Trieb
ADTC_8_adz_raw_20260308_1300,2026-03-08 12:53:56.547,2026-03-08 12:54:06.599,"[Timestamp('2026-03-08 12:54:06.599000'), Timestamp('2026-03-08 12:54:06.711000'), Timestamp('2026-03-08 12:54:07.487000'), Timestamp('2026-03-08 12:54:07.606000'), Timestamp('2026-03-08 12:54:07.829000'), Timestamp('2026-03-08 12:54:07.952000'), Timestamp('2026-03-08 12:54:08.750000'), Timestamp('2026-03-08 12:54:08.873000'), Timestamp('2026-03-08 12:54:09.106000'), Timestamp('2026-03-08 12:54:09.230000'), Timestamp('2026-03-08 12:54:10.061000'), Timestamp('2026-03-08 12:54:10.185000'), Timestamp('2026-03-08 12:54:10.426000'), Timestamp('2026-03-08 12:54:10.556000'), Timestamp('2026-03-08 12:54:11.422000'), Timestamp('2026-03-08 12:54:11.550000')]","[0.112, 0.776, 0.119, 0.223, 0.123, 0.798, 0.123, 0.233, 0.124, 0.831, 0.124, 0.241, 0.13, 0.866, 0.128]","[20.757945524418638, 20.54719261619602, 20.191975936656785, 20.114438164776914, 20.003125488357554, 19.93632027712312, 19.460098910668222, 19.425961845368168, 19.327162619245335, 19.23076923076923, 18.87690453379485, 18.69749570871557, 18.588748678498327, 18.514706155589828, 17.95151413472024, 17.714285714285715]","[2.3248898987348876, 15.944621470168112, 2.4028451364621572, 4.485519710745252, 2.4603844350679793, 15.90918358114425, 2.3935921660121915, 4.526249109970784, 2.3965681647864217, 15.98076923076923, 2.3407361621905616, 4.506096465800453, 2.4165373282047824, 16.033735530740792, 2.297793809244191]",96.41952220004208,9.92496147111546,c:\git\RailwAI\VIDEO\20260308\ADTC Rueschlikon_00_20260308125408.mp4,2026-03-08 12:54:08,DTZ,Trieb
ADTC_8_adz_raw_20260308_1310,2026-03-08 13:07:09.862,2026-03-08 13:07:19.917,"[Timestamp('2026-03-08 13:07:19.917000'), Timestamp('2026-03-08 13:07:20.046000'), Timestamp('2026-03-08 13:07:20.920000'), Timestamp('2026-03-08 13:07:21.050000'), Timestamp('2026-03-08 13:07:21.304000'), Timestamp('2026-03-08 13:07:21.442000'), Timestamp('2026-03-08 13:07:22.341000'), Timestamp('2026-03-08 13:07:22.477000'), Timestamp('2026-03-08 13:07:22.737000'), Timestamp('2026-03-08 13:07:22.882000'), Timestamp('2026-03-08 13:07:23.825000'), Timestamp('2026-03-08 13:07:23.971000'), Timestamp('2026-03-08 13:07:24.246000'), Timestamp('2026-03-08 13:07:24.403000'), Timestamp('2026-03-08 13:07:25.398000'), Timestamp('2026-03-08 13:07:25.547000')]","[0.129, 0.874, 0.13, 0.254, 0.138, 0.899, 0.136, 0.26, 0.145, 0.943, 0.146, 0.275, 0.157, 0.995, 0.149]","[18.413328919783737, 18.287373004354137, 17.845407523348506, 17.963367501260294, 17.69586756641047, 17.700197801749628, 17.204798381268972, 17.30184708908113, 16.871756856931057, 16.93311308340566, 16.370297144850845, 16.398933345781522, 16.09796414053671, 15.964964666069472, 15.365664398523872, 15.446510399676901]","[2.375319430652102, 15.983164005805516, 2.319902978035306, 4.5626953453201144, 2.442029724164645, 15.912477823772916, 2.33985257985258, 4.498480243161094, 2.446404744255003, 15.967925637651538, 2.3900633831482234, 4.509706670089919, 2.5273803700642636, 15.885139842739123, 2.2894839953800568]",96.45002677409238,9.912329238995625,c:\git\RailwAI\VIDEO\20260308\ADTC Rueschlikon_00_20260308130721.mp4,2026-03-08 13:07:21,DTZ,Trieb
ADTC_8_adz_raw_20260308_1330,2026-03-08 13:24:05.552,2026-03-08 13:24:15.607,"[Timestamp('2026-03-08 13:24:15.607000'), Timestamp('2026-03-08 13:24:15.726000'), Timestamp('2026-03-08 13:24:16.560000'), Timestamp('2026-03-08 13:24:16.685000'), Timestamp('2026-03-08 13:24:16.929000'), Timestamp('2026-03-08 13:24:17.059000'), Timestamp('2026-03-08 13:24:17.925000'), Timestamp('2026-03-08 13:24:18.055000'), Timestamp('2026-03-08 13:24:18.309000'), Timestamp('2026-03-08 13:24:18.453000'), Timestamp('2026-03-08 13:24:19.366000'), Timestamp('2026-03-08 13:24:19.506000'), Timestamp('2026-03-08 13:24:19.781000'), Timestamp('2026-03-08 13:24:19.921000'), Timestamp('2026-03-08 13:24:20.910000'), Timestamp('2026-03-08 13:24:21.053000')]","[0.119, 0.834, 0.125, 0.244, 0.13, 0.866, 0.13, 0.254, 0.144, 0.913, 0.14, 0.275, 0.14, 0.989, 0.143]","[19.51614569344875, 19.302116928150536, 18.791298452062193, 18.754578754578752, 18.516341668464634, 18.51101262721867, 17.840233010780892, 17.74982911825017, 17.5989030931161, 17.576179510523215, 16.888751353860435, 16.62997114352049, 16.594616542071698, 16.40927429949378, 15.679999999999998, 15.388880332665947]","[2.322421337520401, 16.097965518077547, 2.348912306507774, 4.576117216117216, 2.4071244169004022, 16.030536935171366, 2.319230291401516, 4.508456596035543, 2.534242045408718, 16.047051893107696, 2.3644251895404613, 4.573242064468135, 2.323246315890038, 16.228772282199348, 2.2422399999999993]",96.92398440834614,9.923718528696128,c:\git\RailwAI\VIDEO\20260308\ADTC Rueschlikon_00_20260308132417.mp4,2026-03-08 13:24:17,DTZ,Trieb
ADTC_8_adz_raw_20260308_1340,2026-03-08 13:37:24.646,2026-03-08 13:37:34.692,"[Timestamp('2026-03-08 13:37:34.692000'), Timestamp('2026-03-08 13:37:34.799000'), Timestamp('2026-03-08 13:37:35.506000'), Timestamp('2026-03-08 13:37:35.616000'), Timestamp('2026-03-08 13:37:35.820000'), Timestamp('2026-03-08 13:37:35.927000'), Timestamp('2026-03-08 13:37:36.654000'), Timestamp('2026-03-08 13:37:36.764000'), Timestamp('2026-03-08 13:37:36.975000'), Timestamp('2026-03-08 13:37:37.083000'), Timestamp('2026-03-08 13:37:37.827000'), Timestamp('2026-03-08 13:37:37.943000'), Timestamp('2026-03-08 13:37:38.150000'), Timestamp('2026-03-08 13:37:38.267000'), Timestamp('2026-03-08 13:37:39.040000'), Timestamp('2026-03-08 13:37:39.153000')]","[0.107, 0.707, 0.11, 0.204, 0.107, 0.727, 0.11, 0.211, 0.108, 0.744, 0.116, 0.207, 0.117, 0.773, 0.113]","[22.35232890970596, 22.404008496269267, 22.222222222222225, 22.196561457531434, 21.818294515984064, 22.043657070547297, 21.527369262560896, 21.71990171990172, 21.239042011130522, 21.45254074784276, 21.056277056277057, 21.192466070514847, 21.036866359447004, 21.029799894428713, 20.318029115341545, 20.578801775555778]","[2.3916991933385376, 15.83963400686237, 2.4444444444444446, 4.528098537336413, 2.334557513210295, 16.025738690287884, 2.3680106188816987, 4.582899262899263, 2.293816537202096, 15.960690316395015, 2.442528138528139, 4.386840476596573, 2.4613133640552998, 16.256035318393394, 2.295937290033595]",96.61224370846502,9.931952317125564,c:\git\RailwAI\VIDEO\20260308\ADTC Rueschlikon_00_20260308133736.mp4,2026-03-08 13:37:36,DTZ,Trieb
ADTC_8_adz_raw_20260308_1400,2026-03-08 13:52:50.070,2026-03-08 13:53:00.122,"[Timestamp('2026-03-08 13:53:00.122000'), Timestamp('2026-03-08 13:53:00.237000'), Timestamp('2026-03-08 13:53:01.025000'), Timestamp('2026-03-08 13:53:01.146000'), Timestamp('2026-03-08 13:53:01.370000'), Timestamp('2026-03-08 13:53:01.499000'), Timestamp('2026-03-08 13:53:02.304000'), Timestamp('2026-03-08 13:53:02.431000'), Timestamp('2026-03-08 13:53:02.666000'), Timestamp('2026-03-08 13:53:02.793000'), Timestamp('2026-03-08 13:53:03.637000'), Timestamp('2026-03-08 13:53:03.762000'), Timestamp('2026-03-08 13:53:04.015000'), Timestamp('2026-03-08 13:53:04.145000'), Timestamp('2026-03-08 13:53:05.022000'), Timestamp('2026-03-08 13:53:05.159000')]","[0.115, 0.788, 0.121, 0.224, 0.129, 0.805, 0.127, 0.235, 0.127, 0.844, 0.125, 0.253, 0.13, 0.877, 0.137]","[20.39135748463297, 20.32258064516129, 20.08447313710471, 19.927391118977788, 19.75383911900316, 19.858811449107943, 19.203763937731793, 19.21506461065475, 19.00093187887141, 18.894419457969825, 18.46590909090909, 18.25629530541044, 18.282933611400765, 18.18455517085654, 17.52530956116769, 17.346832272205404]","[2.3450061107327915, 16.014193548387095, 2.43022124958967, 4.463735610651025, 2.548245246351408, 15.986343216531894, 2.4388780200919378, 4.515540183503866, 2.413118348616669, 15.946890022526532, 2.3082386363636362, 4.618842712268841, 2.3767813694820994, 15.947854884841187, 2.4009674098799736]",96.75485656981864,9.926160139146411,c:\git\RailwAI\VIDEO\20260308\ADTC Rueschlikon_00_20260308135256.mp4,2026-03-08 13:52:56,DTZ,Trieb
ADTC_8_adz_raw_20260308_1410,2026-03-08 14:07:30.390,2026-03-08 14:07:40.437,"[Timestamp('2026-03-08 14:07:40.437000'), Timestamp('2026-03-08 14:07:40.553000'), Timestamp('2026-03-08 14:07:41.320000'), Timestamp('2026-03-08 14:07:41.433000'), Timestamp('2026-03-08 14:07:41.655000'), Timestamp('2026-03-08 14:07:41.773000'), Timestamp('2026-03-08 14:07:42.568000'), Timestamp('2026-03-08 14:07:42.683000'), Timestamp('2026-03-08 14:07:42.911000'), Timestamp('2026-03-08 14:07:43.036000'), Timestamp('2026-03-08 14:07:43.856000'), Timestamp('2026-03-08 14:07:43.978000'), Timestamp('2026-03-08 14:07:44.221000'), Timestamp('2026-03-08 14:07:44.348000'), Timestamp('2026-03-08 14:07:45.209000'), Timestamp('2026-03-08 14:07:45.342000')]","[0.116, 0.767, 0.113, 0.222, 0.118, 0.795, 0.115, 0.228, 0.125, 0.82, 0.122, 0.243, 0.127, 0.861, 0.133]","[20.601712204175048, 20.62586541124342, 20.168156239655737, 20.317483068764105, 20.125786163522008, 20.10737972418149, 19.49481705054303, 19.635925578905102, 19.31714663978331, 19.242263568880748, 18.750071525846582, 18.883163904748642, 18.483159392789375, 18.499582289055976, 17.848861119078805, 17.868644684078205]","[2.3897986156843056, 15.820038770423704, 2.2790016550810983, 4.510481241265631, 2.374842767295597, 15.985366880724287, 2.2419039608124485, 4.476991031990363, 2.4146433299729138, 15.778656126482213, 2.287508726153283, 4.5886088288539195, 2.3473612428842507, 15.928140350877195, 2.373898528837481]",95.79724205733868,9.71210166870755,c:\git\RailwAI\VIDEO\20260308\ADTC Rueschlikon_00_20260308140742.mp4,2026-03-08 14:07:42,DTZ,Trieb
ADTC_8_adz_raw_20260308_1430,2026-03-08 14:24:19.411,2026-03-08 14:24:29.455,"[Timestamp('2026-03-08 14:24:29.455000'), Timestamp('2026-03-08 14:24:29.560000'), Timestamp('2026-03-08 14:24:30.260000'), Timestamp('2026-03-08 14:24:30.369000'), Timestamp('2026-03-08 14:24:30.572000'), Timestamp('2026-03-08 14:24:30.683000'), Timestamp('2026-03-08 14:24:31.413000'), Timestamp('2026-03-08 14:24:31.525000'), Timestamp('2026-03-08 14:24:31.737000'), Timestamp('2026-03-08 14:24:31.851000'), Timestamp('2026-03-08 14:24:32.625000'), Timestamp('2026-03-08 14:24:32.741000'), Timestamp('2026-03-08 14:24:32.966000'), Timestamp('2026-03-08 14:24:33.090000'), Timestamp('2026-03-08 14:24:33.910000'), Timestamp('2026-03-08 14:24:34.036000')]","[0.105, 0.7, 0.109, 0.203, 0.111, 0.73, 0.112, 0.212, 0.114, 0.774, 0.116, 0.225, 0.124, 0.82, 0.126]","[22.859216255442675, 22.813276134567626, 22.32606438213915, 22.175158573082314, 21.99546485260771, 22.07188160676533, 21.286135693215343, 21.133391455972102, 21.10144927536232, 20.86483731203806, 20.295983086680756, 20.030459945172097, 19.834710743801654, 19.728829866693673, 18.937563469552124, 18.63042578022061]","[2.400217706821481, 15.969293294197337, 2.4335410176531673, 4.50155719033571, 2.441496598639456, 16.11247357293869, 2.3840471976401183, 4.480278988666085, 2.4055652173913047, 16.149384079517457, 2.3543340380549678, 4.506853487663722, 2.4595041322314053, 16.17764049068881, 2.3861329971635676]",97.16232000960326,9.931814672120437,c:\git\RailwAI\VIDEO\20260308\ADTC Rueschlikon_00_20260308142431.mp4,2026-03-08 14:24:31,DTZ,Trieb
ADTC_8_adz_raw_20260308_1440,2026-03-08 14:37:07.366,2026-03-08 14:37:17.434,"[Timestamp('2026-03-08 14:37:17.434000'), Timestamp('2026-03-08 14:37:17.556000'), Timestamp('2026-03-08 14:37:18.387000'), Timestamp('2026-03-08 14:37:18.513000'), Timestamp('2026-03-08 14:37:18.754000'), Timestamp('2026-03-08 14:37:18.883000'), Timestamp('2026-03-08 14:37:19.751000'), Timestamp('2026-03-08 14:37:19.880000'), Timestamp('2026-03-08 14:37:20.130000'), Timestamp('2026-03-08 14:37:20.273000'), Timestamp('2026-03-08 14:37:21.183000'), Timestamp('2026-03-08 14:37:21.320000'), Timestamp('2026-03-08 14:37:21.587000'), Timestamp('2026-03-08 14:37:21.738000'), Timestamp('2026-03-08 14:37:22.703000'), Timestamp('2026-03-08 14:37:22.851000')]","[0.122, 0.831, 0.126, 0.241, 0.129, 0.868, 0.129, 0.25, 0.143, 0.91, 0.137, 0.267, 0.151, 0.965, 0.148]","[19.047918995952948, 18.991116502954647, 18.677113495713396, 18.67767906823576, 18.305957289008138, 18.25629530541044, 17.680097680097678, 17.64759552186857, 17.58648431214803, 17.393359328843196, 16.75438596491228, 16.7979131201548, 16.57638330204702, 16.396254484991687, 15.861425367147463, 15.871280851715014]","[2.3238461175062595, 15.781617813955311, 2.353316300459888, 4.501320655444818, 2.36146849028205, 15.846464325096262, 2.2807326007326005, 4.411898880467143, 2.514867256637168, 15.82795698924731, 2.2953508771929827, 4.485042803081332, 2.5030338786091, 15.822385578016977, 2.3474909543378244]",95.65679352106704,9.933646999662445,c:\git\RailwAI\VIDEO\20260308\ADTC Rueschlikon_00_20260308143719.mp4,2026-03-08 14:37:19,DTZ,Trieb
ADTC_8_adz_raw_20260308_1500,2026-03-08 14:55:02.976,2026-03-08 14:55:13.031,"[Timestamp('2026-03-08 14:55:13.031000'), Timestamp('2026-03-08 14:55:13.160000'), Timestamp('2026-03-08 14:55:14.025000'), Timestamp('2026-03-08 14:55:14.157000'), Timestamp('2026-03-08 14:55:14.406000'), Timestamp('2026-03-08 14:55:14.551000'), Timestamp('2026-03-08 14:55:15.441000'), Timestamp('2026-03-08 14:55:15.574000'), Timestamp('2026-03-08 14:55:15.832000'), Timestamp('2026-03-08 14:55:15.983000'), Timestamp('2026-03-08 14:55:16.911000'), Timestamp('2026-03-08 14:55:17.052000'), Timestamp('2026-03-08 14:55:17.327000'), Timestamp('2026-03-08 14:55:17.479000'), Timestamp('2026-03-08 14:55:18.473000'), Timestamp('2026-03-08 14:55:18.621000')]","[0.129, 0.865, 0.132, 0.249, 0.145, 0.89, 0.133, 0.258, 0.151, 0.928, 0.141, 0.275, 0.152, 0.994, 0.148]","[18.533440172931073, 18.39897489747139, 18.064022771204623, 17.934065934065934, 17.81131244148262, 17.943487221333, 17.461530066572085, 17.30538747113333, 17.20982831294335, 17.15866982008292, 16.586297445691095, 16.350385277695636, 16.250354445389632, 16.181841399565826, 15.50736881629588, 15.219541586122057]","[2.3908137823081086, 15.915113286312753, 2.3844510057990105, 4.465582417582418, 2.58264030401498, 15.969703626986371, 2.3223834988540872, 4.464789967552399, 2.598684075254446, 15.92324559303695, 2.338667939842444, 4.496355951366301, 2.470053875699224, 16.08475035116843, 2.29509058481179]",96.7023262605897,9.919974974856066,c:\git\RailwAI\VIDEO\20260308\ADTC Rueschlikon_00_20260308145514.mp4,2026-03-08 14:55:14,DTZ,Trieb
ADTC_8_adz_raw_20260308_1510,2026-03-08 15:07:24.954,2026-03-08 15:07:35.003,"[Timestamp('2026-03-08 15:07:35.003000'), Timestamp('2026-03-08 15:07:35.115000'), Timestamp('2026-03-08 15:07:35.880000'), Timestamp('2026-03-08 15:07:35.993000'), Timestamp('2026-03-08 15:07:36.219000'), Timestamp('2026-03-08 15:07:36.338000'), Timestamp('2026-03-08 15:07:37.143000'), Timestamp('2026-03-08 15:07:37.269000'), Timestamp('2026-03-08 15:07:37.503000'), Timestamp('2026-03-08 15:07:37.630000'), Timestamp('2026-03-08 15:07:38.493000'), Timestamp('2026-03-08 15:07:38.627000'), Timestamp('2026-03-08 15:07:38.882000'), Timestamp('2026-03-08 15:07:39.026000'), Timestamp('2026-03-08 15:07:39.961000'), Timestamp('2026-03-08 15:07:40.105000')]","[0.112, 0.765, 0.113, 0.226, 0.119, 0.805, 0.126, 0.234, 0.127, 0.863, 0.134, 0.255, 0.144, 0.935, 0.144]","[21.09930876577738, 21.12213777412015, 20.275116415993146, 20.53478284741668, 19.917098177967738, 19.896907216494842, 19.219392540220763, 19.2, 18.934984905542933, 18.87951238755289, 18.072084325059503, 18.182861734488892, 17.585308001221204, 17.408230636697226, 16.495040151157298, 16.537479969137635]","[2.3631225817670667, 16.158435397201917, 2.2910881550072255, 4.640860923516169, 2.3701346831781605, 16.017010309278348, 2.4216434600678163, 4.4928, 2.4047430830039525, 16.293019190458143, 2.4216592995579735, 4.636629742294668, 2.532284352175853, 16.276695645311907, 2.375285781766651]",97.69541260458584,9.925686028419056,c:\git\RailwAI\VIDEO\20260308\ADTC Rueschlikon_00_20260308150737.mp4,2026-03-08 15:07:37,DTZ,Trieb
ADTC_8_adz_raw_20260308_1530,2026-03-08 15:23:55.008,2026-03-08 15:24:05.073,"[Timestamp('2026-03-08 15:24:05.073000'), Timestamp('2026-03-08 15:24:05.172000'), Timestamp('2026-03-08 15:24:05.845000'), Timestamp('2026-03-08 15:24:05.943000'), Timestamp('2026-03-08 15:24:06.136000'), Timestamp('2026-03-08 15:24:06.243000'), Timestamp('2026-03-08 15:24:06.938000'), Timestamp('2026-03-08 15:24:07.042000'), Timestamp('2026-03-08 15:24:07.241000'), Timestamp('2026-03-08 15:24:07.351000'), Timestamp('2026-03-08 15:24:08.073000'), Timestamp('2026-03-08 15:24:08.185000'), Timestamp('2026-03-08 15:24:08.394000'), Timestamp('2026-03-08 15:24:08.505000'), Timestamp('2026-03-08 15:24:09.266000'), Timestamp('2026-03-08 15:24:09.378000')]","[0.099, 0.673, 0.098, 0.193, 0.107, 0.695, 0.104, 0.199, 0.11, 0.722, 0.112, 0.209, 0.111, 0.761, 0.112]","[23.885918003565067, 23.617987048356838, 23.172606568832983, 23.079056865464636, 22.859216255442675, 22.863493827650537, 22.561723280861642, 22.35523747560182, 22.00354963715987, 22.139680211704313, 21.551020408163264, 21.368723383183124, 21.3400778517655, 21.19463505926388, 20.695807314897415, 20.436726319079256]","[2.3647058823529417, 15.894905283544153, 2.2709154437456323, 4.454257975034675, 2.445936139332366, 15.890128210217123, 2.3464192212096107, 4.448692257644763, 2.4203904600875856, 15.984849112850513, 2.4137142857142857, 4.466063187085273, 2.3687486415459706, 16.129117280099813, 2.3179304192685106]",96.21677379973322,9.954655303112771,c:\git\RailwAI\VIDEO\20260308\ADTC Rueschlikon_00_20260308152407.mp4,2026-03-08 15:24:07,DTZ,Trieb
ADTC_8_adz_raw_20260308_1540,2026-03-08 15:37:05.235,2026-03-08 15:37:15.286,"[Timestamp('2026-03-08 15:37:15.286000'), Timestamp('2026-03-08 15:37:15.398000'), Timestamp('2026-03-08 15:37:16.168000'), Timestamp('2026-03-08 15:37:16.284000'), Timestamp('2026-03-08 15:37:16.506000'), Timestamp('2026-03-08 15:37:16.628000'), Timestamp('2026-03-08 15:37:17.419000'), Timestamp('2026-03-08 15:37:17.543000'), Timestamp('2026-03-08 15:37:17.770000'), Timestamp('2026-03-08 15:37:17.904000'), Timestamp('2026-03-08 15:37:18.733000'), Timestamp('2026-03-08 15:37:18.860000'), Timestamp('2026-03-08 15:37:19.104000'), Timestamp('2026-03-08 15:37:19.238000'), Timestamp('2026-03-08 15:37:20.119000'), Timestamp('2026-03-08 15:37:20.256000')]","[0.112, 0.77, 0.116, 0.222, 0.122, 0.791, 0.124, 0.227, 0.134, 0.829, 0.127, 0.244, 0.134, 0.881, 0.137]","[20.64754856614246, 20.690520096429413, 20.19108280254777, 20.168156239655737, 19.89639442282415, 19.613506406778242, 19.611869287592334, 19.53546143336231, 19.221549685332906, 19.204916458613404, 18.5536517231592, 18.695671961043097, 18.252006072435478, 18.20273184759166, 17.556141740970684, 17.424302316388648]","[2.3125254394079557, 15.931700474250649, 2.3421656050955413, 4.477330685203573, 2.4273601195845464, 15.51428356776159, 2.4318717916614494, 4.4345497453732445, 2.5756876578346097, 15.92087574419051, 2.3563137688412183, 4.561743958494516, 2.445768813706354, 16.036606757728254, 2.405191418512984]",96.173975547647,9.92241771726008,c:\git\RailwAI\VIDEO\20260308\ADTC Rueschlikon_00_20260308153716.mp4,2026-03-08 15:37:16,DTZ,Trieb
ADTC_8_adz_raw_20260308_1600,2026-03-08 15:54:14.918,2026-03-08 15:54:24.994,"[Timestamp('2026-03-08 15:54:24.994000'), Timestamp('2026-03-08 15:54:25.121000'), Timestamp('2026-03-08 15:54:25.999000'), Timestamp('2026-03-08 15:54:26.130000'), Timestamp('2026-03-08 15:54:26.386000'), Timestamp('2026-03-08 15:54:26.525000'), Timestamp('2026-03-08 15:54:27.421000'), Timestamp('2026-03-08 15:54:27.558000'), Timestamp('2026-03-08 15:54:27.817000'), Timestamp('2026-03-08 15:54:27.962000'), Timestamp('2026-03-08 15:54:28.889000'), Timestamp('2026-03-08 15:54:29.036000'), Timestamp('2026-03-08 15:54:29.307000'), Timestamp('2026-03-08 15:54:29.459000'), Timestamp('2026-03-08 15:54:30.442000'), Timestamp('2026-03-08 15:54:30.589000')]","[0.127, 0.878, 0.131, 0.256, 0.139, 0.896, 0.137, 0.259, 0.145, 0.927, 0.147, 0.271, 0.152, 0.983, 0.147]","[18.461606736711307, 18.185993111366244, 17.963367501260294, 17.845407523348506, 17.818181818181817, 17.795414522623588, 17.439051754860678, 17.259381784348186, 17.08531255937678, 17.110099605766848, 16.580756013745702, 16.446505733571534, 16.189307146753954, 16.40752828356185, 15.778299975690786, 15.533858663234234]","[2.344624055562336, 15.967301951779563, 2.3532011426650987, 4.568424325977218, 2.4767272727272727, 15.944691412270735, 2.389150090415913, 4.47017988214618, 2.477370321109633, 15.861062334545869, 2.4373711340206183, 4.457003053797886, 2.460774686306601, 16.128600302741297, 2.3194100964265454]",96.65589206249278,9.932634612035528,c:\git\RailwAI\VIDEO\20260308\ADTC Rueschlikon_00_20260308155426.mp4,2026-03-08 15:54:26,DTZ,Trieb
ADTC_8_adz_raw_20260308_1610,2026-03-08 16:07:25.824,2026-03-08 16:07:35.876,"[Timestamp('2026-03-08 16:07:35.876000'), Timestamp('2026-03-08 16:07:35.993000'), Timestamp('2026-03-08 16:07:36.814000'), Timestamp('2026-03-08 16:07:36.935000'), Timestamp('2026-03-08 16:07:37.173000'), Timestamp('2026-03-08 16:07:37.305000'), Timestamp('2026-03-08 16:07:38.155000'), Timestamp('2026-03-08 16:07:38.281000'), Timestamp('2026-03-08 16:07:38.529000'), Timestamp('2026-03-08 16:07:38.663000'), Timestamp('2026-03-08 16:07:39.557000'), Timestamp('2026-03-08 16:07:39.696000'), Timestamp('2026-03-08 16:07:39.956000'), Timestamp('2026-03-08 16:07:40.100000'), Timestamp('2026-03-08 16:07:41.046000'), Timestamp('2026-03-08 16:07:41.191000')]","[0.117, 0.821, 0.121, 0.238, 0.132, 0.85, 0.126, 0.248, 0.134, 0.894, 0.139, 0.26, 0.144, 0.946, 0.145]","[19.73630831643002, 19.51292061721509, 19.12418897200341, 18.979744936234056, 18.90027438882602, 18.95378768112838, 18.34696261682243, 18.067860709201774, 17.931688804554078, 17.805402952440545, 17.3482647164452, 17.146356399265155, 16.916417743608214, 16.867826730840427, 16.20263549197559, 15.87210493953679]","[2.309148073022312, 16.02010782673359, 2.3140268656124126, 4.5171792948237055, 2.494836219325035, 16.110719528959123, 2.3117172897196263, 4.48082945588204, 2.4028462998102467, 15.918030239481848, 2.411408795585883, 4.458052663808941, 2.4359641550795827, 15.956964087375043, 2.3493821463364606]",96.49121294155586,9.920750755237684,c:\git\RailwAI\VIDEO\20260308\ADTC Rueschlikon_00_20260308160737.mp4,2026-03-08 16:07:37,DTZ,Trieb
ADTC_8_adz_raw_20260308_1630,2026-03-08 16:23:40.282,2026-03-08 16:23:50.325,"[Timestamp('2026-03-08 16:23:50.325000'), Timestamp('2026-03-08 16:23:50.433000'), Timestamp('2026-03-08 16:23:51.153000'), Timestamp('2026-03-08 16:23:51.263000'), Timestamp('2026-03-08 16:23:51.473000'), Timestamp('2026-03-08 16:23:51.585000'), Timestamp('2026-03-08 16:23:52.338000'), Timestamp('2026-03-08 16:23:52.451000'), Timestamp('2026-03-08 16:23:52.671000'), Timestamp('2026-03-08 16:23:52.787000'), Timestamp('2026-03-08 16:23:53.581000'), Timestamp('2026-03-08 16:23:53.704000'), Timestamp('2026-03-08 16:23:53.935000'), Timestamp('2026-03-08 16:23:54.062000'), Timestamp('2026-03-08 16:23:54.907000'), Timestamp('2026-03-08 16:23:55.035000')]","[0.108, 0.72, 0.11, 0.21, 0.112, 0.753, 0.113, 0.22, 0.116, 0.794, 0.123, 0.231, 0.127, 0.845, 0.128]","[22.380662551082516, 22.180483223768462, 21.67440485594736, 21.556668918033445, 21.27187601221032, 21.334911943170045, 20.74217875009333, 20.434782608695652, 20.32950287732382, 20.248213079193484, 19.633215532924858, 19.359875097580016, 19.21106557377049, 19.12509812317134, 18.37806942337708, 18.075541479796797]","[2.417111555516912, 15.969947921113292, 2.3841845341542096, 4.526900472787023, 2.3824501133675557, 16.065188693207045, 2.3438661987605465, 4.495652173913044, 2.358222333769563, 16.077081184879628, 2.4148855105497575, 4.472131147540984, 2.4398053278688523, 16.160707914079783, 2.3523928861922663]",96.86052796770043,9.931212722084355,c:\git\RailwAI\VIDEO\20260308\ADTC Rueschlikon_00_20260308162352.mp4,2026-03-08 16:23:52,DTZ,Trieb
ADTC_8_adz_raw_20260308_1640,2026-03-08 16:37:40.064,2026-03-08 16:37:50.112,"[Timestamp('2026-03-08 16:37:50.112000'), Timestamp('2026-03-08 16:37:50.219000'), Timestamp('2026-03-08 16:37:50.961000'), Timestamp('2026-03-08 16:37:51.073000'), Timestamp('2026-03-08 16:37:51.288000'), Timestamp('2026-03-08 16:37:51.405000'), Timestamp('2026-03-08 16:37:52.187000'), Timestamp('2026-03-08 16:37:52.302000'), Timestamp('2026-03-08 16:37:52.528000'), Timestamp('2026-03-08 16:37:52.651000'), Timestamp('2026-03-08 16:37:53.475000'), Timestamp('2026-03-08 16:37:53.598000'), Timestamp('2026-03-08 16:37:53.837000'), Timestamp('2026-03-08 16:37:53.971000'), Timestamp('2026-03-08 16:37:54.849000'), Timestamp('2026-03-08 16:37:54.980000')]","[0.107, 0.742, 0.112, 0.215, 0.117, 0.782, 0.115, 0.226, 0.123, 0.824, 0.123, 0.239, 0.134, 0.878, 0.131]","[21.61176613589401, 21.747429345483653, 21.06276102311438, 21.053036569647773, 20.713926596279535, 20.767460569889053, 19.763210844011432, 20.04603473530027, 19.617764196077445, 19.60171515007563, 18.773512769536627, 18.882141337562373, 18.51510191935724, 18.395125174363116, 17.589556871759594, 17.72866789441375]","[2.312458976540659, 16.13659257434887, 2.3590292345888106, 4.526402862474271, 2.4235294117647057, 16.24015416565324, 2.272769247061315, 4.530403850177861, 2.4129849961175256, 16.151813283662317, 2.3091420706530053, 4.512831779677407, 2.48102365719387, 16.150919903090816, 2.304231950200507]",97.1242879632052,9.929056962213188,c:\git\RailwAI\VIDEO\20260308\ADTC Rueschlikon_00_20260308163751.mp4,2026-03-08 16:37:51,DTZ,Trieb
ADTC_8_adz_raw_20260308_1700,2026-03-08 16:54:58.854,2026-03-08 16:55:08.909,"[Timestamp('2026-03-08 16:55:08.909000'), Timestamp('2026-03-08 16:55:09.030000'), Timestamp('2026-03-08 16:55:09.857000'), Timestamp('2026-03-08 16:55:09.980000'), Timestamp('2026-03-08 16:55:10.218000'), Timestamp('2026-03-08 16:55:10.349000'), Timestamp('2026-03-08 16:55:11.204000'), Timestamp('2026-03-08 16:55:11.332000'), Timestamp('2026-03-08 16:55:11.579000'), Timestamp('2026-03-08 16:55:11.715000'), Timestamp('2026-03-08 16:55:12.605000'), Timestamp('2026-03-08 16:55:12.741000'), Timestamp('2026-03-08 16:55:13.002000'), Timestamp('2026-03-08 16:55:13.145000'), Timestamp('2026-03-08 16:55:14.082000'), Timestamp('2026-03-08 16:55:14.222000')]","[0.121, 0.827, 0.123, 0.238, 0.131, 0.855, 0.128, 0.247, 0.136, 0.89, 0.136, 0.261, 0.143, 0.937, 0.14]","[19.537888198757763, 19.23878600946999, 19.053694843168525, 18.860583603520148, 18.752575274314403, 18.810307901342608, 18.409266409266408, 18.11327203016031, 18.130457113507962, 17.898248540450375, 17.502293486498345, 17.190014812344902, 17.158848409726925, 17.07509881422925, 16.666867607875286, 16.39654146392691]","[2.364084472049689, 15.910476029831681, 2.3436044657097286, 4.488818897637795, 2.456587360935187, 16.082813255647928, 2.3563861003861004, 4.473978191449596, 2.465742167437083, 15.929441201000834, 2.380311914163775, 4.4865938660220195, 2.4537153225909503, 15.999367588932808, 2.33336146510254]",96.52528229889772,9.917888510822708,c:\git\RailwAI\VIDEO\20260308\ADTC Rueschlikon_00_20260308165510.mp4,2026-03-08 16:55:10,DTZ,Trieb
ADTC_8_adz_raw_20260308_1710,2026-03-08 17:07:21.133,2026-03-08 17:07:31.178,"[Timestamp('2026-03-08 17:07:31.178000'), Timestamp('2026-03-08 17:07:31.286000'), Timestamp('2026-03-08 17:07:32.017000'), Timestamp('2026-03-08 17:07:32.128000'), Timestamp('2026-03-08 17:07:32.337000'), Timestamp('2026-03-08 17:07:32.451000'), Timestamp('2026-03-08 17:07:33.213000'), Timestamp('2026-03-08 17:07:33.327000'), Timestamp('2026-03-08 17:07:33.546000'), Timestamp('2026-03-08 17:07:33.665000'), Timestamp('2026-03-08 17:07:34.470000'), Timestamp('2026-03-08 17:07:34.593000'), Timestamp('2026-03-08 17:07:34.825000'), Timestamp('2026-03-08 17:07:34.951000'), Timestamp('2026-03-08 17:07:35.806000'), Timestamp('2026-03-08 17:07:35.929000')]","[0.108, 0.731, 0.111, 0.209, 0.114, 0.762, 0.114, 0.219, 0.119, 0.805, 0.123, 0.232, 0.126, 0.855, 0.123]","[21.72045762842005, 21.79569116585919, 21.239042011130522, 21.286135693215343, 20.985636879676612, 20.93806488440681, 20.18929677134011, 20.318029115341545, 20.08447313710471, 20.15065415620457, 19.29650190298417, 19.26011784023954, 19.04829394465507, 18.935574229691877, 18.06248805250526, 18.322278920856235]","[2.3458094238693654, 15.932650242243067, 2.357533663235488, 4.448802359882007, 2.3923626042831336, 15.954805441917989, 2.3015798319327727, 4.449648376259798, 2.39005230331546, 16.22127659574468, 2.3734697340670525, 4.4683473389355735, 2.400085037026539, 16.189915966386554, 2.2216860304581467]",96.44802494955762,9.920856753593304,c:\git\RailwAI\VIDEO\20260308\ADTC Rueschlikon_00_20260308170732.mp4,2026-03-08 17:07:32,DTZ,Trieb
ADTC_8_adz_raw_20260308_1730,2026-03-08 17:23:27.859,2026-03-08 17:23:37.901,"[Timestamp('2026-03-08 17:23:37.901000'), Timestamp('2026-03-08 17:23:37.999000'), Timestamp('2026-03-08 17:23:38.655000'), Timestamp('2026-03-08 17:23:38.755000'), Timestamp('2026-03-08 17:23:38.946000'), Timestamp('2026-03-08 17:23:39.050000'), Timestamp('2026-03-08 17:23:39.740000'), Timestamp('2026-03-08 17:23:39.846000'), Timestamp('2026-03-08 17:23:40.047000'), Timestamp('2026-03-08 17:23:40.153000'), Timestamp('2026-03-08 17:23:40.889000'), Timestamp('2026-03-08 17:23:41'), Timestamp('2026-03-08 17:23:41.217000'), Timestamp('2026-03-08 17:23:41.326000'), Timestamp('2026-03-08 17:23:42.120000'), Timestamp('2026-03-08 17:23:42.240000')]","[0.098, 0.656, 0.1, 0.191, 0.104, 0.69, 0.106, 0.201, 0.106, 0.736, 0.111, 0.217, 0.109, 0.794, 0.12]","[24.41644288370172, 24.255847255369925, 23.682099890630703, 23.552982813952788, 23.23441615452151, 23.11668189123874, 22.437745740498038, 22.23363286264442, 22.092580849714647, 21.885027014718364, 21.182474301961065, 20.917410333655432, 20.72816618271164, 20.507780507780506, 19.6251993288395, 19.460734528060804]","[2.3928114026027685, 15.911835799522672, 2.3682099890630703, 4.498619717464982, 2.4163792800702373, 15.95051050495473, 2.3784010484927918, 4.468960205391529, 2.3418135700697524, 16.107379882832717, 2.351254647517678, 4.539078042403228, 2.2593701139155686, 16.283177723177722, 2.35502391946074]",96.62282584694016,9.934384188884888,c:\git\RailwAI\VIDEO\20260308\ADTC Rueschlikon_00_20260308172340.mp4,2026-03-08 17:23:40,DTZ,Trieb
ADTC_8_adz_raw_20260308_1740,2026-03-08 17:37:24.141,2026-03-08 17:37:34.185,"[Timestamp('2026-03-08 17:37:34.185000'), Timestamp('2026-03-08 17:37:34.309000'), Timestamp('2026-03-08 17:37:35.173000'), Timestamp('2026-03-08 17:37:35.306000'), Timestamp('2026-03-08 17:37:35.549000'), Timestamp('2026-03-08 17:37:35.692000'), Timestamp('2026-03-08 17:37:36.573000'), Timestamp('2026-03-08 17:37:36.710000'), Timestamp('2026-03-08 17:37:36.965000'), Timestamp('2026-03-08 17:37:37.118000'), Timestamp('2026-03-08 17:37:38.053000'), Timestamp('2026-03-08 17:37:38.200000'), Timestamp('2026-03-08 17:37:38.475000'), Timestamp('2026-03-08 17:37:38.629000'), Timestamp('2026-03-08 17:37:39.631000'), Timestamp('2026-03-08 17:37:39.780000')]","[0.124, 0.864, 0.133, 0.243, 0.143, 0.881, 0.137, 0.255, 0.153, 0.935, 0.147, 0.275, 0.154, 1.002, 0.149]","[18.46181156525984, 18.58958497356878, 18.098081023454156, 18.08223842901331, 17.978095508632393, 17.772419320587208, 17.39136142407525, 17.321697026494075, 17.25068778011702, 17.023898983483573, 16.452744180035598, 16.28316141718701, 16.134636080910454, 15.949660539824471, 15.438912202046215, 15.521676391241606]","[2.2892646340922203, 16.061401417163424, 2.407044776119403, 4.3939839382502335, 2.570867657734432, 15.65750142143733, 2.3826165150983094, 4.417032741755989, 2.639355230357904, 15.917345549557142, 2.4185533944652327, 4.477869389726428, 2.48473395646021, 15.98155986090412, 2.3003979181048857]",96.39952840122726,9.901283961463347,c:\git\RailwAI\VIDEO\20260308\ADTC Rueschlikon_00_20260308173735.mp4,2026-03-08 17:37:35,DTZ,Trieb
ADTC_8_adz_raw_20260308_1800,2026-03-08 17:54:05.235,2026-03-08 17:54:15.323,"[Timestamp('2026-03-08 17:54:15.323000'), Timestamp('2026-03-08 17:54:15.428000'), Timestamp('2026-03-08 17:54:16.140000'), Timestamp('2026-03-08 17:54:16.250000'), Timestamp('2026-03-08 17:54:16.457000'), Timestamp('2026-03-08 17:54:16.566000'), Timestamp('2026-03-08 17:54:17.323000'), Timestamp('2026-03-08 17:54:17.432000'), Timestamp('2026-03-08 17:54:17.648000'), Timestamp('2026-03-08 17:54:17.772000'), Timestamp('2026-03-08 17:54:18.569000'), Timestamp('2026-03-08 17:54:18.689000'), Timestamp('2026-03-08 17:54:18.922000'), Timestamp('2026-03-08 17:54:19.048000'), Timestamp('2026-03-08 17:54:19.910000'), Timestamp('2026-03-08 17:54:20.043000')]","[0.105, 0.712, 0.11, 0.207, 0.109, 0.757, 0.109, 0.216, 0.124, 0.797, 0.12, 0.233, 0.126, 0.862, 0.133]","[22.756993596225147, 22.57294429708223, 21.949307551607003, 21.732917441342323, 21.433804290947144, 21.475060736030713, 20.883777239709445, 20.503282275711157, 20.30505882510765, 20.14845582185301, 19.400352733686066, 19.1863529637261, 18.872821653689286, 18.827217407339106, 17.877156966098873, 17.65302397274165]","[2.38948432760364, 16.071936339522548, 2.4144238306767702, 4.498713910357861, 2.3362846677132385, 16.25662097717525, 2.2763317191283297, 4.42870897155361, 2.517827294313349, 16.05831929001685, 2.328042328042328, 4.470420240548182, 2.37797552836485, 16.22906140512631, 2.37766187649115]",97.03181270663428,9.969262183582028,c:\git\RailwAI\VIDEO\20260308\ADTC Rueschlikon_00_20260308175417.mp4,2026-03-08 17:54:17,DTZ,Trieb
ADTC_8_adz_raw_20260308_1810,2026-03-08 18:08:50.304,2026-03-08 18:09:00.347,"[Timestamp('2026-03-08 18:09:00.347000'), Timestamp('2026-03-08 18:09:00.446000'), Timestamp('2026-03-08 18:09:01.125000'), Timestamp('2026-03-08 18:09:01.233000'), Timestamp('2026-03-08 18:09:01.429000'), Timestamp('2026-03-08 18:09:01.534000'), Timestamp('2026-03-08 18:09:02.257000'), Timestamp('2026-03-08 18:09:02.361000'), Timestamp('2026-03-08 18:09:02.568000'), Timestamp('2026-03-08 18:09:02.683000'), Timestamp('2026-03-08 18:09:03.451000'), Timestamp('2026-03-08 18:09:03.570000'), Timestamp('2026-03-08 18:09:03.797000'), Timestamp('2026-03-08 18:09:03.920000'), Timestamp('2026-03-08 18:09:04.746000'), Timestamp('2026-03-08 18:09:04.874000')]","[0.099, 0.679, 0.108, 0.196, 0.105, 0.723, 0.104, 0.207, 0.115, 0.768, 0.119, 0.227, 0.123, 0.826, 0.128]","[23.44325839346413, 23.61712943910528, 22.777371235575572, 22.696177062374247, 22.15793056501021, 22.483545414655552, 21.174479343988015, 21.62557077625571, 21.28864762803871, 20.93846329489668, 20.40901163053399, 20.275116415993146, 19.713273739247768, 19.659431043589805, 18.70035279390008, 18.787340298416005]","[2.320882580952949, 16.036030889152485, 2.4599560934421616, 4.448450704225353, 2.3265827093260723, 16.255603334795964, 2.2021458517747536, 4.476493150684932, 2.448194477224452, 16.08073981048065, 2.4286723840335447, 4.602451426430444, 2.4247326699274754, 16.238690042005178, 2.3936451576192104]",97.14327128207564,9.93337191529775,c:\git\RailwAI\VIDEO\20260308\ADTC Rueschlikon_00_20260308180902.mp4,2026-03-08 18:09:02,DTZ,Trieb
ADTC_8_adz_raw_20260308_1830,2026-03-08 18:26:03.136,2026-03-08 18:26:13.182,"[Timestamp('2026-03-08 18:26:13.182000'), Timestamp('2026-03-08 18:26:13.291000'), Timestamp('2026-03-08 18:26:14.019000'), Timestamp('2026-03-08 18:26:14.129000'), Timestamp('2026-03-08 18:26:14.339000'), Timestamp('2026-03-08 18:26:14.448000'), Timestamp('2026-03-08 18:26:15.196000'), Timestamp('2026-03-08 18:26:15.311000'), Timestamp('2026-03-08 18:26:15.530000'), Timestamp('2026-03-08 18:26:15.643000'), Timestamp('2026-03-08 18:26:16.424000'), Timestamp('2026-03-08 18:26:16.535000'), Timestamp('2026-03-08 18:26:16.757000'), Timestamp('2026-03-08 18:26:16.886000'), Timestamp('2026-03-08 18:26:17.696000'), Timestamp('2026-03-08 18:26:17.815000')]","[0.109, 0.728, 0.11, 0.21, 0.109, 0.748, 0.115, 0.219, 0.113, 0.781, 0.111, 0.222, 0.129, 0.81, 0.119]","[22.222698531775805, 22.048539695598517, 21.769714920399856, 21.553409801036143, 21.497597851843313, 21.460256563961153, 21.035250748790414, 20.6249134628698, 20.75872193598459, 20.61234363121155, 20.343457471883625, 20.003125488357554, 19.794151032433323, 20.01050899126711, 19.458660204542653, 19.209297299893148]","[2.4222741399635628, 16.05133689839572, 2.3946686412439844, 4.52621605821759, 2.343238165850921, 16.052271909842943, 2.4190538361108977, 4.516856048368486, 2.345735578766259, 16.09824037597622, 2.2581237793790825, 4.4406938584153774, 2.5534454831838986, 16.20851228292636, 2.315580564340576]",96.94624762098188,9.930148655453124,c:\git\RailwAI\VIDEO\20260308\ADTC Rueschlikon_00_20260308182615.mp4,2026-03-08 18:26:15,DTZ,Trieb
ADTC_8_adz_raw_20260308_1840,2026-03-08 18:39:06.400,2026-03-08 18:39:16.461,"[Timestamp('2026-03-08 18:39:16.461000'), Timestamp('2026-03-08 18:39:16.575000'), Timestamp('2026-03-08 18:39:17.381000'), Timestamp('2026-03-08 18:39:17.502000'), Timestamp('2026-03-08 18:39:17.736000'), Timestamp('2026-03-08 18:39:17.870000'), Timestamp('2026-03-08 18:39:18.701000'), Timestamp('2026-03-08 18:39:18.833000'), Timestamp('2026-03-08 18:39:19.078000'), Timestamp('2026-03-08 18:39:19.211000'), Timestamp('2026-03-08 18:39:20.105000'), Timestamp('2026-03-08 18:39:20.242000'), Timestamp('2026-03-08 18:39:20.509000'), Timestamp('2026-03-08 18:39:20.649000'), Timestamp('2026-03-08 18:39:21.611000'), Timestamp('2026-03-08 18:39:21.760000')]","[0.114, 0.806, 0.121, 0.234, 0.134, 0.831, 0.132, 0.245, 0.133, 0.894, 0.137, 0.267, 0.14, 0.962, 0.149]","[19.827439211540426, 20.09080441150072, 19.44116489571035, 19.579209979209978, 19.14807302231237, 18.906860011154485, 18.654562330914732, 18.46488453898821, 18.321277307988996, 18.180254557963536, 17.4160186318241, 17.39701382778952, 17.011017986627742, 16.96753946320671, 16.18774327357445, 16.12419192887846]","[2.2603280701156088, 16.19318835566958, 2.3523809523809525, 4.581535135135135, 2.565841784989858, 15.711600669269377, 2.462402227680745, 4.523896712052111, 2.4367298819625365, 16.2531475748194, 2.385994552559902, 4.645002692019802, 2.381542518127884, 16.322772963604855, 2.4119737477625933]",97.48833783815034,9.685840826150486,c:\git\RailwAI\VIDEO\20260308\ADTC Rueschlikon_00_20260308183918.mp4,2026-03-08 18:39:18,DTZ,Trieb
ADTC_8_adz_raw_20260308_1900,2026-03-08 18:53:28.595,2026-03-08 18:53:38.649,"[Timestamp('2026-03-08 18:53:38.649000'), Timestamp('2026-03-08 18:53:38.768000'), Timestamp('2026-03-08 18:53:39.586000'), Timestamp('2026-03-08 18:53:39.707000'), Timestamp('2026-03-08 18:53:39.945000'), Timestamp('2026-03-08 18:53:40.075000'), Timestamp('2026-03-08 18:53:40.913000'), Timestamp('2026-03-08 18:53:41.037000'), Timestamp('2026-03-08 18:53:41.280000'), Timestamp('2026-03-08 18:53:41.414000'), Timestamp('2026-03-08 18:53:42.290000'), Timestamp('2026-03-08 18:53:42.425000'), Timestamp('2026-03-08 18:53:42.685000'), Timestamp('2026-03-08 18:53:42.824000'), Timestamp('2026-03-08 18:53:43.761000'), Timestamp('2026-03-08 18:53:43.903000')]","[0.119, 0.818, 0.121, 0.238, 0.13, 0.838, 0.124, 0.243, 0.134, 0.876, 0.135, 0.26, 0.139, 0.937, 0.142]","[19.75442459141333, 19.615307553596473, 19.375336037929515, 19.257792693821372, 19.184054811585177, 19.17886879127189, 18.643307226167003, 18.49882674428966, 18.270317253368102, 18.263888888888886, 17.672641547778728, 17.45922048548537, 17.30184708908113, 17.17497937544367, 16.35477130253076, 16.086901604142984]","[2.350776526378186, 16.045321578841914, 2.3444156605894713, 4.583354661129486, 2.4939271255060733, 16.071892047085843, 2.3117700960447083, 4.495214898862387, 2.4482225119513257, 15.999166666666664, 2.385806608950128, 4.539397326226196, 2.404956745382277, 16.09295567479072, 2.322377524959368]",96.88955565336477,9.921147208694284,c:\git\RailwAI\VIDEO\20260308\ADTC Rueschlikon_00_20260308185340.mp4,2026-03-08 18:53:40,DTZ,Trieb
ADTC_8_adz_raw_20260308_1910,2026-03-08 19:06:55.494,2026-03-08 19:07:05.539,"[Timestamp('2026-03-08 19:07:05.539000'), Timestamp('2026-03-08 19:07:05.643000'), Timestamp('2026-03-08 19:07:06.338000'), Timestamp('2026-03-08 19:07:06.445000'), Timestamp('2026-03-08 19:07:06.647000'), Timestamp('2026-03-08 19:07:06.756000'), Timestamp('2026-03-08 19:07:07.497000'), Timestamp('2026-03-08 19:07:07.609000'), Timestamp('2026-03-08 19:07:07.825000'), Timestamp('2026-03-08 19:07:07.942000'), Timestamp('2026-03-08 19:07:08.732000'), Timestamp('2026-03-08 19:07:08.855000'), Timestamp('2026-03-08 19:07:09.091000'), Timestamp('2026-03-08 19:07:09.215000'), Timestamp('2026-03-08 19:07:10.076000'), Timestamp('2026-03-08 19:07:10.208000')]","[0.104, 0.695, 0.107, 0.202, 0.109, 0.741, 0.112, 0.216, 0.117, 0.79, 0.123, 0.236, 0.124, 0.861, 0.132]","[23.023701207202954, 23.078123284425615, 22.405228758169933, 22.457645668257236, 22.14677239103826, 22.12028542303772, 21.102570668006507, 21.29116015578898, 20.87114337568058, 20.67028229731609, 19.87790657795459, 19.737476017005736, 19.24960921332331, 19.18175720992622, 18.13226796033388, 18.098081023454156]","[2.3944649255491073, 16.039295682675803, 2.3973594771241826, 4.536444424987962, 2.4139981906231704, 16.39113149847095, 2.3634879148167287, 4.598890593650419, 2.441923774954628, 16.32952301487971, 2.4449825090884145, 4.658044340013354, 2.3869515424520906, 16.515492957746478, 2.3934593707640723]",98.30545021779707,9.929205693219394,c:\git\RailwAI\VIDEO\20260308\ADTC Rueschlikon_00_20260308190707.mp4,2026-03-08 19:07:07,DTZ,Trieb
ADTC_8_adz_raw_20260308_1930,2026-03-08 19:25:44.013,2026-03-08 19:25:54.085,"[Timestamp('2026-03-08 19:25:54.085000'), Timestamp('2026-03-08 19:25:54.190000'), Timestamp('2026-03-08 19:25:54.920000'), Timestamp('2026-03-08 19:25:55.031000'), Timestamp('2026-03-08 19:25:55.240000'), Timestamp('2026-03-08 19:25:55.355000'), Timestamp('2026-03-08 19:25:56.113000'), Timestamp('2026-03-08 19:25:56.223000'), Timestamp('2026-03-08 19:25:56.442000'), Timestamp('2026-03-08 19:25:56.559000'), Timestamp('2026-03-08 19:25:57.349000'), Timestamp('2026-03-08 19:25:57.468000'), Timestamp('2026-03-08 19:25:57.697000'), Timestamp('2026-03-08 19:25:57.823000'), Timestamp('2026-03-08 19:25:58.661000'), Timestamp('2026-03-08 19:25:58.785000')]","[0.105, 0.73, 0.111, 0.209, 0.115, 0.758, 0.11, 0.219, 0.117, 0.79, 0.119, 0.229, 0.126, 0.838, 0.124]","[21.998005144627015, 21.819196140316436, 21.357089829250185, 21.09981837152684, 21.075766338924232, 21.09981837152684, 20.690039574159748, 20.490951834235418, 20.275116415993146, 20.12897100130553, 19.67246157722348, 19.413568887253092, 19.16358536274385, 19.14304800076343, 18.320877584021677, 17.946182417912638]","[2.3097905401858365, 15.928013182430998, 2.3706369710467707, 4.409862039649109, 2.4237131289762868, 15.993662325617345, 2.2759043531575722, 4.487518451697556, 2.3721886206711984, 15.90188709103137, 2.341022927689594, 4.4457072751809585, 2.414611755705725, 16.041874224639752, 2.271788820418688]",95.98818170809876,9.94890035866686,c:\git\RailwAI\VIDEO\20260308\ADTC Rueschlikon_00_20260308192555.mp4,2026-03-08 19:25:55,DTZ,Trieb
ADTC_8_adz_raw_20260308_1940,2026-03-08 19:30:55.469,2026-03-08 19:31:05.520,"[Timestamp('2026-03-08 19:31:05.520000'), Timestamp('2026-03-08 19:31:05.655000'), Timestamp('2026-03-08 19:31:06.542000'), Timestamp('2026-03-08 19:31:06.672000'), Timestamp('2026-03-08 19:31:06.923000'), Timestamp('2026-03-08 19:31:07.066000'), Timestamp('2026-03-08 19:31:07.945000'), Timestamp('2026-03-08 19:31:08.079000'), Timestamp('2026-03-08 19:31:08.332000'), Timestamp('2026-03-08 19:31:08.467000'), Timestamp('2026-03-08 19:31:09.353000'), Timestamp('2026-03-08 19:31:09.482000'), Timestamp('2026-03-08 19:31:09.735000'), Timestamp('2026-03-08 19:31:09.869000'), Timestamp('2026-03-08 19:31:10.759000'), Timestamp('2026-03-08 19:31:10.889000'), Timestamp('2026-03-08 19:31:11.137000'), Timestamp('2026-03-08 19:31:11.279000'), Timestamp('2026-03-08 19:31:12.160000'), Timestamp('2026-03-08 19:31:12.296000'), Timestamp('2026-03-08 19:31:12.546000'), Timestamp('2026-03-08 19:31:12.679000'), Timestamp('2026-03-08 19:31:13.565000'), Timestamp('2026-03-08 19:31:13.696000'), Timestamp('2026-03-08 19:31:13.949000'), Timestamp('2026-03-08 19:31:14.084000'), Timestamp('2026-03-08 19:31:14.970000'), Timestamp('2026-03-08 19:31:15.101000'), Timestamp('2026-03-08 19:31:15.356000'), Timestamp('2026-03-08 19:31:15.484000'), Timestamp('2026-03-08 19:31:16.371000'), Timestamp('2026-03-08 19:31:16.506000')]","[0.135, 0.887, 0.13, 0.251, 0.143, 0.879, 0.134, 0.253, 0.135, 0.886, 0.129, 0.253, 0.134, 0.89, 0.13, 0.248, 0.142, 0.881, 0.136, 0.25, 0.133, 0.886, 0.131, 0.253, 0.135, 0.886, 0.131, 0.255, 0.128, 0.887, 0.135]","[17.943925233644862, 17.998945703742752, 18.028184908801084, 17.861717078709248, 17.827436374922407, 17.99576644539382, 18.09653760873273, 17.845407523348506, 17.89725341932614, 17.97053941036794, 18.046132971506104, 17.81174162234729, 17.827682290948218, 17.868644684078205, 18.028184908801084, 17.664504421543, 17.79426922284065, 17.946182417912638, 17.977528089887638, 17.844112769485903, 17.943925233644862, 17.924485580222317, 18.149069388455267, 17.81131244148262, 18.028184908801084, 17.89297949068595, 17.961103877010963, 17.878644951863052, 18.045176540422514, 17.81376518218623, 17.893771366630535, 17.961481108100728]","[2.4224299065420567, 15.96506483921982, 2.343664038144141, 4.483290986756021, 2.549323401613904, 15.818278705501168, 2.424936039570186, 4.514888103407172, 2.416129211609029, 15.921897917585996, 2.3279511533242876, 4.506370630453865, 2.388909426987061, 15.903093768829603, 2.343664038144141, 4.380797096542664, 2.5267862296433723, 15.810586710181035, 2.444943820224719, 4.461028192371476, 2.3865420560747665, 15.881094224076973, 2.37752808988764, 4.506262047695103, 2.4338049626881464, 15.85317982874775, 2.352904607888436, 4.559054462725078, 2.309782597174082, 15.800809716599186, 2.4156591344951224]",196.83065594470403,9.903037089648649,c:\git\RailwAI\VIDEO\20260308\ADTC Rueschlikon_00_20260308193107.mp4,2026-03-08 19:31:07,DTZ x2,Trieb
ADTC_8_adz_raw_20260308_2000,2026-03-08 19:53:58.502,2026-03-08 19:54:08.571,"[Timestamp('2026-03-08 19:54:08.571000'), Timestamp('2026-03-08 19:54:08.714000'), Timestamp('2026-03-08 19:54:09.656000'), Timestamp('2026-03-08 19:54:09.794000'), Timestamp('2026-03-08 19:54:10.058000'), Timestamp('2026-03-08 19:54:10.210000'), Timestamp('2026-03-08 19:54:11.147000'), Timestamp('2026-03-08 19:54:11.283000'), Timestamp('2026-03-08 19:54:11.548000'), Timestamp('2026-03-08 19:54:11.696000'), Timestamp('2026-03-08 19:54:12.633000'), Timestamp('2026-03-08 19:54:12.777000'), Timestamp('2026-03-08 19:54:13.051000'), Timestamp('2026-03-08 19:54:13.198000'), Timestamp('2026-03-08 19:54:14.163000'), Timestamp('2026-03-08 19:54:14.311000')]","[0.143, 0.942, 0.138, 0.264, 0.152, 0.937, 0.136, 0.265, 0.148, 0.937, 0.144, 0.274, 0.147, 0.965, 0.148]","[16.991629492256024, 16.94649067045582, 16.994557605722505, 16.857944559218033, 16.94997662459093, 17.08839710759115, 17.051993942453304, 16.976246763480805, 16.828391457981255, 17.072615524698385, 16.768674066525502, 16.55216697236252, 16.55216697236252, 16.4997164997165, 16.175518686335295, 15.85597381342062]","[2.429803017392611, 15.963594211569381, 2.3452489495897058, 4.450497363633561, 2.5763964469378213, 16.01182808981291, 2.3190711761736496, 4.498705392322414, 2.4906019357812257, 15.997040746642387, 2.414689065579672, 4.535293750427331, 2.4331685449372906, 15.922226422226421, 2.3939767655776234]",96.78214187860398,9.923319801533603,c:\git\RailwAI\VIDEO\20260308\ADTC Rueschlikon_00_20260308195410.mp4,2026-03-08 19:54:10,DTZ,Trieb
ADTC_8_adz_raw_20260308_2010,2026-03-08 20:01:39.834,2026-03-08 20:01:49.871,"[Timestamp('2026-03-08 20:01:49.871000'), Timestamp('2026-03-08 20:01:49.955000'), Timestamp('2026-03-08 20:01:50.521000'), Timestamp('2026-03-08 20:01:50.609000'), Timestamp('2026-03-08 20:01:50.763000'), Timestamp('2026-03-08 20:01:50.851000'), Timestamp('2026-03-08 20:01:51.414000'), Timestamp('2026-03-08 20:01:51.499000'), Timestamp('2026-03-08 20:01:51.655000'), Timestamp('2026-03-08 20:01:51.743000'), Timestamp('2026-03-08 20:01:52.305000'), Timestamp('2026-03-08 20:01:52.392000'), Timestamp('2026-03-08 20:01:52.550000'), Timestamp('2026-03-08 20:01:52.635000'), Timestamp('2026-03-08 20:01:53.202000'), Timestamp('2026-03-08 20:01:53.285000'), Timestamp('2026-03-08 20:01:53.441000'), Timestamp('2026-03-08 20:01:53.531000'), Timestamp('2026-03-08 20:01:54.095000'), Timestamp('2026-03-08 20:01:54.177000'), Timestamp('2026-03-08 20:01:54.329000'), Timestamp('2026-03-08 20:01:54.420000'), Timestamp('2026-03-08 20:01:54.986000'), Timestamp('2026-03-08 20:01:55.072000'), Timestamp('2026-03-08 20:01:55.224000'), Timestamp('2026-03-08 20:01:55.313000'), Timestamp('2026-03-08 20:01:55.877000'), Timestamp('2026-03-08 20:01:55.958000'), Timestamp('2026-03-08 20:01:56.117000'), Timestamp('2026-03-08 20:01:56.203000'), Timestamp('2026-03-08 20:01:56.772000'), Timestamp('2026-03-08 20:01:56.853000')]","[0.084, 0.566, 0.088, 0.154, 0.088, 0.563, 0.085, 0.156, 0.088, 0.562, 0.087, 0.158, 0.085, 0.567, 0.083, 0.156, 0.09, 0.564, 0.082, 0.152, 0.091, 0.566, 0.086, 0.152, 0.089, 0.564, 0.081, 0.159, 0.086, 0.569, 0.081]","[28.374342943960322, 28.299036207345658, 28.247267440351017, 28.37830757139114, 28.167996076305535, 28.133045000514876, 28.36196062002513, 28.198757763975152, 28.193893393134374, 28.164360933305794, 28.111816155033438, 28.07881773399014, 28.0761764680731, 28.11856731165088, 28.204110510966537, 28.207517862690274, 28.128700128700125, 28.422518679432045, 28.580542264752783, 28.327457892675284, 28.00762112139357, 28.543154025588464, 28.656971770744217, 28.68227424749164, 28.472002530844666, 28.294614022293985, 28.619157632841656, 28.36196062002513, 28.53206147323794, 28.587634713556433, 28.854850210760997, 28.68227424749164]","[2.3834448072926673, 16.01725449335764, 2.485759534750889, 4.370259365994236, 2.4787836547148867, 15.838904335289874, 2.410766652702136, 4.399006211180124, 2.481062618595825, 15.828370844517858, 2.445728005487909, 4.436453201970442, 2.3864749997862136, 15.943227665706049, 2.3409411724102225, 4.400372786579683, 2.531583011583011, 16.03030053519967, 2.343604465709728, 4.305773599686643, 2.5486935220468148, 16.155425178483068, 2.4644995722840024, 4.35970568561873, 2.534008225245175, 15.958162308573806, 2.318151768260174, 4.509551738583996, 2.4537572866984627, 16.266364152013608, 2.337242867071641]",197.7636342673952,9.941213302827162,c:\git\RailwAI\VIDEO\20260308\ADTC Rueschlikon_00_20260308200151.mp4,2026-03-08 20:01:51,DTZ x2,Trieb
ADTC_8_adz_raw_20260308_2030,2026-03-08 20:22:56.314,2026-03-08 20:23:06.359,"[Timestamp('2026-03-08 20:23:06.359000'), Timestamp('2026-03-08 20:23:06.466000'), Timestamp('2026-03-08 20:23:07.165000'), Timestamp('2026-03-08 20:23:07.271000'), Timestamp('2026-03-08 20:23:07.444000'), Timestamp('2026-03-08 20:23:07.550000'), Timestamp('2026-03-08 20:23:08.296000'), Timestamp('2026-03-08 20:23:08.395000'), Timestamp('2026-03-08 20:23:08.566000'), Timestamp('2026-03-08 20:23:08.669000'), Timestamp('2026-03-08 20:23:09.415000'), Timestamp('2026-03-08 20:23:09.513000'), Timestamp('2026-03-08 20:23:09.681000'), Timestamp('2026-03-08 20:23:09.793000'), Timestamp('2026-03-08 20:23:10.525000'), Timestamp('2026-03-08 20:23:10.632000'), Timestamp('2026-03-08 20:23:10.794000'), Timestamp('2026-03-08 20:23:10.903000'), Timestamp('2026-03-08 20:23:11.648000'), Timestamp('2026-03-08 20:23:11.751000'), Timestamp('2026-03-08 20:23:11.921000'), Timestamp('2026-03-08 20:23:12.033000'), Timestamp('2026-03-08 20:23:12.731000'), Timestamp('2026-03-08 20:23:12.836000')]","[0.107, 0.699, 0.106, 0.173, 0.106, 0.746, 0.099, 0.171, 0.103, 0.746, 0.098, 0.168, 0.112, 0.732, 0.107, 0.162, 0.109, 0.745, 0.103, 0.17, 0.112, 0.698, 0.105]","[22.383581894864996, 22.367607330013342, 22.698206859544786, 22.60625772241953, 22.57543937216757, 22.57115576724599, 22.779679337056386, 22.32606438213915, 22.69484542988244, 22.662813810152162, 22.603377210477333, 22.325702140087287, 22.61640798226164, 22.846818361470273, 22.54527412552716, 22.387475538160473, 22.592738206646025, 22.7027027027027, 22.703156011517063, 22.358389276302233, 22.56695836648104, 22.672064777327932, 22.71039327099459, 22.723609991941984]","[2.3950432627505545, 15.634957523679326, 2.4060099271117474, 3.9108825859785785, 2.3929965734497625, 16.83808220236551, 2.255188254368582, 3.817757009345795, 2.337569079277891, 16.906459102373514, 2.215130966626779, 3.7507179595346645, 2.533037694013304, 16.72387104059624, 2.4123443314314064, 3.626771037181997, 2.4626084645244166, 16.913513513513514, 2.338425069186257, 3.80092617697138, 2.5274993370458763, 15.825101214574897, 2.3845912934544318]",146.40948361935642,9.929733215694498,c:\git\RailwAI\VIDEO\20260308\ADTC Rueschlikon_00_20260308202308.mp4,2026-03-08 20:23:08,unknown,Trieb
ADTC_8_adz_raw_20260308_2040,2026-03-08 20:36:57.261,2026-03-08 20:37:07.320,"[Timestamp('2026-03-08 20:37:07.320000'), Timestamp('2026-03-08 20:37:07.437000'), Timestamp('2026-03-08 20:37:08.232000'), Timestamp('2026-03-08 20:37:08.347000'), Timestamp('2026-03-08 20:37:08.575000'), Timestamp('2026-03-08 20:37:08.703000'), Timestamp('2026-03-08 20:37:09.526000'), Timestamp('2026-03-08 20:37:09.649000'), Timestamp('2026-03-08 20:37:09.885000'), Timestamp('2026-03-08 20:37:10.022000'), Timestamp('2026-03-08 20:37:10.885000'), Timestamp('2026-03-08 20:37:11.016000'), Timestamp('2026-03-08 20:37:11.265000'), Timestamp('2026-03-08 20:37:11.408000'), Timestamp('2026-03-08 20:37:12.322000'), Timestamp('2026-03-08 20:37:12.462000')]","[0.117, 0.795, 0.115, 0.228, 0.128, 0.823, 0.123, 0.236, 0.137, 0.863, 0.131, 0.249, 0.143, 0.914, 0.14]","[20.08930916732335, 20.086846897324556, 19.45626283367556, 19.75342094567132, 19.415156844300846, 19.268027539557913, 18.811607554122524, 18.860802000949526, 18.750643752265056, 18.46590909090909, 17.89725341932614, 17.931688804554078, 17.76134729924009, 17.504737209534255, 16.857216857216855, 16.89031938598663]","[2.350449172576832, 15.969043283373022, 2.2374702258726895, 4.503779975613061, 2.4851400760705085, 15.85758666505616, 2.3138277291570706, 4.451149272224088, 2.5688381940603127, 15.936079545454545, 2.3445401979317246, 4.464990512333966, 2.5398726637913325, 15.99932980951431, 2.36001036001036]",96.38210768303998,9.928969980642565,c:\git\RailwAI\VIDEO\20260308\ADTC Rueschlikon_00_20260308203709.mp4,2026-03-08 20:37:09,DTZ,Trieb
ADTC_8_adz_raw_20260308_2100,2026-03-08 20:54:40.966,2026-03-08 20:54:51.023,"[Timestamp('2026-03-08 20:54:51.023000'), Timestamp('2026-03-08 20:54:51.157000'), Timestamp('2026-03-08 20:54:52.068000'), Timestamp('2026-03-08 20:54:52.205000'), Timestamp('2026-03-08 20:54:52.468000'), Timestamp('2026-03-08 20:54:52.614000'), Timestamp('2026-03-08 20:54:53.551000'), Timestamp('2026-03-08 20:54:53.698000'), Timestamp('2026-03-08 20:54:53.970000'), Timestamp('2026-03-08 20:54:54.121000'), Timestamp('2026-03-08 20:54:55.105000'), Timestamp('2026-03-08 20:54:55.249000'), Timestamp('2026-03-08 20:54:55.540000'), Timestamp('2026-03-08 20:54:55.699000'), Timestamp('2026-03-08 20:54:56.737000'), Timestamp('2026-03-08 20:54:56.891000')]","[0.134, 0.911, 0.137, 0.263, 0.146, 0.937, 0.147, 0.272, 0.151, 0.984, 0.144, 0.291, 0.159, 1.038, 0.154]","[17.61521264847685, 17.423384015389072, 17.258043674893397, 17.05285476298652, 16.947758124228713, 16.902718235332408, 16.503079263339785, 16.340437367451237, 16.286404972948084, 16.28921766161994, 15.716157450947293, 15.484878048780487, 15.440828517125015, 15.422492683606631, 14.907730925873679, 14.678933401914826]","[2.360438494895898, 15.872702838019444, 2.3643519834603954, 4.484900802665455, 2.474372686137392, 15.837846986506467, 2.4259526517109484, 4.444598963946737, 2.4592471509151608, 16.02859017903402, 2.26312667293641, 4.506099512195122, 2.4550917342228775, 16.008547405583684, 2.2957905625845467]",96.28165862481455,9.913426892556572,c:\git\RailwAI\VIDEO\20260308\ADTC Rueschlikon_00_20260308205453.mp4,2026-03-08 20:54:53,DTZ,Trieb
ADTC_8_adz_raw_20260308_2110,2026-03-08 21:07:24.966,2026-03-08 21:07:35.019,"[Timestamp('2026-03-08 21:07:35.019000'), Timestamp('2026-03-08 21:07:35.140000'), Timestamp('2026-03-08 21:07:35.981000'), Timestamp('2026-03-08 21:07:36.105000'), Timestamp('2026-03-08 21:07:36.351000'), Timestamp('2026-03-08 21:07:36.476000'), Timestamp('2026-03-08 21:07:37.356000'), Timestamp('2026-03-08 21:07:37.489000'), Timestamp('2026-03-08 21:07:37.741000'), Timestamp('2026-03-08 21:07:37.891000'), Timestamp('2026-03-08 21:07:38.811000'), Timestamp('2026-03-08 21:07:38.952000'), Timestamp('2026-03-08 21:07:39.222000'), Timestamp('2026-03-08 21:07:39.370000'), Timestamp('2026-03-08 21:07:40.367000'), Timestamp('2026-03-08 21:07:40.513000')]","[0.121, 0.841, 0.124, 0.246, 0.125, 0.88, 0.133, 0.252, 0.15, 0.92, 0.141, 0.27, 0.148, 0.997, 0.146]","[19.068809619617962, 19.28091790849146, 18.52750688602695, 18.643307226167003, 18.30795409921899, 18.409266409266408, 17.829157929588348, 17.906836055656385, 17.408230636697226, 17.23671497584541, 16.670736670736673, 16.745068008605912, 16.426325681063705, 16.370297144850845, 15.514716056989638, 15.739777611133958]","[2.3073259639737733, 16.215251961041318, 2.2974108538673415, 4.586253577637083, 2.2884942624023736, 16.20015444015444, 2.3712780046352506, 4.512522686025409, 2.611234595504584, 15.857777777777777, 2.3505738705738706, 4.521168362323596, 2.431096200797428, 16.321186253416293, 2.265148544320487]",97.136877354451,9.920008862626323,c:\git\RailwAI\VIDEO\20260308\ADTC Rueschlikon_00_20260308210737.mp4,2026-03-08 21:07:37,DTZ,Trieb
ADTC_8_adz_raw_20260308_2130,2026-03-08 21:23:02.522,2026-03-08 21:23:12.568,"[Timestamp('2026-03-08 21:23:12.568000'), Timestamp('2026-03-08 21:23:12.671000'), Timestamp('2026-03-08 21:23:13.368000'), Timestamp('2026-03-08 21:23:13.473000'), Timestamp('2026-03-08 21:23:13.674000'), Timestamp('2026-03-08 21:23:13.780000'), Timestamp('2026-03-08 21:23:14.508000'), Timestamp('2026-03-08 21:23:14.615000'), Timestamp('2026-03-08 21:23:14.827000'), Timestamp('2026-03-08 21:23:14.935000'), Timestamp('2026-03-08 21:23:15.702000'), Timestamp('2026-03-08 21:23:15.817000'), Timestamp('2026-03-08 21:23:16.040000'), Timestamp('2026-03-08 21:23:16.163000'), Timestamp('2026-03-08 21:23:16.981000'), Timestamp('2026-03-08 21:23:17.107000')]","[0.103, 0.697, 0.105, 0.201, 0.106, 0.728, 0.107, 0.212, 0.108, 0.767, 0.115, 0.223, 0.123, 0.818, 0.126]","[23.2512315270936, 23.204787622244925, 22.753414809489577, 22.54527412552716, 22.387475538160473, 22.269770442449328, 21.927066222368232, 21.59440729114538, 21.531591334258646, 21.237276700595466, 20.32749858836815, 20.183121546595288, 19.899984533690777, 19.77451894549462, 18.827076227355406, 18.53371560487024]","[2.3948768472906408, 16.173736972704713, 2.3891085549964055, 4.5316000992309595, 2.37307240704501, 16.21239288210311, 2.3461960857934008, 4.578014345722821, 2.3254118640999337, 16.28899122935672, 2.3376623376623376, 4.500836104890749, 2.4476980976439657, 16.175556497414597, 2.372211604646781]",97.44736593060216,9.931230113554877,c:\git\RailwAI\VIDEO\20260308\ADTC Rueschlikon_00_20260308212314.mp4,2026-03-08 21:23:14,DTZ,Trieb
ADTC_8_adz_raw_20260308_2140,2026-03-08 21:37:21.581,2026-03-08 21:37:31.631,"[Timestamp('2026-03-08 21:37:31.631000'), Timestamp('2026-03-08 21:37:31.748000'), Timestamp('2026-03-08 21:37:32.538000'), Timestamp('2026-03-08 21:37:32.655000'), Timestamp('2026-03-08 21:37:32.880000'), Timestamp('2026-03-08 21:37:33.003000'), Timestamp('2026-03-08 21:37:33.827000'), Timestamp('2026-03-08 21:37:33.949000'), Timestamp('2026-03-08 21:37:34.183000'), Timestamp('2026-03-08 21:37:34.311000'), Timestamp('2026-03-08 21:37:35.171000'), Timestamp('2026-03-08 21:37:35.303000'), Timestamp('2026-03-08 21:37:35.549000'), Timestamp('2026-03-08 21:37:35.685000'), Timestamp('2026-03-08 21:37:36.588000'), Timestamp('2026-03-08 21:37:36.723000')]","[0.117, 0.79, 0.117, 0.225, 0.123, 0.824, 0.122, 0.234, 0.128, 0.86, 0.132, 0.246, 0.136, 0.903, 0.135]","[20.23184543637575, 20.2963459604425, 19.713855612199715, 19.834795415252604, 19.575303058017525, 19.67419651518778, 18.89946868496623, 18.937563469552124, 18.73258098414584, 18.552127445049408, 18.046132971506104, 18.06338327338639, 17.86122245529502, 17.712237415876064, 17.08623239581585, 17.127905422181477]","[2.367125916055963, 16.03411330874958, 2.306521106627367, 4.462828968431836, 2.4077622761361557, 16.21153792851473, 2.30573517956588, 4.431389851875197, 2.3977703659706675, 15.95482960274249, 2.382089552238806, 4.443592285253052, 2.429126253920123, 15.994150386536086, 2.3066413734351396]",96.43521435605308,9.926265138889576,c:\git\RailwAI\VIDEO\20260308\ADTC Rueschlikon_00_20260308213733.mp4,2026-03-08 21:37:33,DTZ,Trieb
ADTC_8_adz_raw_20260308_2200,2026-03-08 21:53:00.826,2026-03-08 21:53:10.897,"[Timestamp('2026-03-08 21:53:10.897000'), Timestamp('2026-03-08 21:53:11.014000'), Timestamp('2026-03-08 21:53:11.832000'), Timestamp('2026-03-08 21:53:11.958000'), Timestamp('2026-03-08 21:53:12.194000'), Timestamp('2026-03-08 21:53:12.323000'), Timestamp('2026-03-08 21:53:13.193000'), Timestamp('2026-03-08 21:53:13.326000'), Timestamp('2026-03-08 21:53:13.578000'), Timestamp('2026-03-08 21:53:13.724000'), Timestamp('2026-03-08 21:53:14.643000'), Timestamp('2026-03-08 21:53:14.781000'), Timestamp('2026-03-08 21:53:15.052000'), Timestamp('2026-03-08 21:53:15.200000'), Timestamp('2026-03-08 21:53:16.187000'), Timestamp('2026-03-08 21:53:16.337000')]","[0.117, 0.818, 0.126, 0.236, 0.129, 0.87, 0.133, 0.252, 0.146, 0.919, 0.138, 0.271, 0.148, 0.987, 0.15]","[19.959196376084925, 19.696969696969695, 19.028909546672537, 18.789283183637515, 18.534545413885258, 18.538414795539868, 17.846085802742145, 17.552386077620643, 17.502409838790093, 17.504737209534255, 16.78342196955804, 16.624884549412847, 16.272355095884507, 16.304498269896193, 15.724910653916737, 15.311627954303216]","[2.3352259760019365, 16.11212121212121, 2.39764260288074, 4.434270831338453, 2.3909563583911986, 16.128420872119687, 2.3735294117647054, 4.423201291560402, 2.5553518364633536, 16.086853495561982, 2.3161122317990097, 4.505343712890882, 2.408308554190907, 16.09253979238754, 2.3587365980875106]",96.9186147775595,9.938232225074058,c:\git\RailwAI\VIDEO\20260308\ADTC Rueschlikon_00_20260308215312.mp4,2026-03-08 21:53:12,DTZ,Trieb
ADTC_8_adz_raw_20260308_2210,2026-03-08 22:07:38.541,2026-03-08 22:07:48.597,"[Timestamp('2026-03-08 22:07:48.597000'), Timestamp('2026-03-08 22:07:48.730000'), Timestamp('2026-03-08 22:07:49.635000'), Timestamp('2026-03-08 22:07:49.774000'), Timestamp('2026-03-08 22:07:50.032000'), Timestamp('2026-03-08 22:07:50.181000'), Timestamp('2026-03-08 22:07:51.120000'), Timestamp('2026-03-08 22:07:51.261000'), Timestamp('2026-03-08 22:07:51.540000'), Timestamp('2026-03-08 22:07:51.690000'), Timestamp('2026-03-08 22:07:52.693000'), Timestamp('2026-03-08 22:07:52.841000'), Timestamp('2026-03-08 22:07:53.139000'), Timestamp('2026-03-08 22:07:53.301000'), Timestamp('2026-03-08 22:07:54.369000'), Timestamp('2026-03-08 22:07:54.526000')]","[0.133, 0.905, 0.139, 0.258, 0.149, 0.939, 0.141, 0.279, 0.15, 1.003, 0.148, 0.298, 0.162, 1.068, 0.157]","[17.681057173093095, 17.714347968188253, 17.189022826365736, 17.35985533453888, 17.036715103645054, 16.904761904761905, 16.49484536082474, 16.551773340586628, 16.149954158035925, 16.041454943434996, 15.36015728801063, 15.422890708069662, 15.213946117274167, 15.155502392344498, 14.515465425653499, 14.556490550420747]","[2.3515806040213816, 16.03148491121037, 2.3892741728648375, 4.478842676311031, 2.538470550443113, 15.873571428571427, 2.3257731958762884, 4.6179447620236695, 2.422493123705389, 16.0895793082653, 2.273303278625573, 4.596021431004759, 2.464659270998415, 16.186076555023924, 2.2789280718275995]",96.91800334077308,9.91605082841454,c:\git\RailwAI\VIDEO\20260308\ADTC Rueschlikon_00_20260308220750.mp4,2026-03-08 22:07:50,DTZ,Trieb
ADTC_8_adz_raw_20260308_2230,2026-03-08 22:23:41.978,2026-03-08 22:23:52.024,"[Timestamp('2026-03-08 22:23:52.024000'), Timestamp('2026-03-08 22:23:52.160000'), Timestamp('2026-03-08 22:23:53.086000'), Timestamp('2026-03-08 22:23:53.224000'), Timestamp('2026-03-08 22:23:53.487000'), Timestamp('2026-03-08 22:23:53.642000'), Timestamp('2026-03-08 22:23:54.594000'), Timestamp('2026-03-08 22:23:54.736000'), Timestamp('2026-03-08 22:23:55.016000'), Timestamp('2026-03-08 22:23:55.166000'), Timestamp('2026-03-08 22:23:56.158000'), Timestamp('2026-03-08 22:23:56.308000'), Timestamp('2026-03-08 22:23:56.593000'), Timestamp('2026-03-08 22:23:56.754000'), Timestamp('2026-03-08 22:23:57.794000'), Timestamp('2026-03-08 22:23:57.948000')]","[0.136, 0.926, 0.138, 0.263, 0.155, 0.952, 0.142, 0.28, 0.15, 0.992, 0.15, 0.285, 0.161, 1.04, 0.154]","[17.297521922206606, 17.129214019673384, 16.886556597935595, 16.637981527371032, 16.552954292084728, 16.609841007788106, 16.22993551927562, 16.041007085783203, 16.121190928728137, 15.974483354375703, 15.865061819372798, 15.397754751345401, 15.389397695598001, 15.349379358295334, 14.988737970104431, 14.645385614343764]","[2.3524629814200986, 15.861652182217554, 2.330344810515112, 4.375789141698582, 2.5657079152731326, 15.812568639414275, 2.304650843737138, 4.491481984019297, 2.4181786393092204, 15.846687487540697, 2.3797592729059196, 4.388360104133439, 2.477693028991278, 15.963354532627148, 2.3082656473960825]",95.87695721119896,9.89720045811764,c:\git\RailwAI\VIDEO\20260308\ADTC Rueschlikon_00_20260308222353.mp4,2026-03-08 22:23:53,DTZ,Trieb
ADTC_8_adz_raw_20260308_2240,2026-03-08 22:30:48.282,2026-03-08 22:30:53.587,"[Timestamp('2026-03-08 22:30:53.587000'), Timestamp('2026-03-08 22:30:53.682000'), Timestamp('2026-03-08 22:30:54.306000'), Timestamp('2026-03-08 22:30:54.401000'), Timestamp('2026-03-08 22:30:54.575000'), Timestamp('2026-03-08 22:30:54.673000'), Timestamp('2026-03-08 22:30:55.299000'), Timestamp('2026-03-08 22:30:55.390000'), Timestamp('2026-03-08 22:30:55.568000'), Timestamp('2026-03-08 22:30:55.659000'), Timestamp('2026-03-08 22:30:56.286000'), Timestamp('2026-03-08 22:30:56.382000'), Timestamp('2026-03-08 22:30:56.556000'), Timestamp('2026-03-08 22:30:56.651000'), Timestamp('2026-03-08 22:30:57.282000'), Timestamp('2026-03-08 22:30:57.373000')]","[0.095, 0.624, 0.095, 0.174, 0.098, 0.626, 0.091, 0.178, 0.091, 0.627, 0.096, 0.174, 0.095, 0.631, 0.091]","[25.53209549071618, 25.43407773395281, 25.53263729734318, 25.4984126984127, 25.43050818912888, 25.464907651715038, 25.464907651715038, 25.230004144218817, 25.30913941145414, 25.297540516894195, 25.231049774130717, 25.296837895263096, 25.48588811897921, 25.28066528066528, 25.500211655143225, 25.464370145221217]","[2.425549071618037, 15.870864505986555, 2.425600543247602, 4.4367238095238095, 2.49218980253463, 15.941032189973614, 2.3173065963060684, 4.490940737670949, 2.3031316864423266, 15.86155790409266, 2.422180778316549, 4.401649793775778, 2.421159371303025, 15.95209979209979, 2.3205192606180334]",96.0825058435094,5.2003489317427,c:\git\RailwAI\VIDEO\20260308\ADTC Rueschlikon_00_20260308223055.mp4,2026-03-08 22:30:55,DTZ,Trieb
ADTC_8_adz_raw_20260308_2300,2026-03-08 22:52:39.405,2026-03-08 22:52:49.449,"[Timestamp('2026-03-08 22:52:49.449000'), Timestamp('2026-03-08 22:52:49.573000'), Timestamp('2026-03-08 22:52:50.418000'), Timestamp('2026-03-08 22:52:50.543000'), Timestamp('2026-03-08 22:52:50.786000'), Timestamp('2026-03-08 22:52:50.927000'), Timestamp('2026-03-08 22:52:51.799000'), Timestamp('2026-03-08 22:52:51.932000'), Timestamp('2026-03-08 22:52:52.183000'), Timestamp('2026-03-08 22:52:52.325000'), Timestamp('2026-03-08 22:52:53.247000'), Timestamp('2026-03-08 22:52:53.386000'), Timestamp('2026-03-08 22:52:53.655000'), Timestamp('2026-03-08 22:52:53.808000'), Timestamp('2026-03-08 22:52:54.781000'), Timestamp('2026-03-08 22:52:54.927000')]","[0.124, 0.845, 0.125, 0.243, 0.141, 0.872, 0.133, 0.251, 0.142, 0.922, 0.139, 0.269, 0.153, 0.973, 0.146]","[19.058423142370955, 18.9651541035782, 18.679588128407026, 18.521164493659583, 18.292350966336997, 18.4724584103512, 17.834078489816193, 17.643365848719075, 17.393359328843196, 17.36803363159014, 16.89126034503036, 16.602392782192247, 16.510505394662125, 16.52064637265483, 15.909053464041516, 15.698387463093345]","[2.3632444696539983, 16.02555521752358, 2.3349485160508783, 4.500642971959278, 2.579221486253516, 16.10798373382625, 2.371932439145554, 4.428484828028488, 2.4698570246957336, 16.01332700832611, 2.3478851879592204, 4.466043658409714, 2.5261073253833053, 16.07458892059315, 2.3227218057500614]",96.93254459355884,9.907188720225026,c:\git\RailwAI\VIDEO\20260308\ADTC Rueschlikon_00_20260308225251.mp4,2026-03-08 22:52:51,DTZ,Trieb
ADTC_8_adz_raw_20260308_2310,2026-03-08 23:07:05.434,2026-03-08 23:07:15.487,"[Timestamp('2026-03-08 23:07:15.487000'), Timestamp('2026-03-08 23:07:15.610000'), Timestamp('2026-03-08 23:07:16.440000'), Timestamp('2026-03-08 23:07:16.565000'), Timestamp('2026-03-08 23:07:16.802000'), Timestamp('2026-03-08 23:07:16.939000'), Timestamp('2026-03-08 23:07:17.791000'), Timestamp('2026-03-08 23:07:17.919000'), Timestamp('2026-03-08 23:07:18.162000'), Timestamp('2026-03-08 23:07:18.301000'), Timestamp('2026-03-08 23:07:19.186000'), Timestamp('2026-03-08 23:07:19.321000'), Timestamp('2026-03-08 23:07:19.576000'), Timestamp('2026-03-08 23:07:19.715000'), Timestamp('2026-03-08 23:07:20.653000'), Timestamp('2026-03-08 23:07:20.790000')]","[0.123, 0.83, 0.125, 0.237, 0.137, 0.852, 0.128, 0.243, 0.139, 0.885, 0.135, 0.255, 0.139, 0.938, 0.137]","[19.108734402852047, 19.126238252476504, 18.665255838560956, 18.91847813424664, 18.604721038102575, 18.414548022598872, 18.201030816674216, 18.23639774859287, 18.04740837067296, 17.91942943110269, 17.502293486498345, 17.488427654173513, 17.3482647164452, 17.192881192881195, 16.546416546416545, 16.668475311991315]","[2.350374331550802, 15.874777749555498, 2.3331569798201195, 4.483679317816454, 2.548846782220053, 15.68919491525424, 2.3297319445342994, 4.431444652908068, 2.508589763523542, 15.85869504652588, 2.3628096206772766, 4.459549051814246, 2.411408795585883, 16.126922558922562, 2.266859066859067]",96.036040577568,9.917030053734145,c:\git\RailwAI\VIDEO\20260308\ADTC Rueschlikon_00_20260308230714.mp4,2026-03-08 23:07:14,DTZ,Trieb
ADTC_8_adz_raw_20260308_2330,2026-03-08 23:23:54.099,2026-03-08 23:24:04.139,"[Timestamp('2026-03-08 23:24:04.139000'), Timestamp('2026-03-08 23:24:04.243000'), Timestamp('2026-03-08 23:24:04.936000'), Timestamp('2026-03-08 23:24:05.042000'), Timestamp('2026-03-08 23:24:05.244000'), Timestamp('2026-03-08 23:24:05.349000'), Timestamp('2026-03-08 23:24:06.069000'), Timestamp('2026-03-08 23:24:06.178000'), Timestamp('2026-03-08 23:24:06.388000'), Timestamp('2026-03-08 23:24:06.498000'), Timestamp('2026-03-08 23:24:07.258000'), Timestamp('2026-03-08 23:24:07.368000'), Timestamp('2026-03-08 23:24:07.587000'), Timestamp('2026-03-08 23:24:07.707000'), Timestamp('2026-03-08 23:24:08.508000'), Timestamp('2026-03-08 23:24:08.628000')]","[0.104, 0.693, 0.106, 0.202, 0.105, 0.72, 0.109, 0.21, 0.11, 0.76, 0.11, 0.219, 0.12, 0.801, 0.12]","[23.022774327122157, 22.939100843886674, 22.512536289258378, 22.37774396870246, 22.30834835742586, 22.175158573082314, 21.67053931759814, 21.404921700223714, 21.380952380952383, 21.412373184802068, 20.60095323616771, 20.425531914893618, 20.23184543637575, 20.105263157894733, 19.453866053463635, 19.180838323353292]","[2.3943685300207043, 15.896796884813464, 2.386328846661388, 4.520304281677897, 2.3423765775297154, 15.966114172619266, 2.3620887856181976, 4.4950335570469795, 2.351904761904762, 16.27340362044957, 2.2661048559784485, 4.473191489361702, 2.42782145236509, 16.10431578947368, 2.334463926415636]",96.59461753193652,9.569463166566614,c:\git\RailwAI\VIDEO\20260308\ADTC Rueschlikon_00_20260308232405.mp4,2026-03-08 23:24:05,DTZ,Trieb
ADTC_8_adz_raw_20260308_2340,2026-03-08 23:37:13.824,2026-03-08 23:37:23.895,"[Timestamp('2026-03-08 23:37:23.895000'), Timestamp('2026-03-08 23:37:24.008000'), Timestamp('2026-03-08 23:37:24.805000'), Timestamp('2026-03-08 23:37:24.923000'), Timestamp('2026-03-08 23:37:25.151000'), Timestamp('2026-03-08 23:37:25.276000'), Timestamp('2026-03-08 23:37:26.100000'), Timestamp('2026-03-08 23:37:26.222000'), Timestamp('2026-03-08 23:37:26.457000'), Timestamp('2026-03-08 23:37:26.590000'), Timestamp('2026-03-08 23:37:27.440000'), Timestamp('2026-03-08 23:37:27.573000'), Timestamp('2026-03-08 23:37:27.818000'), Timestamp('2026-03-08 23:37:27.952000'), Timestamp('2026-03-08 23:37:28.844000'), Timestamp('2026-03-08 23:37:28.984000')]","[0.113, 0.797, 0.118, 0.228, 0.125, 0.824, 0.122, 0.235, 0.133, 0.85, 0.133, 0.245, 0.134, 0.892, 0.14]","[20.275116415993146, 20.23562023562023, 19.753086419753085, 19.553962564715253, 19.36270921778168, 19.308671922377194, 19.010199160069174, 18.795402298850576, 18.732153055396918, 18.635476995609245, 18.130715783766817, 18.096151796183776, 17.927936724929204, 17.831740885102274, 17.392731366454534, 17.253027611819796]","[2.2910881550072255, 16.127789327789326, 2.330864197530864, 4.458303464755078, 2.42033865222271, 15.910345664038807, 2.319244297528439, 4.416919540229885, 2.49137635636779, 15.840155446267858, 2.411385199240987, 4.433557190065025, 2.4023435211405135, 15.905912869511228, 2.434982391303635]",96.19460627299937,9.93913884531931,c:\git\RailwAI\VIDEO\20260308\ADTC Rueschlikon_00_20260308233725.mp4,2026-03-08 23:37:25,DTZ,Trieb
