file,timestamp_raw,timestamp,timestamp_serie,delta_t,velocity,length,total_length,first_peak_raw,video,timestamp_video,train_type_x,train_type_y,train_type
ADTC1_adz_raw_20260612_0013,2026-06-12 00:12:15.568,2026-06-12 00:12:25.598,"[Timestamp('2026-06-12 00:12:25.598000'), Timestamp('2026-06-12 00:12:25.714000'), Timestamp('2026-06-12 00:12:26.063000'), Timestamp('2026-06-12 00:12:26.179000'), Timestamp('2026-06-12 00:12:26.403000'), Timestamp('2026-06-12 00:12:26.481000'), Timestamp('2026-06-12 00:12:26.904000'), Timestamp('2026-06-12 00:12:26.978000'), Timestamp('2026-06-12 00:12:27.153000'), Timestamp('2026-06-12 00:12:27.230000'), Timestamp('2026-06-12 00:12:27.670000'), Timestamp('2026-06-12 00:12:27.744000'), Timestamp('2026-06-12 00:12:27.917000'), Timestamp('2026-06-12 00:12:27.993000'), Timestamp('2026-06-12 00:12:28.433000'), Timestamp('2026-06-12 00:12:28.508000'), Timestamp('2026-06-12 00:12:28.683000'), Timestamp('2026-06-12 00:12:28.757000'), Timestamp('2026-06-12 00:12:29.193000'), Timestamp('2026-06-12 00:12:29.273000'), Timestamp('2026-06-12 00:12:29.434000'), Timestamp('2026-06-12 00:12:29.509000'), Timestamp('2026-06-12 00:12:29.944000'), Timestamp('2026-06-12 00:12:30.016000'), Timestamp('2026-06-12 00:12:30.179000'), Timestamp('2026-06-12 00:12:30.256000'), Timestamp('2026-06-12 00:12:30.675000'), Timestamp('2026-06-12 00:12:30.755000'), Timestamp('2026-06-12 00:12:30.919000'), Timestamp('2026-06-12 00:12:30.993000'), Timestamp('2026-06-12 00:12:31.427000'), Timestamp('2026-06-12 00:12:31.504000'), Timestamp('2026-06-12 00:12:31.663000'), Timestamp('2026-06-12 00:12:31.741000'), Timestamp('2026-06-12 00:12:32.181000'), Timestamp('2026-06-12 00:12:32.258000'), Timestamp('2026-06-12 00:12:32.418000'), Timestamp('2026-06-12 00:12:32.495000'), Timestamp('2026-06-12 00:12:32.929000'), Timestamp('2026-06-12 00:12:33.002000'), Timestamp('2026-06-12 00:12:33.156000'), Timestamp('2026-06-12 00:12:33.234000'), Timestamp('2026-06-12 00:12:33.664000'), Timestamp('2026-06-12 00:12:33.743000'), Timestamp('2026-06-12 00:12:33.893000'), Timestamp('2026-06-12 00:12:33.969000'), Timestamp('2026-06-12 00:12:34.402000'), Timestamp('2026-06-12 00:12:34.479000'), Timestamp('2026-06-12 00:12:34.641000'), Timestamp('2026-06-12 00:12:34.717000'), Timestamp('2026-06-12 00:12:35.157000'), Timestamp('2026-06-12 00:12:35.233000'), Timestamp('2026-06-12 00:12:35.405000'), Timestamp('2026-06-12 00:12:35.482000'), Timestamp('2026-06-12 00:12:35.891000'), Timestamp('2026-06-12 00:12:35.969000'), Timestamp('2026-06-12 00:12:36.140000'), Timestamp('2026-06-12 00:12:36.217000'), Timestamp('2026-06-12 00:12:36.657000'), Timestamp('2026-06-12 00:12:36.732000'), Timestamp('2026-06-12 00:12:36.893000'), Timestamp('2026-06-12 00:12:36.971000'), Timestamp('2026-06-12 00:12:37.405000'), Timestamp('2026-06-12 00:12:37.480000'), Timestamp('2026-06-12 00:12:37.642000'), Timestamp('2026-06-12 00:12:37.718000'), Timestamp('2026-06-12 00:12:38.157000'), Timestamp('2026-06-12 00:12:38.234000'), Timestamp('2026-06-12 00:12:38.396000'), Timestamp('2026-06-12 00:12:38.471000'), Timestamp('2026-06-12 00:12:38.906000'), Timestamp('2026-06-12 00:12:38.981000'), Timestamp('2026-06-12 00:12:39.132000'), Timestamp('2026-06-12 00:12:39.209000'), Timestamp('2026-06-12 00:12:39.643000'), Timestamp('2026-06-12 00:12:39.721000'), Timestamp('2026-06-12 00:12:39.867000'), Timestamp('2026-06-12 00:12:39.948000'), Timestamp('2026-06-12 00:12:40.379000'), Timestamp('2026-06-12 00:12:40.460000'), Timestamp('2026-06-12 00:12:40.616000'), Timestamp('2026-06-12 00:12:40.695000'), Timestamp('2026-06-12 00:12:41.135000'), Timestamp('2026-06-12 00:12:41.211000')]","[0.116, 0.349, 0.116, 0.224, 0.078, 0.423, 0.074, 0.175, 0.077, 0.44, 0.074, 0.173, 0.076, 0.44, 0.075, 0.175, 0.074, 0.436, 0.08, 0.161, 0.075, 0.435, 0.072, 0.163, 0.077, 0.419, 0.08, 0.164, 0.074, 0.434, 0.077, 0.159, 0.078, 0.44, 0.077, 0.16, 0.077, 0.434, 0.073, 0.154, 0.078, 0.43, 0.079, 0.15, 0.076, 0.433, 0.077, 0.162, 0.076, 0.44, 0.076, 0.172, 0.077, 0.409, 0.078, 0.171, 0.077, 0.44, 0.075, 0.161, 0.078, 0.434, 0.075, 0.162, 0.076, 0.439, 0.077, 0.162, 0.075, 0.435, 0.075, 0.151, 0.077, 0.434, 0.078, 0.146, 0.081, 0.431, 0.081, 0.156, 0.079, 0.44, 0.076]","[35.490924994533124, 35.424836601307184, 35.165306998711884, 35.424836601307184, 35.22947640594699, 35.49286534361161, 35.359235945300625, 35.16483516483516, 35.298411625549164, 35.22947640594699, 35.04069697736688, 35.2304252969537, 35.100665757600055, 35.169082125603865, 35.114748836462844, 35.301752109020114, 35.232323232323225, 35.238967616789694, 34.85135989879822, 35.49965823650034, 34.98207885304659, 35.3060479454833, 35.152359021046436, 35.106297633373444, 35.386119257086996, 35.37363263755055, 34.99880468563232, 34.916478197040036, 34.79905437352245, 35.238967616789694, 34.59740259740259, 34.720732504905165, 35.18796992481202, 34.74527462170794, 34.938658831937104, 34.887218045112775, 35.212081312391675, 35.006243524004354, 34.752553024351926, 34.74527462170794, 34.96503496503496, 34.82832956517167, 34.837946223128, 35.05747126436782, 34.711779448621556, 34.711779448621556, 34.68930673472577, 35.01461599787404, 35.11554327365934, 34.76074487310442, 34.57711442786069, 34.65410932174727, 34.23697837343893, 34.73354231974922, 34.226118730730676, 34.529252227818674, 34.564070741545144, 34.33871153182846, 34.732724902216425, 34.49546010689677, 34.89989462592202, 34.702863246749864, 34.28484433280049, 34.17039678324861, 34.11320754716981, 34.1391442515038, 33.831289483463394, 33.885160328113344, 33.84386617100371, 34.14499030544154, 33.73790590610305, 34.15249533229046, 33.95124872133928, 34.045112781954884, 33.8509124652026, 34.06005140099041, 33.939152517054225, 34.267454540843495, 33.52898374969682, 34.18181818181818, 33.8680926916221, 34.21465042212223, 33.857291615014624, 33.939152517054225]","[4.116947299365843, 12.363267973856207, 4.079175611850578, 7.93516339869281, 2.747899159663865, 15.01348204034771, 2.616583459952246, 6.153846153846152, 2.717977695167286, 15.500969618616676, 2.5930115763251487, 6.0948635763729895, 2.667650597577604, 15.474396135265701, 2.633606162734713, 6.1778066190785195, 2.6071919191919184, 15.364189880920307, 2.788108791903858, 5.715444976076554, 2.623655913978494, 15.358130856285236, 2.530969849515343, 5.722326514239872, 2.724731182795699, 14.82155207513368, 2.799904374850586, 5.726302424314566, 2.575130023640661, 15.293711945686727, 2.6639999999999997, 5.520596468279921, 2.7446616541353377, 15.287920833551494, 2.690276730059157, 5.5819548872180444, 2.711330261054159, 15.192709689417889, 2.5369363707776906, 5.350772291743023, 2.727272727272727, 14.976181713023818, 2.752197751627112, 5.258620689655173, 2.638095238095238, 15.030200501253134, 2.6710766185738843, 5.672367791655595, 2.66878128879811, 15.294727744165945, 2.6278606965174127, 5.96050680334053, 2.6362473347547977, 14.20601880877743, 2.6696372609969927, 5.904502130956994, 2.6614334470989762, 15.109033074004522, 2.604954367666232, 5.55376907721038, 2.722191780821918, 15.06104264908944, 2.5713633249600365, 5.535604278886275, 2.5926037735849055, 14.98708432641017, 2.6050092902266813, 5.489395973154362, 2.5382899628252784, 14.85307078286707, 2.530342942957729, 5.157026795175859, 2.614246151543125, 14.77557894736842, 2.6403711722858025, 4.972767504544599, 2.7490713538813925, 14.769272907103547, 2.7158476837254426, 5.332363636363636, 2.675579322638146, 15.054446185733783, 2.5731541627411114]",542.9583669678182,9.922352847724204,c:\git\RailwAI\VIDEO\20260612\ADTC Rastatt_00_20260612001226.mp4,2026-06-12 00:12:26,Lok,Lok,Lok
ADTC1_adz_raw_20260612_0019,2026-06-12 00:18:40.086,2026-06-12 00:18:50.138,"[Timestamp('2026-06-12 00:18:50.138000'), Timestamp('2026-06-12 00:18:50.253000'), Timestamp('2026-06-12 00:18:50.601000'), Timestamp('2026-06-12 00:18:50.719000')]","[0.115, 0.348, 0.118]","[36.26824817518248, 35.432073544433095, 35.25606469002695, 35.82089552238806]","[4.170848540145985, 12.330361593462715, 4.160215633423181]",20.661425767031883,9.942280558388184,c:\git\RailwAI\VIDEO\20260612\ADTC Rastatt_00_20260612001851.mp4,2026-06-12 00:18:51,Lok,Lok,Lok
ADTC1_adz_raw_20260612_0045,2026-06-12 00:44:22.036,2026-06-12 00:44:32.078,"[Timestamp('2026-06-12 00:44:32.078000'), Timestamp('2026-06-12 00:44:32.206000'), Timestamp('2026-06-12 00:44:32.970000'), Timestamp('2026-06-12 00:44:33.097000'), Timestamp('2026-06-12 00:44:33.316000'), Timestamp('2026-06-12 00:44:33.437000'), Timestamp('2026-06-12 00:44:34.231000'), Timestamp('2026-06-12 00:44:34.346000'), Timestamp('2026-06-12 00:44:34.562000'), Timestamp('2026-06-12 00:44:34.684000'), Timestamp('2026-06-12 00:44:35.483000'), Timestamp('2026-06-12 00:44:35.600000'), Timestamp('2026-06-12 00:44:35.815000'), Timestamp('2026-06-12 00:44:35.939000'), Timestamp('2026-06-12 00:44:36.717000'), Timestamp('2026-06-12 00:44:36.843000')]","[0.128, 0.764, 0.127, 0.219, 0.121, 0.794, 0.115, 0.216, 0.122, 0.799, 0.117, 0.215, 0.124, 0.778, 0.126]","[32.7133402995472, 32.711061577040965, 33.04656949875578, 33.04735270417595, 32.76488677662846, 32.82828282828283, 32.65343900040493, 33.28366101043119, 32.59997232599973, 32.88288288288288, 32.766031801502706, 32.76794035414726, 32.88288288288288, 32.70954260506153, 32.70878317197186, 33.105022831050235]","[4.187307558342042, 24.991251044859297, 4.196914326341984, 7.237370242214533, 3.9645512999720434, 26.065656565656568, 3.755145485046567, 7.189270778253137, 3.977196623771967, 26.273423423423424, 3.833625720775817, 7.04510717614166, 4.077477477477477, 25.448024146737872, 4.1213066796684545]",156.36362854868284,9.931782299145045,c:\git\RailwAI\VIDEO\20260612\ADTC Rastatt_00_20260612004426.mp4,2026-06-12 00:44:26,Trieb,Trieb,Trieb
ADTC1_adz_raw_20260612_0057,2026-06-12 00:56:34.510,2026-06-12 00:56:44.545,"[Timestamp('2026-06-12 00:56:44.545000'), Timestamp('2026-06-12 00:56:44.652000'), Timestamp('2026-06-12 00:56:45.244000'), Timestamp('2026-06-12 00:56:45.370000'), Timestamp('2026-06-12 00:56:46.002000'), Timestamp('2026-06-12 00:56:46.128000'), Timestamp('2026-06-12 00:56:46.718000'), Timestamp('2026-06-12 00:56:46.826000')]","[0.107, 0.592, 0.126, 0.632, 0.126, 0.59, 0.108]","[34.66833541927409, 34.174521131042866, 35.04069697736688, 34.53416149068323, 34.91093743801325, 34.40860215053763, 34.35595390524968, 34.722549250451294]","[3.7095118898623274, 20.231316509577375, 4.415127819148227, 21.825590062111804, 4.39877811718967, 20.3010752688172, 3.7104430217669653]",78.59184268847358,9.928734347026095,c:\git\RailwAI\VIDEO\20260612\ADTC Rastatt_00_20260612005645.mp4,2026-06-12 00:56:45,Trieb,Trieb,Trieb
ADTC1_adz_raw_20260612_0102,2026-06-12 01:01:13.599,2026-06-12 01:01:23.619,"[Timestamp('2026-06-12 01:01:23.619000'), Timestamp('2026-06-12 01:01:23.737000'), Timestamp('2026-06-12 01:01:24.456000'), Timestamp('2026-06-12 01:01:24.576000'), Timestamp('2026-06-12 01:01:24.777000'), Timestamp('2026-06-12 01:01:24.890000'), Timestamp('2026-06-12 01:01:25.639000'), Timestamp('2026-06-12 01:01:25.748000'), Timestamp('2026-06-12 01:01:25.953000'), Timestamp('2026-06-12 01:01:26.068000'), Timestamp('2026-06-12 01:01:26.813000'), Timestamp('2026-06-12 01:01:26.920000'), Timestamp('2026-06-12 01:01:27.123000'), Timestamp('2026-06-12 01:01:27.239000'), Timestamp('2026-06-12 01:01:27.965000'), Timestamp('2026-06-12 01:01:28.078000')]","[0.118, 0.719, 0.12, 0.201, 0.113, 0.749, 0.109, 0.205, 0.115, 0.745, 0.107, 0.203, 0.116, 0.726, 0.113]","[35.053304904051174, 35.31750862243862, 34.98207885304659, 35.0383631713555, 35.19505808097764, 35.298411625549164, 35.12696331576271, 35.04069697736688, 34.66426811622541, 34.85135989879822, 34.97372193024367, 34.78991596638655, 34.78671865768639, 34.97279362972793, 35.10160427807486, 34.97557867912508]","[4.136289978678039, 25.393288699533368, 4.19784946236559, 7.042710997442455, 3.977041563150473, 26.438510307536323, 3.8288390014181353, 7.183342880360209, 3.986390833365922, 25.964263124604674, 3.7421882465360725, 7.062352941176471, 4.035259364291622, 25.390248175182478, 3.966481283422459]",156.3450568590643,9.913800379512672,c:\git\RailwAI\VIDEO\20260612\ADTC Rastatt_00_20260612010124.mp4,2026-06-12 01:01:24,Trieb,Trieb,Trieb
ADTC1_adz_raw_20260612_0233,2026-06-12 02:31:48.960,2026-06-12 02:31:58.997,"[Timestamp('2026-06-12 02:31:58.997000'), Timestamp('2026-06-12 02:31:59.131000'), Timestamp('2026-06-12 02:31:59.425000'), Timestamp('2026-06-12 02:31:59.563000'), Timestamp('2026-06-12 02:31:59.790000'), Timestamp('2026-06-12 02:31:59.865000'), Timestamp('2026-06-12 02:32:00.295000'), Timestamp('2026-06-12 02:32:00.373000'), Timestamp('2026-06-12 02:32:00.526000'), Timestamp('2026-06-12 02:32:00.603000'), Timestamp('2026-06-12 02:32:01.034000'), Timestamp('2026-06-12 02:32:01.111000'), Timestamp('2026-06-12 02:32:01.262000'), Timestamp('2026-06-12 02:32:01.343000'), Timestamp('2026-06-12 02:32:01.777000'), Timestamp('2026-06-12 02:32:01.853000'), Timestamp('2026-06-12 02:32:02.005000'), Timestamp('2026-06-12 02:32:02.082000'), Timestamp('2026-06-12 02:32:02.520000'), Timestamp('2026-06-12 02:32:02.601000'), Timestamp('2026-06-12 02:32:02.754000'), Timestamp('2026-06-12 02:32:02.832000'), Timestamp('2026-06-12 02:32:03.215000'), Timestamp('2026-06-12 02:32:03.292000'), Timestamp('2026-06-12 02:32:03.437000'), Timestamp('2026-06-12 02:32:03.521000'), Timestamp('2026-06-12 02:32:03.955000'), Timestamp('2026-06-12 02:32:04.032000'), Timestamp('2026-06-12 02:32:04.185000'), Timestamp('2026-06-12 02:32:04.266000'), Timestamp('2026-06-12 02:32:04.697000'), Timestamp('2026-06-12 02:32:04.775000'), Timestamp('2026-06-12 02:32:04.927000'), Timestamp('2026-06-12 02:32:05.004000'), Timestamp('2026-06-12 02:32:05.442000'), Timestamp('2026-06-12 02:32:05.516000'), Timestamp('2026-06-12 02:32:05.668000'), Timestamp('2026-06-12 02:32:05.746000'), Timestamp('2026-06-12 02:32:06.187000'), Timestamp('2026-06-12 02:32:06.264000'), Timestamp('2026-06-12 02:32:06.419000'), Timestamp('2026-06-12 02:32:06.496000'), Timestamp('2026-06-12 02:32:06.929000'), Timestamp('2026-06-12 02:32:07.008000'), Timestamp('2026-06-12 02:32:07.157000'), Timestamp('2026-06-12 02:32:07.237000'), Timestamp('2026-06-12 02:32:07.670000'), Timestamp('2026-06-12 02:32:07.746000'), Timestamp('2026-06-12 02:32:07.912000'), Timestamp('2026-06-12 02:32:07.989000'), Timestamp('2026-06-12 02:32:08.437000'), Timestamp('2026-06-12 02:32:08.513000'), Timestamp('2026-06-12 02:32:08.672000'), Timestamp('2026-06-12 02:32:08.754000'), Timestamp('2026-06-12 02:32:09.197000'), Timestamp('2026-06-12 02:32:09.268000'), Timestamp('2026-06-12 02:32:09.426000'), Timestamp('2026-06-12 02:32:09.502000'), Timestamp('2026-06-12 02:32:09.937000'), Timestamp('2026-06-12 02:32:10.013000'), Timestamp('2026-06-12 02:32:10.168000'), Timestamp('2026-06-12 02:32:10.245000'), Timestamp('2026-06-12 02:32:10.631000'), Timestamp('2026-06-12 02:32:10.705000'), Timestamp('2026-06-12 02:32:10.861000'), Timestamp('2026-06-12 02:32:10.932000'), Timestamp('2026-06-12 02:32:11.375000'), Timestamp('2026-06-12 02:32:11.452000'), Timestamp('2026-06-12 02:32:11.614000'), Timestamp('2026-06-12 02:32:11.694000'), Timestamp('2026-06-12 02:32:12.139000'), Timestamp('2026-06-12 02:32:12.213000'), Timestamp('2026-06-12 02:32:12.380000'), Timestamp('2026-06-12 02:32:12.459000'), Timestamp('2026-06-12 02:32:12.899000'), Timestamp('2026-06-12 02:32:12.975000'), Timestamp('2026-06-12 02:32:13.130000'), Timestamp('2026-06-12 02:32:13.207000'), Timestamp('2026-06-12 02:32:13.643000'), Timestamp('2026-06-12 02:32:13.721000'), Timestamp('2026-06-12 02:32:13.886000'), Timestamp('2026-06-12 02:32:13.964000'), Timestamp('2026-06-12 02:32:14.411000'), Timestamp('2026-06-12 02:32:14.489000')]","[0.134, 0.294, 0.138, 0.227, 0.075, 0.43, 0.078, 0.153, 0.077, 0.431, 0.077, 0.151, 0.081, 0.434, 0.076, 0.152, 0.077, 0.438, 0.081, 0.153, 0.078, 0.383, 0.077, 0.145, 0.084, 0.434, 0.077, 0.153, 0.081, 0.431, 0.078, 0.152, 0.077, 0.438, 0.074, 0.152, 0.078, 0.441, 0.077, 0.155, 0.077, 0.433, 0.079, 0.149, 0.08, 0.433, 0.076, 0.166, 0.077, 0.448, 0.076, 0.159, 0.082, 0.443, 0.071, 0.158, 0.076, 0.435, 0.076, 0.155, 0.077, 0.386, 0.074, 0.156, 0.071, 0.443, 0.077, 0.162, 0.08, 0.445, 0.074, 0.167, 0.079, 0.44, 0.076, 0.155, 0.077, 0.436, 0.078, 0.165, 0.078, 0.447, 0.078]","[34.78991596638655, 35.324675324675326, 34.913245873889124, 35.301752109020114, 34.66833541927409, 35.04396482813749, 35.428695936376506, 35.04396482813749, 34.53416149068323, 35.165306998711884, 34.92063492063492, 34.78991596638655, 34.6574913981858, 34.6574913981858, 34.909552523008564, 34.53237410071942, 34.16413373860182, 35.0383631713555, 33.926073926073926, 35.0383631713555, 34.54846727423364, 34.54846727423364, 34.41258094357077, 34.53416149068323, 34.3980343980344, 35.165306998711884, 34.6574913981858, 34.79905437352245, 34.31372549019608, 34.54846727423364, 34.28746364610439, 34.4196566258867, 34.06997231311351, 34.81185621189826, 34.05797101449275, 34.679186228482, 34.32950191570881, 34.59683691988592, 34.31372549019608, 34.46217189912507, 34.32950191570881, 34.50834879406308, 34.28920073215375, 34.46217189912507, 34.50834879406308, 34.46217189912507, 34.62017434620174, 34.59683691988592, 34.42799323735847, 34.37164339419978, 34.18181818181818, 34.34880392557759, 34.53682690323912, 34.37164339419978, 34.28920073215375, 34.28920073215375, 33.97358943577431, 34.42799323735847, 34.604651162790695, 34.53947368421053, 33.97129186602871, 34.355578196637794, 33.76623376623377, 34.63203463203463, 34.39412484700122, 34.184261999097245, 34.29092567259462, 34.53149001536098, 34.486624203821655, 34.58391230507951, 34.46153846153846, 34.49869089789003, 34.29092567259462, 34.08852213053263, 34.08852213053263, 34.48205337969117, 33.83458646616541, 33.945409429280396, 34.14781297134238, 34.08852213053263, 33.945409429280396, 33.844339622641506, 34.08751121299711, 33.79452458051222]","[4.661848739495798, 10.385454545454545, 4.8180279305967, 8.013497728747566, 2.6001251564455563, 15.06890487609912, 2.7634382830373676, 5.361726618705036, 2.659130434782609, 15.156247316444821, 2.6888888888888887, 5.25327731092437, 2.8072568032530496, 15.041351266812637, 2.653125991748651, 5.248920863309352, 2.63063829787234, 15.346803069053708, 2.748011988011988, 5.360869565217391, 2.6947804473902237, 13.232062966031483, 2.649768732654949, 5.007453416149068, 2.8894348894348894, 15.261743237440957, 2.668626837660306, 5.324255319148935, 2.7794117647058822, 14.890389395194697, 2.6744221643961428, 5.231787807134778, 2.6233878681097402, 15.247593020811438, 2.5202898550724635, 5.271236306729264, 2.677701149425287, 15.257205081669689, 2.642156862745098, 5.341636644364385, 2.6433716475095785, 14.942115027829315, 2.7088468578401463, 5.134863612969635, 2.7606679035250465, 14.922120432321154, 2.6311332503113323, 5.743074928701063, 2.650955479276602, 15.398496240601501, 2.5978181818181816, 5.4614598241668375, 2.832019806065608, 15.226638023630503, 2.4345332519829164, 5.417693715680293, 2.5819927971188474, 14.976177058250935, 2.629953488372093, 5.353618421052632, 2.6157894736842104, 13.26125318390219, 2.498701298701299, 5.402597402597403, 2.4419828641370867, 15.14362806560008, 2.6404012767897855, 5.594101382488479, 2.7589299363057327, 15.38984097576038, 2.550153846153846, 5.7612813799476355, 2.708983128134975, 14.998949737434359, 2.59072768192048, 5.3447182738521315, 2.6052631578947367, 14.800198511166252, 2.663529411764706, 5.6246061515378845, 2.6477419354838707, 15.128419811320754, 2.6588258746137745]",535.0310641513875,9.924516086751888,c:\git\RailwAI\VIDEO\20260612\ADTC Rastatt_00_20260612023159.mp4,2026-06-12 02:31:59,Lok,Lok,Lok
ADTC1_adz_raw_20260612_0404,2026-06-12 04:03:22.613,2026-06-12 04:03:32.656,"[Timestamp('2026-06-12 04:03:32.656000'), Timestamp('2026-06-12 04:03:32.775000'), Timestamp('2026-06-12 04:03:33.125000'), Timestamp('2026-06-12 04:03:33.244000'), Timestamp('2026-06-12 04:03:33.458000'), Timestamp('2026-06-12 04:03:33.533000'), Timestamp('2026-06-12 04:03:33.971000'), Timestamp('2026-06-12 04:03:34.046000'), Timestamp('2026-06-12 04:03:34.196000'), Timestamp('2026-06-12 04:03:34.277000'), Timestamp('2026-06-12 04:03:34.714000'), Timestamp('2026-06-12 04:03:34.790000'), Timestamp('2026-06-12 04:03:34.939000'), Timestamp('2026-06-12 04:03:35.016000'), Timestamp('2026-06-12 04:03:35.451000'), Timestamp('2026-06-12 04:03:35.529000'), Timestamp('2026-06-12 04:03:35.677000'), Timestamp('2026-06-12 04:03:35.755000'), Timestamp('2026-06-12 04:03:36.191000'), Timestamp('2026-06-12 04:03:36.263000'), Timestamp('2026-06-12 04:03:36.416000'), Timestamp('2026-06-12 04:03:36.493000'), Timestamp('2026-06-12 04:03:36.931000'), Timestamp('2026-06-12 04:03:37.006000'), Timestamp('2026-06-12 04:03:37.155000'), Timestamp('2026-06-12 04:03:37.234000'), Timestamp('2026-06-12 04:03:37.673000'), Timestamp('2026-06-12 04:03:37.748000'), Timestamp('2026-06-12 04:03:37.897000'), Timestamp('2026-06-12 04:03:37.978000'), Timestamp('2026-06-12 04:03:38.416000'), Timestamp('2026-06-12 04:03:38.490000'), Timestamp('2026-06-12 04:03:38.643000'), Timestamp('2026-06-12 04:03:38.716000'), Timestamp('2026-06-12 04:03:39.157000'), Timestamp('2026-06-12 04:03:39.233000'), Timestamp('2026-06-12 04:03:39.387000'), Timestamp('2026-06-12 04:03:39.462000'), Timestamp('2026-06-12 04:03:39.901000'), Timestamp('2026-06-12 04:03:39.975000'), Timestamp('2026-06-12 04:03:40.127000'), Timestamp('2026-06-12 04:03:40.203000'), Timestamp('2026-06-12 04:03:40.639000'), Timestamp('2026-06-12 04:03:40.715000'), Timestamp('2026-06-12 04:03:40.864000'), Timestamp('2026-06-12 04:03:40.942000'), Timestamp('2026-06-12 04:03:41.381000'), Timestamp('2026-06-12 04:03:41.458000'), Timestamp('2026-06-12 04:03:41.610000'), Timestamp('2026-06-12 04:03:41.688000'), Timestamp('2026-06-12 04:03:42.122000'), Timestamp('2026-06-12 04:03:42.203000'), Timestamp('2026-06-12 04:03:42.356000'), Timestamp('2026-06-12 04:03:42.433000'), Timestamp('2026-06-12 04:03:42.875000'), Timestamp('2026-06-12 04:03:42.948000'), Timestamp('2026-06-12 04:03:43.103000'), Timestamp('2026-06-12 04:03:43.179000'), Timestamp('2026-06-12 04:03:43.620000'), Timestamp('2026-06-12 04:03:43.697000'), Timestamp('2026-06-12 04:03:43.850000'), Timestamp('2026-06-12 04:03:43.928000'), Timestamp('2026-06-12 04:03:44.366000'), Timestamp('2026-06-12 04:03:44.440000'), Timestamp('2026-06-12 04:03:44.593000'), Timestamp('2026-06-12 04:03:44.672000'), Timestamp('2026-06-12 04:03:45.111000'), Timestamp('2026-06-12 04:03:45.187000'), Timestamp('2026-06-12 04:03:45.339000'), Timestamp('2026-06-12 04:03:45.416000'), Timestamp('2026-06-12 04:03:45.857000'), Timestamp('2026-06-12 04:03:45.933000'), Timestamp('2026-06-12 04:03:46.084000'), Timestamp('2026-06-12 04:03:46.163000'), Timestamp('2026-06-12 04:03:46.608000'), Timestamp('2026-06-12 04:03:46.685000')]","[0.119, 0.35, 0.119, 0.214, 0.075, 0.438, 0.075, 0.15, 0.081, 0.437, 0.076, 0.149, 0.077, 0.435, 0.078, 0.148, 0.078, 0.436, 0.072, 0.153, 0.077, 0.438, 0.075, 0.149, 0.079, 0.439, 0.075, 0.149, 0.081, 0.438, 0.074, 0.153, 0.073, 0.441, 0.076, 0.154, 0.075, 0.439, 0.074, 0.152, 0.076, 0.436, 0.076, 0.149, 0.078, 0.439, 0.077, 0.152, 0.078, 0.434, 0.081, 0.153, 0.077, 0.442, 0.073, 0.155, 0.076, 0.441, 0.077, 0.153, 0.078, 0.438, 0.074, 0.153, 0.079, 0.439, 0.076, 0.152, 0.077, 0.441, 0.076, 0.151, 0.079, 0.445, 0.077]","[34.32950191570881, 35.04069697736688, 34.78671865768639, 35.04396482813749, 34.78671865768639, 35.0383631713555, 34.78671865768639, 34.78260869565217, 34.65884652981427, 34.78306531014112, 34.66110531803962, 34.92063492063492, 34.78991596638655, 34.78671865768639, 34.66110531803962, 34.66833541927409, 34.301464958399265, 34.66833541927409, 34.179284130503646, 34.29665071770334, 33.5812133072407, 34.452862710796104, 33.943028485757125, 34.06997231311351, 33.71783496007099, 33.943028485757125, 33.71783496007099, 33.82966051220965, 34.00548233261988, 33.993993993993996, 33.68545032941955, 34.1391442515038, 34.115052611681676, 33.80448749629336, 33.26618705035971, 34.0178303115296, 33.6359292881032, 33.67181751287711, 33.92437194370824, 33.67181751287711, 33.13092979127134, 33.55376128018706, 33.17932942978966, 33.47904532409818, 33.54109855862875, 33.36219336219336, 32.96765119549929, 33.002119142924414, 32.88862905583163, 33.331736985776544, 32.95027235986645, 33.045112781954884, 32.797137199041096, 32.629439525991245, 32.58117776554761, 32.31522656909654, 32.48564397046759, 32.6654481498086, 32.24217455555058, 32.553891121666055, 32.54459410265744, 32.59259259259259, 32.370985203897504, 32.5965012905076, 32.59259259259259, 32.370985203897504, 32.370985203897504, 32.115230728194184, 31.900333391823125, 32.063702720637025, 31.777003484320556, 31.95605602856358, 31.889505660212414, 31.830030429613792, 31.688311688311686, 31.41020874276305]","[4.085210727969348, 12.264243942078407, 4.139619520264681, 7.499408473221423, 2.6090038993264795, 15.346803069053708, 2.6090038993264795, 5.217391304347825, 2.807366568914956, 15.200199540531669, 2.634244004171011, 5.2031746031746025, 2.6788235294117646, 15.13222261609358, 2.7035662148070903, 5.1309136420525645, 2.6755142667551426, 15.115394242803502, 2.4609084573962625, 5.247387559808612, 2.585753424657534, 15.090353867328695, 2.5457271364317844, 5.076425874653912, 2.6637089618456082, 14.900989505247377, 2.528837622005324, 5.040619416319237, 2.75444406894221, 14.889369369369371, 2.492723324377047, 5.223289070480082, 2.4903988406527624, 14.907778985865372, 2.528230215827338, 5.238745867975559, 2.52269469660774, 14.781927888153053, 2.5104035238344093, 5.118116261957321, 2.517950664136622, 14.629439918161559, 2.521629036664014, 4.988377753290629, 2.6162056875730424, 14.646002886002885, 2.5385091420534454, 5.016322109724511, 2.565313066354867, 14.46597385182702, 2.6689720611491827, 5.055902255639097, 2.5253795643261645, 14.42221227048813, 2.378425976884975, 5.008860118209963, 2.468908941755537, 14.405462634065591, 2.482647440777394, 4.980745341614907, 2.5384783400072806, 14.275555555555554, 2.395452905088415, 4.987264697447662, 2.5748148148148147, 14.210862504511004, 2.46019487549621, 4.8815150706855155, 2.4563256711703807, 14.140092899800928, 2.415052264808362, 4.8253644603131, 2.5192709471567807, 14.164363541178139, 2.44]",470.8387872727744,9.938752894541382,c:\git\RailwAI\VIDEO\20260612\ADTC Rastatt_00_20260612040333.mp4,2026-06-12 04:03:33,Lok,Lok,Lok
ADTC1_adz_raw_20260612_0420,2026-06-12 04:18:35.421,2026-06-12 04:18:45.539,"[Timestamp('2026-06-12 04:18:45.539000'), Timestamp('2026-06-12 04:18:45.656000'), Timestamp('2026-06-12 04:18:46.006000'), Timestamp('2026-06-12 04:18:46.121000'), Timestamp('2026-06-12 04:18:46.344000'), Timestamp('2026-06-12 04:18:46.418000'), Timestamp('2026-06-12 04:18:46.855000'), Timestamp('2026-06-12 04:18:46.930000'), Timestamp('2026-06-12 04:18:47.092000'), Timestamp('2026-06-12 04:18:47.168000'), Timestamp('2026-06-12 04:18:47.597000'), Timestamp('2026-06-12 04:18:47.678000'), Timestamp('2026-06-12 04:18:47.842000'), Timestamp('2026-06-12 04:18:47.916000'), Timestamp('2026-06-12 04:18:48.336000'), Timestamp('2026-06-12 04:18:48.418000'), Timestamp('2026-06-12 04:18:48.593000'), Timestamp('2026-06-12 04:18:48.669000'), Timestamp('2026-06-12 04:18:49.108000'), Timestamp('2026-06-12 04:18:49.184000'), Timestamp('2026-06-12 04:18:49.359000'), Timestamp('2026-06-12 04:18:49.434000'), Timestamp('2026-06-12 04:18:49.877000'), Timestamp('2026-06-12 04:18:49.948000'), Timestamp('2026-06-12 04:18:50.110000'), Timestamp('2026-06-12 04:18:50.191000'), Timestamp('2026-06-12 04:18:50.619000'), Timestamp('2026-06-12 04:18:50.699000'), Timestamp('2026-06-12 04:18:50.861000'), Timestamp('2026-06-12 04:18:50.935000'), Timestamp('2026-06-12 04:18:51.373000'), Timestamp('2026-06-12 04:18:51.448000'), Timestamp('2026-06-12 04:18:51.622000'), Timestamp('2026-06-12 04:18:51.698000'), Timestamp('2026-06-12 04:18:52.135000'), Timestamp('2026-06-12 04:18:52.211000'), Timestamp('2026-06-12 04:18:52.373000'), Timestamp('2026-06-12 04:18:52.449000'), Timestamp('2026-06-12 04:18:52.885000'), Timestamp('2026-06-12 04:18:52.961000'), Timestamp('2026-06-12 04:18:53.109000'), Timestamp('2026-06-12 04:18:53.189000'), Timestamp('2026-06-12 04:18:53.625000'), Timestamp('2026-06-12 04:18:53.697000'), Timestamp('2026-06-12 04:18:53.860000'), Timestamp('2026-06-12 04:18:53.938000'), Timestamp('2026-06-12 04:18:54.377000'), Timestamp('2026-06-12 04:18:54.453000'), Timestamp('2026-06-12 04:18:54.626000'), Timestamp('2026-06-12 04:18:54.703000'), Timestamp('2026-06-12 04:18:55.138000'), Timestamp('2026-06-12 04:18:55.212000'), Timestamp('2026-06-12 04:18:55.377000'), Timestamp('2026-06-12 04:18:55.453000'), Timestamp('2026-06-12 04:18:55.883000'), Timestamp('2026-06-12 04:18:55.961000'), Timestamp('2026-06-12 04:18:56.111000'), Timestamp('2026-06-12 04:18:56.191000'), Timestamp('2026-06-12 04:18:56.620000'), Timestamp('2026-06-12 04:18:56.700000'), Timestamp('2026-06-12 04:18:56.852000'), Timestamp('2026-06-12 04:18:56.927000'), Timestamp('2026-06-12 04:18:57.365000'), Timestamp('2026-06-12 04:18:57.438000'), Timestamp('2026-06-12 04:18:57.592000'), Timestamp('2026-06-12 04:18:57.670000'), Timestamp('2026-06-12 04:18:58.105000'), Timestamp('2026-06-12 04:18:58.181000'), Timestamp('2026-06-12 04:18:58.344000'), Timestamp('2026-06-12 04:18:58.422000'), Timestamp('2026-06-12 04:18:58.861000'), Timestamp('2026-06-12 04:18:58.938000'), Timestamp('2026-06-12 04:18:59.112000'), Timestamp('2026-06-12 04:18:59.187000'), Timestamp('2026-06-12 04:18:59.612000'), Timestamp('2026-06-12 04:18:59.689000'), Timestamp('2026-06-12 04:18:59.862000'), Timestamp('2026-06-12 04:18:59.938000'), Timestamp('2026-06-12 04:19:00.378000'), Timestamp('2026-06-12 04:19:00.455000'), Timestamp('2026-06-12 04:19:00.616000'), Timestamp('2026-06-12 04:19:00.694000'), Timestamp('2026-06-12 04:19:01.137000'), Timestamp('2026-06-12 04:19:01.215000')]","[0.117, 0.35, 0.115, 0.223, 0.074, 0.437, 0.075, 0.162, 0.076, 0.429, 0.081, 0.164, 0.074, 0.42, 0.082, 0.175, 0.076, 0.439, 0.076, 0.175, 0.075, 0.443, 0.071, 0.162, 0.081, 0.428, 0.08, 0.162, 0.074, 0.438, 0.075, 0.174, 0.076, 0.437, 0.076, 0.162, 0.076, 0.436, 0.076, 0.148, 0.08, 0.436, 0.072, 0.163, 0.078, 0.439, 0.076, 0.173, 0.077, 0.435, 0.074, 0.165, 0.076, 0.43, 0.078, 0.15, 0.08, 0.429, 0.08, 0.152, 0.075, 0.438, 0.073, 0.154, 0.078, 0.435, 0.076, 0.163, 0.078, 0.439, 0.077, 0.174, 0.075, 0.425, 0.077, 0.173, 0.076, 0.44, 0.077, 0.161, 0.078, 0.443, 0.078]","[35.782108945527234, 35.360195360195355, 34.60369417816226, 35.69562512958739, 35.764235764235764, 35.36883243771372, 35.44172740276548, 35.47265513150897, 35.852842809364546, 35.379394597529526, 34.955312810327705, 35.12696331576271, 35.28174142907237, 34.78671865768639, 35.05747126436782, 35.80895223805951, 35.0132625994695, 35.23290986085904, 35.21364770258309, 34.896424330386594, 35.43422698352276, 34.94252873563218, 35.31603531603531, 34.48346894633845, 35.39248315610033, 35.18835616438356, 35.21364770258309, 34.75896685140646, 34.89989462592202, 34.88564995852589, 34.732724902216425, 34.49546010689677, 34.23697837343893, 34.68930673472577, 34.49546010689677, 34.46716678655842, 34.57748118258711, 34.267454540843495, 34.453004622496145, 34.412566731958364, 34.00548233261988, 34.62315462315462, 34.63320313006917, 34.27262313860252, 34.07206392281019, 34.71203371312627, 34.06005140099041, 34.42736534168185, 34.09862448764051, 34.34343434343434, 34.267454540843495, 34.07585791691751, 34.34343434343434, 34.515050167224075, 33.902681231380335, 33.871567824986975, 34.09671761463292, 33.89737787668933, 33.64718812969409, 33.91952309985096, 33.83536615475779, 34.0667991153428, 33.464052287581694, 33.56194367430322, 33.754694288309075, 33.6127072429821, 33.871567824986975, 33.75203191960987, 34.07707910750507, 34.07707910750507, 33.804481654764835, 34.4147477195892, 33.76623376623377, 34.33441558441558, 33.665689149560116, 33.92478518022542, 33.824888198987324, 34.160913769298354, 33.7970017203244, 33.699633699633694, 33.27794977228989, 33.945409429280396, 33.25516338313196, 33.58641382912815]","[4.186506746626686, 12.376068376068373, 3.97942483048866, 7.960124403897988, 2.6465534465534466, 15.456179775280896, 2.658129555207411, 5.746570131304454, 2.7248160535117054, 15.177760282340166, 2.8313803376365443, 5.7608219837850845, 2.6108488657513553, 14.610421836228284, 2.874712643678161, 6.266566641660414, 2.661007957559682, 15.467247428917117, 2.6762372253963145, 6.106874257817654, 2.6575670237642073, 15.479540229885057, 2.507438507438507, 5.5863219693068284, 2.866791135644127, 15.060616438356165, 2.817091816206647, 5.630952629927847, 2.5825922023182297, 15.27991468183434, 2.604954367666232, 6.0022100586000375, 2.6020103563813586, 15.15922704307516, 2.6216549681241545, 5.583681019422465, 2.62788856987662, 14.940610179807765, 2.618428351309707, 5.093059876329837, 2.7204385866095904, 15.095695415695413, 2.49359062536498, 5.586437571592211, 2.657620985979195, 15.238582800062431, 2.588563906475271, 5.955934204110959, 2.625594085548319, 14.939393939393938, 2.5357916360224184, 5.62251655629139, 2.6101010101010096, 14.841471571906352, 2.644409136047666, 5.080735173748046, 2.7277374091706337, 14.541975109099724, 2.691775050375527, 5.155767511177347, 2.5376524616068346, 14.921258012520148, 2.4428758169934635, 5.168539325842696, 2.632866154488108, 14.621527650697212, 2.57423915469901, 5.501581202896409, 2.6580121703853954, 14.959837728194726, 2.6029450874168925, 5.9881661032085205, 2.5324675324675323, 14.592126623376622, 2.592258064516129, 5.868987836178997, 2.5706915031230366, 15.030802058491275, 2.602369132464979, 5.425641025641025, 2.5956800822386112, 15.037816377171216, 2.5939027438842928]",541.5071803382612,10.014993694704543,c:\git\RailwAI\VIDEO\20260612\ADTC Rastatt_00_20260612041846.mp4,2026-06-12 04:18:46,Lok,Lok,Lok
ADTC1_adz_raw_20260612_0506,2026-06-12 05:05:03.448,2026-06-12 05:05:13.536,"[Timestamp('2026-06-12 05:05:13.536000'), Timestamp('2026-06-12 05:05:13.661000'), Timestamp('2026-06-12 05:05:14.033000'), Timestamp('2026-06-12 05:05:14.156000'), Timestamp('2026-06-12 05:05:14.392000'), Timestamp('2026-06-12 05:05:14.504000'), Timestamp('2026-06-12 05:05:15.259000'), Timestamp('2026-06-12 05:05:15.369000'), Timestamp('2026-06-12 05:05:15.590000'), Timestamp('2026-06-12 05:05:15.707000'), Timestamp('2026-06-12 05:05:16.453000'), Timestamp('2026-06-12 05:05:16.568000'), Timestamp('2026-06-12 05:05:16.792000'), Timestamp('2026-06-12 05:05:16.907000'), Timestamp('2026-06-12 05:05:17.656000'), Timestamp('2026-06-12 05:05:17.773000'), Timestamp('2026-06-12 05:05:17.992000'), Timestamp('2026-06-12 05:05:18.106000'), Timestamp('2026-06-12 05:05:18.858000'), Timestamp('2026-06-12 05:05:18.977000'), Timestamp('2026-06-12 05:05:19.196000'), Timestamp('2026-06-12 05:05:19.307000'), Timestamp('2026-06-12 05:05:20.065000'), Timestamp('2026-06-12 05:05:20.177000'), Timestamp('2026-06-12 05:05:20.403000'), Timestamp('2026-06-12 05:05:20.514000'), Timestamp('2026-06-12 05:05:21.268000'), Timestamp('2026-06-12 05:05:21.389000'), Timestamp('2026-06-12 05:05:21.608000'), Timestamp('2026-06-12 05:05:21.716000'), Timestamp('2026-06-12 05:05:22.482000'), Timestamp('2026-06-12 05:05:22.590000'), Timestamp('2026-06-12 05:05:22.810000'), Timestamp('2026-06-12 05:05:22.927000'), Timestamp('2026-06-12 05:05:23.684000'), Timestamp('2026-06-12 05:05:23.802000'), Timestamp('2026-06-12 05:05:24.020000'), Timestamp('2026-06-12 05:05:24.135000'), Timestamp('2026-06-12 05:05:24.891000'), Timestamp('2026-06-12 05:05:25.011000'), Timestamp('2026-06-12 05:05:25.232000'), Timestamp('2026-06-12 05:05:25.345000'), Timestamp('2026-06-12 05:05:26.105000'), Timestamp('2026-06-12 05:05:26.218000'), Timestamp('2026-06-12 05:05:26.444000'), Timestamp('2026-06-12 05:05:26.557000'), Timestamp('2026-06-12 05:05:27.320000'), Timestamp('2026-06-12 05:05:27.430000')]","[0.125, 0.372, 0.123, 0.236, 0.112, 0.755, 0.11, 0.221, 0.117, 0.746, 0.115, 0.224, 0.115, 0.749, 0.117, 0.219, 0.114, 0.752, 0.119, 0.219, 0.111, 0.758, 0.112, 0.226, 0.111, 0.754, 0.121, 0.219, 0.108, 0.766, 0.108, 0.22, 0.117, 0.757, 0.118, 0.218, 0.115, 0.756, 0.12, 0.221, 0.113, 0.76, 0.113, 0.226, 0.113, 0.763, 0.11]","[34.495393904988, 34.72527472527472, 34.53282093086448, 34.909552523008564, 34.59470690595538, 35.165306998711884, 34.47315488163392, 34.720732504905165, 35.036496350364956, 34.78991596638655, 34.72527472527472, 34.365634365634364, 34.41258094357077, 34.543548324467054, 34.47937891723195, 34.720732504905165, 34.424522845575474, 34.47315488163392, 34.22470767666497, 34.111736638812445, 34.174521131042866, 34.41258094357077, 34.43027560674619, 34.6270829542205, 34.24908424908425, 34.679186228482, 34.198782961460445, 34.216133942161335, 34.365634365634364, 33.685869418007655, 34.33871153182846, 34.181634201871994, 33.71783496007099, 34.68930673472577, 33.459632760128244, 33.88612972343667, 33.885160328113344, 34.17039678324861, 33.84477878742737, 33.831289483463394, 34.19924337957124, 34.115052611681676, 33.36591723688498, 34.167997685912994, 34.115052611681676, 33.91044776119403, 34.134141720348616, 33.7986337986338]","[4.3119242381235, 12.917802197802196, 4.247536974496331, 8.238654395430022, 3.8746071734670022, 26.549806784027474, 3.792047036979731, 7.673281883584042, 4.0992700729927005, 25.953277310924367, 3.9934065934065934, 7.697902097902098, 3.9574468085106385, 25.873117695025822, 4.034087333316138, 7.603840418574231, 3.9243956043956043, 25.923812470988707, 4.072740213523131, 7.470470323899925, 3.7933718455457583, 26.084736355226642, 3.856190867955574, 7.825720747653833, 3.8016483516483515, 26.14810641627543, 4.138052738336714, 7.493333333333332, 3.711488511488511, 25.803375974193866, 3.7085808454374734, 7.5199595244118385, 3.9449866903283057, 26.259805198187408, 3.9482366656951324, 7.387176279709194, 3.896793437733035, 25.83281996813595, 4.061373454491284, 7.47671497584541, 3.8645145018915508, 25.927439984878074, 3.770348647768003, 7.721967477016337, 3.8550009451200293, 25.873671641791045, 3.7547555892383477]",477.6695985967066,9.986187941308184,c:\git\RailwAI\VIDEO\20260612\ADTC Rastatt_00_20260612050514.mp4,2026-06-12 05:05:14,Lok,Lok,Lok
ADTC1_adz_raw_20260612_0519,2026-06-12 05:18:35.389,2026-06-12 05:18:45.413,"[Timestamp('2026-06-12 05:18:45.413000'), Timestamp('2026-06-12 05:18:45.525000'), Timestamp('2026-06-12 05:18:45.868000'), Timestamp('2026-06-12 05:18:45.974000'), Timestamp('2026-06-12 05:18:46.195000'), Timestamp('2026-06-12 05:18:46.303000'), Timestamp('2026-06-12 05:18:47.060000'), Timestamp('2026-06-12 05:18:47.165000'), Timestamp('2026-06-12 05:18:47.353000'), Timestamp('2026-06-12 05:18:47.464000'), Timestamp('2026-06-12 05:18:48.216000'), Timestamp('2026-06-12 05:18:48.326000'), Timestamp('2026-06-12 05:18:48.514000'), Timestamp('2026-06-12 05:18:48.620000'), Timestamp('2026-06-12 05:18:49.375000'), Timestamp('2026-06-12 05:18:49.488000'), Timestamp('2026-06-12 05:18:49.668000'), Timestamp('2026-06-12 05:18:49.778000'), Timestamp('2026-06-12 05:18:50.537000'), Timestamp('2026-06-12 05:18:50.644000')]","[0.112, 0.343, 0.106, 0.221, 0.108, 0.757, 0.105, 0.188, 0.111, 0.752, 0.11, 0.188, 0.106, 0.755, 0.113, 0.18, 0.11, 0.759, 0.107]","[36.78214914856136, 36.92799337189862, 37.59771912075784, 37.20986133437495, 36.92362313051968, 36.7221555835113, 37.694013303769395, 36.43591737965603, 36.786469344608875, 36.99765348857932, 36.73397717295873, 37.28281853281853, 36.92799337189862, 36.8556017331329, 36.34177758694719, 36.65457089144405, 36.61939083933969, 36.859526016152515, 36.795356608917416, 36.576055523423946]","[4.119600704638873, 12.666301726561228, 3.9853582268003307, 8.223379354896863, 3.9877512980961254, 27.798671776718056, 3.9578713968957864, 6.849952467375334, 4.0832980972515855, 27.822235423411648, 4.04073748902546, 7.009169884169884, 3.9143672974212538, 27.82597930851534, 4.106620867325033, 6.5978227604599295, 4.028132992327365, 27.976380246259758, 3.9371031571541635]",192.930734475304,9.922677981147606,c:\git\RailwAI\VIDEO\20260612\ADTC Rastatt_00_20260612051847.mp4,2026-06-12 05:18:47,Trieb,Trieb,Trieb
ADTC1_adz_raw_20260612_0524,2026-06-12 05:23:07.155,2026-06-12 05:23:17.184,"[Timestamp('2026-06-12 05:23:17.184000'), Timestamp('2026-06-12 05:23:17.338000'), Timestamp('2026-06-12 05:23:17.697000'), Timestamp('2026-06-12 05:23:17.854000'), Timestamp('2026-06-12 05:23:18.209000'), Timestamp('2026-06-12 05:23:18.222000'), Timestamp('2026-06-12 05:23:18.876000'), Timestamp('2026-06-12 05:23:18.963000'), Timestamp('2026-06-12 05:23:19.138000'), Timestamp('2026-06-12 05:23:19.228000'), Timestamp('2026-06-12 05:23:19.994000'), Timestamp('2026-06-12 05:23:20.161000'), Timestamp('2026-06-12 05:23:20.250000'), Timestamp('2026-06-12 05:23:20.927000'), Timestamp('2026-06-12 05:23:21.014000'), Timestamp('2026-06-12 05:23:21.185000'), Timestamp('2026-06-12 05:23:21.273000'), Timestamp('2026-06-12 05:23:21.944000'), Timestamp('2026-06-12 05:23:22.030000'), Timestamp('2026-06-12 05:23:22.289000'), Timestamp('2026-06-12 05:23:22.953000'), Timestamp('2026-06-12 05:23:23.037000'), Timestamp('2026-06-12 05:23:23.204000'), Timestamp('2026-06-12 05:23:27.041000'), Timestamp('2026-06-12 05:23:27.300000'), Timestamp('2026-06-12 05:23:27.760000'), Timestamp('2026-06-12 05:23:27.942000'), Timestamp('2026-06-12 05:23:28.025000'), Timestamp('2026-06-12 05:23:28.192000'), Timestamp('2026-06-12 05:23:28.279000'), Timestamp('2026-06-12 05:23:29.012000'), Timestamp('2026-06-12 05:23:29.260000'), Timestamp('2026-06-12 05:23:29.911000'), Timestamp('2026-06-12 05:23:29.984000'), Timestamp('2026-06-12 05:23:30.152000'), Timestamp('2026-06-12 05:23:30.238000'), Timestamp('2026-06-12 05:23:30.884000'), Timestamp('2026-06-12 05:23:30.962000'), Timestamp('2026-06-12 05:23:31.132000')]","[0.154, 0.359, 0.157, 0.355, 0.013, 0.654, 0.087, 0.175, 0.09, 0.766, 0.167, 0.089, 0.677, 0.087, 0.171, 0.088, 0.671, 0.086, 0.259, 0.664, 0.084, 0.167, 3.8369999999999997, 0.259, 0.46, 0.182, 0.083, 0.167, 0.087, 0.733, 0.248, 0.651, 0.073, 0.168, 0.086, 0.646, 0.078, 0.17]","[nan, nan, nan, nan, nan, nan, nan, nan, nan, nan, nan, nan, nan, nan, nan, nan, nan, nan, nan, nan, nan, nan, nan, nan, nan, nan, nan, nan, nan, nan, nan, nan, nan, nan, nan, nan, nan, nan, nan, nan, nan, nan, nan, nan, nan, nan, nan, nan, nan, nan, nan]","[nan, nan, nan, nan, nan, nan, nan, nan, nan, nan, nan, nan, nan, nan, nan, nan, nan, nan, nan, nan, nan, nan, nan, nan, nan, nan, nan, nan, nan, nan, nan, nan, nan, nan, nan, nan, nan, nan]",,16.3856618012114,c:\git\RailwAI\VIDEO\20260612\ADTC Rastatt_00_20260612052318.mp4,2026-06-12 05:23:18,Lok,Lok,Lok
ADTC1_adz_raw_20260612_0539,2026-06-12 05:38:17.264,2026-06-12 05:38:27.301,"[Timestamp('2026-06-12 05:38:27.301000'), Timestamp('2026-06-12 05:38:27.440000'), Timestamp('2026-06-12 05:38:27.744000'), Timestamp('2026-06-12 05:38:27.881000'), Timestamp('2026-06-12 05:38:28.200000'), Timestamp('2026-06-12 05:38:28.751000'), Timestamp('2026-06-12 05:38:29.305000'), Timestamp('2026-06-12 05:38:29.561000'), Timestamp('2026-06-12 05:38:30.037000'), Timestamp('2026-06-12 05:38:30.114000'), Timestamp('2026-06-12 05:38:30.587000'), Timestamp('2026-06-12 05:38:30.845000'), Timestamp('2026-06-12 05:38:30.921000'), Timestamp('2026-06-12 05:38:31.393000'), Timestamp('2026-06-12 05:38:31.470000'), Timestamp('2026-06-12 05:38:31.942000'), Timestamp('2026-06-12 05:38:32.274000'), Timestamp('2026-06-12 05:38:32.822000'), Timestamp('2026-06-12 05:38:33.295000'), Timestamp('2026-06-12 05:38:33.371000'), Timestamp('2026-06-12 05:38:33.549000'), Timestamp('2026-06-12 05:38:33.627000'), Timestamp('2026-06-12 05:38:34.173000'), Timestamp('2026-06-12 05:38:34.967000'), Timestamp('2026-06-12 05:38:35.509000'), Timestamp('2026-06-12 05:38:36.235000'), Timestamp('2026-06-12 05:38:36.310000'), Timestamp('2026-06-12 05:38:36.851000'), Timestamp('2026-06-12 05:38:37.319000'), Timestamp('2026-06-12 05:38:37.397000'), Timestamp('2026-06-12 05:38:37.567000'), Timestamp('2026-06-12 05:38:37.649000'), Timestamp('2026-06-12 05:38:38.191000'), Timestamp('2026-06-12 05:38:38.904000'), Timestamp('2026-06-12 05:38:38.983000'), Timestamp('2026-06-12 05:38:39.449000'), Timestamp('2026-06-12 05:38:39.521000'), Timestamp('2026-06-12 05:38:40.300000'), Timestamp('2026-06-12 05:38:40.785000'), Timestamp('2026-06-12 05:38:40.859000'), Timestamp('2026-06-12 05:38:41.340000'), Timestamp('2026-06-12 05:38:41.419000'), Timestamp('2026-06-12 05:38:41.570000'), Timestamp('2026-06-12 05:38:41.645000'), Timestamp('2026-06-12 05:38:42.130000'), Timestamp('2026-06-12 05:38:42.205000'), Timestamp('2026-06-12 05:38:42.759000'), Timestamp('2026-06-12 05:38:42.997000'), Timestamp('2026-06-12 05:38:43.535000'), Timestamp('2026-06-12 05:38:43.997000'), Timestamp('2026-06-12 05:38:44.075000'), Timestamp('2026-06-12 05:38:44.322000'), Timestamp('2026-06-12 05:38:44.856000'), Timestamp('2026-06-12 05:38:45.322000'), Timestamp('2026-06-12 05:38:45.397000'), Timestamp('2026-06-12 05:38:45.571000'), Timestamp('2026-06-12 05:38:45.647000'), Timestamp('2026-06-12 05:38:46.183000'), Timestamp('2026-06-12 05:38:46.721000'), Timestamp('2026-06-12 05:38:47.429000'), Timestamp('2026-06-12 05:38:47.503000'), Timestamp('2026-06-12 05:38:47.978000'), Timestamp('2026-06-12 05:38:48.051000'), Timestamp('2026-06-12 05:38:48.278000'), Timestamp('2026-06-12 05:38:48.836000'), Timestamp('2026-06-12 05:38:49.554000'), Timestamp('2026-06-12 05:38:49.630000'), Timestamp('2026-06-12 05:38:50.094000'), Timestamp('2026-06-12 05:38:50.167000'), Timestamp('2026-06-12 05:38:50.709000'), Timestamp('2026-06-12 05:38:50.955000'), Timestamp('2026-06-12 05:38:51.421000'), Timestamp('2026-06-12 05:38:51.494000'), Timestamp('2026-06-12 05:38:52.032000')]","[0.139, 0.304, 0.137, 0.319, 0.551, 0.554, 0.256, 0.476, 0.077, 0.473, 0.258, 0.076, 0.472, 0.077, 0.472, 0.332, 0.548, 0.473, 0.076, 0.178, 0.078, 0.546, 0.794, 0.542, 0.726, 0.075, 0.541, 0.468, 0.078, 0.17, 0.082, 0.542, 0.713, 0.079, 0.466, 0.072, 0.779, 0.485, 0.074, 0.481, 0.079, 0.151, 0.075, 0.485, 0.075, 0.554, 0.238, 0.538, 0.462, 0.078, 0.247, 0.534, 0.466, 0.075, 0.174, 0.076, 0.536, 0.538, 0.708, 0.074, 0.475, 0.073, 0.227, 0.558, 0.718, 0.076, 0.464, 0.073, 0.542, 0.246, 0.466, 0.073, 0.538]","[nan, nan, nan, nan, nan, nan, nan, nan, nan, nan, nan, nan, nan, nan, nan, nan, nan, nan, nan, nan, nan, nan, nan, nan, nan, nan, nan, nan, nan, nan, nan, nan, nan, nan, nan, nan, nan, nan, nan, nan, nan, nan, nan, nan, nan, nan, nan, nan, nan, nan, nan, nan, nan, nan, nan, nan, nan, nan, nan, nan, nan, nan, nan, nan, nan, nan, nan, nan, nan, nan, nan, nan, nan, nan, nan, nan, nan, nan, nan, nan, nan]","[nan, nan, nan, nan, nan, nan, nan, nan, nan, nan, nan, nan, nan, nan, nan, nan, nan, nan, nan, nan, nan, nan, nan, nan, nan, nan, nan, nan, nan, nan, nan, nan, nan, nan, nan, nan, nan, nan, nan, nan, nan, nan, nan, nan, nan, nan, nan, nan, nan, nan, nan, nan, nan, nan, nan, nan, nan, nan, nan, nan, nan, nan, nan, nan, nan, nan, nan, nan, nan, nan, nan, nan, nan]",,9.929313219192569,c:\git\RailwAI\VIDEO\20260612\ADTC Rastatt_00_20260612053829.mp4,2026-06-12 05:38:29,Lok,Lok,Lok
ADTC1_adz_raw_20260612_0543,2026-06-12 05:42:16.466,2026-06-12 05:42:26.475,"[Timestamp('2026-06-12 05:42:26.475000'), Timestamp('2026-06-12 05:42:27.299000'), Timestamp('2026-06-12 05:42:27.776000'), Timestamp('2026-06-12 05:42:28.188000'), Timestamp('2026-06-12 05:42:29.013000'), Timestamp('2026-06-12 05:42:29.488000')]","[0.824, 0.477, 0.412, 0.825, 0.475]","[34.90909090909091, 35.036496350364956, 27.04225352112676, 34.04255319148936, 34.53237410071942, 52.17391304347826, 34.163701067615655, 33.802816901408455]","[28.765090909090905, 16.712408759124084, 11.141408450704224, 28.085106382978722, 16.402877697841724]",101.10689219973966,9.802276407910531,c:\git\RailwAI\VIDEO\20260612\ADTC Rastatt_00_20260612054230.mp4,2026-06-12 05:42:30,,,
ADTC1_adz_raw_20260612_0600,2026-06-12 05:58:39.394,2026-06-12 05:58:49.413,"[Timestamp('2026-06-12 05:58:49.413000'), Timestamp('2026-06-12 05:58:49.534000'), Timestamp('2026-06-12 05:58:49.910000'), Timestamp('2026-06-12 05:58:50.032000'), Timestamp('2026-06-12 05:58:50.272000'), Timestamp('2026-06-12 05:58:50.385000'), Timestamp('2026-06-12 05:58:51.133000'), Timestamp('2026-06-12 05:58:51.242000'), Timestamp('2026-06-12 05:58:51.463000'), Timestamp('2026-06-12 05:58:51.581000'), Timestamp('2026-06-12 05:58:52.324000'), Timestamp('2026-06-12 05:58:52.444000'), Timestamp('2026-06-12 05:58:52.661000'), Timestamp('2026-06-12 05:58:52.771000'), Timestamp('2026-06-12 05:58:53.524000'), Timestamp('2026-06-12 05:58:53.632000'), Timestamp('2026-06-12 05:58:53.851000'), Timestamp('2026-06-12 05:58:53.962000'), Timestamp('2026-06-12 05:58:54.712000'), Timestamp('2026-06-12 05:58:54.828000'), Timestamp('2026-06-12 05:58:55.052000'), Timestamp('2026-06-12 05:58:55.159000'), Timestamp('2026-06-12 05:58:55.911000'), Timestamp('2026-06-12 05:58:56.020000'), Timestamp('2026-06-12 05:58:56.243000'), Timestamp('2026-06-12 05:58:56.353000'), Timestamp('2026-06-12 05:58:57.102000'), Timestamp('2026-06-12 05:58:57.223000'), Timestamp('2026-06-12 05:58:57.436000'), Timestamp('2026-06-12 05:58:57.546000'), Timestamp('2026-06-12 05:58:58.289000'), Timestamp('2026-06-12 05:58:58.409000'), Timestamp('2026-06-12 05:58:58.632000'), Timestamp('2026-06-12 05:58:58.736000'), Timestamp('2026-06-12 05:58:59.486000'), Timestamp('2026-06-12 05:58:59.597000'), Timestamp('2026-06-12 05:58:59.823000'), Timestamp('2026-06-12 05:58:59.932000'), Timestamp('2026-06-12 05:59:00.681000'), Timestamp('2026-06-12 05:59:00.789000'), Timestamp('2026-06-12 05:59:01.008000'), Timestamp('2026-06-12 05:59:01.130000'), Timestamp('2026-06-12 05:59:01.869000'), Timestamp('2026-06-12 05:59:01.982000'), Timestamp('2026-06-12 05:59:02.212000'), Timestamp('2026-06-12 05:59:02.320000'), Timestamp('2026-06-12 05:59:03.175000'), Timestamp('2026-06-12 05:59:03.392000'), Timestamp('2026-06-12 05:59:03.510000'), Timestamp('2026-06-12 05:59:04.365000'), Timestamp('2026-06-12 05:59:04.589000'), Timestamp('2026-06-12 05:59:04.700000'), Timestamp('2026-06-12 05:59:05.890000'), Timestamp('2026-06-12 05:59:06.744000'), Timestamp('2026-06-12 05:59:07.074000'), Timestamp('2026-06-12 05:59:07.932000')]","[0.121, 0.376, 0.122, 0.24, 0.113, 0.748, 0.109, 0.221, 0.118, 0.743, 0.12, 0.217, 0.11, 0.753, 0.108, 0.219, 0.111, 0.75, 0.116, 0.224, 0.107, 0.752, 0.109, 0.223, 0.11, 0.749, 0.121, 0.213, 0.11, 0.743, 0.12, 0.223, 0.104, 0.75, 0.111, 0.226, 0.109, 0.749, 0.108, 0.219, 0.122, 0.739, 0.113, 0.23, 0.108, 0.855, 0.217, 0.118, 0.855, 0.224, 0.111, 1.19, 0.854, 0.33, 0.858]","[35.16483516483516, 34.82970081499376, 34.35796025545434, 34.682187366413466, 35.29506827914994, 35.08971186738598, 34.72176554916944, 34.764701999867995, 34.03034030340304, 34.65794637017658, 35.93399082120886, 35.402608169728104, 35.23148117143603, 35.58077983028186, 34.95155938951559, 35.25259979872526, 34.82630486240594, 35.49007571107018, 34.493506493506494, 35.38602445988901, 35.907837650148856, 36.18645261230812, 35.55942913171369, 36.63614609752253, 35.22039298990971, 35.57094174284632, 35.10636183561117, 35.2082438814942, 35.95901244756206, 36.30462760897543, 36.504270888400434, 35.94260705778073, 35.75321560933072, 36.99662550310352, 36.063844552394166, 35.63338726563243, 35.84539212736275, 35.7846690830984, 36.24195624195624, 36.115275695485586, 35.929272440428626, 36.58392064189166, 36.063844552394166, 36.5266106442577, 36.44901610017889, 36.9675420183067, 36.03427172582619, 35.50156898471505, 36.64586649387967, 36.61431963156841, 36.7046423312408, 37.424459806095385, 36.60290655076505, 36.432036432036426, 36.167731185781726, 36.54932081644264, 36.5266106442577, 37.19420289855072, 36.63636363636363, 35.71195829260345, 37.65807962529274, 37.012070405899806, 37.38046522426828, 36.848789258144144]","[4.254945054945054, 13.095967506437653, 4.191671151165429, 8.323724967939231, 3.988342715543943, 26.24710447680471, 3.784672444859469, 7.682999141970827, 4.015580155801558, 25.7508541530412, 4.312078898545063, 7.682365972830999, 3.875462928857963, 26.792327212202242, 3.7747684140676836, 7.720319355920831, 3.8657198397270593, 26.61755678330264, 4.001246753246754, 7.926469479015138, 3.8421386285659276, 27.21221236445571, 3.8759777753567923, 8.169860579747525, 3.874243228890068, 26.642635365391897, 4.2478697821089515, 7.499355946758264, 3.9554913692318268, 26.974338313468746, 4.380512506608052, 8.015201373885102, 3.7183344233703943, 27.74746912732764, 4.003086745315753, 8.05314552203293, 3.9071477418825395, 26.802717143240702, 3.9141312741312735, 7.909245377311343, 4.383371237732292, 27.035517354357935, 4.075214434420541, 8.401120448179272, 3.93649373881932, 31.60724842565223, 7.819436964504282, 4.189185140196376, 31.33221585226712, 8.201607597471323, 4.0742152987677285, 44.53510716925351, 31.25888219435335, 12.022572022572021, 31.03191335740072]",666.553393231255,9.845926540809062,c:\git\RailwAI\VIDEO\20260612\ADTC Rastatt_00_20260612055850.mp4,2026-06-12 05:58:50,Lok,Lok,Lok
ADTC1_adz_raw_20260612_0623,2026-06-12 06:22:34.077,2026-06-12 06:22:44.125,"[Timestamp('2026-06-12 06:22:44.125000'), Timestamp('2026-06-12 06:22:44.238000'), Timestamp('2026-06-12 06:22:44.584000'), Timestamp('2026-06-12 06:22:44.698000'), Timestamp('2026-06-12 06:22:44.930000'), Timestamp('2026-06-12 06:22:45.041000'), Timestamp('2026-06-12 06:22:45.817000'), Timestamp('2026-06-12 06:22:45.926000'), Timestamp('2026-06-12 06:22:46.121000'), Timestamp('2026-06-12 06:22:46.224000'), Timestamp('2026-06-12 06:22:47.008000'), Timestamp('2026-06-12 06:22:47.119000'), Timestamp('2026-06-12 06:22:47.310000'), Timestamp('2026-06-12 06:22:47.417000'), Timestamp('2026-06-12 06:22:48.195000'), Timestamp('2026-06-12 06:22:48.309000'), Timestamp('2026-06-12 06:22:48.494000'), Timestamp('2026-06-12 06:22:48.609000'), Timestamp('2026-06-12 06:22:49.382000'), Timestamp('2026-06-12 06:22:49.495000')]","[0.113, 0.346, 0.114, 0.232, 0.111, 0.776, 0.109, 0.195, 0.103, 0.784, 0.111, 0.191, 0.107, 0.778, 0.114, 0.185, 0.115, 0.773, 0.113]","[35.35193533975062, 36.028728348119984, 35.49965823650034, 35.17238602659938, 35.31750862243862, 35.332801104150036, 35.463467829880045, 36.85234305923961, 35.56775300171526, 36.50190114068441, 35.88797585108166, 35.43641712978097, 35.890985324947586, 35.48995489954899, 35.90302826944048, 35.49577626507012, 34.78991596638655, 35.42266920358793, 35.69217160548429, 35.42435424354243]","[3.99476869339182, 12.465940008449513, 4.046961038961038, 8.159993558171058, 3.9202434570906872, 27.41825365682043, 3.865517993456925, 7.186206896551724, 3.6634785591766716, 28.61749049429658, 3.9835653194700646, 6.768355671788165, 3.8403354297693917, 27.611184911849115, 4.0929452227162155, 6.566718609037972, 4.000840336134454, 27.38172329437347, 4.033215391419725]",191.61773854292505,9.937315872201031,c:\git\RailwAI\VIDEO\20260612\ADTC Rastatt_00_20260612062245.mp4,2026-06-12 06:22:45,Lok,Lok,Lok
ADTC1_adz_raw_20260612_0636,2026-06-12 06:35:23.934,2026-06-12 06:35:34.000,"[Timestamp('2026-06-12 06:35:34'), Timestamp('2026-06-12 06:35:34.135000'), Timestamp('2026-06-12 06:35:34.443000'), Timestamp('2026-06-12 06:35:34.576000'), Timestamp('2026-06-12 06:35:34.833000'), Timestamp('2026-06-12 06:35:34.940000'), Timestamp('2026-06-12 06:35:35.674000'), Timestamp('2026-06-12 06:35:35.786000'), Timestamp('2026-06-12 06:35:36.004000'), Timestamp('2026-06-12 06:35:36.115000'), Timestamp('2026-06-12 06:35:36.850000'), Timestamp('2026-06-12 06:35:36.959000'), Timestamp('2026-06-12 06:35:37.178000'), Timestamp('2026-06-12 06:35:37.291000'), Timestamp('2026-06-12 06:35:38.031000'), Timestamp('2026-06-12 06:35:38.143000'), Timestamp('2026-06-12 06:35:38.359000'), Timestamp('2026-06-12 06:35:38.476000'), Timestamp('2026-06-12 06:35:39.212000'), Timestamp('2026-06-12 06:35:39.323000'), Timestamp('2026-06-12 06:35:39.541000'), Timestamp('2026-06-12 06:35:39.656000'), Timestamp('2026-06-12 06:35:40.392000'), Timestamp('2026-06-12 06:35:40.507000'), Timestamp('2026-06-12 06:35:40.723000'), Timestamp('2026-06-12 06:35:40.832000'), Timestamp('2026-06-12 06:35:41.575000'), Timestamp('2026-06-12 06:35:41.684000'), Timestamp('2026-06-12 06:35:41.911000'), Timestamp('2026-06-12 06:35:42.018000'), Timestamp('2026-06-12 06:35:42.759000'), Timestamp('2026-06-12 06:35:42.872000'), Timestamp('2026-06-12 06:35:43.091000'), Timestamp('2026-06-12 06:35:43.210000'), Timestamp('2026-06-12 06:35:43.946000'), Timestamp('2026-06-12 06:35:44.053000'), Timestamp('2026-06-12 06:35:44.283000'), Timestamp('2026-06-12 06:35:44.386000'), Timestamp('2026-06-12 06:35:45.135000'), Timestamp('2026-06-12 06:35:45.246000'), Timestamp('2026-06-12 06:35:45.464000'), Timestamp('2026-06-12 06:35:45.576000'), Timestamp('2026-06-12 06:35:46.321000'), Timestamp('2026-06-12 06:35:46.430000'), Timestamp('2026-06-12 06:35:46.654000'), Timestamp('2026-06-12 06:35:46.762000'), Timestamp('2026-06-12 06:35:47.508000'), Timestamp('2026-06-12 06:35:47.621000')]","[0.135, 0.308, 0.133, 0.257, 0.107, 0.734, 0.112, 0.218, 0.111, 0.735, 0.109, 0.219, 0.113, 0.74, 0.112, 0.216, 0.117, 0.736, 0.111, 0.218, 0.115, 0.736, 0.115, 0.216, 0.109, 0.743, 0.109, 0.227, 0.107, 0.741, 0.113, 0.219, 0.119, 0.736, 0.107, 0.23, 0.103, 0.749, 0.111, 0.218, 0.112, 0.745, 0.109, 0.224, 0.108, 0.746, 0.113]","[35.55555555555555, 35.51713762070192, 35.62262488296524, 35.62753036437246, 35.29602595296025, 35.75530586766541, 35.232323232323225, 35.62458691341705, 36.03278780879411, 35.432073544433095, 34.72890935733724, 34.99229829500186, 34.84584980237154, 35.11005322136343, 35.165306998711884, 35.428695936376506, 35.10160427807486, 35.424836601307184, 34.978364172130924, 35.10160427807486, 34.846768030778144, 35.360195360195355, 35.100665757600055, 34.98672331386086, 34.5956054230949, 34.72527472527472, 34.97279362972793, 34.60818956557888, 34.65703971119133, 35.174021380917935, 34.80499691305319, 34.80499691305319, 34.86514276674839, 35.31750862243862, 35.01461599787404, 34.59470690595538, 34.60369417816226, 34.68597143416161, 34.51944430098642, 34.30446227602782, 34.54846727423364, 34.73354231974922, 35.37492379597643, 34.539958142779625, 34.73890851982725, 34.61988304093567, 34.61988304093567, 34.915071092545496]","[4.8, 10.93927838717619, 4.7378091094343775, 9.156275303643723, 3.776674776966747, 26.244394506866414, 3.9460202020202013, 7.766159947124916, 3.9996394467761465, 26.042574055158326, 3.7854511199497587, 7.663313326605407, 3.937581027667984, 25.981439383808937, 3.9385143838557313, 7.652598322257325, 4.106887700534759, 26.072679738562087, 3.8825984231065327, 7.65214973262032, 4.007378323539487, 26.02510378510378, 4.036576562124006, 7.557132235793945, 3.7709209911173445, 25.80087912087912, 3.8120345056403444, 7.8560590313864065, 3.7083032490974723, 26.06394984326019, 3.9329646511750105, 7.6222943239586485, 4.148951989243058, 25.993686346114828, 3.746563911772522, 7.956782588369737, 3.5641805003507123, 25.979792604187043, 3.831658317409493, 7.478372776174065, 3.8694283347141676, 25.876489028213168, 3.8558666937614308, 7.736950623982636, 3.7518021201413427, 25.826432748538007, 3.9120467836257307]",477.80464088380944,9.963102562167617,c:\git\RailwAI\VIDEO\20260612\ADTC Rastatt_00_20260612063535.mp4,2026-06-12 06:35:35,Lok,Lok,Lok
ADTC1_adz_raw_20260612_0640,2026-06-12 06:39:00.683,2026-06-12 06:39:10.341,"[Timestamp('2026-06-12 06:39:10.341000'), Timestamp('2026-06-12 06:39:11.706000'), Timestamp('2026-06-12 06:39:12.145000'), Timestamp('2026-06-12 06:39:12.643000'), Timestamp('2026-06-12 06:39:13.505000')]","[1.365, 0.439, 0.498, 0.862]","[33.33976461508779, 46.222222222222214, 32.33642951924058, 26.650998824911866, 20.303117455835316, 20.111856289330696, 32.878254750175934, 32.89561696884351]","[45.50877869959483, 20.29155555555555, 16.10354190058181, 22.973160987074028]",104.8770371428062,9.447919769635586,c:\git\RailwAI\VIDEO\20260612\ADTC Rastatt_00_20260612063911.mp4,2026-06-12 06:39:11,Trieb,Trieb,Trieb
ADTC1_adz_raw_20260612_0700,2026-06-12 06:59:27.819,2026-06-12 06:59:37.929,"[Timestamp('2026-06-12 06:59:37.929000'), Timestamp('2026-06-12 06:59:38.389000'), Timestamp('2026-06-12 06:59:38.843000'), Timestamp('2026-06-12 06:59:39.298000'), Timestamp('2026-06-12 06:59:39.650000'), Timestamp('2026-06-12 06:59:40.114000'), Timestamp('2026-06-12 06:59:40.558000'), Timestamp('2026-06-12 06:59:41.020000')]","[0.46, 0.454, 0.455, 0.352, 0.464, 0.444, 0.462]","[33.90105433901054, 35.69508654983335, 73.00799558864074, 34.123606889564336, 33.51201111772881, 33.490319204604916, 33.705329153605014, 34.21404338439395]","[15.59448499594485, 16.20556929362434, 33.21863799283154, 12.011509625126646, 15.549573158626169, 14.869701726844582, 15.571862068965517]",123.02133886196366,9.922382404427688,c:\git\RailwAI\VIDEO\20260612\ADTC Rastatt_00_20260612065938.mp4,2026-06-12 06:59:38,Trieb,Trieb,Trieb
ADTC1_adz_raw_20260612_0716,2026-06-12 07:14:54.563,2026-06-12 07:15:04.589,"[Timestamp('2026-06-12 07:15:04.589000'), Timestamp('2026-06-12 07:15:04.696000'), Timestamp('2026-06-12 07:15:05.480000'), Timestamp('2026-06-12 07:15:05.582000'), Timestamp('2026-06-12 07:15:05.901000'), Timestamp('2026-06-12 07:15:06.018000'), Timestamp('2026-06-12 07:15:06.790000'), Timestamp('2026-06-12 07:15:06.910000'), Timestamp('2026-06-12 07:15:07.219000'), Timestamp('2026-06-12 07:15:07.335000'), Timestamp('2026-06-12 07:15:08.110000'), Timestamp('2026-06-12 07:15:08.226000'), Timestamp('2026-06-12 07:15:08.534000'), Timestamp('2026-06-12 07:15:08.653000'), Timestamp('2026-06-12 07:15:09.432000'), Timestamp('2026-06-12 07:15:09.545000'), Timestamp('2026-06-12 07:15:09.862000'), Timestamp('2026-06-12 07:15:09.964000'), Timestamp('2026-06-12 07:15:10.752000'), Timestamp('2026-06-12 07:15:10.857000'), Timestamp('2026-06-12 07:15:11.170000'), Timestamp('2026-06-12 07:15:11.289000'), Timestamp('2026-06-12 07:15:12.067000'), Timestamp('2026-06-12 07:15:12.183000'), Timestamp('2026-06-12 07:15:12.488000'), Timestamp('2026-06-12 07:15:12.606000'), Timestamp('2026-06-12 07:15:13.384000'), Timestamp('2026-06-12 07:15:13.504000'), Timestamp('2026-06-12 07:15:13.812000'), Timestamp('2026-06-12 07:15:13.915000'), Timestamp('2026-06-12 07:15:14.707000'), Timestamp('2026-06-12 07:15:14.807000'), Timestamp('2026-06-12 07:15:15.124000'), Timestamp('2026-06-12 07:15:15.239000'), Timestamp('2026-06-12 07:15:16.015000'), Timestamp('2026-06-12 07:15:16.133000'), Timestamp('2026-06-12 07:15:16.446000'), Timestamp('2026-06-12 07:15:16.549000'), Timestamp('2026-06-12 07:15:17.335000'), Timestamp('2026-06-12 07:15:17.441000'), Timestamp('2026-06-12 07:15:17.758000'), Timestamp('2026-06-12 07:15:17.871000'), Timestamp('2026-06-12 07:15:18.649000'), Timestamp('2026-06-12 07:15:18.762000'), Timestamp('2026-06-12 07:15:19.075000'), Timestamp('2026-06-12 07:15:19.182000'), Timestamp('2026-06-12 07:15:19.969000'), Timestamp('2026-06-12 07:15:20.074000'), Timestamp('2026-06-12 07:15:20.394000'), Timestamp('2026-06-12 07:15:20.495000'), Timestamp('2026-06-12 07:15:21.283000'), Timestamp('2026-06-12 07:15:21.391000')]","[0.107, 0.784, 0.102, 0.319, 0.117, 0.772, 0.12, 0.309, 0.116, 0.775, 0.116, 0.308, 0.119, 0.779, 0.113, 0.317, 0.102, 0.788, 0.105, 0.313, 0.119, 0.778, 0.116, 0.305, 0.118, 0.778, 0.12, 0.308, 0.103, 0.792, 0.1, 0.317, 0.115, 0.776, 0.118, 0.313, 0.103, 0.786, 0.106, 0.317, 0.113, 0.778, 0.113, 0.313, 0.107, 0.787, 0.105, 0.32, 0.101, 0.788, 0.108]","[34.5956054230949, 34.78443522554219, 34.90909090909091, 34.72527472527472, 34.47137699845281, 35.100665757600055, 34.29271279853032, 34.47048812562853, 34.53237410071942, 34.53639598835328, 34.47048812562853, 34.79905437352245, 34.85135989879822, 34.91093743801325, 34.47937891723195, 34.679186228482, 34.2255776710135, 34.85503426462836, 34.424522845575474, 34.72527472527472, 34.543548324467054, 34.82832956517167, 34.72890935733724, 34.938658831937104, 34.55428238492911, 34.938658831937104, 34.55156371155337, 34.59683691988592, 34.495393904988, 34.30405870213254, 34.282222335387274, 34.97568924630039, 34.65816286847631, 35.0930558335001, 34.999801137493534, 35.076530612244895, 34.78806907378336, 35.07053500133085, 34.76074487310442, 35.171888162381165, 34.802674708273244, 34.971174697202095, 34.88564995852589, 34.94822924223438, 34.607020813917366, 34.57108253665575, 34.911616161616166, 34.95114950096121, 35.39248315610033, 35.16882423595355, 34.941658782718385, 35.144312393887944]","[3.7017297802711546, 27.270997216825076, 3.5607272727272723, 11.077362637362636, 4.033151108818979, 27.097713964867243, 4.115125535823638, 10.651380830819216, 4.005755395683453, 26.765706890973792, 3.9985766225729096, 10.718108747044916, 4.1473118279569885, 27.195620264212323, 3.8961698176472104, 10.993302034428796, 3.4910089224433762, 27.465767000527148, 3.6145748987854245, 10.869010989010988, 4.110682250611579, 27.09644040170356, 4.02855348545112, 10.656290943740817, 4.077405321421635, 27.18227657124707, 4.146187645386404, 10.655825771324862, 3.553025572213764, 27.16881449208897, 3.428222233538728, 11.087293491077224, 3.985688729874776, 27.23221132679608, 4.1299765342242365, 10.978954081632653, 3.583171114599686, 27.565440511046052, 3.6846389565490685, 11.14948854747483, 3.9327022420348765, 27.207573914423232, 3.9420784453134257, 10.938795752819361, 3.7029512270891582, 27.207441956348077, 3.6657196969696972, 11.184367840307587, 3.5746407987661337, 27.7130334979314, 3.7736991485335856]",585.0126942613424,9.91734880709823,c:\git\RailwAI\VIDEO\20260612\ADTC Rastatt_00_20260612071505.mp4,2026-06-12 07:15:05,Trieb,Trieb,Trieb
ADTC1_adz_raw_20260612_0721,2026-06-12 07:20:35.038,2026-06-12 07:20:45.106,"[Timestamp('2026-06-12 07:20:45.106000'), Timestamp('2026-06-12 07:20:45.224000'), Timestamp('2026-06-12 07:20:45.571000'), Timestamp('2026-06-12 07:20:45.687000'), Timestamp('2026-06-12 07:20:45.923000'), Timestamp('2026-06-12 07:20:46.034000'), Timestamp('2026-06-12 07:20:46.814000'), Timestamp('2026-06-12 07:20:46.927000'), Timestamp('2026-06-12 07:20:47.115000'), Timestamp('2026-06-12 07:20:47.229000'), Timestamp('2026-06-12 07:20:48.007000'), Timestamp('2026-06-12 07:20:48.124000'), Timestamp('2026-06-12 07:20:48.313000'), Timestamp('2026-06-12 07:20:48.426000'), Timestamp('2026-06-12 07:20:49.211000'), Timestamp('2026-06-12 07:20:49.322000'), Timestamp('2026-06-12 07:20:49.516000'), Timestamp('2026-06-12 07:20:49.625000'), Timestamp('2026-06-12 07:20:50.407000'), Timestamp('2026-06-12 07:20:50.519000')]","[0.118, 0.347, 0.116, 0.236, 0.111, 0.78, 0.113, 0.188, 0.114, 0.778, 0.117, 0.189, 0.113, 0.785, 0.111, 0.194, 0.109, 0.782, 0.112]","[35.22947640594699, 35.92412288064462, 34.913245873889124, 35.58679773738261, 34.97557867912508, 34.71982420342175, 35.301752109020114, 34.65703971119133, 34.78671865768639, 35.432073544433095, 34.94252873563218, 35.29602595296025, 35.11005322136343, 35.053304904051174, 35.18182916515646, 35.298411625549164, 34.916478197040036, 35.11005322136343, 34.91093743801325, 34.878936540591866]","[4.157078215901745, 12.465670639583681, 4.049936521371139, 8.398484266022296, 3.882289233382884, 27.08146287866897, 3.989097988319273, 6.5155234657039705, 3.9656859269762488, 27.56615321756895, 4.088275862068965, 6.670948905109487, 3.967436014014068, 27.516844349680174, 3.905183037332367, 6.847891855356538, 3.805896123477364, 27.456061619106205, 3.910024993057484]",190.2399451127018,9.9604006799803,c:\git\RailwAI\VIDEO\20260612\ADTC Rastatt_00_20260612072046.mp4,2026-06-12 07:20:46,Lok,Lok,Lok
ADTC1_adz_raw_20260612_0731,2026-06-12 07:29:52.397,2026-06-12 07:30:02.482,"[Timestamp('2026-06-12 07:30:02.482000'), Timestamp('2026-06-12 07:30:02.887000'), Timestamp('2026-06-12 07:30:03.702000'), Timestamp('2026-06-12 07:30:04.017000'), Timestamp('2026-06-12 07:30:04.851000'), Timestamp('2026-06-12 07:30:05.273000')]","[0.405, 0.815, 0.315, 0.834, 0.422]","[30.493220787623883, 77.37400364024352, 37.347029133091304, 35.78012973711164, 36.57444005270092, 35.731552895130655, 30.61058344640434, 32.05877441976958]","[12.349754418987674, 63.05981296679846, 11.764314176923762, 29.84062820075111, 15.43441370223979]",132.4489234657008,9.916720203914856,c:\git\RailwAI\VIDEO\20260612\ADTC Rastatt_00_20260612073006.mp4,2026-06-12 07:30:06,,,
ADTC1_adz_raw_20260612_0746,2026-06-12 07:45:01.571,2026-06-12 07:45:11.602,"[Timestamp('2026-06-12 07:45:11.602000'), Timestamp('2026-06-12 07:45:11.747000'), Timestamp('2026-06-12 07:45:12.079000'), Timestamp('2026-06-12 07:45:12.230000'), Timestamp('2026-06-12 07:45:12.473000'), Timestamp('2026-06-12 07:45:12.562000'), Timestamp('2026-06-12 07:45:12.996000'), Timestamp('2026-06-12 07:45:13.077000'), Timestamp('2026-06-12 07:45:13.240000'), Timestamp('2026-06-12 07:45:13.322000'), Timestamp('2026-06-12 07:45:13.763000'), Timestamp('2026-06-12 07:45:13.848000'), Timestamp('2026-06-12 07:45:14.005000'), Timestamp('2026-06-12 07:45:14.089000'), Timestamp('2026-06-12 07:45:14.443000'), Timestamp('2026-06-12 07:45:14.531000'), Timestamp('2026-06-12 07:45:14.688000'), Timestamp('2026-06-12 07:45:14.774000'), Timestamp('2026-06-12 07:45:15.130000'), Timestamp('2026-06-12 07:45:15.212000'), Timestamp('2026-06-12 07:45:15.383000'), Timestamp('2026-06-12 07:45:15.466000'), Timestamp('2026-06-12 07:45:15.822000'), Timestamp('2026-06-12 07:45:15.903000'), Timestamp('2026-06-12 07:45:16.067000'), Timestamp('2026-06-12 07:45:16.150000'), Timestamp('2026-06-12 07:45:16.505000'), Timestamp('2026-06-12 07:45:16.586000'), Timestamp('2026-06-12 07:45:16.745000'), Timestamp('2026-06-12 07:45:16.829000'), Timestamp('2026-06-12 07:45:17.186000'), Timestamp('2026-06-12 07:45:17.269000'), Timestamp('2026-06-12 07:45:17.428000'), Timestamp('2026-06-12 07:45:17.511000'), Timestamp('2026-06-12 07:45:17.867000'), Timestamp('2026-06-12 07:45:17.949000'), Timestamp('2026-06-12 07:45:18.110000'), Timestamp('2026-06-12 07:45:18.194000'), Timestamp('2026-06-12 07:45:18.630000'), Timestamp('2026-06-12 07:45:18.708000'), Timestamp('2026-06-12 07:45:18.873000'), Timestamp('2026-06-12 07:45:18.954000'), Timestamp('2026-06-12 07:45:19.308000'), Timestamp('2026-06-12 07:45:19.393000'), Timestamp('2026-06-12 07:45:19.564000'), Timestamp('2026-06-12 07:45:19.650000'), Timestamp('2026-06-12 07:45:20.008000'), Timestamp('2026-06-12 07:45:20.082000'), Timestamp('2026-06-12 07:45:20.246000'), Timestamp('2026-06-12 07:45:20.330000'), Timestamp('2026-06-12 07:45:20.765000'), Timestamp('2026-06-12 07:45:20.849000')]","[0.145, 0.332, 0.151, 0.243, 0.089, 0.434, 0.081, 0.163, 0.082, 0.441, 0.085, 0.157, 0.084, 0.354, 0.088, 0.157, 0.086, 0.356, 0.082, 0.171, 0.083, 0.356, 0.081, 0.164, 0.083, 0.355, 0.081, 0.159, 0.084, 0.357, 0.083, 0.159, 0.083, 0.356, 0.082, 0.161, 0.084, 0.436, 0.078, 0.165, 0.081, 0.354, 0.085, 0.171, 0.086, 0.358, 0.074, 0.164, 0.084, 0.435, 0.084]","[33.11762466692045, 32.88288288288288, 32.66666666666667, 32.78321678321679, 31.68351341930986, 32.43835616438356, 32.34119782214156, 32.237998647734955, 32.43391316258047, 32.326530612244895, 31.48148148148148, 32.00142228543491, 31.894039735099337, 31.47845531951492, 31.894039735099337, 32.11025595131555, 31.580314244903256, 31.800631800631802, 32.11600429645542, 32.11025595131555, 31.580314244903256, 31.894039735099337, 31.47845531951492, 31.613154816066555, 31.502840420037874, 31.57894736842105, 32.005689900426745, 31.107382550335572, 31.372549019607842, 32.005689900426745, 30.894039735099337, 31.686274509803923, 31.07609788803218, 31.475748194014447, 31.584415584415584, 31.27334465195246, 31.270690094219503, 31.27334465195246, 30.67374438546345, 31.068286552157517, 31.286624203821656, 30.77049517156359, 31.03103103103103, 30.578210590383442, 30.399230399230397, 30.67123958843704, 30.578210590383442, 30.774289002137103, 31.070889894419302, 30.78061413244543, 30.678755207057094, 30.584415584415584]","[4.802055576703465, 10.917117117117117, 4.932666666666667, 7.966321678321679, 2.8198326943185776, 14.078246575342467, 2.6196370235934663, 5.2547937795807975, 2.6595808793315983, 14.255999999999998, 2.675925925925926, 5.024223298813282, 2.6790993377483443, 11.143373183108281, 2.8066754966887415, 5.041310184356542, 2.71590702506168, 11.321024921024922, 2.633512352309345, 5.49085376767496, 2.6211660823269702, 11.354278145695364, 2.549754880880709, 5.184557389834915, 2.6147357548631436, 11.210526315789473, 2.5924608819345663, 4.946073825503356, 2.635294117647059, 11.426031294452347, 2.564205298013245, 5.038117647058824, 2.579316124706671, 11.205366357069142, 2.589922077922078, 5.035008488964346, 2.6267379679144383, 13.635178268251272, 2.3925520620661493, 5.12626728110599, 2.534216560509554, 10.89275529073351, 2.6376376376376376, 5.228874010955569, 2.614333814333814, 10.98030377266046, 2.2627875836883744, 5.046983396350485, 2.6099547511312218, 13.38956714761376, 2.577015437392796]",292.540137148695,9.909867865118557,c:\git\RailwAI\VIDEO\20260612\ADTC Rastatt_00_20260612074513.mp4,2026-06-12 07:45:13,Lok,Lok,Lok
ADTC1_adz_raw_20260612_0751,2026-06-12 07:49:37.901,2026-06-12 07:49:47.936,"[Timestamp('2026-06-12 07:49:47.936000'), Timestamp('2026-06-12 07:49:48.057000'), Timestamp('2026-06-12 07:49:48.773000'), Timestamp('2026-06-12 07:49:48.890000'), Timestamp('2026-06-12 07:49:49.093000'), Timestamp('2026-06-12 07:49:49.204000'), Timestamp('2026-06-12 07:49:49.947000'), Timestamp('2026-06-12 07:49:50.061000'), Timestamp('2026-06-12 07:49:50.266000'), Timestamp('2026-06-12 07:49:50.378000'), Timestamp('2026-06-12 07:49:51.122000'), Timestamp('2026-06-12 07:49:51.235000'), Timestamp('2026-06-12 07:49:51.441000'), Timestamp('2026-06-12 07:49:51.551000'), Timestamp('2026-06-12 07:49:52.279000'), Timestamp('2026-06-12 07:49:52.390000'), Timestamp('2026-06-12 07:49:52.689000'), Timestamp('2026-06-12 07:49:52.802000'), Timestamp('2026-06-12 07:49:53.522000'), Timestamp('2026-06-12 07:49:53.641000'), Timestamp('2026-06-12 07:49:53.844000'), Timestamp('2026-06-12 07:49:53.955000'), Timestamp('2026-06-12 07:49:54.698000'), Timestamp('2026-06-12 07:49:54.809000'), Timestamp('2026-06-12 07:49:55.018000'), Timestamp('2026-06-12 07:49:55.131000'), Timestamp('2026-06-12 07:49:55.869000'), Timestamp('2026-06-12 07:49:55.981000'), Timestamp('2026-06-12 07:49:56.182000'), Timestamp('2026-06-12 07:49:56.306000'), Timestamp('2026-06-12 07:49:57.021000'), Timestamp('2026-06-12 07:49:57.135000')]","[0.121, 0.716, 0.117, 0.203, 0.111, 0.743, 0.114, 0.205, 0.112, 0.744, 0.113, 0.206, 0.11, 0.728, 0.111, 0.299, 0.113, 0.72, 0.119, 0.203, 0.111, 0.743, 0.111, 0.209, 0.113, 0.738, 0.112, 0.201, 0.124, 0.715, 0.114]","[35.066389377699565, 34.913245873889124, 34.8715785032435, 35.3060479454833, 34.85503426462836, 35.1034814695973, 35.0383631713555, 35.036496350364956, 35.10160427807486, 35.11005322136343, 34.91093743801325, 35.0383631713555, 34.78260869565217, 34.66426811622541, 34.47048812562853, 34.66833541927409, 34.846768030778144, 35.04396482813749, 34.78306531014112, 34.79402765557904, 34.92063492063492, 34.67330786382068, 34.79402765557904, 35.114748836462844, 34.92571670481154, 34.68597143416161, 34.72890935733724, 35.114748836462844, 34.80499691305319, 35.152359021046436, 34.56099456099456, 34.711779448621556]","[4.243033114701647, 24.997884045704613, 4.079974684879489, 7.1671277329331105, 3.8689088033737478, 26.081886731910792, 3.994373401534527, 7.182481751824816, 3.9313796791443845, 26.12187959669439, 3.944935930495497, 7.217902813299232, 3.826086956521739, 25.235587188612097, 3.8262241819447667, 10.36583229036295, 3.9376847874779304, 25.23165467625899, 4.139184771906793, 7.063187614082547, 3.8761904761904757, 25.762267742818768, 3.862137069769274, 7.338982506820734, 3.9466059876437045, 25.598246918411267, 3.8896378480217706, 7.058064516129032, 4.315819617218596, 25.1339367000482, 3.93995337995338]",321.1790535166893,9.92847802061954,c:\git\RailwAI\VIDEO\20260612\ADTC Rastatt_00_20260612074953.mp4,2026-06-12 07:49:53,Trieb,Trieb,Trieb
ADTC1_adz_raw_20260612_0803,2026-06-12 08:02:01.210,2026-06-12 08:02:11.267,"[Timestamp('2026-06-12 08:02:11.267000'), Timestamp('2026-06-12 08:02:11.377000'), Timestamp('2026-06-12 08:02:12.059000'), Timestamp('2026-06-12 08:02:12.175000'), Timestamp('2026-06-12 08:02:12.402000'), Timestamp('2026-06-12 08:02:12.509000'), Timestamp('2026-06-12 08:02:13.193000'), Timestamp('2026-06-12 08:02:13.312000'), Timestamp('2026-06-12 08:02:13.530000'), Timestamp('2026-06-12 08:02:13.646000'), Timestamp('2026-06-12 08:02:14.333000'), Timestamp('2026-06-12 08:02:14.440000'), Timestamp('2026-06-12 08:02:14.668000'), Timestamp('2026-06-12 08:02:14.784000'), Timestamp('2026-06-12 08:02:15.463000'), Timestamp('2026-06-12 08:02:15.579000'), Timestamp('2026-06-12 08:02:15.803000'), Timestamp('2026-06-12 08:02:15.918000'), Timestamp('2026-06-12 08:02:16.602000'), Timestamp('2026-06-12 08:02:16.718000'), Timestamp('2026-06-12 08:02:16.944000'), Timestamp('2026-06-12 08:02:17.052000'), Timestamp('2026-06-12 08:02:17.738000'), Timestamp('2026-06-12 08:02:17.852000'), Timestamp('2026-06-12 08:02:18.083000'), Timestamp('2026-06-12 08:02:18.197000'), Timestamp('2026-06-12 08:02:18.877000'), Timestamp('2026-06-12 08:02:18.994000'), Timestamp('2026-06-12 08:02:19.221000'), Timestamp('2026-06-12 08:02:19.332000'), Timestamp('2026-06-12 08:02:20.022000'), Timestamp('2026-06-12 08:02:20.134000')]","[0.11, 0.682, 0.116, 0.227, 0.107, 0.684, 0.119, 0.218, 0.116, 0.687, 0.107, 0.228, 0.116, 0.679, 0.116, 0.224, 0.115, 0.684, 0.116, 0.226, 0.108, 0.686, 0.114, 0.231, 0.114, 0.68, 0.117, 0.227, 0.111, 0.69, 0.112]","[34.84584980237154, 34.84584980237154, 34.67330786382068, 34.846768030778144, 34.17039678324861, 34.909552523008564, 34.91093743801325, 35.18796992481202, 34.28615160907664, 34.78260869565217, 34.66110531803962, 34.66110531803962, 34.289650597645135, 35.1034814695973, 34.846768030778144, 34.5956054230949, 34.69366454441081, 34.848604632777295, 34.61358557247544, 34.53416149068323, 34.424522845575474, 34.68597143416161, 34.60369417816226, 34.61988304093567, 34.51053283767038, 34.386774317570165, 34.529252227818674, 34.67666354264293, 34.906556857776366, 34.80499691305319, 34.539958142779625, 34.6471412992678]","[3.8330434782608696, 23.764869565217392, 4.022103712203199, 7.910216342986639, 3.6562324558076016, 23.87813392573786, 4.1544015551235765, 7.670977443609021, 3.9771935866528905, 23.895652173913046, 3.708738269030239, 7.902732012513033, 3.9775994693268357, 23.83526391785657, 4.042225091570264, 7.749415614773258, 3.989771422607243, 23.836445568819673, 4.015175926407152, 7.804720496894411, 3.7178484673221512, 23.794576403834863, 3.9448211363104977, 7.99719298245614, 3.934200743494424, 23.383006535947715, 4.039922510654785, 7.871602624179944, 3.8746278112131765, 24.015447870006696, 3.868475311991318]",308.06663442672254,9.941682479820232,c:\git\RailwAI\VIDEO\20260612\ADTC Rastatt_00_20260612080221.mp4,2026-06-12 08:02:21,,,
ADTC1_adz_raw_20260612_0807,2026-06-12 08:05:58.445,2026-06-12 08:06:09.012,"[Timestamp('2026-06-12 08:06:09.012000'), Timestamp('2026-06-12 08:06:09.926000'), Timestamp('2026-06-12 08:06:10.281000'), Timestamp('2026-06-12 08:06:10.747000'), Timestamp('2026-06-12 08:06:11.670000')]","[0.914, 0.355, 0.466, 0.923]","[34.285714285714285, 25.71646226971813, 24.94444380476459, 34.80051480051479, 33.68333398389216, 33.917919045546476, 34.85892137353947, 31.328671328671334]","[31.337142857142858, 9.129344105749935, 11.6241108130203, 32.12087516087515]",84.21147293678825,9.919551346338306,c:\git\RailwAI\VIDEO\20260612\ADTC Rastatt_00_20260612080609.mp4,2026-06-12 08:06:09,Trieb,Trieb,Trieb
ADTC1_adz_raw_20260612_0822,2026-06-12 08:21:15.197,2026-06-12 08:21:25.241,"[Timestamp('2026-06-12 08:21:25.241000'), Timestamp('2026-06-12 08:21:25.352000'), Timestamp('2026-06-12 08:21:26.036000'), Timestamp('2026-06-12 08:21:26.156000'), Timestamp('2026-06-12 08:21:26.379000'), Timestamp('2026-06-12 08:21:26.489000'), Timestamp('2026-06-12 08:21:27.180000'), Timestamp('2026-06-12 08:21:27.290000'), Timestamp('2026-06-12 08:21:27.521000'), Timestamp('2026-06-12 08:21:27.631000'), Timestamp('2026-06-12 08:21:28.313000'), Timestamp('2026-06-12 08:21:28.433000'), Timestamp('2026-06-12 08:21:28.655000'), Timestamp('2026-06-12 08:21:28.769000'), Timestamp('2026-06-12 08:21:29.458000'), Timestamp('2026-06-12 08:21:29.569000'), Timestamp('2026-06-12 08:21:29.797000'), Timestamp('2026-06-12 08:21:29.909000'), Timestamp('2026-06-12 08:21:30.593000'), Timestamp('2026-06-12 08:21:30.707000'), Timestamp('2026-06-12 08:21:30.933000'), Timestamp('2026-06-12 08:21:31.054000'), Timestamp('2026-06-12 08:21:31.733000'), Timestamp('2026-06-12 08:21:31.844000'), Timestamp('2026-06-12 08:21:32.074000'), Timestamp('2026-06-12 08:21:32.191000'), Timestamp('2026-06-12 08:21:32.877000'), Timestamp('2026-06-12 08:21:32.992000'), Timestamp('2026-06-12 08:21:33.215000'), Timestamp('2026-06-12 08:21:33.328000'), Timestamp('2026-06-12 08:21:34.013000'), Timestamp('2026-06-12 08:21:34.131000')]","[0.111, 0.684, 0.12, 0.223, 0.11, 0.691, 0.11, 0.231, 0.11, 0.682, 0.12, 0.222, 0.114, 0.689, 0.111, 0.228, 0.112, 0.684, 0.114, 0.226, 0.121, 0.679, 0.111, 0.23, 0.117, 0.686, 0.115, 0.223, 0.113, 0.685, 0.118]","[34.752553024351926, 34.78991596638655, 34.65410932174727, 34.365634365634364, 34.436915797729405, 34.53416149068323, 34.41567619659492, 34.48382603312181, 35.13448414291449, 34.752553024351926, 33.949390815370194, 35.18182916515646, 33.95660433956604, 34.35595390524968, 34.29271279853032, 34.04255319148936, 34.47048812562853, 34.29271279853032, 34.17062511875356, 34.301464958399265, 34.301464958399265, 34.111736638812445, 34.10570952597304, 34.103127129552504, 33.984962406015036, 33.80658920976602, 33.949390815370194, 34.29665071770334, 33.704543214743275, 33.984962406015036, 34.65884652981427, 34.24298685114067]","[3.857533385703064, 23.796302521008403, 4.158493118609672, 7.663536463536463, 3.7880607377502344, 23.863105590062112, 3.7857243816254416, 7.965763813651138, 3.8647932557205937, 23.701241162608014, 4.073926897844423, 7.810366074664734, 3.871052894710529, 23.671252240717028, 3.8064911206368652, 7.761702127659575, 3.8606946700703952, 23.45621555419474, 3.895451263537906, 7.752131080598234, 4.150477259966311, 23.16186917775365, 3.7857337573830074, 7.8437192397970765, 3.9762406015037595, 23.19132019789949, 3.9041799437675726, 7.648153110047846, 3.8086133832659903, 23.279699248120302, 4.089743890518084]",305.2435881649328,9.923690651732477,c:\git\RailwAI\VIDEO\20260612\ADTC Rastatt_00_20260612082116.mp4,2026-06-12 08:21:16,Trieb,Trieb,Trieb
ADTC1_adz_raw_20260612_0828,2026-06-12 08:26:39.024,2026-06-12 08:26:49.084,"[Timestamp('2026-06-12 08:26:49.084000'), Timestamp('2026-06-12 08:26:49.204000'), Timestamp('2026-06-12 08:26:49.568000'), Timestamp('2026-06-12 08:26:49.687000'), Timestamp('2026-06-12 08:26:49.928000'), Timestamp('2026-06-12 08:26:50.044000'), Timestamp('2026-06-12 08:26:50.851000'), Timestamp('2026-06-12 08:26:50.967000'), Timestamp('2026-06-12 08:26:51.165000'), Timestamp('2026-06-12 08:26:51.282000'), Timestamp('2026-06-12 08:26:52.096000'), Timestamp('2026-06-12 08:26:52.222000'), Timestamp('2026-06-12 08:26:52.409000'), Timestamp('2026-06-12 08:26:52.527000'), Timestamp('2026-06-12 08:26:53.340000'), Timestamp('2026-06-12 08:26:53.456000'), Timestamp('2026-06-12 08:26:53.659000'), Timestamp('2026-06-12 08:26:53.770000'), Timestamp('2026-06-12 08:26:54.582000'), Timestamp('2026-06-12 08:26:54.697000')]","[0.12, 0.364, 0.119, 0.241, 0.116, 0.807, 0.116, 0.198, 0.117, 0.814, 0.126, 0.187, 0.118, 0.813, 0.116, 0.203, 0.111, 0.812, 0.115]","[34.424522845575474, 34.349796451340346, 34.29271279853032, 33.98240733779415, 33.62532204637468, 33.56684393911608, 33.86506731702461, 33.50877192982456, 34.41567619659492, 34.40860215053763, 33.97358943577431, 33.59970629627363, 33.62532204637468, 34.17062511875356, 33.451101802950284, 33.57669589463257, 33.75185368264953, 33.74434752526625, 33.922685046448905, 34.4103703894035]","[4.130942741469057, 12.503325908287886, 4.080832823025108, 8.18976016840839, 3.900537357379463, 27.08844305886668, 3.928347808774855, 6.634736842105264, 4.026634115001606, 28.00860215053763, 4.280672268907563, 6.2831450774031685, 3.967788001472212, 27.780718221546646, 3.880327809142233, 6.816069266610413, 3.7464557587740983, 27.400410190516197, 3.901108780341624]",190.5488583485701,9.95130592272496,c:\git\RailwAI\VIDEO\20260612\ADTC Rastatt_00_20260612082651.mp4,2026-06-12 08:26:51,Lok,Lok,Lok
ADTC1_adz_raw_20260612_0858,2026-06-12 08:56:55.939,2026-06-12 08:57:05.965,"[Timestamp('2026-06-12 08:57:05.965000'), Timestamp('2026-06-12 08:57:06.091000'), Timestamp('2026-06-12 08:57:06.467000'), Timestamp('2026-06-12 08:57:06.592000')]","[0.126, 0.376, 0.125]","[nan, nan, nan, nan, nan, nan, nan, nan, nan, nan, nan, nan, nan, nan, nan, nan, nan, nan, nan, nan, nan, nan, nan, nan, nan, nan, nan, nan, nan, nan, nan, nan, nan, nan, nan, nan]","[nan, nan, nan]",,9.666541552723611,c:\git\RailwAI\VIDEO\20260612\ADTC Rastatt_00_20260612085706.mp4,2026-06-12 08:57:06,Lok,Lok,Lok
ADTC1_adz_raw_20260612_0903,2026-06-12 09:02:04.515,2026-06-12 09:02:14.641,"[Timestamp('2026-06-12 09:02:14.641000'), Timestamp('2026-06-12 09:02:15.088000'), Timestamp('2026-06-12 09:02:15.961000'), Timestamp('2026-06-12 09:02:16.303000'), Timestamp('2026-06-12 09:02:16.757000'), Timestamp('2026-06-12 09:02:17.189000'), Timestamp('2026-06-12 09:02:17.635000')]","[0.447, 0.873, 0.342, 0.454, 0.432, 0.446]","[37.364705882352936, 27.223643080420572, 36.98501872659176, 37.15234657039711, 75.70621468926554, 35.55942913171369, 34.680054187584666, 33.53333333333333, 15.304425470171326]","[16.70202352941176, 23.76624040920716, 12.648876404494382, 16.867165342960288, 32.70508474576271, 15.859505392744307]",118.5488958245806,9.920603398285763,c:\git\RailwAI\VIDEO\20260612\ADTC Rastatt_00_20260612090215.mp4,2026-06-12 09:02:15,Trieb,Trieb,Trieb
ADTC1_adz_raw_20260612_0926,2026-06-12 09:24:56.976,2026-06-12 09:25:07.097,"[Timestamp('2026-06-12 09:25:07.097000'), Timestamp('2026-06-12 09:25:07.223000'), Timestamp('2026-06-12 09:25:07.858000'), Timestamp('2026-06-12 09:25:07.985000'), Timestamp('2026-06-12 09:25:08.660000'), Timestamp('2026-06-12 09:25:08.784000'), Timestamp('2026-06-12 09:25:09.461000'), Timestamp('2026-06-12 09:25:09.582000'), Timestamp('2026-06-12 09:25:10.254000'), Timestamp('2026-06-12 09:25:10.385000'), Timestamp('2026-06-12 09:25:11.061000'), Timestamp('2026-06-12 09:25:11.183000'), Timestamp('2026-06-12 09:25:11.862000'), Timestamp('2026-06-12 09:25:11.983000'), Timestamp('2026-06-12 09:25:12.665000'), Timestamp('2026-06-12 09:25:12.788000'), Timestamp('2026-06-12 09:25:13.464000'), Timestamp('2026-06-12 09:25:13.592000'), Timestamp('2026-06-12 09:25:14.268000'), Timestamp('2026-06-12 09:25:14.400000'), Timestamp('2026-06-12 09:25:15.071000'), Timestamp('2026-06-12 09:25:15.197000'), Timestamp('2026-06-12 09:25:15.847000'), Timestamp('2026-06-12 09:25:15.964000')]","[0.126, 0.635, 0.127, 0.675, 0.124, 0.677, 0.121, 0.672, 0.131, 0.676, 0.122, 0.679, 0.121, 0.682, 0.123, 0.676, 0.128, 0.676, 0.132, 0.671, 0.126, 0.65, 0.117]","[34.81963335304553, 34.347158218125955, 34.53639598835328, 34.174521131042866, 34.3717974994876, 34.10570952597304, 34.4103703894035, 34.40860215053763, 34.046406338426706, 33.637702503681886, 33.92395579696572, 33.886149708650834, 33.69084707360022, 33.57300073367571, 34.53282093086448, 33.8625391927537, 34.78671865768639, 33.74351371386212, 34.04426559356137, 33.59271766260461, 33.74351371386212, 33.50165080598174, 33.38203156128128, 33.59271766260461]","[4.387273802483737, 21.810445468509982, 4.386122290520866, 23.067801763453936, 4.262102889936462, 23.08956534908375, 4.163654817117823, 23.12258064516129, 4.460079230333899, 22.739086892488956, 4.138722607229818, 23.008695652173916, 4.076592495905627, 22.896786500366836, 4.247536974496331, 22.891076494301505, 4.452699988183858, 22.810615270570796, 4.493843058350101, 22.5407135516077, 4.251682727946627, 21.77607302388813, 3.90569769266991]",300.9794491867819,9.99623664081964,c:\git\RailwAI\VIDEO\20260612\ADTC Rastatt_00_20260612092508.mp4,2026-06-12 09:25:08,Trieb,Trieb,Trieb
ADTC1_adz_raw_20260612_0928,2026-06-12 09:27:37.155,2026-06-12 09:27:47.205,"[Timestamp('2026-06-12 09:27:47.205000'), Timestamp('2026-06-12 09:27:47.317000'), Timestamp('2026-06-12 09:27:47.671000'), Timestamp('2026-06-12 09:27:47.784000'), Timestamp('2026-06-12 09:27:48.011000'), Timestamp('2026-06-12 09:27:48.121000'), Timestamp('2026-06-12 09:27:48.890000'), Timestamp('2026-06-12 09:27:49.008000'), Timestamp('2026-06-12 09:27:49.191000'), Timestamp('2026-06-12 09:27:49.306000'), Timestamp('2026-06-12 09:27:50.083000'), Timestamp('2026-06-12 09:27:50.192000'), Timestamp('2026-06-12 09:27:50.374000'), Timestamp('2026-06-12 09:27:50.487000'), Timestamp('2026-06-12 09:27:51.271000'), Timestamp('2026-06-12 09:27:51.376000'), Timestamp('2026-06-12 09:27:51.571000'), Timestamp('2026-06-12 09:27:51.677000'), Timestamp('2026-06-12 09:27:52.458000'), Timestamp('2026-06-12 09:27:52.565000')]","[0.112, 0.354, 0.113, 0.227, 0.11, 0.769, 0.118, 0.183, 0.115, 0.777, 0.109, 0.182, 0.113, 0.784, 0.105, 0.195, 0.106, 0.781, 0.107]","[35.324675324675326, 35.68822553897181, 35.75530586766541, 35.888978952958595, 35.822890559732656, 36.15832032912469, 35.55750658472344, 35.92412288064462, 35.82139426089135, 35.99595551061678, 36.17371558330967, 35.64225491816829, 35.604395604395606, 35.55604329277493, 35.16672257631667, 35.711915034848985, 35.44172740276548, 36.481409509003754, 35.649130542618565, 35.53321678321679]","[3.9563636363636365, 12.633631840796019, 4.040349563046192, 8.146798222321602, 3.9405179615705923, 27.80574833309689, 4.195785776997366, 6.574114487157964, 4.119460340002505, 27.96885743174924, 3.9429349985807542, 6.486890395106629, 4.023296703296704, 27.875937941535547, 3.6925058705132505, 6.963823431795553, 3.7568231046931406, 28.491980826531933, 3.8144569680601865]",192.43027783321577,9.941850304253188,c:\git\RailwAI\VIDEO\20260612\ADTC Rastatt_00_20260612092747.mp4,2026-06-12 09:27:47,Lok,Lok,Lok
ADTC1_adz_raw_20260612_1000,2026-06-12 09:58:51.827,2026-06-12 09:59:01.909,"[Timestamp('2026-06-12 09:59:01.909000'), Timestamp('2026-06-12 09:59:02.806000'), Timestamp('2026-06-12 09:59:03.609000'), Timestamp('2026-06-12 09:59:04.514000'), Timestamp('2026-06-12 09:59:04.951000')]","[0.897, 0.803, 0.905, 0.437]","[34.78260869565217, 35.16483516483516, 33.802816901408455, 34.78260869565217, 34.78260869565217, 34.78260869565217, 26.592797783933516, 34.78260869565217]","[31.2, 28.237362637362637, 30.59154929577465, 15.2]",105.2289119331373,9.876371580358477,c:\git\RailwAI\VIDEO\20260612\ADTC Rastatt_00_20260612095902.mp4,2026-06-12 09:59:02,Trieb,Trieb,Trieb
ADTC1_adz_raw_20260612_1007,2026-06-12 10:06:01.930,2026-06-12 10:06:12.002,"[Timestamp('2026-06-12 10:06:12.002000'), Timestamp('2026-06-12 10:06:12.135000'), Timestamp('2026-06-12 10:06:12.428000'), Timestamp('2026-06-12 10:06:12.562000')]","[0.133, 0.293, 0.134]","[34.79402765557904, 34.92063492063492, 34.65703971119133, 34.91093743801325]","[4.627605678192013, 10.231746031746031, 4.644043321299638]",19.50339503123768,9.969535324327651,c:\git\RailwAI\VIDEO\20260612\ADTC Rastatt_00_20260612100612.mp4,2026-06-12 10:06:12,Lok,Lok,Lok
ADTC1_adz_raw_20260612_1009,2026-06-12 10:08:25.226,2026-06-12 10:08:35.284,"[Timestamp('2026-06-12 10:08:35.284000'), Timestamp('2026-06-12 10:08:35.424000'), Timestamp('2026-06-12 10:08:35.928000'), Timestamp('2026-06-12 10:08:36.070000'), Timestamp('2026-06-12 10:08:36.224000'), Timestamp('2026-06-12 10:08:36.364000'), Timestamp('2026-06-12 10:08:37.088000'), Timestamp('2026-06-12 10:08:37.226000'), Timestamp('2026-06-12 10:08:37.949000'), Timestamp('2026-06-12 10:08:38.088000'), Timestamp('2026-06-12 10:08:38.812000'), Timestamp('2026-06-12 10:08:38.955000'), Timestamp('2026-06-12 10:08:39.687000'), Timestamp('2026-06-12 10:08:39.818000'), Timestamp('2026-06-12 10:08:40.543000'), Timestamp('2026-06-12 10:08:40.689000'), Timestamp('2026-06-12 10:08:41.411000'), Timestamp('2026-06-12 10:08:41.555000'), Timestamp('2026-06-12 10:08:42.277000'), Timestamp('2026-06-12 10:08:42.421000'), Timestamp('2026-06-12 10:08:43.145000'), Timestamp('2026-06-12 10:08:43.288000'), Timestamp('2026-06-12 10:08:43.441000'), Timestamp('2026-06-12 10:08:43.576000'), Timestamp('2026-06-12 10:08:44.092000'), Timestamp('2026-06-12 10:08:44.226000')]","[0.14, 0.504, 0.142, 0.154, 0.14, 0.724, 0.138, 0.723, 0.139, 0.724, 0.143, 0.732, 0.131, 0.725, 0.146, 0.722, 0.144, 0.722, 0.144, 0.724, 0.143, 0.153, 0.135, 0.516, 0.134]","[34.34880392557759, 34.4103703894035, 34.04940383357649, 34.29271279853032, 34.47937891723195, 34.47048812562853, 34.04255319148936, 34.24298685114067, 34.4103703894035, 34.29665071770334, 33.80449337896147, 34.301464958399265, 33.43590240593124, 33.68462523392101, 33.19636884854276, 34.43027560674619, 33.704543214743275, 33.71579876434245, 33.86327503974563, 34.0178303115296, 33.17932942978966, 33.886696940370726, 33.68545032941955, 33.296129612961295, 33.885160328113344, 33.46844238563983]","[4.808832549580863, 17.342826676259364, 4.835015344367862, 5.281077770973669, 4.827113048412473, 24.956633402955053, 4.6978723404255325, 24.757679493374706, 4.783041484127087, 24.83077511961722, 4.834042553191489, 25.10867234954826, 4.380103215176992, 24.42135329459273, 4.846669851887243, 24.85865898807075, 4.853454222923031, 24.34280670785525, 4.87631160572337, 24.62890914554743, 4.744644108459921, 5.184664631876721, 4.5475357944716395, 17.180802880288027, 4.540611483967188]",304.4701080636739,9.953667386248766,c:\git\RailwAI\VIDEO\20260612\ADTC Rastatt_00_20260612100836.mp4,2026-06-12 10:08:36,Trieb,Trieb,Trieb
ADTC1_adz_raw_20260612_1025,2026-06-12 10:24:13.091,2026-06-12 10:24:23.126,"[Timestamp('2026-06-12 10:24:23.126000'), Timestamp('2026-06-12 10:24:23.247000'), Timestamp('2026-06-12 10:24:23.612000'), Timestamp('2026-06-12 10:24:23.728000'), Timestamp('2026-06-12 10:24:23.961000'), Timestamp('2026-06-12 10:24:24.083000'), Timestamp('2026-06-12 10:24:24.888000'), Timestamp('2026-06-12 10:24:25.008000'), Timestamp('2026-06-12 10:24:25.201000'), Timestamp('2026-06-12 10:24:25.313000'), Timestamp('2026-06-12 10:24:26.122000'), Timestamp('2026-06-12 10:24:26.236000'), Timestamp('2026-06-12 10:24:26.427000'), Timestamp('2026-06-12 10:24:26.543000'), Timestamp('2026-06-12 10:24:27.345000'), Timestamp('2026-06-12 10:24:27.462000'), Timestamp('2026-06-12 10:24:27.650000'), Timestamp('2026-06-12 10:24:27.766000'), Timestamp('2026-06-12 10:24:28.565000'), Timestamp('2026-06-12 10:24:28.677000')]","[0.121, 0.365, 0.116, 0.233, 0.122, 0.805, 0.12, 0.193, 0.112, 0.809, 0.114, 0.191, 0.116, 0.802, 0.117, 0.188, 0.116, 0.799, 0.112]","[34.127244714974864, 33.932853717026376, 34.103987884906616, 34.046406338426706, 34.18491484184915, 33.922685046448905, 34.848604632777295, 33.92395579696572, 34.3717974994876, 34.046406338426706, 34.2255776710135, 34.475822050290134, 34.10570952597304, 34.18491484184915, 34.16413373860182, 34.60818956557888, 33.80323600520737, 34.60818956557888, 34.05325853155385, 34.29665071770334]","[4.129396610511958, 12.385491606714627, 3.9560625946491674, 7.932812676853423, 4.170559610705596, 27.30776146239137, 4.181832555933275, 6.547323468814384, 3.849641319942611, 27.54354272778721, 3.9017158544955386, 6.584882011605416, 3.956262305012873, 27.41630170316302, 3.997203647416413, 6.50633963832883, 3.921175376604055, 27.651943462897528, 3.8139649555340314]",189.7542135893613,9.926366538730802,c:\git\RailwAI\VIDEO\20260612\ADTC Rastatt_00_20260612102423.mp4,2026-06-12 10:24:23,Lok,Lok,Lok
ADTC1_adz_raw_20260612_1105,2026-06-12 11:03:48.950,2026-06-12 11:03:59.016,"[Timestamp('2026-06-12 11:03:59.016000'), Timestamp('2026-06-12 11:03:59.477000'), Timestamp('2026-06-12 11:03:59.935000'), Timestamp('2026-06-12 11:04:00.390000')]","[0.461, 0.458, 0.455]","[34.608052907994555, 70.49229839927509, 66.03626022040527, 34.174521131042866]","[15.954312390585491, 32.28547266686799, 30.0464984002844]",78.28628345773788,9.858693385499937,c:\git\RailwAI\VIDEO\20260612\ADTC Rastatt_00_20260612110359.mp4,2026-06-12 11:03:59,Trieb,Trieb,Trieb
ADTC1_adz_raw_20260612_1128,2026-06-12 11:26:57.558,2026-06-12 11:27:07.585,"[Timestamp('2026-06-12 11:27:07.585000'), Timestamp('2026-06-12 11:27:07.697000'), Timestamp('2026-06-12 11:27:08.051000'), Timestamp('2026-06-12 11:27:08.161000'), Timestamp('2026-06-12 11:27:08.393000'), Timestamp('2026-06-12 11:27:08.505000'), Timestamp('2026-06-12 11:27:09.289000'), Timestamp('2026-06-12 11:27:09.400000'), Timestamp('2026-06-12 11:27:09.593000'), Timestamp('2026-06-12 11:27:09.705000'), Timestamp('2026-06-12 11:27:10.491000'), Timestamp('2026-06-12 11:27:10.604000'), Timestamp('2026-06-12 11:27:10.796000'), Timestamp('2026-06-12 11:27:10.914000'), Timestamp('2026-06-12 11:27:11.693000'), Timestamp('2026-06-12 11:27:11.804000'), Timestamp('2026-06-12 11:27:12'), Timestamp('2026-06-12 11:27:12.109000'), Timestamp('2026-06-12 11:27:12.900000'), Timestamp('2026-06-12 11:27:13.011000')]","[0.112, 0.354, 0.11, 0.232, 0.112, 0.784, 0.111, 0.193, 0.112, 0.786, 0.113, 0.192, 0.118, 0.779, 0.111, 0.196, 0.109, 0.791, 0.111]","[35.25606469002695, 35.43641712978097, 35.298411625549164, 35.16672257631667, 35.55604329277493, 35.63636363636363, 35.22947640594699, 35.490924994533124, 34.913245873889124, 35.359235945300625, 34.848604632777295, 35.2304252969537, 34.81963335304553, 35.22947640594699, 35.301752109020114, 35.169082125603865, 35.36883243771372, 35.243715140247346, 34.66110531803962, 36.397058823529406]","[3.948679245283019, 12.544491663942463, 3.882825278810408, 8.158679637705468, 3.9822768487907925, 27.93890909090909, 3.910471881060116, 6.849748523944893, 3.910283537875582, 27.79235945300629, 3.9378923235038346, 6.76424165701511, 4.108716735659373, 27.443762120232705, 3.918494484101233, 6.893140096618358, 3.8552027357107956, 27.87777867593565, 3.8473826903023975]",191.5653366804076,9.915344703458208,c:\git\RailwAI\VIDEO\20260612\ADTC Rastatt_00_20260612112708.mp4,2026-06-12 11:27:08,Lok,Lok,Lok
ADTC1_adz_raw_20260612_1155,2026-06-12 11:53:38.806,2026-06-12 11:53:48.889,"[Timestamp('2026-06-12 11:53:48.889000'), Timestamp('2026-06-12 11:53:49.028000'), Timestamp('2026-06-12 11:53:49.551000'), Timestamp('2026-06-12 11:53:49.692000'), Timestamp('2026-06-12 11:53:49.852000'), Timestamp('2026-06-12 11:53:49.993000'), Timestamp('2026-06-12 11:53:50.735000'), Timestamp('2026-06-12 11:53:50.883000'), Timestamp('2026-06-12 11:53:51.626000'), Timestamp('2026-06-12 11:53:51.776000'), Timestamp('2026-06-12 11:53:52.517000'), Timestamp('2026-06-12 11:53:52.661000'), Timestamp('2026-06-12 11:53:53.408000'), Timestamp('2026-06-12 11:53:53.552000'), Timestamp('2026-06-12 11:53:54.303000'), Timestamp('2026-06-12 11:53:54.448000'), Timestamp('2026-06-12 11:53:55.202000'), Timestamp('2026-06-12 11:53:55.336000'), Timestamp('2026-06-12 11:53:56.088000'), Timestamp('2026-06-12 11:53:56.234000'), Timestamp('2026-06-12 11:53:56.987000'), Timestamp('2026-06-12 11:53:57.132000'), Timestamp('2026-06-12 11:53:57.282000'), Timestamp('2026-06-12 11:53:57.430000'), Timestamp('2026-06-12 11:53:57.952000'), Timestamp('2026-06-12 11:53:58.094000')]","[0.139, 0.523, 0.141, 0.16, 0.141, 0.742, 0.148, 0.743, 0.15, 0.741, 0.144, 0.747, 0.144, 0.751, 0.145, 0.754, 0.134, 0.752, 0.146, 0.753, 0.145, 0.15, 0.148, 0.522, 0.142]","[33.292463036422646, 33.53083168751371, 33.04656949875578, 33.33494092114782, 33.69084707360022, 33.06851329238504, 33.16863587540279, 32.32469814636359, 32.72473867595819, 33.37784675352799, 33.36591723688498, 33.26618705035971, 32.23255027885753, 33.44988344988345, 33.33695062398264, 32.711061577040965, 32.766031801502706, 32.58768296050815, 32.923434692223665, 32.84825230452483, 32.52837977296181, 32.368474737629484, 32.45614035087719, 33.14285714285714, 32.49511132457374, 32.50303627489173]","[4.627652362062748, 17.536624972569673, 4.659566299324564, 5.333590547383651, 4.75040943737763, 24.536836862949702, 4.908958109559613, 24.017250722748145, 4.908710801393728, 24.73298444436424, 4.804692082111437, 24.849841726618703, 4.641487240155484, 25.120862470862473, 4.833857840477482, 24.66414042908889, 4.390648261401362, 24.505937586302128, 4.806821465064655, 24.734733985307194, 4.716615067079463, 4.855271210644422, 4.803508771929824, 17.300571428571427, 4.614305808089471]",303.65587993343814,9.974747850886208,c:\git\RailwAI\VIDEO\20260612\ADTC Rastatt_00_20260612115349.mp4,2026-06-12 11:53:49,Trieb,Trieb,Trieb
ADTC1_adz_raw_20260612_1200,2026-06-12 11:58:47.395,2026-06-12 11:58:57.427,"[Timestamp('2026-06-12 11:58:57.427000'), Timestamp('2026-06-12 11:58:57.514000'), Timestamp('2026-06-12 11:58:58.015000'), Timestamp('2026-06-12 11:58:58.498000'), Timestamp('2026-06-12 11:58:58.994000'), Timestamp('2026-06-12 11:58:59.882000'), Timestamp('2026-06-12 11:59:00.355000'), Timestamp('2026-06-12 11:59:00.860000')]","[0.087, 0.501, 0.483, 0.496, 0.888, 0.473, 0.505]","[28.31296782035698, 20.061822856093528, 19.659856048293477, 19.689800210304945, 21.236559139784944, 31.53711741164534, 32.0217860832003, 32.35294117647058]","[2.463228200371057, 10.050973250902857, 9.495710471325749, 9.766140904311253, 18.85806451612903, 14.917056535708245, 16.17100197201615]",81.72217585076433,9.900144579844616,c:\git\RailwAI\VIDEO\20260612\ADTC Rastatt_00_20260612115858.mp4,2026-06-12 11:58:58,Trieb,Trieb,Trieb
ADTC1_adz_raw_20260612_1228,2026-06-12 12:26:59.293,2026-06-12 12:27:09.318,"[Timestamp('2026-06-12 12:27:09.318000'), Timestamp('2026-06-12 12:27:09.434000'), Timestamp('2026-06-12 12:27:09.793000'), Timestamp('2026-06-12 12:27:09.901000'), Timestamp('2026-06-12 12:27:10.128000'), Timestamp('2026-06-12 12:27:10.245000'), Timestamp('2026-06-12 12:27:11.036000'), Timestamp('2026-06-12 12:27:11.147000'), Timestamp('2026-06-12 12:27:11.331000'), Timestamp('2026-06-12 12:27:11.440000'), Timestamp('2026-06-12 12:27:12.231000'), Timestamp('2026-06-12 12:27:12.341000'), Timestamp('2026-06-12 12:27:12.536000'), Timestamp('2026-06-12 12:27:12.648000'), Timestamp('2026-06-12 12:27:13.443000'), Timestamp('2026-06-12 12:27:13.549000'), Timestamp('2026-06-12 12:27:13.743000'), Timestamp('2026-06-12 12:27:13.856000'), Timestamp('2026-06-12 12:27:14.647000'), Timestamp('2026-06-12 12:27:14.752000')]","[0.116, 0.359, 0.108, 0.227, 0.117, 0.791, 0.111, 0.184, 0.109, 0.791, 0.11, 0.195, 0.112, 0.795, 0.106, 0.194, 0.113, 0.791, 0.105]","[35.359235945300625, 36.16139833153623, 35.89800939387162, 35.169082125603865, 35.77515614156835, 35.232323232323225, 34.97372193024367, 35.55750658472344, 35.48995489954899, 35.10382747023968, 34.78306531014112, 35.49965823650034, 34.80499691305319, 35.31603531603531, 34.40904419321686, 35.01461599787404, 34.999801137493534, 35.524911762291715, 34.96621621621622, 35.25606469002695]","[4.101671369654873, 12.981942001021507, 3.8769850145381346, 7.983381642512078, 4.185693268563497, 27.86876767676767, 3.8820831342570474, 6.542581211589113, 3.86840508405084, 27.767127528959588, 3.826137184115523, 6.922433356117566, 3.898159654261957, 28.076248076248074, 3.6473586844809867, 6.792835503587564, 3.9549775285367694, 28.10020520397275, 3.6714527027027026]",191.94844582593825,9.912227828316482,c:\git\RailwAI\VIDEO\20260612\ADTC Rastatt_00_20260612122710.mp4,2026-06-12 12:27:10,Lok,Lok,Lok
ADTC1_adz_raw_20260612_1244,2026-06-12 12:42:50.317,2026-06-12 12:43:00.439,"[Timestamp('2026-06-12 12:43:00.439000'), Timestamp('2026-06-12 12:43:00.544000'), Timestamp('2026-06-12 12:43:01.330000'), Timestamp('2026-06-12 12:43:01.439000'), Timestamp('2026-06-12 12:43:01.756000'), Timestamp('2026-06-12 12:43:01.864000'), Timestamp('2026-06-12 12:43:02.651000'), Timestamp('2026-06-12 12:43:02.751000'), Timestamp('2026-06-12 12:43:03.070000'), Timestamp('2026-06-12 12:43:03.184000'), Timestamp('2026-06-12 12:43:03.956000'), Timestamp('2026-06-12 12:43:04.079000'), Timestamp('2026-06-12 12:43:04.394000'), Timestamp('2026-06-12 12:43:04.500000'), Timestamp('2026-06-12 12:43:05.286000'), Timestamp('2026-06-12 12:43:05.390000'), Timestamp('2026-06-12 12:43:05.700000'), Timestamp('2026-06-12 12:43:05.821000'), Timestamp('2026-06-12 12:43:06.600000'), Timestamp('2026-06-12 12:43:06.716000'), Timestamp('2026-06-12 12:43:07.033000'), Timestamp('2026-06-12 12:43:07.134000'), Timestamp('2026-06-12 12:43:07.921000'), Timestamp('2026-06-12 12:43:08.031000'), Timestamp('2026-06-12 12:43:08.344000'), Timestamp('2026-06-12 12:43:08.461000'), Timestamp('2026-06-12 12:43:09.236000'), Timestamp('2026-06-12 12:43:09.353000'), Timestamp('2026-06-12 12:43:09.657000'), Timestamp('2026-06-12 12:43:09.775000'), Timestamp('2026-06-12 12:43:10.554000'), Timestamp('2026-06-12 12:43:10.670000'), Timestamp('2026-06-12 12:43:10.986000'), Timestamp('2026-06-12 12:43:11.088000'), Timestamp('2026-06-12 12:43:11.876000'), Timestamp('2026-06-12 12:43:11.981000'), Timestamp('2026-06-12 12:43:12.294000'), Timestamp('2026-06-12 12:43:12.416000'), Timestamp('2026-06-12 12:43:13.188000'), Timestamp('2026-06-12 12:43:13.309000'), Timestamp('2026-06-12 12:43:13.611000'), Timestamp('2026-06-12 12:43:13.732000'), Timestamp('2026-06-12 12:43:14.508000'), Timestamp('2026-06-12 12:43:14.624000'), Timestamp('2026-06-12 12:43:14.930000'), Timestamp('2026-06-12 12:43:15.049000'), Timestamp('2026-06-12 12:43:15.830000'), Timestamp('2026-06-12 12:43:15.943000'), Timestamp('2026-06-12 12:43:16.257000'), Timestamp('2026-06-12 12:43:16.360000'), Timestamp('2026-06-12 12:43:17.150000'), Timestamp('2026-06-12 12:43:17.252000')]","[0.105, 0.786, 0.109, 0.317, 0.108, 0.787, 0.1, 0.319, 0.114, 0.772, 0.123, 0.315, 0.106, 0.786, 0.104, 0.31, 0.121, 0.779, 0.116, 0.317, 0.101, 0.787, 0.11, 0.313, 0.117, 0.775, 0.117, 0.304, 0.118, 0.779, 0.116, 0.316, 0.102, 0.788, 0.105, 0.313, 0.122, 0.772, 0.121, 0.302, 0.121, 0.776, 0.116, 0.306, 0.119, 0.781, 0.113, 0.314, 0.103, 0.79, 0.102]","[34.59740259740259, 34.41258094357077, 34.5956054230949, 34.59470690595538, 34.53416149068323, 34.78443522554219, 34.5956054230949, 34.909552523008564, 34.848604632777295, 34.72890935733724, 34.05325853155385, 34.6471412992678, 34.848604632777295, 34.39559030893475, 34.365634365634364, 34.44444444444444, 35.332801104150036, 35.07053500133085, 34.32950191570881, 34.752553024351926, 34.7222040869622, 35.01461599787404, 34.711779448621556, 34.52213701102017, 34.702863246749864, 34.8599471101346, 34.87583760346866, 34.94822924223438, 35.15500159795462, 35.298862628055176, 34.843791021265424, 34.9311817750356, 35.132252559726965, 35.141815072610925, 34.78442535189199, 34.82352941176471, 35.26383526383526, 35.56570682763684, 35.00502034561116, 34.84448164909619, 35.33972219231184, 35.48587646979321, 34.99446290143965, 35.1468438538206, 35.123505976095615, 35.33062013942056, 34.84448164909619, 35.2781112444978, 35.22267206477733, 35.24887844477676, 35.30166880616174, 35.46829739298359]","[3.632727272727272, 27.048288621646623, 3.7709209911173445, 10.966522089187855, 3.729689440993789, 27.375350522501705, 3.4595605423094904, 11.136147254839733, 3.972740928136612, 26.810718023864347, 4.188550799381123, 10.913849509269358, 3.6939520910743933, 27.034933982822714, 3.5740259740259734, 10.677777777777777, 4.275268933602154, 27.319946766036736, 3.982222222222222, 11.016559308719561, 3.5069426127831824, 27.55650279032687, 3.818295739348371, 10.805428884449313, 4.060234999869734, 27.016459010354314, 4.080472999605833, 10.624261689639253, 4.148290188558645, 27.497813987254982, 4.04187975846679, 11.038253440911248, 3.5834897610921503, 27.69175027721741, 3.652364661948659, 10.899764705882355, 4.302187902187902, 27.45672567093564, 4.23560746181895, 10.523033458027049, 4.276106385269732, 27.537040140559533, 4.059357696566999, 10.754934219269103, 4.179697211155378, 27.59321432888746, 3.9374264263478693, 11.07732693077231, 3.6279352226720647, 27.84661397137364, 3.6007702182284977]",587.609935804038,10.012730656254409,c:\git\RailwAI\VIDEO\20260612\ADTC Rastatt_00_20260612124301.mp4,2026-06-12 12:43:01,Trieb,Trieb,Trieb
ADTC1_adz_raw_20260612_1259,2026-06-12 12:57:50.368,2026-06-12 12:58:00.414,"[Timestamp('2026-06-12 12:58:00.414000'), Timestamp('2026-06-12 12:58:00.531000'), Timestamp('2026-06-12 12:58:01.262000'), Timestamp('2026-06-12 12:58:01.378000'), Timestamp('2026-06-12 12:58:01.580000'), Timestamp('2026-06-12 12:58:01.695000'), Timestamp('2026-06-12 12:58:02.452000'), Timestamp('2026-06-12 12:58:02.557000'), Timestamp('2026-06-12 12:58:02.771000'), Timestamp('2026-06-12 12:58:02.886000'), Timestamp('2026-06-12 12:58:03.635000'), Timestamp('2026-06-12 12:58:03.749000'), Timestamp('2026-06-12 12:58:03.958000'), Timestamp('2026-06-12 12:58:04.070000'), Timestamp('2026-06-12 12:58:04.806000'), Timestamp('2026-06-12 12:58:04.918000'), Timestamp('2026-06-12 12:58:05.224000'), Timestamp('2026-06-12 12:58:05.335000'), Timestamp('2026-06-12 12:58:06.072000'), Timestamp('2026-06-12 12:58:06.188000'), Timestamp('2026-06-12 12:58:06.393000'), Timestamp('2026-06-12 12:58:06.506000'), Timestamp('2026-06-12 12:58:07.266000'), Timestamp('2026-06-12 12:58:07.375000'), Timestamp('2026-06-12 12:58:07.583000'), Timestamp('2026-06-12 12:58:07.699000'), Timestamp('2026-06-12 12:58:08.459000'), Timestamp('2026-06-12 12:58:08.568000'), Timestamp('2026-06-12 12:58:08.780000'), Timestamp('2026-06-12 12:58:08.894000'), Timestamp('2026-06-12 12:58:09.627000'), Timestamp('2026-06-12 12:58:09.748000')]","[0.117, 0.731, 0.116, 0.202, 0.115, 0.757, 0.105, 0.214, 0.115, 0.749, 0.114, 0.209, 0.112, 0.736, 0.112, 0.306, 0.111, 0.737, 0.116, 0.205, 0.113, 0.76, 0.109, 0.208, 0.116, 0.76, 0.109, 0.212, 0.114, 0.733, 0.121]","[34.43027560674619, 34.7334537175159, 34.86514276674839, 34.78443522554219, 34.61988304093567, 34.29665071770334, 34.10829231351761, 34.34803758416754, 34.47048812562853, 34.53416149068323, 34.301464958399265, 34.47137699845281, 34.41567619659492, 34.79402765557904, 34.121212121212125, 34.06997231311351, 34.23776223776224, 34.73890851982725, 34.475822050290134, 34.14190418435415, 34.05797101449275, 33.76687601997923, 33.82336521642041, 34.23697837343893, 33.85360402309554, 34.51944430098642, 34.31372549019608, 34.30405870213254, 33.420517291485034, 33.993993993993996, 34.2613289981711, 34.084910640223214]","[4.028342245989305, 25.390154667504124, 4.044356560942814, 7.026455915559523, 3.981286549707602, 25.96256459330143, 3.5813706929193487, 7.350480043011854, 3.964106134447281, 25.86608695652174, 3.9103670052575166, 7.204517792676637, 3.8545557340186316, 25.608404354506174, 3.821575757575758, 10.425411527812734, 3.8003916083916085, 25.60257557911268, 3.999195357833656, 6.999090357792601, 3.848550724637681, 25.662825775184213, 3.686746808589825, 7.121291501675297, 3.927018066679083, 26.23477766874968, 3.7401960784313726, 7.272460444852098, 3.809938971229294, 24.9175975975976, 4.145620808778704]",320.7883138812879,9.935708369828816,c:\git\RailwAI\VIDEO\20260612\ADTC Rastatt_00_20260612125801.mp4,2026-06-12 12:58:01,Trieb,Trieb,Trieb
ADTC1_adz_raw_20260612_1301,2026-06-12 13:00:13.424,2026-06-12 13:00:23.513,"[Timestamp('2026-06-12 13:00:23.513000'), Timestamp('2026-06-12 13:00:23.899000'), Timestamp('2026-06-12 13:00:24.569000'), Timestamp('2026-06-12 13:00:24.906000'), Timestamp('2026-06-12 13:00:25.965000')]","[0.386, 0.67, 0.337, 1.059]","[43.2476785598635, 81.26767400900387, 57.0177211778182, 42.44781939269153, 42.453102453102446, 33.823782010455325, 31.378733020478514, 42.12384803055251]","[16.69360392410731, 54.449341586032595, 19.214972036924735, 44.952240736860325]",135.31015828392498,10.031312472255244,c:\git\RailwAI\VIDEO\20260612\ADTC Rastatt_00_20260612130019.mp4,2026-06-12 13:00:19,Trieb,Trieb,Trieb
ADTC1_adz_raw_20260612_1331,2026-06-12 13:30:18.198,2026-06-12 13:30:28.243,"[Timestamp('2026-06-12 13:30:28.243000'), Timestamp('2026-06-12 13:30:28.354000'), Timestamp('2026-06-12 13:30:28.710000'), Timestamp('2026-06-12 13:30:28.822000'), Timestamp('2026-06-12 13:30:29.055000'), Timestamp('2026-06-12 13:30:29.167000'), Timestamp('2026-06-12 13:30:29.957000'), Timestamp('2026-06-12 13:30:30.060000'), Timestamp('2026-06-12 13:30:30.254000'), Timestamp('2026-06-12 13:30:30.369000'), Timestamp('2026-06-12 13:30:31.160000'), Timestamp('2026-06-12 13:30:31.270000'), Timestamp('2026-06-12 13:30:31.459000'), Timestamp('2026-06-12 13:30:31.572000'), Timestamp('2026-06-12 13:30:32.356000'), Timestamp('2026-06-12 13:30:32.470000'), Timestamp('2026-06-12 13:30:32.659000'), Timestamp('2026-06-12 13:30:32.770000'), Timestamp('2026-06-12 13:30:33.557000'), Timestamp('2026-06-12 13:30:33.671000')]","[0.111, 0.356, 0.112, 0.233, 0.112, 0.79, 0.103, 0.194, 0.115, 0.791, 0.11, 0.189, 0.113, 0.784, 0.114, 0.189, 0.111, 0.787, 0.114]","[35.156375300721734, 35.428695936376506, 35.12038523274478, 35.428695936376506, 34.913245873889124, 35.822890559732656, 34.86514276674839, 34.878936540591866, 35.426283753421295, 34.909552523008564, 34.59740259740259, 35.2304252969537, 35.3060479454833, 35.294594704188796, 35.37363263755055, 35.04396482813749, 34.722549250451294, 34.53952477092716, 34.916478197040036, 34.96503496503496]","[3.9023576583801125, 12.612615753350036, 3.9334831460674153, 8.254886153175727, 3.910283537875582, 28.300083542188798, 3.591109704975084, 6.766513688874822, 4.074022631643449, 27.613456045699774, 3.805714285714285, 6.658550381124249, 3.9895834178396132, 27.670962248084017, 4.032594120680763, 6.623309352517985, 3.8542029668000937, 27.182605994719676, 3.9804785144625643]",190.75681314417403,9.92763560999298,c:\git\RailwAI\VIDEO\20260612\ADTC Rastatt_00_20260612133029.mp4,2026-06-12 13:30:29,Lok,Lok,Lok
ADTC1_adz_raw_20260612_1347,2026-06-12 13:45:27.754,2026-06-12 13:45:37.815,"[Timestamp('2026-06-12 13:45:37.815000'), Timestamp('2026-06-12 13:45:37.921000'), Timestamp('2026-06-12 13:45:38.712000'), Timestamp('2026-06-12 13:45:38.819000'), Timestamp('2026-06-12 13:45:39.138000'), Timestamp('2026-06-12 13:45:39.244000'), Timestamp('2026-06-12 13:45:40.034000'), Timestamp('2026-06-12 13:45:40.140000'), Timestamp('2026-06-12 13:45:40.454000'), Timestamp('2026-06-12 13:45:40.574000'), Timestamp('2026-06-12 13:45:41.353000'), Timestamp('2026-06-12 13:45:41.471000'), Timestamp('2026-06-12 13:45:41.785000'), Timestamp('2026-06-12 13:45:41.894000'), Timestamp('2026-06-12 13:45:42.690000'), Timestamp('2026-06-12 13:45:42.789000'), Timestamp('2026-06-12 13:45:43.108000'), Timestamp('2026-06-12 13:45:43.226000'), Timestamp('2026-06-12 13:45:44.005000'), Timestamp('2026-06-12 13:45:44.122000'), Timestamp('2026-06-12 13:45:44.434000'), Timestamp('2026-06-12 13:45:44.540000'), Timestamp('2026-06-12 13:45:45.337000'), Timestamp('2026-06-12 13:45:45.438000'), Timestamp('2026-06-12 13:45:45.756000'), Timestamp('2026-06-12 13:45:45.877000'), Timestamp('2026-06-12 13:45:46.648000'), Timestamp('2026-06-12 13:45:46.769000'), Timestamp('2026-06-12 13:45:47.081000'), Timestamp('2026-06-12 13:45:47.196000'), Timestamp('2026-06-12 13:45:47.974000'), Timestamp('2026-06-12 13:45:48.093000'), Timestamp('2026-06-12 13:45:48.411000'), Timestamp('2026-06-12 13:45:48.513000'), Timestamp('2026-06-12 13:45:49.309000'), Timestamp('2026-06-12 13:45:49.411000'), Timestamp('2026-06-12 13:45:49.725000'), Timestamp('2026-06-12 13:45:49.845000'), Timestamp('2026-06-12 13:45:50.628000'), Timestamp('2026-06-12 13:45:50.743000'), Timestamp('2026-06-12 13:45:51.050000'), Timestamp('2026-06-12 13:45:51.170000'), Timestamp('2026-06-12 13:45:51.951000'), Timestamp('2026-06-12 13:45:52.073000'), Timestamp('2026-06-12 13:45:52.380000'), Timestamp('2026-06-12 13:45:52.497000'), Timestamp('2026-06-12 13:45:53.280000'), Timestamp('2026-06-12 13:45:53.392000'), Timestamp('2026-06-12 13:45:53.706000'), Timestamp('2026-06-12 13:45:53.812000'), Timestamp('2026-06-12 13:45:54.604000'), Timestamp('2026-06-12 13:45:54.708000')]","[0.106, 0.791, 0.107, 0.319, 0.106, 0.79, 0.106, 0.314, 0.12, 0.779, 0.118, 0.314, 0.109, 0.796, 0.099, 0.319, 0.118, 0.779, 0.117, 0.312, 0.106, 0.797, 0.101, 0.318, 0.121, 0.771, 0.121, 0.312, 0.115, 0.778, 0.119, 0.318, 0.102, 0.796, 0.102, 0.314, 0.12, 0.783, 0.115, 0.307, 0.12, 0.781, 0.122, 0.307, 0.117, 0.783, 0.112, 0.314, 0.106, 0.792, 0.104]","[33.926073926073926, 34.10570952597304, 34.53416149068323, 34.05797101449275, 34.0429812758573, 35.053304904051174, 34.568604846961904, 34.365634365634364, 34.28746364610439, 34.349796451340346, 34.56099456099456, 34.31372549019608, 34.04940383357649, 34.92571670481154, 33.9909257263179, 34.568604846961904, 34.39559030893475, 34.543548324467054, 34.74527462170794, 34.436915797729405, 34.20702248259596, 34.3206106870229, 34.43973815941471, 34.084910640223214, 34.06997231311351, 34.604651162790695, 34.28484433280049, 34.30446227602782, 34.2613289981711, 34.49818714803672, 34.52213701102017, 34.128662035638776, 34.717569146864044, 34.67775467775468, 34.128662035638776, 34.897637795275585, 34.39412484700122, 34.23238875611699, 34.21465042212223, 34.25101214574899, 34.412566731958364, 34.57108253665575, 34.64403973509934, 34.68711147948611, 34.357509994288975, 34.18906674720628, 34.07707910750507, 34.35694740042566, 34.48205337969117, 34.51862695997226, 33.945409429280396, 34.508121360711]","[3.596163836163836, 26.977616235044675, 3.6951552795031057, 10.864492753623187, 3.608556015240874, 27.692110874200427, 3.6642721137779617, 10.79080919080919, 4.114495637532527, 26.75849143559413, 4.078197358197357, 10.774509803921568, 3.7113850178598375, 27.80087049702999, 3.365101646905472, 11.027384946180847, 4.0586796564543, 26.909424144759836, 4.065197130739829, 10.744317728891575, 3.6259443831551716, 27.35352671755725, 3.478413554100886, 10.839001583590981, 4.122466649886735, 26.680186046511626, 4.148466164268859, 10.70299223012068, 3.940052834789677, 26.83958960117257, 4.1081343043114, 10.85291452733313, 3.5411920529801324, 27.603492723492725, 3.481123527635155, 10.957858267716533, 4.127294981640147, 26.803960396039603, 3.934684798544057, 10.515060728744938, 4.129508007835003, 27.000015461128143, 4.226572847682119, 10.648943224202236, 4.01982866933181, 26.77003926306252, 3.816632860040568, 10.788081483733658, 3.6550976582472643, 27.33875255229803, 3.530322580645161]",581.8773819842294,9.944330023852888,c:\git\RailwAI\VIDEO\20260612\ADTC Rastatt_00_20260612134538.mp4,2026-06-12 13:45:38,Trieb,Trieb,Trieb
ADTC1_adz_raw_20260612_1352,2026-06-12 13:51:00.928,2026-06-12 13:51:10.942,"[Timestamp('2026-06-12 13:51:10.942000'), Timestamp('2026-06-12 13:51:11.055000'), Timestamp('2026-06-12 13:51:11.730000'), Timestamp('2026-06-12 13:51:11.840000'), Timestamp('2026-06-12 13:51:12.064000'), Timestamp('2026-06-12 13:51:12.178000'), Timestamp('2026-06-12 13:51:12.856000'), Timestamp('2026-06-12 13:51:12.966000'), Timestamp('2026-06-12 13:51:13.196000'), Timestamp('2026-06-12 13:51:13.305000'), Timestamp('2026-06-12 13:51:13.981000'), Timestamp('2026-06-12 13:51:14.091000'), Timestamp('2026-06-12 13:51:14.317000'), Timestamp('2026-06-12 13:51:14.431000'), Timestamp('2026-06-12 13:51:15.106000'), Timestamp('2026-06-12 13:51:15.220000'), Timestamp('2026-06-12 13:51:15.448000'), Timestamp('2026-06-12 13:51:15.556000'), Timestamp('2026-06-12 13:51:16.232000'), Timestamp('2026-06-12 13:51:16.348000'), Timestamp('2026-06-12 13:51:16.571000'), Timestamp('2026-06-12 13:51:16.688000'), Timestamp('2026-06-12 13:51:17.362000'), Timestamp('2026-06-12 13:51:17.475000'), Timestamp('2026-06-12 13:51:17.694000'), Timestamp('2026-06-12 13:51:17.810000'), Timestamp('2026-06-12 13:51:18.487000'), Timestamp('2026-06-12 13:51:18.600000'), Timestamp('2026-06-12 13:51:18.826000'), Timestamp('2026-06-12 13:51:18.941000'), Timestamp('2026-06-12 13:51:19.618000'), Timestamp('2026-06-12 13:51:19.733000')]","[0.113, 0.675, 0.11, 0.224, 0.114, 0.678, 0.11, 0.23, 0.109, 0.676, 0.11, 0.226, 0.114, 0.675, 0.114, 0.228, 0.108, 0.676, 0.116, 0.223, 0.117, 0.674, 0.113, 0.219, 0.116, 0.677, 0.113, 0.226, 0.115, 0.677, 0.115]","[34.66833541927409, 34.97557867912508, 34.59740259740259, 34.846768030778144, 34.97557867912508, 35.106297633373444, 34.78443522554219, 35.059378623695466, 34.72527472527472, 34.69366454441081, 34.887218045112775, 34.67330786382068, 34.543548324467054, 35.01461599787404, 34.97568924630039, 35.13448414291449, 34.93172435693871, 34.54846727423364, 34.79905437352245, 34.70226676584583, 34.68930673472577, 34.96503496503496, 34.664931685100846, 34.848484848484844, 34.453004622496145, 35.07053500133085, 34.55156371155337, 34.75896685140646, 34.608052907994555, 35.18854823202649, 34.82916076208471, 34.502516453735964]","[3.9175219023779717, 23.60851560840943, 3.805714285714285, 7.805676038894305, 3.987215969420259, 23.802069795427197, 3.826287874809641, 8.063657083449957, 3.7850549450549447, 23.452917232021708, 3.8375939849624054, 7.836167577223474, 3.937964508989244, 23.634865798564977, 3.9872285740782445, 8.010662384584503, 3.7726262305493803, 23.35476387738194, 4.0366903073286045, 7.7386054887836195, 4.0586488879629155, 23.566433566433563, 3.9171372804163958, 7.631818181818181, 3.996548536209553, 23.74275219590099, 3.904326699405531, 7.855526508417861, 3.979926084419374, 23.822647153081935, 4.005353487639742]",306.6829180497322,9.838416399280614,c:\git\RailwAI\VIDEO\20260612\ADTC Rastatt_00_20260612135111.mp4,2026-06-12 13:51:11,Trieb,Trieb,Trieb
ADTC1_adz_raw_20260612_1400,2026-06-12 13:58:43.834,2026-06-12 13:58:53.904,"[Timestamp('2026-06-12 13:58:53.904000'), Timestamp('2026-06-12 13:58:54.007000'), Timestamp('2026-06-12 13:58:54.368000'), Timestamp('2026-06-12 13:58:54.476000'), Timestamp('2026-06-12 13:58:54.685000'), Timestamp('2026-06-12 13:58:54.763000'), Timestamp('2026-06-12 13:58:55.139000'), Timestamp('2026-06-12 13:58:55.205000'), Timestamp('2026-06-12 13:58:55.367000'), Timestamp('2026-06-12 13:58:55.438000'), Timestamp('2026-06-12 13:58:55.853000'), Timestamp('2026-06-12 13:58:55.929000'), Timestamp('2026-06-12 13:58:56.102000'), Timestamp('2026-06-12 13:58:56.177000'), Timestamp('2026-06-12 13:58:56.589000'), Timestamp('2026-06-12 13:58:56.664000'), Timestamp('2026-06-12 13:58:56.837000'), Timestamp('2026-06-12 13:58:56.914000'), Timestamp('2026-06-12 13:58:57.324000'), Timestamp('2026-06-12 13:58:57.399000'), Timestamp('2026-06-12 13:58:57.560000'), Timestamp('2026-06-12 13:58:57.638000'), Timestamp('2026-06-12 13:58:58.072000'), Timestamp('2026-06-12 13:58:58.148000'), Timestamp('2026-06-12 13:58:58.298000'), Timestamp('2026-06-12 13:58:58.375000'), Timestamp('2026-06-12 13:58:58.716000'), Timestamp('2026-06-12 13:58:58.793000'), Timestamp('2026-06-12 13:58:58.945000'), Timestamp('2026-06-12 13:58:59.021000'), Timestamp('2026-06-12 13:58:59.455000'), Timestamp('2026-06-12 13:58:59.531000'), Timestamp('2026-06-12 13:58:59.681000'), Timestamp('2026-06-12 13:58:59.757000'), Timestamp('2026-06-12 13:59:00.186000'), Timestamp('2026-06-12 13:59:00.266000'), Timestamp('2026-06-12 13:59:00.419000'), Timestamp('2026-06-12 13:59:00.493000'), Timestamp('2026-06-12 13:59:00.922000'), Timestamp('2026-06-12 13:59:00.997000'), Timestamp('2026-06-12 13:59:01.147000'), Timestamp('2026-06-12 13:59:01.224000'), Timestamp('2026-06-12 13:59:01.659000'), Timestamp('2026-06-12 13:59:01.732000'), Timestamp('2026-06-12 13:59:01.883000'), Timestamp('2026-06-12 13:59:01.959000'), Timestamp('2026-06-12 13:59:02.303000'), Timestamp('2026-06-12 13:59:02.379000'), Timestamp('2026-06-12 13:59:02.524000'), Timestamp('2026-06-12 13:59:02.606000'), Timestamp('2026-06-12 13:59:02.972000'), Timestamp('2026-06-12 13:59:03.049000'), Timestamp('2026-06-12 13:59:03.207000'), Timestamp('2026-06-12 13:59:03.479000'), Timestamp('2026-06-12 13:59:03.636000'), Timestamp('2026-06-12 13:59:03.713000'), Timestamp('2026-06-12 13:59:03.970000'), Timestamp('2026-06-12 13:59:04.050000'), Timestamp('2026-06-12 13:59:04.199000'), Timestamp('2026-06-12 13:59:04.276000'), Timestamp('2026-06-12 13:59:04.729000'), Timestamp('2026-06-12 13:59:04.804000')]","[0.103, 0.361, 0.108, 0.209, 0.078, 0.376, 0.066, 0.162, 0.071, 0.415, 0.076, 0.173, 0.075, 0.412, 0.075, 0.173, 0.077, 0.41, 0.075, 0.161, 0.078, 0.434, 0.076, 0.15, 0.077, 0.341, 0.077, 0.152, 0.076, 0.434, 0.076, 0.15, 0.076, 0.429, 0.08, 0.153, 0.074, 0.429, 0.075, 0.15, 0.077, 0.435, 0.073, 0.151, 0.076, 0.344, 0.076, 0.145, 0.082, 0.366, 0.077, 0.158, 0.272, 0.157, 0.077, 0.257, 0.08, 0.149, 0.077, 0.453, 0.075]","[35.05747126436782, 35.08322663252241, 35.128205128205124, 34.65884652981427, 35.50605961349493, 35.16672257631667, 34.72527472527472, 35.10160427807486, 35.76919874552468, 35.0383631713555, 34.91093743801325, 35.04069697736688, 34.78671865768639, 35.04069697736688, 35.17238602659938, 34.848604632777295, 34.475822050290134, 34.79905437352245, 34.60818956557888, 34.47137699845281, 34.36035343834037, 34.5956054230949, 34.35595390524968, 34.635186437152214, 34.22470767666497, 34.2255776710135, 34.11604302378427, 34.289650597645135, 34.174521131042866, 34.301464958399265, 34.18491484184915, 34.00030088761848, 34.127244714974864, 34.20702248259596, 34.02077374680114, 34.24908424908425, 33.71783496007099, 34.15053328615478, 33.74403374403374, 33.84477878742737, 33.885160328113344, 34.04896421845574, 34.07206392281019, 33.93939393939394, 33.67181751287711, 33.84386617100371, 33.58241758241758, 33.659020975591815, 33.2686920922215, 33.59390267735001, 33.52898374969682, 33.50165080598174, 33.41295693087224, 33.27536370941626, 32.601650309145654, 33.25595309321527, 33.31299134867358, 33.36219336219336, 33.31175836030205, 33.2686920922215, 33.73138729175881, 33.33333333333333]","[3.6109195402298853, 12.66504481434059, 3.7938461538461534, 7.243698924731182, 2.769472649852604, 13.22268768869507, 2.291868131868132, 5.686459893048127, 2.5396131109322524, 14.540920716112531, 2.653231245289007, 6.06204057708447, 2.6090038993264795, 14.436767154675152, 2.6379289519949536, 6.028808601470471, 2.6546382978723404, 14.267612293144204, 2.595614217418416, 5.549891696750903, 2.680107568190549, 15.014492753623188, 2.611052496798975, 5.195277965572832, 2.635302491103203, 11.670921985815603, 2.626935312831389, 5.21202689084206, 2.5972636059592578, 14.88683579194528, 2.5980535279805355, 5.100045133142772, 2.5936705983380897, 14.674812645033667, 2.7216618997440913, 5.24010989010989, 2.495119787045253, 14.650578779760401, 2.530802530802531, 5.076716818114106, 2.609157345264727, 14.811299435028246, 2.4872606663651435, 5.124848484848484, 2.5590581309786606, 11.642289962825275, 2.5522637362637357, 4.880558041460813, 2.728032751562163, 12.295368379910103, 2.5817317487266553, 5.293260827345115, 9.08832428519725, 5.224232102378353, 2.5103270738042154, 8.546779944956324, 2.665039307893886, 4.97096681096681, 2.5650053937432578, 15.07071751777634, 2.5298540468819106]",373.4082330256141,9.954448269937943,c:\git\RailwAI\VIDEO\20260612\ADTC Rastatt_00_20260612135854.mp4,2026-06-12 13:58:54,Lok,Lok,Lok
ADTC1_adz_raw_20260612_1404,2026-06-12 14:02:58.643,2026-06-12 14:03:08.663,"[Timestamp('2026-06-12 14:03:08.663000'), Timestamp('2026-06-12 14:03:08.793000'), Timestamp('2026-06-12 14:03:09.104000'), Timestamp('2026-06-12 14:03:09.235000'), Timestamp('2026-06-12 14:03:09.476000'), Timestamp('2026-06-12 14:03:09.549000'), Timestamp('2026-06-12 14:03:10.116000'), Timestamp('2026-06-12 14:03:10.190000'), Timestamp('2026-06-12 14:03:10.364000'), Timestamp('2026-06-12 14:03:10.437000'), Timestamp('2026-06-12 14:03:11.082000'), Timestamp('2026-06-12 14:03:11.254000'), Timestamp('2026-06-12 14:03:11.327000'), Timestamp('2026-06-12 14:03:11.888000'), Timestamp('2026-06-12 14:03:11.963000'), Timestamp('2026-06-12 14:03:12.140000'), Timestamp('2026-06-12 14:03:12.214000'), Timestamp('2026-06-12 14:03:12.848000'), Timestamp('2026-06-12 14:03:13.099000'), Timestamp('2026-06-12 14:03:13.988000'), Timestamp('2026-06-12 14:03:14.632000'), Timestamp('2026-06-12 14:03:16.587000'), Timestamp('2026-06-12 14:03:16.663000'), Timestamp('2026-06-12 14:03:17.255000'), Timestamp('2026-06-12 14:03:17.384000'), Timestamp('2026-06-12 14:03:17.460000'), Timestamp('2026-06-12 14:03:18.054000'), Timestamp('2026-06-12 14:03:18.228000'), Timestamp('2026-06-12 14:03:18.302000'), Timestamp('2026-06-12 14:03:18.878000'), Timestamp('2026-06-12 14:03:18.953000'), Timestamp('2026-06-12 14:03:19.125000'), Timestamp('2026-06-12 14:03:19.207000'), Timestamp('2026-06-12 14:03:19.775000'), Timestamp('2026-06-12 14:03:19.852000'), Timestamp('2026-06-12 14:03:20.022000'), Timestamp('2026-06-12 14:03:20.996000'), Timestamp('2026-06-12 14:03:21.645000'), Timestamp('2026-06-12 14:03:21.898000'), Timestamp('2026-06-12 14:03:22.361000'), Timestamp('2026-06-12 14:03:22.437000'), Timestamp('2026-06-12 14:03:23.149000'), Timestamp('2026-06-12 14:03:23.227000'), Timestamp('2026-06-12 14:03:23.792000'), Timestamp('2026-06-12 14:03:23.865000'), Timestamp('2026-06-12 14:03:24.756000'), Timestamp('2026-06-12 14:03:25.002000'), Timestamp('2026-06-12 14:03:25.479000'), Timestamp('2026-06-12 14:03:25.554000'), Timestamp('2026-06-12 14:03:25.781000'), Timestamp('2026-06-12 14:03:26.381000'), Timestamp('2026-06-12 14:03:26.535000'), Timestamp('2026-06-12 14:03:26.610000'), Timestamp('2026-06-12 14:03:27.089000'), Timestamp('2026-06-12 14:03:27.162000'), Timestamp('2026-06-12 14:03:27.331000'), Timestamp('2026-06-12 14:03:27.410000'), Timestamp('2026-06-12 14:03:28.049000'), Timestamp('2026-06-12 14:03:28.314000'), Timestamp('2026-06-12 14:03:28.959000'), Timestamp('2026-06-12 14:03:29.224000'), Timestamp('2026-06-12 14:03:29.869000'), Timestamp('2026-06-12 14:03:30.039000'), Timestamp('2026-06-12 14:03:30.115000'), Timestamp('2026-06-12 14:03:30.708000'), Timestamp('2026-06-12 14:03:30.875000'), Timestamp('2026-06-12 14:03:30.955000')]","[0.13, 0.311, 0.131, 0.241, 0.073, 0.567, 0.074, 0.174, 0.073, 0.645, 0.172, 0.073, 0.561, 0.075, 0.177, 0.074, 0.634, 0.251, 0.889, 0.644, 1.955, 0.076, 0.592, 0.129, 0.076, 0.594, 0.174, 0.074, 0.576, 0.075, 0.172, 0.082, 0.568, 0.077, 0.17, 0.974, 0.649, 0.253, 0.463, 0.076, 0.712, 0.078, 0.565, 0.073, 0.891, 0.246, 0.477, 0.075, 0.227, 0.6, 0.154, 0.075, 0.479, 0.073, 0.169, 0.079, 0.639, 0.265, 0.645, 0.265, 0.645, 0.17, 0.076, 0.593, 0.167, 0.08]","[nan, nan, nan, nan, nan, nan, nan, nan, nan, nan, nan, nan, nan, nan, nan, nan, nan, nan, nan, nan, nan, nan, nan, nan, nan, nan, nan, nan, nan, nan, nan, nan, nan, nan, nan, nan, nan, nan, nan, nan, nan, nan, nan, nan, nan, nan, nan, nan, nan, nan, nan, nan, nan, nan, nan, nan, nan, nan, nan, nan, nan, nan, nan, nan, nan, nan, nan, nan]","[nan, nan, nan, nan, nan, nan, nan, nan, nan, nan, nan, nan, nan, nan, nan, nan, nan, nan, nan, nan, nan, nan, nan, nan, nan, nan, nan, nan, nan, nan, nan, nan, nan, nan, nan, nan, nan, nan, nan, nan, nan, nan, nan, nan, nan, nan, nan, nan, nan, nan, nan, nan, nan, nan, nan, nan, nan, nan, nan, nan, nan, nan, nan, nan, nan, nan]",,9.920260568205515,c:\git\RailwAI\VIDEO\20260612\ADTC Rastatt_00_20260612140309.mp4,2026-06-12 14:03:09,Lok,Lok,Lok
ADTC1_adz_raw_20260612_1408,2026-06-12 14:07:14.522,2026-06-12 14:07:24.559,"[Timestamp('2026-06-12 14:07:24.559000'), Timestamp('2026-06-12 14:07:24.681000'), Timestamp('2026-06-12 14:07:25.309000'), Timestamp('2026-06-12 14:07:25.433000'), Timestamp('2026-06-12 14:07:26.096000'), Timestamp('2026-06-12 14:07:26.221000'), Timestamp('2026-06-12 14:07:26.882000'), Timestamp('2026-06-12 14:07:27.006000'), Timestamp('2026-06-12 14:07:27.669000'), Timestamp('2026-06-12 14:07:27.795000'), Timestamp('2026-06-12 14:07:28.459000'), Timestamp('2026-06-12 14:07:28.581000'), Timestamp('2026-06-12 14:07:29.244000'), Timestamp('2026-06-12 14:07:29.366000'), Timestamp('2026-06-12 14:07:30.031000'), Timestamp('2026-06-12 14:07:30.155000'), Timestamp('2026-06-12 14:07:30.818000'), Timestamp('2026-06-12 14:07:30.939000'), Timestamp('2026-06-12 14:07:31.605000'), Timestamp('2026-06-12 14:07:31.727000'), Timestamp('2026-06-12 14:07:32.388000'), Timestamp('2026-06-12 14:07:32.511000'), Timestamp('2026-06-12 14:07:33.140000'), Timestamp('2026-06-12 14:07:33.262000'), Timestamp('2026-06-12 14:07:33.626000'), Timestamp('2026-06-12 14:07:33.744000'), Timestamp('2026-06-12 14:07:34.376000'), Timestamp('2026-06-12 14:07:34.495000'), Timestamp('2026-06-12 14:07:35.158000'), Timestamp('2026-06-12 14:07:35.283000'), Timestamp('2026-06-12 14:07:35.945000'), Timestamp('2026-06-12 14:07:36.068000'), Timestamp('2026-06-12 14:07:36.732000'), Timestamp('2026-06-12 14:07:36.859000'), Timestamp('2026-06-12 14:07:37.516000'), Timestamp('2026-06-12 14:07:37.639000'), Timestamp('2026-06-12 14:07:38.307000'), Timestamp('2026-06-12 14:07:38.427000'), Timestamp('2026-06-12 14:07:39.090000'), Timestamp('2026-06-12 14:07:39.215000'), Timestamp('2026-06-12 14:07:39.880000'), Timestamp('2026-06-12 14:07:40.002000'), Timestamp('2026-06-12 14:07:40.664000'), Timestamp('2026-06-12 14:07:40.787000'), Timestamp('2026-06-12 14:07:41.453000'), Timestamp('2026-06-12 14:07:41.578000'), Timestamp('2026-06-12 14:07:42.203000'), Timestamp('2026-06-12 14:07:42.325000')]","[0.122, 0.628, 0.124, 0.663, 0.125, 0.661, 0.124, 0.663, 0.126, 0.664, 0.122, 0.663, 0.122, 0.665, 0.124, 0.663, 0.121, 0.666, 0.122, 0.661, 0.123, 0.629, 0.122, 0.364, 0.118, 0.632, 0.119, 0.663, 0.125, 0.662, 0.123, 0.664, 0.127, 0.657, 0.123, 0.668, 0.12, 0.663, 0.125, 0.665, 0.122, 0.662, 0.123, 0.666, 0.125, 0.625, 0.122]","[34.92571670481154, 35.426283753421295, 35.18182916515646, 35.62164394878149, 34.978364172130924, 35.29602595296025, 34.84584980237154, 34.99229829500186, 34.78443522554219, 35.2494138572237, 34.66110531803962, 35.04816724627253, 34.78671865768639, 34.8715785032435, 34.6000987089903, 34.378843788437884, 34.502516453735964, 34.74527462170794, 34.502516453735964, 34.70226676584583, 34.73890851982725, 34.415884254271205, 34.65410932174727, 34.42736534168185, 34.006269592476485, 34.76985145791308, 34.415884254271205, 34.80351170568562, 34.999801137493534, 34.52213701102017, 34.8599471101346, 35.00357341380132, 34.49546010689677, 34.42799323735847, 34.70226676584583, 34.94822924223438, 34.14499030544154, 34.46153846153846, 34.180278281911676, 35.243518456488246, 34.49869089789003, 34.81391617422612, 34.937704918032786, 34.85934914506343, 34.25761301305088, 34.58391230507951, 34.607511168904736, 34.937704918032786]","[4.260937437987008, 22.247706197148574, 4.362546816479401, 23.61714993804213, 4.3722955215163655, 23.330673154906727, 4.320885375494071, 23.199893769586232, 4.382838838418316, 23.405610801196538, 4.228654848800833, 23.236934884278686, 4.24397967623774, 23.189599704656928, 4.290412239914797, 22.793173431734317, 4.174804490902051, 23.14035289805749, 4.209307007355788, 22.938198332224093, 4.272885747938751, 21.647591195936588, 4.227801337253167, 12.531560984372193, 4.012739811912225, 21.974546121401065, 4.095490226258273, 23.07472826086957, 4.374975142186692, 22.853654701295355, 4.287773494546555, 23.242372746764076, 4.38092343357589, 22.619191556944518, 4.268378812199037, 23.345417133812568, 4.097398836652984, 22.848, 4.2725347852389595, 23.436939773564685, 4.208840289542583, 23.046812507337695, 4.297337704918033, 23.216326530612246, 4.28220162663136, 21.614945190674693, 4.222116362606378]",618.6994396799843,9.928382184124915,c:\git\RailwAI\VIDEO\20260612\ADTC Rastatt_00_20260612140725.mp4,2026-06-12 14:07:25,Trieb,Trieb,Trieb
ADTC1_adz_raw_20260612_1411,2026-06-12 14:09:54.726,2026-06-12 14:10:04.835,"[Timestamp('2026-06-12 14:10:04.835000'), Timestamp('2026-06-12 14:10:05.285000'), Timestamp('2026-06-12 14:10:05.724000'), Timestamp('2026-06-12 14:10:06.173000'), Timestamp('2026-06-12 14:10:06.514000'), Timestamp('2026-06-12 14:10:06.967000'), Timestamp('2026-06-12 14:10:07.401000'), Timestamp('2026-06-12 14:10:07.857000')]","[0.45, 0.439, 0.449, 0.341, 0.453, 0.434, 0.456]","[35.68822553897181, 28.45121218192747, 35.74750830564784, 35.0383631713555, 27.157818707114487, 54.3030303030303, 15.81879355040356, 50.15507310589278, 33.932853717026376]","[16.059701492537314, 12.49008214786616, 16.05063122923588, 11.948081841432225, 12.302491874322863, 23.56751515151515, 7.213369858984024]",99.63187359589362,9.92154915590864,c:\git\RailwAI\VIDEO\20260612\ADTC Rastatt_00_20260612141005.mp4,2026-06-12 14:10:05,Trieb,Trieb,Trieb
ADTC1_adz_raw_20260612_1430,2026-06-12 14:29:30.003,2026-06-12 14:29:40.058,"[Timestamp('2026-06-12 14:29:40.058000'), Timestamp('2026-06-12 14:29:40.177000'), Timestamp('2026-06-12 14:29:40.539000'), Timestamp('2026-06-12 14:29:40.655000'), Timestamp('2026-06-12 14:29:40.888000'), Timestamp('2026-06-12 14:29:41.002000'), Timestamp('2026-06-12 14:29:41.803000'), Timestamp('2026-06-12 14:29:41.924000'), Timestamp('2026-06-12 14:29:42.113000'), Timestamp('2026-06-12 14:29:42.230000'), Timestamp('2026-06-12 14:29:43.028000'), Timestamp('2026-06-12 14:29:43.144000'), Timestamp('2026-06-12 14:29:43.343000'), Timestamp('2026-06-12 14:29:43.453000'), Timestamp('2026-06-12 14:29:44.257000'), Timestamp('2026-06-12 14:29:44.369000'), Timestamp('2026-06-12 14:29:44.568000'), Timestamp('2026-06-12 14:29:44.681000'), Timestamp('2026-06-12 14:29:45.476000'), Timestamp('2026-06-12 14:29:45.590000')]","[0.119, 0.362, 0.116, 0.233, 0.114, 0.801, 0.121, 0.189, 0.117, 0.798, 0.116, 0.199, 0.11, 0.804, 0.112, 0.199, 0.113, 0.795, 0.114]","[34.475822050290134, 34.8715785032435, 35.066389377699565, 34.5956054230949, 34.16413373860182, 33.98240733779415, 33.74434752526625, 34.22731779240918, 34.28615160907664, 34.59470690595538, 34.103127129552504, 34.424522845575474, 34.4103703894035, 34.53237410071942, 33.92226148409894, 34.43027560674619, 34.23340961098398, 34.59470690595538, 34.7334537175159, 34.24298685114067]","[4.102622823984526, 12.623511418174147, 4.06770116781315, 8.060776063581113, 3.8947112462006075, 27.219908277573115, 4.083066050557216, 6.468963062765336, 4.011479738261967, 27.606576110952393, 3.955962747028091, 6.85048004626952, 3.785140742834385, 27.764028776978417, 3.7992932862190814, 6.851624845742493, 3.86837528604119, 27.502791990234527, 3.9596137237968128]",190.4766274050081,9.950683538471012,c:\git\RailwAI\VIDEO\20260612\ADTC Rastatt_00_20260612142940.mp4,2026-06-12 14:29:40,Lok,Lok,Lok
ADTC1_adz_raw_20260612_1455,2026-06-12 14:53:30.595,2026-06-12 14:53:40.653,"[Timestamp('2026-06-12 14:53:40.653000'), Timestamp('2026-06-12 14:53:40.761000'), Timestamp('2026-06-12 14:53:41.555000'), Timestamp('2026-06-12 14:53:41.668000'), Timestamp('2026-06-12 14:53:41.985000'), Timestamp('2026-06-12 14:53:42.105000'), Timestamp('2026-06-12 14:53:42.892000'), Timestamp('2026-06-12 14:53:43.014000'), Timestamp('2026-06-12 14:53:43.324000'), Timestamp('2026-06-12 14:53:43.441000'), Timestamp('2026-06-12 14:53:44.227000'), Timestamp('2026-06-12 14:53:44.347000'), Timestamp('2026-06-12 14:53:44.670000'), Timestamp('2026-06-12 14:53:44.780000'), Timestamp('2026-06-12 14:53:45.576000'), Timestamp('2026-06-12 14:53:45.684000'), Timestamp('2026-06-12 14:53:46.007000'), Timestamp('2026-06-12 14:53:46.127000'), Timestamp('2026-06-12 14:53:46.917000'), Timestamp('2026-06-12 14:53:47.035000'), Timestamp('2026-06-12 14:53:47.350000'), Timestamp('2026-06-12 14:53:47.466000'), Timestamp('2026-06-12 14:53:48.263000'), Timestamp('2026-06-12 14:53:48.381000'), Timestamp('2026-06-12 14:53:48.699000'), Timestamp('2026-06-12 14:53:48.807000'), Timestamp('2026-06-12 14:53:49.616000'), Timestamp('2026-06-12 14:53:49.724000'), Timestamp('2026-06-12 14:53:50.041000'), Timestamp('2026-06-12 14:53:50.162000'), Timestamp('2026-06-12 14:53:50.956000'), Timestamp('2026-06-12 14:53:51.077000'), Timestamp('2026-06-12 14:53:51.395000'), Timestamp('2026-06-12 14:53:51.504000'), Timestamp('2026-06-12 14:53:52.310000'), Timestamp('2026-06-12 14:53:52.422000'), Timestamp('2026-06-12 14:53:52.739000'), Timestamp('2026-06-12 14:53:52.863000'), Timestamp('2026-06-12 14:53:53.661000'), Timestamp('2026-06-12 14:53:53.778000'), Timestamp('2026-06-12 14:53:54.102000'), Timestamp('2026-06-12 14:53:54.211000'), Timestamp('2026-06-12 14:53:55.024000'), Timestamp('2026-06-12 14:53:55.129000'), Timestamp('2026-06-12 14:53:55.459000'), Timestamp('2026-06-12 14:53:55.566000'), Timestamp('2026-06-12 14:53:56.377000'), Timestamp('2026-06-12 14:53:56.482000')]","[0.108, 0.794, 0.113, 0.317, 0.12, 0.787, 0.122, 0.31, 0.117, 0.786, 0.12, 0.323, 0.11, 0.796, 0.108, 0.323, 0.12, 0.79, 0.118, 0.315, 0.116, 0.797, 0.118, 0.318, 0.108, 0.809, 0.108, 0.317, 0.121, 0.794, 0.121, 0.318, 0.109, 0.806, 0.112, 0.317, 0.124, 0.798, 0.117, 0.324, 0.109, 0.813, 0.105, 0.33, 0.107, 0.811, 0.105]","[34.2299283062999, 34.29271279853032, 34.352435089875556, 33.92395579696572, 33.984962406015036, 34.2299283062999, 33.685869418007655, 34.103987884906616, 34.103987884906616, 33.98240733779415, 34.10570952597304, 33.86506731702461, 34.6000987089903, 34.347158218125955, 34.30715625837577, 33.92903975122701, 33.92903975122701, 34.35595390524968, 33.9909257263179, 34.20702248259596, 34.111736638812445, 34.05797101449275, 34.17062511875356, 34.077262943242324, 34.216133942161335, 34.134141720348616, 34.060082387219936, 33.93939393939394, 34.18491484184915, 33.80867498514557, 33.33976461508779, 33.6359292881032, 33.83679801427242, 34.006269592476485, 33.72573189522342, 33.679864336798644, 33.96395946687964, 33.91044776119403, 33.84477878742737, 33.715233007920425, 33.95124872133928, 33.99195663577548, 33.52898374969682, 34.03103979557326, 33.79948205697373, 34.167997685912994, 33.60723489084455, 33.97129186602871]","[3.6968322570803887, 27.228413962033073, 3.881825165155938, 10.753893987638135, 4.078195488721804, 26.93895357705802, 4.109676068996934, 10.57223624432105, 3.990166582534074, 26.710172167506204, 4.092685143116765, 10.93841674339895, 3.8060108579889333, 27.340337941628263, 3.705172875904583, 10.959079839646325, 4.071484770147241, 27.141203585147245, 4.010929235705512, 10.775212082017728, 3.9569614501022436, 27.144202898550724, 4.0321337640129205, 10.83656961595106, 3.695342465753424, 27.61452065176203, 3.678488897819753, 10.758787878787878, 4.136374695863747, 26.844087938205586, 4.034111518425622, 10.696225513616817, 3.6882109835556935, 27.40905329153605, 3.777281972265023, 10.676516994765171, 4.211530973893076, 27.060537313432835, 3.9598391181290027, 10.923735494566218, 3.700686110625982, 27.635460744885464, 3.520543293718166, 11.230243132539176, 3.616544580096189, 27.71024612327544, 3.5287596635386778]",538.8778956554212,9.948499780533194,c:\git\RailwAI\VIDEO\20260612\ADTC Rastatt_00_20260612145335.mp4,2026-06-12 14:53:35,Lok,Lok,Lok
ADTC1_adz_raw_20260612_1459,2026-06-12 14:58:17.261,2026-06-12 14:58:27.301,"[Timestamp('2026-06-12 14:58:27.301000'), Timestamp('2026-06-12 14:58:27.416000'), Timestamp('2026-06-12 14:58:28.166000'), Timestamp('2026-06-12 14:58:28.283000'), Timestamp('2026-06-12 14:58:28.494000'), Timestamp('2026-06-12 14:58:28.609000'), Timestamp('2026-06-12 14:58:29.379000'), Timestamp('2026-06-12 14:58:29.495000'), Timestamp('2026-06-12 14:58:29.709000'), Timestamp('2026-06-12 14:58:29.823000'), Timestamp('2026-06-12 14:58:30.598000'), Timestamp('2026-06-12 14:58:30.710000'), Timestamp('2026-06-12 14:58:31.041000'), Timestamp('2026-06-12 14:58:31.793000'), Timestamp('2026-06-12 14:58:31.909000'), Timestamp('2026-06-12 14:58:32.215000'), Timestamp('2026-06-12 14:58:32.338000'), Timestamp('2026-06-12 14:58:33.092000'), Timestamp('2026-06-12 14:58:33.213000'), Timestamp('2026-06-12 14:58:33.422000'), Timestamp('2026-06-12 14:58:33.535000'), Timestamp('2026-06-12 14:58:34.314000'), Timestamp('2026-06-12 14:58:34.426000'), Timestamp('2026-06-12 14:58:34.643000'), Timestamp('2026-06-12 14:58:34.756000'), Timestamp('2026-06-12 14:58:35.531000'), Timestamp('2026-06-12 14:58:35.650000'), Timestamp('2026-06-12 14:58:35.863000'), Timestamp('2026-06-12 14:58:35.979000'), Timestamp('2026-06-12 14:58:36.732000'), Timestamp('2026-06-12 14:58:36.853000')]","[0.115, 0.75, 0.117, 0.211, 0.115, 0.77, 0.116, 0.214, 0.114, 0.775, 0.112, 0.331, 0.752, 0.116, 0.306, 0.123, 0.754, 0.121, 0.209, 0.113, 0.779, 0.112, 0.217, 0.113, 0.775, 0.119, 0.213, 0.116, 0.753, 0.121]","[34.24298685114067, 34.289650597645135, 34.17062511875356, 33.98240733779415, 33.86759581881533, 34.179284130503646, 34.05325853155385, 33.802816901408455, 33.75185368264953, 34.2255776710135, 33.68462523392101, 33.802816901408455, 34.23340961098398, 33.50795545917497, 33.86338185890257, 33.86506731702461, 33.56684393911608, 33.39625381152897, 33.408381146052726, 33.16863587540279, 33.280461427541454, 33.69914643609356, 33.39382940108893, 33.22157294760035, 33.160720677723425, 33.22157294760035, 33.627797408716134, 33.25023969319271, 33.08970099667774, 33.058321479374115, 33.113291703835856, 32.94948781349346]","[3.9379434878811774, 25.71723794823385, 3.997963138894167, 7.170287948274566, 3.8947735191637634, 26.318048780487807, 3.950177989660247, 7.2338028169014095, 3.847711319822047, 26.52482269503546, 3.7726780261991535, 11.1887323943662, 25.743524027459955, 3.886922833264297, 10.362194848824187, 4.1654032799940275, 25.309400330093528, 4.040946711195005, 6.982351659525019, 3.7480558539205155, 25.925479452054795, 3.774304400842478, 7.246460980036297, 3.7540377430788396, 25.699558525235656, 3.9533671807644417, 7.162720848056536, 3.8570278044103548, 24.91654485049834, 4.000056899004268]",322.0825382931783,9.926681979735507,c:\git\RailwAI\VIDEO\20260612\ADTC Rastatt_00_20260612145828.mp4,2026-06-12 14:58:28,Trieb,Trieb,Trieb
ADTC1_adz_raw_20260612_1506,2026-06-12 15:05:04.160,2026-06-12 15:05:14.248,"[Timestamp('2026-06-12 15:05:14.248000'), Timestamp('2026-06-12 15:05:15.556000'), Timestamp('2026-06-12 15:05:15.976000'), Timestamp('2026-06-12 15:05:16.382000'), Timestamp('2026-06-12 15:05:16.453000'), Timestamp('2026-06-12 15:05:16.818000'), Timestamp('2026-06-12 15:05:17.287000')]","[1.308, 0.42, 0.406, 0.071, 0.365, 0.469]","[34.65703971119133, 34.84573502722323, 40.851063829787236, 47.17444717444717, 67.13286713286712, 58.35866261398177, 65.3061224489796, 33.92226148409894, 34.34704830053667]","[45.331407942238265, 14.635208711433755, 16.585531914893618, 3.3493857493857484, 24.503496503496496, 27.370212765957447]",131.77524358740533,9.662622533076856,c:\git\RailwAI\VIDEO\20260612\ADTC Rastatt_00_20260612150514.mp4,2026-06-12 15:05:14,Trieb,Trieb,Trieb
ADTC1_adz_raw_20260612_1527,2026-06-12 15:25:57.600,2026-06-12 15:26:07.645,"[Timestamp('2026-06-12 15:26:07.645000'), Timestamp('2026-06-12 15:26:07.750000'), Timestamp('2026-06-12 15:26:08.529000'), Timestamp('2026-06-12 15:26:08.631000'), Timestamp('2026-06-12 15:26:08.945000'), Timestamp('2026-06-12 15:26:09.051000'), Timestamp('2026-06-12 15:26:09.835000'), Timestamp('2026-06-12 15:26:09.933000'), Timestamp('2026-06-12 15:26:10.242000'), Timestamp('2026-06-12 15:26:10.361000'), Timestamp('2026-06-12 15:26:11.130000'), Timestamp('2026-06-12 15:26:11.246000'), Timestamp('2026-06-12 15:26:11.555000'), Timestamp('2026-06-12 15:26:11.661000'), Timestamp('2026-06-12 15:26:12.443000'), Timestamp('2026-06-12 15:26:12.543000'), Timestamp('2026-06-12 15:26:12.852000'), Timestamp('2026-06-12 15:26:12.969000'), Timestamp('2026-06-12 15:26:13.741000'), Timestamp('2026-06-12 15:26:13.859000'), Timestamp('2026-06-12 15:26:14.164000'), Timestamp('2026-06-12 15:26:14.268000'), Timestamp('2026-06-12 15:26:15.050000'), Timestamp('2026-06-12 15:26:15.157000'), Timestamp('2026-06-12 15:26:15.464000'), Timestamp('2026-06-12 15:26:15.581000'), Timestamp('2026-06-12 15:26:16.344000'), Timestamp('2026-06-12 15:26:16.460000'), Timestamp('2026-06-12 15:26:16.764000'), Timestamp('2026-06-12 15:26:16.882000'), Timestamp('2026-06-12 15:26:17.640000'), Timestamp('2026-06-12 15:26:17.763000'), Timestamp('2026-06-12 15:26:18.071000'), Timestamp('2026-06-12 15:26:18.176000'), Timestamp('2026-06-12 15:26:18.949000'), Timestamp('2026-06-12 15:26:19.055000'), Timestamp('2026-06-12 15:26:19.361000'), Timestamp('2026-06-12 15:26:19.480000'), Timestamp('2026-06-12 15:26:20.238000'), Timestamp('2026-06-12 15:26:20.352000'), Timestamp('2026-06-12 15:26:20.652000'), Timestamp('2026-06-12 15:26:20.772000'), Timestamp('2026-06-12 15:26:21.538000'), Timestamp('2026-06-12 15:26:21.650000'), Timestamp('2026-06-12 15:26:21.956000'), Timestamp('2026-06-12 15:26:22.068000'), Timestamp('2026-06-12 15:26:22.832000'), Timestamp('2026-06-12 15:26:22.946000'), Timestamp('2026-06-12 15:26:23.258000'), Timestamp('2026-06-12 15:26:23.357000'), Timestamp('2026-06-12 15:26:24.137000'), Timestamp('2026-06-12 15:26:24.242000')]","[0.105, 0.779, 0.102, 0.314, 0.106, 0.784, 0.098, 0.309, 0.119, 0.769, 0.116, 0.309, 0.106, 0.782, 0.1, 0.309, 0.117, 0.772, 0.118, 0.305, 0.104, 0.782, 0.107, 0.307, 0.117, 0.763, 0.116, 0.304, 0.118, 0.758, 0.123, 0.308, 0.105, 0.773, 0.106, 0.306, 0.119, 0.758, 0.114, 0.3, 0.12, 0.766, 0.112, 0.306, 0.112, 0.764, 0.114, 0.312, 0.099, 0.78, 0.105]","[34.6574913981858, 34.6574913981858, 35.04816724627253, 34.84584980237154, 34.909552523008564, 34.66833541927409, 35.16672257631667, 34.99880468563232, 35.066389377699565, 34.86514276674839, 34.78443522554219, 34.81185621189826, 35.165306998711884, 34.8596283115856, 34.76985145791308, 34.4891640866873, 34.58652462968003, 35.272227166086886, 34.7222040869622, 35.02766389364328, 34.679186228482, 35.09949652361544, 35.21364770258309, 35.05747126436782, 35.26188557614827, 35.141815072610925, 35.50663433506798, 35.2, 35.00357341380132, 35.13394817742644, 34.915071092545496, 35.438724595351104, 34.96621621621622, 35.5265306122449, 35.07034982991622, 35.30168256349802, 35.1468438538206, 35.56570682763684, 35.429871607346016, 35.64712615485242, 35.64534844037949, 35.9705241538184, 35.84158415841584, 35.43342089310972, 35.20611173006526, 35.863856301953376, 35.64534844037949, 35.49079133778587, 35.381310418904405, 35.6032869579367, 35.25247570691872, 35.20611173006526]","[3.6390365968095084, 26.998185799186736, 3.5749130591197975, 10.941596837944664, 3.700412567438908, 27.179974968710884, 3.446338812479034, 10.814630647860387, 4.172900335946248, 26.811294787629514, 4.034994486162894, 10.756863569476563, 3.7275225418634594, 27.260229339659944, 3.476985145791308, 10.657151702786377, 4.046623381672563, 27.230159372219077, 4.09722008226154, 10.6834374875612, 3.606635367762128, 27.447806281467276, 3.7678603041763905, 10.76264367816092, 4.125640612409348, 26.813204900402138, 4.118769582867886, 10.700800000000001, 4.130421662828556, 26.631532718489243, 4.294553744383096, 10.91512717536814, 3.6714527027027026, 27.462008163265306, 3.717457081971119, 10.802314864430393, 4.182474418604651, 26.958805775348722, 4.039005363237446, 10.694137846455726, 4.277441812845539, 27.553421501824896, 4.014257425742574, 10.842626793291574, 3.943084513767309, 27.39998621469238, 4.063569722203263, 11.073126897389193, 3.5027497314715363, 27.770563827190628, 3.7015099492264656]",584.2354621565572,9.929937286174654,c:\git\RailwAI\VIDEO\20260612\ADTC Rastatt_00_20260612152608.mp4,2026-06-12 15:26:08,Trieb,Trieb,Trieb
ADTC1_adz_raw_20260612_1532,2026-06-12 15:31:03.821,2026-06-12 15:31:13.870,"[Timestamp('2026-06-12 15:31:13.870000'), Timestamp('2026-06-12 15:31:13.985000'), Timestamp('2026-06-12 15:31:14.336000'), Timestamp('2026-06-12 15:31:14.450000'), Timestamp('2026-06-12 15:31:14.684000'), Timestamp('2026-06-12 15:31:14.789000'), Timestamp('2026-06-12 15:31:15.571000'), Timestamp('2026-06-12 15:31:15.682000'), Timestamp('2026-06-12 15:31:15.871000'), Timestamp('2026-06-12 15:31:15.987000'), Timestamp('2026-06-12 15:31:16.769000'), Timestamp('2026-06-12 15:31:16.883000'), Timestamp('2026-06-12 15:31:17.073000'), Timestamp('2026-06-12 15:31:17.186000'), Timestamp('2026-06-12 15:31:17.966000'), Timestamp('2026-06-12 15:31:18.080000'), Timestamp('2026-06-12 15:31:18.274000'), Timestamp('2026-06-12 15:31:18.384000'), Timestamp('2026-06-12 15:31:19.170000'), Timestamp('2026-06-12 15:31:19.275000')]","[0.115, 0.351, 0.114, 0.234, 0.105, 0.782, 0.111, 0.189, 0.116, 0.782, 0.114, 0.19, 0.113, 0.78, 0.114, 0.194, 0.11, 0.786, 0.105]","[35.379394597529526, 35.55994567230522, 35.83336815275979, 35.360195360195355, 35.822890559732656, 35.298411625549164, 35.243715140247346, 35.757289903726104, 34.77987421383648, 35.36211434618619, 35.1034814695973, 36.02365530836384, 34.79402765557904, 35.16672257631667, 34.79081472161057, 34.8596283115856, 34.97557867912508, 34.94652123265911, 35.059378623695466, 35.386119257086996]","[4.068630378715896, 12.481540930979131, 4.0850039694146165, 8.274285714285714, 3.7614035087719286, 27.603357891179446, 3.9120523805674554, 6.758127791804234, 4.034465408805032, 27.6531734187176, 4.001796887534092, 6.84449450858913, 3.931725125080432, 27.430043609527004, 3.9661528782636055, 6.762767892447607, 3.8473136547037585, 27.46796568887006, 3.6812347554880236]",190.5655363937448,9.941765544746383,c:\git\RailwAI\VIDEO\20260612\ADTC Rastatt_00_20260612153115.mp4,2026-06-12 15:31:15,Lok,Lok,Lok
ADTC1_adz_raw_20260612_1535,2026-06-12 15:34:18.541,2026-06-12 15:34:28.624,"[Timestamp('2026-06-12 15:34:28.624000'), Timestamp('2026-06-12 15:34:28.769000'), Timestamp('2026-06-12 15:34:29.280000'), Timestamp('2026-06-12 15:34:29.424000'), Timestamp('2026-06-12 15:34:29.571000'), Timestamp('2026-06-12 15:34:29.715000'), Timestamp('2026-06-12 15:34:30.450000'), Timestamp('2026-06-12 15:34:30.588000'), Timestamp('2026-06-12 15:34:31.317000'), Timestamp('2026-06-12 15:34:31.456000'), Timestamp('2026-06-12 15:34:32.178000'), Timestamp('2026-06-12 15:34:32.324000'), Timestamp('2026-06-12 15:34:33.045000'), Timestamp('2026-06-12 15:34:33.182000'), Timestamp('2026-06-12 15:34:33.912000'), Timestamp('2026-06-12 15:34:34.047000'), Timestamp('2026-06-12 15:34:34.771000'), Timestamp('2026-06-12 15:34:34.911000'), Timestamp('2026-06-12 15:34:35.632000'), Timestamp('2026-06-12 15:34:35.768000'), Timestamp('2026-06-12 15:34:36.495000'), Timestamp('2026-06-12 15:34:36.637000'), Timestamp('2026-06-12 15:34:36.792000'), Timestamp('2026-06-12 15:34:36.928000'), Timestamp('2026-06-12 15:34:37.441000'), Timestamp('2026-06-12 15:34:37.583000')]","[0.145, 0.511, 0.144, 0.147, 0.144, 0.735, 0.138, 0.729, 0.139, 0.722, 0.146, 0.721, 0.137, 0.73, 0.135, 0.724, 0.14, 0.721, 0.136, 0.727, 0.142, 0.155, 0.136, 0.513, 0.142]","[34.28746364610439, 34.103127129552504, 33.98240733779415, 34.6574913981858, 34.22731779240918, 33.347807207989575, 34.29271279853032, 34.04255319148936, 34.347158218125955, 34.568604846961904, 33.926073926073926, 34.160030337504736, 34.301464958399265, 34.3980343980344, 34.134141720348616, 34.046406338426706, 34.02340234023402, 33.81791118829075, 33.72573189522342, 33.02869438762843, 33.01650118370375, 33.62563072551805, 33.607520564042304, 33.95660433956604, 33.939152517054225, 33.70057052921503]","[4.971682228685136, 17.42669796320133, 4.8934666566423575, 5.094651235533312, 4.928733762106922, 24.510638297872337, 4.732394366197184, 24.817021276595742, 4.774254992319508, 24.958532699506495, 4.9532067932067925, 24.629381873340915, 4.6993006993007, 25.11056511056511, 4.608109132247064, 24.649598189020935, 4.763276327632764, 24.38271396675763, 4.586699537750385, 24.011860819805865, 4.688343168085932, 5.211972762455297, 4.5706227967097535, 17.41973802619738, 4.8193596574217]",304.2128223391585,9.9785195682463,c:\git\RailwAI\VIDEO\20260612\ADTC Rastatt_00_20260612153430.mp4,2026-06-12 15:34:30,Trieb,Trieb,Trieb
ADTC1_adz_raw_20260612_1540,2026-06-12 15:38:53.203,2026-06-12 15:39:03.238,"[Timestamp('2026-06-12 15:39:03.238000'), Timestamp('2026-06-12 15:39:03.357000'), Timestamp('2026-06-12 15:39:03.714000'), Timestamp('2026-06-12 15:39:03.833000'), Timestamp('2026-06-12 15:39:04.140000'), Timestamp('2026-06-12 15:39:04.714000'), Timestamp('2026-06-12 15:39:05.624000'), Timestamp('2026-06-12 15:39:05.703000'), Timestamp('2026-06-12 15:39:06.277000'), Timestamp('2026-06-12 15:39:06.355000'), Timestamp('2026-06-12 15:39:06.529000'), Timestamp('2026-06-12 15:39:06.609000'), Timestamp('2026-06-12 15:39:07.186000'), Timestamp('2026-06-12 15:39:07.263000'), Timestamp('2026-06-12 15:39:07.439000'), Timestamp('2026-06-12 15:39:07.517000'), Timestamp('2026-06-12 15:39:08.348000'), Timestamp('2026-06-12 15:39:08.425000'), Timestamp('2026-06-12 15:39:09.001000'), Timestamp('2026-06-12 15:39:09.078000'), Timestamp('2026-06-12 15:39:09.255000'), Timestamp('2026-06-12 15:39:09.334000'), Timestamp('2026-06-12 15:39:09.912000'), Timestamp('2026-06-12 15:39:09.988000'), Timestamp('2026-06-12 15:39:10.167000'), Timestamp('2026-06-12 15:39:10.245000'), Timestamp('2026-06-12 15:39:10.824000'), Timestamp('2026-06-12 15:39:10.901000'), Timestamp('2026-06-12 15:39:17.568000'), Timestamp('2026-06-12 15:39:18.155000'), Timestamp('2026-06-12 15:39:18.233000'), Timestamp('2026-06-12 15:39:18.413000'), Timestamp('2026-06-12 15:39:18.493000'), Timestamp('2026-06-12 15:39:19.078000'), Timestamp('2026-06-12 15:39:19.159000'), Timestamp('2026-06-12 15:39:19.339000'), Timestamp('2026-06-12 15:39:19.424000'), Timestamp('2026-06-12 15:39:20.009000'), Timestamp('2026-06-12 15:39:20.086000'), Timestamp('2026-06-12 15:39:20.349000')]","[0.119, 0.357, 0.119, 0.307, 0.574, 0.91, 0.079, 0.574, 0.078, 0.174, 0.08, 0.577, 0.077, 0.176, 0.078, 0.831, 0.077, 0.576, 0.077, 0.177, 0.079, 0.578, 0.076, 0.179, 0.078, 0.579, 0.077, 6.667, 0.587, 0.078, 0.18, 0.08, 0.585, 0.081, 0.18, 0.085, 0.585, 0.077, 0.263]","[nan, nan, nan, nan, nan, nan, nan, nan, nan, nan, nan, nan, nan, nan, nan, nan, nan, nan, nan, nan, nan, nan, nan, nan, nan, nan, nan, nan, nan, nan, nan, nan, nan, nan, nan, nan, nan, nan, nan, nan, nan, nan, nan, nan, nan, nan, nan, nan, nan, nan, nan, nan, nan, nan]","[nan, nan, nan, nan, nan, nan, nan, nan, nan, nan, nan, nan, nan, nan, nan, nan, nan, nan, nan, nan, nan, nan, nan, nan, nan, nan, nan, nan, nan, nan, nan, nan, nan, nan, nan, nan, nan, nan, nan]",,9.92801025672601,c:\git\RailwAI\VIDEO\20260612\ADTC Rastatt_00_20260612153903.mp4,2026-06-12 15:39:03,Lok,Lok,Lok
ADTC1_adz_raw_20260612_1554,2026-06-12 15:52:35.098,2026-06-12 15:52:45.126,"[Timestamp('2026-06-12 15:52:45.126000'), Timestamp('2026-06-12 15:52:45.253000'), Timestamp('2026-06-12 15:52:46.025000'), Timestamp('2026-06-12 15:52:46.146000'), Timestamp('2026-06-12 15:52:46.360000'), Timestamp('2026-06-12 15:52:46.481000'), Timestamp('2026-06-12 15:52:47.276000'), Timestamp('2026-06-12 15:52:47.398000'), Timestamp('2026-06-12 15:52:47.619000'), Timestamp('2026-06-12 15:52:47.736000'), Timestamp('2026-06-12 15:52:48.535000'), Timestamp('2026-06-12 15:52:48.654000'), Timestamp('2026-06-12 15:52:48.873000'), Timestamp('2026-06-12 15:52:48.995000'), Timestamp('2026-06-12 15:52:49.771000'), Timestamp('2026-06-12 15:52:49.897000'), Timestamp('2026-06-12 15:52:50.215000'), Timestamp('2026-06-12 15:52:50.338000'), Timestamp('2026-06-12 15:52:51.111000'), Timestamp('2026-06-12 15:52:51.236000'), Timestamp('2026-06-12 15:52:51.458000'), Timestamp('2026-06-12 15:52:51.575000'), Timestamp('2026-06-12 15:52:52.377000'), Timestamp('2026-06-12 15:52:52.496000'), Timestamp('2026-06-12 15:52:52.715000'), Timestamp('2026-06-12 15:52:52.838000'), Timestamp('2026-06-12 15:52:53.640000'), Timestamp('2026-06-12 15:52:53.765000'), Timestamp('2026-06-12 15:52:53.981000'), Timestamp('2026-06-12 15:52:54.110000'), Timestamp('2026-06-12 15:52:54.888000'), Timestamp('2026-06-12 15:52:55.015000')]","[0.127, 0.772, 0.121, 0.214, 0.121, 0.795, 0.122, 0.221, 0.117, 0.799, 0.119, 0.219, 0.122, 0.776, 0.126, 0.318, 0.123, 0.773, 0.125, 0.222, 0.117, 0.802, 0.119, 0.219, 0.123, 0.802, 0.125, 0.216, 0.129, 0.778, 0.127]","[32.990080302314595, 32.766031801502706, 32.60222791116031, 32.76488677662846, 32.72473867595819, 32.545738714719135, 32.605235843616654, 32.76794035414726, 32.82521275600861, 32.50825082508251, 32.32469814636359, 32.66250824547801, 32.498567991751635, 32.560706401766005, 32.02882594334902, 32.73614499825723, 32.43835616438356, 32.59630989514393, 32.28481297881929, 32.7075511055486, 32.17756852194384, 32.09286750753432, 32.309154260373774, 32.36763236763237, 31.985807739217208, 32.29659400083541, 32.16783216783217, 32.368474737629484, 31.879460745440127, 32.271723951529346, 32.217300384502956, 32.15100415977099]","[4.189740198393953, 25.29537655076009, 3.944869577250398, 7.01168577019849, 3.959693379790941, 25.873862278201713, 3.9778387729212317, 7.241714818266543, 3.8405498924530077, 25.974092409240928, 3.8466390794172667, 7.153089305759684, 3.9648252949936995, 25.26710816777042, 4.035632068861976, 10.410094109445799, 3.9899178082191784, 25.19694754894626, 4.035601622352411, 7.26107634543179, 3.7647755170674295, 25.73847974104253, 3.844789356984479, 7.088511488511489, 3.9342543519237165, 25.901868388670003, 4.020979020979021, 6.991590543327969, 4.112450436161777, 25.10740123428983, 4.091597148831875]",321.067052226466,9.910733880906344,c:\git\RailwAI\VIDEO\20260612\ADTC Rastatt_00_20260612155245.mp4,2026-06-12 15:52:45,Trieb,Trieb,Trieb
ADTC1_adz_raw_20260612_1557,2026-06-12 15:55:40.723,2026-06-12 15:55:50.766,"[Timestamp('2026-06-12 15:55:50.766000'), Timestamp('2026-06-12 15:55:50.874000'), Timestamp('2026-06-12 15:55:51.547000'), Timestamp('2026-06-12 15:55:51.661000'), Timestamp('2026-06-12 15:55:51.888000'), Timestamp('2026-06-12 15:55:51.999000'), Timestamp('2026-06-12 15:55:52.679000'), Timestamp('2026-06-12 15:55:52.788000'), Timestamp('2026-06-12 15:55:53.014000'), Timestamp('2026-06-12 15:55:53.126000'), Timestamp('2026-06-12 15:55:53.803000'), Timestamp('2026-06-12 15:55:53.916000'), Timestamp('2026-06-12 15:55:54.139000'), Timestamp('2026-06-12 15:55:54.253000'), Timestamp('2026-06-12 15:55:54.927000'), Timestamp('2026-06-12 15:55:55.040000'), Timestamp('2026-06-12 15:55:55.262000'), Timestamp('2026-06-12 15:55:55.378000'), Timestamp('2026-06-12 15:55:56.053000'), Timestamp('2026-06-12 15:55:56.170000'), Timestamp('2026-06-12 15:55:56.392000'), Timestamp('2026-06-12 15:55:56.501000'), Timestamp('2026-06-12 15:55:57.179000'), Timestamp('2026-06-12 15:55:57.291000'), Timestamp('2026-06-12 15:55:57.514000'), Timestamp('2026-06-12 15:55:57.627000'), Timestamp('2026-06-12 15:55:58.302000'), Timestamp('2026-06-12 15:55:58.416000'), Timestamp('2026-06-12 15:55:58.641000'), Timestamp('2026-06-12 15:55:58.758000'), Timestamp('2026-06-12 15:55:59.434000'), Timestamp('2026-06-12 15:55:59.542000')]","[0.108, 0.673, 0.114, 0.227, 0.111, 0.68, 0.109, 0.226, 0.112, 0.677, 0.113, 0.223, 0.114, 0.674, 0.113, 0.222, 0.116, 0.675, 0.117, 0.222, 0.109, 0.678, 0.112, 0.223, 0.113, 0.675, 0.114, 0.225, 0.117, 0.676, 0.108]","[35.034167353558985, 35.34188728276758, 34.94652123265911, 35.20309477756286, 34.386774317570165, 35.48281505728314, 34.97568924630039, 34.81185621189826, 34.568604846961904, 34.99880468563232, 34.79402765557904, 34.98207885304659, 34.66426811622541, 35.426283753421295, 34.69366454441081, 35.432073544433095, 34.913245873889124, 35.03696303696303, 34.34803758416754, 34.97372193024367, 34.72890935733724, 34.848604632777295, 34.916478197040036, 34.91093743801325, 34.47937891723195, 34.98207885304659, 35.01461599787404, 34.78991596638655, 34.722549250451294, 34.65884652981427, 34.53952477092716, 34.78991596638655]","[3.78369007418437, 23.785090141302582, 3.9839034205231387, 7.991102514506769, 3.8169319492502884, 24.128314238952537, 3.8123501278467424, 7.867479503889007, 3.8716837428597333, 23.694190772173084, 3.931725125080432, 7.801003584229389, 3.9517265652496967, 23.877315249805953, 3.9203840935184213, 7.865920326864147, 4.049936521371139, 23.649950049950046, 4.018720397347603, 7.764166268514095, 3.7854511199497587, 23.627353941023006, 3.910645558068484, 7.785139048676955, 3.8961698176472104, 23.61290322580645, 3.9916662237576404, 7.8277310924369745, 4.062538262302802, 23.42938025415445, 3.7302686752601333]",307.224831886503,9.92100930131863,c:\git\RailwAI\VIDEO\20260612\ADTC Rastatt_00_20260612155551.mp4,2026-06-12 15:55:51,Trieb,Trieb,Trieb
ADTC1_adz_raw_20260612_1604,2026-06-12 16:03:32.486,2026-06-12 16:03:42.587,"[Timestamp('2026-06-12 16:03:42.587000'), Timestamp('2026-06-12 16:03:43.076000'), Timestamp('2026-06-12 16:03:43.549000'), Timestamp('2026-06-12 16:03:44.041000'), Timestamp('2026-06-12 16:03:44.410000'), Timestamp('2026-06-12 16:03:45.371000'), Timestamp('2026-06-12 16:03:45.865000')]","[0.489, 0.473, 0.492, 0.369, 0.961, 0.494]","[32.87517531556802, 33.05566073457024, 33.2045226849864, 33.22157294760035, 32.902863559797865, 35.0, 31.068286552157517, 32.975719932241674]","[16.07596072931276, 15.635327527451722, 16.33662516101331, 12.25876041766453, 31.619651880965748, 17.29]",109.21632571640808,9.891010203828298,c:\git\RailwAI\VIDEO\20260612\ADTC Rastatt_00_20260612160343.mp4,2026-06-12 16:03:43,Trieb,Trieb,Trieb
ADTC1_adz_raw_20260612_1608,2026-06-12 16:07:03.782,2026-06-12 16:07:13.814,"[Timestamp('2026-06-12 16:07:13.814000'), Timestamp('2026-06-12 16:07:13.946000'), Timestamp('2026-06-12 16:07:14.238000'), Timestamp('2026-06-12 16:07:14.374000'), Timestamp('2026-06-12 16:07:14.628000'), Timestamp('2026-06-12 16:07:14.748000'), Timestamp('2026-06-12 16:07:15.491000'), Timestamp('2026-06-12 16:07:15.602000'), Timestamp('2026-06-12 16:07:15.823000'), Timestamp('2026-06-12 16:07:15.935000'), Timestamp('2026-06-12 16:07:16.681000'), Timestamp('2026-06-12 16:07:16.786000'), Timestamp('2026-06-12 16:07:17.010000'), Timestamp('2026-06-12 16:07:17.120000'), Timestamp('2026-06-12 16:07:17.869000'), Timestamp('2026-06-12 16:07:17.974000'), Timestamp('2026-06-12 16:07:18.196000'), Timestamp('2026-06-12 16:07:18.306000'), Timestamp('2026-06-12 16:07:19.051000'), Timestamp('2026-06-12 16:07:19.164000')]","[0.132, 0.292, 0.136, 0.254, 0.12, 0.743, 0.111, 0.221, 0.112, 0.746, 0.105, 0.224, 0.11, 0.749, 0.105, 0.222, 0.11, 0.745, 0.113]","[35.604395604395606, 35.298411625549164, 35.424836601307184, 34.98207885304659, 35.5045118949959, 35.55994567230522, 34.84584980237154, 35.56336095713736, 35.890985324947586, 35.3060479454833, 34.846768030778144, 34.79905437352245, 34.65884652981427, 34.91093743801325, 34.85503426462836, 34.78671865768639, 34.848604632777295, 34.720732504905165, 35.006243524004354, 35.034167353558985]","[4.69978021978022, 10.307136194660355, 4.817777777777778, 8.885448028673833, 4.260541427399508, 26.421039634522778, 3.867889328063241, 7.8595027715273575, 4.01979035639413, 26.33831176733054, 3.658910643231705, 7.794988179669029, 3.8124731182795695, 26.148292141071924, 3.6597785977859774, 7.722651542006379, 3.8333465096055024, 25.866945716154348, 3.955705518212492]",187.9303094721467,9.92078269910832,c:\git\RailwAI\VIDEO\20260612\ADTC Rastatt_00_20260612160714.mp4,2026-06-12 16:07:14,Lok,Lok,Lok
ADTC1_adz_raw_20260612_1611,2026-06-12 16:09:48.838,2026-06-12 16:09:58.888,"[Timestamp('2026-06-12 16:09:58.888000'), Timestamp('2026-06-12 16:09:58.994000'), Timestamp('2026-06-12 16:09:59.798000'), Timestamp('2026-06-12 16:09:59.905000'), Timestamp('2026-06-12 16:10:00.223000'), Timestamp('2026-06-12 16:10:00.346000'), Timestamp('2026-06-12 16:10:01.136000'), Timestamp('2026-06-12 16:10:01.259000'), Timestamp('2026-06-12 16:10:01.574000'), Timestamp('2026-06-12 16:10:01.693000'), Timestamp('2026-06-12 16:10:02.485000'), Timestamp('2026-06-12 16:10:02.604000'), Timestamp('2026-06-12 16:10:02.927000'), Timestamp('2026-06-12 16:10:03.033000'), Timestamp('2026-06-12 16:10:03.840000'), Timestamp('2026-06-12 16:10:03.945000'), Timestamp('2026-06-12 16:10:04.262000'), Timestamp('2026-06-12 16:10:04.385000'), Timestamp('2026-06-12 16:10:05.180000'), Timestamp('2026-06-12 16:10:05.298000'), Timestamp('2026-06-12 16:10:05.611000'), Timestamp('2026-06-12 16:10:05.731000'), Timestamp('2026-06-12 16:10:06.527000'), Timestamp('2026-06-12 16:10:06.644000'), Timestamp('2026-06-12 16:10:06.967000'), Timestamp('2026-06-12 16:10:07.072000'), Timestamp('2026-06-12 16:10:07.879000'), Timestamp('2026-06-12 16:10:07.984000'), Timestamp('2026-06-12 16:10:08.307000'), Timestamp('2026-06-12 16:10:08.423000'), Timestamp('2026-06-12 16:10:09.221000'), Timestamp('2026-06-12 16:10:09.337000'), Timestamp('2026-06-12 16:10:09.659000'), Timestamp('2026-06-12 16:10:09.766000'), Timestamp('2026-06-12 16:10:10.570000'), Timestamp('2026-06-12 16:10:10.678000'), Timestamp('2026-06-12 16:10:10.998000'), Timestamp('2026-06-12 16:10:11.119000'), Timestamp('2026-06-12 16:10:11.914000'), Timestamp('2026-06-12 16:10:12.032000'), Timestamp('2026-06-12 16:10:12.350000'), Timestamp('2026-06-12 16:10:12.459000'), Timestamp('2026-06-12 16:10:13.271000'), Timestamp('2026-06-12 16:10:13.373000'), Timestamp('2026-06-12 16:10:13.698000'), Timestamp('2026-06-12 16:10:13.809000'), Timestamp('2026-06-12 16:10:14.615000'), Timestamp('2026-06-12 16:10:14.720000')]","[0.106, 0.804, 0.107, 0.318, 0.123, 0.79, 0.123, 0.315, 0.119, 0.792, 0.119, 0.323, 0.106, 0.807, 0.105, 0.317, 0.123, 0.795, 0.118, 0.313, 0.12, 0.796, 0.117, 0.323, 0.105, 0.807, 0.105, 0.323, 0.116, 0.798, 0.116, 0.322, 0.107, 0.804, 0.108, 0.32, 0.121, 0.795, 0.118, 0.318, 0.109, 0.812, 0.102, 0.325, 0.111, 0.806, 0.105]","[33.92437194370824, 34.23776223776224, 33.704543214743275, 34.01309353600722, 33.80867498514557, 33.53737349103768, 33.69914643609356, 34.006269592476485, 33.76687601997923, 33.76103241118446, 33.568075117370896, 33.685869418007655, 33.33976461508779, 34.28615160907664, 33.627797408716134, 33.926073926073926, 33.80658920976602, 33.86506731702461, 33.57300073367571, 33.67076167076167, 33.68421052631579, 33.748517200474495, 33.637702503681886, 33.71783496007099, 33.46938775510204, 33.76687601997923, 33.75444137386498, 33.648439610086676, 33.83679801427242, 34.02077374680114, 33.90894819466248, 33.886149708650834, 33.648439610086676, 33.42400174083342, 34.04896421845574, 33.76103241118446, 33.61616161616162, 33.92437194370824, 33.90894819466248, 33.67181751287711, 33.81955967210679, 33.765688827456835, 33.56194367430322, 34.06005140099041, 33.83458646616541, 33.68503417162838, 33.28534408292542, 33.77777777777777]","[3.595983426033073, 27.527160839160842, 3.6063861239775306, 10.816163744450296, 4.158467023172905, 26.494525057919766, 4.144995011639508, 10.711974921630093, 4.0182582463775285, 26.738737669658093, 3.994600938967136, 10.880535822016473, 3.534015049199305, 27.66892434852485, 3.530918727915194, 10.754565434565434, 4.15821047280122, 26.922728517034567, 3.961614086573734, 10.538948402948403, 4.042105263157894, 26.8638196915777, 3.935611192930781, 10.89086069210293, 3.5142857142857142, 27.24986894812324, 3.5442163442558225, 10.868445994057996, 3.9250685696556005, 27.14857744994731, 3.9334379905808476, 10.911340206185569, 3.6003830382792743, 26.87289739963007, 3.6772881355932197, 10.803530371579027, 4.067555555555556, 26.96987569524805, 4.001255886970172, 10.707637969094922, 3.6863320042596404, 27.417739327894953, 3.4233182547789283, 11.069516705321885, 3.7556390977443606, 27.150137542332477, 3.494961128707169]",535.283420034417,9.93883564276202,c:\git\RailwAI\VIDEO\20260612\ADTC Rastatt_00_20260612160959.mp4,2026-06-12 16:09:59,Trieb,Trieb,Trieb
ADTC1_adz_raw_20260612_1614,2026-06-12 16:13:33.254,2026-06-12 16:13:43.284,"[Timestamp('2026-06-12 16:13:43.284000'), Timestamp('2026-06-12 16:13:43.395000'), Timestamp('2026-06-12 16:13:43.741000'), Timestamp('2026-06-12 16:13:43.862000')]","[0.111, 0.346, 0.121]","[34.78671865768639, 35.55994567230522, 35.36883243771372, 35.55555555555555]","[3.8613257710031896, 12.303741202617605, 4.27962872496336]",20.444695698584155,9.92315316335266,c:\git\RailwAI\VIDEO\20260612\ADTC Rastatt_00_20260612161344.mp4,2026-06-12 16:13:44,Lok,Lok,Lok
ADTC1_adz_raw_20260612_1626,2026-06-12 16:24:39.328,2026-06-12 16:24:49.385,"[Timestamp('2026-06-12 16:24:49.385000'), Timestamp('2026-06-12 16:24:49.504000'), Timestamp('2026-06-12 16:24:49.856000'), Timestamp('2026-06-12 16:24:49.976000'), Timestamp('2026-06-12 16:24:50.198000'), Timestamp('2026-06-12 16:24:50.315000'), Timestamp('2026-06-12 16:24:51.104000'), Timestamp('2026-06-12 16:24:51.219000'), Timestamp('2026-06-12 16:24:51.414000'), Timestamp('2026-06-12 16:24:51.525000'), Timestamp('2026-06-12 16:24:52.314000'), Timestamp('2026-06-12 16:24:52.431000'), Timestamp('2026-06-12 16:24:52.626000'), Timestamp('2026-06-12 16:24:52.741000'), Timestamp('2026-06-12 16:24:53.533000'), Timestamp('2026-06-12 16:24:53.644000'), Timestamp('2026-06-12 16:24:53.834000'), Timestamp('2026-06-12 16:24:53.949000'), Timestamp('2026-06-12 16:24:54.741000'), Timestamp('2026-06-12 16:24:54.857000')]","[0.119, 0.352, 0.12, 0.222, 0.117, 0.789, 0.115, 0.195, 0.111, 0.789, 0.117, 0.195, 0.115, 0.792, 0.111, 0.19, 0.115, 0.792, 0.116]","[35.70549602488766, 34.8715785032435, 35.89800939387162, 35.54338899534629, 34.78306531014112, 35.432073544433095, 35.006243524004354, 35.238967616789694, 35.428695936376506, 35.68822553897181, 35.30364372469636, 35.426283753421295, 35.13448414291449, 34.878936540591866, 35.82538466894103, 35.2304252969537, 35.169082125603865, 34.69366454441081, 35.424836601307184, 35.12696331576271]","[4.2489540269616315, 12.27479563314171, 4.307761127264594, 7.890632356966877, 4.069618641286511, 27.955906026557713, 4.025718005260501, 6.87159868527399, 3.932585248937792, 28.158009950248758, 4.130526315789474, 6.9081253319171525, 4.040465676435166, 27.62411774014876, 3.976617698252454, 6.693780806421203, 4.044444444444444, 27.477382319173362, 4.109281045751634]",192.7403210802337,9.94420598300954,c:\git\RailwAI\VIDEO\20260612\ADTC Rastatt_00_20260612162450.mp4,2026-06-12 16:24:50,Lok,Lok,Lok
ADTC1_adz_raw_20260612_1642,2026-06-12 16:41:22.586,2026-06-12 16:41:32.679,"[Timestamp('2026-06-12 16:41:32.679000'), Timestamp('2026-06-12 16:41:32.798000'), Timestamp('2026-06-12 16:41:33.154000'), Timestamp('2026-06-12 16:41:33.270000'), Timestamp('2026-06-12 16:41:33.502000'), Timestamp('2026-06-12 16:41:33.574000'), Timestamp('2026-06-12 16:41:34.148000'), Timestamp('2026-06-12 16:41:34.225000'), Timestamp('2026-06-12 16:41:34.462000'), Timestamp('2026-06-12 16:41:35.150000'), Timestamp('2026-06-12 16:41:35.227000'), Timestamp('2026-06-12 16:41:35.518000'), Timestamp('2026-06-12 16:41:35.594000'), Timestamp('2026-06-12 16:41:35.757000'), Timestamp('2026-06-12 16:41:36.841000'), Timestamp('2026-06-12 16:41:36.920000'), Timestamp('2026-06-12 16:41:37.757000'), Timestamp('2026-06-12 16:41:37.839000'), Timestamp('2026-06-12 16:41:38.100000'), Timestamp('2026-06-12 16:41:38.504000'), Timestamp('2026-06-12 16:41:38.806000'), Timestamp('2026-06-12 16:41:39.214000'), Timestamp('2026-06-12 16:41:39.512000'), Timestamp('2026-06-12 16:41:39.927000'), Timestamp('2026-06-12 16:41:40.162000'), Timestamp('2026-06-12 16:41:40.239000'), Timestamp('2026-06-12 16:41:40.974000'), Timestamp('2026-06-12 16:41:41.052000'), Timestamp('2026-06-12 16:41:41.231000'), Timestamp('2026-06-12 16:41:41.307000'), Timestamp('2026-06-12 16:41:42.045000'), Timestamp('2026-06-12 16:41:42.121000'), Timestamp('2026-06-12 16:41:42.282000'), Timestamp('2026-06-12 16:41:42.366000'), Timestamp('2026-06-12 16:41:42.799000'), Timestamp('2026-06-12 16:41:42.878000'), Timestamp('2026-06-12 16:41:43.033000'), Timestamp('2026-06-12 16:41:43.111000'), Timestamp('2026-06-12 16:41:43.547000'), Timestamp('2026-06-12 16:41:43.623000'), Timestamp('2026-06-12 16:41:43.780000'), Timestamp('2026-06-12 16:41:43.855000'), Timestamp('2026-06-12 16:41:44.294000'), Timestamp('2026-06-12 16:41:44.370000'), Timestamp('2026-06-12 16:41:44.523000'), Timestamp('2026-06-12 16:41:44.604000'), Timestamp('2026-06-12 16:41:45.039000'), Timestamp('2026-06-12 16:41:45.118000'), Timestamp('2026-06-12 16:41:45.272000'), Timestamp('2026-06-12 16:41:45.350000'), Timestamp('2026-06-12 16:41:45.775000'), Timestamp('2026-06-12 16:41:45.853000'), Timestamp('2026-06-12 16:41:46.009000'), Timestamp('2026-06-12 16:41:46.088000'), Timestamp('2026-06-12 16:41:46.697000'), Timestamp('2026-06-12 16:41:46.772000'), Timestamp('2026-06-12 16:41:46.931000'), Timestamp('2026-06-12 16:41:47.013000'), Timestamp('2026-06-12 16:41:47.619000'), Timestamp('2026-06-12 16:41:47.698000'), Timestamp('2026-06-12 16:41:47.856000'), Timestamp('2026-06-12 16:41:47.934000'), Timestamp('2026-06-12 16:41:48.542000'), Timestamp('2026-06-12 16:41:48.624000'), Timestamp('2026-06-12 16:41:48.782000'), Timestamp('2026-06-12 16:41:48.861000'), Timestamp('2026-06-12 16:41:49.472000'), Timestamp('2026-06-12 16:41:49.549000')]","[0.119, 0.356, 0.116, 0.232, 0.072, 0.574, 0.077, 0.237, 0.688, 0.077, 0.291, 0.076, 0.163, 1.084, 0.079, 0.837, 0.082, 0.261, 0.404, 0.302, 0.408, 0.298, 0.415, 0.235, 0.077, 0.735, 0.078, 0.179, 0.076, 0.738, 0.076, 0.161, 0.084, 0.433, 0.079, 0.155, 0.078, 0.436, 0.076, 0.157, 0.075, 0.439, 0.076, 0.153, 0.081, 0.435, 0.079, 0.154, 0.078, 0.425, 0.078, 0.156, 0.079, 0.609, 0.075, 0.159, 0.082, 0.606, 0.079, 0.158, 0.078, 0.608, 0.082, 0.158, 0.079, 0.611, 0.077]","[35.0383631713555, 35.18796992481202, 34.66110531803962, 35.04396482813749, 34.92063492063492, 34.78260869565217, 34.53237410071942, 35.10382747023968, 52.43921817892896, 56.61044934544168, 33.68462523392101, 34.53416149068323, 34.16413373860182, 34.04940383357649, 56.01092896174863, 33.75444137386498, 33.33494092114782, 33.568075117370896, 34.04940383357649, 33.68462523392101, 34.42799323735847, 33.33494092114782, 33.227939062949126, 33.57300073367571, 33.33976461508779, 32.57269046742731, 32.65457238059978, 32.878254750175934, 32.65457238059978, 33.22157294760035, 32.66666666666667, 32.43835616438356, 32.43391316258047, 32.54274682846112, 32.21621621621622, 32.54274682846112, 31.894039735099337, 32.43835616438356, 32.21621621621622, 32.326530612244895, 32.13613972234662, 32.11600429645542, 31.910946196660483, 31.894039735099337, 31.788079470198674, 32.01280512204882, 31.6008316008316, 31.691798134751156, 31.47845531951492, 31.686274509803923, 31.39400675415723, 31.406089633937736, 31.170145477545855, 31.310555838857724, 31.29725596805709, 31.27865511971472, 31.201722172977078, 30.800872033235983, 31.0, 31.083913152820855, 30.604288499025337, 30.894039735099337, 30.49124788255223, 30.894039735099337, 30.593106807940565, 30.78061413244543, 30.604288499025337, 30.883813306852034, 30.513400064578622, 30.144105835105123]","[4.1695652173913045, 12.52691729323308, 4.020688216892596, 8.130199840127899, 2.514285714285714, 19.965217391304346, 2.6589928057553953, 8.319607110446803, 36.078182107103125, 4.359004599599009, 9.802225943071013, 2.6245962732919255, 5.568753799392097, 36.90955375559692, 4.424863387978142, 28.252467429924984, 2.7334651555341214, 8.761267605633805, 13.755959148764903, 10.172756820644144, 14.046621240842255, 9.93381239450205, 13.789594711123886, 7.889655172413792, 2.5671618753617595, 23.94092749355907, 2.5470566456867827, 5.8852076002814915, 2.481747500925583, 24.51752083532906, 2.482666666666667, 5.2225753424657535, 2.7244487056567595, 14.091009376723665, 2.545081081081081, 5.044125758411473, 2.4877350993377485, 14.143123287671234, 2.4484324324324325, 5.075265306122448, 2.4102104791759964, 14.098925886143931, 2.425231910946197, 4.879788079470199, 2.5748344370860927, 13.925570228091235, 2.4964656964656964, 4.880536912751678, 2.455319514922164, 13.466666666666667, 2.448732526824264, 4.899349982894287, 2.4624414927261227, 19.068128505864355, 2.3472941976042816, 4.973306164034641, 2.5585412181841205, 18.665328452141004, 2.449, 4.911258278145695, 2.3871345029239763, 18.783576158940395, 2.500282326369283, 4.881258278145696, 2.4168554378273046, 18.806955234924157, 2.356530214424951]",570.1418609262607,9.988668650894144,c:\git\RailwAI\VIDEO\20260612\ADTC Rastatt_00_20260612164133.mp4,2026-06-12 16:41:33,Lok,Lok,Lok
ADTC1_adz_raw_20260612_1659,2026-06-12 16:57:39.238,2026-06-12 16:57:49.262,"[Timestamp('2026-06-12 16:57:49.262000'), Timestamp('2026-06-12 16:57:49.386000'), Timestamp('2026-06-12 16:57:49.684000'), Timestamp('2026-06-12 16:57:49.812000'), Timestamp('2026-06-12 16:57:50.043000'), Timestamp('2026-06-12 16:57:50.119000'), Timestamp('2026-06-12 16:57:50.565000'), Timestamp('2026-06-12 16:57:50.636000'), Timestamp('2026-06-12 16:57:51.154000'), Timestamp('2026-06-12 16:57:51.398000'), Timestamp('2026-06-12 16:57:51.915000'), Timestamp('2026-06-12 16:57:52.603000'), Timestamp('2026-06-12 16:57:52.676000'), Timestamp('2026-06-12 16:57:53.123000'), Timestamp('2026-06-12 16:57:53.196000'), Timestamp('2026-06-12 16:57:53.711000'), Timestamp('2026-06-12 16:57:53.881000'), Timestamp('2026-06-12 16:57:53.956000'), Timestamp('2026-06-12 16:57:54.498000'), Timestamp('2026-06-12 16:57:54.572000'), Timestamp('2026-06-12 16:57:54.738000'), Timestamp('2026-06-12 16:57:54.812000'), Timestamp('2026-06-12 16:57:55.330000'), Timestamp('2026-06-12 16:57:55.850000'), Timestamp('2026-06-12 16:57:56.023000'), Timestamp('2026-06-12 16:57:56.097000'), Timestamp('2026-06-12 16:57:56.641000'), Timestamp('2026-06-12 16:57:56.712000'), Timestamp('2026-06-12 16:57:57.257000'), Timestamp('2026-06-12 16:57:57.329000'), Timestamp('2026-06-12 16:57:58.867000'), Timestamp('2026-06-12 16:57:59.383000'), Timestamp('2026-06-12 16:57:59.906000'), Timestamp('2026-06-12 16:58:00.080000'), Timestamp('2026-06-12 16:58:00.152000'), Timestamp('2026-06-12 16:58:00.701000'), Timestamp('2026-06-12 16:58:00.773000'), Timestamp('2026-06-12 16:58:01.314000'), Timestamp('2026-06-12 16:58:01.391000'), Timestamp('2026-06-12 16:58:01.565000'), Timestamp('2026-06-12 16:58:01.639000'), Timestamp('2026-06-12 16:58:02.160000'), Timestamp('2026-06-12 16:58:02.609000'), Timestamp('2026-06-12 16:58:02.688000'), Timestamp('2026-06-12 16:58:02.859000'), Timestamp('2026-06-12 16:58:02.934000'), Timestamp('2026-06-12 16:58:03.480000'), Timestamp('2026-06-12 16:58:03.558000'), Timestamp('2026-06-12 16:58:04.103000'), Timestamp('2026-06-12 16:58:04.175000'), Timestamp('2026-06-12 16:58:04.350000'), Timestamp('2026-06-12 16:58:04.423000'), Timestamp('2026-06-12 16:58:04.875000'), Timestamp('2026-06-12 16:58:04.947000'), Timestamp('2026-06-12 16:58:05.649000'), Timestamp('2026-06-12 16:58:05.724000'), Timestamp('2026-06-12 16:58:06.274000'), Timestamp('2026-06-12 16:58:06.346000'), Timestamp('2026-06-12 16:58:06.896000'), Timestamp('2026-06-12 16:58:06.967000'), Timestamp('2026-06-12 16:58:07.150000'), Timestamp('2026-06-12 16:58:07.225000'), Timestamp('2026-06-12 16:58:07.769000'), Timestamp('2026-06-12 16:58:07.847000'), Timestamp('2026-06-12 16:58:08.469000'), Timestamp('2026-06-12 16:58:08.649000'), Timestamp('2026-06-12 16:58:08.723000'), Timestamp('2026-06-12 16:58:09.271000'), Timestamp('2026-06-12 16:58:09.349000'), Timestamp('2026-06-12 16:58:09.900000'), Timestamp('2026-06-12 16:58:09.974000'), Timestamp('2026-06-12 16:58:10.150000'), Timestamp('2026-06-12 16:58:10.226000'), Timestamp('2026-06-12 16:58:10.510000'), Timestamp('2026-06-12 16:58:10.584000'), Timestamp('2026-06-12 16:58:11.039000'), Timestamp('2026-06-12 16:58:11.113000'), Timestamp('2026-06-12 16:58:11.364000'), Timestamp('2026-06-12 16:58:11.917000'), Timestamp('2026-06-12 16:58:11.989000'), Timestamp('2026-06-12 16:58:12.538000'), Timestamp('2026-06-12 16:58:12.615000'), Timestamp('2026-06-12 16:58:12.792000'), Timestamp('2026-06-12 16:58:12.864000'), Timestamp('2026-06-12 16:58:13.318000'), Timestamp('2026-06-12 16:58:13.395000'), Timestamp('2026-06-12 16:58:13.926000'), Timestamp('2026-06-12 16:58:14.178000'), Timestamp('2026-06-12 16:58:14.805000'), Timestamp('2026-06-12 16:58:15.434000')]","[0.124, 0.298, 0.128, 0.231, 0.076, 0.446, 0.071, 0.518, 0.244, 0.517, 0.688, 0.073, 0.447, 0.073, 0.515, 0.17, 0.075, 0.542, 0.074, 0.166, 0.074, 0.518, 0.52, 0.173, 0.074, 0.544, 0.071, 0.545, 0.072, 1.538, 0.516, 0.523, 0.174, 0.072, 0.549, 0.072, 0.541, 0.077, 0.174, 0.074, 0.521, 0.449, 0.079, 0.171, 0.075, 0.546, 0.078, 0.545, 0.072, 0.175, 0.073, 0.452, 0.072, 0.702, 0.075, 0.55, 0.072, 0.55, 0.071, 0.183, 0.075, 0.544, 0.078, 0.622, 0.18, 0.074, 0.548, 0.078, 0.551, 0.074, 0.176, 0.076, 0.284, 0.074, 0.455, 0.074, 0.251, 0.553, 0.072, 0.549, 0.077, 0.177, 0.072, 0.454, 0.077, 0.531, 0.252, 0.627, 0.629]","[nan, nan, nan, nan, nan, nan, nan, nan, nan, nan, nan, nan, nan, nan, nan, nan, nan, nan, nan, nan, nan, nan, nan, nan, nan, nan, nan, nan, nan, nan, nan, nan, nan, nan, nan, nan, nan, nan, nan, nan, nan, nan, nan, nan, nan, nan, nan, nan, nan, nan, nan, nan, nan, nan, nan, nan, nan, nan, nan, nan, nan, nan, nan, nan, nan, nan, nan, nan, nan, nan, nan, nan, nan, nan, nan, nan, nan, nan, nan, nan, nan, nan, nan, nan, nan]","[nan, nan, nan, nan, nan, nan, nan, nan, nan, nan, nan, nan, nan, nan, nan, nan, nan, nan, nan, nan, nan, nan, nan, nan, nan, nan, nan, nan, nan, nan, nan, nan, nan, nan, nan, nan, nan, nan, nan, nan, nan, nan, nan, nan, nan, nan, nan, nan, nan, nan, nan, nan, nan, nan, nan, nan, nan, nan, nan, nan, nan, nan, nan, nan, nan, nan, nan, nan, nan, nan, nan, nan, nan, nan, nan, nan, nan, nan, nan, nan, nan, nan, nan, nan, nan]",,9.92291665425309,c:\git\RailwAI\VIDEO\20260612\ADTC Rastatt_00_20260612165750.mp4,2026-06-12 16:57:50,Lok,Lok,Lok
ADTC1_adz_raw_20260612_1702,2026-06-12 17:00:58.707,2026-06-12 17:01:08.798,"[Timestamp('2026-06-12 17:01:08.798000'), Timestamp('2026-06-12 17:01:09.262000'), Timestamp('2026-06-12 17:01:09.705000'), Timestamp('2026-06-12 17:01:10.169000'), Timestamp('2026-06-12 17:01:10.518000'), Timestamp('2026-06-12 17:01:10.985000'), Timestamp('2026-06-12 17:01:11.433000'), Timestamp('2026-06-12 17:01:11.889000')]","[0.464, 0.443, 0.464, 0.349, 0.467, 0.448, 0.456]","[34.31372549019608, 34.04940383357649, 34.6574913981858, 34.08541498791297, 33.92395579696572, 34.78671865768639, 36.797488226059656, 33.008791001039796]","[15.92156862745098, 15.083885898274385, 16.08107600875821, 11.895809830781625, 15.842487357182993, 15.584449958643505, 16.779654631083204]",107.1889323121749,9.901373579718967,c:\git\RailwAI\VIDEO\20260612\ADTC Rastatt_00_20260612170109.mp4,2026-06-12 17:01:09,Trieb,Trieb,Trieb
ADTC1_adz_raw_20260612_1707,2026-06-12 17:05:44.352,2026-06-12 17:05:54.371,"[Timestamp('2026-06-12 17:05:54.371000'), Timestamp('2026-06-12 17:05:54.493000'), Timestamp('2026-06-12 17:05:55.258000'), Timestamp('2026-06-12 17:05:55.384000'), Timestamp('2026-06-12 17:05:55.593000'), Timestamp('2026-06-12 17:05:55.717000'), Timestamp('2026-06-12 17:05:56.506000'), Timestamp('2026-06-12 17:05:56.622000'), Timestamp('2026-06-12 17:05:56.843000'), Timestamp('2026-06-12 17:05:56.959000'), Timestamp('2026-06-12 17:05:57.752000'), Timestamp('2026-06-12 17:05:57.870000'), Timestamp('2026-06-12 17:05:58.086000'), Timestamp('2026-06-12 17:05:58.204000'), Timestamp('2026-06-12 17:05:58.977000'), Timestamp('2026-06-12 17:05:59.096000'), Timestamp('2026-06-12 17:05:59.412000'), Timestamp('2026-06-12 17:05:59.532000'), Timestamp('2026-06-12 17:06:00.301000'), Timestamp('2026-06-12 17:06:00.432000'), Timestamp('2026-06-12 17:06:00.642000'), Timestamp('2026-06-12 17:06:00.764000'), Timestamp('2026-06-12 17:06:01.559000'), Timestamp('2026-06-12 17:06:01.680000'), Timestamp('2026-06-12 17:06:01.892000'), Timestamp('2026-06-12 17:06:02.014000'), Timestamp('2026-06-12 17:06:02.812000'), Timestamp('2026-06-12 17:06:02.928000'), Timestamp('2026-06-12 17:06:03.146000'), Timestamp('2026-06-12 17:06:03.268000'), Timestamp('2026-06-12 17:06:04.039000'), Timestamp('2026-06-12 17:06:04.164000')]","[0.122, 0.765, 0.126, 0.209, 0.124, 0.789, 0.116, 0.221, 0.116, 0.793, 0.118, 0.216, 0.118, 0.773, 0.119, 0.316, 0.12, 0.769, 0.131, 0.21, 0.122, 0.795, 0.121, 0.212, 0.122, 0.798, 0.116, 0.218, 0.122, 0.771, 0.125]","[33.408381146052726, 33.45313258863526, 32.990080302314595, 33.21958403678293, 33.224357822884855, 33.52020669819139, 33.16863587540279, 33.51040499049662, 33.2183908045977, 33.10699123568516, 33.048919226393636, 33.21958403678293, 33.10974739546168, 32.88635483757435, 32.993197278911566, 32.88635483757435, 33.10344827586207, 33.160720677723425, 33.2183908045977, 32.98969072164949, 32.7133402995472, 33.10974739546168, 32.6530612244898, 32.82521275600861, 32.65457238059978, 32.59997232599973, 32.65646152244091, 32.43576426541259, 32.54274682846112, 32.88288288288288, 32.26899871195174, 32.82060872411053]","[4.0758224998184325, 25.59164643030598, 4.156750118091639, 6.942893063687633, 4.119820370037722, 26.447443084873004, 3.847561761546724, 7.405799502899752, 3.853333333333334, 26.25384404989833, 3.899772468714449, 7.175430151945114, 3.9069501926644783, 25.421152289444976, 3.926190476190476, 10.392088128673496, 3.972413793103448, 25.500594201169314, 4.3516091954022995, 6.927835051546392, 3.991027516544758, 26.32224917939204, 3.951020408163265, 6.958945104273825, 3.9838578304331733, 26.014777916147786, 3.7881495366031452, 7.070996609859944, 3.9702151130722565, 25.352702702702704, 4.033624838993967]",323.6065169195338,9.908345076961732,c:\git\RailwAI\VIDEO\20260612\ADTC Rastatt_00_20260612170555.mp4,2026-06-12 17:05:55,Trieb,Trieb,Trieb
ADTC1_adz_raw_20260612_1712,2026-06-12 17:10:31.578,2026-06-12 17:10:41.643,"[Timestamp('2026-06-12 17:10:41.643000'), Timestamp('2026-06-12 17:10:41.752000'), Timestamp('2026-06-12 17:10:42.556000'), Timestamp('2026-06-12 17:10:42.664000'), Timestamp('2026-06-12 17:10:42.988000'), Timestamp('2026-06-12 17:10:43.105000'), Timestamp('2026-06-12 17:10:43.900000'), Timestamp('2026-06-12 17:10:44.019000'), Timestamp('2026-06-12 17:10:44.333000'), Timestamp('2026-06-12 17:10:44.449000'), Timestamp('2026-06-12 17:10:45.247000'), Timestamp('2026-06-12 17:10:45.363000'), Timestamp('2026-06-12 17:10:45.681000'), Timestamp('2026-06-12 17:10:45.799000'), Timestamp('2026-06-12 17:10:46.596000'), Timestamp('2026-06-12 17:10:46.716000'), Timestamp('2026-06-12 17:10:47.034000'), Timestamp('2026-06-12 17:10:47.141000'), Timestamp('2026-06-12 17:10:47.954000'), Timestamp('2026-06-12 17:10:48.061000'), Timestamp('2026-06-12 17:10:48.384000'), Timestamp('2026-06-12 17:10:48.505000'), Timestamp('2026-06-12 17:10:49.297000'), Timestamp('2026-06-12 17:10:49.419000'), Timestamp('2026-06-12 17:10:49.734000'), Timestamp('2026-06-12 17:10:49.854000'), Timestamp('2026-06-12 17:10:50.656000'), Timestamp('2026-06-12 17:10:50.775000'), Timestamp('2026-06-12 17:10:51.095000'), Timestamp('2026-06-12 17:10:51.206000'), Timestamp('2026-06-12 17:10:52.014000'), Timestamp('2026-06-12 17:10:52.122000'), Timestamp('2026-06-12 17:10:52.444000'), Timestamp('2026-06-12 17:10:52.568000'), Timestamp('2026-06-12 17:10:53.365000'), Timestamp('2026-06-12 17:10:53.489000'), Timestamp('2026-06-12 17:10:53.815000'), Timestamp('2026-06-12 17:10:53.921000'), Timestamp('2026-06-12 17:10:54.738000'), Timestamp('2026-06-12 17:10:54.843000'), Timestamp('2026-06-12 17:10:55.170000'), Timestamp('2026-06-12 17:10:55.287000'), Timestamp('2026-06-12 17:10:56.088000'), Timestamp('2026-06-12 17:10:56.217000'), Timestamp('2026-06-12 17:10:56.539000'), Timestamp('2026-06-12 17:10:56.643000'), Timestamp('2026-06-12 17:10:57.459000'), Timestamp('2026-06-12 17:10:57.570000'), Timestamp('2026-06-12 17:10:57.903000'), Timestamp('2026-06-12 17:10:58.008000'), Timestamp('2026-06-12 17:10:58.824000'), Timestamp('2026-06-12 17:10:58.935000')]","[0.109, 0.804, 0.108, 0.324, 0.117, 0.795, 0.119, 0.314, 0.116, 0.798, 0.116, 0.318, 0.118, 0.797, 0.12, 0.318, 0.107, 0.813, 0.107, 0.323, 0.121, 0.792, 0.122, 0.315, 0.12, 0.802, 0.119, 0.32, 0.111, 0.808, 0.108, 0.322, 0.124, 0.797, 0.124, 0.326, 0.106, 0.817, 0.105, 0.327, 0.117, 0.801, 0.129, 0.322, 0.104, 0.816, 0.111, 0.333, 0.105, 0.816, 0.111]","[33.62532204637468, 33.92395579696572, 33.39221332300917, 33.875183590152105, 33.403529155471645, 33.922685046448905, 33.2183908045977, 33.68794326241135, 33.627797408716134, 33.80952380952381, 33.39221332300917, 33.57669589463257, 33.50795545917497, 33.45313258863526, 33.74351371386212, 33.8132976150612, 33.63027313553707, 33.53083168751371, 33.69914643609356, 33.53083168751371, 33.33695062398264, 33.54473607181188, 33.328519855595665, 33.69458128078818, 33.69914643609356, 33.59970629627363, 33.831289483463394, 33.490136017211825, 33.51824817518248, 33.4448160535117, 33.62563072551805, 33.84386617100371, 33.57909336447916, 34.0178303115296, 33.26618705035971, 33.50165080598174, 33.31299134867358, 33.63333985521424, 33.33333333333333, 33.42972816657027, 33.52898374969682, 33.699633699633694, 33.331736985776544, 33.50856040511213, 33.770913770913765, 34.14781297134238, 33.58067801542266, 33.67742880152281, 34.01250606034236, 33.84274640088593, 34.158992670550646, 34.001034814103036]","[3.66516010305484, 27.27486046076044, 3.6063590388849907, 10.975559483209283, 3.9082129111901827, 26.96853461192688, 3.9529885057471263, 10.578014184397164, 3.9008244994110717, 26.98, 3.873496745469064, 10.677389294493159, 3.9539387441826466, 26.662146673142306, 4.049221645663454, 10.752628641589462, 3.598439225502466, 27.260566161948645, 3.6058086686620103, 10.830458635066929, 4.033771025501899, 26.567430968875012, 4.066079422382671, 10.613793103448277, 4.043897572331226, 26.946964449611453, 4.025923448532144, 10.716843525507784, 3.720525547445255, 27.023411371237458, 3.631568118355949, 10.897724907063195, 4.163807577195415, 27.11221075828909, 4.1250071942446045, 10.921538162750048, 3.531177082959399, 27.47843866171003, 3.4999999999999996, 10.931521110468479, 3.922891098714528, 26.99340659340659, 4.2997940711651745, 10.789756450446106, 3.5121750321750316, 27.864615384615384, 3.7274552597119155, 11.214583790907096, 3.571313136335948, 27.615681063122917, 3.7916481864311216]",582.4295623092432,9.947303919134455,c:\git\RailwAI\VIDEO\20260612\ADTC Rastatt_00_20260612171042.mp4,2026-06-12 17:10:42,Trieb,Trieb,Trieb
ADTC1_adz_raw_20260612_1719,2026-06-12 17:17:59.117,2026-06-12 17:18:09.152,"[Timestamp('2026-06-12 17:18:09.152000'), Timestamp('2026-06-12 17:18:09.259000'), Timestamp('2026-06-12 17:18:10.043000'), Timestamp('2026-06-12 17:18:10.147000'), Timestamp('2026-06-12 17:18:10.464000'), Timestamp('2026-06-12 17:18:10.572000'), Timestamp('2026-06-12 17:18:11.356000'), Timestamp('2026-06-12 17:18:11.465000'), Timestamp('2026-06-12 17:18:11.776000'), Timestamp('2026-06-12 17:18:11.893000'), Timestamp('2026-06-12 17:18:12.664000'), Timestamp('2026-06-12 17:18:12.783000'), Timestamp('2026-06-12 17:18:13.097000'), Timestamp('2026-06-12 17:18:13.200000'), Timestamp('2026-06-12 17:18:13.992000'), Timestamp('2026-06-12 17:18:14.095000'), Timestamp('2026-06-12 17:18:14.407000'), Timestamp('2026-06-12 17:18:14.524000'), Timestamp('2026-06-12 17:18:15.297000'), Timestamp('2026-06-12 17:18:15.415000'), Timestamp('2026-06-12 17:18:15.731000'), Timestamp('2026-06-12 17:18:15.834000'), Timestamp('2026-06-12 17:18:16.623000'), Timestamp('2026-06-12 17:18:16.725000'), Timestamp('2026-06-12 17:18:17.037000'), Timestamp('2026-06-12 17:18:17.153000'), Timestamp('2026-06-12 17:18:17.931000'), Timestamp('2026-06-12 17:18:18.046000'), Timestamp('2026-06-12 17:18:18.353000'), Timestamp('2026-06-12 17:18:18.471000'), Timestamp('2026-06-12 17:18:19.246000'), Timestamp('2026-06-12 17:18:19.368000'), Timestamp('2026-06-12 17:18:19.676000'), Timestamp('2026-06-12 17:18:19.784000'), Timestamp('2026-06-12 17:18:20.569000'), Timestamp('2026-06-12 17:18:20.676000'), Timestamp('2026-06-12 17:18:20.989000'), Timestamp('2026-06-12 17:18:21.107000'), Timestamp('2026-06-12 17:18:21.877000'), Timestamp('2026-06-12 17:18:21.996000'), Timestamp('2026-06-12 17:18:22.298000'), Timestamp('2026-06-12 17:18:22.418000'), Timestamp('2026-06-12 17:18:23.195000'), Timestamp('2026-06-12 17:18:23.308000'), Timestamp('2026-06-12 17:18:23.615000'), Timestamp('2026-06-12 17:18:23.734000'), Timestamp('2026-06-12 17:18:24.513000'), Timestamp('2026-06-12 17:18:24.629000'), Timestamp('2026-06-12 17:18:24.939000'), Timestamp('2026-06-12 17:18:25.048000'), Timestamp('2026-06-12 17:18:25.834000'), Timestamp('2026-06-12 17:18:25.939000')]","[0.107, 0.784, 0.104, 0.317, 0.108, 0.784, 0.109, 0.311, 0.117, 0.771, 0.119, 0.314, 0.103, 0.792, 0.103, 0.312, 0.117, 0.773, 0.118, 0.316, 0.103, 0.789, 0.102, 0.312, 0.116, 0.778, 0.115, 0.307, 0.118, 0.775, 0.122, 0.308, 0.108, 0.785, 0.107, 0.313, 0.118, 0.77, 0.119, 0.302, 0.12, 0.777, 0.113, 0.307, 0.119, 0.779, 0.116, 0.31, 0.109, 0.786, 0.105]","[34.644194756554306, 34.68597143416161, 34.85503426462836, 34.72890935733724, 34.938658831937104, 34.848604632777295, 34.72890935733724, 34.722549250451294, 35.106297633373444, 34.78443522554219, 34.78991596638655, 34.59470690595538, 35.106297633373444, 35.29602595296025, 35.03696303696303, 35.238967616789694, 34.97372193024367, 34.913245873889124, 34.92571670481154, 34.92063492063492, 34.78306531014112, 34.59740259740259, 34.8715785032435, 34.60369417816226, 35.232323232323225, 35.10160427807486, 35.2494138572237, 35.066389377699565, 34.635186437152214, 34.82832956517167, 34.8715785032435, 35.14294892386765, 34.92571670481154, 34.29270032092099, 35.22876693948746, 35.1627159501808, 35.05747126436782, 34.81545604784765, 34.987277353689564, 35.33599395965915, 35.09949652361544, 35.37525354969574, 35.00502034561116, 35.20923520923521, 34.82352941176471, 35.438724595351104, 34.75896685140646, 35.307382550335575, 35.00502034561116, 35.62602515035539, 34.94822924223438, 35.13394817742644]","[3.7069288389513106, 27.193801604382703, 3.624923563521349, 11.009064266275905, 3.7733751538492073, 27.3213060320974, 3.7854511199497587, 10.798712816890353, 4.107436823104694, 26.81879955889303, 4.14, 10.862737968469988, 3.6159486562374648, 27.95445255474452, 3.608807192807192, 10.994557896438385, 4.09192546583851, 26.987939060516293, 4.121234571167761, 11.034920634920635, 3.582655726944535, 27.297350649350648, 3.5569010073308367, 10.796352583586625, 4.086949494949494, 27.30904812834224, 4.053682593580726, 10.765381538953767, 4.086951999583961, 26.991955413008046, 4.254332577395707, 10.824028268551237, 3.7719774041196463, 26.91976975192298, 3.769478062525158, 11.00593009240659, 4.136781609195403, 26.80790115684269, 4.163486005089058, 10.671470175817063, 4.211939582833853, 27.486572008113594, 3.955567299054061, 10.80923520923521, 4.144, 27.606766459778513, 4.03204015476315, 10.945288590604028, 3.8155472176716163, 28.002055768179336, 3.66956407043461]",587.0832843792208,9.921943274807342,c:\git\RailwAI\VIDEO\20260612\ADTC Rastatt_00_20260612171810.mp4,2026-06-12 17:18:10,Trieb,Trieb,Trieb
ADTC1_adz_raw_20260612_1726,2026-06-12 17:25:25.350,2026-06-12 17:25:35.378,"[Timestamp('2026-06-12 17:25:35.378000'), Timestamp('2026-06-12 17:25:35.490000'), Timestamp('2026-06-12 17:25:35.840000'), Timestamp('2026-06-12 17:25:35.955000'), Timestamp('2026-06-12 17:25:36.183000'), Timestamp('2026-06-12 17:25:36.301000'), Timestamp('2026-06-12 17:25:37.078000'), Timestamp('2026-06-12 17:25:37.187000'), Timestamp('2026-06-12 17:25:37.382000'), Timestamp('2026-06-12 17:25:37.489000'), Timestamp('2026-06-12 17:25:38.277000'), Timestamp('2026-06-12 17:25:38.383000'), Timestamp('2026-06-12 17:25:38.574000'), Timestamp('2026-06-12 17:25:38.691000'), Timestamp('2026-06-12 17:25:39.467000'), Timestamp('2026-06-12 17:25:39.580000'), Timestamp('2026-06-12 17:25:39.770000'), Timestamp('2026-06-12 17:25:39.883000'), Timestamp('2026-06-12 17:25:40.670000'), Timestamp('2026-06-12 17:25:40.777000')]","[0.112, 0.35, 0.115, 0.228, 0.118, 0.777, 0.109, 0.195, 0.107, 0.788, 0.106, 0.191, 0.117, 0.776, 0.113, 0.19, 0.113, 0.787, 0.107]","[35.36883243771372, 35.11005322136343, 35.04396482813749, 34.97372193024367, 35.16483516483516, 34.8596283115856, 35.066389377699565, 35.243715140247346, 35.62262488296524, 35.2304252969537, 35.1034814695973, 34.67330786382068, 34.65410932174727, 35.02392344497608, 34.679186228482, 34.65884652981427, 34.28615160907664, 34.99229829500186, 34.77987421383648, 34.938658831937104]","[3.961309233023937, 12.288518627477199, 4.030055955235811, 7.974008600095557, 4.149450549450549, 27.085931198102013, 3.8222364421692525, 6.872524452348233, 3.8116208624772807, 27.761575133999514, 3.7209690357773133, 6.622601801989751, 4.054530790644431, 27.178564593301438, 3.9187480438184665, 6.585180840664711, 3.8743351318256605, 27.538938758166463, 3.7214465408805033]",188.9725465914481,9.91612261233472,c:\git\RailwAI\VIDEO\20260612\ADTC Rastatt_00_20260612172536.mp4,2026-06-12 17:25:36,Lok,Lok,Lok
ADTC1_adz_raw_20260612_1737,2026-06-12 17:36:37.536,2026-06-12 17:36:47.644,"[Timestamp('2026-06-12 17:36:47.644000'), Timestamp('2026-06-12 17:36:47.750000'), Timestamp('2026-06-12 17:36:48.338000'), Timestamp('2026-06-12 17:36:48.461000'), Timestamp('2026-06-12 17:36:49.079000'), Timestamp('2026-06-12 17:36:49.205000'), Timestamp('2026-06-12 17:36:49.792000'), Timestamp('2026-06-12 17:36:49.902000')]","[0.106, 0.588, 0.123, 0.618, 0.126, 0.587, 0.11]","[35.58132855560267, 35.99866175978588, 35.48995489954899, 35.26366871562601, 35.54338899534629, 35.67567567567568, 35.493949274868, 35.32938983874888]","[3.7716208268938827, 21.167213114754098, 4.365264452644526, 21.792947266256874, 4.478467013413633, 20.94162162162162, 3.90433442023548]",80.42146871582013,9.99187620044532,c:\git\RailwAI\VIDEO\20260612\ADTC Rastatt_00_20260612173648.mp4,2026-06-12 17:36:48,Trieb,Trieb,Trieb
ADTC1_adz_raw_20260612_1744,2026-06-12 17:42:44.474,2026-06-12 17:42:54.582,"[Timestamp('2026-06-12 17:42:54.582000'), Timestamp('2026-06-12 17:42:54.705000'), Timestamp('2026-06-12 17:42:54.800000'), Timestamp('2026-06-12 17:42:55.030000'), Timestamp('2026-06-12 17:42:55.121000'), Timestamp('2026-06-12 17:42:55.239000')]","[0.123, 0.095, 0.23, 0.091, 0.118]","[33.189233084143396, 33.46938775510204, 33.46410309353479, 33.048919226393636, 33.75185368264953, 33.68462523392101]","[4.082275669349638, 3.179591836734694, 7.696743711513002, 3.007451649601821, 3.9827187345526447]",21.9487816017518,10.002472811487351,c:\git\RailwAI\VIDEO\20260612\ADTC Rastatt_00_20260612174255.mp4,2026-06-12 17:42:55,Lok,Lok,Lok
ADTC1_adz_raw_20260612_1747,2026-06-12 17:45:40.838,2026-06-12 17:45:50.905,"[Timestamp('2026-06-12 17:45:50.905000'), Timestamp('2026-06-12 17:45:51.008000'), Timestamp('2026-06-12 17:45:51.796000'), Timestamp('2026-06-12 17:45:51.903000'), Timestamp('2026-06-12 17:45:52.215000'), Timestamp('2026-06-12 17:45:52.328000'), Timestamp('2026-06-12 17:45:53.113000'), Timestamp('2026-06-12 17:45:53.216000'), Timestamp('2026-06-12 17:45:53.524000'), Timestamp('2026-06-12 17:45:53.645000'), Timestamp('2026-06-12 17:45:54.420000'), Timestamp('2026-06-12 17:45:54.532000'), Timestamp('2026-06-12 17:45:54.850000'), Timestamp('2026-06-12 17:45:54.951000'), Timestamp('2026-06-12 17:45:55.735000'), Timestamp('2026-06-12 17:45:55.845000'), Timestamp('2026-06-12 17:45:56.156000'), Timestamp('2026-06-12 17:45:56.279000'), Timestamp('2026-06-12 17:45:57.049000'), Timestamp('2026-06-12 17:45:57.163000'), Timestamp('2026-06-12 17:45:57.481000'), Timestamp('2026-06-12 17:45:57.582000'), Timestamp('2026-06-12 17:45:58.368000'), Timestamp('2026-06-12 17:45:58.473000'), Timestamp('2026-06-12 17:45:58.789000'), Timestamp('2026-06-12 17:45:58.904000'), Timestamp('2026-06-12 17:45:59.679000'), Timestamp('2026-06-12 17:45:59.795000'), Timestamp('2026-06-12 17:46:00.104000'), Timestamp('2026-06-12 17:46:00.221000'), Timestamp('2026-06-12 17:46:00.993000'), Timestamp('2026-06-12 17:46:01.110000'), Timestamp('2026-06-12 17:46:01.428000'), Timestamp('2026-06-12 17:46:01.533000'), Timestamp('2026-06-12 17:46:02.317000'), Timestamp('2026-06-12 17:46:02.421000'), Timestamp('2026-06-12 17:46:02.739000'), Timestamp('2026-06-12 17:46:02.858000'), Timestamp('2026-06-12 17:46:03.629000'), Timestamp('2026-06-12 17:46:03.745000'), Timestamp('2026-06-12 17:46:04.052000'), Timestamp('2026-06-12 17:46:04.169000'), Timestamp('2026-06-12 17:46:04.945000'), Timestamp('2026-06-12 17:46:05.061000'), Timestamp('2026-06-12 17:46:05.369000'), Timestamp('2026-06-12 17:46:05.483000'), Timestamp('2026-06-12 17:46:06.262000'), Timestamp('2026-06-12 17:46:06.372000'), Timestamp('2026-06-12 17:46:06.687000'), Timestamp('2026-06-12 17:46:06.791000'), Timestamp('2026-06-12 17:46:07.580000'), Timestamp('2026-06-12 17:46:07.687000')]","[0.103, 0.788, 0.107, 0.312, 0.113, 0.785, 0.103, 0.308, 0.121, 0.775, 0.112, 0.318, 0.101, 0.784, 0.11, 0.311, 0.123, 0.77, 0.114, 0.318, 0.101, 0.786, 0.105, 0.316, 0.115, 0.775, 0.116, 0.309, 0.117, 0.772, 0.117, 0.318, 0.105, 0.784, 0.104, 0.318, 0.119, 0.771, 0.116, 0.307, 0.117, 0.776, 0.116, 0.308, 0.114, 0.779, 0.11, 0.315, 0.104, 0.789, 0.107]","[34.99229829500186, 34.72890935733724, 34.846768030778144, 35.04069697736688, 34.848604632777295, 34.878936540591866, 34.99880468563232, 34.97557867912508, 35.04816724627253, 34.92063492063492, 35.053304904051174, 34.82832956517167, 35.053304904051174, 35.625927758535376, 35.08322663252241, 35.212081312391675, 34.81185621189826, 35.47265513150897, 35.77515614156835, 34.88564995852589, 35.56430446194226, 34.74903474903475, 35.04300732717426, 35.449361933206625, 35.156375300721734, 35.638356164383566, 35.26188557614827, 35.45003658834052, 35.24484536082474, 35.62602515035539, 34.82352941176471, 34.95114950096121, 34.95114950096121, 35.2, 35.07034982991622, 35.43342089310972, 35.59481454218296, 35.381310418904405, 35.09403973509934, 35.353779280367064, 35.327238115666134, 35.438724595351104, 35.571054925893634, 35.09254362771021, 35.58441558441558, 35.48587646979321, 35.49079133778587, 35.3584056573449, 34.81391617422612, 35.22267206477733, 35.2, 35.380042234387396]","[3.6042067243851914, 27.366380573581743, 3.7286041792932614, 10.932697456938465, 3.9378923235038346, 27.379965184364615, 3.604876882620129, 10.772478233170524, 4.240828236798976, 27.063492063492063, 3.9259701492537316, 11.075408801724592, 3.540383795309169, 27.930727362691737, 3.8591549295774654, 10.95095728815381, 4.281858314063486, 27.31394445126191, 4.078367800138793, 11.093636686811232, 3.591994750656168, 27.312741312741313, 3.679515769353297, 11.201998370893293, 4.042983159583, 27.619726027397263, 4.0903787268332, 10.95406130579722, 4.123646907216495, 27.50329141607436, 4.074352941176471, 11.114465541305664, 3.6698706976009268, 27.5968, 3.6473163823112866, 11.267827844008892, 4.235782930519772, 27.278990332975297, 4.070908609271523, 10.853610239072689, 4.133286859532938, 27.500450285992457, 4.126242371403662, 10.808503437334743, 4.056623376623376, 27.643497769968914, 3.9039870471564457, 11.137897782063645, 3.6206472821195166, 27.790688259109313, 3.7664000000000004]",591.1003191732276,9.959063363398556,c:\git\RailwAI\VIDEO\20260612\ADTC Rastatt_00_20260612174552.mp4,2026-06-12 17:45:52,Trieb,Trieb,Trieb
ADTC1_adz_raw_20260612_1757,2026-06-12 17:56:14.022,2026-06-12 17:56:24.054,"[Timestamp('2026-06-12 17:56:24.054000'), Timestamp('2026-06-12 17:56:24.166000'), Timestamp('2026-06-12 17:56:24.893000'), Timestamp('2026-06-12 17:56:25.006000'), Timestamp('2026-06-12 17:56:25.212000'), Timestamp('2026-06-12 17:56:25.320000'), Timestamp('2026-06-12 17:56:26.070000'), Timestamp('2026-06-12 17:56:26.179000'), Timestamp('2026-06-12 17:56:26.381000'), Timestamp('2026-06-12 17:56:26.494000'), Timestamp('2026-06-12 17:56:27.237000'), Timestamp('2026-06-12 17:56:27.357000'), Timestamp('2026-06-12 17:56:27.556000'), Timestamp('2026-06-12 17:56:27.670000'), Timestamp('2026-06-12 17:56:28.390000'), Timestamp('2026-06-12 17:56:28.507000'), Timestamp('2026-06-12 17:56:28.805000'), Timestamp('2026-06-12 17:56:28.920000'), Timestamp('2026-06-12 17:56:29.645000'), Timestamp('2026-06-12 17:56:29.759000'), Timestamp('2026-06-12 17:56:29.963000'), Timestamp('2026-06-12 17:56:30.073000'), Timestamp('2026-06-12 17:56:30.816000'), Timestamp('2026-06-12 17:56:30.928000'), Timestamp('2026-06-12 17:56:31.135000'), Timestamp('2026-06-12 17:56:31.246000'), Timestamp('2026-06-12 17:56:31.992000'), Timestamp('2026-06-12 17:56:32.101000'), Timestamp('2026-06-12 17:56:32.304000'), Timestamp('2026-06-12 17:56:32.420000'), Timestamp('2026-06-12 17:56:33.140000'), Timestamp('2026-06-12 17:56:33.255000')]","[0.112, 0.727, 0.113, 0.206, 0.108, 0.75, 0.109, 0.202, 0.113, 0.743, 0.12, 0.199, 0.114, 0.72, 0.117, 0.298, 0.115, 0.725, 0.114, 0.204, 0.11, 0.743, 0.112, 0.207, 0.111, 0.746, 0.109, 0.203, 0.116, 0.72, 0.115]","[35.100665757600055, 35.22947640594699, 34.79402765557904, 34.99880468563232, 34.66110531803962, 34.8596283115856, 34.4891640866873, 34.92571670481154, 34.608052907994555, 34.999801137493534, 34.878936540591866, 35.13448414291449, 34.98207885304659, 34.66426811622541, 34.47937891723195, 35.379394597529526, 35.20309477756286, 34.88564995852589, 34.93172435693871, 35.24475524475524, 34.539958142779625, 34.987277353689564, 34.65410932174727, 34.92960722681529, 34.80499691305319, 34.87233482495394, 35.045349362981085, 34.77305715742811, 34.644194756554306, 34.81545604784765, 34.93091196210028, 34.766267324406854]","[3.9312745648512064, 25.61182934712346, 3.931725125080432, 7.209753765240258, 3.7433993743482787, 26.144721233689204, 3.759318885448916, 7.054994774371932, 3.9107099786033848, 26.004852245157696, 4.185472384871024, 6.991762344439984, 3.9879569892473112, 24.958273043682293, 4.034087333316138, 10.543059590063798, 4.048355899419729, 25.292096219931267, 3.982216576691013, 7.189930069930068, 3.799395395705759, 25.995547073791347, 3.8812602440356945, 7.230428695950765, 3.863354657348904, 26.01476177941564, 3.819943080564938, 7.058930602957908, 4.0187265917602994, 25.067128354450304, 4.0170548756415325]",321.2823210971305,9.91901326275752,c:\git\RailwAI\VIDEO\20260612\ADTC Rastatt_00_20260612175624.mp4,2026-06-12 17:56:24,Trieb,Trieb,Trieb
ADTC1_adz_raw_20260612_1800,2026-06-12 17:58:54.304,2026-06-12 17:59:04.431,"[Timestamp('2026-06-12 17:59:04.431000'), Timestamp('2026-06-12 17:59:04.867000'), Timestamp('2026-06-12 17:59:05.298000'), Timestamp('2026-06-12 17:59:05.631000'), Timestamp('2026-06-12 17:59:06.953000')]","[0.436, 0.431, 0.333, 1.322]","[36.37198622273249, 28.973504123530443, 22.73645546372819, 34.56099456099456, 36.52777777777777, 28.75816993464052, 21.55797101449275, 35.97978663672094, 35.83885886220538]","[15.858185993111364, 12.487580277241621, 7.571239669421488, 45.68963480963481]",81.60664074940928,9.509783378336644,c:\git\RailwAI\VIDEO\20260612\ADTC Rastatt_00_20260612175904.mp4,2026-06-12 17:59:04,Trieb,Trieb,Trieb
ADTC1_adz_raw_20260612_1822,2026-06-12 18:21:35.174,2026-06-12 18:21:45.263,"[Timestamp('2026-06-12 18:21:45.263000'), Timestamp('2026-06-12 18:21:45.356000'), Timestamp('2026-06-12 18:21:45.439000'), Timestamp('2026-06-12 18:21:45.922000'), Timestamp('2026-06-12 18:21:45.995000'), Timestamp('2026-06-12 18:21:46.073000')]","[0.093, 0.083, 0.483, 0.073, 0.078]","[34.86682808716707, 34.69879518072289, 34.53237410071942, 35.91022443890274, 35.4679802955665, 34.61538461538461, 34.95145631067961]","[3.242615012106538, 2.88, 16.679136690647482, 2.6214463840398996, 2.766502463054187]",28.189700549848105,9.975052437551645,c:\git\RailwAI\VIDEO\20260612\ADTC Rastatt_00_20260612182146.mp4,2026-06-12 18:21:46,Lok,Lok,Lok
ADTC1_adz_raw_20260612_1829,2026-06-12 18:27:50.560,2026-06-12 18:28:00.604,"[Timestamp('2026-06-12 18:28:00.604000'), Timestamp('2026-06-12 18:28:00.723000'), Timestamp('2026-06-12 18:28:01.081000'), Timestamp('2026-06-12 18:28:01.202000'), Timestamp('2026-06-12 18:28:01.438000'), Timestamp('2026-06-12 18:28:01.554000'), Timestamp('2026-06-12 18:28:02.355000'), Timestamp('2026-06-12 18:28:02.472000'), Timestamp('2026-06-12 18:28:02.670000'), Timestamp('2026-06-12 18:28:02.782000'), Timestamp('2026-06-12 18:28:03.594000'), Timestamp('2026-06-12 18:28:03.703000'), Timestamp('2026-06-12 18:28:03.905000'), Timestamp('2026-06-12 18:28:04.015000'), Timestamp('2026-06-12 18:28:04.824000'), Timestamp('2026-06-12 18:28:04.937000'), Timestamp('2026-06-12 18:28:05.133000'), Timestamp('2026-06-12 18:28:05.249000'), Timestamp('2026-06-12 18:28:06.060000'), Timestamp('2026-06-12 18:28:06.172000')]","[0.119, 0.358, 0.121, 0.236, 0.116, 0.801, 0.117, 0.198, 0.112, 0.812, 0.109, 0.202, 0.11, 0.809, 0.113, 0.196, 0.116, 0.811, 0.112]","[34.92063492063492, 35.1034814695973, 34.6270829542205, 34.72527472527472, 34.78260869565217, 34.53952477092716, 33.80323600520737, 34.40904419321686, 34.349796451340346, 35.04069697736688, 34.424522845575474, 34.47048812562853, 34.720732504905165, 34.67330786382068, 34.22470767666497, 34.61988304093567, 34.23340961098398, 34.59740259740259, 34.8596283115856, 34.29665071770334]","[4.155555555555555, 12.567046366115832, 4.18987703746068, 8.195164835164833, 4.034782608695652, 27.666159341512657, 3.954978612609262, 6.8129907502569385, 3.8471772025501187, 28.453045945621906, 3.7522729901677265, 6.963038601376963, 3.819280575539568, 28.050706061830933, 3.8673919674631416, 6.7854970760233915, 3.9710755148741423, 28.058493506493505, 3.9042783708975874]",193.0488129202104,9.939250206322866,c:\git\RailwAI\VIDEO\20260612\ADTC Rastatt_00_20260612182801.mp4,2026-06-12 18:28:01,Lok,Lok,Lok
ADTC1_adz_raw_20260612_1838,2026-06-12 18:37:39.494,2026-06-12 18:37:49.542,"[Timestamp('2026-06-12 18:37:49.542000'), Timestamp('2026-06-12 18:37:49.644000'), Timestamp('2026-06-12 18:37:50.187000'), Timestamp('2026-06-12 18:37:50.305000'), Timestamp('2026-06-12 18:37:50.901000'), Timestamp('2026-06-12 18:37:51.013000'), Timestamp('2026-06-12 18:37:51.577000'), Timestamp('2026-06-12 18:37:51.678000')]","[0.102, 0.543, 0.118, 0.596, 0.112, 0.564, 0.101]","[37.36313661351143, 36.77056479962503, 37.187556194928966, 36.7415039662793, 36.382428940568474, 36.40594699418229, 36.40430107526882, 36.824502728392886]","[3.8110399345781656, 19.966416686196393, 4.388131631001618, 21.897936363902463, 4.074832041343669, 20.532954104718808, 3.676834408602151]",78.34814517034326,9.95220043836955,c:\git\RailwAI\VIDEO\20260612\ADTC Rastatt_00_20260612183750.mp4,2026-06-12 18:37:50,Trieb,Trieb,Trieb
ADTC1_adz_raw_20260612_1842,2026-06-12 18:40:35.731,2026-06-12 18:40:45.767,"[Timestamp('2026-06-12 18:40:45.767000'), Timestamp('2026-06-12 18:40:45.875000'), Timestamp('2026-06-12 18:40:46.663000'), Timestamp('2026-06-12 18:40:46.768000'), Timestamp('2026-06-12 18:40:47.088000'), Timestamp('2026-06-12 18:40:47.197000'), Timestamp('2026-06-12 18:40:47.987000'), Timestamp('2026-06-12 18:40:48.087000'), Timestamp('2026-06-12 18:40:48.405000'), Timestamp('2026-06-12 18:40:48.521000'), Timestamp('2026-06-12 18:40:49.299000'), Timestamp('2026-06-12 18:40:49.415000'), Timestamp('2026-06-12 18:40:49.720000'), Timestamp('2026-06-12 18:40:49.839000'), Timestamp('2026-06-12 18:40:50.618000'), Timestamp('2026-06-12 18:40:50.735000'), Timestamp('2026-06-12 18:40:51.049000'), Timestamp('2026-06-12 18:40:51.152000'), Timestamp('2026-06-12 18:40:51.948000'), Timestamp('2026-06-12 18:40:52.048000'), Timestamp('2026-06-12 18:40:52.361000'), Timestamp('2026-06-12 18:40:52.478000'), Timestamp('2026-06-12 18:40:53.260000'), Timestamp('2026-06-12 18:40:53.371000'), Timestamp('2026-06-12 18:40:53.684000'), Timestamp('2026-06-12 18:40:53.791000'), Timestamp('2026-06-12 18:40:54.584000'), Timestamp('2026-06-12 18:40:54.686000')]","[0.108, 0.788, 0.105, 0.32, 0.109, 0.79, 0.1, 0.318, 0.116, 0.778, 0.116, 0.305, 0.119, 0.779, 0.117, 0.314, 0.103, 0.796, 0.1, 0.313, 0.117, 0.782, 0.111, 0.313, 0.107, 0.793, 0.102]","[34.41567619659492, 34.887218045112775, 34.78671865768639, 34.47048812562853, 34.5956054230949, 34.40904419321686, 35.165306998711884, 34.47137699845281, 34.40860215053763, 34.84584980237154, 34.47137699845281, 34.98207885304659, 34.66426811622541, 35.04816724627253, 34.72527472527472, 34.679186228482, 34.720732504905165, 34.81185621189826, 34.635186437152214, 34.80499691305319, 34.66833541927409, 35.02766389364328, 34.79402765557904, 35.074338289219284, 34.837946223128, 35.152359021046436, 35.463467829880045, 34.802674708273244]","[3.7168930292322515, 27.49112781954887, 3.652605459057071, 11.03055620020113, 3.7709209911173445, 27.183144912641318, 3.5165306998711885, 10.961897885507994, 3.9913978494623654, 27.11007114624506, 3.9986797318205265, 10.669534050179209, 4.125047905830823, 27.3025222848463, 4.062857142857143, 10.88926447574335, 3.5762354480052316, 27.710237544671017, 3.4635186437152217, 10.893964033785648, 4.056195244055068, 27.391633164829045, 3.862137069769274, 10.978267884525636, 3.727660245874696, 27.875820703689826, 3.6172737186477644]",310.6259952857304,9.931324888396738,c:\git\RailwAI\VIDEO\20260612\ADTC Rastatt_00_20260612184046.mp4,2026-06-12 18:40:46,Trieb,Trieb,Trieb
ADTC1_adz_raw_20260612_1846,2026-06-12 18:44:39.654,2026-06-12 18:44:49.742,"[Timestamp('2026-06-12 18:44:49.742000'), Timestamp('2026-06-12 18:44:49.847000'), Timestamp('2026-06-12 18:44:50.648000'), Timestamp('2026-06-12 18:44:50.751000'), Timestamp('2026-06-12 18:44:51.073000'), Timestamp('2026-06-12 18:44:51.181000'), Timestamp('2026-06-12 18:44:51.977000'), Timestamp('2026-06-12 18:44:52.086000'), Timestamp('2026-06-12 18:44:52.404000'), Timestamp('2026-06-12 18:44:52.519000'), Timestamp('2026-06-12 18:44:53.301000'), Timestamp('2026-06-12 18:44:53.424000'), Timestamp('2026-06-12 18:44:53.740000'), Timestamp('2026-06-12 18:44:53.847000'), Timestamp('2026-06-12 18:44:54.644000'), Timestamp('2026-06-12 18:44:54.747000'), Timestamp('2026-06-12 18:44:55.062000'), Timestamp('2026-06-12 18:44:55.181000'), Timestamp('2026-06-12 18:44:55.964000'), Timestamp('2026-06-12 18:44:56.084000'), Timestamp('2026-06-12 18:44:56.402000'), Timestamp('2026-06-12 18:44:56.506000'), Timestamp('2026-06-12 18:44:57.301000'), Timestamp('2026-06-12 18:44:57.407000'), Timestamp('2026-06-12 18:44:57.720000'), Timestamp('2026-06-12 18:44:57.836000'), Timestamp('2026-06-12 18:44:58.618000'), Timestamp('2026-06-12 18:44:58.736000'), Timestamp('2026-06-12 18:44:59.041000'), Timestamp('2026-06-12 18:44:59.162000'), Timestamp('2026-06-12 18:44:59.941000'), Timestamp('2026-06-12 18:45:00.058000'), Timestamp('2026-06-12 18:45:00.378000'), Timestamp('2026-06-12 18:45:00.483000'), Timestamp('2026-06-12 18:45:01.278000'), Timestamp('2026-06-12 18:45:01.378000'), Timestamp('2026-06-12 18:45:01.692000'), Timestamp('2026-06-12 18:45:01.812000'), Timestamp('2026-06-12 18:45:02.588000'), Timestamp('2026-06-12 18:45:02.708000'), Timestamp('2026-06-12 18:45:03.016000'), Timestamp('2026-06-12 18:45:03.137000'), Timestamp('2026-06-12 18:45:03.912000'), Timestamp('2026-06-12 18:45:04.033000'), Timestamp('2026-06-12 18:45:04.342000'), Timestamp('2026-06-12 18:45:04.458000'), Timestamp('2026-06-12 18:45:05.240000'), Timestamp('2026-06-12 18:45:05.355000'), Timestamp('2026-06-12 18:45:05.672000'), Timestamp('2026-06-12 18:45:05.772000'), Timestamp('2026-06-12 18:45:06.568000'), Timestamp('2026-06-12 18:45:06.674000')]","[0.105, 0.801, 0.103, 0.322, 0.108, 0.796, 0.109, 0.318, 0.115, 0.782, 0.123, 0.316, 0.107, 0.797, 0.103, 0.315, 0.119, 0.783, 0.12, 0.318, 0.104, 0.795, 0.106, 0.313, 0.116, 0.782, 0.118, 0.305, 0.121, 0.779, 0.117, 0.32, 0.105, 0.795, 0.1, 0.314, 0.12, 0.776, 0.12, 0.308, 0.121, 0.775, 0.121, 0.309, 0.116, 0.782, 0.115, 0.317, 0.1, 0.796, 0.106]","[34.10430839002267, 33.9875178584856, 33.69458128078818, 33.8132976150612, 34.18491484184915, 34.61988304093567, 34.121212121212125, 34.111736638812445, 33.8625391927537, 34.2255776710135, 34.47048812562853, 34.16413373860182, 34.111736638812445, 34.6574913981858, 34.04426559356137, 34.10829231351761, 34.6000987089903, 34.71982420342175, 34.475822050290134, 34.23776223776224, 34.65884652981427, 34.51944430098642, 34.24298685114067, 34.61358557247544, 34.47937891723195, 34.6270829542205, 34.644194756554306, 34.502516453735964, 34.752553024351926, 34.452862710796104, 34.67330786382068, 34.8599471101346, 34.38439398784777, 34.58652462968003, 34.46217189912507, 34.76985145791308, 34.63320313006917, 34.87233482495394, 34.75896685140646, 34.843791021265424, 34.564070741545144, 34.74579593116695, 34.78806907378336, 34.971174697202095, 34.75896685140646, 35.09949652361544, 35.025843721495896, 35.025843721495896, 35.171888162381165, 34.965090134511456, 35.05929536128338, 35.35483870967742]","[3.5809523809523807, 27.22400180464697, 3.4705418719211822, 10.887881832049707, 3.691970802919708, 27.557426900584794, 3.7192121212121214, 10.847532251142358, 3.8941920071666756, 26.764401738732555, 4.239870039452309, 10.795866261398174, 3.6499558203529316, 27.62202064435408, 3.506559356136821, 10.744112078758047, 4.117411746369846, 27.185622351279232, 4.137098646034816, 10.887608391608392, 3.604520039100684, 27.442958219284208, 3.6297566062209112, 10.834052284184814, 3.9996079543989063, 27.07837887020043, 4.088014981273408, 10.523267518389469, 4.205058915946583, 26.838780051710167, 4.05677702006702, 11.155183075243071, 3.610361368724016, 27.496287080595625, 3.446217189912507, 10.917733357784707, 4.1559843756083, 27.060931824164257, 4.1710760221687755, 10.73188763454975, 4.182252559726963, 26.92799184665439, 4.209356357927787, 10.806092981435446, 4.03204015476315, 27.447806281467276, 4.027972027972028, 11.103192459714199, 3.5171888162381166, 27.83221174707112, 3.7162853082960385]",585.3734639778672,9.970057055461483,c:\git\RailwAI\VIDEO\20260612\ADTC Rastatt_00_20260612184450.mp4,2026-06-12 18:44:50,Trieb,Trieb,Trieb
ADTC1_adz_raw_20260612_1853,2026-06-12 18:52:07.738,2026-06-12 18:52:17.749,"[Timestamp('2026-06-12 18:52:17.749000'), Timestamp('2026-06-12 18:52:17.867000'), Timestamp('2026-06-12 18:52:18.616000'), Timestamp('2026-06-12 18:52:18.736000'), Timestamp('2026-06-12 18:52:18.945000'), Timestamp('2026-06-12 18:52:19.062000'), Timestamp('2026-06-12 18:52:19.836000'), Timestamp('2026-06-12 18:52:19.957000'), Timestamp('2026-06-12 18:52:20.169000'), Timestamp('2026-06-12 18:52:20.282000'), Timestamp('2026-06-12 18:52:21.060000'), Timestamp('2026-06-12 18:52:21.175000'), Timestamp('2026-06-12 18:52:21.386000'), Timestamp('2026-06-12 18:52:21.509000'), Timestamp('2026-06-12 18:52:22.258000'), Timestamp('2026-06-12 18:52:22.377000')]","[0.118, 0.749, 0.12, 0.209, 0.117, 0.774, 0.121, 0.212, 0.113, 0.778, 0.115, 0.211, 0.123, 0.749, 0.119]","[33.86338185890257, 33.65505046784057, 33.403529155471645, 33.44988344988345, 33.51612195656942, 33.63357467173886, 33.68421052631579, 33.51040499049662, 33.35303697448579, 33.51040499049662, 33.22157294760035, 33.276462813889225, 32.76794035414726, 33.10344827586207, 33.347807207989575, 33.28366101043119]","[3.995879059350503, 25.207632800412586, 4.008423498656597, 6.991025641025641, 3.9213862689186225, 26.03238679592588, 4.07578947368421, 7.104205857985283, 3.7688931781168944, 26.07109508260637, 3.8204808889740405, 7.021333653730626, 4.030456663560113, 24.794482758620692, 3.9683890577507595]",154.81186067931884,9.903989004615836,c:\git\RailwAI\VIDEO\20260612\ADTC Rastatt_00_20260612185218.mp4,2026-06-12 18:52:18,Trieb,Trieb,Trieb
ADTC1_adz_raw_20260612_1858,2026-06-12 18:56:53.766,2026-06-12 18:57:03.833,"[Timestamp('2026-06-12 18:57:03.833000'), Timestamp('2026-06-12 18:57:03.973000'), Timestamp('2026-06-12 18:57:04.476000'), Timestamp('2026-06-12 18:57:04.611000'), Timestamp('2026-06-12 18:57:04.758000'), Timestamp('2026-06-12 18:57:04.896000'), Timestamp('2026-06-12 18:57:05.619000'), Timestamp('2026-06-12 18:57:05.758000'), Timestamp('2026-06-12 18:57:06.477000'), Timestamp('2026-06-12 18:57:06.615000'), Timestamp('2026-06-12 18:57:07.329000'), Timestamp('2026-06-12 18:57:07.473000'), Timestamp('2026-06-12 18:57:08.195000'), Timestamp('2026-06-12 18:57:08.326000'), Timestamp('2026-06-12 18:57:09.053000'), Timestamp('2026-06-12 18:57:09.192000'), Timestamp('2026-06-12 18:57:09.915000'), Timestamp('2026-06-12 18:57:10.052000'), Timestamp('2026-06-12 18:57:10.781000'), Timestamp('2026-06-12 18:57:10.914000'), Timestamp('2026-06-12 18:57:11.639000'), Timestamp('2026-06-12 18:57:11.775000'), Timestamp('2026-06-12 18:57:11.930000'), Timestamp('2026-06-12 18:57:12.066000'), Timestamp('2026-06-12 18:57:12.575000'), Timestamp('2026-06-12 18:57:12.710000')]","[0.14, 0.503, 0.135, 0.147, 0.138, 0.723, 0.139, 0.719, 0.138, 0.714, 0.144, 0.722, 0.131, 0.727, 0.139, 0.723, 0.137, 0.729, 0.133, 0.725, 0.136, 0.155, 0.136, 0.509, 0.135]","[34.126663977410246, 34.635186437152214, 34.077262943242324, 34.679186228482, 34.722549250451294, 34.365634365634364, 34.74579593116695, 34.53639598835328, 34.848484848484844, 34.34803758416754, 34.4103703894035, 34.53237410071942, 34.20702248259596, 34.05325853155385, 34.04426559356137, 34.53416149068323, 33.68462523392101, 33.59271766260461, 33.679864336798644, 33.679864336798644, 33.4448160535117, 33.93751639538806, 33.82336521642041, 33.679864336798644, 33.57669589463257, 33.60621685687055]","[4.7777329568374345, 17.421498777887564, 4.600430497337714, 5.097840375586854, 4.791711796562279, 24.846353646353645, 4.829665634432207, 24.831668715626005, 4.809090909090909, 24.524498835095624, 4.955093336074103, 24.93237410071942, 4.481119945220071, 24.75671895243965, 4.732152917505031, 24.968198757763975, 4.614793657047179, 24.489091176038762, 4.47942195679422, 24.417901644179015, 4.548494983277592, 5.260315041285149, 4.599977669433176, 17.14305094743051, 4.532853945775398]",303.4420511757935,9.947931511515549,c:\git\RailwAI\VIDEO\20260612\ADTC Rastatt_00_20260612185704.mp4,2026-06-12 18:57:04,Trieb,Trieb,Trieb
ADTC1_adz_raw_20260612_1906,2026-06-12 19:04:55.910,2026-06-12 19:05:06.025,"[Timestamp('2026-06-12 19:05:06.025000'), Timestamp('2026-06-12 19:05:06.920000'), Timestamp('2026-06-12 19:05:07.696000'), Timestamp('2026-06-12 19:05:08.153000'), Timestamp('2026-06-12 19:05:08.581000'), Timestamp('2026-06-12 19:05:09.033000')]","[0.895, 0.776, 0.457, 0.428, 0.452]","[33.13012402774859, 38.148148148148145, 10.79365079365079, 31.416202844774276, 32.368972746331245, 33.405052195394056, 34.10286696016321, 37.55193711398091, 32.45942571785269]","[29.651461004834992, 29.602962962962962, 4.932698412698412, 13.44613481756339, 14.630775681341722]",92.26403287940148,9.936740915816756,c:\git\RailwAI\VIDEO\20260612\ADTC Rastatt_00_20260612190506.mp4,2026-06-12 19:05:06,Trieb,Trieb,Trieb
ADTC1_adz_raw_20260612_1916,2026-06-12 19:15:08.211,2026-06-12 19:15:18.254,"[Timestamp('2026-06-12 19:15:18.254000'), Timestamp('2026-06-12 19:15:18.363000'), Timestamp('2026-06-12 19:15:19.161000'), Timestamp('2026-06-12 19:15:19.272000'), Timestamp('2026-06-12 19:15:19.598000'), Timestamp('2026-06-12 19:15:19.698000'), Timestamp('2026-06-12 19:15:20.506000'), Timestamp('2026-06-12 19:15:20.613000'), Timestamp('2026-06-12 19:15:20.926000'), Timestamp('2026-06-12 19:15:21.051000'), Timestamp('2026-06-12 19:15:21.843000'), Timestamp('2026-06-12 19:15:21.963000'), Timestamp('2026-06-12 19:15:22.280000'), Timestamp('2026-06-12 19:15:22.384000'), Timestamp('2026-06-12 19:15:23.193000'), Timestamp('2026-06-12 19:15:23.300000'), Timestamp('2026-06-12 19:15:23.622000'), Timestamp('2026-06-12 19:15:23.742000'), Timestamp('2026-06-12 19:15:24.529000'), Timestamp('2026-06-12 19:15:24.651000'), Timestamp('2026-06-12 19:15:24.972000'), Timestamp('2026-06-12 19:15:25.077000'), Timestamp('2026-06-12 19:15:25.881000'), Timestamp('2026-06-12 19:15:25.990000'), Timestamp('2026-06-12 19:15:26.309000'), Timestamp('2026-06-12 19:15:26.431000'), Timestamp('2026-06-12 19:15:27.228000'), Timestamp('2026-06-12 19:15:27.347000'), Timestamp('2026-06-12 19:15:27.661000'), Timestamp('2026-06-12 19:15:27.783000'), Timestamp('2026-06-12 19:15:28.580000'), Timestamp('2026-06-12 19:15:28.697000'), Timestamp('2026-06-12 19:15:29.016000'), Timestamp('2026-06-12 19:15:29.125000'), Timestamp('2026-06-12 19:15:29.931000'), Timestamp('2026-06-12 19:15:30.039000'), Timestamp('2026-06-12 19:15:30.358000'), Timestamp('2026-06-12 19:15:30.481000'), Timestamp('2026-06-12 19:15:31.279000'), Timestamp('2026-06-12 19:15:31.396000'), Timestamp('2026-06-12 19:15:31.714000'), Timestamp('2026-06-12 19:15:31.832000'), Timestamp('2026-06-12 19:15:32.623000'), Timestamp('2026-06-12 19:15:32.746000'), Timestamp('2026-06-12 19:15:33.068000'), Timestamp('2026-06-12 19:15:33.174000'), Timestamp('2026-06-12 19:15:33.979000'), Timestamp('2026-06-12 19:15:34.089000')]","[0.109, 0.798, 0.111, 0.326, 0.1, 0.808, 0.107, 0.313, 0.125, 0.792, 0.12, 0.317, 0.104, 0.809, 0.107, 0.322, 0.12, 0.787, 0.122, 0.321, 0.105, 0.804, 0.109, 0.319, 0.122, 0.797, 0.119, 0.314, 0.122, 0.797, 0.117, 0.319, 0.109, 0.806, 0.108, 0.319, 0.123, 0.798, 0.117, 0.318, 0.118, 0.791, 0.123, 0.322, 0.106, 0.805, 0.11]","[34.568604846961904, 34.61988304093567, 34.111736638812445, 33.90050073490944, 33.98240733779415, 34.68597143416161, 34.40904419321686, 34.28615160907664, 34.103127129552504, 34.285714285714285, 33.68794326241135, 33.80449337896147, 34.2255776710135, 33.86506731702461, 33.8625391927537, 33.92395579696572, 34.18491484184915, 33.943028485757125, 34.2255776710135, 33.51040499049662, 33.86759581881533, 33.943028485757125, 33.62563072551805, 33.9909257263179, 34.24298685114067, 34.14190418435415, 33.66249078850405, 34.15053328615478, 33.87096774193549, 33.90894819466248, 33.7986337986338, 33.92839333798743, 34.09862448764051, 33.84386617100371, 34.094429681498184, 33.74403374403374, 34.03103979557326, 34.09862448764051, 34.0178303115296, 34.14499030544154, 34.235329887503795, 33.886696940370726, 34.128662035638776, 34.267454540843495, 34.34235608082348, 34.18181818181818, 34.23983031588516, 34.56892101187403]","[3.7679779283188477, 27.626666666666665, 3.7864027669081817, 11.051563239580478, 3.3982407337794154, 28.026264918802582, 3.681767728674204, 10.731565453640988, 4.262890891194063, 27.154285714285713, 4.042553191489362, 10.716024401130785, 3.5594600777854035, 27.39683945947291, 3.6232916936246458, 10.923513766622962, 4.102189781021898, 26.713163418290858, 4.175520475863647, 10.756840001949415, 3.55609756097561, 27.29019490254873, 3.6651937490814674, 10.84310530669541, 4.177644395839161, 27.211097634930262, 4.005836403831982, 10.723267451852601, 4.1322580645161295, 27.025431711146, 3.954440154440155, 10.82315747481799, 3.7167500691528153, 27.278156133828993, 3.682198405601804, 10.764346764346763, 4.185817894855511, 27.210702341137125, 3.9800861464489636, 10.85810691713041, 4.039768926725448, 26.804377279833247, 4.19782543038357, 11.034120362151606, 3.6402897445672884, 27.516363636363636, 3.766381334747367]",539.5800385070531,9.923880174584022,c:\git\RailwAI\VIDEO\20260612\ADTC Rastatt_00_20260612191519.mp4,2026-06-12 19:15:19,Trieb,Trieb,Trieb
ADTC1_adz_raw_20260612_1928,2026-06-12 19:26:38.675,2026-06-12 19:26:48.697,"[Timestamp('2026-06-12 19:26:48.697000'), Timestamp('2026-06-12 19:26:48.814000'), Timestamp('2026-06-12 19:26:49.159000'), Timestamp('2026-06-12 19:26:49.275000'), Timestamp('2026-06-12 19:26:49.505000'), Timestamp('2026-06-12 19:26:49.613000'), Timestamp('2026-06-12 19:26:50.386000'), Timestamp('2026-06-12 19:26:50.497000'), Timestamp('2026-06-12 19:26:50.690000'), Timestamp('2026-06-12 19:26:50.803000'), Timestamp('2026-06-12 19:26:51.574000'), Timestamp('2026-06-12 19:26:51.689000'), Timestamp('2026-06-12 19:26:51.881000'), Timestamp('2026-06-12 19:26:51.994000'), Timestamp('2026-06-12 19:26:52.772000'), Timestamp('2026-06-12 19:26:52.881000'), Timestamp('2026-06-12 19:26:53.064000'), Timestamp('2026-06-12 19:26:53.178000'), Timestamp('2026-06-12 19:26:53.961000'), Timestamp('2026-06-12 19:26:54.078000')]","[0.117, 0.345, 0.116, 0.23, 0.108, 0.773, 0.111, 0.193, 0.113, 0.771, 0.115, 0.192, 0.113, 0.778, 0.109, 0.183, 0.114, 0.783, 0.117]","[36.73165388828039, 36.31059631059631, 35.5045118949959, 35.76919874552468, 36.159346271705815, 35.96766951055231, 35.76919874552468, 35.8613383884142, 35.82887700534759, 35.44172740276548, 35.83885886220538, 35.89800939387162, 35.298411625549164, 36.20454545454545, 35.96766951055231, 35.62164394878149, 37.14080459770115, 35.298411625549164, 35.524911762291715, 35.165306998711884]","[4.297603504928806, 12.527155727155726, 4.118523379819525, 8.226915711470678, 3.905209397344228, 27.80300853165694, 3.97038106075324, 6.92123830896394, 4.048663101604278, 27.325571827532187, 4.121468769153618, 6.892417803623351, 3.988720513687056, 28.167136363636363, 3.920475976650202, 6.518760842627012, 4.234051724137931, 27.638656302804996, 4.156414676188131]",192.78237352373824,9.914412097112178,c:\git\RailwAI\VIDEO\20260612\ADTC Rastatt_00_20260612192649.mp4,2026-06-12 19:26:49,Lok,Lok,Lok
ADTC1_adz_raw_20260612_1936,2026-06-12 19:35:24.083,2026-06-12 19:35:34.200,"[Timestamp('2026-06-12 19:35:34.200000'), Timestamp('2026-06-12 19:35:34.308000'), Timestamp('2026-06-12 19:35:34.894000'), Timestamp('2026-06-12 19:35:35.017000'), Timestamp('2026-06-12 19:35:35.635000'), Timestamp('2026-06-12 19:35:35.757000'), Timestamp('2026-06-12 19:35:36.337000'), Timestamp('2026-06-12 19:35:36.448000')]","[0.108, 0.586, 0.123, 0.618, 0.122, 0.58, 0.111]","[34.452862710796104, 34.3717974994876, 34.78443522554219, 35.106297633373444, 34.179284130503646, 34.78443522554219, 34.78306531014112, 34.5956054230949]","[3.720909172765979, 20.14187333469973, 4.278485532741689, 21.695691937424787, 4.169872663921445, 20.174972430814467, 3.8609202494256643]",78.04272532179377,10.008650063708563,c:\git\RailwAI\VIDEO\20260612\ADTC Rastatt_00_20260612193537.mp4,2026-06-12 19:35:37,,,
ADTC1_adz_raw_20260612_1951,2026-06-12 19:50:26.330,2026-06-12 19:50:36.426,"[Timestamp('2026-06-12 19:50:36.426000'), Timestamp('2026-06-12 19:50:36.532000'), Timestamp('2026-06-12 19:50:37.332000'), Timestamp('2026-06-12 19:50:37.438000'), Timestamp('2026-06-12 19:50:37.754000'), Timestamp('2026-06-12 19:50:37.872000'), Timestamp('2026-06-12 19:50:38.658000'), Timestamp('2026-06-12 19:50:38.777000'), Timestamp('2026-06-12 19:50:39.088000'), Timestamp('2026-06-12 19:50:39.206000'), Timestamp('2026-06-12 19:50:39.998000'), Timestamp('2026-06-12 19:50:40.114000'), Timestamp('2026-06-12 19:50:40.431000'), Timestamp('2026-06-12 19:50:40.537000'), Timestamp('2026-06-12 19:50:41.339000'), Timestamp('2026-06-12 19:50:41.440000'), Timestamp('2026-06-12 19:50:41.763000'), Timestamp('2026-06-12 19:50:41.879000'), Timestamp('2026-06-12 19:50:42.663000'), Timestamp('2026-06-12 19:50:42.783000'), Timestamp('2026-06-12 19:50:43.094000'), Timestamp('2026-06-12 19:50:43.215000'), Timestamp('2026-06-12 19:50:43.999000'), Timestamp('2026-06-12 19:50:44.120000'), Timestamp('2026-06-12 19:50:44.437000'), Timestamp('2026-06-12 19:50:44.547000'), Timestamp('2026-06-12 19:50:45.345000'), Timestamp('2026-06-12 19:50:45.448000'), Timestamp('2026-06-12 19:50:45.766000'), Timestamp('2026-06-12 19:50:45.882000'), Timestamp('2026-06-12 19:50:46.671000'), Timestamp('2026-06-12 19:50:46.788000'), Timestamp('2026-06-12 19:50:47.101000'), Timestamp('2026-06-12 19:50:47.208000'), Timestamp('2026-06-12 19:50:48.008000'), Timestamp('2026-06-12 19:50:48.114000'), Timestamp('2026-06-12 19:50:48.431000'), Timestamp('2026-06-12 19:50:48.547000'), Timestamp('2026-06-12 19:50:49.332000'), Timestamp('2026-06-12 19:50:49.451000'), Timestamp('2026-06-12 19:50:49.773000'), Timestamp('2026-06-12 19:50:49.879000'), Timestamp('2026-06-12 19:50:50.671000'), Timestamp('2026-06-12 19:50:50.782000'), Timestamp('2026-06-12 19:50:51.102000'), Timestamp('2026-06-12 19:50:51.208000'), Timestamp('2026-06-12 19:50:52.003000'), Timestamp('2026-06-12 19:50:52.110000')]","[0.106, 0.8, 0.106, 0.316, 0.118, 0.786, 0.119, 0.311, 0.118, 0.792, 0.116, 0.317, 0.106, 0.802, 0.101, 0.323, 0.116, 0.784, 0.12, 0.311, 0.121, 0.784, 0.121, 0.317, 0.11, 0.798, 0.103, 0.318, 0.116, 0.789, 0.117, 0.313, 0.107, 0.8, 0.106, 0.317, 0.116, 0.785, 0.119, 0.322, 0.106, 0.792, 0.111, 0.32, 0.106, 0.795, 0.107]","[34.2299283062999, 34.41567619659492, 34.502516453735964, 34.2560553633218, 34.347158218125955, 34.53282093086448, 34.352435089875556, 34.65884652981427, 34.16413373860182, 34.28615160907664, 34.53639598835328, 34.59740259740259, 34.16413373860182, 34.347158218125955, 34.121212121212125, 34.347158218125955, 34.47048812562853, 34.495393904988, 34.10570952597304, 34.35595390524968, 34.29271279853032, 34.18491484184915, 34.111736638812445, 34.436915797729405, 34.475822050290134, 34.53416149068323, 33.80952380952381, 34.711779448621556, 34.66426811622541, 34.56099456099456, 34.44444444444444, 34.99880468563232, 34.56099456099456, 34.529252227818674, 34.74527462170794, 34.74527462170794, 34.732724902216425, 35.156375300721734, 35.09949652361544, 34.68930673472577, 34.63320313006917, 34.77305715742811, 34.267454540843495, 34.37164339419978, 34.53682690323912, 34.49546010689677, 34.412566731958364, 34.63320313006917]","[3.628372400467789, 27.53254095727594, 3.6572667440960123, 10.824913494809689, 4.052964669738863, 27.142797251659484, 4.087939775695191, 10.778901270772238, 4.031367781155015, 27.1546320743887, 4.0062219346489805, 10.967376623376621, 3.621398176291793, 27.546420890937018, 3.446242424242425, 11.094132104454683, 3.9985766225729096, 27.04438882151059, 4.092685143116765, 10.68470166453265, 4.149418248622168, 26.800973236009735, 4.127520133296306, 10.916502307880222, 3.792340425531915, 27.55826086956522, 3.4823809523809524, 11.038345864661656, 4.021055101482148, 27.268624708624706, 4.03, 10.954625866602917, 3.6980264180264175, 27.62340178225494, 3.6829991099010417, 11.014252055081418, 4.028996088657106, 27.597754611066563, 4.1768400863102375, 11.169956768581697, 3.671119531787332, 27.540261268683068, 3.803687454033628, 10.99892588614393, 3.660903651743346, 27.423890784982934, 3.682144640319545]",541.3070486779743,9.986335324774377,c:\git\RailwAI\VIDEO\20260612\ADTC Rastatt_00_20260612195031.mp4,2026-06-12 19:50:31,Trieb,Trieb,Trieb
ADTC1_adz_raw_20260612_1957,2026-06-12 19:55:47.322,2026-06-12 19:55:57.421,"[Timestamp('2026-06-12 19:55:57.421000'), Timestamp('2026-06-12 19:55:57.565000'), Timestamp('2026-06-12 19:55:58.079000'), Timestamp('2026-06-12 19:55:58.220000'), Timestamp('2026-06-12 19:55:58.377000'), Timestamp('2026-06-12 19:55:58.513000'), Timestamp('2026-06-12 19:55:59.249000'), Timestamp('2026-06-12 19:55:59.387000'), Timestamp('2026-06-12 19:56:00.121000'), Timestamp('2026-06-12 19:56:00.264000'), Timestamp('2026-06-12 19:56:01'), Timestamp('2026-06-12 19:56:01.140000'), Timestamp('2026-06-12 19:56:01.878000'), Timestamp('2026-06-12 19:56:02.012000'), Timestamp('2026-06-12 19:56:02.748000'), Timestamp('2026-06-12 19:56:02.889000'), Timestamp('2026-06-12 19:56:03.624000'), Timestamp('2026-06-12 19:56:03.763000'), Timestamp('2026-06-12 19:56:04.508000'), Timestamp('2026-06-12 19:56:04.646000'), Timestamp('2026-06-12 19:56:05.382000'), Timestamp('2026-06-12 19:56:05.522000'), Timestamp('2026-06-12 19:56:05.678000'), Timestamp('2026-06-12 19:56:05.817000'), Timestamp('2026-06-12 19:56:06.336000'), Timestamp('2026-06-12 19:56:06.475000')]","[0.144, 0.514, 0.141, 0.157, 0.136, 0.736, 0.138, 0.734, 0.143, 0.736, 0.14, 0.738, 0.134, 0.736, 0.141, 0.735, 0.139, 0.745, 0.138, 0.736, 0.14, 0.156, 0.139, 0.519, 0.139]","[33.87096774193549, 33.92903975122701, 33.922685046448905, 33.75185368264953, 33.68462523392101, 33.93751639538806, 33.77355690755305, 33.343383301776434, 34.006269592476485, 33.46410309353479, 33.296129612961295, 33.82966051220965, 33.24346669542399, 32.87132421801835, 33.69084707360022, 32.93841642228739, 33.24591101997997, 33.19636884854276, 33.5717598808681, 33.27536370941626, 33.76623376623377, 33.21303090418031, 32.8506026347753, 32.93841642228739, 32.76260345688184, 33.0245500334613]","[4.87741935483871, 17.439526432130684, 4.783098591549295, 5.299041028175977, 4.5811090318132575, 24.97801206700561, 4.660750853242321, 24.4740433435039, 4.862896551724137, 24.629579876841603, 4.661458145814581, 24.96628945801072, 4.454624537186815, 24.193294624461505, 4.75040943737763, 24.20973607038123, 4.621181631777216, 24.731294792164356, 4.632902863559798, 24.49066769013037, 4.7272727272727275, 5.181232821052128, 4.566233766233767, 17.095038123167157, 4.5540018805065765]",302.4211156999221,9.9982521927037,c:\git\RailwAI\VIDEO\20260612\ADTC Rastatt_00_20260612195558.mp4,2026-06-12 19:55:58,Trieb,Trieb,Trieb
ADTC1_adz_raw_20260612_2010,2026-06-12 20:09:10.317,2026-06-12 20:09:20.352,"[Timestamp('2026-06-12 20:09:20.352000'), Timestamp('2026-06-12 20:09:20.493000'), Timestamp('2026-06-12 20:09:20.814000'), Timestamp('2026-06-12 20:09:20.960000'), Timestamp('2026-06-12 20:09:21.206000'), Timestamp('2026-06-12 20:09:21.285000'), Timestamp('2026-06-12 20:09:21.782000'), Timestamp('2026-06-12 20:09:21.866000'), Timestamp('2026-06-12 20:09:22.441000'), Timestamp('2026-06-12 20:09:22.627000'), Timestamp('2026-06-12 20:09:22.709000'), Timestamp('2026-06-12 20:09:23.198000'), Timestamp('2026-06-12 20:09:23.285000'), Timestamp('2026-06-12 20:09:23.858000'), Timestamp('2026-06-12 20:09:26.132000'), Timestamp('2026-06-12 20:09:29.120000')]","[0.141, 0.321, 0.146, 0.246, 0.079, 0.497, 0.084, 0.575, 0.186, 0.082, 0.489, 0.087, 0.573, 2.274, 2.988]","[nan, nan, nan, nan, nan, nan, nan, nan, nan, nan, nan, nan, nan, nan, nan, nan, nan, nan, nan, nan, nan, nan, nan, nan, nan, nan, nan, nan, nan, nan, nan, nan, nan, nan, nan, nan, nan, nan, nan, nan, nan, nan, nan, nan, nan, nan, nan, nan]","[nan, nan, nan, nan, nan, nan, nan, nan, nan, nan, nan, nan, nan, nan, nan]",,9.91964186408631,c:\git\RailwAI\VIDEO\20260612\ADTC Rastatt_00_20260612200921.mp4,2026-06-12 20:09:21,Lok,Lok,Lok
ADTC1_adz_raw_20260612_2031,2026-06-12 20:30:23.315,2026-06-12 20:30:33.359,"[Timestamp('2026-06-12 20:30:33.359000'), Timestamp('2026-06-12 20:30:33.470000'), Timestamp('2026-06-12 20:30:33.820000'), Timestamp('2026-06-12 20:30:33.933000'), Timestamp('2026-06-12 20:30:34.165000'), Timestamp('2026-06-12 20:30:34.277000'), Timestamp('2026-06-12 20:30:35.057000'), Timestamp('2026-06-12 20:30:35.163000'), Timestamp('2026-06-12 20:30:35.355000'), Timestamp('2026-06-12 20:30:35.466000'), Timestamp('2026-06-12 20:30:36.252000'), Timestamp('2026-06-12 20:30:36.358000'), Timestamp('2026-06-12 20:30:36.548000'), Timestamp('2026-06-12 20:30:36.662000'), Timestamp('2026-06-12 20:30:37.447000'), Timestamp('2026-06-12 20:30:37.550000'), Timestamp('2026-06-12 20:30:37.743000'), Timestamp('2026-06-12 20:30:37.852000'), Timestamp('2026-06-12 20:30:38.634000'), Timestamp('2026-06-12 20:30:38.745000')]","[0.111, 0.35, 0.113, 0.232, 0.112, 0.78, 0.106, 0.192, 0.111, 0.786, 0.106, 0.19, 0.114, 0.785, 0.103, 0.193, 0.109, 0.782, 0.111]","[35.311299832314596, 35.34188728276758, 35.69562512958739, 35.432073544433095, 34.679186228482, 35.243715140247346, 35.1034814695973, 36.58217925267833, 34.81963335304553, 34.913245873889124, 34.66110531803962, 35.44800523217789, 35.65699164806086, 35.40246122083073, 34.33871153182846, 34.955312810327705, 35.36883243771372, 35.25755720877672, 34.82832956517167, 35.360195360195355]","[3.91955428138692, 12.369660548968652, 4.033605639643375, 8.220241062308478, 3.8840688575899844, 27.490097809392932, 3.7209690357773133, 7.023778416514239, 3.864979302188054, 27.441811256876854, 3.6740771637121994, 6.7351209941137995, 4.064897047878938, 27.790932058352123, 3.536887287778331, 6.746375372393247, 3.8552027357107956, 27.571409737263394, 3.8659445817340554]",189.80961318958373,9.931745935591124,c:\git\RailwAI\VIDEO\20260612\ADTC Rastatt_00_20260612203034.mp4,2026-06-12 20:30:34,Lok,Lok,Lok
ADTC1_adz_raw_20260612_2038,2026-06-12 20:36:46.074,2026-06-12 20:36:56.132,"[Timestamp('2026-06-12 20:36:56.132000'), Timestamp('2026-06-12 20:36:56.266000'), Timestamp('2026-06-12 20:36:56.567000'), Timestamp('2026-06-12 20:36:56.705000'), Timestamp('2026-06-12 20:36:56.965000'), Timestamp('2026-06-12 20:36:57.084000'), Timestamp('2026-06-12 20:36:57.845000'), Timestamp('2026-06-12 20:36:57.956000'), Timestamp('2026-06-12 20:36:58.178000'), Timestamp('2026-06-12 20:36:58.299000'), Timestamp('2026-06-12 20:36:59.052000'), Timestamp('2026-06-12 20:36:59.174000'), Timestamp('2026-06-12 20:36:59.397000'), Timestamp('2026-06-12 20:36:59.505000'), Timestamp('2026-06-12 20:37:00.272000'), Timestamp('2026-06-12 20:37:00.382000'), Timestamp('2026-06-12 20:37:00.610000'), Timestamp('2026-06-12 20:37:00.722000'), Timestamp('2026-06-12 20:37:01.483000'), Timestamp('2026-06-12 20:37:01.597000'), Timestamp('2026-06-12 20:37:01.821000'), Timestamp('2026-06-12 20:37:01.932000'), Timestamp('2026-06-12 20:37:02.696000'), Timestamp('2026-06-12 20:37:02.807000'), Timestamp('2026-06-12 20:37:03.029000'), Timestamp('2026-06-12 20:37:03.144000'), Timestamp('2026-06-12 20:37:03.157000'), Timestamp('2026-06-12 20:37:03.914000'), Timestamp('2026-06-12 20:37:04.020000')]","[0.134, 0.301, 0.138, 0.26, 0.119, 0.761, 0.111, 0.222, 0.121, 0.753, 0.122, 0.223, 0.108, 0.767, 0.11, 0.228, 0.112, 0.761, 0.114, 0.224, 0.111, 0.764, 0.111, 0.222, 0.115, 0.013, 0.757, 0.106]","[34.16456951117212, 33.62131208763849, 34.046002634512114, 33.705329153605014, 33.456865873113266, 33.66316841579211, 33.197278911564624, 33.26532594967454, 33.65079365079365, 32.5513963161022, 33.533413365346135, 33.197278911564624, 32.82402779761055, 32.373423677771505, 32.744115700916915, 32.946044117293305, 32.72123368920522, 32.72123368920522, 32.48120300751879, 31.84736745551275, 32.84969179706022, 32.76190476190476, 31.900720868692396, 31.428571428571427, 31.158645276292333, 31.678832116788318, 31.678832116788318, 31.80461828031033, 31.636363636363637, 31.101435890670007]","[4.578052314497064, 10.120014938379185, 4.698348363562672, 8.763385579937303, 3.9813670389004785, 25.617671164417793, 3.6848979591836732, 7.384902360827748, 4.071746031746032, 24.511201426024957, 4.091076430572229, 7.402993197278911, 3.544995002141939, 24.830415960850747, 3.6018527271008605, 7.511698058742874, 3.6647781731909848, 24.900858837485174, 3.7028571428571424, 7.133810310034856, 3.646315789473684, 25.030095238095235, 3.540980016424856, 6.977142857142857, 3.5832442067736183, 0.4118248175182481, 23.980875912408756, 3.3712895377128946]",258.3386913932828,9.94420164862828,c:\git\RailwAI\VIDEO\20260612\ADTC Rastatt_00_20260612203657.mp4,2026-06-12 20:36:57,Lok,Lok,Lok
ADTC1_adz_raw_20260612_2059,2026-06-12 20:58:26.790,2026-06-12 20:58:36.878,"[Timestamp('2026-06-12 20:58:36.878000'), Timestamp('2026-06-12 20:58:37.775000'), Timestamp('2026-06-12 20:58:38.231000')]","[0.897, 0.456]","[31.218781218781217, 35.18796992481202, 35.243715140247346, 34.978364172130924]","[28.003246753246753, 16.045714285714283]",44.04896103896104,9.894992323535662,c:\git\RailwAI\VIDEO\20260612\ADTC Rastatt_00_20260612205837.mp4,2026-06-12 20:58:37,Trieb,Trieb,Trieb
ADTC1_adz_raw_20260612_2121,2026-06-12 21:19:46.733,2026-06-12 21:19:56.760,"[Timestamp('2026-06-12 21:19:56.760000'), Timestamp('2026-06-12 21:19:56.838000'), Timestamp('2026-06-12 21:19:56.918000'), Timestamp('2026-06-12 21:19:57.391000'), Timestamp('2026-06-12 21:19:57.471000'), Timestamp('2026-06-12 21:19:57.554000'), Timestamp('2026-06-12 21:19:57.825000'), Timestamp('2026-06-12 21:19:57.939000'), Timestamp('2026-06-12 21:19:58.295000'), Timestamp('2026-06-12 21:19:58.411000'), Timestamp('2026-06-12 21:19:58.625000'), Timestamp('2026-06-12 21:19:58.706000'), Timestamp('2026-06-12 21:19:59.124000'), Timestamp('2026-06-12 21:19:59.199000'), Timestamp('2026-06-12 21:19:59.349000'), Timestamp('2026-06-12 21:19:59.432000'), Timestamp('2026-06-12 21:19:59.847000'), Timestamp('2026-06-12 21:19:59.928000'), Timestamp('2026-06-12 21:20:00.077000'), Timestamp('2026-06-12 21:20:00.160000'), Timestamp('2026-06-12 21:20:00.577000'), Timestamp('2026-06-12 21:20:00.656000'), Timestamp('2026-06-12 21:20:00.808000'), Timestamp('2026-06-12 21:20:00.880000'), Timestamp('2026-06-12 21:20:01.312000'), Timestamp('2026-06-12 21:20:01.378000'), Timestamp('2026-06-12 21:20:01.538000'), Timestamp('2026-06-12 21:20:01.617000'), Timestamp('2026-06-12 21:20:02.032000'), Timestamp('2026-06-12 21:20:02.116000'), Timestamp('2026-06-12 21:20:02.264000'), Timestamp('2026-06-12 21:20:02.347000'), Timestamp('2026-06-12 21:20:02.764000'), Timestamp('2026-06-12 21:20:02.842000'), Timestamp('2026-06-12 21:20:02.996000'), Timestamp('2026-06-12 21:20:03.072000'), Timestamp('2026-06-12 21:20:03.493000'), Timestamp('2026-06-12 21:20:03.567000'), Timestamp('2026-06-12 21:20:03.721000'), Timestamp('2026-06-12 21:20:03.803000'), Timestamp('2026-06-12 21:20:04.216000'), Timestamp('2026-06-12 21:20:04.296000'), Timestamp('2026-06-12 21:20:04.441000'), Timestamp('2026-06-12 21:20:04.529000'), Timestamp('2026-06-12 21:20:04.946000'), Timestamp('2026-06-12 21:20:05.026000'), Timestamp('2026-06-12 21:20:05.178000'), Timestamp('2026-06-12 21:20:05.259000'), Timestamp('2026-06-12 21:20:05.677000'), Timestamp('2026-06-12 21:20:05.755000'), Timestamp('2026-06-12 21:20:05.908000'), Timestamp('2026-06-12 21:20:05.987000'), Timestamp('2026-06-12 21:20:06.407000'), Timestamp('2026-06-12 21:20:06.485000'), Timestamp('2026-06-12 21:20:06.638000'), Timestamp('2026-06-12 21:20:06.721000'), Timestamp('2026-06-12 21:20:07.135000'), Timestamp('2026-06-12 21:20:07.216000'), Timestamp('2026-06-12 21:20:07.371000'), Timestamp('2026-06-12 21:20:07.447000'), Timestamp('2026-06-12 21:20:07.869000'), Timestamp('2026-06-12 21:20:07.946000'), Timestamp('2026-06-12 21:20:08.101000'), Timestamp('2026-06-12 21:20:08.181000'), Timestamp('2026-06-12 21:20:08.598000'), Timestamp('2026-06-12 21:20:08.676000'), Timestamp('2026-06-12 21:20:08.834000'), Timestamp('2026-06-12 21:20:08.911000'), Timestamp('2026-06-12 21:20:09.332000'), Timestamp('2026-06-12 21:20:09.410000'), Timestamp('2026-06-12 21:20:09.566000'), Timestamp('2026-06-12 21:20:09.649000'), Timestamp('2026-06-12 21:20:10.067000'), Timestamp('2026-06-12 21:20:10.144000'), Timestamp('2026-06-12 21:20:10.299000'), Timestamp('2026-06-12 21:20:10.379000'), Timestamp('2026-06-12 21:20:10.807000'), Timestamp('2026-06-12 21:20:10.882000'), Timestamp('2026-06-12 21:20:11.037000'), Timestamp('2026-06-12 21:20:11.117000'), Timestamp('2026-06-12 21:20:11.534000'), Timestamp('2026-06-12 21:20:11.614000'), Timestamp('2026-06-12 21:20:11.770000'), Timestamp('2026-06-12 21:20:11.849000'), Timestamp('2026-06-12 21:20:12.274000'), Timestamp('2026-06-12 21:20:12.351000')]","[0.078, 0.08, 0.473, 0.08, 0.083, 0.271, 0.114, 0.356, 0.116, 0.214, 0.081, 0.418, 0.075, 0.15, 0.083, 0.415, 0.081, 0.149, 0.083, 0.417, 0.079, 0.152, 0.072, 0.432, 0.066, 0.16, 0.079, 0.415, 0.084, 0.148, 0.083, 0.417, 0.078, 0.154, 0.076, 0.421, 0.074, 0.154, 0.082, 0.413, 0.08, 0.145, 0.088, 0.417, 0.08, 0.152, 0.081, 0.418, 0.078, 0.153, 0.079, 0.42, 0.078, 0.153, 0.083, 0.414, 0.081, 0.155, 0.076, 0.422, 0.077, 0.155, 0.08, 0.417, 0.078, 0.158, 0.077, 0.421, 0.078, 0.156, 0.083, 0.418, 0.077, 0.155, 0.08, 0.428, 0.075, 0.155, 0.08, 0.417, 0.08, 0.156, 0.079, 0.425, 0.077]","[nan, nan, nan, nan, nan, nan, nan, nan, nan, nan, nan, nan, nan, nan, nan, nan, nan, nan, nan, nan, nan, nan, nan, nan, nan, nan, nan, nan, nan, nan, nan, nan, nan, nan, nan, nan, nan, nan, nan, nan, nan, nan, nan, nan, nan, nan, nan, nan, nan, nan, nan, nan, nan, nan, nan, nan, nan, nan, nan, nan, nan, nan, nan, nan, nan, nan, nan, nan, nan, nan, nan, nan, nan, nan, nan, nan, nan, nan, nan, nan]","[nan, nan, nan, nan, nan, nan, nan, nan, nan, nan, nan, nan, nan, nan, nan, nan, nan, nan, nan, nan, nan, nan, nan, nan, nan, nan, nan, nan, nan, nan, nan, nan, nan, nan, nan, nan, nan, nan, nan, nan, nan, nan, nan, nan, nan, nan, nan, nan, nan, nan, nan, nan, nan, nan, nan, nan, nan, nan, nan, nan, nan, nan, nan, nan, nan, nan, nan, nan, nan, nan, nan, nan, nan, nan, nan, nan, nan, nan, nan, nan]",,9.920733439128009,c:\git\RailwAI\VIDEO\20260612\ADTC Rastatt_00_20260612211958.mp4,2026-06-12 21:19:58,Lok,Lok,Lok
ADTC1_adz_raw_20260612_2125,2026-06-12 21:24:32.794,2026-06-12 21:24:42.862,"[Timestamp('2026-06-12 21:24:42.862000'), Timestamp('2026-06-12 21:24:42.978000'), Timestamp('2026-06-12 21:24:43.327000'), Timestamp('2026-06-12 21:24:43.447000'), Timestamp('2026-06-12 21:24:43.672000'), Timestamp('2026-06-12 21:24:43.785000'), Timestamp('2026-06-12 21:24:44.564000'), Timestamp('2026-06-12 21:24:44.684000'), Timestamp('2026-06-12 21:24:44.873000'), Timestamp('2026-06-12 21:24:44.985000'), Timestamp('2026-06-12 21:24:45.773000'), Timestamp('2026-06-12 21:24:45.884000'), Timestamp('2026-06-12 21:24:46.080000'), Timestamp('2026-06-12 21:24:46.194000'), Timestamp('2026-06-12 21:24:46.978000'), Timestamp('2026-06-12 21:24:47.092000'), Timestamp('2026-06-12 21:24:47.277000'), Timestamp('2026-06-12 21:24:47.390000'), Timestamp('2026-06-12 21:24:48.182000'), Timestamp('2026-06-12 21:24:48.290000')]","[0.116, 0.349, 0.12, 0.225, 0.113, 0.779, 0.12, 0.189, 0.112, 0.788, 0.111, 0.196, 0.114, 0.784, 0.114, 0.185, 0.113, 0.792, 0.108]","[36.0256843528219, 36.043956043956044, 35.56336095713736, 36.44326629401256, 35.70006635700066, 35.36883243771372, 35.36211434618619, 35.955056179775276, 35.43641712978097, 35.75889333536425, 35.89403973509934, 35.55409512856321, 35.311299832314596, 35.358996539792386, 35.26366871562601, 35.09949652361544, 35.48281505728314, 35.36294691224269, 35.58132855560267, 35.174021380917935]","[4.178979384927341, 12.579340659340659, 4.267603314856483, 8.199734916152826, 4.034107498341075, 27.55232046897899, 4.243453721542343, 6.795505617977527, 3.9688787185354686, 28.17800794826703, 3.984238410596027, 6.96860264519839, 4.0254881808838645, 27.72145328719723, 4.0200582335813655, 6.493406856868857, 4.009558101472995, 28.007453954496214, 3.842783484005088]",193.07097540321976,9.962511482410187,c:\git\RailwAI\VIDEO\20260612\ADTC Rastatt_00_20260612212444.mp4,2026-06-12 21:24:44,Lok,Lok,Lok
ADTC1_adz_raw_20260612_2129,2026-06-12 21:27:58.701,2026-06-12 21:28:08.756,"[Timestamp('2026-06-12 21:28:08.756000'), Timestamp('2026-06-12 21:28:08.884000'), Timestamp('2026-06-12 21:28:09.275000'), Timestamp('2026-06-12 21:28:09.395000'), Timestamp('2026-06-12 21:28:09.714000'), Timestamp('2026-06-12 21:28:10.210000'), Timestamp('2026-06-12 21:28:10.697000'), Timestamp('2026-06-12 21:28:12.692000'), Timestamp('2026-06-12 21:28:13.189000'), Timestamp('2026-06-12 21:28:13.678000'), Timestamp('2026-06-12 21:28:14.028000'), Timestamp('2026-06-12 21:28:14.523000'), Timestamp('2026-06-12 21:28:15.015000'), Timestamp('2026-06-12 21:28:15.337000'), Timestamp('2026-06-12 21:28:15.830000'), Timestamp('2026-06-12 21:28:16.088000'), Timestamp('2026-06-12 21:28:16.583000'), Timestamp('2026-06-12 21:28:16.901000'), Timestamp('2026-06-12 21:28:17.403000'), Timestamp('2026-06-12 21:28:17.896000'), Timestamp('2026-06-12 21:28:18.219000'), Timestamp('2026-06-12 21:28:18.720000'), Timestamp('2026-06-12 21:28:18.973000'), Timestamp('2026-06-12 21:28:19.476000'), Timestamp('2026-06-12 21:28:19.768000'), Timestamp('2026-06-12 21:28:20.267000'), Timestamp('2026-06-12 21:28:20.527000'), Timestamp('2026-06-12 21:28:21.022000'), Timestamp('2026-06-12 21:28:21.350000'), Timestamp('2026-06-12 21:28:21.851000'), Timestamp('2026-06-12 21:28:22.349000'), Timestamp('2026-06-12 21:28:22.705000'), Timestamp('2026-06-12 21:28:23.214000'), Timestamp('2026-06-12 21:28:23.709000'), Timestamp('2026-06-12 21:28:23.993000'), Timestamp('2026-06-12 21:28:24.079000'), Timestamp('2026-06-12 21:28:24.565000'), Timestamp('2026-06-12 21:28:24.648000'), Timestamp('2026-06-12 21:28:24.900000'), Timestamp('2026-06-12 21:28:25.408000'), Timestamp('2026-06-12 21:28:25.665000'), Timestamp('2026-06-12 21:28:26.175000'), Timestamp('2026-06-12 21:28:26.468000'), Timestamp('2026-06-12 21:28:26.971000'), Timestamp('2026-06-12 21:28:27.230000'), Timestamp('2026-06-12 21:28:27.738000')]","[0.128, 0.391, 0.12, 0.319, 0.496, 0.487, 1.995, 0.497, 0.489, 0.35, 0.495, 0.492, 0.322, 0.493, 0.258, 0.495, 0.318, 0.502, 0.493, 0.323, 0.501, 0.253, 0.503, 0.292, 0.499, 0.26, 0.495, 0.328, 0.501, 0.498, 0.356, 0.509, 0.495, 0.284, 0.086, 0.486, 0.083, 0.252, 0.508, 0.257, 0.51, 0.293, 0.503, 0.259, 0.508]","[33.56643356643357, 33.56643356643357, 32.214765100671144, 32.432432432432435, 32.87671232876713, 32.0, 32.214765100671144, 8.121827411167512, 10.643015521064301, 4.301075268817204, 7.453416149068323, 7.465007776049767, 9.619238476953907, 7.395993836671802, 7.430340557275541, 10.105263157894736, 7.395993836671802, 11.707317073170731, 7.384615384615384, 10.278372591006423, 7.384615384615384, 7.373271889400921, 10.084033613445378, 7.4074074074074066, 11.538461538461538, 7.32824427480916, 10.762331838565022, 7.317073170731707, 11.538461538461538, 7.350689127105666, 10.14799154334038, 7.317073170731707, 7.283763277693474, 9.542743538767395, 7.2727272727272725, 7.350689127105666, 11.11111111111111, 20.425531914893618, 7.547169811320754, 32.214765100671144, 31.788079470198674, 32.0, 32.0, 30.769230769230766, 32.0, 32.214765100671144, 32.0, 31.57894736842105]","[4.2965034965034965, 13.124475524475525, 3.865771812080537, 10.345945945945948, 16.306849315068494, 15.584, 64.26845637583894, 4.036548223350254, 5.204434589800443, 1.5053763440860213, 3.68944099378882, 3.6727838258164853, 3.097394789579158, 3.646224961479198, 1.9170278637770897, 5.002105263157895, 2.351926040061633, 5.877073170731707, 3.6406153846153844, 3.3199143468950747, 3.6996923076923074, 1.865437788018433, 5.072268907563025, 2.1629629629629625, 5.757692307692308, 1.9053435114503816, 5.3273542600896855, 2.4, 5.780769230769231, 3.6606431852986216, 3.6126849894291753, 3.724390243902439, 3.6054628224582697, 2.71013916500994, 0.6254545454545454, 3.5724349157733535, 0.9222222222222223, 5.147234042553192, 3.833962264150943, 8.279194630872484, 16.211920529801326, 9.376, 16.096, 7.9692307692307685, 16.256]",314.3273638694477,9.942452544451562,c:\git\RailwAI\VIDEO\20260612\ADTC Rastatt_00_20260612212759.mp4,2026-06-12 21:27:59,Lok,Lok,Lok
ADTC1_adz_raw_20260612_2135,2026-06-12 21:33:41.062,2026-06-12 21:33:51.093,"[Timestamp('2026-06-12 21:33:51.093000'), Timestamp('2026-06-12 21:33:51.231000'), Timestamp('2026-06-12 21:33:51.527000'), Timestamp('2026-06-12 21:33:51.668000'), Timestamp('2026-06-12 21:33:51.986000'), Timestamp('2026-06-12 21:33:52.635000'), Timestamp('2026-06-12 21:33:53.207000'), Timestamp('2026-06-12 21:33:53.282000'), Timestamp('2026-06-12 21:33:53.467000'), Timestamp('2026-06-12 21:33:53.549000'), Timestamp('2026-06-12 21:33:54.196000'), Timestamp('2026-06-12 21:33:54.762000'), Timestamp('2026-06-12 21:33:54.842000'), Timestamp('2026-06-12 21:33:55.105000'), Timestamp('2026-06-12 21:33:55.754000'), Timestamp('2026-06-12 21:33:56.662000'), Timestamp('2026-06-12 21:33:57.310000'), Timestamp('2026-06-12 21:33:57.880000'), Timestamp('2026-06-12 21:33:57.956000'), Timestamp('2026-06-12 21:33:58.140000'), Timestamp('2026-06-12 21:33:58.221000'), Timestamp('2026-06-12 21:33:58.791000'), Timestamp('2026-06-12 21:33:58.868000'), Timestamp('2026-06-12 21:33:59.437000'), Timestamp('2026-06-12 21:33:59.514000'), Timestamp('2026-06-12 21:33:59.703000'), Timestamp('2026-06-12 21:33:59.781000'), Timestamp('2026-06-12 21:34:00.351000'), Timestamp('2026-06-12 21:34:00.426000'), Timestamp('2026-06-12 21:34:00.997000'), Timestamp('2026-06-12 21:34:01.073000'), Timestamp('2026-06-12 21:34:01.261000'), Timestamp('2026-06-12 21:34:01.336000'), Timestamp('2026-06-12 21:34:01.904000'), Timestamp('2026-06-12 21:34:01.988000'), Timestamp('2026-06-12 21:34:02.554000'), Timestamp('2026-06-12 21:34:02.631000'), Timestamp('2026-06-12 21:34:02.818000'), Timestamp('2026-06-12 21:34:02.895000'), Timestamp('2026-06-12 21:34:03.538000'), Timestamp('2026-06-12 21:34:03.729000'), Timestamp('2026-06-12 21:34:03.804000'), Timestamp('2026-06-12 21:34:04.443000'), Timestamp('2026-06-12 21:34:04.711000'), Timestamp('2026-06-12 21:34:05.278000'), Timestamp('2026-06-12 21:34:05.353000'), Timestamp('2026-06-12 21:34:05.544000'), Timestamp('2026-06-12 21:34:05.620000'), Timestamp('2026-06-12 21:34:06.263000'), Timestamp('2026-06-12 21:34:06.527000'), Timestamp('2026-06-12 21:34:07.095000'), Timestamp('2026-06-12 21:34:07.168000'), Timestamp('2026-06-12 21:34:07.434000'), Timestamp('2026-06-12 21:34:08.002000'), Timestamp('2026-06-12 21:34:08.076000'), Timestamp('2026-06-12 21:34:08.267000'), Timestamp('2026-06-12 21:34:08.340000'), Timestamp('2026-06-12 21:34:08.984000'), Timestamp('2026-06-12 21:34:09.170000'), Timestamp('2026-06-12 21:34:09.247000'), Timestamp('2026-06-12 21:34:09.817000'), Timestamp('2026-06-12 21:34:09.892000'), Timestamp('2026-06-12 21:34:10.457000'), Timestamp('2026-06-12 21:34:10.537000'), Timestamp('2026-06-12 21:34:10.797000'), Timestamp('2026-06-12 21:34:11.443000'), Timestamp('2026-06-12 21:34:12.011000'), Timestamp('2026-06-12 21:34:12.085000'), Timestamp('2026-06-12 21:34:12.272000'), Timestamp('2026-06-12 21:34:12.348000'), Timestamp('2026-06-12 21:34:12.912000'), Timestamp('2026-06-12 21:34:12.994000'), Timestamp('2026-06-12 21:34:13.560000'), Timestamp('2026-06-12 21:34:13.636000'), Timestamp('2026-06-12 21:34:13.893000'), Timestamp('2026-06-12 21:34:14.456000'), Timestamp('2026-06-12 21:34:14.536000'), Timestamp('2026-06-12 21:34:14.792000'), Timestamp('2026-06-12 21:34:15.357000'), Timestamp('2026-06-12 21:34:15.435000'), Timestamp('2026-06-12 21:34:15.998000'), Timestamp('2026-06-12 21:34:16.078000')]","[0.138, 0.296, 0.141, 0.318, 0.649, 0.572, 0.075, 0.185, 0.082, 0.647, 0.566, 0.08, 0.263, 0.649, 0.908, 0.648, 0.57, 0.076, 0.184, 0.081, 0.57, 0.077, 0.569, 0.077, 0.189, 0.078, 0.57, 0.075, 0.571, 0.076, 0.188, 0.075, 0.568, 0.084, 0.566, 0.077, 0.187, 0.077, 0.643, 0.191, 0.075, 0.639, 0.268, 0.567, 0.075, 0.191, 0.076, 0.643, 0.264, 0.568, 0.073, 0.266, 0.568, 0.074, 0.191, 0.073, 0.644, 0.186, 0.077, 0.57, 0.075, 0.565, 0.08, 0.26, 0.646, 0.568, 0.074, 0.187, 0.076, 0.564, 0.082, 0.566, 0.076, 0.257, 0.563, 0.08, 0.256, 0.565, 0.078, 0.563, 0.08]","[nan, nan, nan, nan, nan, nan, nan, nan, nan, nan, nan, nan, nan, nan, nan, nan, nan, nan, nan, nan, nan, nan, nan, nan, nan, nan, nan, nan, nan, nan, nan, nan, nan, nan, nan, nan, nan, nan, nan, nan, nan, nan, nan, nan, nan, nan, nan, nan, nan, nan, nan, nan, nan, nan, nan, nan, nan, nan, nan, nan, nan, nan, nan, nan, nan, nan, nan, nan, nan, nan, nan, nan, nan, nan, nan, nan, nan, nan, nan, nan, nan, nan]","[nan, nan, nan, nan, nan, nan, nan, nan, nan, nan, nan, nan, nan, nan, nan, nan, nan, nan, nan, nan, nan, nan, nan, nan, nan, nan, nan, nan, nan, nan, nan, nan, nan, nan, nan, nan, nan, nan, nan, nan, nan, nan, nan, nan, nan, nan, nan, nan, nan, nan, nan, nan, nan, nan, nan, nan, nan, nan, nan, nan, nan, nan, nan, nan, nan, nan, nan, nan, nan, nan, nan, nan, nan, nan, nan, nan, nan, nan, nan, nan, nan]",,9.923673218892814,c:\git\RailwAI\VIDEO\20260612\ADTC Rastatt_00_20260612213351.mp4,2026-06-12 21:33:51,Lok,Lok,Lok
ADTC1_adz_raw_20260612_2147,2026-06-12 21:45:26.528,2026-06-12 21:45:36.612,"[Timestamp('2026-06-12 21:45:36.612000'), Timestamp('2026-06-12 21:45:36.747000'), Timestamp('2026-06-12 21:45:37.061000'), Timestamp('2026-06-12 21:45:37.198000'), Timestamp('2026-06-12 21:45:37.433000'), Timestamp('2026-06-12 21:45:37.509000'), Timestamp('2026-06-12 21:45:38.109000'), Timestamp('2026-06-12 21:45:38.187000'), Timestamp('2026-06-12 21:45:38.339000'), Timestamp('2026-06-12 21:45:38.415000'), Timestamp('2026-06-12 21:45:39.017000'), Timestamp('2026-06-12 21:45:39.095000'), Timestamp('2026-06-12 21:45:39.247000'), Timestamp('2026-06-12 21:45:39.324000'), Timestamp('2026-06-12 21:45:39.918000'), Timestamp('2026-06-12 21:45:39.998000'), Timestamp('2026-06-12 21:45:40.163000'), Timestamp('2026-06-12 21:45:40.241000'), Timestamp('2026-06-12 21:45:40.968000'), Timestamp('2026-06-12 21:45:41.047000'), Timestamp('2026-06-12 21:45:41.225000'), Timestamp('2026-06-12 21:45:41.301000'), Timestamp('2026-06-12 21:45:42.033000'), Timestamp('2026-06-12 21:45:42.113000'), Timestamp('2026-06-12 21:45:42.366000'), Timestamp('2026-06-12 21:45:42.820000'), Timestamp('2026-06-12 21:45:43.061000'), Timestamp('2026-06-12 21:45:43.139000'), Timestamp('2026-06-12 21:45:43.509000'), Timestamp('2026-06-12 21:45:43.587000'), Timestamp('2026-06-12 21:45:43.741000'), Timestamp('2026-06-12 21:45:43.820000'), Timestamp('2026-06-12 21:45:44.193000'), Timestamp('2026-06-12 21:45:44.268000'), Timestamp('2026-06-12 21:45:44.438000'), Timestamp('2026-06-12 21:45:44.518000'), Timestamp('2026-06-12 21:45:44.903000'), Timestamp('2026-06-12 21:45:44.981000'), Timestamp('2026-06-12 21:45:45.172000'), Timestamp('2026-06-12 21:45:45.250000'), Timestamp('2026-06-12 21:45:45.636000'), Timestamp('2026-06-12 21:45:45.712000'), Timestamp('2026-06-12 21:45:45.899000'), Timestamp('2026-06-12 21:45:45.972000'), Timestamp('2026-06-12 21:45:46.047000'), Timestamp('2026-06-12 21:45:46.314000'), Timestamp('2026-06-12 21:45:46.387000'), Timestamp('2026-06-12 21:45:46.466000'), Timestamp('2026-06-12 21:45:47.923000'), Timestamp('2026-06-12 21:45:47.998000'), Timestamp('2026-06-12 21:45:48.689000'), Timestamp('2026-06-12 21:45:48.770000'), Timestamp('2026-06-12 21:45:48.930000'), Timestamp('2026-06-12 21:45:49.004000'), Timestamp('2026-06-12 21:45:49.441000'), Timestamp('2026-06-12 21:45:49.520000'), Timestamp('2026-06-12 21:45:49.675000'), Timestamp('2026-06-12 21:45:49.753000'), Timestamp('2026-06-12 21:45:50.194000'), Timestamp('2026-06-12 21:45:50.270000'), Timestamp('2026-06-12 21:45:50.421000'), Timestamp('2026-06-12 21:45:50.500000'), Timestamp('2026-06-12 21:45:50.942000'), Timestamp('2026-06-12 21:45:51.018000'), Timestamp('2026-06-12 21:45:51.169000'), Timestamp('2026-06-12 21:45:51.247000'), Timestamp('2026-06-12 21:45:51.688000'), Timestamp('2026-06-12 21:45:51.764000'), Timestamp('2026-06-12 21:45:51.918000'), Timestamp('2026-06-12 21:45:51.996000'), Timestamp('2026-06-12 21:45:52.271000'), Timestamp('2026-06-12 21:45:52.353000'), Timestamp('2026-06-12 21:45:52.503000'), Timestamp('2026-06-12 21:45:52.580000'), Timestamp('2026-06-12 21:45:52.847000'), Timestamp('2026-06-12 21:45:52.923000'), Timestamp('2026-06-12 21:45:53.075000'), Timestamp('2026-06-12 21:45:53.148000'), Timestamp('2026-06-12 21:45:53.827000'), Timestamp('2026-06-12 21:45:53.978000'), Timestamp('2026-06-12 21:45:54.055000'), Timestamp('2026-06-12 21:45:54.656000'), Timestamp('2026-06-12 21:45:54.736000')]","[0.135, 0.314, 0.137, 0.235, 0.076, 0.6, 0.078, 0.152, 0.076, 0.602, 0.078, 0.152, 0.077, 0.594, 0.08, 0.165, 0.078, 0.727, 0.079, 0.178, 0.076, 0.732, 0.08, 0.253, 0.454, 0.241, 0.078, 0.37, 0.078, 0.154, 0.079, 0.373, 0.075, 0.17, 0.08, 0.385, 0.078, 0.191, 0.078, 0.386, 0.076, 0.187, 0.073, 0.075, 0.267, 0.073, 0.079, 1.457, 0.075, 0.691, 0.081, 0.16, 0.074, 0.437, 0.079, 0.155, 0.078, 0.441, 0.076, 0.151, 0.079, 0.442, 0.076, 0.151, 0.078, 0.441, 0.076, 0.154, 0.078, 0.275, 0.082, 0.15, 0.077, 0.267, 0.076, 0.152, 0.073, 0.679, 0.151, 0.077, 0.601, 0.08]","[nan, nan, nan, nan, nan, nan, nan, nan, nan, nan, nan, nan, nan, nan, nan, nan, nan, nan, nan, nan, nan, nan, nan, nan, nan, nan, nan, nan, nan, nan, nan, nan, nan, nan, nan, nan, nan, nan, nan, nan, nan, nan, nan, nan, nan, nan, nan, nan, nan, nan, nan, nan, nan, nan, nan, nan, nan, nan, nan, nan, nan, nan, nan, nan, nan, nan, nan, nan, nan, nan, nan, nan, nan, nan, nan, nan, nan, nan, nan]","[nan, nan, nan, nan, nan, nan, nan, nan, nan, nan, nan, nan, nan, nan, nan, nan, nan, nan, nan, nan, nan, nan, nan, nan, nan, nan, nan, nan, nan, nan, nan, nan, nan, nan, nan, nan, nan, nan, nan, nan, nan, nan, nan, nan, nan, nan, nan, nan, nan, nan, nan, nan, nan, nan, nan, nan, nan, nan, nan, nan, nan, nan, nan, nan, nan, nan, nan, nan, nan, nan, nan, nan, nan, nan, nan, nan, nan, nan, nan]",,9.97964149163315,c:\git\RailwAI\VIDEO\20260612\ADTC Rastatt_00_20260612214537.mp4,2026-06-12 21:45:37,Lok,Lok,Lok
ADTC1_adz_raw_20260612_2230,2026-06-12 22:29:10.227,2026-06-12 22:29:20.332,"[Timestamp('2026-06-12 22:29:20.332000'), Timestamp('2026-06-12 22:29:20.462000'), Timestamp('2026-06-12 22:29:21.090000'), Timestamp('2026-06-12 22:29:21.216000'), Timestamp('2026-06-12 22:29:21.882000'), Timestamp('2026-06-12 22:29:22.004000'), Timestamp('2026-06-12 22:29:22.674000'), Timestamp('2026-06-12 22:29:22.798000'), Timestamp('2026-06-12 22:29:23.468000'), Timestamp('2026-06-12 22:29:23.593000'), Timestamp('2026-06-12 22:29:24.265000'), Timestamp('2026-06-12 22:29:24.390000'), Timestamp('2026-06-12 22:29:25.059000'), Timestamp('2026-06-12 22:29:25.183000'), Timestamp('2026-06-12 22:29:25.851000'), Timestamp('2026-06-12 22:29:25.975000'), Timestamp('2026-06-12 22:29:26.647000'), Timestamp('2026-06-12 22:29:26.775000'), Timestamp('2026-06-12 22:29:27.439000'), Timestamp('2026-06-12 22:29:27.566000'), Timestamp('2026-06-12 22:29:28.233000'), Timestamp('2026-06-12 22:29:28.358000'), Timestamp('2026-06-12 22:29:28.998000'), Timestamp('2026-06-12 22:29:29.114000'), Timestamp('2026-06-12 22:29:29.479000'), Timestamp('2026-06-12 22:29:29.607000'), Timestamp('2026-06-12 22:29:30.235000'), Timestamp('2026-06-12 22:29:30.363000'), Timestamp('2026-06-12 22:29:31.033000'), Timestamp('2026-06-12 22:29:31.157000'), Timestamp('2026-06-12 22:29:31.824000'), Timestamp('2026-06-12 22:29:31.948000'), Timestamp('2026-06-12 22:29:32.618000'), Timestamp('2026-06-12 22:29:32.745000'), Timestamp('2026-06-12 22:29:33.413000'), Timestamp('2026-06-12 22:29:33.538000'), Timestamp('2026-06-12 22:29:34.212000'), Timestamp('2026-06-12 22:29:34.333000'), Timestamp('2026-06-12 22:29:35.001000'), Timestamp('2026-06-12 22:29:35.129000'), Timestamp('2026-06-12 22:29:35.801000'), Timestamp('2026-06-12 22:29:35.923000'), Timestamp('2026-06-12 22:29:36.597000'), Timestamp('2026-06-12 22:29:36.719000'), Timestamp('2026-06-12 22:29:37.385000'), Timestamp('2026-06-12 22:29:37.511000'), Timestamp('2026-06-12 22:29:38.148000'), Timestamp('2026-06-12 22:29:38.270000')]","[0.13, 0.628, 0.126, 0.666, 0.122, 0.67, 0.124, 0.67, 0.125, 0.672, 0.125, 0.669, 0.124, 0.668, 0.124, 0.672, 0.128, 0.664, 0.127, 0.667, 0.125, 0.64, 0.116, 0.365, 0.128, 0.628, 0.128, 0.67, 0.124, 0.667, 0.124, 0.67, 0.127, 0.668, 0.125, 0.674, 0.121, 0.668, 0.128, 0.672, 0.122, 0.674, 0.122, 0.666, 0.126, 0.637, 0.122]","[35.332801104150036, 35.066389377699565, 34.78306531014112, 34.48346894633845, 34.53639598835328, 34.452862710796104, 34.57711442786069, 34.635186437152214, 35.68822553897181, 33.98240733779415, 34.103127129552504, 35.49577626507012, 34.66110531803962, 34.046406338426706, 34.15053328615478, 34.720732504905165, 33.83679801427242, 34.10829231351761, 34.10570952597304, 35.04396482813749, 33.86759581881533, 34.20702248259596, 34.22731779240918, 33.802816901408455, 34.65703971119133, 33.875183590152105, 34.006269592476485, 34.5956054230949, 33.984962406015036, 34.06997231311351, 34.17062511875356, 33.648439610086676, 34.19141412220997, 33.80867498514557, 33.39948690643303, 33.607520564042304, 33.647058823529406, 33.68980013275315, 33.490136017211825, 33.54109855862875, 33.5672514619883, 34.216133942161335, 34.2613289981711, 33.72573189522342, 32.968120449565276, 34.0178303115296, 33.790710024824314, 34.02340234023402]","[4.593264143539505, 22.021692529195327, 4.382666229077781, 22.965990318261408, 4.2134403105791, 23.08341801623339, 4.287562189054726, 23.205574912891986, 4.461028192371476, 22.83617773099767, 4.262890891194063, 23.746674321331913, 4.297977059436913, 22.74299943406904, 4.234666127483193, 23.33233224329627, 4.3311101458268695, 22.647906096175692, 4.331425109798576, 23.374324540367706, 4.2334494773519165, 21.892494388861415, 3.9703688639194654, 12.338028169014086, 4.43610108303249, 21.27361529461552, 4.35280250783699, 23.179055633473585, 4.214135338345865, 22.724671532846713, 4.237157514725442, 22.544454538758075, 4.342309593520667, 22.584194890077242, 4.174935863304129, 22.651468860164513, 4.071294117647058, 22.504786488679105, 4.286737410203114, 22.53961823139852, 4.095204678362572, 23.061674277016742, 4.1798821377768745, 22.4613374422188, 4.153983176645225, 21.669357908444354, 4.122466623028566]",613.6487065824517,9.876094488751978,c:\git\RailwAI\VIDEO\20260612\ADTC Rastatt_00_20260612222923.mp4,2026-06-12 22:29:23,Trieb,Trieb,Trieb
ADTC1_adz_raw_20260612_2233,2026-06-12 22:32:15.245,2026-06-12 22:32:25.306,"[Timestamp('2026-06-12 22:32:25.306000'), Timestamp('2026-06-12 22:32:25.416000'), Timestamp('2026-06-12 22:32:25.758000'), Timestamp('2026-06-12 22:32:25.870000'), Timestamp('2026-06-12 22:32:26.098000'), Timestamp('2026-06-12 22:32:26.206000'), Timestamp('2026-06-12 22:32:26.980000'), Timestamp('2026-06-12 22:32:27.083000'), Timestamp('2026-06-12 22:32:27.269000'), Timestamp('2026-06-12 22:32:27.378000'), Timestamp('2026-06-12 22:32:28.149000'), Timestamp('2026-06-12 22:32:28.259000'), Timestamp('2026-06-12 22:32:28.446000'), Timestamp('2026-06-12 22:32:28.558000'), Timestamp('2026-06-12 22:32:29.330000'), Timestamp('2026-06-12 22:32:29.437000'), Timestamp('2026-06-12 22:32:29.627000'), Timestamp('2026-06-12 22:32:29.737000'), Timestamp('2026-06-12 22:32:30.507000'), Timestamp('2026-06-12 22:32:30.621000')]","[0.11, 0.342, 0.112, 0.228, 0.108, 0.774, 0.103, 0.186, 0.109, 0.771, 0.11, 0.187, 0.112, 0.772, 0.107, 0.19, 0.11, 0.77, 0.114]","[35.973222180118725, 36.03278780879411, 36.20454545454545, 36.36833268758879, 35.573122529644266, 36.51509892398472, 35.89800939387162, 36.71141528472405, 36.05106670800101, 35.82887700534759, 35.888978952958595, 37.154150197628454, 36.397058823529406, 35.428695936376506, 35.90302826944048, 35.426283753421295, 35.55604329277493, 36.01618705035971, 35.39380771319935, 35.49286534361161]","[3.9570544398130596, 12.323213430607588, 4.054909090909091, 8.291979852770245, 3.8418972332015806, 28.262686567164177, 3.6974949675687765, 6.828323242958673, 3.92956627117211, 27.624064171122996, 3.9477876848254456, 6.947826086956521, 4.076470588235294, 27.350953262882662, 3.8416240248301317, 6.730993913150046, 3.9111647622052423, 27.732464028776977, 4.034894079304726]",191.38536769845533,9.95147896793004,c:\git\RailwAI\VIDEO\20260612\ADTC Rastatt_00_20260612223226.mp4,2026-06-12 22:32:26,Lok,Lok,Lok
ADTC1_adz_raw_20260612_2246,2026-06-12 22:44:56.013,2026-06-12 22:45:06.060,"[Timestamp('2026-06-12 22:45:06.060000'), Timestamp('2026-06-12 22:45:06.175000'), Timestamp('2026-06-12 22:45:07.022000'), Timestamp('2026-06-12 22:45:07.151000'), Timestamp('2026-06-12 22:45:08.005000'), Timestamp('2026-06-12 22:45:08.128000'), Timestamp('2026-06-12 22:45:08.979000'), Timestamp('2026-06-12 22:45:09.095000')]","[0.115, 0.847, 0.129, 0.854, 0.123, 0.851, 0.116]","[32.11600429645542, 32.06066012488849, 31.972336746907835, 32.11025595131555, 31.957460950481888, 32.00035555950622, 32.01280512204882, 31.947551440784956]","[3.6933404940923737, 27.155379125780552, 4.124431440351111, 27.42215858242348, 3.930767696909272, 27.23230258113979, 3.713485394157663]",97.27186531485424,9.930752860305091,c:\git\RailwAI\VIDEO\20260612\ADTC Rastatt_00_20260612224507.mp4,2026-06-12 22:45:07,Trieb,Trieb,Trieb
ADTC1_adz_raw_20260612_2312,2026-06-12 23:10:56.653,2026-06-12 23:11:06.743,"[Timestamp('2026-06-12 23:11:06.743000'), Timestamp('2026-06-12 23:11:07.197000'), Timestamp('2026-06-12 23:11:07.636000'), Timestamp('2026-06-12 23:11:08.101000')]","[0.454, 0.439, 0.465]","[34.74065138721351, 38.348868175765645, 63.71681415929203, 35.51171393341553, 34.99392466585662]","[15.772255729794935, 16.835153129161117, 29.628318584070794]",62.235727443026846,9.85730444532056,c:\git\RailwAI\VIDEO\20260612\ADTC Rastatt_00_20260612231107.mp4,2026-06-12 23:11:07,Trieb,Trieb,Trieb
ADTC1_adz_raw_20260612_2332,2026-06-12 23:31:37.056,2026-06-12 23:31:47.088,"[Timestamp('2026-06-12 23:31:47.088000'), Timestamp('2026-06-12 23:31:47.217000'), Timestamp('2026-06-12 23:31:48.018000'), Timestamp('2026-06-12 23:31:48.149000'), Timestamp('2026-06-12 23:31:48.372000'), Timestamp('2026-06-12 23:31:48.494000'), Timestamp('2026-06-12 23:31:49.318000'), Timestamp('2026-06-12 23:31:49.440000'), Timestamp('2026-06-12 23:31:49.665000'), Timestamp('2026-06-12 23:31:49.790000'), Timestamp('2026-06-12 23:31:50.616000'), Timestamp('2026-06-12 23:31:50.740000'), Timestamp('2026-06-12 23:31:50.962000'), Timestamp('2026-06-12 23:31:51.092000'), Timestamp('2026-06-12 23:31:51.899000'), Timestamp('2026-06-12 23:31:52.023000')]","[0.129, 0.801, 0.131, 0.223, 0.122, 0.824, 0.122, 0.225, 0.125, 0.826, 0.124, 0.222, 0.13, 0.807, 0.124]","[31.39400675415723, 31.85560202509355, 32.13613972234662, 31.7550574084199, 31.691798134751156, 31.76061421353107, 31.7550574084199, 31.957460950481888, 31.468486448207045, 31.480824436344868, 31.39400675415723, 31.07967939651108, 31.189873417721518, 31.48759530697179, 31.041183476462106, 31.3234542667348]","[4.049826871286283, 25.516337222099935, 4.2098343036274075, 7.081377802077638, 3.866399372439641, 26.1707461119496, 3.874117003827228, 7.190428713858425, 3.9335608060258807, 26.00316098442086, 3.892856837515496, 6.89968882602546, 4.054683544303797, 25.410489412726236, 3.849106751081301]",156.00261456326518,9.909986851565696,c:\git\RailwAI\VIDEO\20260612\ADTC Rastatt_00_20260612233148.mp4,2026-06-12 23:31:48,Trieb,Trieb,Trieb
ADTC1_adz_raw_20260612_2339,2026-06-12 23:38:27.776,2026-06-12 23:38:37.828,"[Timestamp('2026-06-12 23:38:37.828000'), Timestamp('2026-06-12 23:38:37.933000'), Timestamp('2026-06-12 23:38:38.723000'), Timestamp('2026-06-12 23:38:38.832000'), Timestamp('2026-06-12 23:38:39.147000'), Timestamp('2026-06-12 23:38:39.262000'), Timestamp('2026-06-12 23:38:40.047000'), Timestamp('2026-06-12 23:38:40.167000'), Timestamp('2026-06-12 23:38:40.473000'), Timestamp('2026-06-12 23:38:40.589000'), Timestamp('2026-06-12 23:38:41.372000'), Timestamp('2026-06-12 23:38:41.488000'), Timestamp('2026-06-12 23:38:41.800000'), Timestamp('2026-06-12 23:38:41.915000'), Timestamp('2026-06-12 23:38:42.693000'), Timestamp('2026-06-12 23:38:42.812000'), Timestamp('2026-06-12 23:38:43.131000'), Timestamp('2026-06-12 23:38:43.232000'), Timestamp('2026-06-12 23:38:44.022000'), Timestamp('2026-06-12 23:38:44.130000'), Timestamp('2026-06-12 23:38:44.444000'), Timestamp('2026-06-12 23:38:44.564000'), Timestamp('2026-06-12 23:38:45.346000'), Timestamp('2026-06-12 23:38:45.462000'), Timestamp('2026-06-12 23:38:45.772000'), Timestamp('2026-06-12 23:38:45.889000'), Timestamp('2026-06-12 23:38:46.672000'), Timestamp('2026-06-12 23:38:46.783000'), Timestamp('2026-06-12 23:38:47.100000'), Timestamp('2026-06-12 23:38:47.203000'), Timestamp('2026-06-12 23:38:47.992000'), Timestamp('2026-06-12 23:38:48.102000'), Timestamp('2026-06-12 23:38:48.415000'), Timestamp('2026-06-12 23:38:48.530000'), Timestamp('2026-06-12 23:38:49.311000'), Timestamp('2026-06-12 23:38:49.424000'), Timestamp('2026-06-12 23:38:49.740000'), Timestamp('2026-06-12 23:38:49.849000'), Timestamp('2026-06-12 23:38:50.632000'), Timestamp('2026-06-12 23:38:50.741000'), Timestamp('2026-06-12 23:38:51.052000'), Timestamp('2026-06-12 23:38:51.167000'), Timestamp('2026-06-12 23:38:51.945000'), Timestamp('2026-06-12 23:38:52.061000'), Timestamp('2026-06-12 23:38:52.380000'), Timestamp('2026-06-12 23:38:52.480000'), Timestamp('2026-06-12 23:38:53.276000'), Timestamp('2026-06-12 23:38:53.378000'), Timestamp('2026-06-12 23:38:53.699000'), Timestamp('2026-06-12 23:38:53.803000'), Timestamp('2026-06-12 23:38:54.593000'), Timestamp('2026-06-12 23:38:54.698000')]","[0.105, 0.79, 0.109, 0.315, 0.115, 0.785, 0.12, 0.306, 0.116, 0.783, 0.116, 0.312, 0.115, 0.778, 0.119, 0.319, 0.101, 0.79, 0.108, 0.314, 0.12, 0.782, 0.116, 0.31, 0.117, 0.783, 0.111, 0.317, 0.103, 0.789, 0.11, 0.313, 0.115, 0.781, 0.113, 0.316, 0.109, 0.783, 0.109, 0.311, 0.115, 0.778, 0.116, 0.319, 0.1, 0.796, 0.102, 0.321, 0.104, 0.79, 0.105]","[34.78443522554219, 34.61358557247544, 34.54846727423364, 34.289650597645135, 34.59470690595538, 34.72527472527472, 34.29271279853032, 34.23776223776224, 34.59470690595538, 34.103127129552504, 34.28615160907664, 34.47937891723195, 34.424522845575474, 34.475822050290134, 34.365634365634364, 34.301464958399265, 34.17062511875356, 34.80499691305319, 34.179284130503646, 34.55156371155337, 34.47237345071238, 34.59683691988592, 35.07053500133085, 34.226118730730676, 34.20702248259596, 34.82832956517167, 34.20672894357105, 34.77305715742811, 34.24908424908425, 34.48346894633845, 34.62315462315462, 34.68930673472577, 34.552420759317314, 34.74903474903475, 34.591797127700865, 34.98690372251766, 34.97233201581028, 35.18854823202649, 34.75, 35.09254362771021, 34.915071092545496, 34.98514557338087, 34.55149501661129, 35.17114816883428, 34.88627450980392, 34.80978048589954, 34.73922195369143, 34.939254294093004, 34.68711147948611, 35.40835041536304, 34.83517915309446, 35.15600211528292]","[3.6523656986819297, 27.3447326022556, 3.7657829328914665, 10.801239938258218, 3.9783912941848687, 27.25934065934066, 4.115125535823638, 10.476755244755246, 4.012986001090824, 26.70274854243961, 3.9771935866528905, 10.757566222176367, 3.9588201272411796, 26.822189555125725, 4.089510489510489, 10.942167321729366, 3.45123313699411, 27.49594756131202, 3.6913626860943936, 10.849191005427759, 4.136684814085486, 27.054726471350786, 4.068182060154379, 10.61009680652651, 4.002221630463728, 27.27058204952942, 3.7969469127363866, 11.023059118904712, 3.5276556776556776, 27.207456998661037, 3.808547008547008, 10.857753007969166, 3.9735283873214913, 27.13899613899614, 3.908873075430198, 11.05586157631558, 3.8119841897233204, 27.552633265676743, 3.78775, 10.913781068217874, 4.015233175642733, 27.218443256090318, 4.00797342192691, 11.219596265858135, 3.488627450980392, 27.708585266776034, 3.543400639276525, 11.215500628403854, 3.6074595938665555, 27.9725968281368, 3.657693811074918]",585.3070807382853,9.935540635417794,c:\git\RailwAI\VIDEO\20260612\ADTC Rastatt_00_20260612233838.mp4,2026-06-12 23:38:38,Trieb,Trieb,Trieb
