file,timestamp_raw,timestamp,timestamp_serie,delta_t,velocity,length,total_length,first_peak_raw,video,timestamp_video,train_type
ADTC1_adz_raw_20260611_0001,2026-06-11 00:00:15.180,2026-06-11 00:00:25.250,"[Timestamp('2026-06-11 00:00:25.250000'), Timestamp('2026-06-11 00:00:25.354000'), Timestamp('2026-06-11 00:00:26.138000'), Timestamp('2026-06-11 00:00:26.242000'), Timestamp('2026-06-11 00:00:26.566000'), Timestamp('2026-06-11 00:00:26.673000'), Timestamp('2026-06-11 00:00:27.462000'), Timestamp('2026-06-11 00:00:27.560000'), Timestamp('2026-06-11 00:00:27.878000'), Timestamp('2026-06-11 00:00:27.997000'), Timestamp('2026-06-11 00:00:28.773000'), Timestamp('2026-06-11 00:00:28.893000'), Timestamp('2026-06-11 00:00:29.205000'), Timestamp('2026-06-11 00:00:29.311000'), Timestamp('2026-06-11 00:00:30.102000'), Timestamp('2026-06-11 00:00:30.211000'), Timestamp('2026-06-11 00:00:30.523000'), Timestamp('2026-06-11 00:00:30.641000'), Timestamp('2026-06-11 00:00:31.418000'), Timestamp('2026-06-11 00:00:31.541000'), Timestamp('2026-06-11 00:00:31.852000'), Timestamp('2026-06-11 00:00:31.958000'), Timestamp('2026-06-11 00:00:32.752000'), Timestamp('2026-06-11 00:00:32.855000'), Timestamp('2026-06-11 00:00:33.173000'), Timestamp('2026-06-11 00:00:33.288000'), Timestamp('2026-06-11 00:00:34.062000'), Timestamp('2026-06-11 00:00:34.187000'), Timestamp('2026-06-11 00:00:34.497000'), Timestamp('2026-06-11 00:00:34.612000'), Timestamp('2026-06-11 00:00:35.388000'), Timestamp('2026-06-11 00:00:35.511000'), Timestamp('2026-06-11 00:00:35.822000'), Timestamp('2026-06-11 00:00:35.929000'), Timestamp('2026-06-11 00:00:36.721000'), Timestamp('2026-06-11 00:00:36.826000'), Timestamp('2026-06-11 00:00:37.139000'), Timestamp('2026-06-11 00:00:37.259000'), Timestamp('2026-06-11 00:00:38.041000'), Timestamp('2026-06-11 00:00:38.150000'), Timestamp('2026-06-11 00:00:38.458000'), Timestamp('2026-06-11 00:00:38.580000'), Timestamp('2026-06-11 00:00:39.355000'), Timestamp('2026-06-11 00:00:39.474000'), Timestamp('2026-06-11 00:00:39.783000'), Timestamp('2026-06-11 00:00:39.900000'), Timestamp('2026-06-11 00:00:40.681000'), Timestamp('2026-06-11 00:00:40.797000'), Timestamp('2026-06-11 00:00:41.111000'), Timestamp('2026-06-11 00:00:41.219000'), Timestamp('2026-06-11 00:00:42.008000'), Timestamp('2026-06-11 00:00:42.113000')]","[0.104, 0.784, 0.104, 0.324, 0.107, 0.789, 0.098, 0.318, 0.119, 0.776, 0.12, 0.312, 0.106, 0.791, 0.109, 0.312, 0.118, 0.777, 0.123, 0.311, 0.106, 0.794, 0.103, 0.318, 0.115, 0.774, 0.125, 0.31, 0.115, 0.776, 0.123, 0.311, 0.107, 0.792, 0.105, 0.313, 0.12, 0.782, 0.109, 0.308, 0.122, 0.775, 0.119, 0.309, 0.117, 0.781, 0.116, 0.314, 0.108, 0.789, 0.105]","[34.71982420342175, 34.66110531803962, 34.29665071770334, 34.846768030778144, 34.352435089875556, 34.80499691305319, 34.16759550106394, 34.94652123265911, 34.34803758416754, 34.913245873889124, 34.78671865768639, 34.53237410071942, 34.28615160907664, 34.40904419321686, 34.54846727423364, 34.78260869565217, 34.90909090909091, 34.41258094357077, 34.53237410071942, 34.61358557247544, 35.034167353558985, 34.198782961460445, 34.8715785032435, 34.8599471101346, 35.12696331576271, 34.57748118258711, 34.386774317570165, 34.42736534168185, 34.77305715742811, 34.837946223128, 34.66511357018055, 34.906556857776366, 34.50834879406308, 34.43973815941471, 34.48346894633845, 34.94252873563218, 34.8040049734965, 34.80351170568562, 34.44444444444444, 34.71733520994604, 34.56892101187403, 34.94822924223438, 34.552420759317314, 34.6471412992678, 35.08454267074957, 35.20923520923521, 35.26383526383526, 35.066582117945465, 35.751724137931035, 35.68136932192232, 35.01481335176773, 35.388265572847544]","[3.610861717155862, 27.17430656934306, 3.5668516746411476, 11.290352841972119, 3.6757105546166846, 27.461142564398966, 3.3484243591042664, 11.112993751985597, 4.087416472515938, 27.09267879813796, 4.174406238922367, 10.77410071942446, 3.634332070562124, 27.217553956834536, 3.7657829328914665, 10.852173913043478, 4.119272727272727, 26.738575393154488, 4.247482014388489, 10.764825113039864, 3.713621739477252, 27.153833671399596, 3.59177258583408, 11.085463181022803, 4.0396007813127115, 26.762970435322423, 4.298346789696271, 10.672483255921373, 3.998901573104233, 27.034246269147328, 4.263808969132207, 10.85593918276845, 3.6923933209647495, 27.27627262225645, 3.620764239365537, 10.937011494252873, 4.176480596819579, 27.216346153846157, 3.7544444444444443, 10.692939244663382, 4.217408363448632, 27.084877662731646, 4.1117380703587605, 10.70596666147375, 4.1048914924777, 27.4984126984127, 4.09060489060489, 11.010906785034877, 3.861186206896552, 28.15260039499671, 3.6765554019356115]",586.0620335625292,9.95811811525561,c:\git\RailwAI\VIDEO\20260611\ADTC Rastatt_00_20260611000026.mp4,2026-06-11 00:00:26,Trieb
ADTC1_adz_raw_20260611_0028,2026-06-11 00:27:26.216,2026-06-11 00:27:36.248,"[Timestamp('2026-06-11 00:27:36.248000'), Timestamp('2026-06-11 00:27:36.360000'), Timestamp('2026-06-11 00:27:37.080000'), Timestamp('2026-06-11 00:27:37.196000'), Timestamp('2026-06-11 00:27:37.403000'), Timestamp('2026-06-11 00:27:37.511000'), Timestamp('2026-06-11 00:27:38.255000'), Timestamp('2026-06-11 00:27:38.367000'), Timestamp('2026-06-11 00:27:38.575000'), Timestamp('2026-06-11 00:27:38.685000'), Timestamp('2026-06-11 00:27:39.427000'), Timestamp('2026-06-11 00:27:39.539000'), Timestamp('2026-06-11 00:27:39.740000'), Timestamp('2026-06-11 00:27:39.858000'), Timestamp('2026-06-11 00:27:40.577000'), Timestamp('2026-06-11 00:27:40.694000')]","[0.112, 0.72, 0.116, 0.207, 0.108, 0.744, 0.112, 0.208, 0.11, 0.742, 0.112, 0.201, 0.118, 0.719, 0.117]","[35.37492379597643, 35.428695936376506, 35.37363263755055, 35.2304252969537, 34.978364172130924, 34.848604632777295, 34.97279362972793, 34.909552523008564, 34.78306531014112, 35.04396482813749, 34.97372193024367, 35.36883243771372, 34.65884652981427, 34.97557867912508, 34.91093743801325, 35.22947640594699]","[3.96199146514936, 25.508661074191085, 4.103341385955864, 7.292698036469415, 3.7776633305901397, 25.927361846786308, 3.916952886529528, 7.261186924785781, 3.826137184115523, 26.00262190247802, 3.917056856187291, 7.109135319980458, 4.089743890518084, 25.14744107029093, 4.0845796802475505]",155.9265728542753,9.920002541808277,c:\git\RailwAI\VIDEO\20260611\ADTC Rastatt_00_20260611002737.mp4,2026-06-11 00:27:37,Trieb
ADTC1_adz_raw_20260611_0039,2026-06-11 00:38:16.478,2026-06-11 00:38:26.526,"[Timestamp('2026-06-11 00:38:26.526000'), Timestamp('2026-06-11 00:38:26.667000'), Timestamp('2026-06-11 00:38:26.995000'), Timestamp('2026-06-11 00:38:27.137000'), Timestamp('2026-06-11 00:38:27.369000'), Timestamp('2026-06-11 00:38:27.449000'), Timestamp('2026-06-11 00:38:28.079000'), Timestamp('2026-06-11 00:38:28.319000'), Timestamp('2026-06-11 00:38:28.400000'), Timestamp('2026-06-11 00:38:29.110000'), Timestamp('2026-06-11 00:38:29.347000'), Timestamp('2026-06-11 00:38:30.056000'), Timestamp('2026-06-11 00:38:30.217000'), Timestamp('2026-06-11 00:38:30.298000'), Timestamp('2026-06-11 00:38:30.926000'), Timestamp('2026-06-11 00:38:31.007000'), Timestamp('2026-06-11 00:38:31.165000'), Timestamp('2026-06-11 00:38:31.247000'), Timestamp('2026-06-11 00:38:31.876000'), Timestamp('2026-06-11 00:38:31.955000'), Timestamp('2026-06-11 00:38:32.115000'), Timestamp('2026-06-11 00:38:32.196000'), Timestamp('2026-06-11 00:38:32.906000'), Timestamp('2026-06-11 00:38:33.066000'), Timestamp('2026-06-11 00:38:33.145000'), Timestamp('2026-06-11 00:38:33.853000'), Timestamp('2026-06-11 00:38:34.013000'), Timestamp('2026-06-11 00:38:34.091000'), Timestamp('2026-06-11 00:38:34.721000'), Timestamp('2026-06-11 00:38:34.802000'), Timestamp('2026-06-11 00:38:34.962000'), Timestamp('2026-06-11 00:38:35.044000'), Timestamp('2026-06-11 00:38:36.624000'), Timestamp('2026-06-11 00:38:36.866000'), Timestamp('2026-06-11 00:38:37.659000'), Timestamp('2026-06-11 00:38:37.817000'), Timestamp('2026-06-11 00:38:37.899000'), Timestamp('2026-06-11 00:38:38.611000'), Timestamp('2026-06-11 00:38:38.772000'), Timestamp('2026-06-11 00:38:38.853000'), Timestamp('2026-06-11 00:38:39.563000'), Timestamp('2026-06-11 00:38:39.725000'), Timestamp('2026-06-11 00:38:39.807000'), Timestamp('2026-06-11 00:38:40.519000'), Timestamp('2026-06-11 00:38:40.681000'), Timestamp('2026-06-11 00:38:40.763000'), Timestamp('2026-06-11 00:38:41.474000'), Timestamp('2026-06-11 00:38:41.636000')]","[0.141, 0.328, 0.142, 0.232, 0.08, 0.63, 0.24, 0.081, 0.71, 0.237, 0.709, 0.161, 0.081, 0.628, 0.081, 0.158, 0.082, 0.629, 0.079, 0.16, 0.081, 0.71, 0.16, 0.079, 0.708, 0.16, 0.078, 0.63, 0.081, 0.16, 0.082, 1.58, 0.242, 0.793, 0.158, 0.082, 0.712, 0.161, 0.081, 0.71, 0.162, 0.082, 0.712, 0.162, 0.082, 0.711, 0.162]","[33.10344827586207, 33.56643356643357, 34.04255319148936, 34.285714285714285, 77.41935483870968, 9.95850622406639, 77.41935483870968, 33.10344827586207, 6.161745827984595, 12.532637075718014, 5.620608899297424, 15.533980582524272, 20.96069868995633, 6.217616580310881, 20.96069868995633, 15.789473684210526, 20.96069868995633, 6.201550387596899, 21.052631578947366, 15.635179153094462, 21.333333333333332, 6.217616580310881, 21.238938053097343, 15.946843853820598, 21.428571428571427, 6.193548387096774, 21.428571428571427, 15.686274509803921, 5.587892898719441, 21.238938053097343, 15.686274509803921, 21.052631578947366, 6.153846153846153, 8.450704225352112, 75.0, 32.432432432432435, 32.87671232876713, 32.432432432432435, 32.87671232876713, 32.87671232876713, 32.432432432432435, 32.214765100671144, 32.0, 33.56643356643357, 32.6530612244898, 32.87671232876713, 32.6530612244898, 32.87671232876713, 32.6530612244898, 32.87671232876713, 33.10344827586207, 34.53237410071942]","[4.6675862068965515, 11.00979020979021, 4.834042553191489, 7.954285714285715, 6.193548387096775, 6.273858921161826, 18.580645161290324, 2.681379310344828, 4.374839537869063, 2.970234986945169, 3.9850117096018733, 2.500970873786408, 1.6978165938864629, 3.904663212435233, 1.6978165938864629, 2.494736842105263, 1.7187772925764193, 3.900775193798449, 1.663157894736842, 2.5016286644951142, 1.728, 4.414507772020725, 3.3982300884955747, 1.2598006644518271, 15.171428571428569, 0.9909677419354839, 1.6714285714285713, 9.882352941176471, 0.45261932479627476, 3.3982300884955747, 1.2862745098039217, 33.26315789473684, 1.4892307692307691, 6.701408450704225, 11.85, 2.65945945945946, 23.40821917808219, 5.2216216216216225, 2.663013698630137, 23.34246575342466, 5.254054054054055, 2.641610738255034, 22.784, 5.437762237762238, 2.6775510204081634, 23.375342465753427, 5.289795918367347]",317.31809939470367,9.933804423695376,c:\git\RailwAI\VIDEO\20260611\ADTC Rastatt_00_20260611003827.mp4,2026-06-11 00:38:27,Trieb
ADTC1_adz_raw_20260611_0047,2026-06-11 00:45:57.684,2026-06-11 00:46:07.740,"[Timestamp('2026-06-11 00:46:07.740000'), Timestamp('2026-06-11 00:46:07.851000'), Timestamp('2026-06-11 00:46:08.575000'), Timestamp('2026-06-11 00:46:08.692000'), Timestamp('2026-06-11 00:46:08.891000'), Timestamp('2026-06-11 00:46:09.001000'), Timestamp('2026-06-11 00:46:09.745000'), Timestamp('2026-06-11 00:46:09.858000'), Timestamp('2026-06-11 00:46:10.061000'), Timestamp('2026-06-11 00:46:10.172000'), Timestamp('2026-06-11 00:46:10.921000'), Timestamp('2026-06-11 00:46:11.030000'), Timestamp('2026-06-11 00:46:11.230000'), Timestamp('2026-06-11 00:46:11.349000'), Timestamp('2026-06-11 00:46:12.064000'), Timestamp('2026-06-11 00:46:12.186000')]","[0.111, 0.724, 0.117, 0.199, 0.11, 0.744, 0.113, 0.203, 0.111, 0.749, 0.109, 0.2, 0.119, 0.715, 0.122]","[35.29221304840537, 35.649130542618565, 35.212081312391675, 34.97279362972793, 34.7222040869622, 34.74527462170794, 35.2494138572237, 34.91093743801325, 34.79402765557904, 35.03696303696303, 34.91093743801325, 34.909552523008564, 35.10160427807486, 34.60818956557888, 34.8596283115856, 34.71733520994604]","[3.9174356483729964, 25.80997051285584, 4.119813513549826, 6.959585932315859, 3.819442449565842, 25.85048431855071, 3.9831837658662783, 7.08692029991669, 3.862137069769274, 26.24268531468531, 3.8052921807434443, 6.981910504601713, 4.177090909090908, 24.7448555393889, 4.252874654013444]",155.61368261328704,9.943545680738216,c:\git\RailwAI\VIDEO\20260611\ADTC Rastatt_00_20260611004608.mp4,2026-06-11 00:46:08,Trieb
ADTC1_adz_raw_20260611_0058,2026-06-11 00:57:21.910,2026-06-11 00:57:32.013,"[Timestamp('2026-06-11 00:57:32.013000'), Timestamp('2026-06-11 00:57:32.124000'), Timestamp('2026-06-11 00:57:32.708000'), Timestamp('2026-06-11 00:57:32.830000'), Timestamp('2026-06-11 00:57:33.441000'), Timestamp('2026-06-11 00:57:33.565000'), Timestamp('2026-06-11 00:57:34.148000'), Timestamp('2026-06-11 00:57:34.256000')]","[0.111, 0.584, 0.122, 0.611, 0.124, 0.583, 0.108]","[35.80899653979239, 35.100665757600055, 35.100665757600055, 35.428695936376506, 35.55604329277493, 35.10160427807486, 34.91093743801325, 35.428695936376506]","[3.974798615916955, 20.49878880243843, 4.282281222427207, 21.646933217126044, 4.408949368304091, 20.464235294117643, 3.770381243305431]",79.04636776363581,9.895032824582096,c:\git\RailwAI\VIDEO\20260611\ADTC Rastatt_00_20260611005733.mp4,2026-06-11 00:57:33,Trieb
ADTC1_adz_raw_20260611_0103,2026-06-11 01:01:48.645,2026-06-11 01:01:58.667,"[Timestamp('2026-06-11 01:01:58.667000'), Timestamp('2026-06-11 01:01:58.839000'), Timestamp('2026-06-11 01:01:59.327000'), Timestamp('2026-06-11 01:01:59.499000'), Timestamp('2026-06-11 01:01:59.809000'), Timestamp('2026-06-11 01:01:59.918000'), Timestamp('2026-06-11 01:02:00.536000'), Timestamp('2026-06-11 01:02:00.643000'), Timestamp('2026-06-11 01:02:00.894000'), Timestamp('2026-06-11 01:02:01.008000'), Timestamp('2026-06-11 01:02:01.618000'), Timestamp('2026-06-11 01:02:01.723000'), Timestamp('2026-06-11 01:02:01.957000'), Timestamp('2026-06-11 01:02:02.064000'), Timestamp('2026-06-11 01:02:02.678000'), Timestamp('2026-06-11 01:02:02.783000'), Timestamp('2026-06-11 01:02:03.015000'), Timestamp('2026-06-11 01:02:03.120000'), Timestamp('2026-06-11 01:02:03.728000'), Timestamp('2026-06-11 01:02:03.834000'), Timestamp('2026-06-11 01:02:04.081000'), Timestamp('2026-06-11 01:02:04.186000'), Timestamp('2026-06-11 01:02:04.788000'), Timestamp('2026-06-11 01:02:04.899000'), Timestamp('2026-06-11 01:02:05.131000'), Timestamp('2026-06-11 01:02:05.232000'), Timestamp('2026-06-11 01:02:05.834000'), Timestamp('2026-06-11 01:02:05.939000'), Timestamp('2026-06-11 01:02:06.163000'), Timestamp('2026-06-11 01:02:06.269000'), Timestamp('2026-06-11 01:02:06.870000'), Timestamp('2026-06-11 01:02:06.976000'), Timestamp('2026-06-11 01:02:07.200000'), Timestamp('2026-06-11 01:02:07.303000'), Timestamp('2026-06-11 01:02:07.910000'), Timestamp('2026-06-11 01:02:08.006000'), Timestamp('2026-06-11 01:02:08.217000'), Timestamp('2026-06-11 01:02:08.320000'), Timestamp('2026-06-11 01:02:08.915000'), Timestamp('2026-06-11 01:02:09.019000'), Timestamp('2026-06-11 01:02:09.224000'), Timestamp('2026-06-11 01:02:09.329000'), Timestamp('2026-06-11 01:02:09.917000'), Timestamp('2026-06-11 01:02:10.021000'), Timestamp('2026-06-11 01:02:10.225000'), Timestamp('2026-06-11 01:02:10.333000'), Timestamp('2026-06-11 01:02:10.939000'), Timestamp('2026-06-11 01:02:11.039000'), Timestamp('2026-06-11 01:02:11.247000'), Timestamp('2026-06-11 01:02:11.351000'), Timestamp('2026-06-11 01:02:11.958000'), Timestamp('2026-06-11 01:02:12.058000'), Timestamp('2026-06-11 01:02:12.259000'), Timestamp('2026-06-11 01:02:12.366000'), Timestamp('2026-06-11 01:02:12.873000'), Timestamp('2026-06-11 01:02:12.975000'), Timestamp('2026-06-11 01:02:13.191000'), Timestamp('2026-06-11 01:02:13.296000'), Timestamp('2026-06-11 01:02:13.881000'), Timestamp('2026-06-11 01:02:13.980000'), Timestamp('2026-06-11 01:02:14.214000'), Timestamp('2026-06-11 01:02:14.319000'), Timestamp('2026-06-11 01:02:14.900000'), Timestamp('2026-06-11 01:02:15.004000'), Timestamp('2026-06-11 01:02:15.235000'), Timestamp('2026-06-11 01:02:15.338000'), Timestamp('2026-06-11 01:02:15.919000'), Timestamp('2026-06-11 01:02:16.021000'), Timestamp('2026-06-11 01:02:16.251000'), Timestamp('2026-06-11 01:02:16.351000'), Timestamp('2026-06-11 01:02:16.914000'), Timestamp('2026-06-11 01:02:17.013000'), Timestamp('2026-06-11 01:02:17.243000'), Timestamp('2026-06-11 01:02:17.344000'), Timestamp('2026-06-11 01:02:17.920000'), Timestamp('2026-06-11 01:02:18.022000'), Timestamp('2026-06-11 01:02:18.230000'), Timestamp('2026-06-11 01:02:18.337000'), Timestamp('2026-06-11 01:02:18.901000'), Timestamp('2026-06-11 01:02:19.006000')]","[0.172, 0.488, 0.172, 0.31, 0.109, 0.618, 0.107, 0.251, 0.114, 0.61, 0.105, 0.234, 0.107, 0.614, 0.105, 0.232, 0.105, 0.608, 0.106, 0.247, 0.105, 0.602, 0.111, 0.232, 0.101, 0.602, 0.105, 0.224, 0.106, 0.601, 0.106, 0.224, 0.103, 0.607, 0.096, 0.211, 0.103, 0.595, 0.104, 0.205, 0.105, 0.588, 0.104, 0.204, 0.108, 0.606, 0.1, 0.208, 0.104, 0.607, 0.1, 0.201, 0.107, 0.507, 0.102, 0.216, 0.105, 0.585, 0.099, 0.234, 0.105, 0.581, 0.104, 0.231, 0.103, 0.581, 0.102, 0.23, 0.1, 0.563, 0.099, 0.23, 0.101, 0.576, 0.102, 0.208, 0.107, 0.564, 0.105]","[25.952770633621697, 24.583907141451895, 25.331402472986518, 25.101513473606495, 24.939271255060728, 25.06681210799018, 25.32999164578112, 25.198412698412696, 25.3636744380846, 25.501651003302005, 25.876198779424584, 25.752258212991194, 28.27742976626351, 25.741890959282262, 25.53263729734318, 25.668449197860962, 25.60018204573899, 25.775573751585746, 25.825113534465302, 26.136430984412968, 25.91664237831536, 26.162894314738907, 26.337498118320035, 26.052759489196234, 26.230291447682752, 26.025625955095805, 26.301567285173842, 26.448087431693992, 26.522575327410934, 26.34344651057743, 26.448087431693992, 26.411152990327416, 26.522575327410934, 26.780795268850675, 26.679841897233203, 26.52014652014652, 26.24910351422424, 26.597900165776387, 26.862026862026863, 26.532295006871276, 26.89096729646601, 26.669959254228917, 27.04761904761905, 27.04761904761905, 27.080448794461685, 26.666666666666668, 27.350649350649352, 27.492625368731563, 27.158359742629408, 27.23453570911198, 27.355978437357926, 27.436634439508754, 27.392175059834905, 27.58985200845666, 27.66777408637874, 27.635568368209153, 27.627329192546586, 27.67145135566188, 27.63053273257355, 28.05077805077805, 27.718614069296535, 27.776478840308627, 28.116155812078695, 27.93057951892824, 28.52910052910053, 27.61904761904762, 28.0, 28.226029289859078, 28.239202657807308, 28.001628001628, 28.315262718932445, 28.486897717666945, 28.51702982864396, 28.34843205574913, 28.596758750310293, 28.906759400130404, 28.841573439191624, 27.922998986828773, 28.73351348449328, 28.872768059048063, 28.925109812320756]","[4.463876548982931, 11.996946685028524, 4.357001225353681, 7.781469176818013, 2.718380566801619, 15.49128988273793, 2.71030910609858, 6.324801587301587, 2.8914588859416446, 15.556007112014223, 2.717000871839581, 6.02602842183994, 3.0256849849901952, 15.805521048999308, 2.6809269162210336, 5.955080213903743, 2.688019114802594, 15.671548840964133, 2.737462034653322, 6.455698453150003, 2.7212474497231125, 15.75006237747282, 2.9234622911335237, 6.044240201493526, 2.6492594362159583, 15.667426824967674, 2.761664564943253, 5.924371584699454, 2.811392984705559, 15.832411352857035, 2.803497267759563, 5.916098269833341, 2.731825258723326, 16.25594272819236, 2.5612648221343877, 5.595750915750915, 2.7036576619650967, 15.825750598636949, 2.7936507936507935, 5.439120476408611, 2.823551566128931, 15.681936041486603, 2.8129523809523813, 5.517714285714286, 2.924688469801862, 16.16, 2.735064935064935, 5.718466076696165, 2.8244694132334582, 16.531363175430972, 2.7355978437357926, 5.51476352234126, 2.9309627314023348, 13.988054968287527, 2.8221129568106313, 5.969282767533177, 2.9008695652173913, 16.1877990430622, 2.7354227405247813, 6.563882063882064, 2.910454477276136, 16.138134206219313, 2.924080204456184, 6.451963868872424, 2.938497354497354, 16.046666666666667, 2.856, 6.491986736667588, 2.823920265780731, 15.764916564916563, 2.803211009174312, 6.551986475063398, 2.88022001269304, 16.328696864111496, 2.9168693925316496, 6.012605955227124, 3.0860483579935036, 15.748571428571427, 3.017018915871794]",544.5374128436074,9.87499875892334,c:\git\RailwAI\VIDEO\20260611\ADTC Rastatt_00_20260611010159.mp4,2026-06-11 01:01:59,Lok
ADTC1_adz_raw_20260611_0107,2026-06-11 01:06:05.756,2026-06-11 01:06:15.797,"[Timestamp('2026-06-11 01:06:15.797000'), Timestamp('2026-06-11 01:06:15.925000'), Timestamp('2026-06-11 01:06:16.307000'), Timestamp('2026-06-11 01:06:16.432000'), Timestamp('2026-06-11 01:06:16.727000'), Timestamp('2026-06-11 01:06:17.222000'), Timestamp('2026-06-11 01:06:17.472000'), Timestamp('2026-06-11 01:06:17.967000'), Timestamp('2026-06-11 01:06:18.256000'), Timestamp('2026-06-11 01:06:18.755000'), Timestamp('2026-06-11 01:06:19.015000'), Timestamp('2026-06-11 01:06:19.521000'), Timestamp('2026-06-11 01:06:19.810000'), Timestamp('2026-06-11 01:06:20.315000'), Timestamp('2026-06-11 01:06:20.581000'), Timestamp('2026-06-11 01:06:21.087000'), Timestamp('2026-06-11 01:06:21.386000'), Timestamp('2026-06-11 01:06:21.901000'), Timestamp('2026-06-11 01:06:22.163000'), Timestamp('2026-06-11 01:06:22.682000'), Timestamp('2026-06-11 01:06:22.983000'), Timestamp('2026-06-11 01:06:23.506000'), Timestamp('2026-06-11 01:06:23.771000'), Timestamp('2026-06-11 01:06:24.292000'), Timestamp('2026-06-11 01:06:24.602000'), Timestamp('2026-06-11 01:06:25.136000'), Timestamp('2026-06-11 01:06:25.407000'), Timestamp('2026-06-11 01:06:25.939000'), Timestamp('2026-06-11 01:06:26.254000'), Timestamp('2026-06-11 01:06:26.793000'), Timestamp('2026-06-11 01:06:27.072000'), Timestamp('2026-06-11 01:06:27.626000'), Timestamp('2026-06-11 01:06:27.947000'), Timestamp('2026-06-11 01:06:28.504000'), Timestamp('2026-06-11 01:06:28.791000'), Timestamp('2026-06-11 01:06:29.353000'), Timestamp('2026-06-11 01:06:29.680000'), Timestamp('2026-06-11 01:06:30.255000'), Timestamp('2026-06-11 01:06:30.548000'), Timestamp('2026-06-11 01:06:31.130000'), Timestamp('2026-06-11 01:06:31.472000'), Timestamp('2026-06-11 01:06:32.059000'), Timestamp('2026-06-11 01:06:32.359000'), Timestamp('2026-06-11 01:06:32.956000'), Timestamp('2026-06-11 01:06:33.307000'), Timestamp('2026-06-11 01:06:33.912000'), Timestamp('2026-06-11 01:06:34.227000'), Timestamp('2026-06-11 01:06:34.842000'), Timestamp('2026-06-11 01:06:35.209000'), Timestamp('2026-06-11 01:06:35.829000'), Timestamp('2026-06-11 01:06:36.158000'), Timestamp('2026-06-11 01:06:36.790000'), Timestamp('2026-06-11 01:06:37.166000'), Timestamp('2026-06-11 01:06:37.820000'), Timestamp('2026-06-11 01:06:38.156000'), Timestamp('2026-06-11 01:06:38.821000'), Timestamp('2026-06-11 01:06:39.210000'), Timestamp('2026-06-11 01:06:39.880000'), Timestamp('2026-06-11 01:06:40.238000'), Timestamp('2026-06-11 01:06:40.922000'), Timestamp('2026-06-11 01:06:41.332000'), Timestamp('2026-06-11 01:06:42.037000'), Timestamp('2026-06-11 01:06:42.399000'), Timestamp('2026-06-11 01:06:43.112000')]","[0.128, 0.382, 0.125, 0.295, 0.495, 0.25, 0.495, 0.289, 0.499, 0.26, 0.506, 0.289, 0.505, 0.266, 0.506, 0.299, 0.515, 0.262, 0.519, 0.301, 0.523, 0.265, 0.521, 0.31, 0.534, 0.271, 0.532, 0.315, 0.539, 0.279, 0.554, 0.321, 0.557, 0.287, 0.562, 0.327, 0.575, 0.293, 0.582, 0.342, 0.587, 0.3, 0.597, 0.351, 0.605, 0.315, 0.615, 0.367, 0.62, 0.329, 0.632, 0.376, 0.654, 0.336, 0.665, 0.389, 0.67, 0.358, 0.684, 0.41, 0.705, 0.362, 0.713]","[32.41839593631124, 32.00035555950622, 31.9222271321255, 32.32359876655179, 31.84158415841584, 31.789473684210527, 31.475409836065573, 31.42802031762361, 31.189873417721518, 31.180663938920993, 30.983539994377985, 30.868486352357316, 30.748416456552487, 30.298685782556745, 30.29098425822865, 29.92512891228138, 30.093010478395666, 29.316723993678536, 29.481418680231734, 30.064490912644125, 29.37055097808419, 29.314341572406086, 28.961837879035333, 28.786124053973985, 28.7110001782849, 28.389978365552377, 28.245024554148358, 28.17335869621099, 27.8686327077748, 27.558150979298578, 27.370143281792924, 27.114132243190568, 27.060453699671402, 26.691929111116245, 26.39522217631371, 26.11538121742203, 25.80496581504138, 26.229703205852616, 25.634769780702996, 25.74436090225564, 25.381982132420468, 25.136195249509697, 25.098039215686278, 24.600938967136152, 24.661476298413323, 24.19013018468059, 24.27763338939, 23.939630497007546, 23.94533571004159, 23.658333030951773, 23.302746914485063, 23.26659641728135, 22.979249124894185, 22.938415588109798, 22.450227034579115, 22.171726578506238, 21.98216304484361, 21.630828188205236, 21.669160533789352, 21.051018844798527, 21.46718377981761, 21.010936019977613, 20.951838130521516, 20.582435221279525]","[4.149554679847839, 12.224135823731375, 3.9902783915156874, 9.535461636132778, 15.761584158415841, 7.947368421052632, 15.580327868852459, 9.082697871793222, 15.563746835443037, 8.106972624119459, 15.677671237155261, 8.920992555831264, 15.527950310559007, 8.059450418160095, 15.327238034663697, 8.947613544772132, 15.497900396373769, 7.6809816863437765, 15.300856295040271, 9.049411764705882, 15.360798161538032, 7.768300516687614, 15.089117534977408, 8.923698456731936, 15.331674095204136, 7.693684137064695, 15.026353062806928, 8.874607989306462, 15.021193029490618, 7.688724123224304, 15.163059378113282, 8.703636450064172, 15.072672710716972, 7.660583654890361, 14.834114863088306, 8.539729658097004, 14.837855343648792, 7.685303039314816, 14.919436012369143, 8.80457142857143, 14.899223511730813, 7.5408585748529084, 14.983529411764707, 8.634929577464789, 14.92019316054006, 7.6198910081743865, 14.93074453447485, 8.785844392401769, 14.846108140225786, 7.783591567183134, 14.727336049954559, 8.748240252897787, 15.028428927680798, 7.707307637604893, 14.929400977995112, 8.624801639038926, 14.72804924004522, 7.743836491377474, 14.821705805111918, 8.630917726367395, 15.134364564771413, 7.605958839231896, 14.93866058706184]",723.2452308183684,9.472254436271784,c:\git\RailwAI\VIDEO\20260611\ADTC Rastatt_00_20260611010616.mp4,2026-06-11 01:06:16,Lok
ADTC1_adz_raw_20260611_0112,2026-06-11 01:10:33.020,2026-06-11 01:10:39.479,"[Timestamp('2026-06-11 01:10:39.479000'), Timestamp('2026-06-11 01:10:40.078000'), Timestamp('2026-06-11 01:10:41.718000'), Timestamp('2026-06-11 01:10:42.007000'), Timestamp('2026-06-11 01:10:42.304000'), Timestamp('2026-06-11 01:10:43.055000'), Timestamp('2026-06-11 01:10:43.342000'), Timestamp('2026-06-11 01:10:44.900000'), Timestamp('2026-06-11 01:10:45.190000'), Timestamp('2026-06-11 01:10:45.797000'), Timestamp('2026-06-11 01:10:46.087000'), Timestamp('2026-06-11 01:10:47.637000'), Timestamp('2026-06-11 01:10:47.924000'), Timestamp('2026-06-11 01:10:48.530000'), Timestamp('2026-06-11 01:10:48.818000'), Timestamp('2026-06-11 01:10:50.357000'), Timestamp('2026-06-11 01:10:50.644000'), Timestamp('2026-06-11 01:10:51.240000'), Timestamp('2026-06-11 01:10:51.519000'), Timestamp('2026-06-11 01:10:53.038000'), Timestamp('2026-06-11 01:10:53.322000'), Timestamp('2026-06-11 01:10:53.873000'), Timestamp('2026-06-11 01:10:54.159000'), Timestamp('2026-06-11 01:10:55.645000'), Timestamp('2026-06-11 01:10:55.920000'), Timestamp('2026-06-11 01:10:56.430000'), Timestamp('2026-06-11 01:10:56.701000'), Timestamp('2026-06-11 01:10:58.159000'), Timestamp('2026-06-11 01:10:58.417000'), Timestamp('2026-06-11 01:10:58.961000'), Timestamp('2026-06-11 01:10:59.226000'), Timestamp('2026-06-11 01:11:00.650000'), Timestamp('2026-06-11 01:11:00.921000'), Timestamp('2026-06-11 01:11:01.477000'), Timestamp('2026-06-11 01:11:01.737000'), Timestamp('2026-06-11 01:11:03.136000'), Timestamp('2026-06-11 01:11:03.391000'), Timestamp('2026-06-11 01:11:03.939000'), Timestamp('2026-06-11 01:11:04.188000'), Timestamp('2026-06-11 01:11:05.564000'), Timestamp('2026-06-11 01:11:05.816000')]","[0.599, 1.6400000000000001, 0.289, 0.297, 0.751, 0.287, 1.558, 0.29, 0.607, 0.29, 1.55, 0.287, 0.606, 0.288, 1.5390000000000001, 0.287, 0.596, 0.279, 1.5190000000000001, 0.284, 0.551, 0.286, 1.486, 0.275, 0.51, 0.271, 1.458, 0.258, 0.544, 0.265, 1.424, 0.271, 0.556, 0.26, 1.399, 0.255, 0.548, 0.249, 1.376, 0.252]","[nan, nan, nan, nan, nan, nan, nan, nan, nan, nan, nan, nan, nan, nan, nan, nan, nan, nan, nan, nan, nan, nan, nan, nan, nan, nan, nan, nan, nan, nan, nan, nan, nan, nan, nan, nan, nan, nan, nan, nan, nan, nan]","[nan, nan, nan, nan, nan, nan, nan, nan, nan, nan, nan, nan, nan, nan, nan, nan, nan, nan, nan, nan, nan, nan, nan, nan, nan, nan, nan, nan, nan, nan, nan, nan, nan, nan, nan, nan, nan, nan, nan, nan]",,6.183503508751028,c:\git\RailwAI\VIDEO\20260611\ADTC Rastatt_00_20260611011036.mp4,2026-06-11 01:10:36,Lok
ADTC1_adz_raw_20260611_0227,2026-06-11 02:25:44.921,2026-06-11 02:25:54.937,"[Timestamp('2026-06-11 02:25:54.937000'), Timestamp('2026-06-11 02:25:55.073000'), Timestamp('2026-06-11 02:25:55.394000'), Timestamp('2026-06-11 02:25:55.525000'), Timestamp('2026-06-11 02:25:55.763000'), Timestamp('2026-06-11 02:25:55.844000'), Timestamp('2026-06-11 02:25:56.286000'), Timestamp('2026-06-11 02:25:56.364000'), Timestamp('2026-06-11 02:25:56.514000'), Timestamp('2026-06-11 02:25:56.595000'), Timestamp('2026-06-11 02:25:57.038000'), Timestamp('2026-06-11 02:25:57.118000'), Timestamp('2026-06-11 02:25:57.270000'), Timestamp('2026-06-11 02:25:57.351000'), Timestamp('2026-06-11 02:25:57.796000'), Timestamp('2026-06-11 02:25:57.874000'), Timestamp('2026-06-11 02:25:58.027000'), Timestamp('2026-06-11 02:25:58.106000'), Timestamp('2026-06-11 02:25:58.551000'), Timestamp('2026-06-11 02:25:58.626000'), Timestamp('2026-06-11 02:25:58.782000'), Timestamp('2026-06-11 02:25:58.862000'), Timestamp('2026-06-11 02:25:59.307000'), Timestamp('2026-06-11 02:25:59.383000'), Timestamp('2026-06-11 02:25:59.538000'), Timestamp('2026-06-11 02:25:59.616000'), Timestamp('2026-06-11 02:26:00.060000'), Timestamp('2026-06-11 02:26:00.137000'), Timestamp('2026-06-11 02:26:00.289000'), Timestamp('2026-06-11 02:26:00.371000'), Timestamp('2026-06-11 02:26:00.811000'), Timestamp('2026-06-11 02:26:00.893000'), Timestamp('2026-06-11 02:26:01.049000'), Timestamp('2026-06-11 02:26:01.125000'), Timestamp('2026-06-11 02:26:01.570000'), Timestamp('2026-06-11 02:26:01.647000'), Timestamp('2026-06-11 02:26:01.801000'), Timestamp('2026-06-11 02:26:01.878000'), Timestamp('2026-06-11 02:26:02.324000'), Timestamp('2026-06-11 02:26:02.402000'), Timestamp('2026-06-11 02:26:02.555000'), Timestamp('2026-06-11 02:26:02.633000'), Timestamp('2026-06-11 02:26:03.080000'), Timestamp('2026-06-11 02:26:03.153000'), Timestamp('2026-06-11 02:26:03.307000'), Timestamp('2026-06-11 02:26:03.387000'), Timestamp('2026-06-11 02:26:03.833000'), Timestamp('2026-06-11 02:26:03.910000'), Timestamp('2026-06-11 02:26:04.061000'), Timestamp('2026-06-11 02:26:04.147000'), Timestamp('2026-06-11 02:26:04.588000'), Timestamp('2026-06-11 02:26:04.663000'), Timestamp('2026-06-11 02:26:04.817000'), Timestamp('2026-06-11 02:26:04.896000'), Timestamp('2026-06-11 02:26:05.343000'), Timestamp('2026-06-11 02:26:05.420000'), Timestamp('2026-06-11 02:26:05.574000'), Timestamp('2026-06-11 02:26:05.652000'), Timestamp('2026-06-11 02:26:06.098000'), Timestamp('2026-06-11 02:26:06.173000'), Timestamp('2026-06-11 02:26:06.330000'), Timestamp('2026-06-11 02:26:06.408000'), Timestamp('2026-06-11 02:26:06.853000'), Timestamp('2026-06-11 02:26:06.929000'), Timestamp('2026-06-11 02:26:07.082000'), Timestamp('2026-06-11 02:26:07.162000'), Timestamp('2026-06-11 02:26:07.608000'), Timestamp('2026-06-11 02:26:07.683000'), Timestamp('2026-06-11 02:26:07.838000'), Timestamp('2026-06-11 02:26:07.917000'), Timestamp('2026-06-11 02:26:08.361000'), Timestamp('2026-06-11 02:26:08.439000'), Timestamp('2026-06-11 02:26:08.592000'), Timestamp('2026-06-11 02:26:08.672000'), Timestamp('2026-06-11 02:26:09.117000'), Timestamp('2026-06-11 02:26:09.193000'), Timestamp('2026-06-11 02:26:09.346000'), Timestamp('2026-06-11 02:26:09.428000'), Timestamp('2026-06-11 02:26:09.873000'), Timestamp('2026-06-11 02:26:09.949000'), Timestamp('2026-06-11 02:26:10.103000'), Timestamp('2026-06-11 02:26:10.183000'), Timestamp('2026-06-11 02:26:10.628000'), Timestamp('2026-06-11 02:26:10.706000')]","[0.136, 0.321, 0.131, 0.238, 0.081, 0.442, 0.078, 0.15, 0.081, 0.443, 0.08, 0.152, 0.081, 0.445, 0.078, 0.153, 0.079, 0.445, 0.075, 0.156, 0.08, 0.445, 0.076, 0.155, 0.078, 0.444, 0.077, 0.152, 0.082, 0.44, 0.082, 0.156, 0.076, 0.445, 0.077, 0.154, 0.077, 0.446, 0.078, 0.153, 0.078, 0.447, 0.073, 0.154, 0.08, 0.446, 0.077, 0.151, 0.086, 0.441, 0.075, 0.154, 0.079, 0.447, 0.077, 0.154, 0.078, 0.446, 0.075, 0.157, 0.078, 0.445, 0.076, 0.153, 0.08, 0.446, 0.075, 0.155, 0.079, 0.444, 0.078, 0.153, 0.08, 0.445, 0.076, 0.153, 0.082, 0.445, 0.076, 0.154, 0.08, 0.445, 0.078]","[34.59470690595538, 34.72527472527472, 34.163701067615655, 34.48382603312181, 34.301464958399265, 34.475822050290134, 34.41567619659492, 34.47048812562853, 34.301464958399265, 34.47048812562853, 34.04255319148936, 34.04940383357649, 34.10829231351761, 34.22731779240918, 34.165431817318286, 34.16413373860182, 34.111736638812445, 34.289650597645135, 34.28615160907664, 33.984962406015036, 34.179284130503646, 34.046406338426706, 34.121212121212125, 34.17062511875356, 34.05325853155385, 34.16413373860182, 34.174521131042866, 34.174521131042866, 33.943028485757125, 34.11604302378427, 34.01309353600722, 34.11604302378427, 33.65505046784057, 33.949390815370194, 33.71077241532263, 34.006269592476485, 33.886149708650834, 33.880243993526705, 33.72573189522342, 33.943028485757125, 33.80952380952381, 33.89290161892902, 33.59271766260461, 33.932853717026376, 33.28366101043119, 33.69458128078818, 33.87096774193549, 33.637702503681886, 33.75185368264953, 33.69458128078818, 33.5717598808681, 33.69458128078818, 33.57669589463257, 33.46410309353479, 33.414043583535104, 33.57669589463257, 33.292463036422646, 33.33494092114782, 33.35303697448579, 33.58655363499578, 33.280461427541454, 33.69084707360022, 33.47548751594678, 33.420517291485034, 33.18077803203661, 33.35907335907336, 33.08970099667774, 33.31969875604533, 32.932330827067666, 33.204301075268816, 33.26618705035971, 33.55376128018706, 33.04588523368466, 33.328519855595665, 33.23288850624193, 33.003891968392495, 32.82538794911226, 33.07757885763001, 33.02648350092055, 33.06622477362845, 32.88862905583163, 33.24401913875598, 33.07757885763001, 32.96369900869013]","[4.704880139209932, 11.146813186813187, 4.475444839857651, 8.20715059588299, 2.7784186616303406, 15.238313346228239, 2.684422743334404, 5.170573218844279, 2.7784186616303406, 15.270426239653437, 2.723404255319149, 5.175509382703627, 2.7627716773949262, 15.231156417622087, 2.6649036817508263, 5.227112462006078, 2.6948271944661832, 15.258894515952086, 2.571461370680748, 5.301654135338346, 2.7343427304402916, 15.150650820599884, 2.5932121212121215, 5.296446893406802, 2.6561541654612, 15.168875379939209, 2.6314381270903007, 5.1945272119185155, 2.7833283358320844, 15.01105893046508, 2.789073669952592, 5.322102711710347, 2.557783835555883, 15.107478912839737, 2.5957294759798426, 5.236965517241378, 2.609233527566114, 15.110588821112911, 2.6306070878274266, 5.19328335832084, 2.637142857142857, 15.150127023661272, 2.4522683893701367, 5.225659472422062, 2.662692880834495, 15.027783251231527, 2.6080645161290326, 5.079293078055965, 2.9026594167078597, 14.859310344827586, 2.5178819910651073, 5.188965517241379, 2.6525589756759733, 14.95845408281005, 2.572881355932203, 5.170811167773416, 2.5968121168409666, 14.867383650831927, 2.501477773086434, 5.273088920694337, 2.595875991348233, 14.992426947752097, 2.544137051211955, 5.11333914559721, 2.654462242562929, 14.87814671814672, 2.4817275747508307, 5.164553307187026, 2.6016541353383458, 14.742709677419354, 2.5947625899280573, 5.13372547586862, 2.6436708186947726, 14.83119133574007, 2.5256995264743862, 5.049595471164052, 2.6916818118272055, 14.719522591645354, 2.5100127460699615, 5.092198615138781, 2.6310903244665305, 14.793588516746413, 2.5800511508951405]",532.9105789091001,9.912629070691024,c:\git\RailwAI\VIDEO\20260611\ADTC Rastatt_00_20260611022556.mp4,2026-06-11 02:25:56,Lok
ADTC1_adz_raw_20260611_0257,2026-06-11 02:55:47.618,2026-06-11 02:55:57.699,"[Timestamp('2026-06-11 02:55:57.699000'), Timestamp('2026-06-11 02:55:57.834000'), Timestamp('2026-06-11 02:55:58.132000'), Timestamp('2026-06-11 02:55:58.270000'), Timestamp('2026-06-11 02:55:58.496000'), Timestamp('2026-06-11 02:55:58.573000'), Timestamp('2026-06-11 02:55:58.984000'), Timestamp('2026-06-11 02:55:59.064000'), Timestamp('2026-06-11 02:55:59.217000'), Timestamp('2026-06-11 02:55:59.294000'), Timestamp('2026-06-11 02:55:59.702000'), Timestamp('2026-06-11 02:55:59.779000'), Timestamp('2026-06-11 02:55:59.937000'), Timestamp('2026-06-11 02:56:00.012000'), Timestamp('2026-06-11 02:56:00.425000'), Timestamp('2026-06-11 02:56:00.502000'), Timestamp('2026-06-11 02:56:00.655000'), Timestamp('2026-06-11 02:56:00.732000'), Timestamp('2026-06-11 02:56:01.144000'), Timestamp('2026-06-11 02:56:01.221000'), Timestamp('2026-06-11 02:56:01.374000'), Timestamp('2026-06-11 02:56:01.452000'), Timestamp('2026-06-11 02:56:01.857000'), Timestamp('2026-06-11 02:56:01.936000'), Timestamp('2026-06-11 02:56:02.090000'), Timestamp('2026-06-11 02:56:02.166000'), Timestamp('2026-06-11 02:56:02.576000'), Timestamp('2026-06-11 02:56:02.652000'), Timestamp('2026-06-11 02:56:02.806000'), Timestamp('2026-06-11 02:56:02.882000'), Timestamp('2026-06-11 02:56:03.292000'), Timestamp('2026-06-11 02:56:03.368000'), Timestamp('2026-06-11 02:56:03.520000'), Timestamp('2026-06-11 02:56:03.600000'), Timestamp('2026-06-11 02:56:03.608000'), Timestamp('2026-06-11 02:56:04.004000'), Timestamp('2026-06-11 02:56:04.082000'), Timestamp('2026-06-11 02:56:04.234000'), Timestamp('2026-06-11 02:56:04.311000'), Timestamp('2026-06-11 02:56:04.720000'), Timestamp('2026-06-11 02:56:04.796000'), Timestamp('2026-06-11 02:56:04.948000'), Timestamp('2026-06-11 02:56:05.025000'), Timestamp('2026-06-11 02:56:05.434000'), Timestamp('2026-06-11 02:56:05.506000'), Timestamp('2026-06-11 02:56:05.657000'), Timestamp('2026-06-11 02:56:05.735000'), Timestamp('2026-06-11 02:56:06.145000'), Timestamp('2026-06-11 02:56:06.221000'), Timestamp('2026-06-11 02:56:06.369000'), Timestamp('2026-06-11 02:56:06.451000'), Timestamp('2026-06-11 02:56:06.858000'), Timestamp('2026-06-11 02:56:06.932000'), Timestamp('2026-06-11 02:56:07.085000'), Timestamp('2026-06-11 02:56:07.161000'), Timestamp('2026-06-11 02:56:07.569000'), Timestamp('2026-06-11 02:56:07.644000'), Timestamp('2026-06-11 02:56:07.797000'), Timestamp('2026-06-11 02:56:07.873000'), Timestamp('2026-06-11 02:56:08.281000'), Timestamp('2026-06-11 02:56:08.354000'), Timestamp('2026-06-11 02:56:08.509000'), Timestamp('2026-06-11 02:56:08.586000'), Timestamp('2026-06-11 02:56:08.989000'), Timestamp('2026-06-11 02:56:09.068000'), Timestamp('2026-06-11 02:56:09.220000'), Timestamp('2026-06-11 02:56:09.296000'), Timestamp('2026-06-11 02:56:09.705000'), Timestamp('2026-06-11 02:56:09.780000'), Timestamp('2026-06-11 02:56:09.932000'), Timestamp('2026-06-11 02:56:10.010000'), Timestamp('2026-06-11 02:56:10.418000'), Timestamp('2026-06-11 02:56:10.493000'), Timestamp('2026-06-11 02:56:10.645000'), Timestamp('2026-06-11 02:56:10.721000'), Timestamp('2026-06-11 02:56:11.129000'), Timestamp('2026-06-11 02:56:11.204000'), Timestamp('2026-06-11 02:56:11.353000'), Timestamp('2026-06-11 02:56:11.431000'), Timestamp('2026-06-11 02:56:11.839000'), Timestamp('2026-06-11 02:56:11.914000')]","[0.135, 0.298, 0.138, 0.226, 0.077, 0.411, 0.08, 0.153, 0.077, 0.408, 0.077, 0.158, 0.075, 0.413, 0.077, 0.153, 0.077, 0.412, 0.077, 0.153, 0.078, 0.405, 0.079, 0.154, 0.076, 0.41, 0.076, 0.154, 0.076, 0.41, 0.076, 0.152, 0.08, 0.008, 0.396, 0.078, 0.152, 0.077, 0.409, 0.076, 0.152, 0.077, 0.409, 0.072, 0.151, 0.078, 0.41, 0.076, 0.148, 0.082, 0.407, 0.074, 0.153, 0.076, 0.408, 0.075, 0.153, 0.076, 0.408, 0.073, 0.155, 0.077, 0.403, 0.079, 0.152, 0.076, 0.409, 0.075, 0.152, 0.078, 0.408, 0.075, 0.152, 0.076, 0.408, 0.075, 0.149, 0.078, 0.408, 0.075]","[34.36433335083758, 33.07641263845643, 35.642701525054456, 33.99267399267399, 34.23504738644508, 34.56869351302209, 34.612105711849956, 34.19131361577404, 34.56869351302209, 33.53821907013397, 35.16291274874262, 34.05814674103414, 38.49779000673242, 34.05814674103414, 36.03958230823903, 34.436513086740206, 34.05814674103414, 35.16291274874262, 35.02874834144184, 34.301339896089694, 34.05814674103414, 35.07380480282, 33.967693769512685, 34.301339896089694, 34.68525327918336, 35.07380480282, 34.501588009138004, 33.78262906915846, 33.50054525627044, 34.89152314918363, 34.163071136187625, 33.78262906915846, 36.09022556390977, 34.84508307139649, 34.11627519573547, 34.163071136187625, 33.78262906915846, 34.45479206868585, 34.70361117419941, 34.65572275421796, 33.68795311241354, 34.407636159460964, 34.02159923899055, 34.069119286510585, 33.640064692432105, 34.70361117419941, 33.59180359992162, 33.9737108190091, 33.5431654676259, 34.16630885931014, 33.82779198635976, 33.7783863973525, 33.444740270775505, 33.82779198635976, 33.444740270775505, 33.82779198635976, 33.444740270775505, 34.46039833256136, 33.0660643704122, 33.294161483562156, 33.344752769213194, 33.62780761013915, 32.219016912721315, 33.294161483562156, 33.294161483562156, 33.344752769213194, 32.8110599078341, 33.52540597171294, 33.24316546762589, 33.91532846715328, 32.75882012724118, 33.13993966117429, 32.75882012724118, 33.86392284466332, 32.00919804541536, 32.59953161592505, 31.955668436850623, 32.92841136926524, 32.54556143445033, 32.8744411877905]","[4.639185002363074, 9.856770966260017, 4.918692810457515, 7.682344322344322, 2.6360986487562714, 14.207733033852078, 2.7689684569479964, 5.231270983213428, 2.661789400502701, 13.683593380614658, 2.7075442816531816, 5.3811871850833946, 2.8873342505049315, 14.066014604047101, 2.775047837734405, 5.268786502271252, 2.622477299059629, 14.48712005248196, 2.6972136222910215, 5.248105004101723, 2.6565354458006634, 14.2048909451421, 2.6834478077915023, 5.282406343997812, 2.6360792492179352, 14.3802599691562, 2.6221206886944883, 5.202524876650402, 2.5460414394765536, 14.305524491165286, 2.5963934063502596, 5.134959618512086, 2.8872180451127814, 0.27876066457117193, 13.510044977511246, 2.6647195486226347, 5.134959618512086, 2.6530189892888103, 14.193776970247557, 2.633834929320565, 5.1205688730868575, 2.649387984278494, 13.914834088747133, 2.452976588628762, 5.079649768557248, 2.706881671587554, 13.772639475967862, 2.5820020222446916, 4.964388489208632, 2.8016373264634318, 13.767911338448423, 2.4996005934040846, 5.117045261428652, 2.570912190963342, 13.645454030476404, 2.5370843989769822, 5.117045261428652, 2.6189902732746635, 13.490954263128177, 2.4304737883000374, 5.168436679228045, 2.5893411859807145, 12.98426381582669, 2.6302387572014103, 5.060712545501447, 2.5342012104602025, 13.419723502304146, 2.5144054478784708, 5.052961151079136, 2.645395620437956, 13.3655986119144, 2.4854954745880717, 4.979340659340659, 2.573658136194412, 13.059752802529466, 2.444964871194379, 4.761394597090742, 2.5684160868026886, 13.278589065255733, 2.4655830890842876]",481.0577066681759,9.970976732732746,c:\git\RailwAI\VIDEO\20260611\ADTC Rastatt_00_20260611025558.mp4,2026-06-11 02:55:58,Lok
ADTC1_adz_raw_20260611_0330,2026-06-11 03:28:58.704,2026-06-11 03:29:08.724,"[Timestamp('2026-06-11 03:29:08.724000'), Timestamp('2026-06-11 03:29:08.857000'), Timestamp('2026-06-11 03:29:09.149000'), Timestamp('2026-06-11 03:29:09.282000'), Timestamp('2026-06-11 03:29:09.514000'), Timestamp('2026-06-11 03:29:09.589000'), Timestamp('2026-06-11 03:29:09.992000'), Timestamp('2026-06-11 03:29:10.071000'), Timestamp('2026-06-11 03:29:10.227000'), Timestamp('2026-06-11 03:29:10.303000'), Timestamp('2026-06-11 03:29:10.733000'), Timestamp('2026-06-11 03:29:10.807000'), Timestamp('2026-06-11 03:29:10.956000'), Timestamp('2026-06-11 03:29:11.031000'), Timestamp('2026-06-11 03:29:11.467000'), Timestamp('2026-06-11 03:29:11.543000'), Timestamp('2026-06-11 03:29:11.701000'), Timestamp('2026-06-11 03:29:11.777000'), Timestamp('2026-06-11 03:29:12.213000'), Timestamp('2026-06-11 03:29:12.289000'), Timestamp('2026-06-11 03:29:12.462000'), Timestamp('2026-06-11 03:29:12.535000'), Timestamp('2026-06-11 03:29:12.959000'), Timestamp('2026-06-11 03:29:13.033000'), Timestamp('2026-06-11 03:29:13.202000'), Timestamp('2026-06-11 03:29:13.280000'), Timestamp('2026-06-11 03:29:13.703000'), Timestamp('2026-06-11 03:29:13.777000'), Timestamp('2026-06-11 03:29:13.933000'), Timestamp('2026-06-11 03:29:14.014000'), Timestamp('2026-06-11 03:29:14.448000'), Timestamp('2026-06-11 03:29:14.523000'), Timestamp('2026-06-11 03:29:14.672000'), Timestamp('2026-06-11 03:29:14.749000'), Timestamp('2026-06-11 03:29:15.184000'), Timestamp('2026-06-11 03:29:15.260000'), Timestamp('2026-06-11 03:29:15.419000'), Timestamp('2026-06-11 03:29:15.496000'), Timestamp('2026-06-11 03:29:15.906000'), Timestamp('2026-06-11 03:29:15.981000'), Timestamp('2026-06-11 03:29:16.151000'), Timestamp('2026-06-11 03:29:16.229000'), Timestamp('2026-06-11 03:29:16.666000'), Timestamp('2026-06-11 03:29:16.741000'), Timestamp('2026-06-11 03:29:16.913000'), Timestamp('2026-06-11 03:29:16.990000'), Timestamp('2026-06-11 03:29:17.411000'), Timestamp('2026-06-11 03:29:17.484000'), Timestamp('2026-06-11 03:29:17.654000'), Timestamp('2026-06-11 03:29:17.734000'), Timestamp('2026-06-11 03:29:18.171000'), Timestamp('2026-06-11 03:29:18.247000'), Timestamp('2026-06-11 03:29:18.407000'), Timestamp('2026-06-11 03:29:18.483000'), Timestamp('2026-06-11 03:29:18.866000'), Timestamp('2026-06-11 03:29:18.941000'), Timestamp('2026-06-11 03:29:19.103000'), Timestamp('2026-06-11 03:29:19.178000'), Timestamp('2026-06-11 03:29:19.603000'), Timestamp('2026-06-11 03:29:19.678000'), Timestamp('2026-06-11 03:29:19.851000'), Timestamp('2026-06-11 03:29:19.927000'), Timestamp('2026-06-11 03:29:20.353000'), Timestamp('2026-06-11 03:29:20.429000'), Timestamp('2026-06-11 03:29:20.602000'), Timestamp('2026-06-11 03:29:20.679000'), Timestamp('2026-06-11 03:29:21.103000'), Timestamp('2026-06-11 03:29:21.180000'), Timestamp('2026-06-11 03:29:21.337000'), Timestamp('2026-06-11 03:29:21.415000'), Timestamp('2026-06-11 03:29:21.854000'), Timestamp('2026-06-11 03:29:21.931000'), Timestamp('2026-06-11 03:29:22.089000'), Timestamp('2026-06-11 03:29:22.169000'), Timestamp('2026-06-11 03:29:22.608000'), Timestamp('2026-06-11 03:29:22.683000'), Timestamp('2026-06-11 03:29:22.845000'), Timestamp('2026-06-11 03:29:22.921000'), Timestamp('2026-06-11 03:29:23.292000'), Timestamp('2026-06-11 03:29:23.370000'), Timestamp('2026-06-11 03:29:23.529000'), Timestamp('2026-06-11 03:29:23.609000'), Timestamp('2026-06-11 03:29:24.021000'), Timestamp('2026-06-11 03:29:24.097000')]","[0.133, 0.292, 0.133, 0.232, 0.075, 0.403, 0.079, 0.156, 0.076, 0.43, 0.074, 0.149, 0.075, 0.436, 0.076, 0.158, 0.076, 0.436, 0.076, 0.173, 0.073, 0.424, 0.074, 0.169, 0.078, 0.423, 0.074, 0.156, 0.081, 0.434, 0.075, 0.149, 0.077, 0.435, 0.076, 0.159, 0.077, 0.41, 0.075, 0.17, 0.078, 0.437, 0.075, 0.172, 0.077, 0.421, 0.073, 0.17, 0.08, 0.437, 0.076, 0.16, 0.076, 0.383, 0.075, 0.162, 0.075, 0.425, 0.075, 0.173, 0.076, 0.426, 0.076, 0.173, 0.077, 0.424, 0.077, 0.157, 0.078, 0.439, 0.077, 0.158, 0.08, 0.439, 0.075, 0.162, 0.076, 0.371, 0.078, 0.159, 0.08, 0.412, 0.076]","[35.524911762291715, 35.573122529644266, 35.55604329277493, 35.36499321573948, 35.2304252969537, 35.62164394878149, 35.294594704188796, 35.294594704188796, 35.294594704188796, 35.48995489954899, 34.913245873889124, 35.359235945300625, 35.243715140247346, 34.97557867912508, 35.42435424354243, 35.232323232323225, 34.78671865768639, 35.10160427807486, 34.97279362972793, 34.913245873889124, 34.913245873889124, 34.848604632777295, 34.6574913981858, 34.6574913981858, 34.28615160907664, 34.6574913981858, 34.4891640866873, 34.34803758416754, 34.16413373860182, 34.35595390524968, 34.347158218125955, 34.28746364610439, 34.10570952597304, 34.2299283062999, 34.179284130503646, 34.04940383357649, 33.943028485757125, 34.18491484184915, 34.08541498791297, 34.174521131042866, 33.86338185890257, 33.932853717026376, 34.077262943242324, 34.006269592476485, 33.83679801427242, 33.95660433956604, 33.80867498514557, 33.83679801427242, 33.53083168751371, 33.91824526420737, 33.724621631598374, 33.67076167076167, 33.679864336798644, 33.679864336798644, 33.28534408292542, 33.31969875604533, 33.02127659574468, 33.27536370941626, 33.15114492908941, 33.21303090418031, 32.975890268907165, 33.222559590695, 32.968120449565276, 33.204301075268816, 32.795448185803565, 32.86286075416052, 32.80271490046531, 32.923434692223665, 32.639113368737014, 32.932330827067666, 32.28942905596382, 32.63157894736842, 32.72727272727273, 32.58768296050815, 32.237998647734955, 32.37608584568217, 32.36052667300122, 32.59630989514393, 32.02882594334902, 32.217300384502956, 31.895620743614046, 32.50514756348662, 31.985807739217208, 32.20860964370012]","[4.724813264384799, 10.387351778656125, 4.728953757939066, 8.20467842605156, 2.6422818972715274, 14.355522511358942, 2.788272981630915, 5.505956773853452, 2.6823891975183485, 15.260680606806066, 2.583580194667795, 5.268526155849793, 2.6432786355185507, 15.249352304098535, 2.6922509225092246, 5.56670707070707, 2.6437906179841657, 15.30429946524064, 2.657932315859323, 6.039991536182818, 2.548666948793906, 14.775808364297573, 2.564654363465749, 5.8571160462934, 2.674319825507978, 14.660118861432592, 2.55219814241486, 5.358293863130137, 2.7672948328267473, 14.91048399487836, 2.5760368663594466, 5.108832083269554, 2.626139633499924, 14.890018813240456, 2.597625593918277, 5.413855209538662, 2.6136131934032987, 14.01581508515815, 2.556406124093473, 5.809668592277288, 2.6413437849944006, 14.828657074340526, 2.555794720743174, 5.849078369905955, 2.605433447098976, 14.295730426957302, 2.4680332739156268, 5.752255662426311, 2.682466535001097, 14.822273180458621, 2.5630712440014762, 5.387321867321868, 2.559669689596697, 12.89938804099388, 2.4964008062194063, 5.397791198479343, 2.476595744680851, 14.14202957650191, 2.4863358696817057, 5.745854346423193, 2.5061676604369443, 14.15281038563607, 2.505577154166961, 5.7443440860215045, 2.5252495103068746, 13.93385295976406, 2.525809047335829, 5.168979246679116, 2.545850842761487, 14.457293233082705, 2.486286037309214, 5.1557894736842105, 2.618181818181818, 14.305992819663077, 2.4178498985801213, 5.244925907000511, 2.4594000271480927, 12.093230971098398, 2.4982484235812237, 5.12255076113597, 2.5516496594891236, 13.392120796156485, 2.430921388180508]",522.3061838190312,9.915234968033149,c:\git\RailwAI\VIDEO\20260611\ADTC Rastatt_00_20260611032909.mp4,2026-06-11 03:29:09,Lok
ADTC1_adz_raw_20260611_0339,2026-06-11 03:38:21.622,2026-06-11 03:38:31.770,"[Timestamp('2026-06-11 03:38:31.770000'), Timestamp('2026-06-11 03:38:31.901000'), Timestamp('2026-06-11 03:38:32.183000'), Timestamp('2026-06-11 03:38:32.316000')]","[0.131, 0.282, 0.133]","[32.66666666666667, 32.566322834374034, 32.61877841105753, 32.659106688266604]","[4.2793333333333345, 9.183703039293476, 4.338297528670651]",17.80133390129746,10.032913516384776,c:\git\RailwAI\VIDEO\20260611\ADTC Rastatt_00_20260611033832.mp4,2026-06-11 03:38:32,Lok
ADTC1_adz_raw_20260611_0350,2026-06-11 03:48:42.563,2026-06-11 03:48:52.589,"[Timestamp('2026-06-11 03:48:52.589000'), Timestamp('2026-06-11 03:48:52.721000'), Timestamp('2026-06-11 03:48:53.118000'), Timestamp('2026-06-11 03:48:53.250000')]","[0.132, 0.397, 0.132]","[nan, nan, nan, nan, nan, nan, nan, nan, nan, nan, nan, nan, nan, nan, nan, nan, nan, nan, nan, nan, nan, nan, nan, nan, nan, nan, nan, nan, nan, nan]","[nan, nan, nan]",,9.906121699241924,c:\git\RailwAI\VIDEO\20260611\ADTC Rastatt_00_20260611034854.mp4,2026-06-11 03:48:54,Lok
ADTC1_adz_raw_20260611_0425,2026-06-11 04:24:32.706,2026-06-11 04:24:42.730,"[Timestamp('2026-06-11 04:24:42.730000'), Timestamp('2026-06-11 04:24:42.844000'), Timestamp('2026-06-11 04:24:43.198000'), Timestamp('2026-06-11 04:24:43.318000'), Timestamp('2026-06-11 04:24:43.588000'), Timestamp('2026-06-11 04:24:43.706000'), Timestamp('2026-06-11 04:24:44.066000'), Timestamp('2026-06-11 04:24:44.181000'), Timestamp('2026-06-11 04:24:44.418000'), Timestamp('2026-06-11 04:24:44.530000'), Timestamp('2026-06-11 04:24:45.332000'), Timestamp('2026-06-11 04:24:45.448000'), Timestamp('2026-06-11 04:24:45.635000'), Timestamp('2026-06-11 04:24:45.751000'), Timestamp('2026-06-11 04:24:46.551000'), Timestamp('2026-06-11 04:24:46.663000'), Timestamp('2026-06-11 04:24:46.861000'), Timestamp('2026-06-11 04:24:46.979000'), Timestamp('2026-06-11 04:24:47.780000'), Timestamp('2026-06-11 04:24:47.888000'), Timestamp('2026-06-11 04:24:48.083000'), Timestamp('2026-06-11 04:24:48.198000'), Timestamp('2026-06-11 04:24:49.002000'), Timestamp('2026-06-11 04:24:49.117000')]","[0.114, 0.354, 0.12, 0.27, 0.118, 0.36, 0.115, 0.237, 0.112, 0.802, 0.116, 0.187, 0.116, 0.8, 0.112, 0.198, 0.118, 0.801, 0.108, 0.195, 0.115, 0.804, 0.115]","[34.848604632777295, 34.78443522554219, 34.44444444444444, 34.722549250451294, 34.16759550106394, 34.85503426462836, 35.0383631713555, 34.475822050290134, 34.22470767666497, 34.909552523008564, 34.347158218125955, 34.79402765557904, 34.87583760346866, 34.85503426462836, 34.72890935733724, 34.97372193024367, 33.93939393939394, 34.41258094357077, 34.59683691988592, 34.00030088761848, 34.81545604784765, 34.47237345071238, 34.50834879406308, 34.711779448621556]","[3.972740928136612, 12.313690069841934, 4.133333333333333, 9.37508829762185, 4.031776269125545, 12.547812335266208, 4.029411764705882, 8.17076982591876, 3.8331672597864768, 27.99746112345287, 3.984270353302611, 6.506483171593281, 4.045597162002365, 27.88402741170269, 3.8896378480217706, 6.924796942188247, 4.004848484848484, 27.564477335800184, 3.736458387347679, 6.630058673085603, 4.00377744550248, 27.715788254372757, 3.9684601113172544]",221.2639327882749,9.911076337727224,c:\git\RailwAI\VIDEO\20260611\ADTC Rastatt_00_20260611042443.mp4,2026-06-11 04:24:43,Trieb
ADTC1_adz_raw_20260611_0431,2026-06-11 04:30:05.050,2026-06-11 04:30:15.091,"[Timestamp('2026-06-11 04:30:15.091000'), Timestamp('2026-06-11 04:30:15.209000'), Timestamp('2026-06-11 04:30:15.599000'), Timestamp('2026-06-11 04:30:15.716000'), Timestamp('2026-06-11 04:30:15.956000'), Timestamp('2026-06-11 04:30:16.073000'), Timestamp('2026-06-11 04:30:16.837000'), Timestamp('2026-06-11 04:30:16.949000'), Timestamp('2026-06-11 04:30:17.181000'), Timestamp('2026-06-11 04:30:17.290000'), Timestamp('2026-06-11 04:30:18.059000'), Timestamp('2026-06-11 04:30:18.167000'), Timestamp('2026-06-11 04:30:18.395000'), Timestamp('2026-06-11 04:30:18.513000'), Timestamp('2026-06-11 04:30:19.272000'), Timestamp('2026-06-11 04:30:19.390000'), Timestamp('2026-06-11 04:30:19.615000'), Timestamp('2026-06-11 04:30:19.721000'), Timestamp('2026-06-11 04:30:20.489000'), Timestamp('2026-06-11 04:30:20.604000'), Timestamp('2026-06-11 04:30:20.829000'), Timestamp('2026-06-11 04:30:20.942000'), Timestamp('2026-06-11 04:30:21.702000'), Timestamp('2026-06-11 04:30:21.820000'), Timestamp('2026-06-11 04:30:22.042000'), Timestamp('2026-06-11 04:30:22.155000'), Timestamp('2026-06-11 04:30:22.920000'), Timestamp('2026-06-11 04:30:23.035000'), Timestamp('2026-06-11 04:30:23.260000'), Timestamp('2026-06-11 04:30:23.371000'), Timestamp('2026-06-11 04:30:24.138000'), Timestamp('2026-06-11 04:30:24.247000'), Timestamp('2026-06-11 04:30:24.476000'), Timestamp('2026-06-11 04:30:24.587000'), Timestamp('2026-06-11 04:30:25.352000'), Timestamp('2026-06-11 04:30:25.467000'), Timestamp('2026-06-11 04:30:25.687000'), Timestamp('2026-06-11 04:30:25.803000'), Timestamp('2026-06-11 04:30:26.566000'), Timestamp('2026-06-11 04:30:26.678000'), Timestamp('2026-06-11 04:30:26.911000'), Timestamp('2026-06-11 04:30:27.022000'), Timestamp('2026-06-11 04:30:27.783000'), Timestamp('2026-06-11 04:30:27.897000'), Timestamp('2026-06-11 04:30:28.122000'), Timestamp('2026-06-11 04:30:28.237000'), Timestamp('2026-06-11 04:30:29.003000'), Timestamp('2026-06-11 04:30:29.115000')]","[0.118, 0.39, 0.117, 0.24, 0.117, 0.764, 0.112, 0.232, 0.109, 0.769, 0.108, 0.228, 0.118, 0.759, 0.118, 0.225, 0.106, 0.768, 0.115, 0.225, 0.113, 0.76, 0.118, 0.222, 0.113, 0.765, 0.115, 0.225, 0.111, 0.767, 0.109, 0.229, 0.111, 0.765, 0.115, 0.22, 0.116, 0.763, 0.112, 0.233, 0.111, 0.761, 0.114, 0.225, 0.115, 0.766, 0.112]","[33.943028485757125, 34.30715625837577, 34.23776223776224, 34.54846727423364, 34.40860215053763, 34.347158218125955, 34.05325853155385, 34.4891640866873, 34.23776223776224, 34.285714285714285, 34.23776223776224, 34.35595390524968, 34.16413373860182, 33.984962406015036, 33.627797408716134, 34.22470767666497, 34.6000987089903, 34.16759550106394, 34.53282093086448, 34.04940383357649, 34.17062511875356, 34.121212121212125, 33.451101802950284, 33.9875178584856, 34.23340961098398, 34.543548324467054, 34.22470767666497, 34.226118730730676, 33.983258984512055, 34.02077374680114, 34.167997685912994, 34.17062511875356, 33.943028485757125, 34.26390125970225, 33.96467014214454, 34.226118730730676, 34.084910640223214, 33.89737787668933, 34.084910640223214, 34.33871153182846, 34.07206392281019, 34.094429681498184, 34.09862448764051, 33.85360402309554, 33.66249078850405, 33.80448749629336, 33.73790590610305, 34.19924337957124]","[4.00527736131934, 13.37979094076655, 4.005818181818182, 8.291632145816072, 4.025806451612903, 26.24122887864823, 3.8139649555340314, 8.001486068111454, 3.7319160839160843, 26.365714285714287, 3.697678321678322, 7.8331574903969265, 4.031367781155015, 25.794586466165413, 3.9680800942285037, 7.700559227249618, 3.667610463152972, 26.24071334481711, 3.9712744070494157, 7.661115862554711, 3.861280638419153, 25.932121212121213, 3.9472300127481335, 7.545228964583804, 3.86837528604119, 26.425814468217297, 3.935841382816472, 7.700876714414402, 3.772141747280838, 26.093933463796475, 3.7243117477645162, 7.825073152194566, 3.767676161919041, 26.211884463672224, 3.9059370663466226, 7.529746120760748, 3.953849634265893, 25.863699319913962, 3.817509991705, 8.00091978691603, 3.7819990954319307, 25.94586098762012, 3.887243191591018, 7.617060905196497, 3.871186440677966, 25.894237422160717, 3.778645461483542]",478.8884636517645,9.923188129507832,c:\git\RailwAI\VIDEO\20260611\ADTC Rastatt_00_20260611043010.mp4,2026-06-11 04:30:10,Lok
ADTC1_adz_raw_20260611_0510,2026-06-11 05:08:43.120,2026-06-11 05:08:53.214,"[Timestamp('2026-06-11 05:08:53.214000'), Timestamp('2026-06-11 05:08:53.702000'), Timestamp('2026-06-11 05:08:54.163000'), Timestamp('2026-06-11 05:08:54.643000'), Timestamp('2026-06-11 05:08:55.007000'), Timestamp('2026-06-11 05:08:55.955000'), Timestamp('2026-06-11 05:08:56.437000')]","[0.488, 0.461, 0.48, 0.364, 0.948, 0.482]","[24.864024864024863, 16.889749577566405, 31.936985320443966, 30.080395794681507, 15.930810810810812, 32.990472579039675, 65.56390977443608, 33.29912408410702, 63.527505176915454]","[12.133644133644133, 7.786174555258113, 15.329752953813104, 10.949264069264068, 15.102408648648648, 15.901407783097122]",77.20265214372519,9.891454149009268,c:\git\RailwAI\VIDEO\20260611\ADTC Rastatt_00_20260611050854.mp4,2026-06-11 05:08:54,Trieb
ADTC1_adz_raw_20260611_0514,2026-06-11 05:12:48.643,2026-06-11 05:12:58.664,"[Timestamp('2026-06-11 05:12:58.664000'), Timestamp('2026-06-11 05:12:58.789000'), Timestamp('2026-06-11 05:12:59.396000'), Timestamp('2026-06-11 05:12:59.516000'), Timestamp('2026-06-11 05:13:00.125000'), Timestamp('2026-06-11 05:13:00.244000'), Timestamp('2026-06-11 05:13:00.858000'), Timestamp('2026-06-11 05:13:00.978000'), Timestamp('2026-06-11 05:13:01.588000'), Timestamp('2026-06-11 05:13:01.706000'), Timestamp('2026-06-11 05:13:02.311000'), Timestamp('2026-06-11 05:13:02.435000')]","[0.125, 0.607, 0.12, 0.609, 0.119, 0.614, 0.12, 0.61, 0.118, 0.605, 0.124]","[35.12038523274478, 34.909552523008564, 34.909552523008564, 34.84584980237154, 34.65884652981427, 34.97557867912508, 34.2255776710135, 34.913245873889124, 34.4103703894035, 35.04816724627253, 34.6000987089903, 34.81185621189826]","[4.390048154093098, 21.190098381466196, 4.189146302761028, 21.221122529644266, 4.124402737047898, 21.475005308982798, 4.107069320521619, 21.297079983072365, 4.060423705949613, 21.204141183994878, 4.290412239914797]",131.54894984744857,9.911115700509953,c:\git\RailwAI\VIDEO\20260611\ADTC Rastatt_00_20260611051259.mp4,2026-06-11 05:12:59,Trieb
ADTC1_adz_raw_20260611_0542,2026-06-11 05:41:07.893,2026-06-11 05:41:17.897,"[Timestamp('2026-06-11 05:41:17.897000'), Timestamp('2026-06-11 05:41:18.378000'), Timestamp('2026-06-11 05:41:19.208000'), Timestamp('2026-06-11 05:41:19.631000'), Timestamp('2026-06-11 05:41:20.115000'), Timestamp('2026-06-11 05:41:20.951000')]","[0.481, 0.83, 0.423, 0.484, 0.836]","[31.218964397887387, 37.01992986057652, 121.61725067385437, 119.36507936507938, 92.99289286654381, 90.25641025641029, 46.49180042629083, 115.27848748083794, 482.31884057971286, 34.08293581686479]","[15.016321875383833, 30.72654178427851, 51.4440970350404, 57.77269841269842, 77.74205843643063]",232.7017175438318,9.815855893783027,c:\git\RailwAI\VIDEO\20260611\ADTC Rastatt_00_20260611054118.mp4,2026-06-11 05:41:18,Trieb
ADTC1_adz_raw_20260611_0609,2026-06-11 06:07:32.054,2026-06-11 06:07:42.090,"[Timestamp('2026-06-11 06:07:42.090000'), Timestamp('2026-06-11 06:07:42.195000'), Timestamp('2026-06-11 06:07:42.987000'), Timestamp('2026-06-11 06:07:43.088000'), Timestamp('2026-06-11 06:07:43.402000'), Timestamp('2026-06-11 06:07:43.519000'), Timestamp('2026-06-11 06:07:44.299000'), Timestamp('2026-06-11 06:07:44.409000'), Timestamp('2026-06-11 06:07:44.722000'), Timestamp('2026-06-11 06:07:44.836000'), Timestamp('2026-06-11 06:07:45.618000'), Timestamp('2026-06-11 06:07:45.730000'), Timestamp('2026-06-11 06:07:46.041000'), Timestamp('2026-06-11 06:07:46.154000'), Timestamp('2026-06-11 06:07:46.931000'), Timestamp('2026-06-11 06:07:47.052000'), Timestamp('2026-06-11 06:07:47.365000'), Timestamp('2026-06-11 06:07:47.472000'), Timestamp('2026-06-11 06:07:48.258000'), Timestamp('2026-06-11 06:07:48.362000'), Timestamp('2026-06-11 06:07:48.677000'), Timestamp('2026-06-11 06:07:48.792000'), Timestamp('2026-06-11 06:07:49.566000'), Timestamp('2026-06-11 06:07:49.688000'), Timestamp('2026-06-11 06:07:49.995000'), Timestamp('2026-06-11 06:07:50.113000'), Timestamp('2026-06-11 06:07:50.889000'), Timestamp('2026-06-11 06:07:51.004000'), Timestamp('2026-06-11 06:07:51.320000'), Timestamp('2026-06-11 06:07:51.421000'), Timestamp('2026-06-11 06:07:52.208000'), Timestamp('2026-06-11 06:07:52.312000'), Timestamp('2026-06-11 06:07:52.623000'), Timestamp('2026-06-11 06:07:52.743000'), Timestamp('2026-06-11 06:07:53.522000'), Timestamp('2026-06-11 06:07:53.638000'), Timestamp('2026-06-11 06:07:53.950000'), Timestamp('2026-06-11 06:07:54.055000'), Timestamp('2026-06-11 06:07:54.844000'), Timestamp('2026-06-11 06:07:54.945000'), Timestamp('2026-06-11 06:07:55.256000'), Timestamp('2026-06-11 06:07:55.376000'), Timestamp('2026-06-11 06:07:56.152000'), Timestamp('2026-06-11 06:07:56.269000'), Timestamp('2026-06-11 06:07:56.582000'), Timestamp('2026-06-11 06:07:56.689000'), Timestamp('2026-06-11 06:07:57.473000'), Timestamp('2026-06-11 06:07:57.581000'), Timestamp('2026-06-11 06:07:57.898000'), Timestamp('2026-06-11 06:07:58.002000'), Timestamp('2026-06-11 06:07:58.792000'), Timestamp('2026-06-11 06:07:58.897000')]","[0.105, 0.792, 0.101, 0.314, 0.117, 0.78, 0.11, 0.313, 0.114, 0.782, 0.112, 0.311, 0.113, 0.777, 0.121, 0.313, 0.107, 0.786, 0.104, 0.315, 0.115, 0.774, 0.122, 0.307, 0.118, 0.776, 0.115, 0.316, 0.101, 0.787, 0.104, 0.311, 0.12, 0.779, 0.116, 0.312, 0.105, 0.789, 0.101, 0.311, 0.12, 0.776, 0.117, 0.313, 0.107, 0.784, 0.108, 0.317, 0.104, 0.79, 0.105]","[34.78671865768639, 34.4196566258867, 34.74527462170794, 34.72527472527472, 34.92571670481154, 34.71982420342175, 34.54846727423364, 34.40904419321686, 34.72527472527472, 34.720732504905165, 34.7334537175159, 34.54846727423364, 34.79402765557904, 34.59470690595538, 34.16759550106394, 34.644194756554306, 34.43027560674619, 34.23340961098398, 34.54846727423364, 34.752553024351926, 35.04069697736688, 34.82832956517167, 34.3980343980344, 34.79081472161057, 34.644194756554306, 35.02392344497608, 34.74579593116695, 34.539958142779625, 35.31750862243862, 35.076530612244895, 34.529252227818674, 34.57748118258711, 35.07053500133085, 35.03974562798092, 34.97233201581028, 35.26383526383526, 35.39469241677358, 35.41621621621621, 35.449361933206625, 34.69443469443469, 34.770373265585306, 35.25351170568562, 35.22416840752049, 35.2, 35.04761904761905, 35.11869259215078, 35.041584158415844, 35.30168256349802, 35.144312393887944, 34.96338294353886, 35.486710086252415, 35.58441558441558]","[3.652605459057071, 27.26036804770227, 3.5092727367925023, 10.903736263736263, 4.086308854462951, 27.08146287866897, 3.8003314001657, 10.770030832476877, 3.9586813186813186, 27.15161281883584, 3.890146816361781, 10.74457332228666, 3.931725125080432, 26.88008726592733, 4.1342790556287365, 10.843632958801498, 3.6840394899218425, 26.907459954233413, 3.5930405965202983, 10.947054202670857, 4.029680152397191, 26.957127083442874, 4.196560196560196, 10.680780119534445, 4.088014981273408, 27.178564593301438, 3.9957665320841995, 10.914626773118362, 3.567068370866301, 27.605229591836732, 3.591042231693142, 10.75359664778459, 4.208464200159702, 27.295961844197137, 4.056790513833993, 11.002316602316602, 3.716442703761226, 27.943394594594594, 3.5803855552538693, 10.789969189969188, 4.1724447918702365, 27.35672508361204, 4.121227703679898, 11.017600000000002, 3.7500952380952386, 27.53305499224621, 3.784491089108911, 11.190633372628872, 3.655008488964346, 27.6210725253957, 3.7261045590565036]",585.8106897206499,9.926992224617312,c:\git\RailwAI\VIDEO\20260611\ADTC Rastatt_00_20260611060743.mp4,2026-06-11 06:07:43,Trieb
ADTC1_adz_raw_20260611_0624,2026-06-11 06:23:30.645,2026-06-11 06:23:40.694,"[Timestamp('2026-06-11 06:23:40.694000'), Timestamp('2026-06-11 06:23:40.810000'), Timestamp('2026-06-11 06:23:41.157000'), Timestamp('2026-06-11 06:23:41.274000'), Timestamp('2026-06-11 06:23:41.503000'), Timestamp('2026-06-11 06:23:41.613000'), Timestamp('2026-06-11 06:23:42.399000'), Timestamp('2026-06-11 06:23:42.507000'), Timestamp('2026-06-11 06:23:42.700000'), Timestamp('2026-06-11 06:23:42.809000'), Timestamp('2026-06-11 06:23:43.595000'), Timestamp('2026-06-11 06:23:43.705000'), Timestamp('2026-06-11 06:23:43.901000'), Timestamp('2026-06-11 06:23:44.008000'), Timestamp('2026-06-11 06:23:44.789000'), Timestamp('2026-06-11 06:23:44.903000'), Timestamp('2026-06-11 06:23:45.101000'), Timestamp('2026-06-11 06:23:45.207000'), Timestamp('2026-06-11 06:23:45.990000'), Timestamp('2026-06-11 06:23:46.106000')]","[0.116, 0.347, 0.117, 0.229, 0.11, 0.786, 0.108, 0.193, 0.109, 0.786, 0.11, 0.196, 0.107, 0.781, 0.114, 0.198, 0.106, 0.783, 0.116]","[35.49286534361161, 35.359235945300625, 35.83336815275979, 35.36211434618619, 36.16447685802662, 35.68822553897181, 35.106297633373444, 35.890985324947586, 36.22641509433962, 35.44172740276548, 36.25170998632011, 35.44800523217789, 35.55750658472344, 35.36499321573948, 34.916478197040036, 35.22201913772713, 35.298411625549164, 35.4602595847732, 35.386119257086996, 34.72527472527472]","[4.117172379858947, 12.269654873019316, 4.192504073872896, 8.097924185276637, 3.978092454382928, 28.050945273631843, 3.791480144404332, 6.926960167714884, 3.9486792452830186, 27.857197738573667, 3.987688098495212, 6.947809025506867, 3.8046532045654082, 27.620059701492536, 3.9804785144625643, 6.973959789269972, 3.7416316323082115, 27.765383254877413, 4.104789833822092]",192.15706359081872,9.936891603684035,c:\git\RailwAI\VIDEO\20260611\ADTC Rastatt_00_20260611062341.mp4,2026-06-11 06:23:41,Lok
ADTC1_adz_raw_20260611_0628,2026-06-11 06:26:32.784,2026-06-11 06:26:42.828,"[Timestamp('2026-06-11 06:26:42.828000'), Timestamp('2026-06-11 06:26:42.958000'), Timestamp('2026-06-11 06:26:43.267000'), Timestamp('2026-06-11 06:26:43.404000'), Timestamp('2026-06-11 06:26:43.678000'), Timestamp('2026-06-11 06:26:43.783000'), Timestamp('2026-06-11 06:26:44.532000'), Timestamp('2026-06-11 06:26:44.641000'), Timestamp('2026-06-11 06:26:44.872000'), Timestamp('2026-06-11 06:26:44.980000'), Timestamp('2026-06-11 06:26:45.730000'), Timestamp('2026-06-11 06:26:45.838000'), Timestamp('2026-06-11 06:26:46.069000'), Timestamp('2026-06-11 06:26:46.177000'), Timestamp('2026-06-11 06:26:46.925000'), Timestamp('2026-06-11 06:26:47.039000'), Timestamp('2026-06-11 06:26:47.259000'), Timestamp('2026-06-11 06:26:47.377000'), Timestamp('2026-06-11 06:26:48.121000'), Timestamp('2026-06-11 06:26:48.234000'), Timestamp('2026-06-11 06:26:48.461000'), Timestamp('2026-06-11 06:26:48.573000'), Timestamp('2026-06-11 06:26:49.316000'), Timestamp('2026-06-11 06:26:49.426000'), Timestamp('2026-06-11 06:26:49.655000'), Timestamp('2026-06-11 06:26:49.763000'), Timestamp('2026-06-11 06:26:50.508000'), Timestamp('2026-06-11 06:26:50.626000'), Timestamp('2026-06-11 06:26:50.851000'), Timestamp('2026-06-11 06:26:50.960000'), Timestamp('2026-06-11 06:26:51.704000'), Timestamp('2026-06-11 06:26:51.818000'), Timestamp('2026-06-11 06:26:52.036000'), Timestamp('2026-06-11 06:26:52.148000'), Timestamp('2026-06-11 06:26:52.893000'), Timestamp('2026-06-11 06:26:53.004000'), Timestamp('2026-06-11 06:26:53.224000'), Timestamp('2026-06-11 06:26:53.339000'), Timestamp('2026-06-11 06:26:54.085000'), Timestamp('2026-06-11 06:26:54.194000'), Timestamp('2026-06-11 06:26:54.414000'), Timestamp('2026-06-11 06:26:54.529000'), Timestamp('2026-06-11 06:26:55.275000'), Timestamp('2026-06-11 06:26:55.385000')]","[0.13, 0.309, 0.137, 0.274, 0.105, 0.749, 0.109, 0.231, 0.108, 0.75, 0.108, 0.231, 0.108, 0.748, 0.114, 0.22, 0.118, 0.744, 0.113, 0.227, 0.112, 0.743, 0.11, 0.229, 0.108, 0.745, 0.118, 0.225, 0.109, 0.744, 0.114, 0.218, 0.112, 0.745, 0.111, 0.22, 0.115, 0.746, 0.109, 0.22, 0.115, 0.746, 0.11]","[35.04069697736688, 35.232323232323225, 35.595105672969964, 35.294594704188796, 35.1034814695973, 35.16483516483516, 34.97372193024367, 35.100665757600055, 35.100665757600055, 34.913245873889124, 34.78260869565217, 35.053304904051174, 34.81185621189826, 35.69562512958739, 34.79402765557904, 34.68597143416161, 34.97557867912508, 34.85135989879822, 35.311299832314596, 34.906556857776366, 34.896424330386594, 34.79905437352245, 34.94652123265911, 34.99880468563232, 34.82832956517167, 34.96503496503496, 34.999801137493534, 34.837946223128, 35.490196078431374, 35.128205128205124, 34.87233482495394, 35.05747126436782, 34.82832956517167, 35.41666666666667, 34.79081472161057, 34.94822924223438, 35.00357341380132, 35.07971456614585, 34.69443469443469, 34.81545604784765, 34.80351170568562, 34.7222040869622, 35.075707702435814, 34.999801137493534]","[4.555290607057694, 10.886787878787876, 4.876529477196885, 9.67071894894773, 3.6858655543077163, 26.338461538461534, 3.81213569039656, 8.108253790005612, 3.7908719018208057, 26.184934405416843, 3.7565217391304344, 8.097313432835822, 3.759680470885012, 26.70032759693137, 3.9665191527360113, 7.630913715515554, 4.127118284136759, 25.929411764705875, 3.9901768810515494, 7.923788406715235, 3.908399525003299, 25.85569739952718, 3.844117335592502, 8.014726273009803, 3.7614595930385404, 26.048951048951047, 4.1299765342242365, 7.8385379002038, 3.86843137254902, 26.135384615384613, 3.975446170044749, 7.642528735632185, 3.900772911299227, 26.38541666666667, 3.861780434098774, 7.688610433291564, 4.025410942587152, 26.169467066344808, 3.781693381693381, 7.659400330526482, 4.002403846153847, 25.9027642488738, 3.8583278472679394]",440.0513258490074,9.931210332748172,c:\git\RailwAI\VIDEO\20260611\ADTC Rastatt_00_20260611062643.mp4,2026-06-11 06:26:43,Lok
ADTC1_adz_raw_20260611_0640,2026-06-11 06:39:01.098,2026-06-11 06:39:11.114,"[Timestamp('2026-06-11 06:39:11.114000'), Timestamp('2026-06-11 06:39:11.592000'), Timestamp('2026-06-11 06:39:11.936000'), Timestamp('2026-06-11 06:39:12.419000'), Timestamp('2026-06-11 06:39:12.839000'), Timestamp('2026-06-11 06:39:14.149000')]","[0.478, 0.344, 0.483, 0.42, 1.31]","[34.52779104953018, 34.52779104953018, 35.32467532467532, 32.677438276542425, 31.634378738089673, 6.151131278754647, 8.46063454759107, 31.816955372079228]","[16.504284121675425, 11.87756012103838, 17.06181818181818, 13.724524076147818, 41.441036146897474]",100.60922264757728,9.834877324675066,c:\git\RailwAI\VIDEO\20260611\ADTC Rastatt_00_20260611063911.mp4,2026-06-11 06:39:11,Trieb
ADTC1_adz_raw_20260611_0700,2026-06-11 06:58:56.211,2026-06-11 06:59:06.319,"[Timestamp('2026-06-11 06:59:06.319000'), Timestamp('2026-06-11 06:59:06.771000'), Timestamp('2026-06-11 06:59:07.200000'), Timestamp('2026-06-11 06:59:07.578000'), Timestamp('2026-06-11 06:59:08.001000'), Timestamp('2026-06-11 06:59:08.468000'), Timestamp('2026-06-11 06:59:09.341000')]","[0.452, 0.429, 0.378, 0.423, 0.467, 0.873]","[nan, nan, nan, nan, nan, nan, nan, nan, nan, nan]","[nan, nan, nan, nan, nan, nan]",,9.9089429699624,c:\git\RailwAI\VIDEO\20260611\ADTC Rastatt_00_20260611065907.mp4,2026-06-11 06:59:07,Trieb
ADTC1_adz_raw_20260611_0720,2026-06-11 07:18:29.019,2026-06-11 07:18:39.059,"[Timestamp('2026-06-11 07:18:39.059000'), Timestamp('2026-06-11 07:18:39.165000'), Timestamp('2026-06-11 07:18:39.952000'), Timestamp('2026-06-11 07:18:40.058000'), Timestamp('2026-06-11 07:18:40.375000'), Timestamp('2026-06-11 07:18:40.481000'), Timestamp('2026-06-11 07:18:41.271000'), Timestamp('2026-06-11 07:18:41.373000'), Timestamp('2026-06-11 07:18:41.683000'), Timestamp('2026-06-11 07:18:41.809000'), Timestamp('2026-06-11 07:18:42.583000'), Timestamp('2026-06-11 07:18:42.699000'), Timestamp('2026-06-11 07:18:43.012000'), Timestamp('2026-06-11 07:18:43.116000'), Timestamp('2026-06-11 07:18:43.905000'), Timestamp('2026-06-11 07:18:44.008000'), Timestamp('2026-06-11 07:18:44.323000'), Timestamp('2026-06-11 07:18:44.439000'), Timestamp('2026-06-11 07:18:45.220000'), Timestamp('2026-06-11 07:18:45.335000'), Timestamp('2026-06-11 07:18:45.652000'), Timestamp('2026-06-11 07:18:45.750000'), Timestamp('2026-06-11 07:18:46.544000'), Timestamp('2026-06-11 07:18:46.646000'), Timestamp('2026-06-11 07:18:46.957000'), Timestamp('2026-06-11 07:18:47.076000'), Timestamp('2026-06-11 07:18:47.849000'), Timestamp('2026-06-11 07:18:47.967000'), Timestamp('2026-06-11 07:18:48.280000'), Timestamp('2026-06-11 07:18:48.393000'), Timestamp('2026-06-11 07:18:49.171000'), Timestamp('2026-06-11 07:18:49.286000'), Timestamp('2026-06-11 07:18:49.599000'), Timestamp('2026-06-11 07:18:49.704000'), Timestamp('2026-06-11 07:18:50.496000'), Timestamp('2026-06-11 07:18:50.595000'), Timestamp('2026-06-11 07:18:50.912000'), Timestamp('2026-06-11 07:18:51.027000'), Timestamp('2026-06-11 07:18:51.801000'), Timestamp('2026-06-11 07:18:51.919000'), Timestamp('2026-06-11 07:18:52.225000'), Timestamp('2026-06-11 07:18:52.343000'), Timestamp('2026-06-11 07:18:53.120000'), Timestamp('2026-06-11 07:18:53.235000'), Timestamp('2026-06-11 07:18:53.540000'), Timestamp('2026-06-11 07:18:53.659000'), Timestamp('2026-06-11 07:18:54.433000'), Timestamp('2026-06-11 07:18:54.552000'), Timestamp('2026-06-11 07:18:54.868000'), Timestamp('2026-06-11 07:18:54.971000'), Timestamp('2026-06-11 07:18:55.758000'), Timestamp('2026-06-11 07:18:55.860000')]","[0.106, 0.787, 0.106, 0.317, 0.106, 0.79, 0.102, 0.31, 0.126, 0.774, 0.116, 0.313, 0.104, 0.789, 0.103, 0.315, 0.116, 0.781, 0.115, 0.317, 0.098, 0.794, 0.102, 0.311, 0.119, 0.773, 0.118, 0.313, 0.113, 0.778, 0.115, 0.313, 0.105, 0.792, 0.099, 0.317, 0.115, 0.774, 0.118, 0.306, 0.118, 0.777, 0.115, 0.305, 0.119, 0.774, 0.119, 0.316, 0.103, 0.787, 0.102]","[34.352435089875556, 34.6574913981858, 34.78671865768639, 34.66426811622541, 34.78991596638655, 34.78306531014112, 34.365634365634364, 34.8596283115856, 34.84584980237154, 34.66426811622541, 34.91093743801325, 34.79402765557904, 34.66110531803962, 35.25606469002695, 34.887218045112775, 34.887218045112775, 34.59740259740259, 34.878936540591866, 34.8040049734965, 34.81545604784765, 34.56099456099456, 34.9311817750356, 34.608052907994555, 34.502516453735964, 35.0132625994695, 34.82916076208471, 34.83865896317258, 34.893259017772635, 34.31629922263285, 35.410688180193844, 35.04300732717426, 34.539958142779625, 35.02766389364328, 35.26383526383526, 34.965090134511456, 34.98514557338087, 35.05925395689175, 35.223952287555534, 34.877041117450325, 35.19846963175514, 34.93091196210028, 35.538680588514474, 35.380042234387396, 34.717569146864044, 35.017545711194956, 35.196422868093265, 34.91297966030614, 35.06837753366126, 35.49079133778587, 35.439360929557004, 34.867281981852976, 35.388265572847544]","[3.6413581195268088, 27.275445730372223, 3.6873921777147576, 10.988572992843455, 3.6877310924369744, 27.478621595011486, 3.505294705294705, 10.806484776591537, 4.390577075098814, 26.830143521958465, 4.049668742809537, 10.89053065619624, 3.60475495307612, 27.817035040431268, 3.5933834586466156, 10.989473684210525, 4.013298701298701, 27.240449438202248, 4.002460571952097, 11.036499567167704, 3.386977466977467, 27.735358329378265, 3.5300213966154446, 10.730282617111884, 4.166578249336871, 26.92294126909148, 4.110961757654364, 10.921590072562834, 3.8777418121575122, 27.54951540419081, 4.02994584262504, 10.811006898690023, 3.677904708832544, 27.92895752895753, 3.4615439233166345, 11.090291146761736, 4.031814205042552, 27.263339070567984, 4.115490851859138, 10.770731707317072, 4.121847611527833, 27.613554817275748, 4.06870485695455, 10.588858589793533, 4.167087939632199, 27.242031299904188, 4.154644579576431, 11.081607300636959, 3.6555515077919445, 27.890777051561365, 3.5564627621490033]",587.7832991766913,9.916651275849128,c:\git\RailwAI\VIDEO\20260611\ADTC Rastatt_00_20260611071840.mp4,2026-06-11 07:18:40,Trieb
ADTC1_adz_raw_20260611_0732,2026-06-11 07:30:58.509,2026-06-11 07:31:09.073,"[Timestamp('2026-06-11 07:31:09.073000'), Timestamp('2026-06-11 07:31:09.520000'), Timestamp('2026-06-11 07:31:09.981000'), Timestamp('2026-06-11 07:31:10.323000'), Timestamp('2026-06-11 07:31:10.777000'), Timestamp('2026-06-11 07:31:11.221000')]","[0.447, 0.461, 0.342, 0.454, 0.444]","[22.207497160166604, 35.342493174602296, 33.251964369605474, 32.46435278897748, 31.89010146089747, 21.71945701357466, 63.7307906402331, 29.93707934401364]","[9.926751230594473, 16.29288935349166, 11.372171814405073, 14.738816166195775, 14.159205048638476]",66.48983361332546,9.92328665926607,c:\git\RailwAI\VIDEO\20260611\ADTC Rastatt_00_20260611073109.mp4,2026-06-11 07:31:09,Trieb
ADTC1_adz_raw_20260611_0735,2026-06-11 07:34:23.008,2026-06-11 07:34:33.050,"[Timestamp('2026-06-11 07:34:33.050000'), Timestamp('2026-06-11 07:34:33.172000'), Timestamp('2026-06-11 07:34:33.559000'), Timestamp('2026-06-11 07:34:33.686000'), Timestamp('2026-06-11 07:34:33.939000'), Timestamp('2026-06-11 07:34:34.025000'), Timestamp('2026-06-11 07:34:34.535000'), Timestamp('2026-06-11 07:34:34.623000'), Timestamp('2026-06-11 07:34:34.835000'), Timestamp('2026-06-11 07:34:34.916000'), Timestamp('2026-06-11 07:34:35.427000'), Timestamp('2026-06-11 07:34:35.518000'), Timestamp('2026-06-11 07:34:35.728000'), Timestamp('2026-06-11 07:34:35.810000'), Timestamp('2026-06-11 07:34:36.327000'), Timestamp('2026-06-11 07:34:36.407000'), Timestamp('2026-06-11 07:34:36.618000'), Timestamp('2026-06-11 07:34:36.702000'), Timestamp('2026-06-11 07:34:37.215000'), Timestamp('2026-06-11 07:34:37.298000'), Timestamp('2026-06-11 07:34:37.487000'), Timestamp('2026-06-11 07:34:37.572000'), Timestamp('2026-06-11 07:34:38.126000'), Timestamp('2026-06-11 07:34:38.209000'), Timestamp('2026-06-11 07:34:38.398000'), Timestamp('2026-06-11 07:34:38.483000'), Timestamp('2026-06-11 07:34:38.995000'), Timestamp('2026-06-11 07:34:39.079000'), Timestamp('2026-06-11 07:34:39.288000'), Timestamp('2026-06-11 07:34:39.370000'), Timestamp('2026-06-11 07:34:39.880000'), Timestamp('2026-06-11 07:34:39.962000'), Timestamp('2026-06-11 07:34:40.166000'), Timestamp('2026-06-11 07:34:40.247000'), Timestamp('2026-06-11 07:34:40.854000'), Timestamp('2026-06-11 07:34:40.938000'), Timestamp('2026-06-11 07:34:41.120000'), Timestamp('2026-06-11 07:34:41.202000'), Timestamp('2026-06-11 07:34:41.714000'), Timestamp('2026-06-11 07:34:41.798000'), Timestamp('2026-06-11 07:34:41.986000'), Timestamp('2026-06-11 07:34:42.068000'), Timestamp('2026-06-11 07:34:42.578000'), Timestamp('2026-06-11 07:34:42.662000'), Timestamp('2026-06-11 07:34:42.866000'), Timestamp('2026-06-11 07:34:42.954000'), Timestamp('2026-06-11 07:34:43.459000'), Timestamp('2026-06-11 07:34:43.546000'), Timestamp('2026-06-11 07:34:43.756000'), Timestamp('2026-06-11 07:34:43.841000'), Timestamp('2026-06-11 07:34:44.351000'), Timestamp('2026-06-11 07:34:44.434000'), Timestamp('2026-06-11 07:34:44.641000'), Timestamp('2026-06-11 07:34:44.725000'), Timestamp('2026-06-11 07:34:45.236000'), Timestamp('2026-06-11 07:34:45.315000'), Timestamp('2026-06-11 07:34:45.522000'), Timestamp('2026-06-11 07:34:45.609000'), Timestamp('2026-06-11 07:34:46.117000'), Timestamp('2026-06-11 07:34:46.198000'), Timestamp('2026-06-11 07:34:46.408000'), Timestamp('2026-06-11 07:34:46.492000'), Timestamp('2026-06-11 07:34:46.993000'), Timestamp('2026-06-11 07:34:47.075000'), Timestamp('2026-06-11 07:34:47.287000'), Timestamp('2026-06-11 07:34:47.370000'), Timestamp('2026-06-11 07:34:47.879000'), Timestamp('2026-06-11 07:34:47.955000'), Timestamp('2026-06-11 07:34:48.181000'), Timestamp('2026-06-11 07:34:48.266000'), Timestamp('2026-06-11 07:34:48.839000'), Timestamp('2026-06-11 07:34:48.924000'), Timestamp('2026-06-11 07:34:49.138000'), Timestamp('2026-06-11 07:34:49.225000'), Timestamp('2026-06-11 07:34:49.814000')]","[0.122, 0.387, 0.127, 0.253, 0.086, 0.51, 0.088, 0.212, 0.081, 0.511, 0.091, 0.21, 0.082, 0.517, 0.08, 0.211, 0.084, 0.513, 0.083, 0.189, 0.085, 0.554, 0.083, 0.189, 0.085, 0.512, 0.084, 0.209, 0.082, 0.51, 0.082, 0.204, 0.081, 0.607, 0.084, 0.182, 0.082, 0.512, 0.084, 0.188, 0.082, 0.51, 0.084, 0.204, 0.088, 0.505, 0.087, 0.21, 0.085, 0.51, 0.083, 0.207, 0.084, 0.511, 0.079, 0.207, 0.087, 0.508, 0.081, 0.21, 0.084, 0.501, 0.082, 0.212, 0.083, 0.509, 0.076, 0.226, 0.085, 0.573, 0.085, 0.214, 0.087, 0.589]","[32.432432432432435, 32.6530612244898, 32.54237288135593, 32.432432432432435, 32.10702341137124, 31.893687707641195, 32.214765100671144, 31.893687707641195, 31.683168316831683, 31.788079470198674, 32.214765100671144, 31.788079470198674, 31.893687707641195, 32.0, 31.788079470198674, 30.868167202572348, 31.893687707641195, 31.788079470198674, 32.10702341137124, 31.788079470198674, 31.57894736842105, 31.788079470198674, 31.683168316831683, 31.57894736842105, 31.270358306188925, 31.475409836065573, 31.683168316831683, 31.57894736842105, 31.16883116883117, 31.788079470198674, 31.475409836065573, 31.683168316831683, 31.788079470198674, 31.270358306188925, 31.788079470198674, 31.475409836065573, 31.683168316831683, 31.16883116883117, 32.0, 31.475409836065573, 31.372549019607842, 31.270358306188925, 31.57894736842105, 31.893687707641195, 31.270358306188925, 31.270358306188925, 31.067961165048544, 31.270358306188925, 30.670926517571885, 31.067961165048544, 31.57894736842105, 30.96774193548387, 31.16883116883117, 31.067961165048544, 31.475409836065573, 31.067961165048544, 31.16883116883117, 30.769230769230766, 31.16883116883117, 30.868167202572348, 30.573248407643312, 30.573248407643312, 31.16883116883117, 30.868167202572348, 30.868167202572348, 30.769230769230766, 31.475409836065573, 31.067961165048544, 31.475409836065573, 30.670926517571885, 30.573248407643312, 30.96774193548387, 30.476190476190474, 30.573248407643312, 30.573248407643312]","[3.956756756756757, 12.636734693877552, 4.132881355932203, 8.205405405405406, 2.761204013377926, 16.26578073089701, 2.8348993288590605, 6.761461794019933, 2.5663366336633664, 16.243708609271522, 2.931543624161074, 6.675496688741721, 2.615282392026578, 16.544, 2.543046357615894, 6.513183279742766, 2.6790697674418604, 16.30728476821192, 2.664882943143813, 6.007947019867549, 2.6842105263157894, 17.610596026490068, 2.62970297029703, 5.968421052631578, 2.657980456026059, 16.115409836065574, 2.6613861386138615, 6.6, 2.555844155844156, 16.211920529801326, 2.580983606557377, 6.463366336633663, 2.5748344370860927, 18.981107491856676, 2.670198675496689, 5.728524590163934, 2.598019801980198, 15.958441558441558, 2.688, 5.9173770491803275, 2.5725490196078433, 15.947882736156352, 2.6526315789473687, 6.506312292358803, 2.751791530944625, 15.791530944625407, 2.702912621359223, 6.566775244299674, 2.6070287539936103, 15.844660194174757, 2.6210526315789475, 6.41032258064516, 2.618181818181818, 15.875728155339806, 2.4865573770491802, 6.4310679611650485, 2.7116883116883113, 15.63076923076923, 2.5246753246753246, 6.482315112540193, 2.5681528662420385, 15.3171974522293, 2.555844155844156, 6.544051446945337, 2.562057877813505, 15.661538461538461, 2.3921311475409834, 7.021359223300971, 2.675409836065574, 17.57444089456869, 2.598726114649682, 6.627096774193547, 2.6514285714285712, 18.00764331210191]",526.1967429570593,9.912344806221256,c:\git\RailwAI\VIDEO\20260611\ADTC Rastatt_00_20260611073433.mp4,2026-06-11 07:34:33,Lok
ADTC1_adz_raw_20260611_0740,2026-06-11 07:39:07.440,2026-06-11 07:39:17.519,"[Timestamp('2026-06-11 07:39:17.519000'), Timestamp('2026-06-11 07:39:17.653000'), Timestamp('2026-06-11 07:39:18.057000'), Timestamp('2026-06-11 07:39:18.191000')]","[0.134, 0.404, 0.134]","[31.739786215489538, 31.48759530697179, 31.746031746031747, 31.951089845826687]","[4.253131352875599, 12.720988504016605, 4.253968253968254]",21.22808811086045,9.852798808489512,c:\git\RailwAI\VIDEO\20260611\ADTC Rastatt_00_20260611073918.mp4,2026-06-11 07:39:18,Lok
ADTC1_adz_raw_20260611_0753,2026-06-11 07:51:44.154,2026-06-11 07:51:54.268,"[Timestamp('2026-06-11 07:51:54.268000'), Timestamp('2026-06-11 07:51:54.380000'), Timestamp('2026-06-11 07:51:55.062000'), Timestamp('2026-06-11 07:51:55.171000'), Timestamp('2026-06-11 07:51:55.396000'), Timestamp('2026-06-11 07:51:55.513000'), Timestamp('2026-06-11 07:51:56.189000'), Timestamp('2026-06-11 07:51:56.301000'), Timestamp('2026-06-11 07:51:56.522000'), Timestamp('2026-06-11 07:51:56.636000'), Timestamp('2026-06-11 07:51:57.317000'), Timestamp('2026-06-11 07:51:57.427000'), Timestamp('2026-06-11 07:51:57.650000'), Timestamp('2026-06-11 07:51:57.766000'), Timestamp('2026-06-11 07:51:58.441000'), Timestamp('2026-06-11 07:51:58.553000'), Timestamp('2026-06-11 07:51:58.780000'), Timestamp('2026-06-11 07:51:58.889000'), Timestamp('2026-06-11 07:51:59.570000'), Timestamp('2026-06-11 07:51:59.679000'), Timestamp('2026-06-11 07:51:59.907000'), Timestamp('2026-06-11 07:52:00.024000'), Timestamp('2026-06-11 07:52:00.698000'), Timestamp('2026-06-11 07:52:00.810000'), Timestamp('2026-06-11 07:52:01.032000'), Timestamp('2026-06-11 07:52:01.144000'), Timestamp('2026-06-11 07:52:01.823000'), Timestamp('2026-06-11 07:52:01.935000'), Timestamp('2026-06-11 07:52:02.159000'), Timestamp('2026-06-11 07:52:02.272000'), Timestamp('2026-06-11 07:52:02.950000'), Timestamp('2026-06-11 07:52:03.064000')]","[0.112, 0.682, 0.109, 0.225, 0.117, 0.676, 0.112, 0.221, 0.114, 0.681, 0.11, 0.223, 0.116, 0.675, 0.112, 0.227, 0.109, 0.681, 0.109, 0.228, 0.117, 0.674, 0.112, 0.222, 0.112, 0.679, 0.112, 0.224, 0.113, 0.678, 0.114]","[35.12038523274478, 35.2304252969537, 35.0383631713555, 34.720732504905165, 35.165306998711884, 35.0383631713555, 35.243715140247346, 34.85503426462836, 35.10160427807486, 35.165306998711884, 34.78671865768639, 35.2494138572237, 35.04069697736688, 35.16672257631667, 34.78443522554219, 35.03696303696303, 35.01461599787404, 35.053304904051174, 34.79402765557904, 35.2494138572237, 34.7334537175159, 35.26366871562601, 34.86514276674839, 35.0930558335001, 34.887218045112775, 34.878936540591866, 34.955312810327705, 34.76074487310442, 35.066389377699565, 34.60369417816226, 35.0383631713555, 35.595105672969964]","[3.9334831460674153, 24.027150052522423, 3.8191815856777493, 7.812164813603662, 4.11434091884929, 23.68593350383632, 3.947296095707703, 7.702962572482868, 4.001582887700534, 23.947574066122794, 3.8265390523455034, 7.860619290160885, 4.064720849374558, 23.737537739013757, 3.8958567452607253, 7.953390609390608, 3.8165931437682703, 23.871300639658852, 3.7925490144581158, 8.036866359447004, 4.06381408494936, 23.767712714331932, 3.9048959898758198, 7.790658395037023, 3.907368421052631, 23.68279791106188, 3.914995034756703, 7.78640685157539, 3.962501999680051, 23.461304652794013, 3.994373401534527]",308.08447254209835,10.004775999658431,c:\git\RailwAI\VIDEO\20260611\ADTC Rastatt_00_20260611075155.mp4,2026-06-11 07:51:55,Trieb
ADTC1_adz_raw_20260611_0755,2026-06-11 07:54:23.958,2026-06-11 07:54:33.977,"[Timestamp('2026-06-11 07:54:33.977000'), Timestamp('2026-06-11 07:54:34.094000'), Timestamp('2026-06-11 07:54:34.814000'), Timestamp('2026-06-11 07:54:34.929000'), Timestamp('2026-06-11 07:54:35.131000'), Timestamp('2026-06-11 07:54:35.244000'), Timestamp('2026-06-11 07:54:35.993000'), Timestamp('2026-06-11 07:54:36.103000'), Timestamp('2026-06-11 07:54:36.306000'), Timestamp('2026-06-11 07:54:36.420000'), Timestamp('2026-06-11 07:54:37.172000'), Timestamp('2026-06-11 07:54:37.280000'), Timestamp('2026-06-11 07:54:37.487000'), Timestamp('2026-06-11 07:54:37.599000'), Timestamp('2026-06-11 07:54:38.326000'), Timestamp('2026-06-11 07:54:38.441000'), Timestamp('2026-06-11 07:54:38.739000'), Timestamp('2026-06-11 07:54:38.855000'), Timestamp('2026-06-11 07:54:39.582000'), Timestamp('2026-06-11 07:54:39.701000'), Timestamp('2026-06-11 07:54:39.903000'), Timestamp('2026-06-11 07:54:40.013000'), Timestamp('2026-06-11 07:54:40.763000'), Timestamp('2026-06-11 07:54:40.875000'), Timestamp('2026-06-11 07:54:41.086000'), Timestamp('2026-06-11 07:54:41.194000'), Timestamp('2026-06-11 07:54:41.943000'), Timestamp('2026-06-11 07:54:42.057000'), Timestamp('2026-06-11 07:54:42.260000'), Timestamp('2026-06-11 07:54:42.378000'), Timestamp('2026-06-11 07:54:43.112000'), Timestamp('2026-06-11 07:54:43.226000')]","[0.117, 0.72, 0.115, 0.202, 0.113, 0.749, 0.11, 0.203, 0.114, 0.752, 0.108, 0.207, 0.112, 0.727, 0.115, 0.298, 0.116, 0.727, 0.119, 0.202, 0.11, 0.75, 0.112, 0.211, 0.108, 0.749, 0.114, 0.203, 0.118, 0.734, 0.114]","[34.65884652981427, 34.85503426462836, 34.78443522554219, 35.106297633373444, 34.72890935733724, 34.848604632777295, 34.53416149068323, 34.90909090909091, 34.60369417816226, 34.72890935733724, 34.98207885304659, 34.71982420342175, 34.938658831937104, 34.79402765557904, 34.59470690595538, 34.47137699845281, 34.5956054230949, 34.97372193024367, 34.78991596638655, 34.909552523008564, 34.47315488163392, 34.78443522554219, 34.347158218125955, 34.74527462170794, 34.47048812562853, 34.53416149068323, 34.34803758416754, 34.352435089875556, 34.61358557247544, 34.55428238492911, 34.502516453735964, 34.51944430098642]","[4.05508504398827, 25.095624670532416, 4.000210050937352, 7.091472121941436, 3.924366757379108, 26.101604869950194, 3.7987577639751557, 7.086545454545455, 3.9448211363104977, 26.1161398367176, 3.7780645161290316, 7.187003610108302, 3.913129789176956, 25.295258105605964, 3.9783912941848687, 10.272470345538938, 4.013090229079009, 25.425895843287147, 4.14, 7.05172960964773, 3.792047036979731, 26.088326419156644, 3.846881720430107, 7.331252945180376, 3.722812717567881, 25.86608695652174, 3.9156762845951, 6.973544323244738, 4.084403097552102, 25.362843270537965, 3.9332868757259]",321.18682269652777,9.912088915895684,c:\git\RailwAI\VIDEO\20260611\ADTC Rastatt_00_20260611075434.mp4,2026-06-11 07:54:34,Trieb
ADTC1_adz_raw_20260611_0803,2026-06-11 08:01:55.136,2026-06-11 08:02:05.239,"[Timestamp('2026-06-11 08:02:05.239000'), Timestamp('2026-06-11 08:02:05.688000'), Timestamp('2026-06-11 08:02:06.567000'), Timestamp('2026-06-11 08:02:06.908000'), Timestamp('2026-06-11 08:02:07.358000'), Timestamp('2026-06-11 08:02:07.798000'), Timestamp('2026-06-11 08:02:08.239000')]","[0.449, 0.879, 0.341, 0.45, 0.44, 0.441]","[35.82089552238806, 35.036496350364956, 88.88888888888889, 35.036496350364956, 36.36363636363636, 90.56603773584905, 15.999999999999996, 20.960698689956335, 32.6530612244898]","[16.083582089552237, 30.797080291970797, 30.311111111111114, 15.76642335766423, 15.999999999999998, 39.93962264150943]",148.8978194918078,9.91619834382509,c:\git\RailwAI\VIDEO\20260611\ADTC Rastatt_00_20260611080206.mp4,2026-06-11 08:02:06,Trieb
ADTC1_adz_raw_20260611_0816,2026-06-11 08:15:02.438,2026-06-11 08:15:12.485,"[Timestamp('2026-06-11 08:15:12.485000'), Timestamp('2026-06-11 08:15:12.589000'), Timestamp('2026-06-11 08:15:13.375000'), Timestamp('2026-06-11 08:15:13.478000'), Timestamp('2026-06-11 08:15:13.798000'), Timestamp('2026-06-11 08:15:13.911000'), Timestamp('2026-06-11 08:15:14.682000'), Timestamp('2026-06-11 08:15:14.804000'), Timestamp('2026-06-11 08:15:15.104000'), Timestamp('2026-06-11 08:15:15.230000'), Timestamp('2026-06-11 08:15:15.996000'), Timestamp('2026-06-11 08:15:16.116000'), Timestamp('2026-06-11 08:15:16.421000'), Timestamp('2026-06-11 08:15:16.545000'), Timestamp('2026-06-11 08:15:17.315000'), Timestamp('2026-06-11 08:15:17.431000'), Timestamp('2026-06-11 08:15:17.747000'), Timestamp('2026-06-11 08:15:17.850000'), Timestamp('2026-06-11 08:15:18.640000'), Timestamp('2026-06-11 08:15:18.740000'), Timestamp('2026-06-11 08:15:19.056000'), Timestamp('2026-06-11 08:15:19.170000'), Timestamp('2026-06-11 08:15:19.947000'), Timestamp('2026-06-11 08:15:20.061000'), Timestamp('2026-06-11 08:15:20.366000'), Timestamp('2026-06-11 08:15:20.485000'), Timestamp('2026-06-11 08:15:21.258000'), Timestamp('2026-06-11 08:15:21.376000'), Timestamp('2026-06-11 08:15:21.689000'), Timestamp('2026-06-11 08:15:21.792000'), Timestamp('2026-06-11 08:15:22.579000'), Timestamp('2026-06-11 08:15:22.683000'), Timestamp('2026-06-11 08:15:23'), Timestamp('2026-06-11 08:15:23.113000'), Timestamp('2026-06-11 08:15:23.891000'), Timestamp('2026-06-11 08:15:24.004000'), Timestamp('2026-06-11 08:15:24.317000'), Timestamp('2026-06-11 08:15:24.421000'), Timestamp('2026-06-11 08:15:25.205000'), Timestamp('2026-06-11 08:15:25.310000'), Timestamp('2026-06-11 08:15:25.622000'), Timestamp('2026-06-11 08:15:25.741000'), Timestamp('2026-06-11 08:15:26.516000'), Timestamp('2026-06-11 08:15:26.630000'), Timestamp('2026-06-11 08:15:26.944000'), Timestamp('2026-06-11 08:15:27.047000'), Timestamp('2026-06-11 08:15:27.837000'), Timestamp('2026-06-11 08:15:27.937000'), Timestamp('2026-06-11 08:15:28.255000'), Timestamp('2026-06-11 08:15:28.362000'), Timestamp('2026-06-11 08:15:29.149000'), Timestamp('2026-06-11 08:15:29.250000')]","[0.104, 0.786, 0.103, 0.32, 0.113, 0.771, 0.122, 0.3, 0.126, 0.766, 0.12, 0.305, 0.124, 0.77, 0.116, 0.316, 0.103, 0.79, 0.1, 0.316, 0.114, 0.777, 0.114, 0.305, 0.119, 0.773, 0.118, 0.313, 0.103, 0.787, 0.104, 0.317, 0.113, 0.778, 0.113, 0.313, 0.104, 0.784, 0.105, 0.312, 0.119, 0.775, 0.114, 0.314, 0.103, 0.79, 0.1, 0.318, 0.107, 0.787, 0.101]","[34.887218045112775, 34.4103703894035, 34.165431817318286, 34.53282093086448, 34.22731779240918, 34.909552523008564, 34.475822050290134, 34.78443522554219, 34.47137699845281, 34.2255776710135, 34.85503426462836, 34.4103703894035, 34.6574913981858, 34.39559030893475, 34.29665071770334, 34.69366454441081, 34.33871153182846, 34.46217189912507, 34.568604846961904, 34.415884254271205, 34.39559030893475, 34.802674708273244, 34.732724902216425, 34.71733520994604, 34.405293122018776, 34.9311817750356, 34.68930673472577, 34.65816286847631, 35.04761904761905, 34.6402010831541, 34.6402010831541, 34.57108253665575, 34.88920320603489, 35.017545711194956, 34.696843853820596, 34.83517915309446, 34.7618057000208, 35.09403973509934, 35.14195583596214, 34.99446290143965, 34.55674760022586, 35.04617570447549, 34.635342713308376, 35.04111321948134, 35.12581731721815, 35.400883415874716, 34.88627450980392, 35.04617570447549, 34.94627872323739, 34.95875535136264, 34.9429598374746, 35.07280598189689]","[3.6282706766917285, 27.04655112607115, 3.5190394771837834, 11.050502697876635, 3.8676869105422376, 26.915264995239603, 4.206050290135396, 10.435330567662657, 4.343393501805054, 26.216792495996337, 4.182604111755403, 10.495162968768065, 4.297528933375039, 26.484604537879758, 3.978411483253588, 10.963197996033815, 3.536887287778331, 27.225115800308803, 3.4568604846961906, 10.875419424349701, 3.9210972952185617, 27.04167824832831, 3.9595306388526725, 10.588787239033543, 4.094229881520234, 27.001803512102516, 4.09333819469764, 10.848004977833085, 3.609904761904762, 27.26183825244228, 3.6025809126480266, 10.959033164119873, 3.942479962281943, 27.243650563309675, 3.9207433554817275, 10.903411074918566, 3.615227792802163, 27.51372715231788, 3.6899053627760248, 10.91827242524917, 4.112252964426878, 27.160786170968503, 3.948429069317155, 11.00290955091714, 3.6179591836734692, 27.966697898541028, 3.488627450980392, 11.144683874023205, 3.7392518233864007, 27.5125404615224, 3.5292389435849354]",582.6772979265834,9.941040850409774,c:\git\RailwAI\VIDEO\20260611\ADTC Rastatt_00_20260611081513.mp4,2026-06-11 08:15:13,Trieb
ADTC1_adz_raw_20260611_0822,2026-06-11 08:21:28.211,2026-06-11 08:21:38.286,"[Timestamp('2026-06-11 08:21:38.286000'), Timestamp('2026-06-11 08:21:38.404000'), Timestamp('2026-06-11 08:21:39.084000'), Timestamp('2026-06-11 08:21:39.200000'), Timestamp('2026-06-11 08:21:39.430000'), Timestamp('2026-06-11 08:21:39.540000'), Timestamp('2026-06-11 08:21:40.227000'), Timestamp('2026-06-11 08:21:40.341000'), Timestamp('2026-06-11 08:21:40.566000'), Timestamp('2026-06-11 08:21:40.677000'), Timestamp('2026-06-11 08:21:41.370000'), Timestamp('2026-06-11 08:21:41.486000'), Timestamp('2026-06-11 08:21:41.704000'), Timestamp('2026-06-11 08:21:41.821000'), Timestamp('2026-06-11 08:21:42.508000'), Timestamp('2026-06-11 08:21:42.620000'), Timestamp('2026-06-11 08:21:42.850000'), Timestamp('2026-06-11 08:21:42.962000'), Timestamp('2026-06-11 08:21:43.651000'), Timestamp('2026-06-11 08:21:43.766000'), Timestamp('2026-06-11 08:21:43.987000'), Timestamp('2026-06-11 08:21:44.104000'), Timestamp('2026-06-11 08:21:44.788000'), Timestamp('2026-06-11 08:21:44.906000'), Timestamp('2026-06-11 08:21:45.133000'), Timestamp('2026-06-11 08:21:45.242000'), Timestamp('2026-06-11 08:21:45.926000'), Timestamp('2026-06-11 08:21:46.040000'), Timestamp('2026-06-11 08:21:46.268000'), Timestamp('2026-06-11 08:21:46.384000'), Timestamp('2026-06-11 08:21:47.072000'), Timestamp('2026-06-11 08:21:47.188000')]","[0.118, 0.68, 0.116, 0.23, 0.11, 0.687, 0.114, 0.225, 0.111, 0.693, 0.116, 0.218, 0.117, 0.687, 0.112, 0.23, 0.112, 0.689, 0.115, 0.221, 0.117, 0.684, 0.118, 0.227, 0.109, 0.684, 0.114, 0.228, 0.116, 0.688, 0.116]","[34.543548324467054, 34.664931685100846, 34.66110531803962, 34.78443522554219, 34.543548324467054, 34.73890851982725, 34.41258094357077, 34.16413373860182, 34.913245873889124, 34.47237345071238, 34.5956054230949, 34.3717974994876, 34.103127129552504, 34.54846727423364, 34.53282093086448, 34.47937891723195, 34.7334537175159, 34.40860215053763, 34.3717974994876, 34.34803758416754, 34.285714285714285, 34.28746364610439, 34.54846727423364, 34.66110531803962, 34.635186437152214, 34.69366454441081, 34.568604846961904, 34.02077374680114, 34.05797101449275, 34.26390125970225, 34.23776223776224, 34.34880392557759]","[4.076138702287112, 23.572153545868577, 4.020688216892596, 8.000420101874704, 3.799790315691376, 23.865630153121323, 3.9230342275670673, 7.68693009118541, 3.875370292001693, 23.88935480134368, 4.013090229079009, 7.4930518548882965, 3.990065874157643, 23.73479701739851, 3.867675944256822, 7.930257150963349, 3.890146816361781, 23.707526881720426, 3.952756712441074, 7.590916306101027, 4.011428571428572, 23.452625133935406, 4.076719138359569, 7.868070907194993, 3.7752353216495913, 23.730466548376995, 3.9408209525536573, 7.7567364142706605, 3.950724637681159, 23.573564066675146, 3.97158041958042]",306.98776734690773,9.959190157976783,c:\git\RailwAI\VIDEO\20260611\ADTC Rastatt_00_20260611082139.mp4,2026-06-11 08:21:39,Trieb
ADTC1_adz_raw_20260611_0830,2026-06-11 08:28:43.514,2026-06-11 08:28:53.540,"[Timestamp('2026-06-11 08:28:53.540000'), Timestamp('2026-06-11 08:28:53.653000'), Timestamp('2026-06-11 08:28:54.004000'), Timestamp('2026-06-11 08:28:54.117000'), Timestamp('2026-06-11 08:28:54.348000'), Timestamp('2026-06-11 08:28:54.459000'), Timestamp('2026-06-11 08:28:55.246000'), Timestamp('2026-06-11 08:28:55.351000'), Timestamp('2026-06-11 08:28:55.544000'), Timestamp('2026-06-11 08:28:55.655000'), Timestamp('2026-06-11 08:28:56.443000'), Timestamp('2026-06-11 08:28:56.551000'), Timestamp('2026-06-11 08:28:56.740000'), Timestamp('2026-06-11 08:28:56.856000'), Timestamp('2026-06-11 08:28:57.640000'), Timestamp('2026-06-11 08:28:57.747000'), Timestamp('2026-06-11 08:28:57.940000'), Timestamp('2026-06-11 08:28:58.051000'), Timestamp('2026-06-11 08:28:58.834000'), Timestamp('2026-06-11 08:28:58.952000')]","[0.113, 0.351, 0.113, 0.231, 0.111, 0.787, 0.105, 0.193, 0.111, 0.788, 0.108, 0.189, 0.116, 0.784, 0.107, 0.193, 0.111, 0.783, 0.118]","[35.066389377699565, 35.106297633373444, 35.03696303696303, 35.55750658472344, 35.56775300171526, 35.82089552238806, 35.70006635700066, 35.169082125603865, 35.053304904051174, 35.04069697736688, 35.053304904051174, 35.379394597529526, 35.3060479454833, 35.99595551061678, 34.74527462170794, 34.722549250451294, 34.98672331386086, 34.97568924630039, 34.78671865768639, 34.76074487310442]","[3.962501999680051, 12.322310469314077, 3.9591768231768225, 8.213784021071115, 3.948020583190394, 28.1910447761194, 3.748506967485069, 6.787632850241546, 3.89091684434968, 27.6120692181651, 3.7857569296375266, 6.68670557893308, 4.095501561676063, 28.220829120323558, 3.71774438452275, 6.7014520053371, 3.883526287838555, 27.385964679853206, 4.104832801606994]",191.2182779025221,9.916188497936236,c:\git\RailwAI\VIDEO\20260611\ADTC Rastatt_00_20260611082854.mp4,2026-06-11 08:28:54,Lok
ADTC1_adz_raw_20260611_0839,2026-06-11 08:37:54.515,2026-06-11 08:38:04.538,"[Timestamp('2026-06-11 08:38:04.538000'), Timestamp('2026-06-11 08:38:04.673000'), Timestamp('2026-06-11 08:38:04.961000'), Timestamp('2026-06-11 08:38:05.096000'), Timestamp('2026-06-11 08:38:06.700000')]","[0.135, 0.288, 0.135, 1.604]","[nan, nan, nan, nan, nan, nan, nan, nan, nan, nan, nan, nan, nan, nan, nan, nan, nan, nan, nan, nan, nan, nan, nan, nan, nan, nan, nan, nan, nan, nan, nan, nan]","[nan, nan, nan, nan]",,9.905974165235262,c:\git\RailwAI\VIDEO\20260611\ADTC Rastatt_00_20260611083809.mp4,2026-06-11 08:38:09,Lok
ADTC1_adz_raw_20260611_0859,2026-06-11 08:58:22.992,2026-06-11 08:58:33.090,"[Timestamp('2026-06-11 08:58:33.090000'), Timestamp('2026-06-11 08:58:33.557000'), Timestamp('2026-06-11 08:58:34.484000'), Timestamp('2026-06-11 08:58:34.838000'), Timestamp('2026-06-11 08:58:35.303000'), Timestamp('2026-06-11 08:58:35.765000'), Timestamp('2026-06-11 08:58:36.234000')]","[0.467, 0.927, 0.354, 0.465, 0.462, 0.469]","[32.887185769949994, 33.04799219692838, 31.69842243060178, 32.978330978395704, 33.33333333333334, 86.77446787683009, 16.215950581275663, 69.29223744292239, 30.93435536955718]","[15.358315754566648, 30.635488766552605, 11.221241540433029, 15.334923904954003, 15.400000000000006, 40.69722543423331]",128.6471954007396,9.883422480069822,c:\git\RailwAI\VIDEO\20260611\ADTC Rastatt_00_20260611085833.mp4,2026-06-11 08:58:33,Trieb
ADTC1_adz_raw_20260611_0903,2026-06-11 09:02:24.605,2026-06-11 09:02:34.654,"[Timestamp('2026-06-11 09:02:34.654000'), Timestamp('2026-06-11 09:02:34.772000'), Timestamp('2026-06-11 09:02:35.142000'), Timestamp('2026-06-11 09:02:35.256000'), Timestamp('2026-06-11 09:02:35.470000'), Timestamp('2026-06-11 09:02:35.553000'), Timestamp('2026-06-11 09:02:35.893000'), Timestamp('2026-06-11 09:02:35.973000'), Timestamp('2026-06-11 09:02:36.127000'), Timestamp('2026-06-11 09:02:36.203000'), Timestamp('2026-06-11 09:02:36.545000'), Timestamp('2026-06-11 09:02:36.624000'), Timestamp('2026-06-11 09:02:36.775000'), Timestamp('2026-06-11 09:02:36.858000'), Timestamp('2026-06-11 09:02:37.197000'), Timestamp('2026-06-11 09:02:37.276000'), Timestamp('2026-06-11 09:02:37.426000'), Timestamp('2026-06-11 09:02:37.510000'), Timestamp('2026-06-11 09:02:37.850000'), Timestamp('2026-06-11 09:02:37.928000'), Timestamp('2026-06-11 09:02:38.097000'), Timestamp('2026-06-11 09:02:38.174000'), Timestamp('2026-06-11 09:02:38.514000'), Timestamp('2026-06-11 09:02:38.590000'), Timestamp('2026-06-11 09:02:38.746000'), Timestamp('2026-06-11 09:02:38.827000'), Timestamp('2026-06-11 09:02:39.169000'), Timestamp('2026-06-11 09:02:39.246000'), Timestamp('2026-06-11 09:02:39.400000'), Timestamp('2026-06-11 09:02:39.480000'), Timestamp('2026-06-11 09:02:39.817000'), Timestamp('2026-06-11 09:02:39.900000'), Timestamp('2026-06-11 09:02:40.053000'), Timestamp('2026-06-11 09:02:40.132000'), Timestamp('2026-06-11 09:02:40.475000'), Timestamp('2026-06-11 09:02:40.553000'), Timestamp('2026-06-11 09:02:40.710000'), Timestamp('2026-06-11 09:02:40.787000'), Timestamp('2026-06-11 09:02:41.210000'), Timestamp('2026-06-11 09:02:41.287000'), Timestamp('2026-06-11 09:02:41.445000'), Timestamp('2026-06-11 09:02:41.524000'), Timestamp('2026-06-11 09:02:41.864000'), Timestamp('2026-06-11 09:02:41.944000'), Timestamp('2026-06-11 09:02:42.099000'), Timestamp('2026-06-11 09:02:42.177000'), Timestamp('2026-06-11 09:02:42.600000'), Timestamp('2026-06-11 09:02:42.675000'), Timestamp('2026-06-11 09:02:42.833000'), Timestamp('2026-06-11 09:02:42.912000'), Timestamp('2026-06-11 09:02:43.252000'), Timestamp('2026-06-11 09:02:43.333000')]","[0.118, 0.37, 0.114, 0.214, 0.083, 0.34, 0.08, 0.154, 0.076, 0.342, 0.079, 0.151, 0.083, 0.339, 0.079, 0.15, 0.084, 0.34, 0.078, 0.169, 0.077, 0.34, 0.076, 0.156, 0.081, 0.342, 0.077, 0.154, 0.08, 0.337, 0.083, 0.153, 0.079, 0.343, 0.078, 0.157, 0.077, 0.423, 0.077, 0.158, 0.079, 0.34, 0.08, 0.155, 0.078, 0.423, 0.075, 0.158, 0.079, 0.34, 0.081]","[35.29221304840537, 34.72890935733724, 34.24908424908425, 34.71982420342175, 34.41258094357077, 34.365634365634364, 34.28746364610439, 34.4196566258867, 34.31372549019608, 34.60369417816226, 34.103987884906616, 34.16759550106394, 34.28746364610439, 34.22731779240918, 34.4891640866873, 34.84584980237154, 33.802816901408455, 34.347158218125955, 33.68462523392101, 34.103987884906616, 33.45313258863526, 34.22470767666497, 34.04255319148936, 33.86338185890257, 33.68462523392101, 33.627797408716134, 33.347807207989575, 33.886149708650834, 33.414043583535104, 33.62614712666242, 33.45313258863526, 33.51612195656942, 33.5812133072407, 33.62614712666242, 33.414043583535104, 33.22157294760035, 33.51040499049662, 33.2183908045977, 33.403529155471645, 33.27806214404153, 33.39948690643303, 33.44988344988345, 33.0747883014303, 33.048919226393636, 33.22157294760035, 32.77404921700224, 32.87671232876713, 31.47659218236847, 33.45313258863526, 32.93552715203729, 32.38004231793052, 32.82137597306964]","[4.1644811397118335, 12.849696462214778, 3.9043956043956043, 7.430042379532255, 2.8562442183163737, 11.684315684315685, 2.7429970916883515, 5.300627120386552, 2.607843137254902, 11.834463408931493, 2.6942150429076226, 5.159306920660655, 2.8458594826266648, 11.603060731626714, 2.724643962848297, 5.22687747035573, 2.8394366197183105, 11.678033794162825, 2.6274007682458387, 5.763573952549218, 2.575891209324915, 11.63640061006609, 2.5872340425531912, 5.282687569988801, 2.728454643947602, 11.500706713780918, 2.567781155015197, 5.218467055132228, 2.673123486682808, 11.332011581685235, 2.776610004856727, 5.127966659355121, 2.6529158512720157, 11.53376846444521, 2.606295399515738, 5.215786952773255, 2.5803011842682397, 14.051379310344828, 2.572071744971317, 5.257933818758562, 2.6385594656082096, 11.372960372960375, 2.645983064114424, 5.122582480091014, 2.5912826899128274, 13.863422818791948, 2.4657534246575343, 4.973301564814219, 2.642797474502186, 11.19807923169268, 2.622783427752372]",293.1528084660855,9.940715131789934,c:\git\RailwAI\VIDEO\20260611\ADTC Rastatt_00_20260611090235.mp4,2026-06-11 09:02:35,Lok
ADTC1_adz_raw_20260611_0914,2026-06-11 09:12:58.582,2026-06-11 09:13:08.608,"[Timestamp('2026-06-11 09:13:08.608000'), Timestamp('2026-06-11 09:13:08.714000'), Timestamp('2026-06-11 09:13:09.498000'), Timestamp('2026-06-11 09:13:09.603000'), Timestamp('2026-06-11 09:13:09.916000'), Timestamp('2026-06-11 09:13:10.032000'), Timestamp('2026-06-11 09:13:10.810000'), Timestamp('2026-06-11 09:13:10.925000'), Timestamp('2026-06-11 09:13:11.234000'), Timestamp('2026-06-11 09:13:11.351000'), Timestamp('2026-06-11 09:13:12.124000'), Timestamp('2026-06-11 09:13:12.237000'), Timestamp('2026-06-11 09:13:12.543000'), Timestamp('2026-06-11 09:13:12.666000'), Timestamp('2026-06-11 09:13:13.441000'), Timestamp('2026-06-11 09:13:13.555000'), Timestamp('2026-06-11 09:13:13.869000'), Timestamp('2026-06-11 09:13:13.971000'), Timestamp('2026-06-11 09:13:14.759000'), Timestamp('2026-06-11 09:13:14.862000'), Timestamp('2026-06-11 09:13:15.179000'), Timestamp('2026-06-11 09:13:15.294000'), Timestamp('2026-06-11 09:13:16.067000'), Timestamp('2026-06-11 09:13:16.184000'), Timestamp('2026-06-11 09:13:16.488000'), Timestamp('2026-06-11 09:13:16.607000'), Timestamp('2026-06-11 09:13:17.381000'), Timestamp('2026-06-11 09:13:17.498000'), Timestamp('2026-06-11 09:13:17.811000'), Timestamp('2026-06-11 09:13:17.916000'), Timestamp('2026-06-11 09:13:18.703000'), Timestamp('2026-06-11 09:13:18.811000'), Timestamp('2026-06-11 09:13:19.118000'), Timestamp('2026-06-11 09:13:19.237000'), Timestamp('2026-06-11 09:13:20.010000'), Timestamp('2026-06-11 09:13:20.129000'), Timestamp('2026-06-11 09:13:20.439000'), Timestamp('2026-06-11 09:13:20.543000'), Timestamp('2026-06-11 09:13:21.336000'), Timestamp('2026-06-11 09:13:21.434000'), Timestamp('2026-06-11 09:13:21.749000'), Timestamp('2026-06-11 09:13:21.867000'), Timestamp('2026-06-11 09:13:22.641000'), Timestamp('2026-06-11 09:13:22.756000'), Timestamp('2026-06-11 09:13:23.073000'), Timestamp('2026-06-11 09:13:23.175000'), Timestamp('2026-06-11 09:13:23.964000'), Timestamp('2026-06-11 09:13:24.069000'), Timestamp('2026-06-11 09:13:24.384000'), Timestamp('2026-06-11 09:13:24.488000'), Timestamp('2026-06-11 09:13:25.277000'), Timestamp('2026-06-11 09:13:25.377000')]","[0.106, 0.784, 0.105, 0.313, 0.116, 0.778, 0.115, 0.309, 0.117, 0.773, 0.113, 0.306, 0.123, 0.775, 0.114, 0.314, 0.102, 0.788, 0.103, 0.317, 0.115, 0.773, 0.117, 0.304, 0.119, 0.774, 0.117, 0.313, 0.105, 0.787, 0.108, 0.307, 0.119, 0.773, 0.119, 0.31, 0.104, 0.793, 0.098, 0.315, 0.118, 0.774, 0.115, 0.317, 0.102, 0.789, 0.105, 0.315, 0.104, 0.789, 0.1]","[34.61988304093567, 34.365634365634364, 34.720732504905165, 34.6574913981858, 34.47137699845281, 34.78306531014112, 34.47048812562853, 34.5956054230949, 34.84584980237154, 34.85503426462836, 34.78260869565217, 34.59740259740259, 34.60818956557888, 34.8715785032435, 34.198782961460445, 35.24475524475524, 34.495393904988, 34.7334537175159, 34.99880468563232, 34.4891640866873, 34.76985145791308, 34.568604846961904, 34.568604846961904, 35.066389377699565, 34.73354231974922, 34.848484848484844, 34.7222040869622, 34.87583760346866, 34.53682690323912, 35.08454267074957, 35.04300732717426, 35.171888162381165, 34.702863246749864, 35.20923520923521, 35.462221260012996, 35.17701768178124, 34.509803921568626, 34.84448164909619, 35.38449098407051, 34.88920320603489, 34.717569146864044, 35.13394817742644, 35.123505976095615, 35.09403973509934, 35.406234857050556, 35.46160483175151, 34.758685129190084, 35.05674653215637, 35.517765609654376, 35.23695738749502, 35.50142803254836, 35.94690411410669]","[3.6697076023391806, 26.94265734265734, 3.645676913015042, 10.847794807632155, 3.9986797318205265, 27.06122481128979, 3.964106134447281, 10.690042075736324, 4.0769644268774705, 26.94294148655772, 3.9304347826086956, 10.586805194805192, 4.256807316566203, 27.02547334001371, 3.898661257606491, 11.066853146853145, 3.518530178308776, 27.36996152940253, 3.604876882620129, 10.933065015479876, 3.998532917660004, 26.721531546701552, 4.044526767094543, 10.660182370820667, 4.133291536050157, 26.97272727272727, 4.062497878174578, 10.91613716988569, 3.6263668248401073, 27.611535081879914, 3.78464479133482, 10.797769665851018, 4.129640726363234, 27.21673881673882, 4.220004329941546, 10.904875481352184, 3.589019607843137, 27.63167394773328, 3.46768011643891, 10.990099009900991, 4.096673159329957, 27.193675889328066, 4.039203187250996, 11.12481059602649, 3.6114359554191564, 27.979206212251942, 3.6496619385649587, 11.042875157629256, 3.693847623404055, 27.80195937873357, 3.550142803254836]",585.2942317371633,9.91543187137145,c:\git\RailwAI\VIDEO\20260611\ADTC Rastatt_00_20260611091309.mp4,2026-06-11 09:13:09,Trieb
ADTC1_adz_raw_20260611_0924,2026-06-11 09:23:22.826,2026-06-11 09:23:32.946,"[Timestamp('2026-06-11 09:23:32.946000'), Timestamp('2026-06-11 09:23:33.067000'), Timestamp('2026-06-11 09:23:33.703000'), Timestamp('2026-06-11 09:23:33.828000'), Timestamp('2026-06-11 09:23:34.501000'), Timestamp('2026-06-11 09:23:34.624000'), Timestamp('2026-06-11 09:23:35.292000'), Timestamp('2026-06-11 09:23:35.415000'), Timestamp('2026-06-11 09:23:36.083000'), Timestamp('2026-06-11 09:23:36.210000'), Timestamp('2026-06-11 09:23:36.882000'), Timestamp('2026-06-11 09:23:37.009000'), Timestamp('2026-06-11 09:23:37.672000'), Timestamp('2026-06-11 09:23:37.801000'), Timestamp('2026-06-11 09:23:38.472000'), Timestamp('2026-06-11 09:23:38.597000'), Timestamp('2026-06-11 09:23:39.265000'), Timestamp('2026-06-11 09:23:39.391000'), Timestamp('2026-06-11 09:23:40.051000'), Timestamp('2026-06-11 09:23:40.182000'), Timestamp('2026-06-11 09:23:40.848000'), Timestamp('2026-06-11 09:23:40.972000'), Timestamp('2026-06-11 09:23:41.605000'), Timestamp('2026-06-11 09:23:41.730000')]","[0.121, 0.636, 0.125, 0.673, 0.123, 0.668, 0.123, 0.668, 0.127, 0.672, 0.127, 0.663, 0.129, 0.671, 0.125, 0.668, 0.126, 0.66, 0.131, 0.666, 0.124, 0.633, 0.125]","[35.12038523274478, 35.43641712978097, 35.294594704188796, 35.62164394878149, 35.01461599787404, 35.69562512958739, 34.846768030778144, 34.909552523008564, 34.978364172130924, 34.97557867912508, 34.53416149068323, 34.76074487310442, 35.04396482813749, 34.752553024351926, 35.49965823650034, 34.91761723700887, 34.79081472161057, 34.679186228482, 35.69707069176847, 34.39559030893475, 35.31603531603531, 35.07053500133085, 35.58132855560267, 34.791677530374926]","[4.249566613162118, 22.537561294540698, 4.4118243380235995, 23.973366377529945, 4.306797767738507, 23.84467758656438, 4.286152467785712, 23.319581085369723, 4.442252249860627, 23.503588872372053, 4.385838509316771, 23.046373850868232, 4.520671462829736, 23.318963079340143, 4.437457279562542, 23.324968314321925, 4.383642654922932, 22.888262910798122, 4.676316260621669, 22.907463145750544, 4.3791883791883786, 22.19964865584243, 4.447666069450333]",307.7918292257612,10.014924083777432,c:\git\RailwAI\VIDEO\20260611\ADTC Rastatt_00_20260611092333.mp4,2026-06-11 09:23:33,Trieb
ADTC1_adz_raw_20260611_0927,2026-06-11 09:26:23.235,2026-06-11 09:26:33.316,"[Timestamp('2026-06-11 09:26:33.316000'), Timestamp('2026-06-11 09:26:33.434000'), Timestamp('2026-06-11 09:26:33.783000'), Timestamp('2026-06-11 09:26:33.896000'), Timestamp('2026-06-11 09:26:34.124000'), Timestamp('2026-06-11 09:26:34.233000'), Timestamp('2026-06-11 09:26:35.020000'), Timestamp('2026-06-11 09:26:35.136000'), Timestamp('2026-06-11 09:26:35.326000'), Timestamp('2026-06-11 09:26:35.435000'), Timestamp('2026-06-11 09:26:36.214000'), Timestamp('2026-06-11 09:26:36.325000'), Timestamp('2026-06-11 09:26:36.521000'), Timestamp('2026-06-11 09:26:36.636000'), Timestamp('2026-06-11 09:26:37.413000'), Timestamp('2026-06-11 09:26:37.525000'), Timestamp('2026-06-11 09:26:37.721000'), Timestamp('2026-06-11 09:26:37.833000'), Timestamp('2026-06-11 09:26:38.610000'), Timestamp('2026-06-11 09:26:38.722000')]","[0.118, 0.349, 0.113, 0.228, 0.109, 0.787, 0.116, 0.19, 0.109, 0.779, 0.111, 0.196, 0.115, 0.777, 0.112, 0.196, 0.112, 0.777, 0.112]","[35.686501696598526, 35.8453500522466, 35.49577626507012, 35.62262488296524, 35.822890559732656, 35.99595551061678, 36.43591737965603, 35.764235764235764, 36.09022556390977, 35.888978952958595, 36.23105844821693, 35.43641712978097, 35.62262488296524, 35.359235945300625, 35.426283753421295, 35.92412288064462, 35.324675324675326, 36.22127659574468, 35.48281505728314, 35.954301075268816]","[4.211007200198626, 12.510027168234062, 4.011022717952923, 8.121958473316075, 3.9046950710108597, 28.328816986855408, 4.2265664160401, 6.795204795204795, 3.933834586466165, 27.957514604354746, 4.021647487752079, 6.94553775743707, 4.096601861541003, 27.47412632949859, 3.967743780383185, 7.0411280846063455, 3.9563636363636365, 28.14393191489362, 3.9740752864157116]",193.621804158525,9.974440805740196,c:\git\RailwAI\VIDEO\20260611\ADTC Rastatt_00_20260611092634.mp4,2026-06-11 09:26:34,Lok
ADTC1_adz_raw_20260611_1002,2026-06-11 10:01:06.928,2026-06-11 10:01:17.056,"[Timestamp('2026-06-11 10:01:17.056000'), Timestamp('2026-06-11 10:01:18.169000'), Timestamp('2026-06-11 10:01:19.151000'), Timestamp('2026-06-11 10:01:19.711000'), Timestamp('2026-06-11 10:01:20.814000')]","[1.113, 0.982, 0.56, 1.103]","[28.57142857142857, 18.045112781954884, 29.447852760736193, 27.906976744186046, 69.56521739130434, 16.216216216216214, 17.712177121771216, 67.60563380281691, 29.268292682926827]","[31.799999999999997, 17.720300751879698, 16.49079754601227, 30.781395348837208]",96.79249364672916,9.887422209908872,c:\git\RailwAI\VIDEO\20260611\ADTC Rastatt_00_20260611100109.mp4,2026-06-11 10:01:09,Trieb
ADTC1_adz_raw_20260611_1006,2026-06-11 10:04:46.851,2026-06-11 10:04:56.873,"[Timestamp('2026-06-11 10:04:56.873000'), Timestamp('2026-06-11 10:04:56.991000'), Timestamp('2026-06-11 10:04:57.343000'), Timestamp('2026-06-11 10:04:57.460000'), Timestamp('2026-06-11 10:04:57.675000'), Timestamp('2026-06-11 10:04:57.756000'), Timestamp('2026-06-11 10:04:58.089000'), Timestamp('2026-06-11 10:04:58.163000'), Timestamp('2026-06-11 10:04:58.317000'), Timestamp('2026-06-11 10:04:58.389000'), Timestamp('2026-06-11 10:04:58.725000'), Timestamp('2026-06-11 10:04:58.800000'), Timestamp('2026-06-11 10:04:58.954000'), Timestamp('2026-06-11 10:04:59.031000'), Timestamp('2026-06-11 10:04:59.363000'), Timestamp('2026-06-11 10:04:59.439000'), Timestamp('2026-06-11 10:04:59.594000'), Timestamp('2026-06-11 10:04:59.668000'), Timestamp('2026-06-11 10:05:00'), Timestamp('2026-06-11 10:05:00.076000'), Timestamp('2026-06-11 10:05:00.229000'), Timestamp('2026-06-11 10:05:00.311000'), Timestamp('2026-06-11 10:05:00.641000'), Timestamp('2026-06-11 10:05:00.716000'), Timestamp('2026-06-11 10:05:00.872000'), Timestamp('2026-06-11 10:05:00.949000'), Timestamp('2026-06-11 10:05:01.280000'), Timestamp('2026-06-11 10:05:01.354000'), Timestamp('2026-06-11 10:05:01.506000'), Timestamp('2026-06-11 10:05:01.587000'), Timestamp('2026-06-11 10:05:01.913000'), Timestamp('2026-06-11 10:05:01.994000'), Timestamp('2026-06-11 10:05:02.147000'), Timestamp('2026-06-11 10:05:02.224000'), Timestamp('2026-06-11 10:05:02.555000'), Timestamp('2026-06-11 10:05:02.630000'), Timestamp('2026-06-11 10:05:02.779000'), Timestamp('2026-06-11 10:05:02.857000'), Timestamp('2026-06-11 10:05:03.263000'), Timestamp('2026-06-11 10:05:03.420000'), Timestamp('2026-06-11 10:05:03.495000'), Timestamp('2026-06-11 10:05:03.822000'), Timestamp('2026-06-11 10:05:03.899000'), Timestamp('2026-06-11 10:05:04.052000'), Timestamp('2026-06-11 10:05:04.128000'), Timestamp('2026-06-11 10:05:04.454000'), Timestamp('2026-06-11 10:05:04.531000'), Timestamp('2026-06-11 10:05:04.686000'), Timestamp('2026-06-11 10:05:04.766000'), Timestamp('2026-06-11 10:05:05.091000'), Timestamp('2026-06-11 10:05:05.173000'), Timestamp('2026-06-11 10:05:05.315000'), Timestamp('2026-06-11 10:05:05.396000'), Timestamp('2026-06-11 10:05:05.725000'), Timestamp('2026-06-11 10:05:05.801000'), Timestamp('2026-06-11 10:05:05.949000'), Timestamp('2026-06-11 10:05:06.027000'), Timestamp('2026-06-11 10:05:06.365000'), Timestamp('2026-06-11 10:05:06.436000'), Timestamp('2026-06-11 10:05:06.587000'), Timestamp('2026-06-11 10:05:06.662000'), Timestamp('2026-06-11 10:05:06.987000'), Timestamp('2026-06-11 10:05:07.065000'), Timestamp('2026-06-11 10:05:07.218000'), Timestamp('2026-06-11 10:05:07.295000'), Timestamp('2026-06-11 10:05:07.622000'), Timestamp('2026-06-11 10:05:07.698000'), Timestamp('2026-06-11 10:05:07.848000'), Timestamp('2026-06-11 10:05:07.928000'), Timestamp('2026-06-11 10:05:08.255000'), Timestamp('2026-06-11 10:05:08.332000'), Timestamp('2026-06-11 10:05:08.482000'), Timestamp('2026-06-11 10:05:08.559000'), Timestamp('2026-06-11 10:05:08.886000'), Timestamp('2026-06-11 10:05:08.963000'), Timestamp('2026-06-11 10:05:09.114000'), Timestamp('2026-06-11 10:05:09.190000'), Timestamp('2026-06-11 10:05:09.522000'), Timestamp('2026-06-11 10:05:09.595000'), Timestamp('2026-06-11 10:05:09.748000'), Timestamp('2026-06-11 10:05:09.826000'), Timestamp('2026-06-11 10:05:10.149000'), Timestamp('2026-06-11 10:05:10.228000')]","[0.118, 0.352, 0.117, 0.215, 0.081, 0.333, 0.074, 0.154, 0.072, 0.336, 0.075, 0.154, 0.077, 0.332, 0.076, 0.155, 0.074, 0.332, 0.076, 0.153, 0.082, 0.33, 0.075, 0.156, 0.077, 0.331, 0.074, 0.152, 0.081, 0.326, 0.081, 0.153, 0.077, 0.331, 0.075, 0.149, 0.078, 0.406, 0.157, 0.075, 0.327, 0.077, 0.153, 0.076, 0.326, 0.077, 0.155, 0.08, 0.325, 0.082, 0.142, 0.081, 0.329, 0.076, 0.148, 0.078, 0.338, 0.071, 0.151, 0.075, 0.325, 0.078, 0.153, 0.077, 0.327, 0.076, 0.15, 0.08, 0.327, 0.077, 0.15, 0.077, 0.327, 0.077, 0.151, 0.076, 0.332, 0.073, 0.153, 0.078, 0.323, 0.079]","[35.100665757600055, 34.97557867912508, 34.6574913981858, 34.913245873889124, 34.71982420342175, 34.97279362972793, 35.43641712978097, 34.41258094357077, 34.6574913981858, 34.60369417816226, 34.85135989879822, 34.84584980237154, 34.752553024351926, 34.78443522554219, 34.916478197040036, 34.848604632777295, 34.78443522554219, 34.78671865768639, 34.7334537175159, 34.79402765557904, 34.66110531803962, 35.04816724627253, 35.04816724627253, 34.848604632777295, 34.85135989879822, 34.8596283115856, 34.91093743801325, 34.79402765557904, 34.99880468563232, 34.913245873889124, 34.722549250451294, 35.04396482813749, 34.909552523008564, 34.85135989879822, 35.165306998711884, 34.978364172130924, 34.679186228482, 34.72890935733724, 41.35749731881555, 56.37752808988763, 41.307189542483655, 124.57711442786061, 41.013147995557624, 54.70085470085469, 41.22773777946191, 126.86868686868677, 40.47501932401096, 55.44233441408059, 41.489186368048045, 124.44444444444434, 41.307189542483655, 52.81427412814273, 41.011619958988376, 117.77777777777767, 40.76759061833688, 53.13798381806254, 40.54892475945107, 110.01986942946344, 40.900582918872665, 54.07581348540758, 40.900582918872665, 140.7891001986942, 40.16944756635255, 53.33333333333333, 40.43878894251865, 144.2262372348781, 40.3403543032501, 52.19616204690831, 40.974478773294926, 97.9076563413208, 41.29399217916814, 59.02960024412572, 41.701514059120406, 34.134141720348616, 34.038707734016114, 34.48346894633845, 34.04896421845574, 34.33871153182846, 34.226118730730676, 34.35833312067778, 34.321173661563606, 34.00548233261988, 34.19374430610385]","[4.141878559396806, 12.311403695052027, 4.054926493587739, 7.5063478628861615, 2.812305760477162, 11.645940278699403, 2.6222948676037916, 5.299537465309898, 2.4953393806693773, 11.626841243862518, 2.6138519924098667, 5.366260869565217, 2.675946582875098, 11.548432494880007, 2.6536523429750427, 5.401533718080481, 2.574048206690122, 11.549190594351883, 2.6397424825312084, 5.323486231303593, 2.8422106360792485, 11.565895191269934, 2.6286125434704393, 5.436382322713258, 2.683554712207463, 11.538536971134835, 2.5834093704129804, 5.288692203648014, 2.834903179536218, 11.381718154887855, 2.812526489286555, 5.361726618705036, 2.6880355442716595, 11.535800126502211, 2.637398024903391, 5.211776261647508, 2.7049765258215963, 14.09993719907892, 6.493127079054041, 4.228314606741573, 13.507450980392155, 9.592437810945267, 6.275011643320316, 4.157264957264957, 13.440242516104584, 9.768888888888881, 6.273627995221698, 4.435386753126448, 13.483985569615616, 10.204444444444437, 5.865620915032679, 4.277956204379561, 13.492822966507177, 8.951111111111103, 6.033603411513858, 4.144762737808878, 13.705536568694463, 7.811410729491904, 6.175988020749772, 4.055686011405569, 13.292689448633617, 10.981549815498148, 6.14592547765194, 4.1066666666666665, 13.223483984203598, 10.961194029850736, 6.051053145487515, 4.175692963752665, 13.398654558867442, 7.538889538281702, 6.194098826875221, 4.54527921879768, 13.636395097332374, 2.628328912466843, 5.139844867836433, 2.620743639921722, 11.304256120527306, 2.5067259418234773, 5.236596165801793, 2.679949983412867, 11.085739092685046, 2.6864331042769702]",559.2139257212513,9.909091360452011,c:\git\RailwAI\VIDEO\20260611\ADTC Rastatt_00_20260611100457.mp4,2026-06-11 10:04:57,Lok
ADTC1_adz_raw_20260611_1009,2026-06-11 10:07:57.942,2026-06-11 10:08:08.033,"[Timestamp('2026-06-11 10:08:08.033000'), Timestamp('2026-06-11 10:08:08.176000'), Timestamp('2026-06-11 10:08:08.671000'), Timestamp('2026-06-11 10:08:08.810000'), Timestamp('2026-06-11 10:08:08.964000'), Timestamp('2026-06-11 10:08:09.096000'), Timestamp('2026-06-11 10:08:09.811000'), Timestamp('2026-06-11 10:08:09.950000'), Timestamp('2026-06-11 10:08:10.668000'), Timestamp('2026-06-11 10:08:10.805000'), Timestamp('2026-06-11 10:08:11.523000'), Timestamp('2026-06-11 10:08:11.668000'), Timestamp('2026-06-11 10:08:12.382000'), Timestamp('2026-06-11 10:08:12.523000'), Timestamp('2026-06-11 10:08:13.245000'), Timestamp('2026-06-11 10:08:13.388000'), Timestamp('2026-06-11 10:08:14.109000'), Timestamp('2026-06-11 10:08:14.247000'), Timestamp('2026-06-11 10:08:14.975000'), Timestamp('2026-06-11 10:08:15.110000'), Timestamp('2026-06-11 10:08:15.835000'), Timestamp('2026-06-11 10:08:15.971000'), Timestamp('2026-06-11 10:08:16.126000'), Timestamp('2026-06-11 10:08:16.263000'), Timestamp('2026-06-11 10:08:16.777000'), Timestamp('2026-06-11 10:08:16.911000')]","[0.143, 0.495, 0.139, 0.154, 0.132, 0.715, 0.139, 0.718, 0.137, 0.718, 0.145, 0.714, 0.141, 0.722, 0.143, 0.721, 0.138, 0.728, 0.135, 0.725, 0.136, 0.155, 0.137, 0.514, 0.134]","[34.53952477092716, 34.53952477092716, 33.926073926073926, 34.909552523008564, 33.80449337896147, 34.04255319148936, 35.10382747023968, 34.4196566258867, 34.59683691988592, 35.30172413793103, 34.57711442786069, 35.165306998711884, 33.568075117370896, 34.301464958399265, 33.80952380952381, 34.16759550106394, 33.227939062949126, 35.04300732717426, 34.54846727423364, 34.78991596638655, 34.29271279853032, 34.10430839002267, 34.301464958399265, 33.69458128078818, 34.78443522554219, 35.08322663252241]","[4.939152042242584, 17.097064761608944, 4.715724275724276, 5.376071088543319, 4.462193126022914, 24.340425531914892, 4.879432018363316, 24.71331345738665, 4.739766658024371, 25.34663793103448, 5.0136815920398, 25.108029197080285, 4.733098591549296, 24.76565769996427, 4.834761904761905, 24.6348363562671, 4.58545559068698, 25.511309334182858, 4.664043082021541, 25.22268907563025, 4.6638089406001235, 5.286167800453514, 4.6993006993007, 17.319014778325123, 4.661114320222653]",306.3127498539522,9.985849407909436,c:\git\RailwAI\VIDEO\20260611\ADTC Rastatt_00_20260611100810.mp4,2026-06-11 10:08:10,Trieb
ADTC1_adz_raw_20260611_1021,2026-06-11 10:19:37.146,2026-06-11 10:19:47.187,"[Timestamp('2026-06-11 10:19:47.187000'), Timestamp('2026-06-11 10:19:47.293000'), Timestamp('2026-06-11 10:19:48.075000'), Timestamp('2026-06-11 10:19:48.181000'), Timestamp('2026-06-11 10:19:48.498000'), Timestamp('2026-06-11 10:19:48.612000'), Timestamp('2026-06-11 10:19:49.390000'), Timestamp('2026-06-11 10:19:49.505000'), Timestamp('2026-06-11 10:19:49.815000'), Timestamp('2026-06-11 10:19:49.930000'), Timestamp('2026-06-11 10:19:50.703000'), Timestamp('2026-06-11 10:19:50.824000'), Timestamp('2026-06-11 10:19:51.131000'), Timestamp('2026-06-11 10:19:51.248000'), Timestamp('2026-06-11 10:19:52.028000'), Timestamp('2026-06-11 10:19:52.143000'), Timestamp('2026-06-11 10:19:52.460000'), Timestamp('2026-06-11 10:19:52.563000'), Timestamp('2026-06-11 10:19:53.351000'), Timestamp('2026-06-11 10:19:53.456000'), Timestamp('2026-06-11 10:19:53.772000'), Timestamp('2026-06-11 10:19:53.894000'), Timestamp('2026-06-11 10:19:54.666000'), Timestamp('2026-06-11 10:19:54.785000'), Timestamp('2026-06-11 10:19:55.090000'), Timestamp('2026-06-11 10:19:55.210000'), Timestamp('2026-06-11 10:19:55.991000'), Timestamp('2026-06-11 10:19:56.111000'), Timestamp('2026-06-11 10:19:56.425000'), Timestamp('2026-06-11 10:19:56.528000'), Timestamp('2026-06-11 10:19:57.323000'), Timestamp('2026-06-11 10:19:57.427000'), Timestamp('2026-06-11 10:19:57.745000'), Timestamp('2026-06-11 10:19:57.860000'), Timestamp('2026-06-11 10:19:58.641000'), Timestamp('2026-06-11 10:19:58.758000'), Timestamp('2026-06-11 10:19:59.076000'), Timestamp('2026-06-11 10:19:59.181000'), Timestamp('2026-06-11 10:19:59.979000'), Timestamp('2026-06-11 10:20:00.080000'), Timestamp('2026-06-11 10:20:00.399000'), Timestamp('2026-06-11 10:20:00.515000'), Timestamp('2026-06-11 10:20:01.296000'), Timestamp('2026-06-11 10:20:01.418000'), Timestamp('2026-06-11 10:20:01.735000'), Timestamp('2026-06-11 10:20:01.839000'), Timestamp('2026-06-11 10:20:02.636000'), Timestamp('2026-06-11 10:20:02.740000'), Timestamp('2026-06-11 10:20:03.067000'), Timestamp('2026-06-11 10:20:03.170000'), Timestamp('2026-06-11 10:20:03.971000'), Timestamp('2026-06-11 10:20:04.078000')]","[0.106, 0.782, 0.106, 0.317, 0.114, 0.778, 0.115, 0.31, 0.115, 0.773, 0.121, 0.307, 0.117, 0.78, 0.115, 0.317, 0.103, 0.788, 0.105, 0.316, 0.122, 0.772, 0.119, 0.305, 0.12, 0.781, 0.12, 0.314, 0.103, 0.795, 0.104, 0.318, 0.115, 0.781, 0.117, 0.318, 0.105, 0.798, 0.101, 0.319, 0.116, 0.781, 0.122, 0.317, 0.104, 0.797, 0.104, 0.327, 0.103, 0.801, 0.107]","[35.12038523274478, 35.18796992481202, 34.92063492063492, 34.86514276674839, 34.65884652981427, 34.97557867912508, 34.65703971119133, 34.84584980237154, 34.66426811622541, 34.72890935733724, 34.6574913981858, 34.86514276674839, 34.53416149068323, 34.73890851982725, 34.48382603312181, 34.53952477092716, 34.53282093086448, 34.79905437352245, 34.56099456099456, 34.635186437152214, 34.60369417816226, 34.48346894633845, 34.78671865768639, 34.81185621189826, 34.53639598835328, 34.57711442786069, 34.436915797729405, 34.46217189912507, 34.37164339419978, 34.42736534168185, 34.58652462968003, 34.405293122018776, 34.412566731958364, 34.453004622496145, 34.43973815941471, 34.34343434343434, 34.094429681498184, 34.29270032092099, 34.50834879406308, 34.57108253665575, 34.67704280155642, 34.911616161616166, 34.897637795275585, 35.2, 34.38517915309446, 34.61300309597523, 34.71203371312627, 35.22267206477733, 35.196422868093265, 35.09254362771021, 34.7079215605112, 34.78892231096359]","[3.7227608346709467, 27.516992481203005, 3.7015873015873013, 11.05225025705924, 3.9511085043988268, 27.211000212359313, 3.9855595667870034, 10.802213438735176, 3.986390833365922, 26.845446933221684, 4.193556459180481, 10.703598829391757, 4.040496894409938, 27.096348645465255, 3.965639993809008, 10.94902935238391, 3.5568805558790415, 27.421654846335695, 3.6289044289044283, 10.9447189141401, 4.221650689735795, 26.621238026573284, 4.139619520264681, 10.617616144628968, 4.144367518602393, 27.0047263681592, 4.132429895727529, 10.821121976325271, 3.540279269602577, 27.369755446637072, 3.5969985614867226, 10.940883212801971, 3.957445174175212, 26.90779661016949, 4.029449364651521, 10.92121212121212, 3.5799151165573093, 27.365574856094955, 3.4853432282003713, 11.028175329193186, 4.022536964980545, 27.265972222222228, 4.257511811023622, 11.1584, 3.576058631921824, 27.58656346749226, 3.6100515061651315, 11.517813765182186, 3.625231555413606, 28.109127445795878, 3.7137476069746986]",586.1447526912596,9.925757912800306,c:\git\RailwAI\VIDEO\20260611\ADTC Rastatt_00_20260611101948.mp4,2026-06-11 10:19:48,Trieb
ADTC1_adz_raw_20260611_1027,2026-06-11 10:26:35.798,2026-06-11 10:26:45.844,"[Timestamp('2026-06-11 10:26:45.844000'), Timestamp('2026-06-11 10:26:45.968000'), Timestamp('2026-06-11 10:26:46.313000'), Timestamp('2026-06-11 10:26:46.435000'), Timestamp('2026-06-11 10:26:46.666000'), Timestamp('2026-06-11 10:26:46.777000'), Timestamp('2026-06-11 10:26:47.566000'), Timestamp('2026-06-11 10:26:47.681000'), Timestamp('2026-06-11 10:26:47.872000'), Timestamp('2026-06-11 10:26:47.986000'), Timestamp('2026-06-11 10:26:48.786000'), Timestamp('2026-06-11 10:26:48.894000'), Timestamp('2026-06-11 10:26:49.092000'), Timestamp('2026-06-11 10:26:49.196000'), Timestamp('2026-06-11 10:26:49.996000'), Timestamp('2026-06-11 10:26:50.102000'), Timestamp('2026-06-11 10:26:50.296000'), Timestamp('2026-06-11 10:26:50.411000'), Timestamp('2026-06-11 10:26:51.208000'), Timestamp('2026-06-11 10:26:51.317000')]","[0.124, 0.345, 0.122, 0.231, 0.111, 0.789, 0.115, 0.191, 0.114, 0.8, 0.108, 0.198, 0.104, 0.8, 0.106, 0.194, 0.115, 0.797, 0.109]","[34.53416149068323, 35.235170518829804, 35.55750658472344, 35.711915034848985, 35.37363263755055, 35.510338037413845, 35.232323232323225, 35.100665757600055, 35.04816724627253, 35.100665757600055, 34.405293122018776, 34.73890851982725, 35.25755720877672, 35.04396482813749, 34.568604846961904, 34.72890935733724, 34.85135989879822, 34.29270032092099, 34.68597143416161, 35.14294892386765]","[4.282236024844721, 12.156133828996282, 4.33801580333626, 8.249452373050117, 3.926473222768111, 28.017656711519525, 4.051717171717171, 6.7042271597016105, 3.9954910660750684, 28.080532606080045, 3.7157716571780277, 6.878303886925796, 3.6667859497127786, 28.035171862509994, 3.6642721137779617, 6.737408415323424, 4.007906388361795, 27.331282155774034, 3.7807708863236154]",191.61960928397636,9.941785290805411,c:\git\RailwAI\VIDEO\20260611\ADTC Rastatt_00_20260611102646.mp4,2026-06-11 10:26:46,Lok
ADTC1_adz_raw_20260611_1032,2026-06-11 10:31:25.104,2026-06-11 10:31:35.197,"[Timestamp('2026-06-11 10:31:35.197000'), Timestamp('2026-06-11 10:31:35.297000'), Timestamp('2026-06-11 10:31:35.482000'), Timestamp('2026-06-11 10:31:35.582000')]","[0.1, 0.185, 0.1]","[34.475822050290134, 34.57711442786069, 35.03696303696303, 34.909552523008564]","[3.4475822050290135, 6.396766169154228, 3.5036963036963034]",13.348044677879544,9.977486849122169,c:\git\RailwAI\VIDEO\20260611\ADTC Rastatt_00_20260611103136.mp4,2026-06-11 10:31:36,Lok
ADTC1_adz_raw_20260611_1044,2026-06-11 10:42:53.590,2026-06-11 10:43:03.617,"[Timestamp('2026-06-11 10:43:03.617000'), Timestamp('2026-06-11 10:43:03.769000'), Timestamp('2026-06-11 10:43:04.104000'), Timestamp('2026-06-11 10:43:04.251000'), Timestamp('2026-06-11 10:43:04.520000'), Timestamp('2026-06-11 10:43:04.607000'), Timestamp('2026-06-11 10:43:05.132000'), Timestamp('2026-06-11 10:43:05.218000'), Timestamp('2026-06-11 10:43:05.832000'), Timestamp('2026-06-11 10:43:06.109000'), Timestamp('2026-06-11 10:43:06.636000'), Timestamp('2026-06-11 10:43:06.722000'), Timestamp('2026-06-11 10:43:07.245000'), Timestamp('2026-06-11 10:43:07.331000'), Timestamp('2026-06-11 10:43:07.625000'), Timestamp('2026-06-11 10:43:08.341000'), Timestamp('2026-06-11 10:43:08.973000'), Timestamp('2026-06-11 10:43:09.059000'), Timestamp('2026-06-11 10:43:09.269000'), Timestamp('2026-06-11 10:43:09.354000'), Timestamp('2026-06-11 10:43:09.990000'), Timestamp('2026-06-11 10:43:10.071000'), Timestamp('2026-06-11 10:43:10.787000'), Timestamp('2026-06-11 10:43:11.075000'), Timestamp('2026-06-11 10:43:11.595000'), Timestamp('2026-06-11 10:43:11.682000'), Timestamp('2026-06-11 10:43:12.288000'), Timestamp('2026-06-11 10:43:12.483000'), Timestamp('2026-06-11 10:43:12.568000'), Timestamp('2026-06-11 10:43:13.169000'), Timestamp('2026-06-11 10:43:13.771000'), Timestamp('2026-06-11 10:43:13.967000'), Timestamp('2026-06-11 10:43:14.053000'), Timestamp('2026-06-11 10:43:14.658000'), Timestamp('2026-06-11 10:43:15.259000'), Timestamp('2026-06-11 10:43:15.450000'), Timestamp('2026-06-11 10:43:15.541000'), Timestamp('2026-06-11 10:43:16.059000'), Timestamp('2026-06-11 10:43:16.142000'), Timestamp('2026-06-11 10:43:16.744000'), Timestamp('2026-06-11 10:43:16.933000'), Timestamp('2026-06-11 10:43:17.627000'), Timestamp('2026-06-11 10:43:18.225000'), Timestamp('2026-06-11 10:43:18.499000'), Timestamp('2026-06-11 10:43:19.099000'), Timestamp('2026-06-11 10:43:19.696000'), Timestamp('2026-06-11 10:43:19.968000'), Timestamp('2026-06-11 10:43:20.571000'), Timestamp('2026-06-11 10:43:21.360000'), Timestamp('2026-06-11 10:43:21.445000'), Timestamp('2026-06-11 10:43:22.046000'), Timestamp('2026-06-11 10:43:22.916000'), Timestamp('2026-06-11 10:43:23.432000'), Timestamp('2026-06-11 10:43:24.302000'), Timestamp('2026-06-11 10:43:24.387000'), Timestamp('2026-06-11 10:43:24.982000'), Timestamp('2026-06-11 10:43:25.488000'), Timestamp('2026-06-11 10:43:25.854000'), Timestamp('2026-06-11 10:43:26.450000'), Timestamp('2026-06-11 10:43:27.314000'), Timestamp('2026-06-11 10:43:28.016000'), Timestamp('2026-06-11 10:43:28.282000'), Timestamp('2026-06-11 10:43:28.875000')]","[0.152, 0.335, 0.147, 0.269, 0.087, 0.525, 0.086, 0.614, 0.277, 0.527, 0.086, 0.523, 0.086, 0.294, 0.716, 0.632, 0.086, 0.21, 0.085, 0.636, 0.081, 0.716, 0.288, 0.52, 0.087, 0.606, 0.195, 0.085, 0.601, 0.602, 0.196, 0.086, 0.605, 0.601, 0.191, 0.091, 0.518, 0.083, 0.602, 0.189, 0.694, 0.598, 0.274, 0.6, 0.597, 0.272, 0.603, 0.789, 0.085, 0.601, 0.87, 0.516, 0.87, 0.085, 0.595, 0.506, 0.366, 0.596, 0.864, 0.702, 0.266, 0.593]","[nan, nan, nan, nan, nan, nan, nan, nan, nan, nan, nan, nan, nan, nan, nan, nan, nan, nan, nan, nan, nan, nan, nan, nan, nan, nan, nan, nan, nan, nan, nan, nan, nan, nan, nan, nan, nan, nan, nan, nan, nan, nan, nan, nan, nan, nan, nan, nan, nan, nan, nan, nan, nan, nan, nan, nan, nan, nan, nan, nan, nan, nan, nan, nan]","[nan, nan, nan, nan, nan, nan, nan, nan, nan, nan, nan, nan, nan, nan, nan, nan, nan, nan, nan, nan, nan, nan, nan, nan, nan, nan, nan, nan, nan, nan, nan, nan, nan, nan, nan, nan, nan, nan, nan, nan, nan, nan, nan, nan, nan, nan, nan, nan, nan, nan, nan, nan, nan, nan, nan, nan, nan, nan, nan, nan, nan, nan]",,9.909957327300695,c:\git\RailwAI\VIDEO\20260611\ADTC Rastatt_00_20260611104304.mp4,2026-06-11 10:43:04,Lok
ADTC1_adz_raw_20260611_1105,2026-06-11 11:04:01.066,2026-06-11 11:04:11.088,"[Timestamp('2026-06-11 11:04:11.088000'), Timestamp('2026-06-11 11:04:11.208000'), Timestamp('2026-06-11 11:04:11.553000'), Timestamp('2026-06-11 11:04:11.672000'), Timestamp('2026-06-11 11:04:12.506000'), Timestamp('2026-06-11 11:04:12.963000'), Timestamp('2026-06-11 11:04:13.044000'), Timestamp('2026-06-11 11:04:13.221000'), Timestamp('2026-06-11 11:04:13.295000'), Timestamp('2026-06-11 11:04:13.833000'), Timestamp('2026-06-11 11:04:14.295000'), Timestamp('2026-06-11 11:04:14.371000'), Timestamp('2026-06-11 11:04:17.196000'), Timestamp('2026-06-11 11:04:17.270000'), Timestamp('2026-06-11 11:04:17.833000'), Timestamp('2026-06-11 11:04:17.907000'), Timestamp('2026-06-11 11:04:18.079000'), Timestamp('2026-06-11 11:04:18.157000'), Timestamp('2026-06-11 11:04:18.716000'), Timestamp('2026-06-11 11:04:18.793000'), Timestamp('2026-06-11 11:04:18.965000'), Timestamp('2026-06-11 11:04:19.041000'), Timestamp('2026-06-11 11:04:19.601000'), Timestamp('2026-06-11 11:04:19.677000'), Timestamp('2026-06-11 11:04:19.846000'), Timestamp('2026-06-11 11:04:19.925000'), Timestamp('2026-06-11 11:04:20.487000'), Timestamp('2026-06-11 11:04:20.562000'), Timestamp('2026-06-11 11:04:20.731000'), Timestamp('2026-06-11 11:04:20.812000'), Timestamp('2026-06-11 11:04:21.349000'), Timestamp('2026-06-11 11:04:21.814000'), Timestamp('2026-06-11 11:04:21.886000'), Timestamp('2026-06-11 11:04:22.060000'), Timestamp('2026-06-11 11:04:22.139000'), Timestamp('2026-06-11 11:04:22.692000'), Timestamp('2026-06-11 11:04:22.775000'), Timestamp('2026-06-11 11:04:23.018000'), Timestamp('2026-06-11 11:04:23.581000'), Timestamp('2026-06-11 11:04:23.657000'), Timestamp('2026-06-11 11:04:23.834000'), Timestamp('2026-06-11 11:04:23.912000'), Timestamp('2026-06-11 11:04:24.546000'), Timestamp('2026-06-11 11:04:25.108000'), Timestamp('2026-06-11 11:04:25.180000'), Timestamp('2026-06-11 11:04:25.362000'), Timestamp('2026-06-11 11:04:25.433000'), Timestamp('2026-06-11 11:04:25.994000'), Timestamp('2026-06-11 11:04:26.071000'), Timestamp('2026-06-11 11:04:26.237000'), Timestamp('2026-06-11 11:04:26.316000'), Timestamp('2026-06-11 11:04:26.878000'), Timestamp('2026-06-11 11:04:26.949000'), Timestamp('2026-06-11 11:04:27.120000'), Timestamp('2026-06-11 11:04:27.195000'), Timestamp('2026-06-11 11:04:27.759000'), Timestamp('2026-06-11 11:04:27.833000'), Timestamp('2026-06-11 11:04:28.004000'), Timestamp('2026-06-11 11:04:28.080000'), Timestamp('2026-06-11 11:04:28.637000'), Timestamp('2026-06-11 11:04:28.718000'), Timestamp('2026-06-11 11:04:28.887000'), Timestamp('2026-06-11 11:04:28.965000'), Timestamp('2026-06-11 11:04:29.429000'), Timestamp('2026-06-11 11:04:29.505000'), Timestamp('2026-06-11 11:04:30.041000'), Timestamp('2026-06-11 11:04:30.292000'), Timestamp('2026-06-11 11:04:30.853000'), Timestamp('2026-06-11 11:04:30.925000'), Timestamp('2026-06-11 11:04:31.177000'), Timestamp('2026-06-11 11:04:31.738000'), Timestamp('2026-06-11 11:04:31.810000')]","[0.12, 0.345, 0.119, 0.834, 0.457, 0.081, 0.177, 0.074, 0.538, 0.462, 0.076, 2.825, 0.074, 0.563, 0.074, 0.172, 0.078, 0.559, 0.077, 0.172, 0.076, 0.56, 0.076, 0.169, 0.079, 0.562, 0.075, 0.169, 0.081, 0.537, 0.465, 0.072, 0.174, 0.079, 0.553, 0.083, 0.243, 0.563, 0.076, 0.177, 0.078, 0.634, 0.562, 0.072, 0.182, 0.071, 0.561, 0.077, 0.166, 0.079, 0.562, 0.071, 0.171, 0.075, 0.564, 0.074, 0.171, 0.076, 0.557, 0.081, 0.169, 0.078, 0.464, 0.076, 0.536, 0.251, 0.561, 0.072, 0.252, 0.561, 0.072]","[nan, nan, nan, nan, nan, nan, nan, nan, nan, nan, nan, nan, nan, nan, nan, nan, nan, nan, nan, nan, nan, nan, nan, nan, nan, nan, nan, nan, nan, nan, nan, nan, nan, nan, nan, nan, nan, nan, nan, nan, nan, nan, nan, nan, nan, nan, nan, nan, nan, nan, nan, nan, nan, nan, nan, nan, nan, nan, nan, nan, nan, nan, nan, nan, nan, nan, nan, nan, nan, nan, nan, nan]","[nan, nan, nan, nan, nan, nan, nan, nan, nan, nan, nan, nan, nan, nan, nan, nan, nan, nan, nan, nan, nan, nan, nan, nan, nan, nan, nan, nan, nan, nan, nan, nan, nan, nan, nan, nan, nan, nan, nan, nan, nan, nan, nan, nan, nan, nan, nan, nan, nan, nan, nan, nan, nan, nan, nan, nan, nan, nan, nan, nan, nan, nan, nan, nan, nan, nan, nan, nan, nan, nan, nan]",,9.920390578757312,c:\git\RailwAI\VIDEO\20260611\ADTC Rastatt_00_20260611110416.mp4,2026-06-11 11:04:16,Lok
ADTC1_adz_raw_20260611_1115,2026-06-11 11:13:28.762,2026-06-11 11:13:38.794,"[Timestamp('2026-06-11 11:13:38.794000'), Timestamp('2026-06-11 11:13:38.900000'), Timestamp('2026-06-11 11:13:39.679000'), Timestamp('2026-06-11 11:13:39.787000'), Timestamp('2026-06-11 11:13:40.097000'), Timestamp('2026-06-11 11:13:40.217000'), Timestamp('2026-06-11 11:13:40.987000'), Timestamp('2026-06-11 11:13:41.098000'), Timestamp('2026-06-11 11:13:41.406000'), Timestamp('2026-06-11 11:13:41.524000'), Timestamp('2026-06-11 11:13:42.289000'), Timestamp('2026-06-11 11:13:42.409000'), Timestamp('2026-06-11 11:13:42.720000'), Timestamp('2026-06-11 11:13:42.833000'), Timestamp('2026-06-11 11:13:43.601000'), Timestamp('2026-06-11 11:13:43.726000'), Timestamp('2026-06-11 11:13:44.033000'), Timestamp('2026-06-11 11:13:44.138000'), Timestamp('2026-06-11 11:13:44.922000'), Timestamp('2026-06-11 11:13:45.027000'), Timestamp('2026-06-11 11:13:45.340000'), Timestamp('2026-06-11 11:13:45.455000'), Timestamp('2026-06-11 11:13:46.230000'), Timestamp('2026-06-11 11:13:46.347000'), Timestamp('2026-06-11 11:13:46.650000'), Timestamp('2026-06-11 11:13:46.773000'), Timestamp('2026-06-11 11:13:47.549000'), Timestamp('2026-06-11 11:13:47.662000'), Timestamp('2026-06-11 11:13:47.978000'), Timestamp('2026-06-11 11:13:48.079000'), Timestamp('2026-06-11 11:13:48.866000'), Timestamp('2026-06-11 11:13:48.973000'), Timestamp('2026-06-11 11:13:49.289000'), Timestamp('2026-06-11 11:13:49.408000'), Timestamp('2026-06-11 11:13:50.180000'), Timestamp('2026-06-11 11:13:50.295000'), Timestamp('2026-06-11 11:13:50.612000'), Timestamp('2026-06-11 11:13:50.718000'), Timestamp('2026-06-11 11:13:51.503000'), Timestamp('2026-06-11 11:13:51.609000'), Timestamp('2026-06-11 11:13:51.924000'), Timestamp('2026-06-11 11:13:52.047000'), Timestamp('2026-06-11 11:13:52.826000'), Timestamp('2026-06-11 11:13:52.939000'), Timestamp('2026-06-11 11:13:53.252000'), Timestamp('2026-06-11 11:13:53.362000'), Timestamp('2026-06-11 11:13:54.149000'), Timestamp('2026-06-11 11:13:54.255000'), Timestamp('2026-06-11 11:13:54.582000'), Timestamp('2026-06-11 11:13:54.685000'), Timestamp('2026-06-11 11:13:55.473000'), Timestamp('2026-06-11 11:13:55.580000')]","[0.106, 0.779, 0.108, 0.31, 0.12, 0.77, 0.111, 0.308, 0.118, 0.765, 0.12, 0.311, 0.113, 0.768, 0.125, 0.307, 0.105, 0.784, 0.105, 0.313, 0.115, 0.775, 0.117, 0.303, 0.123, 0.776, 0.113, 0.316, 0.101, 0.787, 0.107, 0.316, 0.119, 0.772, 0.115, 0.317, 0.106, 0.785, 0.106, 0.315, 0.123, 0.779, 0.113, 0.313, 0.11, 0.787, 0.106, 0.327, 0.103, 0.788, 0.107]","[34.8596283115856, 34.79402765557904, 34.848604632777295, 34.66110531803962, 34.722549250451294, 34.92063492063492, 34.97279362972793, 34.78306531014112, 34.720732504905165, 34.99880468563232, 35.106297633373444, 35.16672257631667, 34.7334537175159, 34.92571670481154, 34.60818956557888, 34.386774317570165, 34.7334537175159, 35.11005322136343, 34.55428238492911, 34.98207885304659, 34.73890851982725, 34.73890851982725, 35.39380771319935, 35.37363263755055, 34.92063492063492, 35.332801104150036, 35.152359021046436, 35.02392344497608, 35.34188728276758, 35.19505808097764, 34.8715785032435, 34.955312810327705, 35.11554327365934, 35.05747126436782, 35.53366174055829, 35.22876693948746, 35.62237647123378, 35.57845125226065, 35.28603934134881, 35.638356164383566, 35.490196078431374, 35.128205128205124, 35.076530612244895, 35.52405615374131, 35.24484536082474, 35.790172642762286, 35.27989035500255, 35.27989035500255, 35.02766389364328, 35.132252559726965, 35.40835041536304, 36.49489810419804]","[3.6951206010280737, 27.104547543696075, 3.763649300339948, 10.74494264859228, 4.166705910054155, 26.888888888888886, 3.8819800928998003, 10.713184115523465, 4.097046435578809, 26.774085584508725, 4.212755716004813, 10.936850721234485, 3.9248802700792966, 26.822950429295265, 4.32602369569736, 10.556739715494041, 3.6470126403391694, 27.52628172554893, 3.628199650417556, 10.949390681003582, 3.994974479780134, 26.92265410286612, 4.141075502444324, 10.718210689177816, 4.295238095238095, 27.41825365682043, 3.9722165693782476, 11.06755980861244, 3.569530615559526, 27.6985107097294, 3.731258899847054, 11.045878848063555, 4.178749649565462, 27.06436781609196, 4.086371100164203, 11.167519119817523, 3.7759719059507804, 27.92908423302461, 3.740320170182974, 11.226082191780824, 4.365294117647059, 27.364871794871792, 3.9636479591836733, 11.119029576121031, 3.8769329896907214, 28.166865869853922, 3.73966837763027, 11.536524146085835, 3.6078493810452574, 27.68421501706485, 3.788693494443845]",589.3186572539586,9.9253660934637,c:\git\RailwAI\VIDEO\20260611\ADTC Rastatt_00_20260611111339.mp4,2026-06-11 11:13:39,Trieb
ADTC1_adz_raw_20260611_1124,2026-06-11 11:23:32.736,2026-06-11 11:23:42.767,"[Timestamp('2026-06-11 11:23:42.767000'), Timestamp('2026-06-11 11:23:42.885000'), Timestamp('2026-06-11 11:23:43.228000'), Timestamp('2026-06-11 11:23:43.342000'), Timestamp('2026-06-11 11:23:43.574000'), Timestamp('2026-06-11 11:23:43.679000'), Timestamp('2026-06-11 11:23:44.461000'), Timestamp('2026-06-11 11:23:44.568000'), Timestamp('2026-06-11 11:23:44.757000'), Timestamp('2026-06-11 11:23:44.868000'), Timestamp('2026-06-11 11:23:45.644000'), Timestamp('2026-06-11 11:23:45.756000'), Timestamp('2026-06-11 11:23:45.943000'), Timestamp('2026-06-11 11:23:46.055000'), Timestamp('2026-06-11 11:23:46.836000'), Timestamp('2026-06-11 11:23:46.948000'), Timestamp('2026-06-11 11:23:47.128000'), Timestamp('2026-06-11 11:23:47.245000'), Timestamp('2026-06-11 11:23:48.019000'), Timestamp('2026-06-11 11:23:48.128000')]","[0.118, 0.343, 0.114, 0.232, 0.105, 0.782, 0.107, 0.189, 0.111, 0.776, 0.112, 0.187, 0.112, 0.781, 0.112, 0.18, 0.117, 0.774, 0.109]","[35.65699164806086, 35.5045118949959, 34.85135989879822, 36.22847866022984, 35.631455722352285, 35.48995489954899, 35.19505808097764, 35.757289903726104, 35.428695936376506, 35.44675642594859, 34.85135989879822, 35.96766951055231, 35.31750862243862, 35.034167353558985, 35.56336095713736, 35.2494138572237, 35.04396482813749, 35.67567567567568, 35.12696331576271, 35.86666666666667]","[4.207525014471181, 12.178047579983595, 3.9730550284629973, 8.405007049173323, 3.74130285084699, 27.75314473144731, 3.765871214664607, 6.758127791804234, 3.932585248937792, 27.50668298653611, 3.903352308665401, 6.725954198473282, 3.955560965713126, 27.36168470312957, 3.9830964271993845, 6.344894494300266, 4.100143884892087, 27.612972972972976, 3.8288390014181353]",190.0378484530924,9.92743123247728,c:\git\RailwAI\VIDEO\20260611\ADTC Rastatt_00_20260611112343.mp4,2026-06-11 11:23:43,Lok
ADTC1_adz_raw_20260611_1145,2026-06-11 11:43:41.312,2026-06-11 11:43:51.344,"[Timestamp('2026-06-11 11:43:51.344000'), Timestamp('2026-06-11 11:43:51.450000'), Timestamp('2026-06-11 11:43:52.237000'), Timestamp('2026-06-11 11:43:52.339000'), Timestamp('2026-06-11 11:43:52.657000'), Timestamp('2026-06-11 11:43:52.769000'), Timestamp('2026-06-11 11:43:53.553000'), Timestamp('2026-06-11 11:43:53.657000'), Timestamp('2026-06-11 11:43:53.969000'), Timestamp('2026-06-11 11:43:54.087000'), Timestamp('2026-06-11 11:43:54.865000'), Timestamp('2026-06-11 11:43:54.979000'), Timestamp('2026-06-11 11:43:55.293000'), Timestamp('2026-06-11 11:43:55.397000'), Timestamp('2026-06-11 11:43:56.188000'), Timestamp('2026-06-11 11:43:56.289000'), Timestamp('2026-06-11 11:43:56.601000'), Timestamp('2026-06-11 11:43:56.719000'), Timestamp('2026-06-11 11:43:57.492000'), Timestamp('2026-06-11 11:43:57.610000'), Timestamp('2026-06-11 11:43:57.927000'), Timestamp('2026-06-11 11:43:58.028000'), Timestamp('2026-06-11 11:43:58.819000'), Timestamp('2026-06-11 11:43:58.920000'), Timestamp('2026-06-11 11:43:59.233000'), Timestamp('2026-06-11 11:43:59.352000'), Timestamp('2026-06-11 11:44:00.132000'), Timestamp('2026-06-11 11:44:00.246000'), Timestamp('2026-06-11 11:44:00.554000'), Timestamp('2026-06-11 11:44:00.669000'), Timestamp('2026-06-11 11:44:01.447000'), Timestamp('2026-06-11 11:44:01.562000'), Timestamp('2026-06-11 11:44:01.878000'), Timestamp('2026-06-11 11:44:01.985000'), Timestamp('2026-06-11 11:44:02.771000'), Timestamp('2026-06-11 11:44:02.873000'), Timestamp('2026-06-11 11:44:03.189000'), Timestamp('2026-06-11 11:44:03.305000'), Timestamp('2026-06-11 11:44:04.084000'), Timestamp('2026-06-11 11:44:04.199000'), Timestamp('2026-06-11 11:44:04.505000'), Timestamp('2026-06-11 11:44:04.624000'), Timestamp('2026-06-11 11:44:05.396000'), Timestamp('2026-06-11 11:44:05.517000'), Timestamp('2026-06-11 11:44:05.822000'), Timestamp('2026-06-11 11:44:05.940000'), Timestamp('2026-06-11 11:44:06.721000'), Timestamp('2026-06-11 11:44:06.839000'), Timestamp('2026-06-11 11:44:07.151000'), Timestamp('2026-06-11 11:44:07.256000'), Timestamp('2026-06-11 11:44:08.042000'), Timestamp('2026-06-11 11:44:08.148000')]","[0.106, 0.787, 0.102, 0.318, 0.112, 0.784, 0.104, 0.312, 0.118, 0.778, 0.114, 0.314, 0.104, 0.791, 0.101, 0.312, 0.118, 0.773, 0.118, 0.317, 0.101, 0.791, 0.101, 0.313, 0.119, 0.78, 0.114, 0.308, 0.115, 0.778, 0.115, 0.316, 0.107, 0.786, 0.102, 0.316, 0.116, 0.779, 0.115, 0.306, 0.119, 0.772, 0.121, 0.305, 0.118, 0.781, 0.118, 0.312, 0.105, 0.786, 0.106]","[34.127244714974864, 34.66110531803962, 34.40860215053763, 34.23340961098398, 34.78671865768639, 34.913245873889124, 35.04396482813749, 34.35595390524968, 34.41258094357077, 34.85503426462836, 34.78671865768639, 34.66833541927409, 33.943028485757125, 34.679186228482, 34.59470690595538, 34.543548324467054, 34.86514276674839, 34.55428238492911, 34.49546010689677, 34.82832956517167, 34.72890935733724, 34.502516453735964, 34.405293122018776, 34.644194756554306, 34.74579593116695, 34.81545604784765, 34.81545604784765, 35.076530612244895, 34.58652462968003, 34.89989462592202, 34.539958142779625, 34.915071092545496, 34.79081472161057, 34.38439398784777, 34.84448164909619, 34.941658782718385, 34.67704280155642, 34.34343434343434, 34.8040049734965, 34.99446290143965, 34.82916076208471, 34.877041117450325, 34.56892101187403, 34.93091196210028, 34.82352941176471, 34.75, 34.607020813917366, 34.49869089789003, 34.44431630338677, 34.766267324406854, 35.15500159795462, 35.406234857050556]","[3.6174879397873356, 27.27828988529718, 3.5096774193548383, 10.886224256292907, 3.8961124896608763, 27.371984765129074, 3.644572342126299, 10.7190576184379, 4.0606845513413505, 27.117216657880864, 3.9656859269762488, 10.885857321652063, 3.5300749625187406, 27.431236306729264, 3.4940653975014935, 10.77758707723372, 4.11408684647631, 26.7104602835502, 4.070464292613819, 11.04058047215942, 3.507619845091061, 27.29149051490515, 3.4749346053238965, 10.843632958801498, 4.1347497158088675, 27.156055717321166, 3.9689619894546317, 10.803571428571427, 3.9774503324132033, 27.152118018967336, 3.972095186419657, 11.033162465244377, 3.7226171752123314, 27.02613367444835, 3.554137128207811, 11.04156417533901, 4.022536964980545, 26.75353535353535, 4.002460571952097, 10.708305647840533, 4.14467013068808, 26.925075742671652, 4.182839442436758, 10.653928148440587, 4.109176470588236, 27.13975, 4.083628456042249, 10.76359156014169, 3.6166532118556107, 27.326286116983788, 3.72643016938319]",582.94056973179,9.918295963858352,c:\git\RailwAI\VIDEO\20260611\ADTC Rastatt_00_20260611114352.mp4,2026-06-11 11:43:52,Trieb
ADTC1_adz_raw_20260611_1150,2026-06-11 11:49:15.552,2026-06-11 11:49:25.575,"[Timestamp('2026-06-11 11:49:25.575000'), Timestamp('2026-06-11 11:49:25.704000'), Timestamp('2026-06-11 11:49:26.062000'), Timestamp('2026-06-11 11:49:26.187000'), Timestamp('2026-06-11 11:49:26.407000'), Timestamp('2026-06-11 11:49:26.490000'), Timestamp('2026-06-11 11:49:26.942000'), Timestamp('2026-06-11 11:49:27.019000'), Timestamp('2026-06-11 11:49:27.180000'), Timestamp('2026-06-11 11:49:27.260000'), Timestamp('2026-06-11 11:49:27.709000'), Timestamp('2026-06-11 11:49:27.789000'), Timestamp('2026-06-11 11:49:27.947000'), Timestamp('2026-06-11 11:49:28.026000'), Timestamp('2026-06-11 11:49:28.475000'), Timestamp('2026-06-11 11:49:28.555000'), Timestamp('2026-06-11 11:49:28.713000'), Timestamp('2026-06-11 11:49:28.791000'), Timestamp('2026-06-11 11:49:29.238000'), Timestamp('2026-06-11 11:49:29.317000'), Timestamp('2026-06-11 11:49:29.474000'), Timestamp('2026-06-11 11:49:29.554000'), Timestamp('2026-06-11 11:49:29.997000'), Timestamp('2026-06-11 11:49:30.079000'), Timestamp('2026-06-11 11:49:30.235000'), Timestamp('2026-06-11 11:49:30.315000'), Timestamp('2026-06-11 11:49:30.758000'), Timestamp('2026-06-11 11:49:30.843000'), Timestamp('2026-06-11 11:49:30.996000'), Timestamp('2026-06-11 11:49:31.075000'), Timestamp('2026-06-11 11:49:31.523000'), Timestamp('2026-06-11 11:49:31.599000'), Timestamp('2026-06-11 11:49:31.756000'), Timestamp('2026-06-11 11:49:31.835000'), Timestamp('2026-06-11 11:49:32.281000'), Timestamp('2026-06-11 11:49:32.356000'), Timestamp('2026-06-11 11:49:32.510000'), Timestamp('2026-06-11 11:49:32.590000'), Timestamp('2026-06-11 11:49:33.033000'), Timestamp('2026-06-11 11:49:33.109000'), Timestamp('2026-06-11 11:49:33.265000'), Timestamp('2026-06-11 11:49:33.341000'), Timestamp('2026-06-11 11:49:33.787000'), Timestamp('2026-06-11 11:49:33.862000'), Timestamp('2026-06-11 11:49:34.015000'), Timestamp('2026-06-11 11:49:34.095000'), Timestamp('2026-06-11 11:49:34.537000'), Timestamp('2026-06-11 11:49:34.614000'), Timestamp('2026-06-11 11:49:34.767000'), Timestamp('2026-06-11 11:49:34.846000'), Timestamp('2026-06-11 11:49:35.288000'), Timestamp('2026-06-11 11:49:35.365000'), Timestamp('2026-06-11 11:49:35.518000'), Timestamp('2026-06-11 11:49:35.596000'), Timestamp('2026-06-11 11:49:36.036000'), Timestamp('2026-06-11 11:49:36.115000'), Timestamp('2026-06-11 11:49:36.270000'), Timestamp('2026-06-11 11:49:36.346000'), Timestamp('2026-06-11 11:49:36.785000'), Timestamp('2026-06-11 11:49:36.861000'), Timestamp('2026-06-11 11:49:37.015000'), Timestamp('2026-06-11 11:49:37.093000'), Timestamp('2026-06-11 11:49:37.531000'), Timestamp('2026-06-11 11:49:37.608000'), Timestamp('2026-06-11 11:49:37.761000'), Timestamp('2026-06-11 11:49:37.837000'), Timestamp('2026-06-11 11:49:38.278000'), Timestamp('2026-06-11 11:49:38.352000'), Timestamp('2026-06-11 11:49:38.504000'), Timestamp('2026-06-11 11:49:38.583000'), Timestamp('2026-06-11 11:49:39.018000'), Timestamp('2026-06-11 11:49:39.097000'), Timestamp('2026-06-11 11:49:39.246000'), Timestamp('2026-06-11 11:49:39.326000'), Timestamp('2026-06-11 11:49:39.762000'), Timestamp('2026-06-11 11:49:39.839000'), Timestamp('2026-06-11 11:49:39.984000'), Timestamp('2026-06-11 11:49:40.069000'), Timestamp('2026-06-11 11:49:40.501000'), Timestamp('2026-06-11 11:49:40.580000'), Timestamp('2026-06-11 11:49:40.727000'), Timestamp('2026-06-11 11:49:40.808000'), Timestamp('2026-06-11 11:49:41.242000'), Timestamp('2026-06-11 11:49:41.318000')]","[0.129, 0.358, 0.125, 0.22, 0.083, 0.452, 0.077, 0.161, 0.08, 0.449, 0.08, 0.158, 0.079, 0.449, 0.08, 0.158, 0.078, 0.447, 0.079, 0.157, 0.08, 0.443, 0.082, 0.156, 0.08, 0.443, 0.085, 0.153, 0.079, 0.448, 0.076, 0.157, 0.079, 0.446, 0.075, 0.154, 0.08, 0.443, 0.076, 0.156, 0.076, 0.446, 0.075, 0.153, 0.08, 0.442, 0.077, 0.153, 0.079, 0.442, 0.077, 0.153, 0.078, 0.44, 0.079, 0.155, 0.076, 0.439, 0.076, 0.154, 0.078, 0.438, 0.077, 0.153, 0.076, 0.441, 0.074, 0.152, 0.079, 0.435, 0.079, 0.149, 0.08, 0.436, 0.077, 0.145, 0.085, 0.432, 0.079, 0.147, 0.081, 0.434, 0.076]","[33.70057052921503, 33.568075117370896, 33.80952380952381, 34.28615160907664, 33.39221332300917, 33.62614712666242, 33.56684393911608, 33.80952380952381, 33.56643356643357, 33.39140534262486, 33.28766135429437, 33.568075117370896, 33.33373521575058, 33.403529155471645, 33.347807207989575, 33.39382940108893, 33.451101802950284, 33.57012728184186, 33.224357822884855, 33.33976461508779, 33.17734695826569, 33.29806675002405, 33.00372142477406, 33.00372142477406, 32.66666666666667, 33.06302461232039, 33.11762466692045, 32.999432999433, 32.66250824547801, 32.944832944832946, 32.75898151377747, 32.72473867595819, 32.77825038164381, 32.742992609120066, 32.795448185803565, 32.795448185803565, 32.68368942157373, 32.87132421801835, 32.76812504361175, 32.75060442626, 32.56572150154976, 32.200647249190936, 32.10075026795284, 32.41839593631124, 32.36763236763237, 32.49511132457374, 32.28602383531961, 32.267087750958716, 32.515934135094, 32.40589198036007, 32.368474737629484, 32.211150013466195, 32.06984098703844, 32.188032654525884, 31.795376291195275, 32.33273056057866, 31.957671957671955, 32.10308657801161, 32.12887247738149, 32.06829853931835, 32.00353825740822, 31.94253164835891, 31.83844741673223, 31.76208956525531, 31.76208956525531, 31.957671957671955, 31.8057187622405, 31.805776914175922, 31.702786377708975, 31.82175622542595, 31.479107921045884, 31.71599687527124, 31.522787169762807, 31.6997773406256, 31.6997773406256, 31.644367716875266, 31.260504201680668, 32.34878557491758, 31.446166914419194, 31.551901336073996, 31.487811890993896, 31.655728886498114, 31.20135222553786, 31.158096868118676]","[4.347373598268739, 12.01737089201878, 4.226190476190476, 7.542953353996861, 2.7715537058097617, 15.199018501251413, 2.5846469833119383, 5.443333333333333, 2.6853146853146854, 14.992740998838562, 2.66301290834355, 5.303755868544601, 2.6333650820442958, 14.998184590806769, 2.667824576639166, 5.276225045372051, 2.6091859406301223, 15.005846894983312, 2.6247242680079035, 5.234343044568782, 2.654187756661255, 14.751043570260654, 2.7063051568314727, 5.148580542264753, 2.6133333333333337, 14.646919903257933, 2.8149980966882384, 5.048913248913249, 2.5803381513927626, 14.75928515928516, 2.4896825950470878, 5.137783972125436, 2.589481780149861, 14.60337470366755, 2.459658613935267, 5.050499020613749, 2.6146951537258984, 14.56199662858213, 2.490377503314493, 5.10909429049656, 2.4749948341177817, 14.361488673139158, 2.407556270096463, 4.9600145782556195, 2.5894105894105897, 14.362839205461594, 2.48602383531961, 4.936864425896683, 2.568758796672426, 14.32340425531915, 2.49237255479747, 4.928305952060327, 2.5014475969889984, 14.162734367991389, 2.511834727004427, 5.011573236889692, 2.4287830687830687, 14.093255007747098, 2.4417943082809934, 4.938517975055025, 2.4962759840778412, 13.990828861981202, 2.4515604510883815, 4.859599703484062, 2.4139188069594035, 14.093333333333332, 2.353623188405797, 4.8344780909547405, 2.504520123839009, 13.84246395806029, 2.486849525762625, 4.725683534415415, 2.5218229735810245, 13.821102920512763, 2.440882855228171, 4.5884333189469135, 2.657142857142857, 13.974675368364393, 2.4842471862391164, 4.638129496402877, 2.550512763170506, 13.738586336740182, 2.3713027691408772]",513.4794625959412,9.916662694440474,c:\git\RailwAI\VIDEO\20260611\ADTC Rastatt_00_20260611114926.mp4,2026-06-11 11:49:26,Lok
ADTC1_adz_raw_20260611_1154,2026-06-11 11:52:44.467,2026-06-11 11:52:54.597,"[Timestamp('2026-06-11 11:52:54.597000'), Timestamp('2026-06-11 11:52:54.733000'), Timestamp('2026-06-11 11:52:55.240000'), Timestamp('2026-06-11 11:52:55.377000'), Timestamp('2026-06-11 11:52:55.531000'), Timestamp('2026-06-11 11:52:55.663000'), Timestamp('2026-06-11 11:52:56.389000'), Timestamp('2026-06-11 11:52:56.531000'), Timestamp('2026-06-11 11:52:57.244000'), Timestamp('2026-06-11 11:52:57.380000'), Timestamp('2026-06-11 11:52:58.111000'), Timestamp('2026-06-11 11:52:58.250000'), Timestamp('2026-06-11 11:52:58.974000'), Timestamp('2026-06-11 11:52:59.105000'), Timestamp('2026-06-11 11:52:59.819000'), Timestamp('2026-06-11 11:52:59.965000'), Timestamp('2026-06-11 11:53:00.686000'), Timestamp('2026-06-11 11:53:00.827000'), Timestamp('2026-06-11 11:53:01.543000'), Timestamp('2026-06-11 11:53:01.680000'), Timestamp('2026-06-11 11:53:02.404000'), Timestamp('2026-06-11 11:53:02.542000'), Timestamp('2026-06-11 11:53:02.691000'), Timestamp('2026-06-11 11:53:02.830000'), Timestamp('2026-06-11 11:53:03.332000'), Timestamp('2026-06-11 11:53:03.466000')]","[0.136, 0.507, 0.137, 0.154, 0.132, 0.726, 0.142, 0.713, 0.136, 0.731, 0.139, 0.724, 0.131, 0.714, 0.146, 0.721, 0.141, 0.716, 0.137, 0.724, 0.138, 0.149, 0.139, 0.502, 0.134]","[35.36499321573948, 34.47315488163392, 34.04940383357649, 34.55428238492911, 34.365634365634364, 34.8715785032435, 34.174521131042866, 34.56099456099456, 33.53737349103768, 34.26390125970225, 33.68794326241135, 33.80952380952381, 33.932853717026376, 33.875183590152105, 33.90050073490944, 33.74434752526625, 33.5812133072407, 33.704543214743275, 32.86286075416052, 33.80658920976602, 33.69458128078818, 33.66249078850405, 33.90050073490944, 33.58241758241758, 34.077262943242324, 33.95124872133928]","[4.80963907734057, 17.477889524988395, 4.664768325199979, 5.321359487279083, 4.536263736263736, 25.316765993354778, 4.852782000608086, 24.64198912198912, 4.561082794781124, 25.046911820842347, 4.682624113475178, 24.47809523809524, 4.445203836930456, 24.1868810833686, 4.949473107296778, 24.329674565716964, 4.734951076320939, 24.132452941756185, 4.502211923319992, 24.475970587870595, 4.649852216748769, 5.015711127487103, 4.712169602152413, 16.858373626373623, 4.566353234394472]",301.9494501639546,10.01974157209646,c:\git\RailwAI\VIDEO\20260611\ADTC Rastatt_00_20260611115255.mp4,2026-06-11 11:52:55,Trieb
ADTC1_adz_raw_20260611_1200,2026-06-11 11:59:04.656,2026-06-11 11:59:14.774,"[Timestamp('2026-06-11 11:59:14.774000'), Timestamp('2026-06-11 11:59:16.145000'), Timestamp('2026-06-11 11:59:16.492000'), Timestamp('2026-06-11 11:59:16.960000'), Timestamp('2026-06-11 11:59:17.409000'), Timestamp('2026-06-11 11:59:17.866000')]","[1.371, 0.347, 0.468, 0.449, 0.457]","[26.915018959715354, 34.57547287692336, 27.152951371529504, 31.257406188281763, 29.80403413543374, 54.46965978174677, 33.21799307958478, 34.7331445947363]","[36.90049099376975, 11.997689088292404, 12.70758124187581, 14.034575378538513, 13.62044359989322]",89.2607803023697,9.91829422816446,c:\git\RailwAI\VIDEO\20260611\ADTC Rastatt_00_20260611115915.mp4,2026-06-11 11:59:15,Trieb
ADTC1_adz_raw_20260611_1205,2026-06-11 12:03:22.029,2026-06-11 12:03:32.055,"[Timestamp('2026-06-11 12:03:32.055000'), Timestamp('2026-06-11 12:03:32.187000'), Timestamp('2026-06-11 12:03:32.486000'), Timestamp('2026-06-11 12:03:32.625000'), Timestamp('2026-06-11 12:03:35.161000'), Timestamp('2026-06-11 12:03:35.810000'), Timestamp('2026-06-11 12:03:36.906000'), Timestamp('2026-06-11 12:03:36.984000'), Timestamp('2026-06-11 12:03:37.456000'), Timestamp('2026-06-11 12:03:38.253000'), Timestamp('2026-06-11 12:03:38.334000'), Timestamp('2026-06-11 12:03:38.879000'), Timestamp('2026-06-11 12:03:41.166000'), Timestamp('2026-06-11 12:03:41.246000'), Timestamp('2026-06-11 12:03:41.815000'), Timestamp('2026-06-11 12:03:41.891000'), Timestamp('2026-06-11 12:03:42.461000'), Timestamp('2026-06-11 12:03:42.537000'), Timestamp('2026-06-11 12:03:42.726000'), Timestamp('2026-06-11 12:03:42.803000'), Timestamp('2026-06-11 12:03:43.449000'), Timestamp('2026-06-11 12:03:44.091000'), Timestamp('2026-06-11 12:03:47.390000'), Timestamp('2026-06-11 12:03:47.468000'), Timestamp('2026-06-11 12:03:48.035000'), Timestamp('2026-06-11 12:03:48.110000'), Timestamp('2026-06-11 12:03:52.125000'), Timestamp('2026-06-11 12:03:52.772000'), Timestamp('2026-06-11 12:03:53.856000'), Timestamp('2026-06-11 12:03:53.933000'), Timestamp('2026-06-11 12:03:54.578000'), Timestamp('2026-06-11 12:03:55.224000'), Timestamp('2026-06-11 12:03:55.486000'), Timestamp('2026-06-11 12:03:56.126000')]","[0.132, 0.299, 0.139, 2.536, 0.649, 1.096, 0.078, 0.472, 0.797, 0.081, 0.545, 2.287, 0.08, 0.569, 0.076, 0.57, 0.076, 0.189, 0.077, 0.646, 0.642, 3.299, 0.078, 0.567, 0.075, 4.015, 0.647, 1.084, 0.077, 0.645, 0.646, 0.262, 0.64]","[nan, nan, nan, nan, nan, nan, nan, nan, nan, nan, nan, nan, nan, nan, nan, nan, nan, nan, nan, nan, nan, nan, nan, nan, nan, nan, nan, nan, nan, nan, nan, nan, nan, nan, nan, nan, nan, nan, nan, nan, nan, nan, nan]","[nan, nan, nan, nan, nan, nan, nan, nan, nan, nan, nan, nan, nan, nan, nan, nan, nan, nan, nan, nan, nan, nan, nan, nan, nan, nan, nan, nan, nan, nan, nan, nan, nan]",,9.913555543418354,c:\git\RailwAI\VIDEO\20260611\ADTC Rastatt_00_20260611120332.mp4,2026-06-11 12:03:32,Lok
ADTC1_adz_raw_20260611_1228,2026-06-11 12:27:20.941,2026-06-11 12:27:30.964,"[Timestamp('2026-06-11 12:27:30.964000'), Timestamp('2026-06-11 12:27:31.071000'), Timestamp('2026-06-11 12:27:31.405000'), Timestamp('2026-06-11 12:27:31.513000'), Timestamp('2026-06-11 12:27:31.734000'), Timestamp('2026-06-11 12:27:31.833000'), Timestamp('2026-06-11 12:27:32.593000'), Timestamp('2026-06-11 12:27:32.690000'), Timestamp('2026-06-11 12:27:32.873000'), Timestamp('2026-06-11 12:27:32.985000'), Timestamp('2026-06-11 12:27:33.732000'), Timestamp('2026-06-11 12:27:33.840000'), Timestamp('2026-06-11 12:27:34.026000'), Timestamp('2026-06-11 12:27:34.136000'), Timestamp('2026-06-11 12:27:34.894000'), Timestamp('2026-06-11 12:27:35.004000'), Timestamp('2026-06-11 12:27:35.189000'), Timestamp('2026-06-11 12:27:35.292000'), Timestamp('2026-06-11 12:27:36.056000'), Timestamp('2026-06-11 12:27:36.167000')]","[0.107, 0.334, 0.108, 0.221, 0.099, 0.76, 0.097, 0.183, 0.112, 0.747, 0.108, 0.186, 0.11, 0.758, 0.11, 0.185, 0.103, 0.764, 0.111]","[36.79025034872623, 37.4281805745554, 37.28506787330316, 37.430456328094124, 38.023529411764706, 37.63694951664876, 37.88175959652563, 37.14537550233801, 37.21433400946586, 37.36961451247166, 36.801057501652345, 37.17752808988764, 36.85342921984143, 36.64976394474558, 36.35895896754276, 36.75398168134881, 36.93181818181818, 36.7059235585132, 36.31682828456191, 36.949860105697915]","[3.9365567873137066, 12.501012311901503, 4.026787330316742, 8.272130848508802, 3.764329411764706, 28.60408163265306, 3.6745306808629867, 6.797603716927856, 4.168005409060176, 27.91510204081633, 3.974514210178453, 6.9150202247191, 4.053877214182557, 27.78052107011715, 3.999485486429704, 6.79948661104953, 3.8039772727272725, 28.043325598704083, 4.031167939586372]",193.0615157978201,9.920311761364314,c:\git\RailwAI\VIDEO\20260611\ADTC Rastatt_00_20260611122731.mp4,2026-06-11 12:27:31,Lok
ADTC1_adz_raw_20260611_1243,2026-06-11 12:41:36.118,2026-06-11 12:41:46.209,"[Timestamp('2026-06-11 12:41:46.209000'), Timestamp('2026-06-11 12:41:46.310000'), Timestamp('2026-06-11 12:41:47.096000'), Timestamp('2026-06-11 12:41:47.200000'), Timestamp('2026-06-11 12:41:47.515000'), Timestamp('2026-06-11 12:41:47.628000'), Timestamp('2026-06-11 12:41:48.405000'), Timestamp('2026-06-11 12:41:48.521000'), Timestamp('2026-06-11 12:41:48.825000'), Timestamp('2026-06-11 12:41:48.942000'), Timestamp('2026-06-11 12:41:49.718000'), Timestamp('2026-06-11 12:41:49.832000'), Timestamp('2026-06-11 12:41:50.146000'), Timestamp('2026-06-11 12:41:50.248000'), Timestamp('2026-06-11 12:41:51.038000'), Timestamp('2026-06-11 12:41:51.140000'), Timestamp('2026-06-11 12:41:51.452000'), Timestamp('2026-06-11 12:41:51.569000'), Timestamp('2026-06-11 12:41:52.342000'), Timestamp('2026-06-11 12:41:52.459000'), Timestamp('2026-06-11 12:41:52.766000'), Timestamp('2026-06-11 12:41:52.889000'), Timestamp('2026-06-11 12:41:53.656000'), Timestamp('2026-06-11 12:41:53.772000'), Timestamp('2026-06-11 12:41:54.086000'), Timestamp('2026-06-11 12:41:54.193000'), Timestamp('2026-06-11 12:41:54.975000'), Timestamp('2026-06-11 12:41:55.083000'), Timestamp('2026-06-11 12:41:55.388000'), Timestamp('2026-06-11 12:41:55.509000'), Timestamp('2026-06-11 12:41:56.279000'), Timestamp('2026-06-11 12:41:56.401000'), Timestamp('2026-06-11 12:41:56.714000'), Timestamp('2026-06-11 12:41:56.820000'), Timestamp('2026-06-11 12:41:57.601000'), Timestamp('2026-06-11 12:41:57.704000'), Timestamp('2026-06-11 12:41:58.020000'), Timestamp('2026-06-11 12:41:58.138000'), Timestamp('2026-06-11 12:41:58.910000'), Timestamp('2026-06-11 12:41:59.024000'), Timestamp('2026-06-11 12:41:59.339000'), Timestamp('2026-06-11 12:41:59.441000'), Timestamp('2026-06-11 12:42:00.231000'), Timestamp('2026-06-11 12:42:00.336000'), Timestamp('2026-06-11 12:42:00.654000'), Timestamp('2026-06-11 12:42:00.755000'), Timestamp('2026-06-11 12:42:01.542000'), Timestamp('2026-06-11 12:42:01.644000')]","[0.101, 0.786, 0.104, 0.315, 0.113, 0.777, 0.116, 0.304, 0.117, 0.776, 0.114, 0.314, 0.102, 0.79, 0.102, 0.312, 0.117, 0.773, 0.117, 0.307, 0.123, 0.767, 0.116, 0.314, 0.107, 0.782, 0.108, 0.305, 0.121, 0.77, 0.122, 0.313, 0.106, 0.781, 0.103, 0.316, 0.118, 0.772, 0.114, 0.315, 0.102, 0.79, 0.105, 0.318, 0.101, 0.787, 0.102]","[34.54846727423364, 34.913245873889124, 34.289650597645135, 34.65884652981427, 35.17663481155374, 34.59470690595538, 34.53282093086448, 34.71982420342175, 34.352435089875556, 34.78991596638655, 34.59470690595538, 34.848604632777295, 34.78260869565217, 34.97557867912508, 34.289650597645135, 34.91093743801325, 34.3717974994876, 35.02392344497608, 34.35595390524968, 34.54846727423364, 35.074338289219284, 34.46217189912507, 34.475822050290134, 34.82832956517167, 34.568604846961904, 34.61358557247544, 34.80499691305319, 34.93172435693871, 34.69366454441081, 34.837946223128, 34.81185621189826, 34.955312810327705, 34.91761723700887, 34.99880468563232, 34.19374430610385, 35.059378623695466, 34.915071092545496, 34.607020813917366, 34.78806907378336, 34.92960722681529, 34.915071092545496, 34.843791021265424, 34.68930673472577, 34.94252873563218, 34.75896685140646, 34.82916076208471, 35.094715852442675, 35.15500159795462]","[3.4893951946975976, 27.441811256876854, 3.566123662155094, 10.917536656891494, 3.974959733705573, 26.88008726592733, 4.00580722798028, 10.554826557840212, 4.01923490551544, 26.996974789915964, 3.943796587278913, 10.942461854692072, 3.5478260869565212, 27.630707156508812, 3.4975443609598034, 10.892212480660135, 4.021500307440049, 27.073492822966507, 4.019646606914212, 10.606379453189726, 4.314143609573972, 26.43248584662893, 3.999195357833656, 10.936095483463905, 3.6988407186249237, 27.0678239176758, 3.758939666609744, 10.654175928866305, 4.197933409873707, 26.82521859180856, 4.247046457851588, 10.94101290963257, 3.70126742712294, 27.334066459478844, 3.5219556635286966, 11.078763645087767, 4.1199783889203685, 26.716620068344206, 3.9658398744113033, 11.002826276446818, 3.56133725143964, 27.526594906799687, 3.6423772071462057, 11.111724137931034, 3.510655651992053, 27.410549519760668, 3.5796610169491525]",536.8794543628754,9.98109055083702,c:\git\RailwAI\VIDEO\20260611\ADTC Rastatt_00_20260611124147.mp4,2026-06-11 12:41:47,Trieb
ADTC1_adz_raw_20260611_1247,2026-06-11 12:45:42.662,2026-06-11 12:45:52.687,"[Timestamp('2026-06-11 12:45:52.687000'), Timestamp('2026-06-11 12:45:52.817000'), Timestamp('2026-06-11 12:45:53.100000'), Timestamp('2026-06-11 12:45:53.230000'), Timestamp('2026-06-11 12:45:53.533000'), Timestamp('2026-06-11 12:45:54.048000'), Timestamp('2026-06-11 12:45:54.494000'), Timestamp('2026-06-11 12:45:54.569000'), Timestamp('2026-06-11 12:45:54.734000'), Timestamp('2026-06-11 12:45:55.332000'), Timestamp('2026-06-11 12:45:55.860000'), Timestamp('2026-06-11 12:45:56.622000'), Timestamp('2026-06-11 12:45:57.150000'), Timestamp('2026-06-11 12:45:57.393000'), Timestamp('2026-06-11 12:45:57.923000'), Timestamp('2026-06-11 12:45:58.444000'), Timestamp('2026-06-11 12:45:58.687000'), Timestamp('2026-06-11 12:45:59.214000'), Timestamp('2026-06-11 12:45:59.918000'), Timestamp('2026-06-11 12:45:59.992000'), Timestamp('2026-06-11 12:46:00.448000'), Timestamp('2026-06-11 12:46:00.523000'), Timestamp('2026-06-11 12:46:01.054000'), Timestamp('2026-06-11 12:46:01.301000'), Timestamp('2026-06-11 12:46:01.831000'), Timestamp('2026-06-11 12:46:02.613000'), Timestamp('2026-06-11 12:46:03.151000'), Timestamp('2026-06-11 12:46:03.679000'), Timestamp('2026-06-11 12:46:03.858000'), Timestamp('2026-06-11 12:46:03.934000'), Timestamp('2026-06-11 12:46:04.491000'), Timestamp('2026-06-11 12:46:04.566000'), Timestamp('2026-06-11 12:46:05.202000'), Timestamp('2026-06-11 12:46:05.456000'), Timestamp('2026-06-11 12:46:05.992000'), Timestamp('2026-06-11 12:46:06.530000'), Timestamp('2026-06-11 12:46:06.713000'), Timestamp('2026-06-11 12:46:06.791000'), Timestamp('2026-06-11 12:46:07.355000'), Timestamp('2026-06-11 12:46:07.429000'), Timestamp('2026-06-11 12:46:07.990000'), Timestamp('2026-06-11 12:46:08.066000'), Timestamp('2026-06-11 12:46:08.250000'), Timestamp('2026-06-11 12:46:08.326000'), Timestamp('2026-06-11 12:46:08.887000'), Timestamp('2026-06-11 12:46:08.964000'), Timestamp('2026-06-11 12:46:09.525000'), Timestamp('2026-06-11 12:46:09.601000'), Timestamp('2026-06-11 12:46:09.779000'), Timestamp('2026-06-11 12:46:09.859000'), Timestamp('2026-06-11 12:46:10.322000'), Timestamp('2026-06-11 12:46:10.398000'), Timestamp('2026-06-11 12:46:10.859000'), Timestamp('2026-06-11 12:46:10.940000'), Timestamp('2026-06-11 12:46:12.448000'), Timestamp('2026-06-11 12:46:12.529000'), Timestamp('2026-06-11 12:46:12.994000'), Timestamp('2026-06-11 12:46:13.070000'), Timestamp('2026-06-11 12:46:13.863000'), Timestamp('2026-06-11 12:46:14.334000'), Timestamp('2026-06-11 12:46:14.409000'), Timestamp('2026-06-11 12:46:14.874000'), Timestamp('2026-06-11 12:46:14.950000'), Timestamp('2026-06-11 12:46:15.206000'), Timestamp('2026-06-11 12:46:15.577000'), Timestamp('2026-06-11 12:46:16.121000')]","[0.13, 0.283, 0.13, 0.303, 0.515, 0.446, 0.075, 0.165, 0.598, 0.528, 0.762, 0.528, 0.243, 0.53, 0.521, 0.243, 0.527, 0.704, 0.074, 0.456, 0.075, 0.531, 0.247, 0.53, 0.782, 0.538, 0.528, 0.179, 0.076, 0.557, 0.075, 0.636, 0.254, 0.536, 0.538, 0.183, 0.078, 0.564, 0.074, 0.561, 0.076, 0.184, 0.076, 0.561, 0.077, 0.561, 0.076, 0.178, 0.08, 0.463, 0.076, 0.461, 0.081, 1.508, 0.081, 0.465, 0.076, 0.793, 0.471, 0.075, 0.465, 0.076, 0.256, 0.371, 0.544]","[nan, nan, nan, nan, nan, nan, nan, nan, nan, nan, nan, nan, nan, nan, nan, nan, nan, nan, nan, nan, nan, nan, nan, nan, nan, nan, nan, nan, nan, nan, nan, nan, nan, nan, nan, nan, nan, nan, nan, nan, nan, nan, nan, nan, nan, nan, nan, nan, nan, nan, nan, nan, nan, nan, nan, nan, nan, nan, nan, nan, nan, nan]","[nan, nan, nan, nan, nan, nan, nan, nan, nan, nan, nan, nan, nan, nan, nan, nan, nan, nan, nan, nan, nan, nan, nan, nan, nan, nan, nan, nan, nan, nan, nan, nan, nan, nan, nan, nan, nan, nan, nan, nan, nan, nan, nan, nan, nan, nan, nan, nan, nan, nan, nan, nan, nan, nan, nan, nan, nan, nan, nan, nan, nan, nan]",,9.928404652257552,c:\git\RailwAI\VIDEO\20260611\ADTC Rastatt_00_20260611124553.mp4,2026-06-11 12:45:53,Lok
ADTC1_adz_raw_20260611_1252,2026-06-11 12:51:17.626,2026-06-11 12:51:27.673,"[Timestamp('2026-06-11 12:51:27.673000'), Timestamp('2026-06-11 12:51:27.796000'), Timestamp('2026-06-11 12:51:28.193000'), Timestamp('2026-06-11 12:51:28.328000'), Timestamp('2026-06-11 12:51:28.570000'), Timestamp('2026-06-11 12:51:28.658000'), Timestamp('2026-06-11 12:51:29.030000'), Timestamp('2026-06-11 12:51:29.113000'), Timestamp('2026-06-11 12:51:29.285000'), Timestamp('2026-06-11 12:51:29.377000'), Timestamp('2026-06-11 12:51:29.742000'), Timestamp('2026-06-11 12:51:29.832000'), Timestamp('2026-06-11 12:51:30.008000'), Timestamp('2026-06-11 12:51:30.096000'), Timestamp('2026-06-11 12:51:30.464000'), Timestamp('2026-06-11 12:51:30.552000'), Timestamp('2026-06-11 12:51:30.724000'), Timestamp('2026-06-11 12:51:30.811000'), Timestamp('2026-06-11 12:51:31.181000'), Timestamp('2026-06-11 12:51:31.265000'), Timestamp('2026-06-11 12:51:31.437000'), Timestamp('2026-06-11 12:51:31.523000'), Timestamp('2026-06-11 12:51:31.892000'), Timestamp('2026-06-11 12:51:31.974000'), Timestamp('2026-06-11 12:51:32.144000'), Timestamp('2026-06-11 12:51:32.230000'), Timestamp('2026-06-11 12:51:32.598000'), Timestamp('2026-06-11 12:51:32.681000'), Timestamp('2026-06-11 12:51:32.852000'), Timestamp('2026-06-11 12:51:32.936000'), Timestamp('2026-06-11 12:51:33.302000'), Timestamp('2026-06-11 12:51:33.384000'), Timestamp('2026-06-11 12:51:33.556000'), Timestamp('2026-06-11 12:51:33.643000'), Timestamp('2026-06-11 12:51:34.004000'), Timestamp('2026-06-11 12:51:34.089000'), Timestamp('2026-06-11 12:51:34.253000'), Timestamp('2026-06-11 12:51:34.341000'), Timestamp('2026-06-11 12:51:34.701000'), Timestamp('2026-06-11 12:51:34.785000'), Timestamp('2026-06-11 12:51:34.955000'), Timestamp('2026-06-11 12:51:35.037000'), Timestamp('2026-06-11 12:51:35.400000'), Timestamp('2026-06-11 12:51:35.482000'), Timestamp('2026-06-11 12:51:35.646000'), Timestamp('2026-06-11 12:51:35.735000'), Timestamp('2026-06-11 12:51:36.092000'), Timestamp('2026-06-11 12:51:36.175000'), Timestamp('2026-06-11 12:51:36.343000'), Timestamp('2026-06-11 12:51:36.425000'), Timestamp('2026-06-11 12:51:36.778000'), Timestamp('2026-06-11 12:51:36.868000'), Timestamp('2026-06-11 12:51:37.034000'), Timestamp('2026-06-11 12:51:37.117000'), Timestamp('2026-06-11 12:51:37.476000'), Timestamp('2026-06-11 12:51:37.558000'), Timestamp('2026-06-11 12:51:37.720000'), Timestamp('2026-06-11 12:51:37.810000'), Timestamp('2026-06-11 12:51:38.167000'), Timestamp('2026-06-11 12:51:38.249000'), Timestamp('2026-06-11 12:51:38.415000'), Timestamp('2026-06-11 12:51:38.496000'), Timestamp('2026-06-11 12:51:38.854000'), Timestamp('2026-06-11 12:51:38.937000'), Timestamp('2026-06-11 12:51:39.103000'), Timestamp('2026-06-11 12:51:39.183000'), Timestamp('2026-06-11 12:51:39.542000'), Timestamp('2026-06-11 12:51:39.623000'), Timestamp('2026-06-11 12:51:39.784000'), Timestamp('2026-06-11 12:51:39.869000'), Timestamp('2026-06-11 12:51:40.223000'), Timestamp('2026-06-11 12:51:40.304000'), Timestamp('2026-06-11 12:51:40.470000'), Timestamp('2026-06-11 12:51:40.553000'), Timestamp('2026-06-11 12:51:40.907000'), Timestamp('2026-06-11 12:51:40.987000'), Timestamp('2026-06-11 12:51:41.149000'), Timestamp('2026-06-11 12:51:41.233000'), Timestamp('2026-06-11 12:51:41.666000'), Timestamp('2026-06-11 12:51:41.827000'), Timestamp('2026-06-11 12:51:41.908000'), Timestamp('2026-06-11 12:51:42.260000'), Timestamp('2026-06-11 12:51:42.340000'), Timestamp('2026-06-11 12:51:42.501000'), Timestamp('2026-06-11 12:51:42.587000'), Timestamp('2026-06-11 12:51:42.937000'), Timestamp('2026-06-11 12:51:43.019000'), Timestamp('2026-06-11 12:51:43.175000'), Timestamp('2026-06-11 12:51:43.262000'), Timestamp('2026-06-11 12:51:43.612000'), Timestamp('2026-06-11 12:51:43.693000'), Timestamp('2026-06-11 12:51:43.852000'), Timestamp('2026-06-11 12:51:43.934000'), Timestamp('2026-06-11 12:51:44.285000'), Timestamp('2026-06-11 12:51:44.366000'), Timestamp('2026-06-11 12:51:44.521000'), Timestamp('2026-06-11 12:51:45.039000')]","[0.123, 0.397, 0.135, 0.242, 0.088, 0.372, 0.083, 0.172, 0.092, 0.365, 0.09, 0.176, 0.088, 0.368, 0.088, 0.172, 0.087, 0.37, 0.084, 0.172, 0.086, 0.369, 0.082, 0.17, 0.086, 0.368, 0.083, 0.171, 0.084, 0.366, 0.082, 0.172, 0.087, 0.361, 0.085, 0.164, 0.088, 0.36, 0.084, 0.17, 0.082, 0.363, 0.082, 0.164, 0.089, 0.357, 0.083, 0.168, 0.082, 0.353, 0.09, 0.166, 0.083, 0.359, 0.082, 0.162, 0.09, 0.357, 0.082, 0.166, 0.081, 0.358, 0.083, 0.166, 0.08, 0.359, 0.081, 0.161, 0.085, 0.354, 0.081, 0.166, 0.083, 0.354, 0.08, 0.162, 0.084, 0.433, 0.161, 0.081, 0.352, 0.08, 0.161, 0.086, 0.35, 0.082, 0.156, 0.087, 0.35, 0.081, 0.159, 0.082, 0.351, 0.081, 0.155, 0.518]","[nan, nan, nan, nan, nan, nan, nan, nan, nan, nan, nan, nan, nan, nan, nan, nan, nan, nan, nan, nan, nan, nan, nan, nan, nan, nan, nan, nan, nan, nan, nan, nan, nan, nan, nan, nan, nan, nan, nan, nan, nan, nan, nan, nan, nan, nan, nan, nan, nan, nan, nan, nan, nan, nan, nan, nan, nan, nan, nan, nan, nan, nan, nan, nan, nan, nan, nan, nan, nan, nan, nan, nan, nan, nan, nan, nan, nan, nan, nan, nan, nan, nan, nan, nan, nan, nan, nan, nan, nan, nan]","[nan, nan, nan, nan, nan, nan, nan, nan, nan, nan, nan, nan, nan, nan, nan, nan, nan, nan, nan, nan, nan, nan, nan, nan, nan, nan, nan, nan, nan, nan, nan, nan, nan, nan, nan, nan, nan, nan, nan, nan, nan, nan, nan, nan, nan, nan, nan, nan, nan, nan, nan, nan, nan, nan, nan, nan, nan, nan, nan, nan, nan, nan, nan, nan, nan, nan, nan, nan, nan, nan, nan, nan, nan, nan, nan, nan, nan, nan, nan, nan, nan, nan, nan, nan, nan, nan, nan, nan, nan, nan]",,9.922889287927664,c:\git\RailwAI\VIDEO\20260611\ADTC Rastatt_00_20260611125128.mp4,2026-06-11 12:51:28,Lok
ADTC1_adz_raw_20260611_1255,2026-06-11 12:54:01.536,2026-06-11 12:54:11.579,"[Timestamp('2026-06-11 12:54:11.579000'), Timestamp('2026-06-11 12:54:11.700000'), Timestamp('2026-06-11 12:54:12.448000'), Timestamp('2026-06-11 12:54:12.569000'), Timestamp('2026-06-11 12:54:12.783000'), Timestamp('2026-06-11 12:54:12.891000'), Timestamp('2026-06-11 12:54:13.673000'), Timestamp('2026-06-11 12:54:13.785000'), Timestamp('2026-06-11 12:54:14.001000'), Timestamp('2026-06-11 12:54:14.114000'), Timestamp('2026-06-11 12:54:14.888000'), Timestamp('2026-06-11 12:54:15.005000'), Timestamp('2026-06-11 12:54:15.214000'), Timestamp('2026-06-11 12:54:15.338000'), Timestamp('2026-06-11 12:54:16.084000'), Timestamp('2026-06-11 12:54:16.207000'), Timestamp('2026-06-11 12:54:16.518000'), Timestamp('2026-06-11 12:54:16.636000'), Timestamp('2026-06-11 12:54:17.391000'), Timestamp('2026-06-11 12:54:17.510000'), Timestamp('2026-06-11 12:54:17.725000'), Timestamp('2026-06-11 12:54:17.839000'), Timestamp('2026-06-11 12:54:18.735000'), Timestamp('2026-06-11 12:54:18.949000'), Timestamp('2026-06-11 12:54:19.064000'), Timestamp('2026-06-11 12:54:19.849000'), Timestamp('2026-06-11 12:54:19.965000'), Timestamp('2026-06-11 12:54:20.178000'), Timestamp('2026-06-11 12:54:20.290000'), Timestamp('2026-06-11 12:54:21.048000'), Timestamp('2026-06-11 12:54:21.169000')]","[0.121, 0.748, 0.121, 0.214, 0.108, 0.782, 0.112, 0.216, 0.113, 0.774, 0.117, 0.209, 0.124, 0.746, 0.123, 0.311, 0.118, 0.755, 0.119, 0.215, 0.114, 0.896, 0.214, 0.115, 0.785, 0.116, 0.213, 0.112, 0.758, 0.121]","[34.24908424908425, 33.86506731702461, 34.2560553633218, 34.04255319148936, 33.74351371386212, 33.74351371386212, 33.71783496007099, 34.475822050290134, 33.568075117370896, 33.98240733779415, 33.748517200474495, 33.86506731702461, 33.8625391927537, 33.58655363499578, 33.11762466692045, 33.459632760128244, 33.627797408716134, 33.57012728184186, 33.280461427541454, 34.05797101449275, 33.420517291485034, 33.105022831050235, 33.163094840341756, 33.637702503681886, 33.10974739546168, 33.28766135429437, 32.99124909951935, 33.82966051220965, 32.933976697658, 33.59271766260461, 33.16151202749141, 33.4448160535117]","[4.144139194139194, 25.331070353134407, 4.144982698961938, 7.285106382978723, 3.644299481097109, 26.38742772424018, 3.7763975155279508, 7.4467775628626685, 3.7931924882629113, 26.302383279452673, 3.9485765124555163, 7.077799069258143, 4.198954859901459, 25.05556901170685, 4.073467834031215, 10.405945788399883, 3.9680800942285037, 25.345446097790607, 3.960374909877433, 7.3224637681159415, 3.809938971229294, 29.662100456621012, 7.096902295833136, 3.8683357879234173, 25.99115170543742, 3.861368717098147, 7.027136058197621, 3.788921977367481, 24.963954336824763, 4.064718837175158]",321.7469837701308,9.933468997387028,c:\git\RailwAI\VIDEO\20260611\ADTC Rastatt_00_20260611125412.mp4,2026-06-11 12:54:12,Trieb
ADTC1_adz_raw_20260611_1317,2026-06-11 13:15:49.757,2026-06-11 13:15:59.779,"[Timestamp('2026-06-11 13:15:59.779000'), Timestamp('2026-06-11 13:15:59.885000'), Timestamp('2026-06-11 13:16:00.664000'), Timestamp('2026-06-11 13:16:00.770000'), Timestamp('2026-06-11 13:16:01.088000'), Timestamp('2026-06-11 13:16:01.193000'), Timestamp('2026-06-11 13:16:01.978000'), Timestamp('2026-06-11 13:16:02.083000'), Timestamp('2026-06-11 13:16:02.398000'), Timestamp('2026-06-11 13:16:02.514000'), Timestamp('2026-06-11 13:16:03.283000'), Timestamp('2026-06-11 13:16:03.401000'), Timestamp('2026-06-11 13:16:03.718000'), Timestamp('2026-06-11 13:16:03.818000'), Timestamp('2026-06-11 13:16:04.610000'), Timestamp('2026-06-11 13:16:04.707000'), Timestamp('2026-06-11 13:16:05.022000'), Timestamp('2026-06-11 13:16:05.142000'), Timestamp('2026-06-11 13:16:05.919000'), Timestamp('2026-06-11 13:16:06.034000'), Timestamp('2026-06-11 13:16:06.345000'), Timestamp('2026-06-11 13:16:06.455000'), Timestamp('2026-06-11 13:16:07.240000'), Timestamp('2026-06-11 13:16:07.347000'), Timestamp('2026-06-11 13:16:07.656000'), Timestamp('2026-06-11 13:16:07.773000'), Timestamp('2026-06-11 13:16:08.554000'), Timestamp('2026-06-11 13:16:08.669000'), Timestamp('2026-06-11 13:16:08.977000'), Timestamp('2026-06-11 13:16:09.091000'), Timestamp('2026-06-11 13:16:09.872000'), Timestamp('2026-06-11 13:16:09.988000'), Timestamp('2026-06-11 13:16:10.300000'), Timestamp('2026-06-11 13:16:10.405000'), Timestamp('2026-06-11 13:16:11.201000'), Timestamp('2026-06-11 13:16:11.307000'), Timestamp('2026-06-11 13:16:11.621000'), Timestamp('2026-06-11 13:16:11.739000'), Timestamp('2026-06-11 13:16:12.518000'), Timestamp('2026-06-11 13:16:12.634000'), Timestamp('2026-06-11 13:16:12.939000'), Timestamp('2026-06-11 13:16:13.062000'), Timestamp('2026-06-11 13:16:13.842000'), Timestamp('2026-06-11 13:16:13.959000'), Timestamp('2026-06-11 13:16:14.271000'), Timestamp('2026-06-11 13:16:14.385000'), Timestamp('2026-06-11 13:16:15.169000'), Timestamp('2026-06-11 13:16:15.284000'), Timestamp('2026-06-11 13:16:15.597000'), Timestamp('2026-06-11 13:16:15.705000'), Timestamp('2026-06-11 13:16:16.495000'), Timestamp('2026-06-11 13:16:16.606000')]","[0.106, 0.779, 0.106, 0.318, 0.105, 0.785, 0.105, 0.315, 0.116, 0.769, 0.118, 0.317, 0.1, 0.792, 0.097, 0.315, 0.12, 0.777, 0.115, 0.311, 0.11, 0.785, 0.107, 0.309, 0.117, 0.781, 0.115, 0.308, 0.114, 0.781, 0.116, 0.312, 0.105, 0.796, 0.106, 0.314, 0.118, 0.779, 0.116, 0.305, 0.123, 0.78, 0.117, 0.312, 0.114, 0.784, 0.115, 0.313, 0.108, 0.79, 0.111]","[34.16759550106394, 34.66833541927409, 34.47048812562853, 34.66110531803962, 34.6574913981858, 34.846768030778144, 34.72527472527472, 34.289650597645135, 34.59470690595538, 34.65884652981427, 34.7334537175159, 34.67330786382068, 34.53237410071942, 35.04069697736688, 33.92903975122701, 34.10570952597304, 34.60369417816226, 34.73890851982725, 34.436915797729405, 34.51053283767038, 34.22059009750538, 34.65410932174727, 34.6270829542205, 34.37164339419978, 34.59683691988592, 34.896424330386594, 34.301464958399265, 34.077262943242324, 34.282222335387274, 34.49818714803672, 34.24908424908425, 34.37164339419978, 34.564070741545144, 34.29270032092099, 34.250950570342205, 34.515050167224075, 34.115052611681676, 34.17039678324861, 34.27262313860252, 34.28920073215375, 34.452862710796104, 34.78442535189199, 34.28920073215375, 34.702863246749864, 34.34880392557759, 34.3206106870229, 34.31629922263285, 34.62315462315462, 34.49546010689677, 34.250950570342205, 34.73055450724203, 34.658606525614196]","[3.6217651231127777, 27.006633291614513, 3.6538717413166237, 11.022231491136598, 3.6390365968095084, 27.354712904160845, 3.6461538461538456, 10.801239938258218, 4.012986001090824, 26.652652981427174, 4.098547538666876, 10.991438592831157, 3.4532374100719423, 27.752232006074568, 3.29111685586902, 10.743298500681508, 4.152443301379471, 26.992131919905773, 3.960245316738882, 10.732775712515489, 3.7642649107255917, 27.203475817571608, 3.7050978761015934, 10.620837808807732, 4.047829919626652, 27.25410740203193, 3.9446684702159156, 10.495796986518636, 3.9081733462341495, 26.943084162616678, 3.972893772893773, 10.72395273899033, 3.62922742786224, 27.29698945545311, 3.630600760456274, 10.83772575250836, 4.025576208178437, 26.61873909415067, 3.9756242840778926, 10.458206223306894, 4.237702113427921, 27.131851774475752, 4.0118364856619895, 10.827293332985958, 3.9157636475158455, 26.907358778625955, 3.946374410602778, 10.837047397047396, 3.7255096915448513, 27.058250950570343, 3.855091550303866]",581.0897036209067,9.896240918101034,c:\git\RailwAI\VIDEO\20260611\ADTC Rastatt_00_20260611131600.mp4,2026-06-11 13:16:00,Trieb
ADTC1_adz_raw_20260611_1331,2026-06-11 13:29:41.078,2026-06-11 13:29:51.100,"[Timestamp('2026-06-11 13:29:51.100000'), Timestamp('2026-06-11 13:29:51.216000'), Timestamp('2026-06-11 13:29:51.565000'), Timestamp('2026-06-11 13:29:51.679000'), Timestamp('2026-06-11 13:29:51.907000'), Timestamp('2026-06-11 13:29:52.019000'), Timestamp('2026-06-11 13:29:52.804000'), Timestamp('2026-06-11 13:29:52.916000'), Timestamp('2026-06-11 13:29:53.104000'), Timestamp('2026-06-11 13:29:53.220000'), Timestamp('2026-06-11 13:29:54.005000'), Timestamp('2026-06-11 13:29:54.112000'), Timestamp('2026-06-11 13:29:54.307000'), Timestamp('2026-06-11 13:29:54.415000'), Timestamp('2026-06-11 13:29:55.196000'), Timestamp('2026-06-11 13:29:55.309000'), Timestamp('2026-06-11 13:29:55.501000'), Timestamp('2026-06-11 13:29:55.615000'), Timestamp('2026-06-11 13:29:56.394000'), Timestamp('2026-06-11 13:29:56.512000')]","[0.116, 0.349, 0.114, 0.228, 0.112, 0.785, 0.112, 0.188, 0.116, 0.785, 0.107, 0.195, 0.108, 0.781, 0.113, 0.192, 0.114, 0.779, 0.118]","[35.235170518829804, 35.42435424354243, 35.2304252969537, 34.909552523008564, 34.53416149068323, 34.7334537175159, 34.909552523008564, 34.97372193024367, 34.97557867912508, 35.2494138572237, 35.04396482813749, 35.13448414291449, 35.100665757600055, 34.978364172130924, 34.66110531803962, 35.21364770258309, 34.96503496503496, 35.31603531603531, 35.23290986085904, 34.635186437152214]","[4.087279780184257, 12.363099630996308, 4.016268483852722, 7.959377975245953, 3.867826086956522, 27.265761168249984, 3.909869882576959, 6.57505972288581, 4.057167126778509, 27.670789877920605, 3.7497042366107114, 6.851224407868325, 3.7908719018208057, 27.318102418434254, 3.916704900938477, 6.761020358895953, 3.9860139860139854, 27.51119151119151, 4.157483363581366]",189.814816821003,9.910134475529546,c:\git\RailwAI\VIDEO\20260611\ADTC Rastatt_00_20260611132951.mp4,2026-06-11 13:29:51,Lok
ADTC1_adz_raw_20260611_1338,2026-06-11 13:36:53.875,2026-06-11 13:37:03.910,"[Timestamp('2026-06-11 13:37:03.910000'), Timestamp('2026-06-11 13:37:04.019000'), Timestamp('2026-06-11 13:37:04.702000'), Timestamp('2026-06-11 13:37:04.810000'), Timestamp('2026-06-11 13:37:05.036000'), Timestamp('2026-06-11 13:37:05.148000'), Timestamp('2026-06-11 13:37:05.829000'), Timestamp('2026-06-11 13:37:05.944000'), Timestamp('2026-06-11 13:37:06.168000'), Timestamp('2026-06-11 13:37:06.278000'), Timestamp('2026-06-11 13:37:06.964000'), Timestamp('2026-06-11 13:37:07.070000'), Timestamp('2026-06-11 13:37:07.290000'), Timestamp('2026-06-11 13:37:07.412000'), Timestamp('2026-06-11 13:37:08.091000'), Timestamp('2026-06-11 13:37:08.205000'), Timestamp('2026-06-11 13:37:08.428000'), Timestamp('2026-06-11 13:37:08.540000'), Timestamp('2026-06-11 13:37:09.217000'), Timestamp('2026-06-11 13:37:09.332000'), Timestamp('2026-06-11 13:37:09.562000'), Timestamp('2026-06-11 13:37:09.671000'), Timestamp('2026-06-11 13:37:10.355000'), Timestamp('2026-06-11 13:37:10.463000'), Timestamp('2026-06-11 13:37:10.698000'), Timestamp('2026-06-11 13:37:10.802000'), Timestamp('2026-06-11 13:37:11.488000'), Timestamp('2026-06-11 13:37:11.599000'), Timestamp('2026-06-11 13:37:11.819000'), Timestamp('2026-06-11 13:37:11.942000'), Timestamp('2026-06-11 13:37:12.620000'), Timestamp('2026-06-11 13:37:12.738000')]","[0.109, 0.683, 0.108, 0.226, 0.112, 0.681, 0.115, 0.224, 0.11, 0.686, 0.106, 0.22, 0.122, 0.679, 0.114, 0.223, 0.112, 0.677, 0.115, 0.23, 0.109, 0.684, 0.108, 0.235, 0.104, 0.686, 0.111, 0.22, 0.123, 0.678, 0.118]","[34.94652123265911, 34.978364172130924, 35.01461599787404, 34.72890935733724, 34.79905437352245, 34.6574913981858, 34.4103703894035, 34.71982420342175, 34.163701067615655, 34.846768030778144, 34.47937891723195, 34.84584980237154, 35.426283753421295, 34.66110531803962, 34.165431817318286, 35.08322663252241, 34.65703971119133, 34.53282093086448, 34.47137699845281, 34.66426811622541, 34.35595390524968, 34.61988304093567, 34.664931685100846, 34.66833541927409, 34.452862710796104, 34.67666354264293, 34.47237345071238, 34.321173661563606, 34.289650597645135, 34.267454540843495, 34.282222335387274, 34.378843788437884]","[3.8091708143598426, 23.890222729565423, 3.781578527770396, 7.848733514758216, 3.8974940898345145, 23.60175164216453, 3.9571925947814024, 7.777240621566473, 3.758007117437722, 23.90488286911381, 3.654814165226586, 7.666086956521739, 4.322006617917398, 23.5348905109489, 3.8948592271742846, 7.823559539052498, 3.8815884476534293, 23.378719770195257, 3.9642083548220737, 7.972781666731844, 3.744798975672215, 23.68, 3.7438126219908914, 8.14705882352941, 3.583097721922795, 23.788191190253052, 3.8264334530290744, 7.550658205543994, 4.217627023510351, 23.23333417869189, 4.045302235575698]",305.8801042073157,9.914530254065424,c:\git\RailwAI\VIDEO\20260611\ADTC Rastatt_00_20260611133704.mp4,2026-06-11 13:37:04,Trieb
ADTC1_adz_raw_20260611_1402,2026-06-11 14:01:02.422,2026-06-11 14:01:12.527,"[Timestamp('2026-06-11 14:01:12.527000'), Timestamp('2026-06-11 14:01:13.004000'), Timestamp('2026-06-11 14:01:13.450000'), Timestamp('2026-06-11 14:01:14.283000'), Timestamp('2026-06-11 14:01:15.674000')]","[0.477, 0.446, 0.833, 1.391]","[34.69366454441081, 28.482247366367535, 22.142525631829876, 21.09672864203342, 21.70124957010203, 20.466895426674917, 21.266568483063327, 28.157624366155172, 35.36294691224269]","[16.548877987683955, 12.70308232539992, 18.444723851314286, 29.345549541068486]",77.04223370546666,9.90864029063491,c:\git\RailwAI\VIDEO\20260611\ADTC Rastatt_00_20260611140113.mp4,2026-06-11 14:01:13,Trieb
ADTC1_adz_raw_20260611_1407,2026-06-11 14:05:35.715,2026-06-11 14:05:45.743,"[Timestamp('2026-06-11 14:05:45.743000'), Timestamp('2026-06-11 14:05:45.890000'), Timestamp('2026-06-11 14:05:46.237000'), Timestamp('2026-06-11 14:05:46.387000'), Timestamp('2026-06-11 14:05:46.648000'), Timestamp('2026-06-11 14:05:46.726000'), Timestamp('2026-06-11 14:05:47.387000'), Timestamp('2026-06-11 14:05:47.471000'), Timestamp('2026-06-11 14:05:47.664000'), Timestamp('2026-06-11 14:05:47.737000'), Timestamp('2026-06-11 14:05:48.533000'), Timestamp('2026-06-11 14:05:48.617000'), Timestamp('2026-06-11 14:05:48.645000'), Timestamp('2026-06-11 14:05:48.791000'), Timestamp('2026-06-11 14:05:48.878000'), Timestamp('2026-06-11 14:05:49.522000'), Timestamp('2026-06-11 14:05:49.602000'), Timestamp('2026-06-11 14:05:49.768000'), Timestamp('2026-06-11 14:05:49.853000'), Timestamp('2026-06-11 14:05:50.488000'), Timestamp('2026-06-11 14:05:50.569000'), Timestamp('2026-06-11 14:05:50.733000'), Timestamp('2026-06-11 14:05:50.814000'), Timestamp('2026-06-11 14:05:51.446000'), Timestamp('2026-06-11 14:05:51.526000'), Timestamp('2026-06-11 14:05:51.697000'), Timestamp('2026-06-11 14:05:51.778000'), Timestamp('2026-06-11 14:05:52.389000'), Timestamp('2026-06-11 14:05:52.471000'), Timestamp('2026-06-11 14:05:52.634000'), Timestamp('2026-06-11 14:05:52.718000'), Timestamp('2026-06-11 14:05:53.340000'), Timestamp('2026-06-11 14:05:53.417000'), Timestamp('2026-06-11 14:05:53.586000'), Timestamp('2026-06-11 14:05:53.668000'), Timestamp('2026-06-11 14:05:54.459000'), Timestamp('2026-06-11 14:05:55.120000'), Timestamp('2026-06-11 14:05:56.029000'), Timestamp('2026-06-11 14:05:56.111000'), Timestamp('2026-06-11 14:05:56.598000'), Timestamp('2026-06-11 14:05:56.677000'), Timestamp('2026-06-11 14:05:56.873000'), Timestamp('2026-06-11 14:05:56.953000'), Timestamp('2026-06-11 14:05:57.442000'), Timestamp('2026-06-11 14:05:57.521000'), Timestamp('2026-06-11 14:05:57.699000'), Timestamp('2026-06-11 14:05:57.780000'), Timestamp('2026-06-11 14:05:58.124000'), Timestamp('2026-06-11 14:05:58.204000'), Timestamp('2026-06-11 14:05:59.039000'), Timestamp('2026-06-11 14:05:59.119000'), Timestamp('2026-06-11 14:05:59.741000'), Timestamp('2026-06-11 14:05:59.817000'), Timestamp('2026-06-11 14:05:59.988000'), Timestamp('2026-06-11 14:06:00.908000')]","[0.147, 0.347, 0.15, 0.261, 0.078, 0.661, 0.084, 0.193, 0.073, 0.796, 0.084, 0.028, 0.146, 0.087, 0.644, 0.08, 0.166, 0.085, 0.635, 0.081, 0.164, 0.081, 0.632, 0.08, 0.171, 0.081, 0.611, 0.082, 0.163, 0.084, 0.622, 0.077, 0.169, 0.082, 0.791, 0.661, 0.909, 0.082, 0.487, 0.079, 0.196, 0.08, 0.489, 0.079, 0.178, 0.081, 0.344, 0.08, 0.835, 0.08, 0.622, 0.076, 0.171, 0.92]","[nan, nan, nan, nan, nan, nan, nan, nan, nan, nan, nan, nan, nan, nan, nan, nan, nan, nan, nan, nan, nan, nan, nan, nan, nan, nan, nan, nan, nan, nan, nan, nan, nan, nan, nan, nan, nan, nan, nan, nan, nan, nan, nan, nan, nan, nan, nan, nan, nan, nan, nan, nan, nan]","[nan, nan, nan, nan, nan, nan, nan, nan, nan, nan, nan, nan, nan, nan, nan, nan, nan, nan, nan, nan, nan, nan, nan, nan, nan, nan, nan, nan, nan, nan, nan, nan, nan, nan, nan, nan, nan, nan, nan, nan, nan, nan, nan, nan, nan, nan, nan, nan, nan, nan, nan, nan, nan]",,9.904441456239908,c:\git\RailwAI\VIDEO\20260611\ADTC Rastatt_00_20260611140546.mp4,2026-06-11 14:05:46,Lok
ADTC1_adz_raw_20260611_1410,2026-06-11 14:08:53.318,2026-06-11 14:09:03.370,"[Timestamp('2026-06-11 14:09:03.370000'), Timestamp('2026-06-11 14:09:03.509000'), Timestamp('2026-06-11 14:09:03.799000'), Timestamp('2026-06-11 14:09:03.939000')]","[0.139, 0.29, 0.14]","[31.695596744140435, 31.788079470198674, 31.16883116883117, 31.739786215489538]","[4.405687947435521, 9.218543046357615, 4.363636363636364]",17.9878673574295,9.929947147536035,c:\git\RailwAI\VIDEO\20260611\ADTC Rastatt_00_20260611140904.mp4,2026-06-11 14:09:04,Lok
ADTC1_adz_raw_20260611_1425,2026-06-11 14:23:56.506,2026-06-11 14:24:06.531,"[Timestamp('2026-06-11 14:24:06.531000'), Timestamp('2026-06-11 14:24:06.645000'), Timestamp('2026-06-11 14:24:07.002000'), Timestamp('2026-06-11 14:24:07.115000'), Timestamp('2026-06-11 14:24:07.351000'), Timestamp('2026-06-11 14:24:07.460000'), Timestamp('2026-06-11 14:24:08.250000'), Timestamp('2026-06-11 14:24:08.363000'), Timestamp('2026-06-11 14:24:08.564000'), Timestamp('2026-06-11 14:24:08.666000'), Timestamp('2026-06-11 14:24:09.465000'), Timestamp('2026-06-11 14:24:09.579000'), Timestamp('2026-06-11 14:24:09.767000'), Timestamp('2026-06-11 14:24:09.883000'), Timestamp('2026-06-11 14:24:10.676000'), Timestamp('2026-06-11 14:24:10.785000'), Timestamp('2026-06-11 14:24:10.985000'), Timestamp('2026-06-11 14:24:11.091000'), Timestamp('2026-06-11 14:24:11.882000'), Timestamp('2026-06-11 14:24:12.002000')]","[0.114, 0.357, 0.113, 0.236, 0.109, 0.79, 0.113, 0.201, 0.102, 0.799, 0.114, 0.188, 0.116, 0.793, 0.109, 0.2, 0.106, 0.791, 0.12]","[35.106297633373444, 35.424836601307184, 34.978364172130924, 34.78991596638655, 35.82139426089135, 34.78306531014112, 35.39380771319935, 35.49286534361161, 34.103987884906616, 34.938658831937104, 35.64225491816829, 34.71982420342175, 34.93172435693871, 34.97568924630039, 34.39559030893475, 34.679186228482, 34.2255776710135, 34.74579593116695, 35.141815072610925, 34.282222335387274]","[4.002117930204573, 12.646666666666665, 3.9525551514507944, 8.210420168067225, 3.9045319744371576, 27.478621595011486, 3.999500271591527, 7.1340659340659345, 3.4786067642604745, 27.915988406717748, 4.063217060671185, 6.527326950243289, 4.052080025404891, 27.735721572316212, 3.749119343673888, 6.935837245696401, 3.6279112331274304, 27.48392458155306, 4.217017808713311]",191.11523068387328,9.912102100610817,c:\git\RailwAI\VIDEO\20260611\ADTC Rastatt_00_20260611142407.mp4,2026-06-11 14:24:07,Lok
ADTC1_adz_raw_20260611_1429,2026-06-11 14:27:30.115,2026-06-11 14:27:40.185,"[Timestamp('2026-06-11 14:27:40.185000'), Timestamp('2026-06-11 14:27:40.290000'), Timestamp('2026-06-11 14:27:41.077000'), Timestamp('2026-06-11 14:27:41.181000'), Timestamp('2026-06-11 14:27:41.491000'), Timestamp('2026-06-11 14:27:41.611000'), Timestamp('2026-06-11 14:27:42.386000'), Timestamp('2026-06-11 14:27:42.503000'), Timestamp('2026-06-11 14:27:42.814000'), Timestamp('2026-06-11 14:27:42.929000'), Timestamp('2026-06-11 14:27:43.705000'), Timestamp('2026-06-11 14:27:43.823000'), Timestamp('2026-06-11 14:27:44.129000'), Timestamp('2026-06-11 14:27:44.248000'), Timestamp('2026-06-11 14:27:45.027000'), Timestamp('2026-06-11 14:27:45.142000'), Timestamp('2026-06-11 14:27:45.457000'), Timestamp('2026-06-11 14:27:45.559000'), Timestamp('2026-06-11 14:27:46.349000'), Timestamp('2026-06-11 14:27:46.454000'), Timestamp('2026-06-11 14:27:46.769000'), Timestamp('2026-06-11 14:27:46.885000'), Timestamp('2026-06-11 14:27:47.664000'), Timestamp('2026-06-11 14:27:47.777000'), Timestamp('2026-06-11 14:27:48.086000'), Timestamp('2026-06-11 14:27:48.205000'), Timestamp('2026-06-11 14:27:48.981000'), Timestamp('2026-06-11 14:27:49.095000'), Timestamp('2026-06-11 14:27:49.409000'), Timestamp('2026-06-11 14:27:49.514000'), Timestamp('2026-06-11 14:27:50.304000'), Timestamp('2026-06-11 14:27:50.408000'), Timestamp('2026-06-11 14:27:50.721000'), Timestamp('2026-06-11 14:27:50.834000'), Timestamp('2026-06-11 14:27:51.611000'), Timestamp('2026-06-11 14:27:51.727000'), Timestamp('2026-06-11 14:27:52.041000'), Timestamp('2026-06-11 14:27:52.144000'), Timestamp('2026-06-11 14:27:52.937000'), Timestamp('2026-06-11 14:27:53.038000'), Timestamp('2026-06-11 14:27:53.349000'), Timestamp('2026-06-11 14:27:53.466000'), Timestamp('2026-06-11 14:27:54.239000'), Timestamp('2026-06-11 14:27:54.358000'), Timestamp('2026-06-11 14:27:54.673000'), Timestamp('2026-06-11 14:27:54.772000'), Timestamp('2026-06-11 14:27:55.559000'), Timestamp('2026-06-11 14:27:55.666000'), Timestamp('2026-06-11 14:27:55.988000'), Timestamp('2026-06-11 14:27:56.089000'), Timestamp('2026-06-11 14:27:56.878000'), Timestamp('2026-06-11 14:27:56.982000')]","[0.105, 0.787, 0.104, 0.31, 0.12, 0.775, 0.117, 0.311, 0.115, 0.776, 0.118, 0.306, 0.119, 0.779, 0.115, 0.315, 0.102, 0.79, 0.105, 0.315, 0.116, 0.779, 0.113, 0.309, 0.119, 0.776, 0.114, 0.314, 0.105, 0.79, 0.104, 0.313, 0.113, 0.777, 0.116, 0.314, 0.103, 0.793, 0.101, 0.311, 0.117, 0.773, 0.119, 0.315, 0.099, 0.787, 0.107, 0.322, 0.101, 0.789, 0.104]","[34.47048812562853, 34.347158218125955, 34.66833541927409, 34.60369417816226, 34.436915797729405, 34.53282093086448, 34.848604632777295, 34.53416149068323, 34.47937891723195, 34.846768030778144, 33.98240733779415, 34.10570952597304, 34.53282093086448, 34.7334537175159, 34.55428238492911, 34.424522845575474, 34.475822050290134, 34.47048812562853, 34.722549250451294, 34.66426811622541, 34.53952477092716, 34.59740259740259, 34.165431817318286, 34.386774317570165, 34.34803758416754, 33.943028485757125, 34.28615160907664, 34.321173661563606, 33.9909257263179, 34.67330786382068, 34.453004622496145, 34.32950191570881, 34.17062511875356, 34.405293122018776, 34.198782961460445, 34.44444444444444, 34.635186437152214, 34.56099456099456, 34.452862710796104, 34.31372549019608, 34.31372549019608, 34.44444444444444, 34.27262313860252, 34.7222040869622, 34.938658831937104, 34.8040049734965, 34.094429681498184, 34.564070741545144, 34.74527462170794, 34.49546010689677, 34.31629922263285, 34.59683691988592]","[3.619401253190995, 27.031213517665126, 3.6055068836045048, 10.7271451952303, 4.132429895727529, 26.762936221419974, 4.077286742034944, 10.740124223602486, 3.9651285754816743, 27.04109199188384, 4.0099240658597095, 10.43634711494775, 4.109405690772873, 27.057360445944887, 3.9737424742668477, 10.843724696356274, 3.516533849129593, 27.231685619246537, 3.6458676712973856, 10.919244456611004, 4.006584873427551, 26.95137662337662, 3.8606937953569664, 10.62551326412918, 4.087416472515938, 26.33979010494753, 3.908621283434737, 10.776848529730973, 3.569047201263379, 27.39191321241834, 3.583112480739599, 10.745134099616857, 3.861280638419153, 26.732912755808588, 3.967058823529412, 10.815555555555555, 3.567424203026678, 27.406868686868687, 3.4797391337904067, 10.67156862745098, 4.014705882352941, 26.625555555555554, 4.078442153493699, 10.937494287393093, 3.4589272243617737, 27.390751914141745, 3.6481039759203058, 11.129630778777537, 3.5092727367925023, 27.216918024341552, 3.568895119153816]",579.3732586019657,9.941897998708844,c:\git\RailwAI\VIDEO\20260611\ADTC Rastatt_00_20260611142741.mp4,2026-06-11 14:27:41,Trieb
ADTC1_adz_raw_20260611_1432,2026-06-11 14:31:03.702,2026-06-11 14:31:13.830,"[Timestamp('2026-06-11 14:31:13.830000'), Timestamp('2026-06-11 14:31:13.953000'), Timestamp('2026-06-11 14:31:14.596000'), Timestamp('2026-06-11 14:31:14.723000'), Timestamp('2026-06-11 14:31:15.393000'), Timestamp('2026-06-11 14:31:15.520000'), Timestamp('2026-06-11 14:31:16.194000'), Timestamp('2026-06-11 14:31:16.329000'), Timestamp('2026-06-11 14:31:16.998000'), Timestamp('2026-06-11 14:31:17.121000'), Timestamp('2026-06-11 14:31:17.802000'), Timestamp('2026-06-11 14:31:17.923000'), Timestamp('2026-06-11 14:31:18.610000'), Timestamp('2026-06-11 14:31:18.729000'), Timestamp('2026-06-11 14:31:19.407000'), Timestamp('2026-06-11 14:31:19.536000'), Timestamp('2026-06-11 14:31:20.216000'), Timestamp('2026-06-11 14:31:20.334000'), Timestamp('2026-06-11 14:31:21.013000'), Timestamp('2026-06-11 14:31:21.144000'), Timestamp('2026-06-11 14:31:21.821000'), Timestamp('2026-06-11 14:31:21.945000'), Timestamp('2026-06-11 14:31:22.596000'), Timestamp('2026-06-11 14:31:22.713000'), Timestamp('2026-06-11 14:31:23.082000'), Timestamp('2026-06-11 14:31:23.206000'), Timestamp('2026-06-11 14:31:23.850000'), Timestamp('2026-06-11 14:31:23.976000'), Timestamp('2026-06-11 14:31:24.660000'), Timestamp('2026-06-11 14:31:24.782000'), Timestamp('2026-06-11 14:31:25.468000'), Timestamp('2026-06-11 14:31:25.593000'), Timestamp('2026-06-11 14:31:26.270000'), Timestamp('2026-06-11 14:31:26.397000'), Timestamp('2026-06-11 14:31:27.082000'), Timestamp('2026-06-11 14:31:27.208000'), Timestamp('2026-06-11 14:31:27.886000'), Timestamp('2026-06-11 14:31:28.013000'), Timestamp('2026-06-11 14:31:28.695000'), Timestamp('2026-06-11 14:31:28.826000'), Timestamp('2026-06-11 14:31:29.507000'), Timestamp('2026-06-11 14:31:29.634000'), Timestamp('2026-06-11 14:31:30.315000'), Timestamp('2026-06-11 14:31:30.444000'), Timestamp('2026-06-11 14:31:31.132000'), Timestamp('2026-06-11 14:31:31.254000'), Timestamp('2026-06-11 14:31:31.903000'), Timestamp('2026-06-11 14:31:32.024000')]","[0.123, 0.643, 0.127, 0.67, 0.127, 0.674, 0.135, 0.669, 0.123, 0.681, 0.121, 0.687, 0.119, 0.678, 0.129, 0.68, 0.118, 0.679, 0.131, 0.677, 0.124, 0.651, 0.117, 0.369, 0.124, 0.644, 0.126, 0.684, 0.122, 0.686, 0.125, 0.677, 0.127, 0.685, 0.126, 0.678, 0.127, 0.682, 0.131, 0.681, 0.127, 0.681, 0.129, 0.688, 0.122, 0.649, 0.121]","[34.95638382236321, 35.757289903726104, 34.92063492063492, 34.53282093086448, 35.16672257631667, 34.85135989879822, 34.711779448621556, 34.79402765557904, 35.604395604395606, 34.61988304093567, 34.53282093086448, 34.65703971119133, 34.47048812562853, 34.74579593116695, 34.53639598835328, 34.47937891723195, 34.47137699845281, 34.878936540591866, 34.79905437352245, 34.664931685100846, 34.96503496503496, 34.179284130503646, 33.939152517054225, 35.84480600750939, 33.76687601997923, 34.00548233261988, 34.00548233261988, 33.96395946687964, 33.983363562449185, 34.37164339419978, 33.77777777777777, 34.1977944241628, 33.81911224830348, 33.95124872133928, 33.97752808988764, 34.00688519682682, 33.98865548837499, 33.81699733491264, 34.270523450851314, 34.14781297134238, 34.09671761463292, 33.868281791604474, 34.410130179917275, 34.123505976095615, 34.28225317989097, 34.114287851772424, 34.2155198242285, 33.74660699875284]","[4.299635210150674, 22.991937408095886, 4.434920634920634, 23.136990023679203, 4.466173767192218, 23.489816571790005, 4.686090225563911, 23.277204501582382, 4.379340659340659, 23.576140350877193, 4.178471332634603, 23.809386281588445, 4.101988086949794, 23.557649641331196, 4.455195082497573, 23.445977663717727, 4.067622485817432, 23.68279791106188, 4.558676122931441, 23.468158750813274, 4.335664335664335, 22.250713968957875, 3.9708808444953445, 13.226733416770966, 4.187092626477424, 21.8995306222072, 4.284690773910104, 23.231348275345677, 4.1459703546188, 23.57894736842105, 4.222222222222221, 23.151906825158218, 4.295027255534542, 23.25660537411741, 4.281168539325843, 23.056668163448588, 4.316559247023624, 23.063192182410425, 4.489438572061522, 23.254660633484164, 4.330283137058381, 23.06429990008265, 4.438906793209329, 23.47697211155378, 4.182434887946698, 22.140172815800305, 4.140077898731649]",626.3363418585741,10.008203608395888,c:\git\RailwAI\VIDEO\20260611\ADTC Rastatt_00_20260611143114.mp4,2026-06-11 14:31:14,Trieb
ADTC1_adz_raw_20260611_1457,2026-06-11 14:55:19.040,2026-06-11 14:55:29.086,"[Timestamp('2026-06-11 14:55:29.086000'), Timestamp('2026-06-11 14:55:29.213000'), Timestamp('2026-06-11 14:55:29.615000'), Timestamp('2026-06-11 14:55:29.745000'), Timestamp('2026-06-11 14:55:30.044000'), Timestamp('2026-06-11 14:55:30.182000'), Timestamp('2026-06-11 14:55:30.574000'), Timestamp('2026-06-11 14:55:30.702000'), Timestamp('2026-06-11 14:55:30.959000'), Timestamp('2026-06-11 14:55:31.046000'), Timestamp('2026-06-11 14:55:31.813000'), Timestamp('2026-06-11 14:55:31.901000'), Timestamp('2026-06-11 14:55:32.085000'), Timestamp('2026-06-11 14:55:32.172000'), Timestamp('2026-06-11 14:55:32.835000'), Timestamp('2026-06-11 14:55:32.920000'), Timestamp('2026-06-11 14:55:33.094000'), Timestamp('2026-06-11 14:55:33.181000'), Timestamp('2026-06-11 14:55:33.842000'), Timestamp('2026-06-11 14:55:33.925000'), Timestamp('2026-06-11 14:55:34.104000'), Timestamp('2026-06-11 14:55:34.188000'), Timestamp('2026-06-11 14:55:34.849000'), Timestamp('2026-06-11 14:55:34.931000'), Timestamp('2026-06-11 14:55:35.105000'), Timestamp('2026-06-11 14:55:35.193000'), Timestamp('2026-06-11 14:55:35.854000'), Timestamp('2026-06-11 14:55:35.939000'), Timestamp('2026-06-11 14:55:36.112000'), Timestamp('2026-06-11 14:55:36.199000'), Timestamp('2026-06-11 14:55:36.856000'), Timestamp('2026-06-11 14:55:36.942000'), Timestamp('2026-06-11 14:55:37.113000'), Timestamp('2026-06-11 14:55:37.205000'), Timestamp('2026-06-11 14:55:37.860000'), Timestamp('2026-06-11 14:55:37.943000'), Timestamp('2026-06-11 14:55:38.114000'), Timestamp('2026-06-11 14:55:38.204000'), Timestamp('2026-06-11 14:55:38.859000'), Timestamp('2026-06-11 14:55:38.943000'), Timestamp('2026-06-11 14:55:39.116000'), Timestamp('2026-06-11 14:55:39.201000'), Timestamp('2026-06-11 14:55:39.855000'), Timestamp('2026-06-11 14:55:39.934000'), Timestamp('2026-06-11 14:55:40.112000'), Timestamp('2026-06-11 14:55:40.197000'), Timestamp('2026-06-11 14:55:40.852000'), Timestamp('2026-06-11 14:55:40.936000'), Timestamp('2026-06-11 14:55:41.110000'), Timestamp('2026-06-11 14:55:41.194000'), Timestamp('2026-06-11 14:55:41.847000'), Timestamp('2026-06-11 14:55:41.931000'), Timestamp('2026-06-11 14:55:42.106000'), Timestamp('2026-06-11 14:55:42.196000'), Timestamp('2026-06-11 14:55:42.988000'), Timestamp('2026-06-11 14:55:43.072000'), Timestamp('2026-06-11 14:55:43.333000'), Timestamp('2026-06-11 14:55:43.768000'), Timestamp('2026-06-11 14:55:44.018000'), Timestamp('2026-06-11 14:55:44.103000'), Timestamp('2026-06-11 14:55:44.580000'), Timestamp('2026-06-11 14:55:44.662000'), Timestamp('2026-06-11 14:55:44.830000'), Timestamp('2026-06-11 14:55:44.912000'), Timestamp('2026-06-11 14:55:45.392000'), Timestamp('2026-06-11 14:55:45.471000'), Timestamp('2026-06-11 14:55:45.641000'), Timestamp('2026-06-11 14:55:45.725000'), Timestamp('2026-06-11 14:55:46.202000'), Timestamp('2026-06-11 14:55:46.284000'), Timestamp('2026-06-11 14:55:49.461000'), Timestamp('2026-06-11 14:55:49.543000'), Timestamp('2026-06-11 14:55:49.919000'), Timestamp('2026-06-11 14:55:50'), Timestamp('2026-06-11 14:55:50.166000'), Timestamp('2026-06-11 14:55:50.248000'), Timestamp('2026-06-11 14:55:50.403000'), Timestamp('2026-06-11 14:55:50.485000'), Timestamp('2026-06-11 14:55:50.663000'), Timestamp('2026-06-11 14:55:50.747000'), Timestamp('2026-06-11 14:55:51.209000'), Timestamp('2026-06-11 14:55:51.285000'), Timestamp('2026-06-11 14:55:51.478000'), Timestamp('2026-06-11 14:55:51.561000'), Timestamp('2026-06-11 14:55:52.375000'), Timestamp('2026-06-11 14:55:52.456000'), Timestamp('2026-06-11 14:55:52.645000'), Timestamp('2026-06-11 14:55:52.728000'), Timestamp('2026-06-11 14:55:53.549000'), Timestamp('2026-06-11 14:55:53.637000'), Timestamp('2026-06-11 14:56:02.732000'), Timestamp('2026-06-11 14:56:02.818000'), Timestamp('2026-06-11 14:56:03.227000'), Timestamp('2026-06-11 14:56:03.310000')]","[0.127, 0.402, 0.13, 0.299, 0.138, 0.392, 0.128, 0.257, 0.087, 0.767, 0.088, 0.184, 0.087, 0.663, 0.085, 0.174, 0.087, 0.661, 0.083, 0.179, 0.084, 0.661, 0.082, 0.174, 0.088, 0.661, 0.085, 0.173, 0.087, 0.657, 0.086, 0.171, 0.092, 0.655, 0.083, 0.171, 0.09, 0.655, 0.084, 0.173, 0.085, 0.654, 0.079, 0.178, 0.085, 0.655, 0.084, 0.174, 0.084, 0.653, 0.084, 0.175, 0.09, 0.792, 0.084, 0.261, 0.435, 0.25, 0.085, 0.477, 0.082, 0.168, 0.082, 0.48, 0.079, 0.17, 0.084, 0.477, 0.082, 3.177, 0.082, 0.376, 0.081, 0.166, 0.082, 0.155, 0.082, 0.178, 0.084, 0.462, 0.076, 0.193, 0.083, 0.814, 0.081, 0.189, 0.083, 0.821, 0.088, 9.095, 0.086, 0.409, 0.083]","[nan, nan, nan, nan, nan, nan, nan, nan, nan, nan, nan, nan, nan, nan, nan, nan, nan, nan, nan, nan, nan, nan, nan, nan, nan, nan, nan, nan, nan, nan, nan, nan, nan, nan, nan, nan, nan, nan, nan, nan, nan, nan, nan, nan, nan, nan, nan, nan, nan, nan, nan, nan, nan, nan, nan, nan, nan, nan, nan, nan, nan, nan, nan, nan, nan, nan, nan, nan, nan, nan, nan, nan, nan, nan, nan, nan, nan, nan, nan, nan, nan, nan, nan, nan, nan, nan, nan, nan, nan, nan, nan, nan, nan, nan, nan, nan, nan, nan, nan, nan, nan, nan, nan, nan, nan, nan]","[nan, nan, nan, nan, nan, nan, nan, nan, nan, nan, nan, nan, nan, nan, nan, nan, nan, nan, nan, nan, nan, nan, nan, nan, nan, nan, nan, nan, nan, nan, nan, nan, nan, nan, nan, nan, nan, nan, nan, nan, nan, nan, nan, nan, nan, nan, nan, nan, nan, nan, nan, nan, nan, nan, nan, nan, nan, nan, nan, nan, nan, nan, nan, nan, nan, nan, nan, nan, nan, nan, nan, nan, nan, nan, nan, nan, nan, nan, nan, nan, nan, nan, nan, nan, nan, nan, nan, nan, nan, nan, nan, nan, nan]",,9.9202939934944,c:\git\RailwAI\VIDEO\20260611\ADTC Rastatt_00_20260611145529.mp4,2026-06-11 14:55:29,Lok
ADTC1_adz_raw_20260611_1505,2026-06-11 15:04:13.722,2026-06-11 15:04:23.736,"[Timestamp('2026-06-11 15:04:23.736000'), Timestamp('2026-06-11 15:04:25.079000'), Timestamp('2026-06-11 15:04:25.511000'), Timestamp('2026-06-11 15:04:26.006000'), Timestamp('2026-06-11 15:04:26.856000')]","[1.343, 0.432, 0.495, 0.85]","[34.37721698591264, 43.00100704934542, 34.47811447811448, 33.724022456416826, 33.547994770287936, 25.03794138477623, 17.525444852177525, 33.45028673748397]","[46.16860241208067, 18.576435045317222, 17.066666666666666, 28.6654190879543]",110.47712321201888,9.812520175808896,c:\git\RailwAI\VIDEO\20260611\ADTC Rastatt_00_20260611150424.mp4,2026-06-11 15:04:24,Trieb
ADTC1_adz_raw_20260611_1517,2026-06-11 15:16:26.797,2026-06-11 15:16:36.881,"[Timestamp('2026-06-11 15:16:36.881000'), Timestamp('2026-06-11 15:16:36.996000'), Timestamp('2026-06-11 15:16:37.213000'), Timestamp('2026-06-11 15:16:37.331000')]","[0.115, 0.217, 0.118]","[32.99124909951935, 32.93785310734464, 32.878254750175934, 33.04656949875578]","[3.7939936464447257, 7.147514124293786, 3.87963406052076]",14.821141831259272,9.968483461515158,c:\git\RailwAI\VIDEO\20260611\ADTC Rastatt_00_20260611151637.mp4,2026-06-11 15:16:37,Lok
ADTC1_adz_raw_20260611_1525,2026-06-11 15:24:13.184,2026-06-11 15:24:23.223,"[Timestamp('2026-06-11 15:24:23.223000'), Timestamp('2026-06-11 15:24:23.344000'), Timestamp('2026-06-11 15:24:23.702000'), Timestamp('2026-06-11 15:24:23.822000'), Timestamp('2026-06-11 15:24:24.063000'), Timestamp('2026-06-11 15:24:24.173000'), Timestamp('2026-06-11 15:24:24.979000'), Timestamp('2026-06-11 15:24:25.094000'), Timestamp('2026-06-11 15:24:25.292000'), Timestamp('2026-06-11 15:24:25.409000'), Timestamp('2026-06-11 15:24:26.224000'), Timestamp('2026-06-11 15:24:26.332000'), Timestamp('2026-06-11 15:24:26.534000'), Timestamp('2026-06-11 15:24:26.640000'), Timestamp('2026-06-11 15:24:27.457000'), Timestamp('2026-06-11 15:24:27.570000'), Timestamp('2026-06-11 15:24:27.768000'), Timestamp('2026-06-11 15:24:27.884000'), Timestamp('2026-06-11 15:24:28.693000'), Timestamp('2026-06-11 15:24:28.807000')]","[0.121, 0.358, 0.12, 0.241, 0.11, 0.806, 0.115, 0.198, 0.117, 0.815, 0.108, 0.202, 0.106, 0.817, 0.113, 0.198, 0.116, 0.809, 0.114]","[34.54846727423364, 34.28746364610439, 34.289650597645135, 34.41258094357077, 33.80952380952381, 34.0429812758573, 33.78107606679035, 34.046406338426706, 34.352435089875556, 33.984962406015036, 33.45597610287422, 34.103127129552504, 34.55428238492911, 33.80952380952381, 34.34803758416754, 33.92395579696572, 33.62532204637468, 33.748517200474495, 34.174521131042866, 33.373569600695284]","[4.1803645401822696, 12.274911985305371, 4.114758071717416, 8.293432007400554, 3.719047619047619, 27.438642908340984, 3.88482374768089, 6.741188455008488, 4.01923490551544, 27.697744360902252, 3.6132454191104153, 6.888831680169607, 3.6627539328024854, 27.62238095238095, 3.8813282470109325, 6.716943247799213, 3.900537357379463, 27.30255041518387, 3.8958954089388866]",189.84861526187711,9.937589632966658,c:\git\RailwAI\VIDEO\20260611\ADTC Rastatt_00_20260611152423.mp4,2026-06-11 15:24:23,Lok
ADTC1_adz_raw_20260611_1533,2026-06-11 15:32:06.976,2026-06-11 15:32:17.044,"[Timestamp('2026-06-11 15:32:17.044000'), Timestamp('2026-06-11 15:32:17.150000'), Timestamp('2026-06-11 15:32:17.941000'), Timestamp('2026-06-11 15:32:18.042000'), Timestamp('2026-06-11 15:32:18.360000'), Timestamp('2026-06-11 15:32:18.469000'), Timestamp('2026-06-11 15:32:19.257000'), Timestamp('2026-06-11 15:32:19.358000'), Timestamp('2026-06-11 15:32:19.678000'), Timestamp('2026-06-11 15:32:19.794000'), Timestamp('2026-06-11 15:32:20.574000'), Timestamp('2026-06-11 15:32:20.687000'), Timestamp('2026-06-11 15:32:20.999000'), Timestamp('2026-06-11 15:32:21.105000'), Timestamp('2026-06-11 15:32:21.894000'), Timestamp('2026-06-11 15:32:22.002000'), Timestamp('2026-06-11 15:32:22.316000'), Timestamp('2026-06-11 15:32:22.437000'), Timestamp('2026-06-11 15:32:23.215000'), Timestamp('2026-06-11 15:32:23.331000'), Timestamp('2026-06-11 15:32:23.643000'), Timestamp('2026-06-11 15:32:23.750000'), Timestamp('2026-06-11 15:32:24.546000'), Timestamp('2026-06-11 15:32:24.645000'), Timestamp('2026-06-11 15:32:24.963000'), Timestamp('2026-06-11 15:32:25.080000'), Timestamp('2026-06-11 15:32:25.858000'), Timestamp('2026-06-11 15:32:25.979000'), Timestamp('2026-06-11 15:32:26.287000'), Timestamp('2026-06-11 15:32:26.403000'), Timestamp('2026-06-11 15:32:27.188000'), Timestamp('2026-06-11 15:32:27.304000'), Timestamp('2026-06-11 15:32:27.625000'), Timestamp('2026-06-11 15:32:27.725000'), Timestamp('2026-06-11 15:32:28.520000'), Timestamp('2026-06-11 15:32:28.626000'), Timestamp('2026-06-11 15:32:28.943000'), Timestamp('2026-06-11 15:32:29.062000'), Timestamp('2026-06-11 15:32:29.847000'), Timestamp('2026-06-11 15:32:29.964000'), Timestamp('2026-06-11 15:32:30.277000'), Timestamp('2026-06-11 15:32:30.392000'), Timestamp('2026-06-11 15:32:31.178000'), Timestamp('2026-06-11 15:32:31.295000'), Timestamp('2026-06-11 15:32:31.604000'), Timestamp('2026-06-11 15:32:31.723000'), Timestamp('2026-06-11 15:32:32.511000'), Timestamp('2026-06-11 15:32:32.627000'), Timestamp('2026-06-11 15:32:32.944000'), Timestamp('2026-06-11 15:32:33.052000'), Timestamp('2026-06-11 15:32:33.846000'), Timestamp('2026-06-11 15:32:33.957000')]","[0.106, 0.791, 0.101, 0.318, 0.109, 0.788, 0.101, 0.32, 0.116, 0.78, 0.113, 0.312, 0.106, 0.789, 0.108, 0.314, 0.121, 0.778, 0.116, 0.312, 0.107, 0.796, 0.099, 0.318, 0.117, 0.778, 0.121, 0.308, 0.116, 0.785, 0.116, 0.321, 0.1, 0.795, 0.106, 0.317, 0.119, 0.785, 0.117, 0.313, 0.115, 0.786, 0.117, 0.309, 0.119, 0.788, 0.116, 0.317, 0.108, 0.794, 0.111]","[34.61358557247544, 34.79905437352245, 34.6574913981858, 34.848604632777295, 34.47048812562853, 34.285714285714285, 34.352435089875556, 34.73890851982725, 34.347158218125955, 34.41258094357077, 34.134141720348616, 34.17062511875356, 34.436915797729405, 34.8715785032435, 34.60818956557888, 34.386774317570165, 34.722549250451294, 34.93172435693871, 34.49546010689677, 34.96503496503496, 34.896424330386594, 34.887218045112775, 34.39559030893475, 34.34803758416754, 34.6270829542205, 34.32950191570881, 34.915071092545496, 34.96503496503496, 34.31372549019608, 34.9311817750356, 34.26390125970225, 34.81545604784765, 34.50834879406308, 35.07053500133085, 34.412566731958364, 34.607020813917366, 34.843791021265424, 34.62315462315462, 34.42736534168185, 34.49818714803672, 34.337648451521744, 34.607020813917366, 34.53281853281853, 34.696843853820596, 34.3206106870229, 34.94822924223438, 34.74903474903475, 34.96338294353886, 34.84448164909619, 34.80351170568562, 34.508121360711, 34.25761301305088]","[3.669040070682397, 27.52605200945626, 3.500406631216766, 11.08185627322318, 3.7572832056935095, 27.017142857142858, 3.4695959440774313, 11.11645072634472, 3.984270353302611, 26.8418131359852, 3.8571580143993938, 10.661235037051112, 3.6503130745593166, 27.51367543905912, 3.737684473082519, 10.797447135717032, 4.201428459304607, 27.176881549698315, 4.001473372400025, 10.909090909090908, 3.7339174033513656, 27.77022556390977, 3.4051634405845403, 10.922675951765278, 4.051368705643799, 26.708352490421454, 4.224723602198005, 10.769230769230768, 3.980392156862745, 27.420977693402946, 3.9746125461254613, 11.175761391359094, 3.450834879406308, 27.88107532605803, 3.6477320735875867, 10.970425598011806, 4.146411131530585, 27.179176379176376, 4.028001744976777, 10.797932577335493, 3.9488295719250006, 27.201118359739052, 4.040339768339768, 10.721324750830563, 4.084152671755725, 27.539204642880694, 4.030888030888031, 11.08339239310182, 3.7632040181023885, 27.633988294314385, 3.8304014710389214]",586.5861340693419,9.947343435607438,c:\git\RailwAI\VIDEO\20260611\ADTC Rastatt_00_20260611153217.mp4,2026-06-11 15:32:17,Trieb
ADTC1_adz_raw_20260611_1537,2026-06-11 15:35:57.286,2026-06-11 15:36:07.363,"[Timestamp('2026-06-11 15:36:07.363000'), Timestamp('2026-06-11 15:36:07.507000'), Timestamp('2026-06-11 15:36:08.039000'), Timestamp('2026-06-11 15:36:08.182000'), Timestamp('2026-06-11 15:36:08.334000'), Timestamp('2026-06-11 15:36:08.486000'), Timestamp('2026-06-11 15:36:09.236000'), Timestamp('2026-06-11 15:36:09.382000'), Timestamp('2026-06-11 15:36:10.144000'), Timestamp('2026-06-11 15:36:10.283000'), Timestamp('2026-06-11 15:36:11.042000'), Timestamp('2026-06-11 15:36:11.188000'), Timestamp('2026-06-11 15:36:11.940000'), Timestamp('2026-06-11 15:36:12.088000'), Timestamp('2026-06-11 15:36:12.838000'), Timestamp('2026-06-11 15:36:12.991000'), Timestamp('2026-06-11 15:36:13.753000'), Timestamp('2026-06-11 15:36:13.896000'), Timestamp('2026-06-11 15:36:14.652000'), Timestamp('2026-06-11 15:36:14.795000'), Timestamp('2026-06-11 15:36:15.561000'), Timestamp('2026-06-11 15:36:15.703000'), Timestamp('2026-06-11 15:36:15.861000'), Timestamp('2026-06-11 15:36:16.005000'), Timestamp('2026-06-11 15:36:16.537000'), Timestamp('2026-06-11 15:36:16.687000')]","[0.144, 0.532, 0.143, 0.152, 0.152, 0.75, 0.146, 0.762, 0.139, 0.759, 0.146, 0.752, 0.148, 0.75, 0.153, 0.762, 0.143, 0.756, 0.143, 0.766, 0.142, 0.158, 0.144, 0.532, 0.15]","[33.27536370941626, 33.62563072551805, 33.490136017211825, 33.465092029003074, 33.224357822884855, 34.174521131042866, 33.78943461586044, 33.10699123568516, 33.39948690643303, 33.10777120877555, 33.25781278095444, 32.99592511663616, 33.14285714285714, 33.343383301776434, 32.790008713331396, 33.62532204637468, 33.65505046784057, 33.16546934294375, 32.6530612244898, 33.227939062949126, 32.59846877594318, 32.82137597306964, 32.59846877594318, 32.59997232599973, 32.82828282828283, 32.54835706651036]","[4.791652374155941, 17.888835545975603, 4.78908945046129, 5.086693988408467, 5.050102389078498, 25.63089084828215, 4.933257453915624, 25.227527321592092, 4.642528679994192, 25.128798347460645, 4.855640666019347, 24.81293568771039, 4.905142857142856, 25.007537476332324, 5.0168713331397035, 25.622495399337506, 4.812672216901201, 25.073094823265475, 4.669387755102041, 25.45260132221903, 4.6289825661839314, 5.1857774037450035, 4.694179503735818, 17.343185277431857, 4.924242424242425]",310.17412311183347,9.9581691349393,c:\git\RailwAI\VIDEO\20260611\ADTC Rastatt_00_20260611153608.mp4,2026-06-11 15:36:08,Trieb
ADTC1_adz_raw_20260611_1546,2026-06-11 15:44:44.154,2026-06-11 15:44:54.178,"[Timestamp('2026-06-11 15:44:54.178000'), Timestamp('2026-06-11 15:44:54.323000'), Timestamp('2026-06-11 15:44:54.644000'), Timestamp('2026-06-11 15:44:54.787000')]","[0.145, 0.321, 0.143]","[32.44576387303037, 32.49484536082474, 32.72473867595819, 32.54835706651036]","[4.704635761589404, 10.430845360824742, 4.679637630662021]",19.815118753076167,9.909889330630577,c:\git\RailwAI\VIDEO\20260611\ADTC Rastatt_00_20260611154454.mp4,2026-06-11 15:44:54,Lok
ADTC1_adz_raw_20260611_1549,2026-06-11 15:48:12.077,2026-06-11 15:48:22.142,"[Timestamp('2026-06-11 15:48:22.142000'), Timestamp('2026-06-11 15:48:22.246000'), Timestamp('2026-06-11 15:48:23.049000'), Timestamp('2026-06-11 15:48:23.155000'), Timestamp('2026-06-11 15:48:23.477000'), Timestamp('2026-06-11 15:48:23.592000'), Timestamp('2026-06-11 15:48:24.390000'), Timestamp('2026-06-11 15:48:24.504000'), Timestamp('2026-06-11 15:48:24.821000'), Timestamp('2026-06-11 15:48:24.939000'), Timestamp('2026-06-11 15:48:25.730000'), Timestamp('2026-06-11 15:48:25.848000'), Timestamp('2026-06-11 15:48:26.162000'), Timestamp('2026-06-11 15:48:26.280000'), Timestamp('2026-06-11 15:48:27.071000'), Timestamp('2026-06-11 15:48:27.191000'), Timestamp('2026-06-11 15:48:27.513000'), Timestamp('2026-06-11 15:48:27.619000'), Timestamp('2026-06-11 15:48:28.423000'), Timestamp('2026-06-11 15:48:28.536000'), Timestamp('2026-06-11 15:48:28.854000'), Timestamp('2026-06-11 15:48:28.974000'), Timestamp('2026-06-11 15:48:29.769000'), Timestamp('2026-06-11 15:48:29.887000'), Timestamp('2026-06-11 15:48:30.206000'), Timestamp('2026-06-11 15:48:30.321000'), Timestamp('2026-06-11 15:48:31.117000'), Timestamp('2026-06-11 15:48:31.239000'), Timestamp('2026-06-11 15:48:31.560000'), Timestamp('2026-06-11 15:48:31.668000'), Timestamp('2026-06-11 15:48:32.473000'), Timestamp('2026-06-11 15:48:32.581000'), Timestamp('2026-06-11 15:48:32.905000'), Timestamp('2026-06-11 15:48:33.028000'), Timestamp('2026-06-11 15:48:33.822000'), Timestamp('2026-06-11 15:48:33.944000'), Timestamp('2026-06-11 15:48:34.265000'), Timestamp('2026-06-11 15:48:34.370000'), Timestamp('2026-06-11 15:48:35.185000'), Timestamp('2026-06-11 15:48:35.289000'), Timestamp('2026-06-11 15:48:35.610000'), Timestamp('2026-06-11 15:48:35.736000'), Timestamp('2026-06-11 15:48:36.529000'), Timestamp('2026-06-11 15:48:36.651000'), Timestamp('2026-06-11 15:48:36.978000'), Timestamp('2026-06-11 15:48:37.079000'), Timestamp('2026-06-11 15:48:37.897000'), Timestamp('2026-06-11 15:48:38.003000'), Timestamp('2026-06-11 15:48:38.334000'), Timestamp('2026-06-11 15:48:38.443000'), Timestamp('2026-06-11 15:48:39.253000'), Timestamp('2026-06-11 15:48:39.363000')]","[0.104, 0.803, 0.106, 0.322, 0.115, 0.798, 0.114, 0.317, 0.118, 0.791, 0.118, 0.314, 0.118, 0.791, 0.12, 0.322, 0.106, 0.804, 0.113, 0.318, 0.12, 0.795, 0.118, 0.319, 0.115, 0.796, 0.122, 0.321, 0.108, 0.805, 0.108, 0.324, 0.123, 0.794, 0.122, 0.321, 0.105, 0.815, 0.104, 0.321, 0.126, 0.793, 0.122, 0.327, 0.101, 0.818, 0.106, 0.331, 0.109, 0.81, 0.11]","[34.22731779240918, 33.922685046448905, 33.75185368264953, 33.9909257263179, 33.74601527170287, 33.8625391927537, 33.80658920976602, 33.62532204637468, 34.41258094357077, 33.86759581881533, 33.5812133072407, 33.983258984512055, 33.80449337896147, 33.83679801427242, 33.983363562449185, 33.993993993993996, 34.11604302378427, 34.01309353600722, 34.41567619659492, 33.90050073490944, 33.89290161892902, 33.92839333798743, 34.077262943242324, 33.76700177409816, 34.0178303115296, 33.80867498514557, 33.81955967210679, 34.49546010689677, 34.03103979557326, 34.084910640223214, 33.68545032941955, 33.84477878742737, 33.790710024824314, 34.02340234023402, 34.15249533229046, 34.184083601286176, 34.509803921568626, 33.98865548837499, 34.061624649859944, 34.01668950056047, 33.85459126954717, 33.79452458051222, 33.868281791604474, 34.08546325878594, 33.81699733491264, 33.67742880152281, 33.70522607163828, 33.96548524772685, 33.90502627143849, 34.184083601286176, 33.674774368780675, 33.94465973884925]","[3.559641050410555, 27.239916092298472, 3.57769649036085, 10.945078083874364, 3.8807917562458307, 27.022306275817456, 3.853951169913326, 10.659227088700773, 4.0606845513413505, 26.78926829268293, 3.9625831702544025, 10.670743321136785, 3.988930218717453, 26.764907229289484, 4.078003627493902, 10.946066066066066, 3.616300560521133, 27.346527202949805, 3.8889714102152264, 10.780359233701203, 4.067148194271482, 26.97307270370001, 4.021117027302594, 10.771673565937315, 3.912050485825904, 26.911705288175877, 4.125986279997028, 11.073042694313864, 3.6753522979219118, 27.43835306537969, 3.6380286355773115, 10.96570832712647, 4.15625733305339, 27.014581458145813, 4.166604430539436, 10.973090836012863, 3.6235294117647054, 27.700754223025612, 3.542408963585434, 10.91935732967991, 4.265678499962943, 26.79905799234619, 4.1319303785757455, 11.145946485623003, 3.415516730826177, 27.548136759645654, 3.5727539635936574, 11.24257561699759, 3.695647863586795, 27.689107717041804, 3.7042251805658744]",584.5123526320936,9.93734289791828,c:\git\RailwAI\VIDEO\20260611\ADTC Rastatt_00_20260611154822.mp4,2026-06-11 15:48:22,Trieb
ADTC1_adz_raw_20260611_1554,2026-06-11 15:53:12.890,2026-06-11 15:53:23.015,"[Timestamp('2026-06-11 15:53:23.015000'), Timestamp('2026-06-11 15:53:23.123000'), Timestamp('2026-06-11 15:53:23.806000'), Timestamp('2026-06-11 15:53:23.917000'), Timestamp('2026-06-11 15:53:24.145000'), Timestamp('2026-06-11 15:53:24.260000'), Timestamp('2026-06-11 15:53:24.941000'), Timestamp('2026-06-11 15:53:25.054000'), Timestamp('2026-06-11 15:53:25.281000'), Timestamp('2026-06-11 15:53:25.398000'), Timestamp('2026-06-11 15:53:26.074000'), Timestamp('2026-06-11 15:53:26.189000'), Timestamp('2026-06-11 15:53:26.413000'), Timestamp('2026-06-11 15:53:26.531000'), Timestamp('2026-06-11 15:53:27.216000'), Timestamp('2026-06-11 15:53:27.333000'), Timestamp('2026-06-11 15:53:27.556000'), Timestamp('2026-06-11 15:53:27.671000'), Timestamp('2026-06-11 15:53:28.353000'), Timestamp('2026-06-11 15:53:28.465000'), Timestamp('2026-06-11 15:53:28.693000'), Timestamp('2026-06-11 15:53:28.806000'), Timestamp('2026-06-11 15:53:29.488000'), Timestamp('2026-06-11 15:53:29.603000'), Timestamp('2026-06-11 15:53:29.832000'), Timestamp('2026-06-11 15:53:29.943000'), Timestamp('2026-06-11 15:53:30.629000'), Timestamp('2026-06-11 15:53:30.743000'), Timestamp('2026-06-11 15:53:30.972000'), Timestamp('2026-06-11 15:53:31.083000'), Timestamp('2026-06-11 15:53:31.771000'), Timestamp('2026-06-11 15:53:31.883000')]","[0.108, 0.683, 0.111, 0.228, 0.115, 0.681, 0.113, 0.227, 0.117, 0.676, 0.115, 0.224, 0.118, 0.685, 0.117, 0.223, 0.115, 0.682, 0.112, 0.228, 0.113, 0.682, 0.115, 0.229, 0.111, 0.686, 0.114, 0.229, 0.111, 0.688, 0.112]","[34.543548324467054, 35.066389377699565, 34.475822050290134, 34.720732504905165, 34.78991596638655, 34.55428238492911, 34.71982420342175, 34.53952477092716, 34.6000987089903, 35.066389377699565, 34.347158218125955, 34.41258094357077, 34.60369417816226, 34.78260869565217, 34.85503426462836, 34.7334537175159, 34.5956054230949, 35.03696303696303, 34.22470767666497, 34.56099456099456, 34.7334537175159, 34.24908424908425, 34.4103703894035, 34.79905437352245, 34.41567619659492, 34.81963335304553, 34.19141412220997, 34.33871153182846, 34.711779448621556, 34.502516453735964, 34.57748118258711, 34.44444444444444]","[3.7307032190424416, 23.950343944968804, 3.826816247582205, 7.916327011118378, 4.000840336134454, 23.531466304136725, 3.923340134986658, 7.840472123000465, 4.0482115489518655, 23.70487921932491, 3.949923195084485, 7.708418131359852, 4.083235913023146, 23.82608695652174, 4.078039008961518, 7.745560179006046, 3.978494623655914, 23.895208791208788, 3.8331672597864768, 7.87990675990676, 3.9248802700792966, 23.35787545787546, 3.9571925947814024, 7.968983451536642, 3.8201400578220364, 23.886268480189237, 3.8978212099319367, 7.863564940788717, 3.8530075187969928, 23.73773132017034, 3.8726778924497562]",307.5915841021834,10.011370915284196,c:\git\RailwAI\VIDEO\20260611\ADTC Rastatt_00_20260611155323.mp4,2026-06-11 15:53:23,Trieb
ADTC1_adz_raw_20260611_1558,2026-06-11 15:56:54.086,2026-06-11 15:57:04.166,"[Timestamp('2026-06-11 15:57:04.166000'), Timestamp('2026-06-11 15:57:04.281000'), Timestamp('2026-06-11 15:57:05.005000'), Timestamp('2026-06-11 15:57:05.118000'), Timestamp('2026-06-11 15:57:05.322000'), Timestamp('2026-06-11 15:57:05.429000'), Timestamp('2026-06-11 15:57:06.178000'), Timestamp('2026-06-11 15:57:06.285000'), Timestamp('2026-06-11 15:57:06.493000'), Timestamp('2026-06-11 15:57:06.601000'), Timestamp('2026-06-11 15:57:07.347000'), Timestamp('2026-06-11 15:57:07.456000'), Timestamp('2026-06-11 15:57:07.661000'), Timestamp('2026-06-11 15:57:07.772000'), Timestamp('2026-06-11 15:57:08.496000'), Timestamp('2026-06-11 15:57:08.609000')]","[0.115, 0.724, 0.113, 0.204, 0.107, 0.749, 0.107, 0.208, 0.108, 0.746, 0.109, 0.205, 0.111, 0.724, 0.113]","[35.238967616789694, 35.10160427807486, 35.49965823650034, 35.29602595296025, 35.49286534361161, 35.294594704188796, 35.12038523274478, 35.62262488296524, 34.98207885304659, 35.298411625549164, 35.04816724627253, 34.92063492063492, 34.92571670481154, 35.066389377699565, 35.36499321573948, 35.272227166086886]","[4.052481275930815, 25.413561497326196, 4.011461380724538, 7.20038929440389, 3.7977365917664425, 26.435651433437407, 3.7578812199036915, 7.40950597565677, 3.7780645161290316, 26.332615072659678, 3.8202502298437055, 7.158730158730157, 3.8767545542340813, 25.388065909454482, 3.9962442333785617]",156.42939334357948,9.96964120612896,c:\git\RailwAI\VIDEO\20260611\ADTC Rastatt_00_20260611155704.mp4,2026-06-11 15:57:04,Trieb
ADTC1_adz_raw_20260611_1602,2026-06-11 16:01:11.309,2026-06-11 16:01:21.405,"[Timestamp('2026-06-11 16:01:21.405000'), Timestamp('2026-06-11 16:01:21.868000'), Timestamp('2026-06-11 16:01:22.321000'), Timestamp('2026-06-11 16:01:22.768000'), Timestamp('2026-06-11 16:01:23.114000'), Timestamp('2026-06-11 16:01:23.570000'), Timestamp('2026-06-11 16:01:24.012000'), Timestamp('2026-06-11 16:01:24.470000')]","[0.463, 0.453, 0.447, 0.346, 0.456, 0.442, 0.458]","[34.86514276674839, 35.379394597529526, 61.898989898989896, 34.887218045112775, 34.475822050290134, 34.22470767666497, 34.4891640866873, 34.71982420342175]","[16.142561101004507, 16.026865752680877, 27.668848484848485, 12.070977443609019, 15.720974854932301, 15.127320793085916, 15.796037151702786]",118.5535855818639,9.898295927964002,c:\git\RailwAI\VIDEO\20260611\ADTC Rastatt_00_20260611160122.mp4,2026-06-11 16:01:22,Trieb
ADTC1_adz_raw_20260611_1622,2026-06-11 16:21:12.941,2026-06-11 16:21:22.974,"[Timestamp('2026-06-11 16:21:22.974000'), Timestamp('2026-06-11 16:21:23.076000'), Timestamp('2026-06-11 16:21:23.871000'), Timestamp('2026-06-11 16:21:23.975000'), Timestamp('2026-06-11 16:21:24.300000'), Timestamp('2026-06-11 16:21:24.403000'), Timestamp('2026-06-11 16:21:25.199000'), Timestamp('2026-06-11 16:21:25.305000'), Timestamp('2026-06-11 16:21:25.625000'), Timestamp('2026-06-11 16:21:25.739000'), Timestamp('2026-06-11 16:21:26.524000'), Timestamp('2026-06-11 16:21:26.642000'), Timestamp('2026-06-11 16:21:26.961000'), Timestamp('2026-06-11 16:21:27.064000'), Timestamp('2026-06-11 16:21:27.861000'), Timestamp('2026-06-11 16:21:27.965000'), Timestamp('2026-06-11 16:21:28.285000'), Timestamp('2026-06-11 16:21:28.402000'), Timestamp('2026-06-11 16:21:29.182000'), Timestamp('2026-06-11 16:21:29.300000'), Timestamp('2026-06-11 16:21:29.619000'), Timestamp('2026-06-11 16:21:29.721000'), Timestamp('2026-06-11 16:21:30.522000'), Timestamp('2026-06-11 16:21:30.626000'), Timestamp('2026-06-11 16:21:30.941000'), Timestamp('2026-06-11 16:21:31.060000'), Timestamp('2026-06-11 16:21:31.843000'), Timestamp('2026-06-11 16:21:31.964000'), Timestamp('2026-06-11 16:21:32.267000'), Timestamp('2026-06-11 16:21:32.390000'), Timestamp('2026-06-11 16:21:33.173000'), Timestamp('2026-06-11 16:21:33.288000'), Timestamp('2026-06-11 16:21:33.606000'), Timestamp('2026-06-11 16:21:33.715000'), Timestamp('2026-06-11 16:21:34.505000'), Timestamp('2026-06-11 16:21:34.611000'), Timestamp('2026-06-11 16:21:34.927000'), Timestamp('2026-06-11 16:21:35.046000'), Timestamp('2026-06-11 16:21:35.831000'), Timestamp('2026-06-11 16:21:35.948000'), Timestamp('2026-06-11 16:21:36.258000'), Timestamp('2026-06-11 16:21:36.376000'), Timestamp('2026-06-11 16:21:37.161000'), Timestamp('2026-06-11 16:21:37.277000'), Timestamp('2026-06-11 16:21:37.585000'), Timestamp('2026-06-11 16:21:37.710000'), Timestamp('2026-06-11 16:21:38.488000'), Timestamp('2026-06-11 16:21:38.605000'), Timestamp('2026-06-11 16:21:38.920000'), Timestamp('2026-06-11 16:21:39.031000'), Timestamp('2026-06-11 16:21:39.824000'), Timestamp('2026-06-11 16:21:39.927000')]","[0.102, 0.795, 0.104, 0.325, 0.103, 0.796, 0.106, 0.32, 0.114, 0.785, 0.118, 0.319, 0.103, 0.797, 0.104, 0.32, 0.117, 0.78, 0.118, 0.319, 0.102, 0.801, 0.104, 0.315, 0.119, 0.783, 0.121, 0.303, 0.123, 0.783, 0.115, 0.318, 0.109, 0.79, 0.106, 0.316, 0.119, 0.785, 0.117, 0.31, 0.118, 0.785, 0.116, 0.308, 0.125, 0.778, 0.117, 0.315, 0.111, 0.793, 0.103]","[34.29665071770334, 34.301464958399265, 34.30715625837577, 34.635186437152214, 34.23340961098398, 34.2560553633218, 34.44444444444444, 34.00030088761848, 34.11604302378427, 34.4196566258867, 34.29665071770334, 34.04426559356137, 34.349796451340346, 34.720732504905165, 34.59740259740259, 34.174521131042866, 34.10570952597304, 34.046406338426706, 34.22731779240918, 34.29271279853032, 33.71077241532263, 34.65703971119133, 33.75602521319985, 34.046406338426706, 33.926073926073926, 33.99518652226233, 34.47137699845281, 34.24908424908425, 34.06354199433784, 34.127244714974864, 34.301464958399265, 33.932853717026376, 34.127244714974864, 34.60818956557888, 34.10829231351761, 34.216133942161335, 34.47315488163392, 34.386774317570165, 34.08541498791297, 34.74527462170794, 34.32950191570881, 34.73354231974922, 34.30405870213254, 34.59683691988592, 34.46716678655842, 34.30405870213254, 34.26390125970225, 34.31629922263285, 33.95479170558565, 34.04896421845574, 34.32950191570881, 34.126663977410246]","[3.498258373205741, 27.269664641927417, 3.5679442508710797, 11.25643559207447, 3.52604118993135, 27.267820069204152, 3.6511111111111108, 10.880096284037913, 3.8892289047114073, 27.019430451321064, 4.047004784688994, 10.860120724346077, 3.5380290344880554, 27.67242380640942, 3.5981298701298696, 10.935846761933718, 3.990368014538846, 26.556196943972832, 4.038823499504283, 10.939375382731171, 3.438498786362908, 27.760288808664257, 3.510626622172784, 10.724617996604412, 4.037202797202797, 26.618231046931406, 4.17103661681279, 10.377472527472527, 4.189815665303554, 26.72163261182532, 3.9446684702159156, 10.790647482014387, 3.7198696739322603, 27.34046975680732, 3.6154789852328664, 10.812298325722981, 4.102305430914436, 26.99361783929258, 3.9879935535858175, 10.771035132729462, 4.050881226053639, 27.265830721003137, 3.9792708094473745, 10.655825771324862, 4.308395848319803, 26.688557670259115, 4.0088764473851635, 10.809634255129348, 3.768981879320007, 27.0008286252354, 3.535938697318007]",581.7031797717356,9.905621494821249,c:\git\RailwAI\VIDEO\20260611\ADTC Rastatt_00_20260611162123.mp4,2026-06-11 16:21:23,Trieb
ADTC1_adz_raw_20260611_1627,2026-06-11 16:25:52.685,2026-06-11 16:26:02.754,"[Timestamp('2026-06-11 16:26:02.754000'), Timestamp('2026-06-11 16:26:02.867000'), Timestamp('2026-06-11 16:26:03.219000'), Timestamp('2026-06-11 16:26:03.336000'), Timestamp('2026-06-11 16:26:03.570000'), Timestamp('2026-06-11 16:26:03.681000'), Timestamp('2026-06-11 16:26:04.477000'), Timestamp('2026-06-11 16:26:04.588000'), Timestamp('2026-06-11 16:26:04.777000'), Timestamp('2026-06-11 16:26:04.892000'), Timestamp('2026-06-11 16:26:05.678000'), Timestamp('2026-06-11 16:26:05.796000'), Timestamp('2026-06-11 16:26:05.988000'), Timestamp('2026-06-11 16:26:06.105000'), Timestamp('2026-06-11 16:26:06.893000'), Timestamp('2026-06-11 16:26:07.006000'), Timestamp('2026-06-11 16:26:07.200000'), Timestamp('2026-06-11 16:26:07.313000'), Timestamp('2026-06-11 16:26:08.104000'), Timestamp('2026-06-11 16:26:08.220000')]","[0.113, 0.352, 0.117, 0.234, 0.111, 0.796, 0.111, 0.189, 0.115, 0.786, 0.118, 0.192, 0.117, 0.788, 0.113, 0.194, 0.113, 0.791, 0.116]","[35.04069697736688, 35.036496350364956, 35.56775300171526, 34.91093743801325, 34.679186228482, 34.97557867912508, 35.70549602488766, 35.987363987363985, 35.19505808097764, 35.235170518829804, 34.495393904988, 35.649130542618565, 35.01461599787404, 34.955312810327705, 34.475822050290134, 35.074338289219284, 35.17238602659938, 35.14294892386765, 34.94652123265911, 35.174021380917935]","[3.9595987584424575, 12.332846715328463, 4.161427101200686, 8.169159360495101, 3.8493896713615023, 27.840560628583564, 3.9633100587625303, 6.8016117936117935, 4.047431679312429, 27.694844027800226, 4.070456480788584, 6.844633064182765, 4.096710071751263, 27.544786494538233, 3.895767891682785, 6.804421628108542, 3.9744796210057305, 27.798072598779314, 4.053796462988457]",191.90330410872443,9.956469619608235,c:\git\RailwAI\VIDEO\20260611\ADTC Rastatt_00_20260611162603.mp4,2026-06-11 16:26:03,Lok
ADTC1_adz_raw_20260611_1642,2026-06-11 16:37:53.408,2026-06-11 16:38:03.454,"[Timestamp('2026-06-11 16:38:03.454000'), Timestamp('2026-06-11 16:38:03.577000'), Timestamp('2026-06-11 16:38:03.951000'), Timestamp('2026-06-11 16:38:04.074000'), Timestamp('2026-06-11 16:38:04.313000'), Timestamp('2026-06-11 16:38:04.393000'), Timestamp('2026-06-11 16:38:04.967000'), Timestamp('2026-06-11 16:38:05.538000'), Timestamp('2026-06-11 16:38:05.720000'), Timestamp('2026-06-11 16:38:05.805000'), Timestamp('2026-06-11 16:38:06.298000'), Timestamp('2026-06-11 16:38:06.377000'), Timestamp('2026-06-11 16:38:06.872000'), Timestamp('2026-06-11 16:38:06.949000'), Timestamp('2026-06-11 16:38:08.634000'), Timestamp('2026-06-11 16:38:09.207000'), Timestamp('2026-06-11 16:38:09.705000'), Timestamp('2026-06-11 16:38:09.972000'), Timestamp('2026-06-11 16:38:10.052000'), Timestamp('2026-06-11 16:38:10.549000'), Timestamp('2026-06-11 16:38:10.630000'), Timestamp('2026-06-11 16:38:11.207000'), Timestamp('2026-06-11 16:38:11.393000'), Timestamp('2026-06-11 16:38:11.469000'), Timestamp('2026-06-11 16:38:11.970000'), Timestamp('2026-06-11 16:38:12.051000'), Timestamp('2026-06-11 16:38:12.627000'), Timestamp('2026-06-11 16:38:12.817000'), Timestamp('2026-06-11 16:38:12.902000'), Timestamp('2026-06-11 16:38:13.505000'), Timestamp('2026-06-11 16:38:13.582000'), Timestamp('2026-06-11 16:38:14.269000'), Timestamp('2026-06-11 16:38:14.541000'), Timestamp('2026-06-11 16:38:15.118000'), Timestamp('2026-06-11 16:38:15.697000'), Timestamp('2026-06-11 16:38:15.884000'), Timestamp('2026-06-11 16:38:15.966000'), Timestamp('2026-06-11 16:38:16.545000'), Timestamp('2026-06-11 16:38:17.042000'), Timestamp('2026-06-11 16:38:17.123000'), Timestamp('2026-06-11 16:38:17.317000'), Timestamp('2026-06-11 16:38:17.399000'), Timestamp('2026-06-11 16:38:18.084000'), Timestamp('2026-06-11 16:38:19.629000'), Timestamp('2026-06-11 16:38:20.207000'), Timestamp('2026-06-11 16:38:20.396000'), Timestamp('2026-06-11 16:38:20.478000'), Timestamp('2026-06-11 16:38:21.057000'), Timestamp('2026-06-11 16:38:21.639000'), Timestamp('2026-06-11 16:38:21.907000'), Timestamp('2026-06-11 16:38:22.491000'), Timestamp('2026-06-11 16:38:23.075000'), Timestamp('2026-06-11 16:38:23.926000'), Timestamp('2026-06-11 16:38:24.509000'), Timestamp('2026-06-11 16:38:24.781000'), Timestamp('2026-06-11 16:38:25.366000'), Timestamp('2026-06-11 16:38:25.951000'), Timestamp('2026-06-11 16:38:26.219000'), Timestamp('2026-06-11 16:38:26.804000'), Timestamp('2026-06-11 16:38:27.393000')]","[0.123, 0.374, 0.123, 0.239, 0.08, 0.574, 0.571, 0.182, 0.085, 0.493, 0.079, 0.495, 0.077, 1.685, 0.573, 0.498, 0.267, 0.08, 0.497, 0.081, 0.577, 0.186, 0.076, 0.501, 0.081, 0.576, 0.19, 0.085, 0.603, 0.077, 0.687, 0.272, 0.577, 0.579, 0.187, 0.082, 0.579, 0.497, 0.081, 0.194, 0.082, 0.685, 1.545, 0.578, 0.189, 0.082, 0.579, 0.582, 0.268, 0.584, 0.584, 0.851, 0.583, 0.272, 0.585, 0.585, 0.268, 0.585, 0.589]","[nan, nan, nan, nan, nan, nan, nan, nan, nan, nan, nan, nan, nan, nan, nan, nan, nan, nan, nan, nan, nan, nan, nan, nan, nan, nan, nan, nan, nan, nan, nan, nan, nan, nan, nan, nan, nan, nan, nan, nan, nan, nan, nan, nan, nan, nan, nan, nan, nan, nan, nan, nan, nan, nan, nan, nan, nan, nan, nan, nan, nan]","[nan, nan, nan, nan, nan, nan, nan, nan, nan, nan, nan, nan, nan, nan, nan, nan, nan, nan, nan, nan, nan, nan, nan, nan, nan, nan, nan, nan, nan, nan, nan, nan, nan, nan, nan, nan, nan, nan, nan, nan, nan, nan, nan, nan, nan, nan, nan, nan, nan, nan, nan, nan, nan, nan, nan, nan, nan, nan, nan]",,9.93663594470046,c:\git\RailwAI\VIDEO\20260611\ADTC Rastatt_00_20260611163804.mp4,2026-06-11 16:38:04,Lok
ADTC1_adz_raw_20260611_1645,2026-06-11 16:43:56.659,2026-06-11 16:44:06.679,"[Timestamp('2026-06-11 16:44:06.679000'), Timestamp('2026-06-11 16:44:06.794000'), Timestamp('2026-06-11 16:44:07.150000'), Timestamp('2026-06-11 16:44:07.270000'), Timestamp('2026-06-11 16:44:07.928000'), Timestamp('2026-06-11 16:44:08.117000'), Timestamp('2026-06-11 16:44:08.193000'), Timestamp('2026-06-11 16:44:08.632000'), Timestamp('2026-06-11 16:44:08.709000'), Timestamp('2026-06-11 16:44:08.864000'), Timestamp('2026-06-11 16:44:08.940000'), Timestamp('2026-06-11 16:44:09.378000'), Timestamp('2026-06-11 16:44:09.455000'), Timestamp('2026-06-11 16:44:09.610000'), Timestamp('2026-06-11 16:44:09.686000'), Timestamp('2026-06-11 16:44:10.126000'), Timestamp('2026-06-11 16:44:10.202000'), Timestamp('2026-06-11 16:44:10.357000'), Timestamp('2026-06-11 16:44:10.433000'), Timestamp('2026-06-11 16:44:10.872000'), Timestamp('2026-06-11 16:44:10.949000'), Timestamp('2026-06-11 16:44:11.183000'), Timestamp('2026-06-11 16:44:11.637000'), Timestamp('2026-06-11 16:44:12.088000'), Timestamp('2026-06-11 16:44:12.382000'), Timestamp('2026-06-11 16:44:12.830000'), Timestamp('2026-06-11 16:44:13.063000'), Timestamp('2026-06-11 16:44:13.516000'), Timestamp('2026-06-11 16:44:13.781000'), Timestamp('2026-06-11 16:44:14.237000'), Timestamp('2026-06-11 16:44:14.469000'), Timestamp('2026-06-11 16:44:14.919000'), Timestamp('2026-06-11 16:44:15.213000'), Timestamp('2026-06-11 16:44:15.665000'), Timestamp('2026-06-11 16:44:16.114000'), Timestamp('2026-06-11 16:44:16.436000'), Timestamp('2026-06-11 16:44:16.884000'), Timestamp('2026-06-11 16:44:17.334000'), Timestamp('2026-06-11 16:44:17.651000'), Timestamp('2026-06-11 16:44:18.107000'), Timestamp('2026-06-11 16:44:18.554000'), Timestamp('2026-06-11 16:44:18.871000'), Timestamp('2026-06-11 16:44:19.328000'), Timestamp('2026-06-11 16:44:19.780000'), Timestamp('2026-06-11 16:44:20.098000'), Timestamp('2026-06-11 16:44:20.547000'), Timestamp('2026-06-11 16:44:20.998000'), Timestamp('2026-06-11 16:44:21.319000'), Timestamp('2026-06-11 16:44:21.765000'), Timestamp('2026-06-11 16:44:22.216000'), Timestamp('2026-06-11 16:44:22.531000'), Timestamp('2026-06-11 16:44:22.983000'), Timestamp('2026-06-11 16:44:23.435000'), Timestamp('2026-06-11 16:44:23.670000'), Timestamp('2026-06-11 16:44:23.747000'), Timestamp('2026-06-11 16:44:24.111000'), Timestamp('2026-06-11 16:44:24.187000'), Timestamp('2026-06-11 16:44:24.335000'), Timestamp('2026-06-11 16:44:24.415000'), Timestamp('2026-06-11 16:44:24.852000'), Timestamp('2026-06-11 16:44:24.925000'), Timestamp('2026-06-11 16:44:25.800000'), Timestamp('2026-06-11 16:44:26.056000'), Timestamp('2026-06-11 16:44:26.863000'), Timestamp('2026-06-11 16:44:26.938000'), Timestamp('2026-06-11 16:44:27.307000'), Timestamp('2026-06-11 16:44:27.384000'), Timestamp('2026-06-11 16:44:27.542000'), Timestamp('2026-06-11 16:44:27.622000'), Timestamp('2026-06-11 16:44:27.977000'), Timestamp('2026-06-11 16:44:28.055000'), Timestamp('2026-06-11 16:44:28.206000'), Timestamp('2026-06-11 16:44:28.286000'), Timestamp('2026-06-11 16:44:28.547000'), Timestamp('2026-06-11 16:44:28.622000')]","[0.115, 0.356, 0.12, 0.658, 0.189, 0.076, 0.439, 0.077, 0.155, 0.076, 0.438, 0.077, 0.155, 0.076, 0.44, 0.076, 0.155, 0.076, 0.439, 0.077, 0.234, 0.454, 0.451, 0.294, 0.448, 0.233, 0.453, 0.265, 0.456, 0.232, 0.45, 0.294, 0.452, 0.449, 0.322, 0.448, 0.45, 0.317, 0.456, 0.447, 0.317, 0.457, 0.452, 0.318, 0.449, 0.451, 0.321, 0.446, 0.451, 0.315, 0.452, 0.452, 0.235, 0.077, 0.364, 0.076, 0.148, 0.08, 0.437, 0.073, 0.875, 0.256, 0.807, 0.075, 0.369, 0.077, 0.158, 0.08, 0.355, 0.078, 0.151, 0.08, 0.261, 0.075]","[34.24177256435321, 34.988911238331006, 34.86602022729642, 34.78260869565217, 37.0969481289766, 32.962939499524865, 35.29224398789616, 34.824465023805786, 34.99310797505743, 35.72168095781677, 35.58928947923255, 36.387728335969925, 54.42703487290186, 96.01067863968693, 54.46859007639249, 65.09436001642922, 20.967210059214025, 3.6770338593534433, 20.49102656137832, -1.407527512333111, 21.04768616396523, -50.59047619047618, -0.12125897126919938, 0.04843641207278182, -137.66143106457227, -0.11993463562357931, -55.04873294346976, 0.04687614443712107, -776.769509981851, -0.1890415005169075, -69.6434596783264, 0.13690034795504857, -81.67698490279123, -0.4929649789462829, 0.2701942020827417, -34.98332608380451, -0.13763440860214615, -0.023093021577537343, -34.3594056630221, 0.47136965022229305, 0.023155183143032332, -37.50330444999261, 0.5264312349199329, 0.13402205779701148, -38.90949773302708, 0.43184885290148145, 0.08817856158721327, -44.66096115865696, 0.13402205779701148, 0.2175893816381702, -32.95116772823775, -0.04374393394666498, 0.26179438232887975, -136.5567765567766, 14.890416543657658, -10.589469719389825, 15.43927559272828, -3.1840796019900495, 14.325967245941499, -0.7111111111111086, 15.02778934669903, -1.6040100250626637, 5.449686120952201, -1580.15503875969, 4.041262699174599, -6.385964912280713, 14.001104456055387, -10.0329404294162, 14.490878509509642, -8.498168498168496, 15.14095480946309, -11.027486008877133, 15.01216263176184, -5.031121449031886, 14.995839355319049, -224.27350427350405, 27.502568342980275]","[3.9378038449006194, 12.456052400845838, 4.1839224272755695, 22.88695652173913, 7.011323196376577, 2.5051834019638894, 15.493295110686413, 2.6814838068330453, 5.423931736133901, 2.714847752794075, 15.588108791903856, 2.801855081869684, 8.436190405299788, 7.296811576616206, 23.966179633612693, 4.94717136124862, 3.249917559178174, 0.2794545733108617, 8.995560660445083, -0.10837961844964955, 4.925158562367864, -22.968076190476186, -0.05468779604240892, 0.014240305149397855, -61.67232111692838, -0.027944770100293982, -24.9370760233918, 0.012422178275837085, -354.20689655172407, -0.04385762811992254, -31.33955685524688, 0.04024870229878428, -36.91799717606164, -0.22134127554688102, 0.08700253307064283, -15.672530085544423, -0.06193548387096577, -0.007320487840079337, -15.667888982338079, 0.210702233649365, 0.0073401930563412494, -17.139010133646625, 0.2379469181838097, 0.042619014379449656, -17.47036448212916, 0.19476383265856814, 0.02830531826949546, -19.918788676761004, 0.06044394806645218, 0.06854065521602362, -14.893927813163463, -0.019772258143892572, 0.06152167984728674, -10.5148717948718, 5.420111621891388, -0.8047996986736267, 2.2850127877237854, -0.25472636815920396, 6.260447686476435, -0.05191111111111092, 13.149315678361653, -0.4106265664160419, 4.3978966996084266, -118.51162790697674, 1.491225935995427, -0.4917192982456149, 2.212174504056751, -0.8026352343532961, 5.144261870875923, -0.6628571428571427, 2.2862841762289263, -0.8821988807101707, 3.9181744468898403, -0.3773341086773914]",-559.702770190946,9.913124834259824,c:\git\RailwAI\VIDEO\20260611\ADTC Rastatt_00_20260611164407.mp4,2026-06-11 16:44:07,Lok
ADTC1_adz_raw_20260611_1652,2026-06-11 16:51:18.010,2026-06-11 16:51:28.039,"[Timestamp('2026-06-11 16:51:28.039000'), Timestamp('2026-06-11 16:51:28.178000'), Timestamp('2026-06-11 16:51:28.491000'), Timestamp('2026-06-11 16:51:28.627000'), Timestamp('2026-06-11 16:51:28.896000'), Timestamp('2026-06-11 16:51:29.017000'), Timestamp('2026-06-11 16:51:29.792000'), Timestamp('2026-06-11 16:51:29.912000'), Timestamp('2026-06-11 16:51:30.153000'), Timestamp('2026-06-11 16:51:30.256000'), Timestamp('2026-06-11 16:51:31.041000'), Timestamp('2026-06-11 16:51:31.156000'), Timestamp('2026-06-11 16:51:31.385000'), Timestamp('2026-06-11 16:51:31.503000'), Timestamp('2026-06-11 16:51:32.285000'), Timestamp('2026-06-11 16:51:32.404000'), Timestamp('2026-06-11 16:51:32.637000'), Timestamp('2026-06-11 16:51:32.751000'), Timestamp('2026-06-11 16:51:33.533000'), Timestamp('2026-06-11 16:51:33.649000'), Timestamp('2026-06-11 16:51:33.886000'), Timestamp('2026-06-11 16:51:34'), Timestamp('2026-06-11 16:51:34.784000'), Timestamp('2026-06-11 16:51:34.900000')]","[0.139, 0.313, 0.136, 0.269, 0.121, 0.775, 0.12, 0.241, 0.103, 0.785, 0.115, 0.229, 0.118, 0.782, 0.119, 0.233, 0.114, 0.782, 0.116, 0.237, 0.114, 0.784, 0.116]","[33.38203156128128, 33.15114492908941, 33.40138930836605, 33.12865914608025, 33.33814820164668, 33.45454545454545, 33.38203156128128, 33.25781278095444, 33.9875178584856, 32.73006063703738, 32.8551704771488, 33.06851329238504, 33.33494092114782, 33.00372142477406, 33.926073926073926, 32.944832944832946, 33.51612195656942, 32.65645574883914, 32.822910578609, 32.72473867595819, 32.67158252977879, 32.34119782214156, 32.932330827067666, 32.832121226293765]","[4.640102387018098, 10.376308362804986, 4.542588945937783, 8.911609310295589, 4.033915932399248, 25.927272727272726, 4.005843787353753, 8.01513288021002, 3.5007143394240168, 25.693097600074346, 3.7783446048721125, 7.572689543956175, 3.9335230286954426, 25.80891015417331, 4.037202797202797, 7.676146076146077, 3.8208379030489144, 25.53734839559221, 3.807457627118644, 7.755763066202092, 3.724560408394782, 25.355499092558983, 3.8201503759398494]",226.27501934669195,9.914549947164774,c:\git\RailwAI\VIDEO\20260611\ADTC Rastatt_00_20260611165129.mp4,2026-06-11 16:51:29,Lok
ADTC1_adz_raw_20260611_1658,2026-06-11 16:56:54.682,2026-06-11 16:57:04.753,"[Timestamp('2026-06-11 16:57:04.753000'), Timestamp('2026-06-11 16:57:04.861000'), Timestamp('2026-06-11 16:57:05.084000'), Timestamp('2026-06-11 16:57:05.199000'), Timestamp('2026-06-11 16:57:05.397000'), Timestamp('2026-06-11 16:57:05.479000'), Timestamp('2026-06-11 16:57:05.929000'), Timestamp('2026-06-11 16:57:06.011000'), Timestamp('2026-06-11 16:57:06.169000'), Timestamp('2026-06-11 16:57:06.249000'), Timestamp('2026-06-11 16:57:06.708000'), Timestamp('2026-06-11 16:57:06.788000'), Timestamp('2026-06-11 16:57:06.944000'), Timestamp('2026-06-11 16:57:07.028000'), Timestamp('2026-06-11 16:57:07.485000'), Timestamp('2026-06-11 16:57:07.565000'), Timestamp('2026-06-11 16:57:07.726000'), Timestamp('2026-06-11 16:57:07.806000'), Timestamp('2026-06-11 16:57:08.259000'), Timestamp('2026-06-11 16:57:08.344000'), Timestamp('2026-06-11 16:57:08.501000'), Timestamp('2026-06-11 16:57:08.583000'), Timestamp('2026-06-11 16:57:09.040000'), Timestamp('2026-06-11 16:57:09.120000'), Timestamp('2026-06-11 16:57:09.278000'), Timestamp('2026-06-11 16:57:09.358000'), Timestamp('2026-06-11 16:57:09.816000'), Timestamp('2026-06-11 16:57:09.895000'), Timestamp('2026-06-11 16:57:10.052000'), Timestamp('2026-06-11 16:57:10.134000'), Timestamp('2026-06-11 16:57:10.593000'), Timestamp('2026-06-11 16:57:10.673000')]","[0.108, 0.223, 0.115, 0.198, 0.082, 0.45, 0.082, 0.158, 0.08, 0.459, 0.08, 0.156, 0.084, 0.457, 0.08, 0.161, 0.08, 0.453, 0.085, 0.157, 0.082, 0.457, 0.08, 0.158, 0.08, 0.458, 0.079, 0.157, 0.082, 0.459, 0.08]","[34.41258094357077, 34.6574913981858, 34.53237410071942, 34.53416149068323, 34.289650597645135, 34.66426811622541, 33.922685046448905, 34.28615160907664, 33.932853717026376, 34.41258094357077, 33.96467014214454, 33.82966051220965, 34.37164339419978, 33.69084707360022, 33.72573189522342, 33.72573189522342, 33.81791118829075, 34.115052611681676, 33.59271766260461, 34.37164339419978, 33.61616161616162, 34.126663977410246, 33.41228791028182, 33.91044776119403, 33.81911224830348, 33.92437194370824, 33.42400174083342, 34.07585791691751, 33.2045226849864, 34.12850951573394, 33.42972816657027, 33.629528366370465]","[3.7165587419056427, 7.7286205817954325, 3.971223021582734, 6.83776397515528, 2.8117513490069013, 15.598920652301434, 2.7816601738088105, 5.4172119542341095, 2.7146282973621103, 15.795374653098982, 2.7171736113715634, 5.277427039904706, 2.887218045112782, 15.396717112635299, 2.6980585516178737, 5.42984283513097, 2.70543289506326, 15.4541188330918, 2.8553810013213923, 5.396348012889366, 2.756525252525253, 15.595885437676483, 2.6729830328225455, 5.357850746268657, 2.7055289798642788, 15.537362350218373, 2.6404961375258402, 5.349909692956049, 2.722770860168885, 15.664985867721878, 2.6743782533256217]",201.8701079494643,9.957037557874164,c:\git\RailwAI\VIDEO\20260611\ADTC Rastatt_00_20260611165705.mp4,2026-06-11 16:57:05,Lok
ADTC1_adz_raw_20260611_1705,2026-06-11 17:04:03.622,2026-06-11 17:04:13.642,"[Timestamp('2026-06-11 17:04:13.642000'), Timestamp('2026-06-11 17:04:13.754000'), Timestamp('2026-06-11 17:04:14.480000'), Timestamp('2026-06-11 17:04:14.594000'), Timestamp('2026-06-11 17:04:14.793000'), Timestamp('2026-06-11 17:04:14.906000'), Timestamp('2026-06-11 17:04:15.653000'), Timestamp('2026-06-11 17:04:15.760000'), Timestamp('2026-06-11 17:04:15.967000'), Timestamp('2026-06-11 17:04:16.077000'), Timestamp('2026-06-11 17:04:16.824000'), Timestamp('2026-06-11 17:04:16.931000'), Timestamp('2026-06-11 17:04:17.133000'), Timestamp('2026-06-11 17:04:17.250000'), Timestamp('2026-06-11 17:04:17.970000'), Timestamp('2026-06-11 17:04:18.087000'), Timestamp('2026-06-11 17:04:18.388000'), Timestamp('2026-06-11 17:04:18.496000'), Timestamp('2026-06-11 17:04:19.222000'), Timestamp('2026-06-11 17:04:19.332000'), Timestamp('2026-06-11 17:04:19.540000'), Timestamp('2026-06-11 17:04:19.648000'), Timestamp('2026-06-11 17:04:20.397000'), Timestamp('2026-06-11 17:04:20.504000'), Timestamp('2026-06-11 17:04:20.707000'), Timestamp('2026-06-11 17:04:20.825000'), Timestamp('2026-06-11 17:04:21.561000'), Timestamp('2026-06-11 17:04:21.673000'), Timestamp('2026-06-11 17:04:21.879000'), Timestamp('2026-06-11 17:04:21.987000'), Timestamp('2026-06-11 17:04:22.713000'), Timestamp('2026-06-11 17:04:22.831000')]","[0.112, 0.726, 0.114, 0.199, 0.113, 0.747, 0.107, 0.207, 0.11, 0.747, 0.107, 0.202, 0.117, 0.72, 0.117, 0.301, 0.108, 0.726, 0.11, 0.208, 0.108, 0.749, 0.107, 0.203, 0.118, 0.736, 0.112, 0.206, 0.108, 0.726, 0.118]","[35.524911762291715, 35.428695936376506, 35.16672257631667, 35.17238602659938, 35.0383631713555, 35.426283753421295, 35.426283753421295, 35.55994567230522, 34.85503426462836, 35.55555555555555, 35.16483516483516, 35.49577626507012, 34.97279362972793, 35.04069697736688, 35.165306998711884, 34.98672331386086, 34.78991596638655, 35.232323232323225, 35.243715140247346, 34.96503496503496, 34.97557867912508, 35.311299832314596, 35.08322663252241, 34.54846727423364, 34.7334537175159, 34.938658831937104, 34.887218045112775, 34.96503496503496, 35.12696331576271, 34.539958142779625, 35.053304904051174, 35.26366871562601]","[3.9787901173766724, 25.721233249809345, 4.0090063737001005, 6.999304819293278, 3.9593350383631716, 26.463433963805706, 3.7906123616160783, 7.36090875416718, 3.8340537691091194, 26.559999999999995, 3.762637362637362, 7.170146805544165, 4.091816854678168, 25.22930182370415, 4.11434091884929, 10.531003717472117, 3.7573109243697473, 25.57866666666666, 3.876808665427208, 7.272727272727272, 3.7773624973455084, 26.448163574403633, 3.753905249679898, 7.013338856669429, 4.098547538666876, 25.714852900305708, 3.907368421052631, 7.202797202797202, 3.7937120381023726, 25.07600961165801, 4.136289978678039]",322.98378732867616,9.906408030794775,c:\git\RailwAI\VIDEO\20260611\ADTC Rastatt_00_20260611170414.mp4,2026-06-11 17:04:14,Trieb
ADTC1_adz_raw_20260611_1708,2026-06-11 17:07:11.021,2026-06-11 17:07:21.143,"[Timestamp('2026-06-11 17:07:21.143000'), Timestamp('2026-06-11 17:07:21.536000'), Timestamp('2026-06-11 17:07:21.621000'), Timestamp('2026-06-11 17:07:22.090000'), Timestamp('2026-06-11 17:07:22.581000'), Timestamp('2026-06-11 17:07:22.940000'), Timestamp('2026-06-11 17:07:23.426000'), Timestamp('2026-06-11 17:07:23.898000'), Timestamp('2026-06-11 17:07:24.382000')]","[0.393, 0.085, 0.469, 0.491, 0.359, 0.486, 0.472, 0.484]","[33.04647160068847, 32.54237288135593, 18.13031161473088, 17.94392523364486, 20.317460317460316, 17.794253938832252, 19.79381443298969, 32.323232323232325, 32.93310463121784]","[12.98726333907057, 2.766101694915254, 8.50311614730878, 8.810467289719625, 7.293968253968253, 8.648007414272474, 9.342680412371134, 15.644444444444446]",73.99604899607054,9.736400173594731,c:\git\RailwAI\VIDEO\20260611\ADTC Rastatt_00_20260611170721.mp4,2026-06-11 17:07:21,Trieb
ADTC1_adz_raw_20260611_1715,2026-06-11 17:13:29.939,2026-06-11 17:13:39.986,"[Timestamp('2026-06-11 17:13:39.986000'), Timestamp('2026-06-11 17:13:40.091000'), Timestamp('2026-06-11 17:13:40.895000'), Timestamp('2026-06-11 17:13:41.002000'), Timestamp('2026-06-11 17:13:41.329000'), Timestamp('2026-06-11 17:13:41.433000'), Timestamp('2026-06-11 17:13:42.236000'), Timestamp('2026-06-11 17:13:42.346000'), Timestamp('2026-06-11 17:13:42.662000'), Timestamp('2026-06-11 17:13:42.783000'), Timestamp('2026-06-11 17:13:43.576000'), Timestamp('2026-06-11 17:13:43.694000'), Timestamp('2026-06-11 17:13:44.014000'), Timestamp('2026-06-11 17:13:44.123000'), Timestamp('2026-06-11 17:13:44.927000'), Timestamp('2026-06-11 17:13:45.033000'), Timestamp('2026-06-11 17:13:45.353000'), Timestamp('2026-06-11 17:13:45.470000'), Timestamp('2026-06-11 17:13:46.264000'), Timestamp('2026-06-11 17:13:46.380000'), Timestamp('2026-06-11 17:13:46.698000'), Timestamp('2026-06-11 17:13:46.809000'), Timestamp('2026-06-11 17:13:47.614000'), Timestamp('2026-06-11 17:13:47.716000'), Timestamp('2026-06-11 17:13:48.039000'), Timestamp('2026-06-11 17:13:48.160000'), Timestamp('2026-06-11 17:13:48.955000'), Timestamp('2026-06-11 17:13:49.071000'), Timestamp('2026-06-11 17:13:49.385000'), Timestamp('2026-06-11 17:13:49.507000'), Timestamp('2026-06-11 17:13:50.300000'), Timestamp('2026-06-11 17:13:50.421000'), Timestamp('2026-06-11 17:13:50.740000'), Timestamp('2026-06-11 17:13:50.849000'), Timestamp('2026-06-11 17:13:51.657000'), Timestamp('2026-06-11 17:13:51.762000'), Timestamp('2026-06-11 17:13:52.082000'), Timestamp('2026-06-11 17:13:52.211000'), Timestamp('2026-06-11 17:13:53.002000'), Timestamp('2026-06-11 17:13:53.122000'), Timestamp('2026-06-11 17:13:53.436000'), Timestamp('2026-06-11 17:13:53.557000'), Timestamp('2026-06-11 17:13:54.357000'), Timestamp('2026-06-11 17:13:54.475000'), Timestamp('2026-06-11 17:13:54.795000'), Timestamp('2026-06-11 17:13:54.912000'), Timestamp('2026-06-11 17:13:55.711000'), Timestamp('2026-06-11 17:13:55.836000'), Timestamp('2026-06-11 17:13:56.155000'), Timestamp('2026-06-11 17:13:56.262000'), Timestamp('2026-06-11 17:13:57.069000'), Timestamp('2026-06-11 17:13:57.177000')]","[0.105, 0.804, 0.107, 0.327, 0.104, 0.803, 0.11, 0.316, 0.121, 0.793, 0.118, 0.32, 0.109, 0.804, 0.106, 0.32, 0.117, 0.794, 0.116, 0.318, 0.111, 0.805, 0.102, 0.323, 0.121, 0.795, 0.116, 0.314, 0.122, 0.793, 0.121, 0.319, 0.109, 0.808, 0.105, 0.32, 0.129, 0.791, 0.12, 0.314, 0.121, 0.8, 0.118, 0.32, 0.117, 0.799, 0.125, 0.319, 0.107, 0.807, 0.108]","[33.68421052631579, 34.29665071770334, 34.006269592476485, 33.63357467173886, 34.111736638812445, 34.47137699845281, 34.24298685114067, 34.365634365634364, 34.165431817318286, 34.0429812758573, 33.74351371386212, 33.92226148409894, 34.23340961098398, 33.68421052631579, 33.8625391927537, 34.36035343834037, 33.9909257263179, 34.23340961098398, 34.121212121212125, 34.127244714974864, 34.22731779240918, 34.3717974994876, 33.983363562449185, 34.181634201871994, 34.046406338426706, 34.111736638812445, 34.06997231311351, 33.880243993526705, 33.679864336798644, 33.99518652226233, 34.006269592476485, 34.084910640223214, 33.84477878742737, 33.80867498514557, 33.85360402309554, 33.83679801427242, 33.76103241118446, 34.235329887503795, 33.84386617100371, 33.84386617100371, 33.59970629627363, 33.67181751287711, 33.75444137386498, 33.831289483463394, 34.16671925285543, 34.0178303115296, 33.67076167076167, 33.87379328338738, 34.27482370878597, 34.1391442515038, 33.68545032941955, 34.20672894357105]","[3.536842105263158, 27.57450717703349, 3.6386708463949837, 10.998178917658608, 3.547620610436494, 27.68051572975761, 3.766728553625474, 10.85954045954046, 4.134017249895512, 26.99608415175484, 3.98173461823573, 10.855123674911662, 3.7314416475972543, 27.082105263157896, 3.589429154431892, 10.995313100268918, 3.9769383099791944, 27.181327231121283, 3.9580606060606067, 10.852463819362008, 3.799232274957419, 27.66929698708752, 3.4663030833698167, 11.040667847204654, 4.1196151669496315, 27.118830627855896, 3.952116788321167, 10.638396613967386, 4.108943449089434, 26.95818291215403, 4.1147586206896545, 10.873086494231206, 3.6890808878295838, 27.317409387997625, 3.554628422425032, 10.827775364567174, 4.355173181042796, 27.080145941015502, 4.061263940520445, 10.626973977695165, 4.065564461849109, 26.937454010301693, 3.983024082116067, 10.826012634708286, 3.9975061525840854, 27.18024641891215, 4.208845208845209, 10.805740057400573, 3.667406136840099, 27.55028941096357, 3.6380286355773115]",585.1686424055564,9.92956543502183,c:\git\RailwAI\VIDEO\20260611\ADTC Rastatt_00_20260611171341.mp4,2026-06-11 17:13:41,Trieb
ADTC1_adz_raw_20260611_1727,2026-06-11 17:25:47.584,2026-06-11 17:25:57.636,"[Timestamp('2026-06-11 17:25:57.636000'), Timestamp('2026-06-11 17:25:57.747000'), Timestamp('2026-06-11 17:25:58.097000'), Timestamp('2026-06-11 17:25:58.209000'), Timestamp('2026-06-11 17:25:58.442000'), Timestamp('2026-06-11 17:25:58.549000'), Timestamp('2026-06-11 17:25:59.329000'), Timestamp('2026-06-11 17:25:59.439000'), Timestamp('2026-06-11 17:25:59.629000'), Timestamp('2026-06-11 17:25:59.741000'), Timestamp('2026-06-11 17:26:00.518000'), Timestamp('2026-06-11 17:26:00.634000'), Timestamp('2026-06-11 17:26:00.823000'), Timestamp('2026-06-11 17:26:00.936000'), Timestamp('2026-06-11 17:26:01.717000'), Timestamp('2026-06-11 17:26:01.829000'), Timestamp('2026-06-11 17:26:02.015000'), Timestamp('2026-06-11 17:26:02.130000'), Timestamp('2026-06-11 17:26:02.913000'), Timestamp('2026-06-11 17:26:03.024000')]","[0.111, 0.35, 0.112, 0.233, 0.107, 0.78, 0.11, 0.19, 0.112, 0.777, 0.116, 0.189, 0.113, 0.781, 0.112, 0.186, 0.115, 0.783, 0.111]","[36.23467076870486, 35.47265513150897, 36.195290976738896, 36.43591737965603, 35.68822553897181, 36.23105844821693, 36.44851733379441, 36.09838846480068, 35.62458691341705, 36.50242886884108, 35.165306998711884, 35.890985324947586, 35.69562512958739, 36.043956043956044, 35.235170518829804, 35.754313932197746, 35.44800523217789, 35.852842809364546, 35.47265513150897, 35.852842809364546]","[4.02204845532624, 12.41542929602814, 4.053872589394756, 8.489568749459856, 3.8186401326699833, 28.260225589609206, 4.009336906717386, 6.858693808312129, 3.9899537343027096, 28.36238723108952, 4.079175611850578, 6.7833962264150935, 4.033605639643375, 28.150329670329672, 3.9463390981089383, 6.650302391388781, 4.076520601700458, 28.07277591973244, 3.937464719597496]",194.01006637167677,9.937372505477176,c:\git\RailwAI\VIDEO\20260611\ADTC Rastatt_00_20260611172558.mp4,2026-06-11 17:25:58,Lok
ADTC1_adz_raw_20260611_1738,2026-06-11 17:37:19.987,2026-06-11 17:37:30.064,"[Timestamp('2026-06-11 17:37:30.064000'), Timestamp('2026-06-11 17:37:30.173000'), Timestamp('2026-06-11 17:37:30.751000'), Timestamp('2026-06-11 17:37:30.875000'), Timestamp('2026-06-11 17:37:31.495000'), Timestamp('2026-06-11 17:37:31.615000'), Timestamp('2026-06-11 17:37:32.200000'), Timestamp('2026-06-11 17:37:32.307000')]","[0.109, 0.578, 0.124, 0.62, 0.12, 0.585, 0.107]","[35.238967616789694, 35.301752109020114, 35.63636363636363, 34.98672331386086, 35.386119257086996, 35.44172740276548, 35.31750862243862, 35.49965823650034]","[3.8410474702300768, 20.404412719013624, 4.41890909090909, 21.69176845459373, 4.24633431085044, 20.733410530617803, 3.7789734226009326]",79.1148559988157,9.973831478695248,c:\git\RailwAI\VIDEO\20260611\ADTC Rastatt_00_20260611173731.mp4,2026-06-11 17:37:31,Trieb
ADTC1_adz_raw_20260611_1751,2026-06-11 17:50:15.622,2026-06-11 17:50:25.666,"[Timestamp('2026-06-11 17:50:25.666000'), Timestamp('2026-06-11 17:50:25.767000'), Timestamp('2026-06-11 17:50:26.553000'), Timestamp('2026-06-11 17:50:26.654000'), Timestamp('2026-06-11 17:50:26.970000'), Timestamp('2026-06-11 17:50:27.086000'), Timestamp('2026-06-11 17:50:27.859000'), Timestamp('2026-06-11 17:50:27.971000'), Timestamp('2026-06-11 17:50:28.278000'), Timestamp('2026-06-11 17:50:28.397000'), Timestamp('2026-06-11 17:50:29.171000'), Timestamp('2026-06-11 17:50:29.285000'), Timestamp('2026-06-11 17:50:29.592000'), Timestamp('2026-06-11 17:50:29.706000'), Timestamp('2026-06-11 17:50:30.484000'), Timestamp('2026-06-11 17:50:30.598000'), Timestamp('2026-06-11 17:50:30.909000'), Timestamp('2026-06-11 17:50:31.015000'), Timestamp('2026-06-11 17:50:31.801000'), Timestamp('2026-06-11 17:50:31.909000'), Timestamp('2026-06-11 17:50:32.221000'), Timestamp('2026-06-11 17:50:32.338000'), Timestamp('2026-06-11 17:50:33.109000'), Timestamp('2026-06-11 17:50:33.229000'), Timestamp('2026-06-11 17:50:33.540000'), Timestamp('2026-06-11 17:50:33.658000'), Timestamp('2026-06-11 17:50:34.433000'), Timestamp('2026-06-11 17:50:34.548000'), Timestamp('2026-06-11 17:50:34.864000'), Timestamp('2026-06-11 17:50:34.968000'), Timestamp('2026-06-11 17:50:35.757000'), Timestamp('2026-06-11 17:50:35.857000'), Timestamp('2026-06-11 17:50:36.172000'), Timestamp('2026-06-11 17:50:36.288000'), Timestamp('2026-06-11 17:50:37.064000'), Timestamp('2026-06-11 17:50:37.186000'), Timestamp('2026-06-11 17:50:37.501000'), Timestamp('2026-06-11 17:50:37.605000'), Timestamp('2026-06-11 17:50:38.398000'), Timestamp('2026-06-11 17:50:38.503000'), Timestamp('2026-06-11 17:50:38.813000'), Timestamp('2026-06-11 17:50:38.932000'), Timestamp('2026-06-11 17:50:39.716000'), Timestamp('2026-06-11 17:50:39.830000'), Timestamp('2026-06-11 17:50:40.149000'), Timestamp('2026-06-11 17:50:40.250000'), Timestamp('2026-06-11 17:50:41.048000'), Timestamp('2026-06-11 17:50:41.149000'), Timestamp('2026-06-11 17:50:41.471000'), Timestamp('2026-06-11 17:50:41.575000'), Timestamp('2026-06-11 17:50:42.370000'), Timestamp('2026-06-11 17:50:42.477000')]","[0.101, 0.786, 0.101, 0.316, 0.116, 0.773, 0.112, 0.307, 0.119, 0.774, 0.114, 0.307, 0.114, 0.778, 0.114, 0.311, 0.106, 0.786, 0.108, 0.312, 0.117, 0.771, 0.12, 0.311, 0.118, 0.775, 0.115, 0.316, 0.104, 0.789, 0.1, 0.315, 0.116, 0.776, 0.122, 0.315, 0.104, 0.793, 0.105, 0.31, 0.119, 0.784, 0.114, 0.319, 0.101, 0.798, 0.101, 0.322, 0.104, 0.795, 0.107]","[35.0930558335001, 34.98672331386086, 35.631455722352285, 35.62753036437246, 35.3060479454833, 35.49577626507012, 35.25606469002695, 34.913245873889124, 34.85135989879822, 35.424836601307184, 35.3060479454833, 35.165306998711884, 35.066389377699565, 35.359235945300625, 35.22947640594699, 35.36211434618619, 35.16672257631667, 35.62262488296524, 35.212081312391675, 35.12038523274478, 35.36883243771372, 35.44800523217789, 35.066389377699565, 35.22201913772713, 35.11005322136343, 35.28174142907237, 34.752553024351926, 35.34188728276758, 34.98207885304659, 35.074338289219284, 34.73890851982725, 35.14294892386765, 35.0132625994695, 35.01461599787404, 34.89989462592202, 35.186277137496646, 34.82832956517167, 35.22201913772713, 34.39559030893475, 34.70226676584583, 34.837946223128, 35.171888162381165, 35.10382747023968, 35.05747126436782, 35.08454267074957, 34.57748118258711, 34.661991038379114, 35.374149659863946, 35.101130753304666, 35.374149659863946, 34.91297966030614, 35.17090329859958]","[3.5443986391835107, 27.499564524694634, 3.5987770279575813, 11.258299595141699, 4.095501561676063, 27.438235052899202, 3.948679245283019, 10.718366483283962, 4.1473118279569885, 27.41882352941176, 4.024889465785097, 10.795749248604547, 3.9975683890577507, 27.50948556544389, 4.016160310277957, 10.997617561663905, 3.7276725930895673, 27.99938315801068, 3.802904781738301, 10.957560192616372, 4.138153395212505, 27.330412034009154, 4.207966725323947, 10.954047951833138, 4.142986280120884, 27.34334960753109, 3.9965435978004717, 11.168036381354556, 3.6381362007168447, 27.673652910194015, 3.473890851982725, 11.07002891101831, 4.061538461538462, 27.171342014350255, 4.257787144362487, 11.083677298311443, 3.6221462747778537, 27.931061176217614, 3.6115369824381487, 10.757702697412206, 4.145715600552232, 27.574760319306836, 4.001836331607324, 11.183333333333335, 3.543538809745707, 27.59282998370451, 3.500861094876291, 11.39047619047619, 3.650517598343685, 28.122448979591837, 3.7356888236527572]",591.5729527154733,9.9233699732649,c:\git\RailwAI\VIDEO\20260611\ADTC Rastatt_00_20260611175026.mp4,2026-06-11 17:50:26,Trieb
ADTC1_adz_raw_20260611_1755,2026-06-11 17:54:07.846,2026-06-11 17:54:17.871,"[Timestamp('2026-06-11 17:54:17.871000'), Timestamp('2026-06-11 17:54:17.987000'), Timestamp('2026-06-11 17:54:18.691000'), Timestamp('2026-06-11 17:54:18.803000'), Timestamp('2026-06-11 17:54:19'), Timestamp('2026-06-11 17:54:19.111000'), Timestamp('2026-06-11 17:54:19.845000'), Timestamp('2026-06-11 17:54:19.952000'), Timestamp('2026-06-11 17:54:20.156000'), Timestamp('2026-06-11 17:54:20.266000'), Timestamp('2026-06-11 17:54:20.994000'), Timestamp('2026-06-11 17:54:21.105000'), Timestamp('2026-06-11 17:54:21.305000'), Timestamp('2026-06-11 17:54:21.419000'), Timestamp('2026-06-11 17:54:22.132000'), Timestamp('2026-06-11 17:54:22.241000'), Timestamp('2026-06-11 17:54:22.536000'), Timestamp('2026-06-11 17:54:22.650000'), Timestamp('2026-06-11 17:54:23.362000'), Timestamp('2026-06-11 17:54:23.472000'), Timestamp('2026-06-11 17:54:23.674000'), Timestamp('2026-06-11 17:54:23.783000'), Timestamp('2026-06-11 17:54:24.518000'), Timestamp('2026-06-11 17:54:24.627000'), Timestamp('2026-06-11 17:54:24.833000'), Timestamp('2026-06-11 17:54:24.940000'), Timestamp('2026-06-11 17:54:25.677000'), Timestamp('2026-06-11 17:54:25.788000'), Timestamp('2026-06-11 17:54:25.985000'), Timestamp('2026-06-11 17:54:26.100000'), Timestamp('2026-06-11 17:54:26.817000'), Timestamp('2026-06-11 17:54:26.935000')]","[0.116, 0.704, 0.112, 0.197, 0.111, 0.734, 0.107, 0.204, 0.11, 0.728, 0.111, 0.2, 0.114, 0.713, 0.109, 0.295, 0.114, 0.712, 0.11, 0.202, 0.109, 0.735, 0.109, 0.206, 0.107, 0.737, 0.111, 0.197, 0.115, 0.717, 0.118]","[36.27807486631016, 36.44326629401256, 36.609814917046805, 36.37668470382225, 35.973222180118725, 36.259460383974, 36.35218324982104, 36.179877356347944, 36.028728348119984, 36.10298171947237, 36.10298171947237, 36.22847866022984, 36.03278780879411, 35.95959595959596, 35.909052772883626, 35.95556054314891, 35.75530586766541, 35.888978952958595, 35.69562512958739, 35.95959595959596, 35.69562512958739, 35.90302826944048, 35.360195360195355, 35.88797585108166, 35.48995489954899, 35.69217160548429, 35.89399530358939, 35.649130542618565, 35.36883243771372, 35.689705211658854, 35.82139426089135, 35.510338037413845]","[4.208256684491979, 25.65605947098484, 4.100299270709242, 7.166206886652984, 3.9930276619931786, 26.614443921836916, 3.889683607730851, 7.38069498069498, 3.963160118293198, 26.282970691775883, 4.007430970861433, 7.245695732045968, 4.107737810202529, 25.639191919191916, 3.9140867522443155, 10.60689036022893, 4.076104868913857, 25.552953014506517, 3.926518764254613, 7.263838383838384, 3.8908231391250254, 26.388725778038754, 3.8542612942612937, 7.392923025322822, 3.797425174251742, 26.30513047324192, 3.9842334786984224, 7.022878716895858, 4.067415730337078, 25.589518636759397, 4.226924522785179]",326.11551184117,9.917450581580118,c:\git\RailwAI\VIDEO\20260611\ADTC Rastatt_00_20260611175418.mp4,2026-06-11 17:54:18,Trieb
ADTC1_adz_raw_20260611_1759,2026-06-11 17:57:38.733,2026-06-11 17:57:48.766,"[Timestamp('2026-06-11 17:57:48.766000'), Timestamp('2026-06-11 17:57:48.888000'), Timestamp('2026-06-11 17:57:49.258000'), Timestamp('2026-06-11 17:57:49.381000'), Timestamp('2026-06-11 17:57:49.607000'), Timestamp('2026-06-11 17:57:49.689000'), Timestamp('2026-06-11 17:57:50.392000'), Timestamp('2026-06-11 17:57:50.633000'), Timestamp('2026-06-11 17:57:51.259000'), Timestamp('2026-06-11 17:57:51.338000'), Timestamp('2026-06-11 17:57:51.578000'), Timestamp('2026-06-11 17:57:52.200000'), Timestamp('2026-06-11 17:57:52.277000'), Timestamp('2026-06-11 17:57:52.439000'), Timestamp('2026-06-11 17:57:52.512000'), Timestamp('2026-06-11 17:57:53.138000'), Timestamp('2026-06-11 17:57:53.217000'), Timestamp('2026-06-11 17:57:53.373000'), Timestamp('2026-06-11 17:57:53.452000'), Timestamp('2026-06-11 17:57:54.075000'), Timestamp('2026-06-11 17:57:54.152000'), Timestamp('2026-06-11 17:57:54.403000'), Timestamp('2026-06-11 17:57:54.482000'), Timestamp('2026-06-11 17:57:54.757000'), Timestamp('2026-06-11 17:57:54.913000'), Timestamp('2026-06-11 17:57:55.082000'), Timestamp('2026-06-11 17:57:55.161000'), Timestamp('2026-06-11 17:57:55.778000'), Timestamp('2026-06-11 17:57:55.854000'), Timestamp('2026-06-11 17:57:56.015000'), Timestamp('2026-06-11 17:57:56.094000'), Timestamp('2026-06-11 17:57:56.707000'), Timestamp('2026-06-11 17:57:56.786000'), Timestamp('2026-06-11 17:57:56.941000'), Timestamp('2026-06-11 17:57:57.028000'), Timestamp('2026-06-11 17:57:57.636000'), Timestamp('2026-06-11 17:57:57.712000'), Timestamp('2026-06-11 17:57:57.945000'), Timestamp('2026-06-11 17:57:58.635000'), Timestamp('2026-06-11 17:57:58.794000'), Timestamp('2026-06-11 17:57:58.871000'), Timestamp('2026-06-11 17:57:59.557000'), Timestamp('2026-06-11 17:57:59.711000'), Timestamp('2026-06-11 17:57:59.794000'), Timestamp('2026-06-11 17:58:00.404000'), Timestamp('2026-06-11 17:58:00.479000'), Timestamp('2026-06-11 17:58:00.712000'), Timestamp('2026-06-11 17:58:01.318000'), Timestamp('2026-06-11 17:58:01.401000'), Timestamp('2026-06-11 17:58:01.556000'), Timestamp('2026-06-11 17:58:01.630000'), Timestamp('2026-06-11 17:58:02.316000'), Timestamp('2026-06-11 17:58:02.471000'), Timestamp('2026-06-11 17:58:02.549000'), Timestamp('2026-06-11 17:58:03.230000'), Timestamp('2026-06-11 17:58:03.386000'), Timestamp('2026-06-11 17:58:03.464000'), Timestamp('2026-06-11 17:58:04.065000'), Timestamp('2026-06-11 17:58:04.144000')]","[0.122, 0.37, 0.123, 0.226, 0.082, 0.703, 0.241, 0.626, 0.079, 0.24, 0.622, 0.077, 0.162, 0.073, 0.626, 0.079, 0.156, 0.079, 0.623, 0.077, 0.251, 0.079, 0.275, 0.156, 0.169, 0.079, 0.617, 0.076, 0.161, 0.079, 0.613, 0.079, 0.155, 0.087, 0.608, 0.076, 0.233, 0.69, 0.159, 0.077, 0.686, 0.154, 0.083, 0.61, 0.075, 0.233, 0.606, 0.083, 0.155, 0.074, 0.686, 0.155, 0.078, 0.681, 0.156, 0.078, 0.601, 0.079]","[33.333333333333336, 33.21799307958478, 33.10344827586207, 33.68421052631579, 46.829268292682926, 23.021582733812945, 73.2824427480916, 33.44947735191638, 46.15384615384615, 73.84615384615384, 32.76450511945393, 32.98969072164949, 33.21799307958478, 32.98969072164949, 33.10344827586207, 32.6530612244898, 32.87671232876713, 25.737265415549597, 9.638554216867469, 15.584415584415584, 15.508885298869144, 14.860681114551083, 26.158038147138964, 32.54237288135593, 33.44947735191638, 32.98969072164949, 32.76450511945393, 32.0, 32.432432432432435, 32.0, 32.432432432432435, 32.10702341137124, 36.09022556390977, 30.67092651757189, 45.714285714285715, 103.2258064516129, 160.0, 24.55242966751918, 24.615384615384613, 67.60563380281691, 43.63636363636363, 31.16883116883116, 31.893687707641195, 31.270358306188925, 32.10702341137124, 43.049327354260086, 67.13286713286713, 42.477876106194685, 25.0, 64.0, 43.24324324324324, 31.999999999999993, 31.57894736842105, 31.57894736842105, 31.57894736842105, 31.16883116883117, 31.270358306188925, 31.270358306188925, 31.372549019607842, 31.270358306188925, 30.96774193548387]","[4.066666666666666, 12.290657439446369, 4.071724137931034, 7.612631578947369, 3.84, 16.184172661870498, 17.661068702290073, 20.939372822299653, 3.646153846153846, 17.72307692307692, 20.379522184300345, 2.5402061855670106, 5.381314878892734, 2.4082474226804127, 20.722758620689657, 2.579591836734694, 5.1287671232876715, 2.033243967828418, 6.004819277108433, 1.2, 3.892730210016155, 1.1739938080495356, 7.193460490463216, 5.076610169491525, 5.652961672473868, 2.60618556701031, 20.215699658703073, 2.432, 5.2216216216216225, 2.528, 19.88108108108108, 2.5364548494983277, 5.593984962406014, 2.6683706070287543, 27.794285714285714, 7.84516129032258, 37.28, 16.941176470588236, 3.9138461538461535, 5.2056338028169025, 29.934545454545454, 4.799999999999999, 2.647176079734219, 19.074918566775242, 2.4080267558528425, 10.0304932735426, 40.68251748251748, 3.525663716814159, 3.875, 4.736, 29.664864864864867, 4.959999999999999, 2.463157894736842, 21.50526315789474, 4.926315789473684, 2.431168831168831, 18.793485342019544, 2.470358306188925]",570.9962099216044,9.920065465083136,c:\git\RailwAI\VIDEO\20260611\ADTC Rastatt_00_20260611175749.mp4,2026-06-11 17:57:49,Lok
ADTC1_adz_raw_20260611_1804,2026-06-11 18:03:34.579,2026-06-11 18:03:44.679,"[Timestamp('2026-06-11 18:03:44.679000'), Timestamp('2026-06-11 18:03:45.149000'), Timestamp('2026-06-11 18:03:45.602000'), Timestamp('2026-06-11 18:03:46.064000'), Timestamp('2026-06-11 18:03:46.415000'), Timestamp('2026-06-11 18:03:46.884000'), Timestamp('2026-06-11 18:03:47.336000'), Timestamp('2026-06-11 18:03:47.807000')]","[0.47, 0.453, 0.462, 0.351, 0.469, 0.452, 0.471]","[34.29271279853032, 26.05128205128205, 36.90322580645161, 33.5812133072407, 34.04426559356137, 34.0429812758573, 33.45313258863526, 33.33976461508779]","[16.11757501530925, 11.80123076923077, 17.049290322580642, 11.787005870841485, 15.966760563380282, 15.3874275366875, 15.756425449247208]",103.86571552727712,9.897519065585216,c:\git\RailwAI\VIDEO\20260611\ADTC Rastatt_00_20260611180345.mp4,2026-06-11 18:03:45,Trieb
ADTC1_adz_raw_20260611_1809,2026-06-11 18:07:40.890,2026-06-11 18:07:50.947,"[Timestamp('2026-06-11 18:07:50.947000'), Timestamp('2026-06-11 18:07:51.075000'), Timestamp('2026-06-11 18:07:51.090000'), Timestamp('2026-06-11 18:07:51.410000'), Timestamp('2026-06-11 18:07:51.552000'), Timestamp('2026-06-11 18:07:51.808000'), Timestamp('2026-06-11 18:07:51.889000'), Timestamp('2026-06-11 18:07:52.364000'), Timestamp('2026-06-11 18:07:52.441000'), Timestamp('2026-06-11 18:07:52.636000'), Timestamp('2026-06-11 18:07:52.716000'), Timestamp('2026-06-11 18:07:53.190000'), Timestamp('2026-06-11 18:07:53.269000'), Timestamp('2026-06-11 18:07:53.460000'), Timestamp('2026-06-11 18:07:53.544000'), Timestamp('2026-06-11 18:07:54.016000'), Timestamp('2026-06-11 18:07:54.095000'), Timestamp('2026-06-11 18:07:54.288000'), Timestamp('2026-06-11 18:07:54.368000'), Timestamp('2026-06-11 18:07:54.841000'), Timestamp('2026-06-11 18:07:54.922000'), Timestamp('2026-06-11 18:07:55.096000'), Timestamp('2026-06-11 18:07:55.179000'), Timestamp('2026-06-11 18:07:55.671000'), Timestamp('2026-06-11 18:07:55.754000'), Timestamp('2026-06-11 18:07:55.930000'), Timestamp('2026-06-11 18:07:56.011000'), Timestamp('2026-06-11 18:07:56.480000'), Timestamp('2026-06-11 18:07:56.563000'), Timestamp('2026-06-11 18:07:56.738000'), Timestamp('2026-06-11 18:07:56.820000'), Timestamp('2026-06-11 18:07:57.277000'), Timestamp('2026-06-11 18:07:57.359000'), Timestamp('2026-06-11 18:07:57.520000'), Timestamp('2026-06-11 18:07:57.602000'), Timestamp('2026-06-11 18:07:58.060000'), Timestamp('2026-06-11 18:07:58.142000'), Timestamp('2026-06-11 18:07:58.305000'), Timestamp('2026-06-11 18:07:58.386000'), Timestamp('2026-06-11 18:07:58.844000'), Timestamp('2026-06-11 18:07:58.926000'), Timestamp('2026-06-11 18:07:59.088000'), Timestamp('2026-06-11 18:07:59.170000'), Timestamp('2026-06-11 18:07:59.652000'), Timestamp('2026-06-11 18:07:59.734000'), Timestamp('2026-06-11 18:07:59.902000'), Timestamp('2026-06-11 18:07:59.988000'), Timestamp('2026-06-11 18:08:00.460000'), Timestamp('2026-06-11 18:08:00.540000'), Timestamp('2026-06-11 18:08:00.726000'), Timestamp('2026-06-11 18:08:00.808000'), Timestamp('2026-06-11 18:08:01.278000'), Timestamp('2026-06-11 18:08:01.359000'), Timestamp('2026-06-11 18:08:01.545000'), Timestamp('2026-06-11 18:08:01.627000'), Timestamp('2026-06-11 18:08:02.100000'), Timestamp('2026-06-11 18:08:02.181000'), Timestamp('2026-06-11 18:08:02.363000'), Timestamp('2026-06-11 18:08:02.443000'), Timestamp('2026-06-11 18:08:02.905000'), Timestamp('2026-06-11 18:08:02.984000'), Timestamp('2026-06-11 18:08:03.170000'), Timestamp('2026-06-11 18:08:03.252000'), Timestamp('2026-06-11 18:08:03.728000'), Timestamp('2026-06-11 18:08:03.809000'), Timestamp('2026-06-11 18:08:03.984000'), Timestamp('2026-06-11 18:08:04.067000'), Timestamp('2026-06-11 18:08:04.529000'), Timestamp('2026-06-11 18:08:04.611000'), Timestamp('2026-06-11 18:08:04.784000'), Timestamp('2026-06-11 18:08:04.869000'), Timestamp('2026-06-11 18:08:05.340000'), Timestamp('2026-06-11 18:08:05.424000'), Timestamp('2026-06-11 18:08:05.597000'), Timestamp('2026-06-11 18:08:05.679000'), Timestamp('2026-06-11 18:08:06.153000'), Timestamp('2026-06-11 18:08:06.233000'), Timestamp('2026-06-11 18:08:06.395000'), Timestamp('2026-06-11 18:08:06.476000'), Timestamp('2026-06-11 18:08:06.952000'), Timestamp('2026-06-11 18:08:07.035000'), Timestamp('2026-06-11 18:08:07.210000'), Timestamp('2026-06-11 18:08:07.291000'), Timestamp('2026-06-11 18:08:07.768000'), Timestamp('2026-06-11 18:08:07.847000')]","[0.128, 0.015, 0.32, 0.142, 0.256, 0.081, 0.475, 0.077, 0.195, 0.08, 0.474, 0.079, 0.191, 0.084, 0.472, 0.079, 0.193, 0.08, 0.473, 0.081, 0.174, 0.083, 0.492, 0.083, 0.176, 0.081, 0.469, 0.083, 0.175, 0.082, 0.457, 0.082, 0.161, 0.082, 0.458, 0.082, 0.163, 0.081, 0.458, 0.082, 0.162, 0.082, 0.482, 0.082, 0.168, 0.086, 0.472, 0.08, 0.186, 0.082, 0.47, 0.081, 0.186, 0.082, 0.473, 0.081, 0.182, 0.08, 0.462, 0.079, 0.186, 0.082, 0.476, 0.081, 0.175, 0.083, 0.462, 0.082, 0.173, 0.085, 0.471, 0.084, 0.173, 0.082, 0.474, 0.08, 0.162, 0.081, 0.476, 0.083, 0.175, 0.081, 0.477, 0.079]","[31.81040157998683, 33.02127659574468, 33.06622477362845, 32.43835616438356, 32.43280260229413, 32.54835706651036, 32.88018298047035, 32.65646152244091, 32.45058069820823, 32.878254750175934, 32.659106688266604, 32.6530612244898, 32.346701457825176, 33.103841900617134, 31.906365593772428, 32.54386872134313, 32.13002451391921, 32.43280260229413, 32.25108225108225, 32.33642951924058, 32.21512786730178, 32.43391316258047, 32.220570347344236, 32.332395899482904, 31.916233142251237, 32.560706401766005, 32.02882594334902, 32.01743171282143, 31.822971548998947, 32.1505376344086, 31.646063760572545, 31.906365593772428, 31.700087183958154, 32.15882227724436, 31.420870234886408, 31.620347797822202, 31.847091777887627, 31.847091777887627, 31.516404029966417, 31.741597555652554, 31.63680119678689, 31.761006289308177, 31.63680119678689, 31.551724137931036, 31.551724137931036, 31.795376291195275, 31.429274503300633, 31.666666666666668, 31.479107921045884, 31.611336032388664, 31.403637758526997, 31.611336032388664, 31.462641316067597, 31.53555479216764, 31.479107921045884, 31.705811649286943, 31.553335894480725, 31.58336110782595, 31.170463472113116, 31.139153090372602, 31.289488951004692, 31.204454184185966, 31.219675422452735, 30.968062118094686, 30.800985010269038, 30.918351597468742, 30.95529983825938, 30.937354748747612, 30.62015503875969, 30.852319981928886, 30.55759170189479, 31.00139729855612, 30.656049153158982, 30.918351597468742, 30.755148741418765, 30.62015503875969, 30.63778215421906, 31.177944862155385, 31.479107921045884, 30.755148741418765, 30.874450415241817, 30.757064209021504, 30.935960591133004, 30.558864453097627]","[4.071731402238314, 0.4953191489361702, 10.581191927561104, 4.606246575342466, 8.302797466187299, 2.6364169223873395, 15.618086915723417, 2.51454753722795, 6.327863236150605, 2.6302603800140747, 15.48041657023837, 2.579591836734694, 6.178219978444608, 2.7807227196518394, 15.059804560260584, 2.5709656289861074, 6.201094731186408, 2.5946242081835305, 15.254761904761905, 2.6192507910584872, 5.6054322489105095, 2.692014792494179, 15.852520610893365, 2.6835888596570814, 5.617257033036218, 2.6374172185430464, 15.02151936743069, 2.6574468321641787, 5.569020021074816, 2.6363440860215053, 14.462251138581653, 2.616321978689339, 5.103714036617263, 2.6370234267340376, 14.390758567577976, 2.5928685194214207, 5.1910759597956835, 2.579614434008898, 14.43451304572462, 2.6028109995635096, 5.125161793879476, 2.6044025157232706, 15.248938176851281, 2.587241379310345, 5.300689655172414, 2.734402361042793, 14.834617565557897, 2.5333333333333337, 5.855114073314534, 2.5921295546558705, 14.759709746507689, 2.560518218623482, 5.852051284788573, 2.5859154929577466, 14.889618046654702, 2.5681707435922423, 5.742707132795492, 2.526668888626076, 14.400754124116261, 2.4599930941394357, 5.8198449448868725, 2.5587652431032493, 14.860565501087502, 2.5084130315656696, 5.390172376797081, 2.566223182589906, 14.301348525275834, 2.5368630893973045, 5.297286821705426, 2.6224471984639557, 14.392625691592444, 2.604117373078714, 5.303496503496503, 2.535304830992437, 14.577940503432494, 2.4496124031007755, 4.963320708983488, 2.525413533834586, 14.98405537041784, 2.5526773455377576, 5.403028822667317, 2.491322200930742, 14.756453201970443, 2.4141502917947126]",534.8650134965612,9.935060614396702,c:\git\RailwAI\VIDEO\20260611\ADTC Rastatt_00_20260611180752.mp4,2026-06-11 18:07:52,Lok
ADTC1_adz_raw_20260611_1813,2026-06-11 18:12:00.205,2026-06-11 18:12:10.245,"[Timestamp('2026-06-11 18:12:10.245000'), Timestamp('2026-06-11 18:12:10.394000'), Timestamp('2026-06-11 18:12:10.715000'), Timestamp('2026-06-11 18:12:10.864000'), Timestamp('2026-06-11 18:12:11.123000'), Timestamp('2026-06-11 18:12:11.215000'), Timestamp('2026-06-11 18:12:11.840000'), Timestamp('2026-06-11 18:12:11.917000'), Timestamp('2026-06-11 18:12:12.115000'), Timestamp('2026-06-11 18:12:12.199000'), Timestamp('2026-06-11 18:12:12.799000'), Timestamp('2026-06-11 18:12:14.395000'), Timestamp('2026-06-11 18:12:15.018000'), Timestamp('2026-06-11 18:12:15.101000'), Timestamp('2026-06-11 18:12:15.302000'), Timestamp('2026-06-11 18:12:15.386000'), Timestamp('2026-06-11 18:12:16.016000'), Timestamp('2026-06-11 18:12:16.096000'), Timestamp('2026-06-11 18:12:16.379000'), Timestamp('2026-06-11 18:12:17.282000'), Timestamp('2026-06-11 18:12:17.366000'), Timestamp('2026-06-11 18:12:17.968000'), Timestamp('2026-06-11 18:12:18.486000'), Timestamp('2026-06-11 18:12:18.572000'), Timestamp('2026-06-11 18:12:18.765000'), Timestamp('2026-06-11 18:12:18.850000'), Timestamp('2026-06-11 18:12:19.565000'), Timestamp('2026-06-11 18:12:19.843000'), Timestamp('2026-06-11 18:12:20.474000'), Timestamp('2026-06-11 18:12:20.558000'), Timestamp('2026-06-11 18:12:22.247000'), Timestamp('2026-06-11 18:12:22.334000'), Timestamp('2026-06-11 18:12:23.742000'), Timestamp('2026-06-11 18:12:23.829000'), Timestamp('2026-06-11 18:12:24.462000'), Timestamp('2026-06-11 18:12:24.548000'), Timestamp('2026-06-11 18:12:24.743000'), Timestamp('2026-06-11 18:12:24.828000'), Timestamp('2026-06-11 18:12:25.462000'), Timestamp('2026-06-11 18:12:25.545000'), Timestamp('2026-06-11 18:12:25.836000'), Timestamp('2026-06-11 18:12:27.243000'), Timestamp('2026-06-11 18:12:27.329000'), Timestamp('2026-06-11 18:12:27.966000'), Timestamp('2026-06-11 18:12:28.052000'), Timestamp('2026-06-11 18:12:28.250000'), Timestamp('2026-06-11 18:12:28.331000'), Timestamp('2026-06-11 18:12:28.862000'), Timestamp('2026-06-11 18:12:28.947000'), Timestamp('2026-06-11 18:12:29.558000'), Timestamp('2026-06-11 18:12:29.755000'), Timestamp('2026-06-11 18:12:29.842000'), Timestamp('2026-06-11 18:12:30.767000'), Timestamp('2026-06-11 18:12:30.852000'), Timestamp('2026-06-11 18:12:31.578000'), Timestamp('2026-06-11 18:12:31.775000'), Timestamp('2026-06-11 18:12:32.782000'), Timestamp('2026-06-11 18:12:32.868000'), Timestamp('2026-06-11 18:12:33.513000'), Timestamp('2026-06-11 18:12:33.598000')]","[0.149, 0.321, 0.149, 0.259, 0.092, 0.625, 0.077, 0.198, 0.084, 0.6, 1.596, 0.623, 0.083, 0.201, 0.084, 0.63, 0.08, 0.283, 0.903, 0.084, 0.602, 0.518, 0.086, 0.193, 0.085, 0.715, 0.278, 0.631, 0.084, 1.689, 0.087, 1.408, 0.087, 0.633, 0.086, 0.195, 0.085, 0.634, 0.083, 0.291, 1.407, 0.086, 0.637, 0.086, 0.198, 0.081, 0.531, 0.085, 0.611, 0.197, 0.087, 0.925, 0.085, 0.726, 0.197, 1.007, 0.086, 0.645, 0.085]","[nan, nan, nan, nan, nan, nan, nan, nan, nan, nan, nan, nan, nan, nan, nan, nan, nan, nan, nan, nan, nan, nan, nan, nan, nan, nan, nan, nan, nan, nan, nan, nan, nan, nan, nan, nan, nan, nan, nan, nan, nan, nan, nan, nan, nan, nan, nan, nan, nan, nan, nan, nan, nan, nan, nan, nan, nan, nan, nan, nan, nan, nan, nan, nan, nan, nan, nan, nan]","[nan, nan, nan, nan, nan, nan, nan, nan, nan, nan, nan, nan, nan, nan, nan, nan, nan, nan, nan, nan, nan, nan, nan, nan, nan, nan, nan, nan, nan, nan, nan, nan, nan, nan, nan, nan, nan, nan, nan, nan, nan, nan, nan, nan, nan, nan, nan, nan, nan, nan, nan, nan, nan, nan, nan, nan, nan, nan, nan]",,9.92339953898698,c:\git\RailwAI\VIDEO\20260611\ADTC Rastatt_00_20260611181211.mp4,2026-06-11 18:12:11,Lok
ADTC1_adz_raw_20260611_1826,2026-06-11 18:24:58.458,2026-06-11 18:25:08.538,"[Timestamp('2026-06-11 18:25:08.538000'), Timestamp('2026-06-11 18:25:08.643000'), Timestamp('2026-06-11 18:25:09.419000'), Timestamp('2026-06-11 18:25:09.526000'), Timestamp('2026-06-11 18:25:09.848000'), Timestamp('2026-06-11 18:25:09.951000'), Timestamp('2026-06-11 18:25:10.736000'), Timestamp('2026-06-11 18:25:10.844000'), Timestamp('2026-06-11 18:25:11.149000'), Timestamp('2026-06-11 18:25:11.268000'), Timestamp('2026-06-11 18:25:12.050000'), Timestamp('2026-06-11 18:25:12.164000'), Timestamp('2026-06-11 18:25:12.483000'), Timestamp('2026-06-11 18:25:12.586000'), Timestamp('2026-06-11 18:25:13.373000'), Timestamp('2026-06-11 18:25:13.484000'), Timestamp('2026-06-11 18:25:13.792000'), Timestamp('2026-06-11 18:25:13.911000'), Timestamp('2026-06-11 18:25:14.698000'), Timestamp('2026-06-11 18:25:14.813000'), Timestamp('2026-06-11 18:25:15.131000'), Timestamp('2026-06-11 18:25:15.238000'), Timestamp('2026-06-11 18:25:16.034000'), Timestamp('2026-06-11 18:25:16.134000'), Timestamp('2026-06-11 18:25:16.449000'), Timestamp('2026-06-11 18:25:16.575000'), Timestamp('2026-06-11 18:25:17.352000'), Timestamp('2026-06-11 18:25:17.473000'), Timestamp('2026-06-11 18:25:17.786000'), Timestamp('2026-06-11 18:25:17.906000'), Timestamp('2026-06-11 18:25:18.692000'), Timestamp('2026-06-11 18:25:18.803000'), Timestamp('2026-06-11 18:25:19.125000'), Timestamp('2026-06-11 18:25:19.229000'), Timestamp('2026-06-11 18:25:20.028000'), Timestamp('2026-06-11 18:25:20.132000'), Timestamp('2026-06-11 18:25:20.453000'), Timestamp('2026-06-11 18:25:20.568000'), Timestamp('2026-06-11 18:25:21.350000'), Timestamp('2026-06-11 18:25:21.470000'), Timestamp('2026-06-11 18:25:21.784000'), Timestamp('2026-06-11 18:25:21.899000'), Timestamp('2026-06-11 18:25:22.687000'), Timestamp('2026-06-11 18:25:22.800000'), Timestamp('2026-06-11 18:25:23.107000'), Timestamp('2026-06-11 18:25:23.237000'), Timestamp('2026-06-11 18:25:24.016000'), Timestamp('2026-06-11 18:25:24.130000'), Timestamp('2026-06-11 18:25:24.451000'), Timestamp('2026-06-11 18:25:24.552000'), Timestamp('2026-06-11 18:25:25.350000'), Timestamp('2026-06-11 18:25:25.452000')]","[0.105, 0.776, 0.107, 0.322, 0.103, 0.785, 0.108, 0.305, 0.119, 0.782, 0.114, 0.319, 0.103, 0.787, 0.111, 0.308, 0.119, 0.787, 0.115, 0.318, 0.107, 0.796, 0.1, 0.315, 0.126, 0.777, 0.121, 0.313, 0.12, 0.786, 0.111, 0.322, 0.104, 0.799, 0.104, 0.321, 0.115, 0.782, 0.12, 0.314, 0.115, 0.788, 0.113, 0.307, 0.13, 0.779, 0.114, 0.321, 0.101, 0.798, 0.102]","[35.16672257631667, 34.59470690595538, 34.495393904988, 34.77987421383648, 34.29665071770334, 34.79402765557904, 34.78671865768639, 34.78671865768639, 34.51053283767038, 34.79402765557904, 35.360195360195355, 34.61358557247544, 34.752553024351926, 34.60818956557888, 34.60369417816226, 34.752553024351926, 34.59740259740259, 35.14294892386765, 34.35595390524968, 34.74527462170794, 35.55994567230522, 35.2494138572237, 34.848604632777295, 34.7334537175159, 34.896424330386594, 34.46217189912507, 34.61358557247544, 34.644194756554306, 34.802674708273244, 34.766267324406854, 35.074338289219284, 34.75896685140646, 34.955312810327705, 34.89989462592202, 34.893259017772635, 34.539958142779625, 35.034167353558985, 34.8040049734965, 34.971174697202095, 35.076530612244895, 34.405293122018776, 34.93091196210028, 35.32938983874888, 34.893259017772635, 35.808052950910096, 34.85934914506343, 34.95114950096121, 35.101130753304666, 34.67775467775468, 35.17701768178124, 35.59467057816893, 35.28512213771178]","[3.6925058705132505, 26.845492559021373, 3.691007147833716, 11.199119496855346, 3.532555023923444, 27.31331170962955, 3.7569656150301305, 10.60994919059435, 4.106753407682775, 27.208929626662812, 4.031062271062271, 11.041733797619667, 3.579512961508248, 27.236645188110582, 3.8410100537760106, 10.703786331500392, 4.1170909090909085, 27.657500803083842, 3.950934699103713, 11.048997329703125, 3.8049141869366583, 28.058533430350067, 3.48486046327773, 10.941037921017509, 4.396949465628711, 26.777107565620177, 4.188243854269529, 10.843632958801498, 4.176320964992789, 27.326286116983788, 3.8932515501033405, 11.19238732615288, 3.635352532274081, 27.8850158061117, 3.628898937848354, 11.08732656383226, 4.028929245659284, 27.21673188927426, 4.196540963664251, 11.014030612244897, 3.9566087090321593, 27.525558626135023, 3.992221051778624, 10.712230518456199, 4.655046883618312, 27.155432984004417, 3.984431043109578, 11.267462971810797, 3.5024532224532225, 28.071260110061427, 3.6306563989732306]",589.3945788667821,9.966015242491476,c:\git\RailwAI\VIDEO\20260611\ADTC Rastatt_00_20260611182502.mp4,2026-06-11 18:25:02,Trieb
ADTC1_adz_raw_20260611_1831,2026-06-11 18:29:39.130,2026-06-11 18:29:49.172,"[Timestamp('2026-06-11 18:29:49.172000'), Timestamp('2026-06-11 18:29:49.314000'), Timestamp('2026-06-11 18:29:49.817000'), Timestamp('2026-06-11 18:29:49.956000'), Timestamp('2026-06-11 18:29:50.106000'), Timestamp('2026-06-11 18:29:50.244000'), Timestamp('2026-06-11 18:29:50.966000'), Timestamp('2026-06-11 18:29:51.110000'), Timestamp('2026-06-11 18:29:51.824000'), Timestamp('2026-06-11 18:29:51.971000'), Timestamp('2026-06-11 18:29:52.689000'), Timestamp('2026-06-11 18:29:52.829000'), Timestamp('2026-06-11 18:29:53.552000'), Timestamp('2026-06-11 18:29:53.697000'), Timestamp('2026-06-11 18:29:54.413000'), Timestamp('2026-06-11 18:29:54.555000'), Timestamp('2026-06-11 18:29:55.282000'), Timestamp('2026-06-11 18:29:55.415000'), Timestamp('2026-06-11 18:29:56.138000'), Timestamp('2026-06-11 18:29:56.277000'), Timestamp('2026-06-11 18:29:57.011000'), Timestamp('2026-06-11 18:29:57.146000'), Timestamp('2026-06-11 18:29:57.297000'), Timestamp('2026-06-11 18:29:57.436000'), Timestamp('2026-06-11 18:29:57.948000'), Timestamp('2026-06-11 18:29:58.083000')]","[0.142, 0.503, 0.139, 0.15, 0.138, 0.722, 0.144, 0.714, 0.147, 0.718, 0.14, 0.723, 0.145, 0.716, 0.142, 0.727, 0.133, 0.723, 0.139, 0.734, 0.135, 0.151, 0.139, 0.512, 0.135]","[34.436915797729405, 34.29665071770334, 33.80323600520737, 34.163701067615655, 33.80952380952381, 34.04426559356137, 33.57012728184186, 34.198782961460445, 33.685869418007655, 34.53682690323912, 33.46410309353479, 33.926073926073926, 33.06622477362845, 32.57269046742731, 33.57669589463257, 33.81911224830348, 32.89088811457738, 32.988526037069725, 33.33333333333333, 32.81728005933067, 32.4694912930207, 32.267087750958716, 32.28179088363305, 32.091281868425746, 31.866694511920336, 32.33306298999729]","[4.8900420432775755, 17.25121531100478, 4.698649804723824, 5.124555160142348, 4.665714285714286, 24.579959758551308, 4.8340983285852275, 24.417931034482756, 4.951822804447125, 24.797441716525686, 4.684974433094871, 24.528551448551447, 4.794602592176124, 23.32204637467795, 4.7678908170378245, 24.58649460451663, 4.374488119238792, 23.85070432480141, 4.633333333333333, 24.08788356354871, 4.383381324557795, 4.872330250394766, 4.487168932824995, 16.430736316633983, 4.302003759109246]",298.3180204419528,9.92590576993548,c:\git\RailwAI\VIDEO\20260611\ADTC Rastatt_00_20260611182950.mp4,2026-06-11 18:29:50,Trieb
ADTC1_adz_raw_20260611_1835,2026-06-11 18:33:57.242,2026-06-11 18:34:07.264,"[Timestamp('2026-06-11 18:34:07.264000'), Timestamp('2026-06-11 18:34:07.380000'), Timestamp('2026-06-11 18:34:07.733000'), Timestamp('2026-06-11 18:34:07.849000'), Timestamp('2026-06-11 18:34:08.088000'), Timestamp('2026-06-11 18:34:08.193000'), Timestamp('2026-06-11 18:34:08.980000'), Timestamp('2026-06-11 18:34:09.091000'), Timestamp('2026-06-11 18:34:09.285000'), Timestamp('2026-06-11 18:34:09.398000'), Timestamp('2026-06-11 18:34:10.191000'), Timestamp('2026-06-11 18:34:10.298000'), Timestamp('2026-06-11 18:34:10.492000'), Timestamp('2026-06-11 18:34:10.607000'), Timestamp('2026-06-11 18:34:11.394000'), Timestamp('2026-06-11 18:34:11.506000'), Timestamp('2026-06-11 18:34:11.699000'), Timestamp('2026-06-11 18:34:11.807000'), Timestamp('2026-06-11 18:34:12.593000'), Timestamp('2026-06-11 18:34:12.700000')]","[0.116, 0.353, 0.116, 0.239, 0.105, 0.787, 0.111, 0.194, 0.113, 0.793, 0.107, 0.194, 0.115, 0.787, 0.112, 0.193, 0.108, 0.786, 0.107]","[35.379394597529526, 34.97279362972793, 35.424836601307184, 35.490924994533124, 35.232323232323225, 35.36499321573948, 35.2304252969537, 35.63636363636363, 35.10160427807486, 35.5045118949959, 35.294594704188796, 35.48995489954899, 35.16483516483516, 34.5956054230949, 34.846768030778144, 35.67567567567568, 34.97557867912508, 35.332801104150036, 35.17238602659938, 35.04069697736688]","[4.104009773313425, 12.34539615129396, 4.109281045751634, 8.482331073693416, 3.6993939393939383, 27.832249660786974, 3.9105772079618606, 6.913454545454545, 3.966481283422459, 28.15507793273175, 3.7765216333482012, 6.885051250512505, 4.043956043956044, 27.22674146797569, 3.9028380194471524, 6.885405405405406, 3.7773624973455084, 27.77158166786193, 3.763445304846134]",191.5511559045025,9.91324175518603,c:\git\RailwAI\VIDEO\20260611\ADTC Rastatt_00_20260611183408.mp4,2026-06-11 18:34:08,Lok
ADTC1_adz_raw_20260611_1843,2026-06-11 18:41:38.451,2026-06-11 18:41:48.502,"[Timestamp('2026-06-11 18:41:48.502000'), Timestamp('2026-06-11 18:41:48.609000'), Timestamp('2026-06-11 18:41:49.398000'), Timestamp('2026-06-11 18:41:49.504000'), Timestamp('2026-06-11 18:41:49.819000'), Timestamp('2026-06-11 18:41:49.936000'), Timestamp('2026-06-11 18:41:50.717000'), Timestamp('2026-06-11 18:41:50.832000'), Timestamp('2026-06-11 18:41:51.151000'), Timestamp('2026-06-11 18:41:51.255000'), Timestamp('2026-06-11 18:41:52.052000'), Timestamp('2026-06-11 18:41:52.153000'), Timestamp('2026-06-11 18:41:52.473000'), Timestamp('2026-06-11 18:41:52.591000'), Timestamp('2026-06-11 18:41:53.367000'), Timestamp('2026-06-11 18:41:53.493000'), Timestamp('2026-06-11 18:41:53.800000'), Timestamp('2026-06-11 18:41:53.915000'), Timestamp('2026-06-11 18:41:54.698000'), Timestamp('2026-06-11 18:41:54.816000'), Timestamp('2026-06-11 18:41:55.136000'), Timestamp('2026-06-11 18:41:55.236000'), Timestamp('2026-06-11 18:41:56.038000'), Timestamp('2026-06-11 18:41:56.139000'), Timestamp('2026-06-11 18:41:56.461000'), Timestamp('2026-06-11 18:41:56.569000'), Timestamp('2026-06-11 18:41:57.363000'), Timestamp('2026-06-11 18:41:57.471000')]","[0.107, 0.789, 0.106, 0.315, 0.117, 0.781, 0.115, 0.319, 0.104, 0.797, 0.101, 0.32, 0.118, 0.776, 0.126, 0.307, 0.115, 0.783, 0.118, 0.32, 0.1, 0.802, 0.101, 0.322, 0.108, 0.794, 0.108]","[34.3717974994876, 34.32950191570881, 33.82966051220965, 34.24298685114067, 34.046406338426706, 34.179284130503646, 33.63027313553707, 34.16413373860182, 33.983258984512055, 34.165431817318286, 33.68462523392101, 34.2299283062999, 33.9875178584856, 33.9875178584856, 34.10570952597304, 33.65505046784057, 34.04896421845574, 33.9909257263179, 34.2255776710135, 33.97358943577431, 34.19141412220997, 34.038707734016114, 34.094429681498184, 34.00548233261988, 33.89737787668933, 33.886149708650834, 34.20672894357105, 34.060082387219936]","[3.677782332445173, 27.085977011494254, 3.5859440142942227, 10.786540858109312, 3.9834295415959247, 26.69402090592335, 3.867481410586763, 10.898358662613981, 3.5342589343892534, 27.229849158402676, 3.4021471486260224, 10.953577058015966, 4.010527107301301, 26.374313858184827, 4.297319400272603, 10.332100493627054, 3.9156308851224098, 26.614894843706914, 4.038618165179592, 10.871548619447779, 3.419141412220997, 27.299043602680925, 3.443537397831317, 10.9497653111036, 3.660916810682448, 26.905602868668762, 3.6943267259056736]",305.52665453843315,9.941058757516622,c:\git\RailwAI\VIDEO\20260611\ADTC Rastatt_00_20260611184150.mp4,2026-06-11 18:41:50,Trieb
ADTC1_adz_raw_20260611_1847,2026-06-11 18:45:42.656,2026-06-11 18:45:52.763,"[Timestamp('2026-06-11 18:45:52.763000'), Timestamp('2026-06-11 18:45:52.867000'), Timestamp('2026-06-11 18:45:53.454000'), Timestamp('2026-06-11 18:45:53.582000'), Timestamp('2026-06-11 18:45:54.203000'), Timestamp('2026-06-11 18:45:54.329000'), Timestamp('2026-06-11 18:45:54.909000'), Timestamp('2026-06-11 18:45:55.018000')]","[0.104, 0.587, 0.128, 0.621, 0.126, 0.58, 0.109]","[34.41567619659492, 34.66833541927409, 34.679186228482, 34.7334537175159, 34.8596283115856, 34.28746364610439, 34.79402765557904, 34.61988304093567]","[3.579230324445872, 20.350312891113887, 4.438935837245697, 21.569474758577375, 4.392313167259786, 19.886728914740544, 3.7925490144581158]",78.00954490784129,9.865572389903628,c:\git\RailwAI\VIDEO\20260611\ADTC Rastatt_00_20260611184553.mp4,2026-06-11 18:45:53,Trieb
ADTC1_adz_raw_20260611_1849,2026-06-11 18:48:29.325,2026-06-11 18:48:39.351,"[Timestamp('2026-06-11 18:48:39.351000'), Timestamp('2026-06-11 18:48:39.468000'), Timestamp('2026-06-11 18:48:39.829000'), Timestamp('2026-06-11 18:48:39.952000')]","[0.117, 0.361, 0.123]","[34.23340961098398, 33.71783496007099, 34.76074487310442, 33.74601527170287]","[4.005308924485126, 12.172138420585625, 4.275571619391844]",20.4530189644626,9.9190526649261,c:\git\RailwAI\VIDEO\20260611\ADTC Rastatt_00_20260611184840.mp4,2026-06-11 18:48:40,Lok
ADTC1_adz_raw_20260611_1857,2026-06-11 18:56:27.725,2026-06-11 18:56:37.752,"[Timestamp('2026-06-11 18:56:37.752000'), Timestamp('2026-06-11 18:56:37.865000'), Timestamp('2026-06-11 18:56:38.590000'), Timestamp('2026-06-11 18:56:38.702000'), Timestamp('2026-06-11 18:56:38.904000'), Timestamp('2026-06-11 18:56:39.021000'), Timestamp('2026-06-11 18:56:39.766000'), Timestamp('2026-06-11 18:56:39.875000'), Timestamp('2026-06-11 18:56:40.083000'), Timestamp('2026-06-11 18:56:40.192000'), Timestamp('2026-06-11 18:56:40.940000'), Timestamp('2026-06-11 18:56:41.049000'), Timestamp('2026-06-11 18:56:41.256000'), Timestamp('2026-06-11 18:56:41.367000'), Timestamp('2026-06-11 18:56:42.092000'), Timestamp('2026-06-11 18:56:42.206000')]","[0.113, 0.725, 0.112, 0.202, 0.117, 0.745, 0.109, 0.208, 0.109, 0.748, 0.109, 0.207, 0.111, 0.725, 0.114]","[34.98672331386086, 35.165306998711884, 34.79905437352245, 34.92063492063492, 34.78671865768639, 34.78443522554219, 34.85503426462836, 34.909552523008564, 34.47137699845281, 34.909552523008564, 34.65884652981427, 34.72527472527472, 34.78260869565217, 34.347158218125955, 34.53282093086448, 34.53952477092716]","[3.953499734466277, 25.494847574066114, 3.8974940898345145, 7.053968253968254, 4.070046082949308, 25.91440424302893, 3.799198734844491, 7.261186924785781, 3.7573800928313563, 26.112345287210406, 3.7778142717497554, 7.188131868131867, 3.860869565217391, 24.901689708141316, 3.936741586118551]",154.9796180173443,9.911913959700884,c:\git\RailwAI\VIDEO\20260611\ADTC Rastatt_00_20260611185638.mp4,2026-06-11 18:56:38,Trieb
ADTC1_adz_raw_20260611_1901,2026-06-11 19:00:20.378,2026-06-11 19:00:30.485,"[Timestamp('2026-06-11 19:00:30.485000'), Timestamp('2026-06-11 19:00:30.890000'), Timestamp('2026-06-11 19:00:31.289000'), Timestamp('2026-06-11 19:00:31.689000'), Timestamp('2026-06-11 19:00:31.930000'), Timestamp('2026-06-11 19:00:32.416000'), Timestamp('2026-06-11 19:00:32.822000'), Timestamp('2026-06-11 19:00:33.239000')]","[0.405, 0.399, 0.4, 0.241, 0.486, 0.406, 0.417]","[38.64446316335126, 33.42523860021209, 16.953267868393958, 27.097826086956523, 36.59386617100371, 37.877042801556414, 38.031881511233834, 36.99435699435699, 37.066189624329155, 37.1485883656178]","[15.651007581157263, 13.336670201484624, 6.781307147357584, 6.530576086956522, 17.784618959107803, 15.378079377431906, 15.859294590184508]",91.3215539436802,9.93675078378778,c:\git\RailwAI\VIDEO\20260611\ADTC Rastatt_00_20260611190031.mp4,2026-06-11 19:00:31,Trieb
ADTC1_adz_raw_20260611_1915,2026-06-11 19:13:57.626,2026-06-11 19:14:07.689,"[Timestamp('2026-06-11 19:14:07.689000'), Timestamp('2026-06-11 19:14:07.797000'), Timestamp('2026-06-11 19:14:08.596000'), Timestamp('2026-06-11 19:14:08.698000'), Timestamp('2026-06-11 19:14:09.020000'), Timestamp('2026-06-11 19:14:09.130000'), Timestamp('2026-06-11 19:14:09.922000'), Timestamp('2026-06-11 19:14:10.031000'), Timestamp('2026-06-11 19:14:10.353000'), Timestamp('2026-06-11 19:14:10.474000'), Timestamp('2026-06-11 19:14:11.256000'), Timestamp('2026-06-11 19:14:11.371000'), Timestamp('2026-06-11 19:14:11.694000'), Timestamp('2026-06-11 19:14:11.794000'), Timestamp('2026-06-11 19:14:12.594000'), Timestamp('2026-06-11 19:14:12.698000'), Timestamp('2026-06-11 19:14:13.014000'), Timestamp('2026-06-11 19:14:13.140000'), Timestamp('2026-06-11 19:14:13.924000'), Timestamp('2026-06-11 19:14:14.041000'), Timestamp('2026-06-11 19:14:14.362000'), Timestamp('2026-06-11 19:14:14.462000'), Timestamp('2026-06-11 19:14:15.264000'), Timestamp('2026-06-11 19:14:15.370000'), Timestamp('2026-06-11 19:14:15.686000'), Timestamp('2026-06-11 19:14:15.800000'), Timestamp('2026-06-11 19:14:16.590000'), Timestamp('2026-06-11 19:14:16.707000'), Timestamp('2026-06-11 19:14:17.019000'), Timestamp('2026-06-11 19:14:17.136000'), Timestamp('2026-06-11 19:14:17.920000'), Timestamp('2026-06-11 19:14:18.038000'), Timestamp('2026-06-11 19:14:18.358000'), Timestamp('2026-06-11 19:14:18.465000'), Timestamp('2026-06-11 19:14:19.260000'), Timestamp('2026-06-11 19:14:19.365000'), Timestamp('2026-06-11 19:14:19.685000'), Timestamp('2026-06-11 19:14:19.800000'), Timestamp('2026-06-11 19:14:20.586000'), Timestamp('2026-06-11 19:14:20.705000'), Timestamp('2026-06-11 19:14:21.018000'), Timestamp('2026-06-11 19:14:21.138000'), Timestamp('2026-06-11 19:14:21.917000'), Timestamp('2026-06-11 19:14:22.037000'), Timestamp('2026-06-11 19:14:22.347000'), Timestamp('2026-06-11 19:14:22.464000'), Timestamp('2026-06-11 19:14:23.252000'), Timestamp('2026-06-11 19:14:23.366000'), Timestamp('2026-06-11 19:14:23.688000'), Timestamp('2026-06-11 19:14:23.791000'), Timestamp('2026-06-11 19:14:24.592000'), Timestamp('2026-06-11 19:14:24.693000')]","[0.108, 0.799, 0.102, 0.322, 0.11, 0.792, 0.109, 0.322, 0.121, 0.782, 0.115, 0.323, 0.1, 0.8, 0.104, 0.316, 0.126, 0.784, 0.117, 0.321, 0.1, 0.802, 0.106, 0.316, 0.114, 0.79, 0.117, 0.312, 0.117, 0.784, 0.118, 0.32, 0.107, 0.795, 0.105, 0.32, 0.115, 0.786, 0.119, 0.313, 0.12, 0.779, 0.12, 0.31, 0.117, 0.788, 0.114, 0.322, 0.103, 0.801, 0.101]","[34.23776223776224, 34.29665071770334, 34.165431817318286, 34.378843788437884, 33.74434752526625, 34.94652123265911, 34.02077374680114, 33.926073926073926, 33.68794326241135, 33.932853717026376, 33.97358943577431, 34.17062511875356, 34.06997231311351, 34.57711442786069, 34.127244714974864, 34.2560553633218, 34.49869089789003, 34.282222335387274, 33.83458646616541, 34.10430839002267, 34.226118730730676, 34.15053328615478, 33.993993993993996, 34.30405870213254, 33.83458646616541, 34.717569146864044, 34.3031226199543, 33.97752808988764, 34.03873476407687, 34.80978048589954, 34.34235608082348, 34.45620298355221, 34.78442535189199, 34.55674760022586, 33.93722508014613, 34.58633023850415, 34.29092567259462, 34.51520367183018, 34.29092567259462, 34.92729999347982, 34.939254294093004, 34.43223443223443, 34.0616581861718, 34.43223443223443, 33.76623376623377, 34.7394540942928, 34.01935395938394, 35.0966107063668, 35.17090329859958, 34.11015361558636, 34.20814479638009, 34.419027420087865]","[3.697678321678322, 27.403023923444973, 3.484874045366465, 11.069987699876998, 3.7118782277792874, 27.677644816266014, 3.708264338401324, 10.924195804195804, 4.076241134751774, 26.535491606714626, 3.9069627851140454, 11.037111913357402, 3.406997231311351, 27.661691542288555, 3.5492334503573857, 10.824913494809689, 4.346835053134144, 26.877262310943625, 3.9586466165413534, 10.947482993197278, 3.422611873073068, 27.388727695496137, 3.6033633633633633, 10.840082549873882, 3.857142857142857, 27.426879626022597, 4.0134653465346535, 10.600988764044944, 3.9825319673969943, 27.290867900945237, 4.05239801753717, 11.025984954736707, 3.7219335126524427, 27.47261434217956, 3.563408633415343, 11.067625676321327, 3.9434564523483813, 27.12895008605852, 4.080620155038759, 10.932244897959183, 4.192710515291161, 26.822710622710623, 4.087398982340615, 10.673992673992673, 3.950649350649351, 27.37468982630273, 3.8782063513697693, 11.30110864745011, 3.6226030397557567, 27.32223304608468, 3.455022624434389]",584.9036416620532,9.95327729256558,c:\git\RailwAI\VIDEO\20260611\ADTC Rastatt_00_20260611191408.mp4,2026-06-11 19:14:08,Trieb
ADTC1_adz_raw_20260611_1919,2026-06-11 19:18:22.579,2026-06-11 19:18:32.604,"[Timestamp('2026-06-11 19:18:32.604000'), Timestamp('2026-06-11 19:18:32.735000'), Timestamp('2026-06-11 19:18:33.116000'), Timestamp('2026-06-11 19:18:33.246000'), Timestamp('2026-06-11 19:18:33.482000'), Timestamp('2026-06-11 19:18:33.566000'), Timestamp('2026-06-11 19:18:34.034000'), Timestamp('2026-06-11 19:18:34.117000'), Timestamp('2026-06-11 19:18:34.281000'), Timestamp('2026-06-11 19:18:34.368000'), Timestamp('2026-06-11 19:18:34.844000'), Timestamp('2026-06-11 19:18:34.927000'), Timestamp('2026-06-11 19:18:35.096000'), Timestamp('2026-06-11 19:18:35.177000'), Timestamp('2026-06-11 19:18:35.552000'), Timestamp('2026-06-11 19:18:35.636000'), Timestamp('2026-06-11 19:18:35.797000'), Timestamp('2026-06-11 19:18:35.884000'), Timestamp('2026-06-11 19:18:36.196000'), Timestamp('2026-06-11 19:18:36.277000'), Timestamp('2026-06-11 19:18:36.442000'), Timestamp('2026-06-11 19:18:36.526000'), Timestamp('2026-06-11 19:18:36.808000'), Timestamp('2026-06-11 19:18:36.889000'), Timestamp('2026-06-11 19:18:37.157000'), Timestamp('2026-06-11 19:18:37.931000'), Timestamp('2026-06-11 19:18:38.013000'), Timestamp('2026-06-11 19:18:38.386000'), Timestamp('2026-06-11 19:18:38.467000'), Timestamp('2026-06-11 19:18:40.001000'), Timestamp('2026-06-11 19:18:40.082000'), Timestamp('2026-06-11 19:18:40.408000'), Timestamp('2026-06-11 19:18:40.494000'), Timestamp('2026-06-11 19:18:40.658000'), Timestamp('2026-06-11 19:18:40.738000'), Timestamp('2026-06-11 19:18:41.098000'), Timestamp('2026-06-11 19:18:41.177000'), Timestamp('2026-06-11 19:18:41.341000'), Timestamp('2026-06-11 19:18:41.424000'), Timestamp('2026-06-11 19:18:41.784000'), Timestamp('2026-06-11 19:18:41.863000'), Timestamp('2026-06-11 19:18:42.028000'), Timestamp('2026-06-11 19:18:42.111000'), Timestamp('2026-06-11 19:18:42.510000'), Timestamp('2026-06-11 19:18:42.591000'), Timestamp('2026-06-11 19:18:42.756000'), Timestamp('2026-06-11 19:18:42.840000'), Timestamp('2026-06-11 19:18:43.239000'), Timestamp('2026-06-11 19:18:43.320000'), Timestamp('2026-06-11 19:18:43.481000'), Timestamp('2026-06-11 19:18:43.570000'), Timestamp('2026-06-11 19:18:43.925000'), Timestamp('2026-06-11 19:18:44.005000'), Timestamp('2026-06-11 19:18:44.251000'), Timestamp('2026-06-11 19:18:44.688000'), Timestamp('2026-06-11 19:18:45.001000'), Timestamp('2026-06-11 19:18:45.434000'), Timestamp('2026-06-11 19:18:45.755000'), Timestamp('2026-06-11 19:18:46.188000'), Timestamp('2026-06-11 19:18:46.506000'), Timestamp('2026-06-11 19:18:46.936000')]","[0.131, 0.381, 0.13, 0.236, 0.084, 0.468, 0.083, 0.164, 0.087, 0.476, 0.083, 0.169, 0.081, 0.375, 0.084, 0.161, 0.087, 0.312, 0.081, 0.165, 0.084, 0.282, 0.081, 0.268, 0.774, 0.082, 0.373, 0.081, 1.534, 0.081, 0.326, 0.086, 0.164, 0.08, 0.36, 0.079, 0.164, 0.083, 0.36, 0.079, 0.165, 0.083, 0.399, 0.081, 0.165, 0.084, 0.399, 0.081, 0.161, 0.089, 0.355, 0.08, 0.246, 0.437, 0.313, 0.433, 0.321, 0.433, 0.318, 0.43]","[32.267087750958716, 31.800631800631802, 31.53269578702507, 32.78321678321679, 31.584415584415584, 32.21621621621622, 32.21621621621622, 32.10738255033557, 31.90249072602014, 32.43391316258047, 32.326530612244895, 32.43391316258047, 52.92307692307692, 23.82442435097866, 35.13187843084751, 30.94428297569724, 20.270848182466143, 14.973488865323436, 33.64579845999331, 30.89590758264717, 21.30960349647596, 16.654313428506978, 36.273066908185214, 21.85596338785986, 29.835188054655585, 53.93835616438356, 27.26600985221675, 54.31145431145431, 40.92815208275091, 48.16326530612245, 41.7635446369818, 11.467351430667645, 166.18556701030914, 21.316135601849886, 27.217999391912436, 23.983206507478354, 26.91870550936173, 21.276133586749932, 26.873138773079212, 24.309978768577494, 26.344827586206897, 21.479889973040656, 45.91358667360749, 116.68584579976975, 49.64469147963132, 13.751728539517073, 49.01010660390419, 148.79551820728278, 49.600672551492224, 13.68634748773473, 47.88961038961039, 167.59493670886062, 48.44006568144499, 15.85029069767442, 46.79841897233201, 29.8692464666314, 12.414087310992084, 19.86744639376218, 12.553268327916214, 18.536026357255402, 12.957640965364916, 32.59259259259259, 24.27064785645802, 22.6647595995159]","[4.226988495375592, 12.116040716040716, 4.099250452313259, 7.736839160839161, 2.6530909090909094, 15.077189189189191, 2.6739459459459463, 5.265610738255034, 2.775516693163752, 15.438542665388301, 2.683102040816326, 5.481331324476099, 4.286769230769231, 8.934159131616997, 2.9510777881911907, 4.982029559087256, 1.7635637918745544, 4.671728525980912, 2.725309675259458, 5.097824751136783, 1.790006693703981, 4.696516386838967, 2.9381184195630023, 5.857398187946442, 23.092435554303425, 4.4229452054794525, 10.170221674876847, 4.399227799227799, 62.783785294939904, 3.9012244897959185, 13.614915551656066, 0.9861922230374174, 27.254432989690702, 1.705290848147991, 9.798479781088476, 1.8946733140907899, 4.414667703535324, 1.7659190877002444, 9.674329958308515, 1.9204883227176222, 4.3468965517241385, 1.7828308677623745, 18.31952108276939, 9.45155350978135, 8.191374094139167, 1.1551451973194342, 19.555032534957775, 12.052436974789906, 7.985708280790249, 1.218084926408391, 17.00081168831169, 13.407594936708849, 11.916256157635468, 6.926577034883722, 14.647905138339919, 12.933383720051395, 3.984922026828459, 8.602604288499023, 3.9919393282773563, 7.970491333619822]",498.1622499450573,9.907695668796768,c:\git\RailwAI\VIDEO\20260611\ADTC Rastatt_00_20260611191833.mp4,2026-06-11 19:18:33,Lok
ADTC1_adz_raw_20260611_1924,2026-06-11 19:23:20.954,2026-06-11 19:23:30.985,"[Timestamp('2026-06-11 19:23:30.985000'), Timestamp('2026-06-11 19:23:31.126000'), Timestamp('2026-06-11 19:23:31.454000'), Timestamp('2026-06-11 19:23:31.595000'), Timestamp('2026-06-11 19:23:34.503000'), Timestamp('2026-06-11 19:23:34.744000'), Timestamp('2026-06-11 19:23:36.627000'), Timestamp('2026-06-11 19:23:38.239000'), Timestamp('2026-06-11 19:23:40.095000'), Timestamp('2026-06-11 19:23:40.254000'), Timestamp('2026-06-11 19:23:41.032000'), Timestamp('2026-06-11 19:23:41.955000'), Timestamp('2026-06-11 19:23:42.188000'), Timestamp('2026-06-11 19:23:45.643000'), Timestamp('2026-06-11 19:23:51.252000'), Timestamp('2026-06-11 19:23:51.402000'), Timestamp('2026-06-11 19:23:51.420000'), Timestamp('2026-06-11 19:23:53.987000')]","[0.141, 0.328, 0.141, 2.908, 0.241, 1.883, 1.612, 1.8559999999999999, 0.159, 0.778, 0.923, 0.233, 3.455, 5.609, 0.15, 0.018, 2.567]","[nan, nan, nan, nan, nan, nan, nan, nan, nan, nan, nan, nan, nan, nan, nan, nan, nan, nan, nan, nan, nan, nan]","[nan, nan, nan, nan, nan, nan, nan, nan, nan, nan, nan, nan, nan, nan, nan, nan, nan]",,9.920536404098504,c:\git\RailwAI\VIDEO\20260611\ADTC Rastatt_00_20260611192331.mp4,2026-06-11 19:23:31,Lok
ADTC1_adz_raw_20260611_1928,2026-06-11 19:27:20.442,2026-06-11 19:27:30.473,"[Timestamp('2026-06-11 19:27:30.473000'), Timestamp('2026-06-11 19:27:30.587000'), Timestamp('2026-06-11 19:27:30.943000'), Timestamp('2026-06-11 19:27:31.057000'), Timestamp('2026-06-11 19:27:31.289000'), Timestamp('2026-06-11 19:27:31.401000'), Timestamp('2026-06-11 19:27:32.191000'), Timestamp('2026-06-11 19:27:32.306000'), Timestamp('2026-06-11 19:27:32.500000'), Timestamp('2026-06-11 19:27:32.610000'), Timestamp('2026-06-11 19:27:33.406000'), Timestamp('2026-06-11 19:27:33.516000'), Timestamp('2026-06-11 19:27:33.710000'), Timestamp('2026-06-11 19:27:33.821000'), Timestamp('2026-06-11 19:27:34.615000'), Timestamp('2026-06-11 19:27:34.727000'), Timestamp('2026-06-11 19:27:34.921000'), Timestamp('2026-06-11 19:27:35.030000'), Timestamp('2026-06-11 19:27:35.823000'), Timestamp('2026-06-11 19:27:35.935000')]","[0.114, 0.356, 0.114, 0.232, 0.112, 0.79, 0.115, 0.194, 0.11, 0.796, 0.11, 0.194, 0.111, 0.794, 0.112, 0.194, 0.109, 0.793, 0.112]","[35.428695936376506, 35.17663481155374, 35.294594704188796, 35.62753036437246, 35.10160427807486, 34.84584980237154, 35.689705211658854, 35.10160427807486, 34.54846727423364, 35.074338289219284, 34.79905437352245, 34.909552523008564, 35.100665757600055, 34.93172435693871, 35.16672257631667, 35.41208119344583, 34.78443522554219, 34.97372193024367, 34.56099456099456, 35.10160427807486]","[4.038871336746922, 12.522881992913131, 4.0235837962775225, 8.265587044534412, 3.9313796791443845, 27.52822134387352, 4.104316099340768, 6.809711229946523, 3.8003314001657, 27.91917327821855, 3.8278959810874698, 6.772453189463661, 3.8961738990936063, 27.735789139409338, 3.9386729285474673, 6.869943751528491, 3.7915034395840985, 27.73416149068323, 3.8708313908313907]",191.3814824113902,9.917929825780858,c:\git\RailwAI\VIDEO\20260611\ADTC Rastatt_00_20260611192731.mp4,2026-06-11 19:27:31,Lok
ADTC1_adz_raw_20260611_1939,2026-06-11 19:38:13.542,2026-06-11 19:38:23.586,"[Timestamp('2026-06-11 19:38:23.586000'), Timestamp('2026-06-11 19:38:23.692000'), Timestamp('2026-06-11 19:38:24.281000'), Timestamp('2026-06-11 19:38:24.398000'), Timestamp('2026-06-11 19:38:25.015000'), Timestamp('2026-06-11 19:38:25.136000'), Timestamp('2026-06-11 19:38:25.722000'), Timestamp('2026-06-11 19:38:25.827000')]","[0.106, 0.589, 0.117, 0.617, 0.121, 0.586, 0.105]","[34.86514276674839, 35.294594704188796, 34.99880468563232, 34.909552523008564, 34.92571670481154, 34.285714285714285, 34.47048812562853, 34.91093743801325]","[3.6957051332753292, 20.7885162807672, 4.094860148218982, 21.539193906696283, 4.226011721282196, 20.09142857142857, 3.619401253190995]",78.05511701485956,9.93535317424852,c:\git\RailwAI\VIDEO\20260611\ADTC Rastatt_00_20260611193824.mp4,2026-06-11 19:38:24,Trieb
ADTC1_adz_raw_20260611_1943,2026-06-11 19:41:46.579,2026-06-11 19:41:56.592,"[Timestamp('2026-06-11 19:41:56.592000'), Timestamp('2026-06-11 19:41:56.710000'), Timestamp('2026-06-11 19:41:57.072000'), Timestamp('2026-06-11 19:41:57.180000')]","[0.118, 0.362, 0.108]","[35.72772551189817, 35.311299832314596, 35.0383631713555, 34.86514276674839]","[4.215871610403984, 12.782690539297883, 3.784143222506394]",20.782705372208262,9.90670261520663,c:\git\RailwAI\VIDEO\20260611\ADTC Rastatt_00_20260611194157.mp4,2026-06-11 19:41:57,Lok
ADTC1_adz_raw_20260611_1946,2026-06-11 19:45:28.640,2026-06-11 19:45:38.659,"[Timestamp('2026-06-11 19:45:38.659000'), Timestamp('2026-06-11 19:45:38.783000'), Timestamp('2026-06-11 19:45:39.305000'), Timestamp('2026-06-11 19:45:39.423000'), Timestamp('2026-06-11 19:45:39.705000'), Timestamp('2026-06-11 19:45:39.788000'), Timestamp('2026-06-11 19:45:40.357000'), Timestamp('2026-06-11 19:45:40.443000'), Timestamp('2026-06-11 19:45:40.745000'), Timestamp('2026-06-11 19:45:40.833000'), Timestamp('2026-06-11 19:45:41.410000'), Timestamp('2026-06-11 19:45:41.495000'), Timestamp('2026-06-11 19:45:41.803000'), Timestamp('2026-06-11 19:45:42.222000'), Timestamp('2026-06-11 19:45:42.528000'), Timestamp('2026-06-11 19:45:42.945000')]","[0.124, 0.522, 0.118, 0.282, 0.083, 0.569, 0.086, 0.302, 0.088, 0.577, 0.085, 0.308, 0.419, 0.306, 0.417]","[32.20860964370012, 32.008891358710756, 31.66887676354862, 31.85560202509355, 31.68869085878008, 31.70527004196414, 31.02756892230576, 31.37791070284127, 31.62822958210508, 31.024329121854443, 30.77207582061951, 30.72951877573597, 30.286624203821656, 31.48537810795723, 30.332434860736747, 30.492298399275143]","[3.993867595818815, 16.708641289247016, 3.7369274580987373, 8.983279771076381, 2.630161341278747, 18.040298653877596, 2.6683709273182954, 9.476129032258063, 2.783284203225247, 17.901037903310012, 2.6156264447526585, 9.464691782926678, 12.690095541401273, 9.634525701034912, 12.648625336927223]",133.97556298255165,9.901511194437438,c:\git\RailwAI\VIDEO\20260611\ADTC Rastatt_00_20260611194539.mp4,2026-06-11 19:45:39,Lok
ADTC1_adz_raw_20260611_1951,2026-06-11 19:49:56.474,2026-06-11 19:50:06.553,"[Timestamp('2026-06-11 19:50:06.553000'), Timestamp('2026-06-11 19:50:06.703000'), Timestamp('2026-06-11 19:50:07.256000'), Timestamp('2026-06-11 19:50:07.401000'), Timestamp('2026-06-11 19:50:07.567000'), Timestamp('2026-06-11 19:50:07.714000'), Timestamp('2026-06-11 19:50:08.504000'), Timestamp('2026-06-11 19:50:08.656000'), Timestamp('2026-06-11 19:50:09.460000'), Timestamp('2026-06-11 19:50:09.599000'), Timestamp('2026-06-11 19:50:10.411000'), Timestamp('2026-06-11 19:50:10.565000'), Timestamp('2026-06-11 19:50:11.375000'), Timestamp('2026-06-11 19:50:11.543000'), Timestamp('2026-06-11 19:50:12.363000'), Timestamp('2026-06-11 19:50:12.522000'), Timestamp('2026-06-11 19:50:13.368000'), Timestamp('2026-06-11 19:50:13.521000'), Timestamp('2026-06-11 19:50:14.379000'), Timestamp('2026-06-11 19:50:14.538000'), Timestamp('2026-06-11 19:50:15.411000'), Timestamp('2026-06-11 19:50:15.575000'), Timestamp('2026-06-11 19:50:15.759000'), Timestamp('2026-06-11 19:50:15.925000'), Timestamp('2026-06-11 19:50:16.550000'), Timestamp('2026-06-11 19:50:16.715000')]","[0.15, 0.553, 0.145, 0.166, 0.147, 0.79, 0.152, 0.804, 0.139, 0.812, 0.154, 0.81, 0.168, 0.82, 0.159, 0.846, 0.153, 0.858, 0.159, 0.873, 0.164, 0.184, 0.166, 0.625, 0.165]","[nan, nan, nan, nan, nan, nan, nan, nan, nan, nan, nan, nan, nan, nan, nan, nan, nan, nan, nan, nan, nan, nan, nan, nan, nan, nan, nan]","[nan, nan, nan, nan, nan, nan, nan, nan, nan, nan, nan, nan, nan, nan, nan, nan, nan, nan, nan, nan, nan, nan, nan, nan, nan]",,9.969195691766254,c:\git\RailwAI\VIDEO\20260611\ADTC Rastatt_00_20260611195007.mp4,2026-06-11 19:50:07,Trieb
ADTC1_adz_raw_20260611_1958,2026-06-11 19:56:38.438,2026-06-11 19:56:48.528,"[Timestamp('2026-06-11 19:56:48.528000'), Timestamp('2026-06-11 19:56:48.635000'), Timestamp('2026-06-11 19:56:49.422000'), Timestamp('2026-06-11 19:56:49.531000'), Timestamp('2026-06-11 19:56:49.844000'), Timestamp('2026-06-11 19:56:49.947000'), Timestamp('2026-06-11 19:56:50.743000'), Timestamp('2026-06-11 19:56:50.842000'), Timestamp('2026-06-11 19:56:51.155000'), Timestamp('2026-06-11 19:56:51.273000'), Timestamp('2026-06-11 19:56:52.051000'), Timestamp('2026-06-11 19:56:52.166000'), Timestamp('2026-06-11 19:56:52.479000'), Timestamp('2026-06-11 19:56:52.583000'), Timestamp('2026-06-11 19:56:53.370000'), Timestamp('2026-06-11 19:56:53.474000'), Timestamp('2026-06-11 19:56:53.787000'), Timestamp('2026-06-11 19:56:53.906000'), Timestamp('2026-06-11 19:56:54.679000'), Timestamp('2026-06-11 19:56:54.798000'), Timestamp('2026-06-11 19:56:55.114000'), Timestamp('2026-06-11 19:56:55.217000'), Timestamp('2026-06-11 19:56:56.004000'), Timestamp('2026-06-11 19:56:56.107000'), Timestamp('2026-06-11 19:56:56.424000'), Timestamp('2026-06-11 19:56:56.538000'), Timestamp('2026-06-11 19:56:57.316000'), Timestamp('2026-06-11 19:56:57.432000'), Timestamp('2026-06-11 19:56:57.742000'), Timestamp('2026-06-11 19:56:57.859000'), Timestamp('2026-06-11 19:56:58.634000'), Timestamp('2026-06-11 19:56:58.743000'), Timestamp('2026-06-11 19:56:59.063000'), Timestamp('2026-06-11 19:56:59.167000'), Timestamp('2026-06-11 19:56:59.951000'), Timestamp('2026-06-11 19:57:00.055000'), Timestamp('2026-06-11 19:57:00.369000'), Timestamp('2026-06-11 19:57:00.485000'), Timestamp('2026-06-11 19:57:01.262000'), Timestamp('2026-06-11 19:57:01.377000'), Timestamp('2026-06-11 19:57:01.681000'), Timestamp('2026-06-11 19:57:01.798000'), Timestamp('2026-06-11 19:57:02.578000'), Timestamp('2026-06-11 19:57:02.694000'), Timestamp('2026-06-11 19:57:02.995000'), Timestamp('2026-06-11 19:57:03.112000'), Timestamp('2026-06-11 19:57:03.882000'), Timestamp('2026-06-11 19:57:04.009000'), Timestamp('2026-06-11 19:57:04.325000'), Timestamp('2026-06-11 19:57:04.424000'), Timestamp('2026-06-11 19:57:05.214000'), Timestamp('2026-06-11 19:57:05.316000')]","[0.107, 0.787, 0.109, 0.313, 0.103, 0.796, 0.099, 0.313, 0.118, 0.778, 0.115, 0.313, 0.104, 0.787, 0.104, 0.313, 0.119, 0.773, 0.119, 0.316, 0.103, 0.787, 0.103, 0.317, 0.114, 0.778, 0.116, 0.31, 0.117, 0.775, 0.109, 0.32, 0.104, 0.784, 0.104, 0.314, 0.116, 0.777, 0.115, 0.304, 0.117, 0.78, 0.116, 0.301, 0.117, 0.77, 0.127, 0.316, 0.099, 0.79, 0.102]","[34.81185621189826, 35.36499321573948, 35.324675324675326, 35.89399530358939, 35.165306998711884, 35.70006635700066, 36.043956043956044, 36.09022556390977, 35.95959595959596, 35.68822553897181, 36.25170998632011, 36.382428940568474, 35.95959595959596, 36.159346271705815, 36.73397717295873, 36.15832032912469, 35.88797585108166, 36.23931623931624, 36.25170998632011, 36.028728348119984, 36.26636311895276, 36.51509892398472, 36.30125235889518, 35.95959595959596, 36.37198622273249, 36.44326629401256, 37.58504443763408, 36.439066551426095, 35.83885886220538, 36.93181818181818, 36.712489031880665, 37.99274183456389, 37.28506787330316, 36.382428940568474, 37.21153846153846, 37.832805808974115, 36.73397717295873, 37.89473684210526, 38.43936190659235, 37.066189624329155, 37.433870477348734, 37.092731829573935, 37.53086419753086, 37.39995149163231, 37.27133459493557, 37.39995149163231, 37.50228895806629, 37.43526062331526, 38.11684628474191, 38.26550019018638, 37.59771912075784, 38.15532143082456]","[3.7248686146731136, 27.832249660786974, 3.8503896103896107, 11.23482053002348, 3.6220266208673237, 28.417252820172525, 3.5683516483516486, 11.296240601503758, 4.243232323232323, 27.765439469320068, 4.168946648426813, 11.387700258397933, 3.7397979797979795, 28.457405515832477, 3.820333625987708, 11.317554263016028, 4.270669126278718, 28.012991452991454, 4.313953488372093, 11.385078158005914, 3.735435401252134, 28.73738285317598, 3.739028992966203, 11.399191919191919, 4.1464064293915035, 28.352861176741772, 4.359865154765553, 11.296110630942088, 4.193146486878029, 28.62215909090909, 4.001661304474992, 12.157677387060444, 3.877647058823529, 28.523824289405685, 3.8699999999999997, 11.879501024017872, 4.261141352063213, 29.44421052631579, 4.420526619258121, 11.268121645796063, 4.379762845849802, 28.93233082706767, 4.35358024691358, 11.257385398981324, 4.360746147607461, 28.79796264855688, 4.7627906976744185, 11.829542356967622, 3.7735677821894495, 30.22974515024724, 3.834967350317299]",615.2275832122307,9.984061648154675,c:\git\RailwAI\VIDEO\20260611\ADTC Rastatt_00_20260611195649.mp4,2026-06-11 19:56:49,Trieb
ADTC1_adz_raw_20260611_2000,2026-06-11 19:59:34.925,2026-06-11 19:59:45.038,"[Timestamp('2026-06-11 19:59:45.038000'), Timestamp('2026-06-11 19:59:45.515000'), Timestamp('2026-06-11 19:59:45.980000'), Timestamp('2026-06-11 19:59:46.449000'), Timestamp('2026-06-11 19:59:46.815000'), Timestamp('2026-06-11 19:59:47.296000'), Timestamp('2026-06-11 19:59:47.758000'), Timestamp('2026-06-11 19:59:48.235000')]","[0.477, 0.465, 0.469, 0.366, 0.481, 0.462, 0.477]","[33.280461427541454, 25.62065541211519, 15.12228328546049, 17.130264706663244, 40.9977798093248, 19.905839153518684, 25.491605825890375, 32.279940322799405, 32.267087750958716]","[15.874780100937272, 11.913604766633565, 7.09235086088097, 6.2696768826387475, 19.719932088285226, 9.196497688925632, 12.159495978949709]",82.22633836725112,9.907548087903796,c:\git\RailwAI\VIDEO\20260611\ADTC Rastatt_00_20260611195945.mp4,2026-06-11 19:59:45,Trieb
ADTC1_adz_raw_20260611_2009,2026-06-11 20:07:28.109,2026-06-11 20:07:38.160,"[Timestamp('2026-06-11 20:07:38.160000'), Timestamp('2026-06-11 20:07:38.276000'), Timestamp('2026-06-11 20:07:38.631000'), Timestamp('2026-06-11 20:07:38.743000'), Timestamp('2026-06-11 20:07:39.585000'), Timestamp('2026-06-11 20:07:45.614000'), Timestamp('2026-06-11 20:07:45.688000'), Timestamp('2026-06-11 20:07:46.230000'), Timestamp('2026-06-11 20:07:46.767000'), Timestamp('2026-06-11 20:07:46.942000'), Timestamp('2026-06-11 20:07:47.019000'), Timestamp('2026-06-11 20:07:47.484000'), Timestamp('2026-06-11 20:07:47.557000'), Timestamp('2026-06-11 20:07:48.023000'), Timestamp('2026-06-11 20:07:48.098000'), Timestamp('2026-06-11 20:07:48.273000'), Timestamp('2026-06-11 20:07:48.347000'), Timestamp('2026-06-11 20:07:48.811000'), Timestamp('2026-06-11 20:07:48.885000'), Timestamp('2026-06-11 20:07:49.350000'), Timestamp('2026-06-11 20:07:49.424000'), Timestamp('2026-06-11 20:07:49.597000'), Timestamp('2026-06-11 20:07:49.675000'), Timestamp('2026-06-11 20:07:50.214000'), Timestamp('2026-06-11 20:07:50.753000'), Timestamp('2026-06-11 20:07:51'), Timestamp('2026-06-11 20:07:51.463000'), Timestamp('2026-06-11 20:07:52.326000'), Timestamp('2026-06-11 20:07:52.791000'), Timestamp('2026-06-11 20:07:53.652000'), Timestamp('2026-06-11 20:07:54.196000'), Timestamp('2026-06-11 20:07:54.723000'), Timestamp('2026-06-11 20:07:54.903000'), Timestamp('2026-06-11 20:07:54.977000'), Timestamp('2026-06-11 20:07:55.442000'), Timestamp('2026-06-11 20:07:55.513000'), Timestamp('2026-06-11 20:07:56.053000'), Timestamp('2026-06-11 20:07:56.302000'), Timestamp('2026-06-11 20:07:56.766000'), Timestamp('2026-06-11 20:07:56.842000'), Timestamp('2026-06-11 20:07:57.381000')]","[0.116, 0.355, 0.112, 0.842, 6.029, 0.074, 0.542, 0.537, 0.175, 0.077, 0.465, 0.073, 0.466, 0.075, 0.175, 0.074, 0.464, 0.074, 0.465, 0.074, 0.173, 0.078, 0.539, 0.539, 0.247, 0.463, 0.863, 0.465, 0.861, 0.544, 0.527, 0.18, 0.074, 0.465, 0.071, 0.54, 0.249, 0.464, 0.076, 0.539]","[nan, nan, nan, nan, nan, nan, nan, nan, nan, nan, nan, nan, nan, nan, nan, nan, nan, nan, nan, nan, nan, nan, nan, nan, nan, nan, nan, nan, nan, nan, nan, nan, nan, nan, nan, nan, nan, nan, nan, nan, nan, nan, nan, nan, nan, nan, nan, nan, nan, nan, nan, nan]","[nan, nan, nan, nan, nan, nan, nan, nan, nan, nan, nan, nan, nan, nan, nan, nan, nan, nan, nan, nan, nan, nan, nan, nan, nan, nan, nan, nan, nan, nan, nan, nan, nan, nan, nan, nan, nan, nan, nan, nan]",,9.948292315743586,c:\git\RailwAI\VIDEO\20260611\ADTC Rastatt_00_20260611200738.mp4,2026-06-11 20:07:38,Lok
ADTC1_adz_raw_20260611_2017,2026-06-11 20:15:20.902,2026-06-11 20:15:30.964,"[Timestamp('2026-06-11 20:15:30.964000'), Timestamp('2026-06-11 20:15:31.114000'), Timestamp('2026-06-11 20:15:31.570000'), Timestamp('2026-06-11 20:15:31.717000'), Timestamp('2026-06-11 20:15:32.013000'), Timestamp('2026-06-11 20:15:32.112000'), Timestamp('2026-06-11 20:15:32.930000'), Timestamp('2026-06-11 20:15:33.753000'), Timestamp('2026-06-11 20:15:34.090000'), Timestamp('2026-06-11 20:15:34.900000'), Timestamp('2026-06-11 20:15:35.618000'), Timestamp('2026-06-11 20:15:35.710000'), Timestamp('2026-06-11 20:15:35.948000'), Timestamp('2026-06-11 20:15:36.046000'), Timestamp('2026-06-11 20:15:36.764000'), Timestamp('2026-06-11 20:15:36.850000'), Timestamp('2026-06-11 20:15:37.560000'), Timestamp('2026-06-11 20:15:37.653000'), Timestamp('2026-06-11 20:15:37.981000'), Timestamp('2026-06-11 20:15:38.685000'), Timestamp('2026-06-11 20:15:38.781000'), Timestamp('2026-06-11 20:15:39.479000'), Timestamp('2026-06-11 20:15:39.574000'), Timestamp('2026-06-11 20:15:39.806000'), Timestamp('2026-06-11 20:15:39.901000'), Timestamp('2026-06-11 20:15:40.589000'), Timestamp('2026-06-11 20:15:40.687000'), Timestamp('2026-06-11 20:15:41.380000'), Timestamp('2026-06-11 20:15:41.471000'), Timestamp('2026-06-11 20:15:41.795000'), Timestamp('2026-06-11 20:15:42.572000'), Timestamp('2026-06-11 20:15:43.254000'), Timestamp('2026-06-11 20:15:43.345000'), Timestamp('2026-06-11 20:15:43.663000'), Timestamp('2026-06-11 20:15:44.431000'), Timestamp('2026-06-11 20:15:45.195000'), Timestamp('2026-06-11 20:15:45.511000'), Timestamp('2026-06-11 20:15:46.268000'), Timestamp('2026-06-11 20:15:47.246000'), Timestamp('2026-06-11 20:15:47.333000'), Timestamp('2026-06-11 20:15:47.993000'), Timestamp('2026-06-11 20:15:48.084000'), Timestamp('2026-06-11 20:15:48.739000'), Timestamp('2026-06-11 20:15:48.828000'), Timestamp('2026-06-11 20:15:49.043000'), Timestamp('2026-06-11 20:15:49.132000'), Timestamp('2026-06-11 20:15:49.786000'), Timestamp('2026-06-11 20:15:49.880000'), Timestamp('2026-06-11 20:15:50.526000'), Timestamp('2026-06-11 20:15:50.611000'), Timestamp('2026-06-11 20:15:50.831000'), Timestamp('2026-06-11 20:15:50.917000'), Timestamp('2026-06-11 20:15:51.651000'), Timestamp('2026-06-11 20:15:52.293000'), Timestamp('2026-06-11 20:15:52.376000'), Timestamp('2026-06-11 20:15:52.679000'), Timestamp('2026-06-11 20:15:53.406000'), Timestamp('2026-06-11 20:15:54.041000'), Timestamp('2026-06-11 20:15:54.129000'), Timestamp('2026-06-11 20:15:55.147000'), Timestamp('2026-06-11 20:15:55.780000'), Timestamp('2026-06-11 20:15:55.866000'), Timestamp('2026-06-11 20:15:56.156000'), Timestamp('2026-06-11 20:15:56.876000'), Timestamp('2026-06-11 20:15:57.592000'), Timestamp('2026-06-11 20:15:57.801000'), Timestamp('2026-06-11 20:15:57.891000'), Timestamp('2026-06-11 20:15:58.607000'), Timestamp('2026-06-11 20:15:59.323000'), Timestamp('2026-06-11 20:15:59.533000'), Timestamp('2026-06-11 20:16:00.253000'), Timestamp('2026-06-11 20:16:00.335000'), Timestamp('2026-06-11 20:16:00.972000'), Timestamp('2026-06-11 20:16:01.057000'), Timestamp('2026-06-11 20:16:01.265000'), Timestamp('2026-06-11 20:16:01.348000'), Timestamp('2026-06-11 20:16:02.072000'), Timestamp('2026-06-11 20:16:02.709000'), Timestamp('2026-06-11 20:16:02.792000'), Timestamp('2026-06-11 20:16:03.007000'), Timestamp('2026-06-11 20:16:03.092000'), Timestamp('2026-06-11 20:16:03.730000'), Timestamp('2026-06-11 20:16:03.817000'), Timestamp('2026-06-11 20:16:04.542000'), Timestamp('2026-06-11 20:16:04.756000'), Timestamp('2026-06-11 20:16:04.841000'), Timestamp('2026-06-11 20:16:05.484000'), Timestamp('2026-06-11 20:16:05.570000'), Timestamp('2026-06-11 20:16:06.214000'), Timestamp('2026-06-11 20:16:06.297000'), Timestamp('2026-06-11 20:16:06.599000'), Timestamp('2026-06-11 20:16:07.244000'), Timestamp('2026-06-11 20:16:07.331000'), Timestamp('2026-06-11 20:16:07.977000'), Timestamp('2026-06-11 20:16:08.066000')]","[0.15, 0.456, 0.147, 0.296, 0.099, 0.818, 0.823, 0.337, 0.81, 0.718, 0.092, 0.238, 0.098, 0.718, 0.086, 0.71, 0.093, 0.328, 0.704, 0.096, 0.698, 0.095, 0.232, 0.095, 0.688, 0.098, 0.693, 0.091, 0.324, 0.777, 0.682, 0.091, 0.318, 0.768, 0.764, 0.316, 0.757, 0.978, 0.087, 0.66, 0.091, 0.655, 0.089, 0.215, 0.089, 0.654, 0.094, 0.646, 0.085, 0.22, 0.086, 0.734, 0.642, 0.083, 0.303, 0.727, 0.635, 0.088, 1.018, 0.633, 0.086, 0.29, 0.72, 0.716, 0.209, 0.09, 0.716, 0.716, 0.21, 0.72, 0.082, 0.637, 0.085, 0.208, 0.083, 0.724, 0.637, 0.083, 0.215, 0.085, 0.638, 0.087, 0.725, 0.214, 0.085, 0.643, 0.086, 0.644, 0.083, 0.302, 0.645, 0.087, 0.646, 0.089]","[nan, nan, nan, nan, nan, nan, nan, nan, nan, nan, nan, nan, nan, nan, nan, nan, nan, nan, nan, nan, nan, nan, nan, nan, nan, nan, nan, nan, nan, nan, nan, nan, nan, nan, nan, nan, nan, nan, nan, nan, nan, nan, nan, nan, nan, nan, nan, nan, nan, nan, nan, nan, nan, nan, nan, nan, nan, nan, nan, nan, nan, nan, nan, nan, nan, nan, nan, nan, nan, nan, nan, nan, nan, nan, nan, nan, nan, nan, nan, nan, nan, nan, nan, nan, nan, nan, nan, nan, nan, nan, nan, nan, nan, nan, nan, nan, nan, nan, nan, nan, nan, nan, nan]","[nan, nan, nan, nan, nan, nan, nan, nan, nan, nan, nan, nan, nan, nan, nan, nan, nan, nan, nan, nan, nan, nan, nan, nan, nan, nan, nan, nan, nan, nan, nan, nan, nan, nan, nan, nan, nan, nan, nan, nan, nan, nan, nan, nan, nan, nan, nan, nan, nan, nan, nan, nan, nan, nan, nan, nan, nan, nan, nan, nan, nan, nan, nan, nan, nan, nan, nan, nan, nan, nan, nan, nan, nan, nan, nan, nan, nan, nan, nan, nan, nan, nan, nan, nan, nan, nan, nan, nan, nan, nan, nan, nan, nan, nan]",,9.937927671984834,c:\git\RailwAI\VIDEO\20260611\ADTC Rastatt_00_20260611201531.mp4,2026-06-11 20:15:31,Lok
ADTC1_adz_raw_20260611_2020,2026-06-11 20:19:11.008,2026-06-11 20:19:21.052,"[Timestamp('2026-06-11 20:19:21.052000'), Timestamp('2026-06-11 20:19:21.169000'), Timestamp('2026-06-11 20:19:21.522000'), Timestamp('2026-06-11 20:19:21.641000'), Timestamp('2026-06-11 20:19:28.872000')]","[0.117, 0.353, 0.119, 7.231]","[34.677930030486806, 35.04020313161235, 34.91001080397375, 35.189473052054204, 32.080850223543166, 32.07608290396122, 31.81300162459688, 44.63670297080329, 27.650131573779504, 27.518645951317502, 31.795690343176375, 31.33378231969781, 31.828134516552822, 42.58491339453389, 37.94815223386652, 30.103513568080494, 44.68498244164429, 30.72463768115942, 27.36117271824768, 27.807119769563972, 30.630630630630627, 30.537634408602152, 30.535270646691263, 41.421282463801425, 30.09826929397007, 32.604978149344475, 40.95614530397139, 29.68470931292145, 30.365398956002984, 20.801291817513558, 22.10888044854404, 24.724513294985343, 22.290568248388986, 17.245478609583287, 15.094339622641508, 30.287483414418396]","[4.057317813566956, 12.369191705459158, 4.154291285672876, 254.45507963940395]",275.03588044410293,9.941173199447084,c:\git\RailwAI\VIDEO\20260611\ADTC Rastatt_00_20260611201921.mp4,2026-06-11 20:19:21,Lok
ADTC1_adz_raw_20260611_2025,2026-06-11 20:23:48.198,2026-06-11 20:23:58.228,"[Timestamp('2026-06-11 20:23:58.228000'), Timestamp('2026-06-11 20:23:58.348000'), Timestamp('2026-06-11 20:23:58.705000'), Timestamp('2026-06-11 20:23:58.823000'), Timestamp('2026-06-11 20:23:59.054000'), Timestamp('2026-06-11 20:23:59.171000'), Timestamp('2026-06-11 20:23:59.965000'), Timestamp('2026-06-11 20:24:00.078000'), Timestamp('2026-06-11 20:24:00.282000'), Timestamp('2026-06-11 20:24:00.387000'), Timestamp('2026-06-11 20:24:01.193000'), Timestamp('2026-06-11 20:24:01.303000'), Timestamp('2026-06-11 20:24:01.503000'), Timestamp('2026-06-11 20:24:01.613000'), Timestamp('2026-06-11 20:24:02.416000'), Timestamp('2026-06-11 20:24:02.529000'), Timestamp('2026-06-11 20:24:02.723000'), Timestamp('2026-06-11 20:24:02.834000'), Timestamp('2026-06-11 20:24:03.642000'), Timestamp('2026-06-11 20:24:03.750000')]","[0.12, 0.357, 0.118, 0.231, 0.117, 0.794, 0.113, 0.204, 0.105, 0.806, 0.11, 0.2, 0.11, 0.803, 0.113, 0.194, 0.111, 0.808, 0.108]","[34.47137699845281, 34.78443522554219, 34.60818956557888, 34.85135989879822, 34.41258094357077, 34.28615160907664, 34.8596283115856, 35.44800523217789, 34.270523450851314, 34.47315488163392, 34.28615160907664, 34.82086737900691, 34.22470767666497, 34.47937891723195, 34.80499691305319, 35.165306998711884, 34.61358557247544, 34.74527462170794, 34.386774317570165, 35.493949274868]","[4.136565239814337, 12.418043375518561, 4.083766368738308, 8.05066413662239, 4.02627197039778, 27.223204377606855, 3.9391379992091733, 7.231393067364289, 3.5984049623393877, 27.78536283459694, 3.7714766769984305, 6.964173475801383, 3.7647178444331466, 27.686941270537254, 3.9329646511750105, 6.822069557750106, 3.8421079985447744, 28.07418189434002, 3.7137716262975777]",191.06521932808573,9.918284379099312,c:\git\RailwAI\VIDEO\20260611\ADTC Rastatt_00_20260611202358.mp4,2026-06-11 20:23:58,Lok
ADTC1_adz_raw_20260611_2030,2026-06-11 20:28:36.205,2026-06-11 20:28:46.228,"[Timestamp('2026-06-11 20:28:46.228000'), Timestamp('2026-06-11 20:28:46.364000'), Timestamp('2026-06-11 20:28:46.674000'), Timestamp('2026-06-11 20:28:46.812000'), Timestamp('2026-06-11 20:28:47.050000'), Timestamp('2026-06-11 20:28:47.128000'), Timestamp('2026-06-11 20:28:47.541000'), Timestamp('2026-06-11 20:28:47.619000'), Timestamp('2026-06-11 20:28:47.794000'), Timestamp('2026-06-11 20:28:47.870000'), Timestamp('2026-06-11 20:28:48.286000'), Timestamp('2026-06-11 20:28:48.364000'), Timestamp('2026-06-11 20:28:48.539000'), Timestamp('2026-06-11 20:28:48.614000'), Timestamp('2026-06-11 20:28:49.034000'), Timestamp('2026-06-11 20:28:49.113000'), Timestamp('2026-06-11 20:28:49.288000'), Timestamp('2026-06-11 20:28:49.366000'), Timestamp('2026-06-11 20:28:49.886000'), Timestamp('2026-06-11 20:28:50.061000'), Timestamp('2026-06-11 20:28:50.139000'), Timestamp('2026-06-11 20:28:50.581000'), Timestamp('2026-06-11 20:28:50.660000'), Timestamp('2026-06-11 20:28:50.831000'), Timestamp('2026-06-11 20:28:50.910000'), Timestamp('2026-06-11 20:28:51.354000'), Timestamp('2026-06-11 20:28:51.426000'), Timestamp('2026-06-11 20:28:51.606000'), Timestamp('2026-06-11 20:28:51.682000'), Timestamp('2026-06-11 20:28:52.100000'), Timestamp('2026-06-11 20:28:52.178000'), Timestamp('2026-06-11 20:28:52.352000'), Timestamp('2026-06-11 20:28:52.429000'), Timestamp('2026-06-11 20:28:52.874000'), Timestamp('2026-06-11 20:28:52.953000'), Timestamp('2026-06-11 20:28:53.128000'), Timestamp('2026-06-11 20:28:53.208000'), Timestamp('2026-06-11 20:28:53.657000'), Timestamp('2026-06-11 20:28:53.735000'), Timestamp('2026-06-11 20:28:53.909000'), Timestamp('2026-06-11 20:28:53.986000'), Timestamp('2026-06-11 20:28:54.432000'), Timestamp('2026-06-11 20:28:54.508000'), Timestamp('2026-06-11 20:28:54.684000'), Timestamp('2026-06-11 20:28:54.761000'), Timestamp('2026-06-11 20:28:55.201000'), Timestamp('2026-06-11 20:28:55.284000'), Timestamp('2026-06-11 20:28:55.458000'), Timestamp('2026-06-11 20:28:55.535000'), Timestamp('2026-06-11 20:28:55.981000'), Timestamp('2026-06-11 20:28:56.058000'), Timestamp('2026-06-11 20:28:56.235000'), Timestamp('2026-06-11 20:28:56.311000'), Timestamp('2026-06-11 20:28:56.761000'), Timestamp('2026-06-11 20:28:56.836000'), Timestamp('2026-06-11 20:28:57.012000'), Timestamp('2026-06-11 20:28:57.091000'), Timestamp('2026-06-11 20:28:57.541000'), Timestamp('2026-06-11 20:28:57.619000'), Timestamp('2026-06-11 20:28:57.795000'), Timestamp('2026-06-11 20:28:57.874000'), Timestamp('2026-06-11 20:28:58.325000'), Timestamp('2026-06-11 20:28:58.402000'), Timestamp('2026-06-11 20:28:58.576000'), Timestamp('2026-06-11 20:28:58.656000'), Timestamp('2026-06-11 20:28:59.104000'), Timestamp('2026-06-11 20:28:59.182000'), Timestamp('2026-06-11 20:28:59.360000'), Timestamp('2026-06-11 20:28:59.436000'), Timestamp('2026-06-11 20:28:59.853000'), Timestamp('2026-06-11 20:28:59.930000'), Timestamp('2026-06-11 20:29:00.108000'), Timestamp('2026-06-11 20:29:00.185000'), Timestamp('2026-06-11 20:29:00.604000'), Timestamp('2026-06-11 20:29:00.683000')]","[0.136, 0.31, 0.138, 0.238, 0.078, 0.413, 0.078, 0.175, 0.076, 0.416, 0.078, 0.175, 0.075, 0.42, 0.079, 0.175, 0.078, 0.52, 0.175, 0.078, 0.442, 0.079, 0.171, 0.079, 0.444, 0.072, 0.18, 0.076, 0.418, 0.078, 0.174, 0.077, 0.445, 0.079, 0.175, 0.08, 0.449, 0.078, 0.174, 0.077, 0.446, 0.076, 0.176, 0.077, 0.44, 0.083, 0.174, 0.077, 0.446, 0.077, 0.177, 0.076, 0.45, 0.075, 0.176, 0.079, 0.45, 0.078, 0.176, 0.079, 0.451, 0.077, 0.174, 0.08, 0.448, 0.078, 0.178, 0.076, 0.417, 0.077, 0.178, 0.077, 0.419, 0.079]","[34.79402765557904, 35.294594704188796, 35.68822553897181, 35.036496350364956, 34.78671865768639, 35.16672257631667, 34.78260869565217, 35.03696303696303, 34.65884652981427, 34.91093743801325, 34.28746364610439, 34.78306531014112, 33.80449337896147, 34.66426811622541, 34.4196566258867, 34.41258094357077, 34.05797101449275, 34.179284130503646, 34.31372549019608, 34.53282093086448, 34.18491484184915, 34.289650597645135, 34.04940383357649, 34.4196566258867, 33.82966051220965, 34.18491484184915, 33.932853717026376, 34.18491484184915, 33.5812133072407, 33.93751639538806, 33.71077241532263, 33.80658920976602, 33.71077241532263, 33.58655363499578, 32.35294117647059, 33.347807207989575, 33.02127659574468, 33.47548751594678, 33.160226785459045, 33.40138930836605, 32.81075027995521, 33.391304347826086, 33.06622477362845, 33.40138930836605, 32.942005993301606, 33.41228791028182, 32.942005993301606, 33.17010401401151, 32.60569218016026, 32.952461560163634, 32.71702968690229, 32.7075511055486, 32.527472527472526, 32.75005801810165, 32.50514756348662, 32.72727272727273, 32.57981018119068, 32.40589198036007, 32.188032654525884, 32.40589198036007, 31.783216783216783, 32.211150013466195, 32.47047569155781, 32.33273056057866, 32.04968944099379, 32.552811254181364, 32.26618705035971, 32.5666150936909, 31.795376291195275, 32.26618705035971, 32.188032654525884, 32.06020193474413, 31.821811856600554, 32.11561621838619, 31.730361511280236, 31.914401770086855]","[4.73198776115875, 10.941324358298527, 4.9249751243781095, 8.33868613138686, 2.7133640552995386, 14.523856424018785, 2.7130434782608694, 6.1314685314685295, 2.634072336265884, 14.52294997421351, 2.6744221643961428, 6.087036429274695, 2.53533700342211, 14.558992608814671, 2.7191528734450494, 6.022201665124884, 2.6565217391304343, 17.773227747861895, 6.004901960784313, 2.6935600326074294, 15.109732360097324, 2.7088823972139657, 5.822448055541581, 2.7191528734450494, 15.020369267421085, 2.4613138686131384, 6.1079136690647475, 2.5980535279805355, 14.036947162426612, 2.6471262788402687, 5.865674400266137, 2.6031073691519833, 15.00129372481857, 2.6533377371646667, 5.661764705882352, 2.667824576639166, 14.826553191489362, 2.611088026243849, 5.769879460669873, 2.571906976744186, 14.633594624860024, 2.5377391304347823, 5.819655560158607, 2.571906976744186, 14.494482637052707, 2.773219896553391, 5.731909042834479, 2.554098009078886, 14.542138712351477, 2.5373395401325998, 5.790914254581706, 2.4857738840216936, 14.637362637362637, 2.4562543513576234, 5.720905971173644, 2.5854545454545454, 14.660914581535806, 2.5276595744680854, 5.665093747196555, 2.5600654664484455, 14.33423076923077, 2.480258551036897, 5.649862770331058, 2.5866184448462928, 14.358260869565218, 2.5391192778261464, 5.743381294964029, 2.4750627471205084, 13.25867191342843, 2.484496402877698, 5.729469812505607, 2.468635548975298, 13.333339167915632, 2.537133681252509]",482.63047642500334,9.9117652315691,c:\git\RailwAI\VIDEO\20260611\ADTC Rastatt_00_20260611202846.mp4,2026-06-11 20:28:46,Lok
ADTC1_adz_raw_20260611_2037,2026-06-11 20:36:17.133,2026-06-11 20:36:27.177,"[Timestamp('2026-06-11 20:36:27.177000'), Timestamp('2026-06-11 20:36:27.289000'), Timestamp('2026-06-11 20:36:28.098000'), Timestamp('2026-06-11 20:36:28.202000'), Timestamp('2026-06-11 20:36:28.532000'), Timestamp('2026-06-11 20:36:28.636000'), Timestamp('2026-06-11 20:36:29.448000'), Timestamp('2026-06-11 20:36:29.556000'), Timestamp('2026-06-11 20:36:29.878000'), Timestamp('2026-06-11 20:36:29.999000'), Timestamp('2026-06-11 20:36:30.792000'), Timestamp('2026-06-11 20:36:30.913000'), Timestamp('2026-06-11 20:36:31.238000'), Timestamp('2026-06-11 20:36:31.340000'), Timestamp('2026-06-11 20:36:32.154000'), Timestamp('2026-06-11 20:36:32.255000'), Timestamp('2026-06-11 20:36:32.582000'), Timestamp('2026-06-11 20:36:32.698000'), Timestamp('2026-06-11 20:36:33.498000'), Timestamp('2026-06-11 20:36:33.615000'), Timestamp('2026-06-11 20:36:33.937000'), Timestamp('2026-06-11 20:36:34.049000'), Timestamp('2026-06-11 20:36:34.851000'), Timestamp('2026-06-11 20:36:34.954000'), Timestamp('2026-06-11 20:36:35.277000'), Timestamp('2026-06-11 20:36:35.396000'), Timestamp('2026-06-11 20:36:36.197000'), Timestamp('2026-06-11 20:36:36.309000'), Timestamp('2026-06-11 20:36:36.619000'), Timestamp('2026-06-11 20:36:36.751000'), Timestamp('2026-06-11 20:36:37.533000'), Timestamp('2026-06-11 20:36:37.652000'), Timestamp('2026-06-11 20:36:37.974000'), Timestamp('2026-06-11 20:36:38.088000'), Timestamp('2026-06-11 20:36:38.889000'), Timestamp('2026-06-11 20:36:38.992000'), Timestamp('2026-06-11 20:36:39.317000'), Timestamp('2026-06-11 20:36:39.435000'), Timestamp('2026-06-11 20:36:40.225000'), Timestamp('2026-06-11 20:36:40.345000'), Timestamp('2026-06-11 20:36:40.666000'), Timestamp('2026-06-11 20:36:40.780000'), Timestamp('2026-06-11 20:36:41.569000'), Timestamp('2026-06-11 20:36:41.693000'), Timestamp('2026-06-11 20:36:42.006000'), Timestamp('2026-06-11 20:36:42.122000'), Timestamp('2026-06-11 20:36:42.911000'), Timestamp('2026-06-11 20:36:43.031000'), Timestamp('2026-06-11 20:36:43.349000'), Timestamp('2026-06-11 20:36:43.458000'), Timestamp('2026-06-11 20:36:44.258000'), Timestamp('2026-06-11 20:36:44.367000')]","[0.112, 0.809, 0.104, 0.33, 0.104, 0.812, 0.108, 0.322, 0.121, 0.793, 0.121, 0.325, 0.102, 0.814, 0.101, 0.327, 0.116, 0.8, 0.117, 0.322, 0.112, 0.802, 0.103, 0.323, 0.119, 0.801, 0.112, 0.31, 0.132, 0.782, 0.119, 0.322, 0.114, 0.801, 0.103, 0.325, 0.118, 0.79, 0.12, 0.321, 0.114, 0.789, 0.124, 0.313, 0.116, 0.789, 0.12, 0.318, 0.109, 0.8, 0.109]","[34.04426559356137, 33.926073926073926, 33.51285487998051, 33.704543214743275, 34.301464958399265, 33.943028485757125, 33.391304347826086, 33.02127659574468, 33.86338185890257, 34.60369417816226, 32.1505376344086, 33.160720677723425, 33.51285487998051, 32.968120449565276, 33.46938775510204, 33.637702503681886, 34.04940383357649, 34.61988304093567, 33.10266375959806, 33.679864336798644, 33.926073926073926, 33.648439610086676, 34.843791021265424, 33.5251097025841, 33.21303090418031, 34.31629922263285, 33.74601527170287, 33.831289483463394, 33.23288850624193, 33.68794326241135, 34.2613289981711, 34.29092567259462, 33.80867498514557, 34.85738255033557, 34.515050167224075, 34.267454540843495, 34.67775467775468, 35.20923520923521, 34.453004622496145, 35.27989035500255, 34.591797127700865, 34.75, 35.99866175978588, 34.84448164909619, 34.355578196637794, 35.40983606557377, 35.72359843546284, 34.63408360128617, 35.64229723244281, 35.25654673195657, 35.33898305084746, 35.05674653215637]","[3.8129577464788733, 27.446193806193808, 3.4853369075179725, 11.12249926086528, 3.5673523556735236, 27.561739130434788, 3.6062608695652174, 10.632851063829788, 4.097469204927211, 27.44072948328267, 3.8902150537634403, 10.777234220260114, 3.418311197758012, 26.836050045946134, 3.3804081632653062, 10.999528718703978, 3.9497308446948733, 27.695906432748536, 3.873011659872973, 10.844916316449163, 3.7997202797202796, 26.986048567289515, 3.5889104751903385, 10.828610433934665, 3.9523506775974564, 27.487355677328914, 3.7795537104307217, 10.487699739873651, 4.386741282823935, 26.34397163120568, 4.077098150782361, 11.041678066575468, 3.854188948306595, 27.920763422818794, 3.5550501672240795, 11.136922725774136, 4.0919750519750515, 27.815295815295816, 4.134360554699537, 11.324844803955818, 3.943464872557899, 27.41775, 4.4638340582134495, 10.906322756167107, 3.9852470708099843, 27.938360655737707, 4.28683181225554, 11.013638585209003, 3.885010398336266, 28.205237385565255, 3.8519491525423732]",588.9294894124292,9.92706383528045,c:\git\RailwAI\VIDEO\20260611\ADTC Rastatt_00_20260611203628.mp4,2026-06-11 20:36:28,Trieb
ADTC1_adz_raw_20260611_2059,2026-06-11 20:58:05.146,2026-06-11 20:58:15.258,"[Timestamp('2026-06-11 20:58:15.258000'), Timestamp('2026-06-11 20:58:15.726000'), Timestamp('2026-06-11 20:58:16.185000'), Timestamp('2026-06-11 20:58:16.566000'), Timestamp('2026-06-11 20:58:16.661000'), Timestamp('2026-06-11 20:58:17.018000'), Timestamp('2026-06-11 20:58:17.487000'), Timestamp('2026-06-11 20:58:17.943000'), Timestamp('2026-06-11 20:58:18.419000')]","[0.468, 0.459, 0.381, 0.095, 0.357, 0.469, 0.456, 0.476]","[30.376595082477433, 42.90186985907051, 25.11905127653691, 56.87028773657485, 25.402370555208982, 55.96399375401856, 26.539074960127593, 24.365160756373577, 33.37204800619435, 33.3531921551636, 33.62542481859098]","[14.216246498599439, 19.691958265313364, 9.570358536360564, 5.402677334974611, 9.068646288209607, 26.247113070634704, 12.101818181818183, 11.597816520033822]",107.8966346959443,9.89913192686022,c:\git\RailwAI\VIDEO\20260611\ADTC Rastatt_00_20260611205815.mp4,2026-06-11 20:58:15,Trieb
ADTC1_adz_raw_20260611_2102,2026-06-11 21:01:17.235,2026-06-11 21:01:27.260,"[Timestamp('2026-06-11 21:01:27.260000'), Timestamp('2026-06-11 21:01:27.396000'), Timestamp('2026-06-11 21:01:27.736000'), Timestamp('2026-06-11 21:01:27.876000'), Timestamp('2026-06-11 21:01:28.122000'), Timestamp('2026-06-11 21:01:28.205000'), Timestamp('2026-06-11 21:01:28.650000'), Timestamp('2026-06-11 21:01:28.732000'), Timestamp('2026-06-11 21:01:28.903000'), Timestamp('2026-06-11 21:01:28.985000'), Timestamp('2026-06-11 21:01:29.458000'), Timestamp('2026-06-11 21:01:29.540000'), Timestamp('2026-06-11 21:01:29.715000'), Timestamp('2026-06-11 21:01:29.793000'), Timestamp('2026-06-11 21:01:30.274000'), Timestamp('2026-06-11 21:01:30.355000'), Timestamp('2026-06-11 21:01:30.541000'), Timestamp('2026-06-11 21:01:30.625000'), Timestamp('2026-06-11 21:01:31.105000'), Timestamp('2026-06-11 21:01:31.188000'), Timestamp('2026-06-11 21:01:31.375000'), Timestamp('2026-06-11 21:01:31.459000'), Timestamp('2026-06-11 21:01:31.942000'), Timestamp('2026-06-11 21:01:32.024000'), Timestamp('2026-06-11 21:01:32.202000'), Timestamp('2026-06-11 21:01:32.287000'), Timestamp('2026-06-11 21:01:32.769000'), Timestamp('2026-06-11 21:01:32.851000'), Timestamp('2026-06-11 21:01:33.026000'), Timestamp('2026-06-11 21:01:33.112000'), Timestamp('2026-06-11 21:01:33.597000'), Timestamp('2026-06-11 21:01:33.683000'), Timestamp('2026-06-11 21:01:33.858000'), Timestamp('2026-06-11 21:01:33.941000'), Timestamp('2026-06-11 21:01:34.425000'), Timestamp('2026-06-11 21:01:34.512000'), Timestamp('2026-06-11 21:01:34.675000'), Timestamp('2026-06-11 21:01:34.761000'), Timestamp('2026-06-11 21:01:35.247000'), Timestamp('2026-06-11 21:01:35.333000'), Timestamp('2026-06-11 21:01:35.510000'), Timestamp('2026-06-11 21:01:35.598000'), Timestamp('2026-06-11 21:01:36.091000'), Timestamp('2026-06-11 21:01:36.178000'), Timestamp('2026-06-11 21:01:36.371000'), Timestamp('2026-06-11 21:01:36.460000'), Timestamp('2026-06-11 21:01:36.960000'), Timestamp('2026-06-11 21:01:37.044000'), Timestamp('2026-06-11 21:01:37.230000'), Timestamp('2026-06-11 21:01:37.320000'), Timestamp('2026-06-11 21:01:37.822000'), Timestamp('2026-06-11 21:01:37.908000'), Timestamp('2026-06-11 21:01:38.096000'), Timestamp('2026-06-11 21:01:38.184000'), Timestamp('2026-06-11 21:01:38.692000'), Timestamp('2026-06-11 21:01:38.783000'), Timestamp('2026-06-11 21:01:38.982000'), Timestamp('2026-06-11 21:01:39.074000'), Timestamp('2026-06-11 21:01:39.560000'), Timestamp('2026-06-11 21:01:39.650000'), Timestamp('2026-06-11 21:01:39.843000'), Timestamp('2026-06-11 21:01:39.937000'), Timestamp('2026-06-11 21:01:40.463000'), Timestamp('2026-06-11 21:01:40.559000'), Timestamp('2026-06-11 21:01:40.754000'), Timestamp('2026-06-11 21:01:40.849000'), Timestamp('2026-06-11 21:01:41.385000'), Timestamp('2026-06-11 21:01:41.479000'), Timestamp('2026-06-11 21:01:41.678000'), Timestamp('2026-06-11 21:01:41.770000'), Timestamp('2026-06-11 21:01:42.317000'), Timestamp('2026-06-11 21:01:42.415000'), Timestamp('2026-06-11 21:01:42.610000'), Timestamp('2026-06-11 21:01:42.703000'), Timestamp('2026-06-11 21:01:43.259000'), Timestamp('2026-06-11 21:01:43.358000'), Timestamp('2026-06-11 21:01:43.565000'), Timestamp('2026-06-11 21:01:43.664000'), Timestamp('2026-06-11 21:01:44.219000'), Timestamp('2026-06-11 21:01:44.313000'), Timestamp('2026-06-11 21:01:44.545000'), Timestamp('2026-06-11 21:01:44.647000'), Timestamp('2026-06-11 21:01:45.188000'), Timestamp('2026-06-11 21:01:45.295000')]","[0.136, 0.34, 0.14, 0.246, 0.083, 0.445, 0.082, 0.171, 0.082, 0.473, 0.082, 0.175, 0.078, 0.481, 0.081, 0.186, 0.084, 0.48, 0.083, 0.187, 0.084, 0.483, 0.082, 0.178, 0.085, 0.482, 0.082, 0.175, 0.086, 0.485, 0.086, 0.175, 0.083, 0.484, 0.087, 0.163, 0.086, 0.486, 0.086, 0.177, 0.088, 0.493, 0.087, 0.193, 0.089, 0.5, 0.084, 0.186, 0.09, 0.502, 0.086, 0.188, 0.088, 0.508, 0.091, 0.199, 0.092, 0.486, 0.09, 0.193, 0.094, 0.526, 0.096, 0.195, 0.095, 0.536, 0.094, 0.199, 0.092, 0.547, 0.098, 0.195, 0.093, 0.556, 0.099, 0.207, 0.099, 0.555, 0.094, 0.232, 0.102, 0.541, 0.107]","[33.10699123568516, 32.84210526315789, 32.993197278911566, 33.00372142477406, 32.65343900040493, 32.59771705292286, 32.59771705292286, 32.65457238059978, 32.220570347344236, 32.77061270140855, 32.50303627489173, 32.38520001820416, 32.06066012488849, 32.66666666666667, 32.498567991751635, 32.11600429645542, 31.957460950481888, 32.17606108241635, 31.96170976533936, 32.11025595131555, 32.06066012488849, 31.847890671420082, 31.650299817502393, 31.894039735099337, 31.683168316831683, 31.686274509803923, 31.686274509803923, 31.480824436344868, 31.07609788803218, 31.6008316008316, 31.480824436344868, 31.746031746031747, 31.595699762902335, 31.48537810795723, 31.35817205217836, 31.28230711260654, 30.988379357740847, 31.335463258785943, 31.15440449390924, 31.30357199757831, 30.769230769230766, 30.90011488185798, 30.558704453441294, 30.75472084965042, 30.404675179121803, 30.506935687263557, 30.25790696289237, 30.231729055258466, 30.19553624333399, 30.365173592372727, 30.179754020813622, 30.299415483717045, 29.735164014476933, 29.91783049272669, 29.497459062676455, 29.68044360601383, 29.30691597122837, 29.177718832891244, 29.08055730435497, 28.894785292684247, 28.739689547010304, 28.92924911900244, 28.438354727928903, 28.717948717948715, 28.644283892902678, 28.592545665716397, 27.915654651348465, 28.365643277391136, 27.881246542504147, 27.741056897067125, 27.50132625994695, 27.334675795408778, 27.199923272430823, 27.21153615828682, 26.928997273032714, 26.94183864915572, 26.67157178331647, 26.759195003469813, 26.333500715747185, 26.566313148591625, 26.136547841848536, 26.076246334310845, 25.844261762646784, 25.983563560062947]","[4.502550808053182, 11.166315789473684, 4.6190476190476195, 8.118915470494418, 2.7102354370336093, 14.505984088550672, 2.6730127983396748, 5.583931877082563, 2.6420867684822276, 15.500499807766245, 2.6652489745411216, 5.6674100031857275, 2.500731489741302, 15.712666666666669, 2.6323840073318827, 5.973576799140709, 2.684426719840479, 15.444509319559849, 2.652821910523167, 6.004617862896008, 2.6930954504906337, 15.382531194295899, 2.5953245850351965, 5.677139072847682, 2.6930693069306932, 15.27278431372549, 2.5982745098039217, 5.5091442763603515, 2.672544418370767, 15.326403326403327, 2.7073509015256585, 5.555555555555555, 2.622443080320894, 15.2389230042513, 2.7281609685395174, 5.099016059354866, 2.6650006247657125, 15.229035143769968, 2.6792787864761944, 5.540732243571361, 2.7076923076923074, 15.233756636755984, 2.6586072874493922, 5.9356611239825305, 2.7060160909418403, 15.253467843631778, 2.541664184882959, 5.623101604278075, 2.717598261900059, 15.24331714337111, 2.595458845789971, 5.696290110938804, 2.61669443327397, 15.19825789030516, 2.684268774703557, 5.906408277596753, 2.69623626935301, 14.180371352785144, 2.617250157391947, 5.57669356148806, 2.7015308174189685, 15.216785036595283, 2.730082053881175, 5.6, 2.7212069698257544, 15.32560447682399, 2.624071537226756, 5.644763012200836, 2.5650746819103816, 15.174358122695718, 2.6951299734748013, 5.330261780104712, 2.5295928643360663, 15.129614104007473, 2.6659707300302387, 5.576960600375234, 2.6404856065483306, 14.851353226925747, 2.475349067280235, 6.163384650473257, 2.6659278798685504, 14.107249266862167, 2.7653360086032057]",544.7356856661271,9.904745639181286,c:\git\RailwAI\VIDEO\20260611\ADTC Rastatt_00_20260611210128.mp4,2026-06-11 21:01:28,Lok
ADTC1_adz_raw_20260611_2112,2026-06-11 21:11:33.920,2026-06-11 21:11:43.997,"[Timestamp('2026-06-11 21:11:43.997000'), Timestamp('2026-06-11 21:11:44.107000'), Timestamp('2026-06-11 21:11:44.688000'), Timestamp('2026-06-11 21:11:44.805000'), Timestamp('2026-06-11 21:11:45.423000'), Timestamp('2026-06-11 21:11:45.549000'), Timestamp('2026-06-11 21:11:46.126000'), Timestamp('2026-06-11 21:11:46.234000')]","[0.11, 0.581, 0.117, 0.618, 0.126, 0.577, 0.108]","[35.8453500522466, 35.49286534361161, 35.426283753421295, 35.432073544433095, 35.44800523217789, 35.298411625549164, 35.11005322136343, 35.36211434618619]","[3.942988505747126, 20.621354764638344, 4.144875199150292, 21.897021450459654, 4.466448659254414, 20.367183507941867, 3.7918857479072505]",79.23175783509895,9.960331448373788,c:\git\RailwAI\VIDEO\20260611\ADTC Rastatt_00_20260611211144.mp4,2026-06-11 21:11:44,Trieb
ADTC1_adz_raw_20260611_2118,2026-06-11 21:17:23.085,2026-06-11 21:17:33.111,"[Timestamp('2026-06-11 21:17:33.111000'), Timestamp('2026-06-11 21:17:33.211000'), Timestamp('2026-06-11 21:17:34.003000'), Timestamp('2026-06-11 21:17:34.104000'), Timestamp('2026-06-11 21:17:34.422000'), Timestamp('2026-06-11 21:17:34.536000'), Timestamp('2026-06-11 21:17:35.313000'), Timestamp('2026-06-11 21:17:35.431000'), Timestamp('2026-06-11 21:17:35.738000'), Timestamp('2026-06-11 21:17:35.854000'), Timestamp('2026-06-11 21:17:36.630000'), Timestamp('2026-06-11 21:17:36.751000'), Timestamp('2026-06-11 21:17:37.054000'), Timestamp('2026-06-11 21:17:37.174000'), Timestamp('2026-06-11 21:17:37.950000'), Timestamp('2026-06-11 21:17:38.071000'), Timestamp('2026-06-11 21:17:38.389000'), Timestamp('2026-06-11 21:17:38.487000'), Timestamp('2026-06-11 21:17:39.281000'), Timestamp('2026-06-11 21:17:39.385000'), Timestamp('2026-06-11 21:17:39.699000'), Timestamp('2026-06-11 21:17:39.823000'), Timestamp('2026-06-11 21:17:40.601000'), Timestamp('2026-06-11 21:17:40.714000'), Timestamp('2026-06-11 21:17:41.032000'), Timestamp('2026-06-11 21:17:41.144000'), Timestamp('2026-06-11 21:17:41.926000'), Timestamp('2026-06-11 21:17:42.036000'), Timestamp('2026-06-11 21:17:42.353000'), Timestamp('2026-06-11 21:17:42.461000'), Timestamp('2026-06-11 21:17:43.257000'), Timestamp('2026-06-11 21:17:43.364000'), Timestamp('2026-06-11 21:17:43.674000'), Timestamp('2026-06-11 21:17:43.794000'), Timestamp('2026-06-11 21:17:44.578000'), Timestamp('2026-06-11 21:17:44.700000'), Timestamp('2026-06-11 21:17:45.009000'), Timestamp('2026-06-11 21:17:45.115000'), Timestamp('2026-06-11 21:17:45.910000'), Timestamp('2026-06-11 21:17:46.017000'), Timestamp('2026-06-11 21:17:46.333000'), Timestamp('2026-06-11 21:17:46.450000'), Timestamp('2026-06-11 21:17:47.238000'), Timestamp('2026-06-11 21:17:47.358000'), Timestamp('2026-06-11 21:17:47.672000'), Timestamp('2026-06-11 21:17:47.778000'), Timestamp('2026-06-11 21:17:48.573000'), Timestamp('2026-06-11 21:17:48.678000'), Timestamp('2026-06-11 21:17:49'), Timestamp('2026-06-11 21:17:49.108000'), Timestamp('2026-06-11 21:17:49.908000'), Timestamp('2026-06-11 21:17:50.010000')]","[0.1, 0.792, 0.101, 0.318, 0.114, 0.777, 0.118, 0.307, 0.116, 0.776, 0.121, 0.303, 0.12, 0.776, 0.121, 0.318, 0.098, 0.794, 0.104, 0.314, 0.124, 0.778, 0.113, 0.318, 0.112, 0.782, 0.11, 0.317, 0.108, 0.796, 0.107, 0.31, 0.12, 0.784, 0.122, 0.309, 0.106, 0.795, 0.107, 0.316, 0.117, 0.788, 0.12, 0.314, 0.106, 0.795, 0.105, 0.322, 0.108, 0.8, 0.102]","[34.81185621189826, 35.324675324675326, 35.074338289219284, 34.93172435693871, 34.913245873889124, 34.85503426462836, 35.14294892386765, 35.44172740276548, 34.97372193024367, 35.1034814695973, 34.47048812562853, 34.84584980237154, 35.04396482813749, 35.169082125603865, 34.846768030778144, 35.238967616789694, 34.78306531014112, 35.243715140247346, 34.90909090909091, 34.74527462170794, 35.18182916515646, 34.906556857776366, 35.324675324675326, 34.802674708273244, 34.92571670481154, 35.604395604395606, 34.81185621189826, 35.20309477756286, 35.18796992481202, 35.0132625994695, 35.0132625994695, 34.81185621189826, 34.92960722681529, 35.034167353558985, 34.67666354264293, 34.89989462592202, 34.80499691305319, 34.82086737900691, 34.79081472161057, 34.8599471101346, 35.11385401149181, 34.843791021265424, 34.971174697202095, 35.16882423595355, 35.20923520923521, 35.03974562798092, 34.43973815941471, 35.150060024009605, 34.82086737900691, 35.2, 34.49818714803672, 35.51219512195122]","[3.481185621189826, 27.97714285714286, 3.542508167211148, 11.10828834550651, 3.9801100296233605, 27.082361623616237, 4.146867973016382, 10.880610312649003, 4.056951743908266, 27.240301620407504, 4.170929063201052, 10.558292490118577, 4.205275779376499, 27.2912077294686, 4.216458931724155, 11.205991702139123, 3.40874040039383, 27.983509821356392, 3.6305454545454543, 10.910016231216295, 4.362546816479401, 27.157301235350012, 3.991688311688312, 11.067250557230892, 3.9116802709388927, 27.842637362637365, 3.8293041833088086, 11.159381044487427, 3.8003007518796985, 27.87055702917772, 3.746419098143236, 10.79167542568846, 4.191552867217835, 27.466787205190244, 4.230552952202437, 10.784067439409904, 3.689329672783638, 27.682589566310497, 3.7226171752123314, 11.015743286802532, 4.108320919344542, 27.456907324757157, 4.196540963664251, 11.043010810089415, 3.732178932178932, 27.856597774244833, 3.616172506738544, 11.318319327731093, 3.7606536769327463, 28.160000000000004, 3.5188150890997454]",592.158795474732,9.912679451967742,c:\git\RailwAI\VIDEO\20260611\ADTC Rastatt_00_20260611211734.mp4,2026-06-11 21:17:34,Trieb
ADTC1_adz_raw_20260611_2126,2026-06-11 21:24:40.288,2026-06-11 21:24:50.349,"[Timestamp('2026-06-11 21:24:50.349000'), Timestamp('2026-06-11 21:24:50.474000'), Timestamp('2026-06-11 21:24:50.840000'), Timestamp('2026-06-11 21:24:50.956000'), Timestamp('2026-06-11 21:24:51.198000'), Timestamp('2026-06-11 21:24:51.314000'), Timestamp('2026-06-11 21:24:52.143000'), Timestamp('2026-06-11 21:24:52.257000'), Timestamp('2026-06-11 21:24:52.455000'), Timestamp('2026-06-11 21:24:52.580000'), Timestamp('2026-06-11 21:24:53.408000'), Timestamp('2026-06-11 21:24:53.519000'), Timestamp('2026-06-11 21:24:53.716000'), Timestamp('2026-06-11 21:24:53.833000'), Timestamp('2026-06-11 21:24:54.664000'), Timestamp('2026-06-11 21:24:54.778000'), Timestamp('2026-06-11 21:24:54.980000'), Timestamp('2026-06-11 21:24:55.097000'), Timestamp('2026-06-11 21:24:55.923000'), Timestamp('2026-06-11 21:24:56.039000')]","[0.125, 0.366, 0.116, 0.242, 0.116, 0.829, 0.114, 0.198, 0.125, 0.828, 0.111, 0.197, 0.117, 0.831, 0.114, 0.202, 0.117, 0.826, 0.116]","[33.163094840341756, 34.5956054230949, 33.51612195656942, 33.983258984512055, 33.98240733779415, 33.86759581881533, 33.627797408716134, 33.45597610287422, 34.22731779240918, 33.69084707360022, 34.47937891723195, 33.922685046448905, 33.568075117370896, 33.76103241118446, 33.56684393911608, 33.46410309353479, 33.25781278095444, 34.26390125970225, 33.28366101043119, 34.111736638812445]","[4.1453868550427195, 12.661991584852734, 3.887870146962053, 8.223948674251917, 3.9419592511841217, 28.076236933797908, 3.833568904593639, 6.624283268369095, 4.278414724051148, 27.89602137694098, 3.8272110598127465, 6.6827689541504345, 3.927464788732395, 28.055417933694283, 3.8266202090592336, 6.759748824894028, 3.8911640953716695, 28.30198244051406, 3.860904677210018]",192.70296470348515,9.9545714072934,c:\git\RailwAI\VIDEO\20260611\ADTC Rastatt_00_20260611212451.mp4,2026-06-11 21:24:51,Lok
ADTC1_adz_raw_20260611_2144,2026-06-11 21:42:36.448,2026-06-11 21:42:46.472,"[Timestamp('2026-06-11 21:42:46.472000'), Timestamp('2026-06-11 21:42:46.589000'), Timestamp('2026-06-11 21:42:46.938000'), Timestamp('2026-06-11 21:42:47.052000'), Timestamp('2026-06-11 21:42:47.265000'), Timestamp('2026-06-11 21:42:47.343000'), Timestamp('2026-06-11 21:42:47.752000'), Timestamp('2026-06-11 21:42:47.827000'), Timestamp('2026-06-11 21:42:47.978000'), Timestamp('2026-06-11 21:42:48.055000'), Timestamp('2026-06-11 21:42:48.465000'), Timestamp('2026-06-11 21:42:48.538000'), Timestamp('2026-06-11 21:42:48.690000'), Timestamp('2026-06-11 21:42:48.768000'), Timestamp('2026-06-11 21:42:49.176000'), Timestamp('2026-06-11 21:42:49.256000'), Timestamp('2026-06-11 21:42:49.403000'), Timestamp('2026-06-11 21:42:49.478000'), Timestamp('2026-06-11 21:42:49.888000'), Timestamp('2026-06-11 21:42:49.963000'), Timestamp('2026-06-11 21:42:50.114000'), Timestamp('2026-06-11 21:42:50.190000'), Timestamp('2026-06-11 21:42:50.597000'), Timestamp('2026-06-11 21:42:50.674000'), Timestamp('2026-06-11 21:42:50.823000'), Timestamp('2026-06-11 21:42:50.902000'), Timestamp('2026-06-11 21:42:51.314000'), Timestamp('2026-06-11 21:42:51.386000'), Timestamp('2026-06-11 21:42:51.535000'), Timestamp('2026-06-11 21:42:51.614000'), Timestamp('2026-06-11 21:42:52.023000'), Timestamp('2026-06-11 21:42:52.097000'), Timestamp('2026-06-11 21:42:52.248000'), Timestamp('2026-06-11 21:42:52.323000'), Timestamp('2026-06-11 21:42:52.730000'), Timestamp('2026-06-11 21:42:52.807000'), Timestamp('2026-06-11 21:42:52.957000'), Timestamp('2026-06-11 21:42:53.034000'), Timestamp('2026-06-11 21:42:53.437000'), Timestamp('2026-06-11 21:42:53.518000'), Timestamp('2026-06-11 21:42:53.665000'), Timestamp('2026-06-11 21:42:53.743000'), Timestamp('2026-06-11 21:42:54.151000'), Timestamp('2026-06-11 21:42:54.228000'), Timestamp('2026-06-11 21:42:54.376000'), Timestamp('2026-06-11 21:42:54.455000'), Timestamp('2026-06-11 21:42:54.862000'), Timestamp('2026-06-11 21:42:54.936000'), Timestamp('2026-06-11 21:42:55.086000'), Timestamp('2026-06-11 21:42:55.167000'), Timestamp('2026-06-11 21:42:55.574000'), Timestamp('2026-06-11 21:42:55.648000'), Timestamp('2026-06-11 21:42:55.799000'), Timestamp('2026-06-11 21:42:55.876000'), Timestamp('2026-06-11 21:42:56.282000'), Timestamp('2026-06-11 21:42:56.358000'), Timestamp('2026-06-11 21:42:56.507000'), Timestamp('2026-06-11 21:42:56.586000'), Timestamp('2026-06-11 21:42:56.993000'), Timestamp('2026-06-11 21:42:57.068000'), Timestamp('2026-06-11 21:42:57.215000'), Timestamp('2026-06-11 21:42:57.294000'), Timestamp('2026-06-11 21:42:57.702000'), Timestamp('2026-06-11 21:42:57.777000'), Timestamp('2026-06-11 21:42:57.929000'), Timestamp('2026-06-11 21:42:58.005000'), Timestamp('2026-06-11 21:42:58.415000'), Timestamp('2026-06-11 21:42:58.490000'), Timestamp('2026-06-11 21:42:58.640000'), Timestamp('2026-06-11 21:42:58.715000'), Timestamp('2026-06-11 21:42:59.122000'), Timestamp('2026-06-11 21:42:59.201000'), Timestamp('2026-06-11 21:42:59.348000'), Timestamp('2026-06-11 21:42:59.426000'), Timestamp('2026-06-11 21:42:59.833000'), Timestamp('2026-06-11 21:42:59.910000'), Timestamp('2026-06-11 21:43:00.060000'), Timestamp('2026-06-11 21:43:00.136000'), Timestamp('2026-06-11 21:43:00.545000'), Timestamp('2026-06-11 21:43:00.618000'), Timestamp('2026-06-11 21:43:00.768000'), Timestamp('2026-06-11 21:43:00.845000'), Timestamp('2026-06-11 21:43:01.253000'), Timestamp('2026-06-11 21:43:01.328000')]","[0.117, 0.349, 0.114, 0.213, 0.078, 0.409, 0.075, 0.151, 0.077, 0.41, 0.073, 0.152, 0.078, 0.408, 0.08, 0.147, 0.075, 0.41, 0.075, 0.151, 0.076, 0.407, 0.077, 0.149, 0.079, 0.412, 0.072, 0.149, 0.079, 0.409, 0.074, 0.151, 0.075, 0.407, 0.077, 0.15, 0.077, 0.403, 0.081, 0.147, 0.078, 0.408, 0.077, 0.148, 0.079, 0.407, 0.074, 0.15, 0.081, 0.407, 0.074, 0.151, 0.077, 0.406, 0.076, 0.149, 0.079, 0.407, 0.075, 0.147, 0.079, 0.408, 0.075, 0.152, 0.076, 0.41, 0.075, 0.15, 0.075, 0.407, 0.079, 0.147, 0.078, 0.407, 0.077, 0.15, 0.076, 0.409, 0.073, 0.15, 0.077, 0.408, 0.075]","[35.68822553897181, 35.88797585108166, 36.09481674134592, 35.71113074204947, 35.17663481155374, 35.37363263755055, 35.822890559732656, 35.5045118949959, 35.18796992481202, 35.20309477756286, 34.96503496503496, 35.47265513150897, 34.8599471101346, 35.0930558335001, 34.82832956517167, 35.19505808097764, 35.006243524004354, 35.20309477756286, 34.67666354264293, 35.1627159501808, 34.47237345071238, 34.74579593116695, 34.38439398784777, 34.86514276674839, 33.886696940370726, 34.664931685100846, 34.97568924630039, 34.282222335387274, 34.29270032092099, 34.46716678655842, 33.871567824986975, 34.374122392708514, 33.939152517054225, 34.14499030544154, 34.16219484543874, 34.30446227602782, 33.85459126954717, 34.466516485766945, 34.405293122018776, 34.33172139656176, 33.67742880152281, 33.7970017203244, 33.939873417721515, 34.18906674720628, 33.65167310636436, 34.184261999097245, 33.84615384615384, 34.013402829486225, 33.77680043980209, 33.945409429280396, 33.5798404763922, 33.79702194357367, 33.703271028037385, 33.428899082568805, 33.20422159837959, 33.6034942975006, 33.2835502453595, 34.13863174531497, 33.02495093916456, 33.211717615387336, 33.46533227734178, 33.266708455051855, 33.46533227734178, 33.19431681628613, 33.048300286586354, 33.131624051208505, 33.194786896794646, 33.4738425898284, 32.97388412958644, 33.24880247957171, 33.282798011493846, 33.4738425898284, 32.83633483695465, 33.366829418232115, 32.28603828964045, 33.290942489755544, 32.88537549407115, 32.99139414802065, 33.23059680582796, 33.30832708177044, 33.14994080367713, 33.23145318143929, 32.759869612459255, 33.030690095626056]","[4.175522388059702, 12.5249035720275, 4.114809108513436, 7.606470848056537, 2.7437775153011916, 14.467815748758174, 2.6867167919799493, 5.361181296144381, 2.7094736842105256, 14.433268858800773, 2.552447552447552, 5.391843579989364, 2.719075874590499, 14.31796678006804, 2.786266365213734, 5.173673537903713, 2.6254682643003266, 14.433268858800773, 2.6007497656982195, 5.3095701084773, 2.619900382254141, 14.14153894398495, 2.6475983370642786, 5.19490627224551, 2.6770490582892874, 14.281951854261548, 2.518249625733628, 5.108051127972703, 2.7091233253527585, 14.097071215702394, 2.506496019049036, 5.190492481298985, 2.545436438779067, 13.897011054314705, 2.630489003098783, 5.145669341404173, 2.6068035277551322, 13.89000614376408, 2.786828742883521, 5.046763045294578, 2.626839446518779, 13.789176701892355, 2.6133702531645566, 5.059981878586529, 2.6584821754027845, 13.912994633632579, 2.504615384615384, 5.102010424422933, 2.7359208356239693, 13.81578163771712, 2.4849081952530225, 5.103350313479623, 2.5951518691588786, 13.572133027522936, 2.5235208414768486, 5.00692065032759, 2.6294004693834006, 13.894423120343191, 2.476871320437342, 4.882122489461938, 2.6437612499100007, 13.572817049661156, 2.5098999208006334, 5.045536156075492, 2.511670821780563, 13.583965860995486, 2.4896090172595984, 5.02107638847426, 2.4730413097189827, 13.532262609185684, 2.6293410429080137, 4.920654860704775, 2.5612341172824626, 13.58029957322047, 2.486024948302315, 4.993641373463332, 2.499288537549407, 13.493480206540447, 2.4258335668254407, 4.996249062265567, 2.5525454418831393, 13.558432898027231, 2.456990220934444]",507.50133834203575,9.921566797305925,c:\git\RailwAI\VIDEO\20260611\ADTC Rastatt_00_20260611214247.mp4,2026-06-11 21:42:47,Lok
ADTC1_adz_raw_20260611_2149,2026-06-11 21:48:11.206,2026-06-11 21:48:21.272,"[Timestamp('2026-06-11 21:48:21.272000'), Timestamp('2026-06-11 21:48:21.394000'), Timestamp('2026-06-11 21:48:22.042000'), Timestamp('2026-06-11 21:48:22.165000'), Timestamp('2026-06-11 21:48:22.846000'), Timestamp('2026-06-11 21:48:22.974000'), Timestamp('2026-06-11 21:48:23.651000'), Timestamp('2026-06-11 21:48:23.776000'), Timestamp('2026-06-11 21:48:24.455000'), Timestamp('2026-06-11 21:48:24.582000'), Timestamp('2026-06-11 21:48:25.263000'), Timestamp('2026-06-11 21:48:25.390000'), Timestamp('2026-06-11 21:48:26.071000'), Timestamp('2026-06-11 21:48:26.196000'), Timestamp('2026-06-11 21:48:26.877000'), Timestamp('2026-06-11 21:48:27.002000'), Timestamp('2026-06-11 21:48:27.685000'), Timestamp('2026-06-11 21:48:27.813000'), Timestamp('2026-06-11 21:48:28.497000'), Timestamp('2026-06-11 21:48:28.620000'), Timestamp('2026-06-11 21:48:29.304000'), Timestamp('2026-06-11 21:48:29.429000'), Timestamp('2026-06-11 21:48:30.077000'), Timestamp('2026-06-11 21:48:30.201000'), Timestamp('2026-06-11 21:48:30.572000'), Timestamp('2026-06-11 21:48:30.698000'), Timestamp('2026-06-11 21:48:31.345000'), Timestamp('2026-06-11 21:48:31.474000'), Timestamp('2026-06-11 21:48:32.157000'), Timestamp('2026-06-11 21:48:32.282000'), Timestamp('2026-06-11 21:48:32.965000'), Timestamp('2026-06-11 21:48:33.092000'), Timestamp('2026-06-11 21:48:33.783000'), Timestamp('2026-06-11 21:48:33.902000'), Timestamp('2026-06-11 21:48:34.588000'), Timestamp('2026-06-11 21:48:34.719000'), Timestamp('2026-06-11 21:48:35.405000'), Timestamp('2026-06-11 21:48:35.532000'), Timestamp('2026-06-11 21:48:36.215000'), Timestamp('2026-06-11 21:48:36.343000'), Timestamp('2026-06-11 21:48:37.028000'), Timestamp('2026-06-11 21:48:37.159000'), Timestamp('2026-06-11 21:48:37.837000'), Timestamp('2026-06-11 21:48:37.968000'), Timestamp('2026-06-11 21:48:38.657000'), Timestamp('2026-06-11 21:48:38.789000'), Timestamp('2026-06-11 21:48:39.435000'), Timestamp('2026-06-11 21:48:39.563000')]","[0.122, 0.648, 0.123, 0.681, 0.128, 0.677, 0.125, 0.679, 0.127, 0.681, 0.127, 0.681, 0.125, 0.681, 0.125, 0.683, 0.128, 0.684, 0.123, 0.684, 0.125, 0.648, 0.124, 0.371, 0.126, 0.647, 0.129, 0.683, 0.125, 0.683, 0.127, 0.691, 0.119, 0.686, 0.131, 0.686, 0.127, 0.683, 0.128, 0.685, 0.131, 0.678, 0.131, 0.689, 0.132, 0.646, 0.128]","[34.81963335304553, 34.6000987089903, 35.036496350364956, 34.78671865768639, 34.67330786382068, 35.100665757600055, 34.66833541927409, 35.04816724627253, 34.67330786382068, 34.72527472527472, 34.71982420342175, 34.78671865768639, 34.6270829542205, 34.16759550106394, 33.92395579696572, 34.16413373860182, 33.802816901408455, 34.05325853155385, 34.6574913981858, 34.436915797729405, 34.679186228482, 34.47237345071238, 34.35595390524968, 33.81791118829075, 33.76687601997923, 34.115052611681676, 34.69366454441081, 33.96467014214454, 33.96467014214454, 33.993993993993996, 34.11604302378427, 34.19374430610385, 33.97752808988764, 33.76700177409816, 33.97752808988764, 34.39559030893475, 34.18906674720628, 34.3031226199543, 33.93722508014613, 34.33172139656176, 34.37440269123437, 34.42799323735847, 34.270523450851314, 33.68503417162838, 34.16671925285543, 33.96690213410471, 34.98514557338087, 33.56643356643356]","[4.247995269071555, 22.420863963425717, 4.309489051094889, 23.689755405884437, 4.438183406569047, 23.76315071789524, 4.333541927409261, 23.797705560219047, 4.403510098705227, 23.647912087912086, 4.409417673834563, 23.689755405884437, 4.328385369277562, 23.268132536224545, 4.240494474620715, 23.334103343465046, 4.326760563380282, 23.292428835582836, 4.262871441976853, 23.554850405646913, 4.33489827856025, 22.338097996061624, 4.26013828425096, 12.54644505085587, 4.254626378517383, 22.072439039758045, 4.475482726228995, 23.197869707084724, 4.245583767768068, 23.217897897897902, 4.332737464020602, 23.62787731551776, 4.043325842696629, 23.16416321703134, 4.451056179775281, 23.59537495192924, 4.342011476895198, 23.42903274942879, 4.343964810258704, 23.51722915664481, 4.503046752551703, 23.342179414929046, 4.489438572061522, 23.20898854425195, 4.510006941376917, 21.94261877863164, 4.478098633392752]",628.0239374664579,9.954116734731972,c:\git\RailwAI\VIDEO\20260611\ADTC Rastatt_00_20260611214822.mp4,2026-06-11 21:48:22,Trieb
ADTC1_adz_raw_20260611_2215,2026-06-11 22:14:20.006,2026-06-11 22:14:30.078,"[Timestamp('2026-06-11 22:14:30.078000'), Timestamp('2026-06-11 22:14:30.187000'), Timestamp('2026-06-11 22:14:30.969000'), Timestamp('2026-06-11 22:14:31.077000'), Timestamp('2026-06-11 22:14:31.393000'), Timestamp('2026-06-11 22:14:31.508000'), Timestamp('2026-06-11 22:14:32.285000'), Timestamp('2026-06-11 22:14:32.402000'), Timestamp('2026-06-11 22:14:32.708000'), Timestamp('2026-06-11 22:14:32.826000'), Timestamp('2026-06-11 22:14:33.608000'), Timestamp('2026-06-11 22:14:33.723000'), Timestamp('2026-06-11 22:14:34.033000'), Timestamp('2026-06-11 22:14:34.140000'), Timestamp('2026-06-11 22:14:34.930000'), Timestamp('2026-06-11 22:14:35.035000'), Timestamp('2026-06-11 22:14:35.351000'), Timestamp('2026-06-11 22:14:35.466000'), Timestamp('2026-06-11 22:14:36.244000'), Timestamp('2026-06-11 22:14:36.360000'), Timestamp('2026-06-11 22:14:36.664000'), Timestamp('2026-06-11 22:14:36.783000'), Timestamp('2026-06-11 22:14:37.560000'), Timestamp('2026-06-11 22:14:37.678000'), Timestamp('2026-06-11 22:14:37.992000'), Timestamp('2026-06-11 22:14:38.098000'), Timestamp('2026-06-11 22:14:38.891000'), Timestamp('2026-06-11 22:14:38.994000'), Timestamp('2026-06-11 22:14:39.303000'), Timestamp('2026-06-11 22:14:39.423000'), Timestamp('2026-06-11 22:14:40.201000'), Timestamp('2026-06-11 22:14:40.314000'), Timestamp('2026-06-11 22:14:40.631000'), Timestamp('2026-06-11 22:14:40.737000'), Timestamp('2026-06-11 22:14:41.520000'), Timestamp('2026-06-11 22:14:41.625000'), Timestamp('2026-06-11 22:14:41.943000'), Timestamp('2026-06-11 22:14:42.054000'), Timestamp('2026-06-11 22:14:42.832000'), Timestamp('2026-06-11 22:14:42.948000'), Timestamp('2026-06-11 22:14:43.261000'), Timestamp('2026-06-11 22:14:43.369000'), Timestamp('2026-06-11 22:14:44.155000'), Timestamp('2026-06-11 22:14:44.258000'), Timestamp('2026-06-11 22:14:44.580000'), Timestamp('2026-06-11 22:14:44.684000'), Timestamp('2026-06-11 22:14:45.468000'), Timestamp('2026-06-11 22:14:45.571000')]","[0.109, 0.782, 0.108, 0.316, 0.115, 0.777, 0.117, 0.306, 0.118, 0.782, 0.115, 0.31, 0.107, 0.79, 0.105, 0.316, 0.115, 0.778, 0.116, 0.304, 0.119, 0.777, 0.118, 0.314, 0.106, 0.793, 0.103, 0.309, 0.12, 0.778, 0.113, 0.317, 0.106, 0.783, 0.105, 0.318, 0.111, 0.778, 0.116, 0.313, 0.108, 0.786, 0.103, 0.322, 0.104, 0.784, 0.103]","[34.92571670481154, 35.16672257631667, 35.066389377699565, 34.913245873889124, 34.955312810327705, 34.85503426462836, 34.846768030778144, 35.03696303696303, 34.78306531014112, 34.97372193024367, 34.6574913981858, 35.03696303696303, 35.169082125603865, 35.10160427807486, 34.91093743801325, 34.47048812562853, 34.543548324467054, 34.86514276674839, 35.29602595296025, 34.76074487310442, 34.99229829500186, 34.679186228482, 34.60818956557888, 34.906556857776366, 34.94652123265911, 35.14294892386765, 34.848484848484844, 34.82916076208471, 34.76074487310442, 35.174021380917935, 34.91761723700887, 35.59934318555008, 35.37492379597643, 35.18835616438356, 35.00357341380132, 34.732724902216425, 34.78806907378336, 35.28512213771178, 35.16882423595355, 35.09949652361544, 35.54246440844379, 35.243518456488246, 34.897637795275585, 35.05925395689175, 35.26383526383526, 35.15500159795462, 35.571054925893634, 35.196422868093265]","[3.806903120824458, 27.50037705467964, 3.787170052791553, 11.032585696148963, 4.019860973187686, 27.082361623616237, 4.077071859601043, 10.721310689310688, 4.104401706596652, 27.34945054945055, 3.985611510791367, 10.86145854145854, 3.7630917874396133, 27.73026737967914, 3.665648430991391, 10.892674247698615, 3.9725080573137115, 27.12508107253025, 4.094339010543389, 10.567266441423744, 4.164083497105221, 26.94572769953052, 4.083766368738308, 10.960658853341778, 3.7043312506618653, 27.868358496627046, 3.589393939393939, 10.762210675484177, 4.17128938477253, 27.365388634354154, 3.9456907477820025, 11.284991789819376, 3.7497419223735013, 27.552482876712332, 3.6753752084491382, 11.045006518904824, 3.861475667189953, 27.451825023139765, 4.079583611370612, 10.986142411891633, 3.8385861561119294, 27.701405506799762, 3.594456692913385, 11.289079774119145, 3.667438867438867, 27.561521252796425, 3.663818657367044]",542.7032712912666,9.959081381482465,c:\git\RailwAI\VIDEO\20260611\ADTC Rastatt_00_20260611221431.mp4,2026-06-11 22:14:31,Trieb
ADTC1_adz_raw_20260611_2219,2026-06-11 22:17:42.445,2026-06-11 22:17:52.493,"[Timestamp('2026-06-11 22:17:52.493000'), Timestamp('2026-06-11 22:17:52.599000'), Timestamp('2026-06-11 22:17:53.186000'), Timestamp('2026-06-11 22:17:53.305000'), Timestamp('2026-06-11 22:17:53.928000'), Timestamp('2026-06-11 22:17:54.051000'), Timestamp('2026-06-11 22:17:54.641000'), Timestamp('2026-06-11 22:17:54.745000')]","[0.106, 0.587, 0.119, 0.623, 0.123, 0.59, 0.104]","[34.99229829500186, 35.036496350364956, 35.11005322136343, 35.10160427807486, 35.18796992481202, 35.62753036437246, 34.97557867912508, 35.053304904051174]","[3.709183619270197, 20.566423357664227, 4.178096333342248, 21.868299465240636, 4.328120300751879, 21.02024291497975, 3.637460182629008]",79.30782617387794,9.933245492357935,c:\git\RailwAI\VIDEO\20260611\ADTC Rastatt_00_20260611221753.mp4,2026-06-11 22:17:53,Trieb
ADTC1_adz_raw_20260611_2233,2026-06-11 22:31:50.733,2026-06-11 22:32:00.785,"[Timestamp('2026-06-11 22:32:00.785000'), Timestamp('2026-06-11 22:32:00.897000'), Timestamp('2026-06-11 22:32:01.258000'), Timestamp('2026-06-11 22:32:01.370000'), Timestamp('2026-06-11 22:32:01.604000'), Timestamp('2026-06-11 22:32:01.718000'), Timestamp('2026-06-11 22:32:02.514000'), Timestamp('2026-06-11 22:32:02.625000'), Timestamp('2026-06-11 22:32:02.816000'), Timestamp('2026-06-11 22:32:02.930000'), Timestamp('2026-06-11 22:32:03.721000'), Timestamp('2026-06-11 22:32:03.838000'), Timestamp('2026-06-11 22:32:04.034000'), Timestamp('2026-06-11 22:32:04.143000'), Timestamp('2026-06-11 22:32:04.935000'), Timestamp('2026-06-11 22:32:05.050000'), Timestamp('2026-06-11 22:32:05.243000'), Timestamp('2026-06-11 22:32:05.356000'), Timestamp('2026-06-11 22:32:06.153000'), Timestamp('2026-06-11 22:32:06.261000')]","[0.112, 0.361, 0.112, 0.234, 0.114, 0.796, 0.111, 0.191, 0.114, 0.791, 0.117, 0.196, 0.109, 0.792, 0.115, 0.193, 0.113, 0.797, 0.108]","[34.97279362972793, 35.04069697736688, 34.65703971119133, 34.66426811622541, 34.66426811622541, 34.955312810327705, 34.53416149068323, 34.91093743801325, 34.65884652981427, 34.47937891723195, 34.54846727423364, 34.7334537175159, 34.475822050290134, 34.34803758416754, 34.81185621189826, 34.711779448621556, 34.46716678655842, 34.564070741545144, 34.267454540843495, 33.75185368264953]","[3.916952886529528, 12.649691608829443, 3.8815884476534293, 8.111438739196746, 3.9517265652496967, 27.824428997020853, 3.8332919254658386, 6.66798905066053, 3.9511085043988268, 27.27318872353047, 4.042170671085335, 6.8077569286331165, 3.7578646034816248, 27.203645766660696, 4.0033634643683, 6.69937343358396, 3.894789846881102, 27.547564381011483, 3.7008850904110973]",189.71881963465208,9.939830811390443,c:\git\RailwAI\VIDEO\20260611\ADTC Rastatt_00_20260611223202.mp4,2026-06-11 22:32:02,Lok
ADTC1_adz_raw_20260611_2256,2026-06-11 22:55:12.026,2026-06-11 22:55:22.075,"[Timestamp('2026-06-11 22:55:22.075000'), Timestamp('2026-06-11 22:55:22.182000'), Timestamp('2026-06-11 22:55:23.005000'), Timestamp('2026-06-11 22:55:23.126000'), Timestamp('2026-06-11 22:55:23.954000'), Timestamp('2026-06-11 22:55:24.073000'), Timestamp('2026-06-11 22:55:24.898000'), Timestamp('2026-06-11 22:55:25.011000')]","[0.107, 0.823, 0.121, 0.828, 0.119, 0.825, 0.113]","[33.62532204637468, 33.105022831050235, 33.39382940108893, 33.2183908045977, 33.343383301776434, 33.33494092114782, 33.5251097025841, 33.627797408716134]","[3.5979094589620906, 27.24543378995434, 4.0406533575317605, 27.504827586206897, 3.9678626129113956, 27.50132625994695, 3.788337396392004]",97.64635046190544,9.92997091802338,c:\git\RailwAI\VIDEO\20260611\ADTC Rastatt_00_20260611225523.mp4,2026-06-11 22:55:23,Trieb
ADTC1_adz_raw_20260611_2313,2026-06-11 23:12:30.042,2026-06-11 23:12:40.146,"[Timestamp('2026-06-11 23:12:40.146000'), Timestamp('2026-06-11 23:12:40.599000'), Timestamp('2026-06-11 23:12:41.033000'), Timestamp('2026-06-11 23:12:41.483000')]","[0.453, 0.434, 0.45]","[35.44894219556888, 35.3767950890253, 35.100782641766244, 40.63893971613668]","[16.058370814592703, 15.35352906863698, 15.79535218879481]",47.207252072024495,9.884209293043224,c:\git\RailwAI\VIDEO\20260611\ADTC Rastatt_00_20260611231241.mp4,2026-06-11 23:12:41,Trieb
ADTC1_adz_raw_20260611_2319,2026-06-11 23:16:30.278,2026-06-11 23:16:40.301,"[Timestamp('2026-06-11 23:16:40.301000'), Timestamp('2026-06-11 23:16:40.438000'), Timestamp('2026-06-11 23:16:40.740000'), Timestamp('2026-06-11 23:16:40.878000'), Timestamp('2026-06-11 23:16:41.118000'), Timestamp('2026-06-11 23:16:41.196000'), Timestamp('2026-06-11 23:16:41.647000'), Timestamp('2026-06-11 23:16:41.721000'), Timestamp('2026-06-11 23:16:41.903000'), Timestamp('2026-06-11 23:16:41.982000'), Timestamp('2026-06-11 23:16:42.418000'), Timestamp('2026-06-11 23:16:42.496000'), Timestamp('2026-06-11 23:16:42.674000'), Timestamp('2026-06-11 23:16:42.755000'), Timestamp('2026-06-11 23:16:43.204000'), Timestamp('2026-06-11 23:16:43.284000'), Timestamp('2026-06-11 23:16:43.450000'), Timestamp('2026-06-11 23:16:43.528000'), Timestamp('2026-06-11 23:16:44.063000'), Timestamp('2026-06-11 23:16:44.214000'), Timestamp('2026-06-11 23:16:44.299000'), Timestamp('2026-06-11 23:16:44.748000'), Timestamp('2026-06-11 23:16:44.829000'), Timestamp('2026-06-11 23:16:44.995000'), Timestamp('2026-06-11 23:16:45.078000'), Timestamp('2026-06-11 23:16:45.527000'), Timestamp('2026-06-11 23:16:45.607000'), Timestamp('2026-06-11 23:16:45.785000'), Timestamp('2026-06-11 23:16:45.864000'), Timestamp('2026-06-11 23:16:46.317000'), Timestamp('2026-06-11 23:16:46.396000'), Timestamp('2026-06-11 23:16:46.570000'), Timestamp('2026-06-11 23:16:46.651000'), Timestamp('2026-06-11 23:16:47.102000'), Timestamp('2026-06-11 23:16:47.187000'), Timestamp('2026-06-11 23:16:47.363000'), Timestamp('2026-06-11 23:16:47.445000'), Timestamp('2026-06-11 23:16:47.883000'), Timestamp('2026-06-11 23:16:47.960000'), Timestamp('2026-06-11 23:16:48.127000'), Timestamp('2026-06-11 23:16:48.208000'), Timestamp('2026-06-11 23:16:48.662000'), Timestamp('2026-06-11 23:16:48.739000'), Timestamp('2026-06-11 23:16:48.907000'), Timestamp('2026-06-11 23:16:48.986000'), Timestamp('2026-06-11 23:16:49.426000'), Timestamp('2026-06-11 23:16:49.505000'), Timestamp('2026-06-11 23:16:49.684000'), Timestamp('2026-06-11 23:16:49.762000'), Timestamp('2026-06-11 23:16:50.188000'), Timestamp('2026-06-11 23:16:50.267000'), Timestamp('2026-06-11 23:16:50.446000'), Timestamp('2026-06-11 23:16:50.522000'), Timestamp('2026-06-11 23:16:50.950000'), Timestamp('2026-06-11 23:16:51.028000'), Timestamp('2026-06-11 23:16:51.197000'), Timestamp('2026-06-11 23:16:51.277000'), Timestamp('2026-06-11 23:16:51.732000'), Timestamp('2026-06-11 23:16:51.811000'), Timestamp('2026-06-11 23:16:51.979000'), Timestamp('2026-06-11 23:16:52.056000'), Timestamp('2026-06-11 23:16:52.515000'), Timestamp('2026-06-11 23:16:52.592000'), Timestamp('2026-06-11 23:16:52.773000'), Timestamp('2026-06-11 23:16:52.853000'), Timestamp('2026-06-11 23:16:53.307000'), Timestamp('2026-06-11 23:16:53.386000'), Timestamp('2026-06-11 23:16:53.566000'), Timestamp('2026-06-11 23:16:53.644000'), Timestamp('2026-06-11 23:16:54.085000'), Timestamp('2026-06-11 23:16:54.164000'), Timestamp('2026-06-11 23:16:54.332000'), Timestamp('2026-06-11 23:16:54.411000'), Timestamp('2026-06-11 23:16:54.867000'), Timestamp('2026-06-11 23:16:54.947000'), Timestamp('2026-06-11 23:16:55.115000'), Timestamp('2026-06-11 23:16:55.193000'), Timestamp('2026-06-11 23:16:55.623000'), Timestamp('2026-06-11 23:16:55.701000'), Timestamp('2026-06-11 23:16:55.879000'), Timestamp('2026-06-11 23:16:55.962000'), Timestamp('2026-06-11 23:16:56.419000'), Timestamp('2026-06-11 23:16:56.499000')]","[0.137, 0.302, 0.138, 0.24, 0.078, 0.451, 0.074, 0.182, 0.079, 0.436, 0.078, 0.178, 0.081, 0.449, 0.08, 0.166, 0.078, 0.535, 0.151, 0.085, 0.449, 0.081, 0.166, 0.083, 0.449, 0.08, 0.178, 0.079, 0.453, 0.079, 0.174, 0.081, 0.451, 0.085, 0.176, 0.082, 0.438, 0.077, 0.167, 0.081, 0.454, 0.077, 0.168, 0.079, 0.44, 0.079, 0.179, 0.078, 0.426, 0.079, 0.179, 0.076, 0.428, 0.078, 0.169, 0.08, 0.455, 0.079, 0.168, 0.077, 0.459, 0.077, 0.181, 0.08, 0.454, 0.079, 0.18, 0.078, 0.441, 0.079, 0.168, 0.079, 0.456, 0.08, 0.168, 0.078, 0.43, 0.078, 0.178, 0.083, 0.457, 0.08]","[34.913245873889124, 34.29271279853032, 34.301464958399265, 34.59740259740259, 34.111736638812445, 33.68462523392101, 34.48346894633845, 34.347158218125955, 34.006269592476485, 34.301464958399265, 33.45454545454545, 33.99518652226233, 33.81791118829075, 34.15053328615478, 33.75444137386498, 33.95660433956604, 33.60621685687055, 34.08541498791297, 33.5812133072407, 34.35595390524968, 33.84477878742737, 33.86327503974563, 33.347807207989575, 33.607520564042304, 33.33333333333333, 33.75444137386498, 33.32773713874565, 33.647058823529406, 33.19707196501568, 33.530140680807634, 33.19604808951315, 33.43653250773993, 32.933683027351066, 33.33333333333333, 33.32773713874565, 33.4282817554193, 32.72727272727273, 33.13092979127134, 33.167401507609156, 33.13092979127134, 32.902050539492734, 33.18181818181818, 32.86904178623924, 32.83693224125093, 32.45454545454545, 32.77777777777777, 32.97752808988764, 32.54888507718696, 32.281205164992826, 32.76903916232298, 32.370985203897504, 32.455902306648575, 32.19251336898395, 32.70145447025573, 32.368279086495235, 32.59056732740943, 32.23560910307898, 32.30169749630492, 32.50845165652468, 32.48446503219975, 32.467532467532465, 32.23560910307898, 32.26324237560192, 32.368597629165734, 32.41637026698482, 32.383001613770844, 31.812865497076018, 32.1787115218403, 31.83821623023075, 32.29946524064171, 31.98603991711201, 32.13530655391121, 31.86393613328705, 31.896103896103895, 31.7593984962406, 31.906310995445672, 31.60443481585319, 31.7706315381635, 31.956974323386536, 31.703551209469893, 31.80375675443863, 31.68147641831852, 31.658771799392483, 31.49206349206349]","[4.78311468472281, 10.356399265156156, 4.733602164259099, 8.303376623376622, 2.660715457827371, 15.191765980498376, 2.551776702029045, 6.251182795698924, 2.6864952978056422, 14.95543872186208, 2.6094545454545455, 6.051143200962694, 2.739250806251551, 15.333589445483497, 2.7003553099091984, 5.636796320367963, 2.621284914835903, 18.23569701853344, 5.070763209393346, 2.920256081946223, 15.19630567555489, 2.742925278219396, 5.535735996526269, 2.7894242068155113, 14.966666666666665, 2.7003553099091984, 5.9323372106967245, 2.6581176470588233, 15.038273600152104, 2.648881113783803, 5.776112367575287, 2.7083591331269345, 14.853091045335331, 2.833333333333333, 5.8656817364192335, 2.7411191039443827, 14.334545454545454, 2.5510815939278935, 5.53895605177073, 2.6836053130929787, 14.937530944929701, 2.5549999999999997, 5.521999020088192, 2.594117647058823, 14.28, 2.5894444444444438, 5.902977528089887, 2.5388130360205827, 13.751793400286944, 2.588754093823516, 5.794406351497653, 2.4666485753052916, 13.778395721925131, 2.550713448679947, 5.470239165617695, 2.6072453861927545, 14.667202141900935, 2.5518341022080886, 5.461419878296146, 2.5013038074793807, 14.902597402597403, 2.4821419009370813, 5.839646869983947, 2.589487810333259, 14.717032101211108, 2.558257127487897, 5.726315789473683, 2.5099394987035435, 14.040653357531761, 2.551657754010695, 5.373654706074818, 2.5386892177589853, 14.529954876778897, 2.5516883116883116, 5.335578947368421, 2.4886922576447623, 13.589906970816871, 2.478109259976753, 5.688341429562803, 2.631394750386001, 14.534316836778455, 2.5345181134654817]",533.7897803692454,9.911548711756833,c:\git\RailwAI\VIDEO\20260611\ADTC Rastatt_00_20260611231641.mp4,2026-06-11 23:16:41,Lok
ADTC1_adz_raw_20260611_2331,2026-06-11 23:30:32.800,2026-06-11 23:30:42.829,"[Timestamp('2026-06-11 23:30:42.829000'), Timestamp('2026-06-11 23:30:42.944000'), Timestamp('2026-06-11 23:30:43.663000'), Timestamp('2026-06-11 23:30:43.776000'), Timestamp('2026-06-11 23:30:43.978000'), Timestamp('2026-06-11 23:30:44.096000'), Timestamp('2026-06-11 23:30:44.835000'), Timestamp('2026-06-11 23:30:44.947000'), Timestamp('2026-06-11 23:30:45.154000'), Timestamp('2026-06-11 23:30:45.263000'), Timestamp('2026-06-11 23:30:46.005000'), Timestamp('2026-06-11 23:30:46.118000'), Timestamp('2026-06-11 23:30:46.323000'), Timestamp('2026-06-11 23:30:46.435000'), Timestamp('2026-06-11 23:30:47.159000'), Timestamp('2026-06-11 23:30:47.271000')]","[0.115, 0.719, 0.113, 0.202, 0.118, 0.739, 0.112, 0.207, 0.109, 0.742, 0.113, 0.205, 0.112, 0.724, 0.112]","[34.65884652981427, 35.360195360195355, 35.428695936376506, 35.36499321573948, 35.44800523217789, 35.360195360195355, 35.04069697736688, 35.059378623695466, 35.11005322136343, 35.04816724627253, 34.978364172130924, 35.059378623695466, 35.18182916515646, 35.45525164561102, 34.8596283115856, 35.24475524475524]","[3.9857673509286413, 25.42398046398046, 4.003442640810546, 7.143728629579376, 4.182864617396991, 26.131184371184368, 3.9245580614650906, 7.257291375104961, 3.826995801128614, 26.005740096734215, 3.9525551514507944, 7.18717261785757, 3.9403648664975233, 25.669602191422378, 3.9042783708975874]",156.53952660643913,9.917279877195716,c:\git\RailwAI\VIDEO\20260611\ADTC Rastatt_00_20260611233043.mp4,2026-06-11 23:30:43,Trieb
ADTC1_adz_raw_20260611_2335,2026-06-11 23:33:45.824,2026-06-11 23:33:55.864,"[Timestamp('2026-06-11 23:33:55.864000'), Timestamp('2026-06-11 23:33:56'), Timestamp('2026-06-11 23:33:56.298000'), Timestamp('2026-06-11 23:33:56.435000')]","[0.136, 0.298, 0.137]","[34.72890935733724, 34.53416149068323, 35.19505808097764, 34.66110531803962]","[4.723131672597865, 10.291180124223603, 4.821722957093937]",19.836034753915403,9.934632994499957,c:\git\RailwAI\VIDEO\20260611\ADTC Rastatt_00_20260611233356.mp4,2026-06-11 23:33:56,Lok
ADTC1_adz_raw_20260611_2342,2026-06-11 23:40:51.379,2026-06-11 23:41:01.473,"[Timestamp('2026-06-11 23:41:01.473000'), Timestamp('2026-06-11 23:41:01.579000'), Timestamp('2026-06-11 23:41:02.162000'), Timestamp('2026-06-11 23:41:02.284000'), Timestamp('2026-06-11 23:41:02.904000'), Timestamp('2026-06-11 23:41:03.023000'), Timestamp('2026-06-11 23:41:03.603000'), Timestamp('2026-06-11 23:41:03.711000')]","[0.106, 0.583, 0.122, 0.62, 0.119, 0.58, 0.108]","[34.846768030778144, 34.97279362972793, 34.78671865768639, 34.78443522554219, 34.91093743801325, 34.6574913981858, 34.78306531014112, 34.5956054230949]","[3.693757411262483, 20.389138686131382, 4.24397967623774, 21.566349839836157, 4.1544015551235765, 20.10134501094776, 3.756571053495241]",77.90554323303434,9.986098699235429,c:\git\RailwAI\VIDEO\20260611\ADTC Rastatt_00_20260611234102.mp4,2026-06-11 23:41:02,Trieb
ADTC1_adz_raw_20260611_2345,2026-06-11 23:43:44.819,2026-06-11 23:43:54.889,"[Timestamp('2026-06-11 23:43:54.889000'), Timestamp('2026-06-11 23:43:54.996000'), Timestamp('2026-06-11 23:43:55.778000'), Timestamp('2026-06-11 23:43:55.881000'), Timestamp('2026-06-11 23:43:56.195000'), Timestamp('2026-06-11 23:43:56.309000'), Timestamp('2026-06-11 23:43:57.084000'), Timestamp('2026-06-11 23:43:57.194000'), Timestamp('2026-06-11 23:43:57.496000'), Timestamp('2026-06-11 23:43:57.616000'), Timestamp('2026-06-11 23:43:58.385000'), Timestamp('2026-06-11 23:43:58.499000'), Timestamp('2026-06-11 23:43:58.798000'), Timestamp('2026-06-11 23:43:58.913000'), Timestamp('2026-06-11 23:43:59.681000'), Timestamp('2026-06-11 23:43:59.795000'), Timestamp('2026-06-11 23:44:00.107000'), Timestamp('2026-06-11 23:44:00.210000'), Timestamp('2026-06-11 23:44:00.991000'), Timestamp('2026-06-11 23:44:01.095000'), Timestamp('2026-06-11 23:44:01.405000'), Timestamp('2026-06-11 23:44:01.519000'), Timestamp('2026-06-11 23:44:02.285000'), Timestamp('2026-06-11 23:44:02.402000'), Timestamp('2026-06-11 23:44:02.697000'), Timestamp('2026-06-11 23:44:02.816000'), Timestamp('2026-06-11 23:44:03.584000'), Timestamp('2026-06-11 23:44:03.697000'), Timestamp('2026-06-11 23:44:04.006000'), Timestamp('2026-06-11 23:44:04.111000'), Timestamp('2026-06-11 23:44:04.883000'), Timestamp('2026-06-11 23:44:04.988000'), Timestamp('2026-06-11 23:44:05.290000'), Timestamp('2026-06-11 23:44:05.416000'), Timestamp('2026-06-11 23:44:06.179000'), Timestamp('2026-06-11 23:44:06.294000'), Timestamp('2026-06-11 23:44:06.598000'), Timestamp('2026-06-11 23:44:06.702000'), Timestamp('2026-06-11 23:44:07.481000'), Timestamp('2026-06-11 23:44:07.585000'), Timestamp('2026-06-11 23:44:07.893000'), Timestamp('2026-06-11 23:44:08.008000'), Timestamp('2026-06-11 23:44:08.772000'), Timestamp('2026-06-11 23:44:08.887000'), Timestamp('2026-06-11 23:44:09.193000'), Timestamp('2026-06-11 23:44:09.292000'), Timestamp('2026-06-11 23:44:10.068000'), Timestamp('2026-06-11 23:44:10.173000'), Timestamp('2026-06-11 23:44:10.491000'), Timestamp('2026-06-11 23:44:10.589000'), Timestamp('2026-06-11 23:44:11.369000'), Timestamp('2026-06-11 23:44:11.469000')]","[0.107, 0.782, 0.103, 0.314, 0.114, 0.775, 0.11, 0.302, 0.12, 0.769, 0.114, 0.299, 0.115, 0.768, 0.114, 0.312, 0.103, 0.781, 0.104, 0.31, 0.114, 0.766, 0.117, 0.295, 0.119, 0.768, 0.113, 0.309, 0.105, 0.772, 0.105, 0.302, 0.126, 0.763, 0.115, 0.304, 0.104, 0.779, 0.104, 0.308, 0.115, 0.764, 0.115, 0.306, 0.099, 0.776, 0.105, 0.318, 0.098, 0.78, 0.1]","[35.04069697736688, 34.78443522554219, 35.18182916515646, 35.55604329277493, 35.689705211658854, 35.165306998711884, 34.73890851982725, 35.13448414291449, 34.452862710796104, 35.114748836462844, 35.17238602659938, 34.97372193024367, 35.006243524004354, 35.04816724627253, 34.66833541927409, 35.48995489954899, 35.12038523274478, 34.98207885304659, 34.72527472527472, 35.11005322136343, 35.07053500133085, 35.45525164561102, 35.432073544433095, 34.539958142779625, 34.53639598835328, 35.272227166086886, 34.99229829500186, 35.354584575537245, 35.324675324675326, 35.074338289219284, 34.56099456099456, 35.074338289219284, 34.92571670481154, 34.475822050290134, 34.79905437352245, 34.82832956517167, 35.26366871562601, 34.711779448621556, 34.752553024351926, 35.04816724627253, 34.543548324467054, 34.74579593116695, 34.87233482495394, 34.664931685100846, 34.91761723700887, 35.1468438538206, 34.235329887503795, 34.374122392708514, 34.57748118258711, 34.661991038379114, 34.09862448764051, 34.22059009750538]","[3.7493545765782557, 27.201428346373994, 3.623728404011115, 11.164597593931328, 4.06862639412911, 27.253112924001712, 3.8212799371809973, 10.610614211160176, 4.134343525295533, 27.003241855239928, 4.00965200703233, 10.457142857142857, 4.025718005260501, 26.9169924451373, 3.952190237797246, 11.072865928659285, 3.617399678972712, 27.321003584229384, 3.611428571428571, 10.884116498622664, 3.9980409901517175, 27.158722760538044, 4.145552604698672, 10.189287652119988, 4.10983112261404, 27.08907046355473, 3.9541297073352104, 10.924566633841009, 3.709090909090909, 27.07738915927729, 3.6289044289044283, 10.592450163344223, 4.400640304806254, 26.305052224371373, 4.001891252955082, 10.587812187812188, 3.6674215464251048, 27.04047619047619, 3.6142655145326, 10.794835511851938, 3.9725080573137115, 26.545788091411552, 4.010318504869703, 10.607469095640859, 3.4568441064638784, 27.273950830564786, 3.5947096381878985, 10.930970920881308, 3.3885931558935365, 27.03635300993571, 3.4098624487640508]",579.7156367708129,9.966279282213414,c:\git\RailwAI\VIDEO\20260611\ADTC Rastatt_00_20260611234356.mp4,2026-06-11 23:43:56,Trieb
