file,timestamp_raw,timestamp,timestamp_serie,delta_t,velocity,length,total_length,first_peak_raw,video,timestamp_video,train_type
ADTC1_adz_raw_20260614_0028,2026-06-14 00:27:35.274,2026-06-14 00:27:45.302,"[Timestamp('2026-06-14 00:27:45.302000'), Timestamp('2026-06-14 00:27:45.421000'), Timestamp('2026-06-14 00:27:46.164000'), Timestamp('2026-06-14 00:27:46.284000'), Timestamp('2026-06-14 00:27:46.493000'), Timestamp('2026-06-14 00:27:46.614000'), Timestamp('2026-06-14 00:27:47.389000'), Timestamp('2026-06-14 00:27:47.504000'), Timestamp('2026-06-14 00:27:47.715000'), Timestamp('2026-06-14 00:27:47.829000'), Timestamp('2026-06-14 00:27:48.599000'), Timestamp('2026-06-14 00:27:48.717000'), Timestamp('2026-06-14 00:27:48.931000'), Timestamp('2026-06-14 00:27:49.047000'), Timestamp('2026-06-14 00:27:49.797000'), Timestamp('2026-06-14 00:27:49.917000')]","[0.119, 0.743, 0.12, 0.209, 0.121, 0.775, 0.115, 0.211, 0.114, 0.77, 0.118, 0.214, 0.116, 0.75, 0.12]","[33.922685046448905, 34.103987884906616, 33.68462523392101, 34.0429812758573, 33.80323600520737, 34.10829231351761, 33.63027313553707, 33.875183590152105, 33.68462523392101, 33.748517200474495, 33.44988344988345, 34.06354199433784, 33.80658920976602, 33.69084707360022, 33.33695062398264, 34.16413373860182]","[4.03679952052742, 25.339262998485616, 4.042155028070521, 7.114983086654176, 4.090191556630091, 26.43392654297615, 3.867481410586763, 7.147663737522094, 3.8400472766669953, 25.986358244365363, 3.947086247086247, 7.289597986788298, 3.921564348332858, 25.26813530520016, 4.000434074877917]",156.3256873647707,9.91401695431946,c:\git\RailwAI\VIDEO\20260614\ADTC Rastatt_00_20260614002746.mp4,2026-06-14 00:27:46,Trieb
ADTC1_adz_raw_20260614_0055,2026-06-14 00:54:40.792,2026-06-14 00:54:50.829,"[Timestamp('2026-06-14 00:54:50.829000'), Timestamp('2026-06-14 00:54:50.938000'), Timestamp('2026-06-14 00:54:51.532000'), Timestamp('2026-06-14 00:54:51.647000'), Timestamp('2026-06-14 00:54:52.270000'), Timestamp('2026-06-14 00:54:52.392000'), Timestamp('2026-06-14 00:54:52.978000'), Timestamp('2026-06-14 00:54:53.087000')]","[0.109, 0.594, 0.115, 0.623, 0.122, 0.586, 0.109]","[34.80499691305319, 34.91093743801325, 35.490924994533124, 34.78306531014112, 35.16483516483516, 35.165306998711884, 34.90909090909091, 34.679186228482]","[3.7937446635227974, 20.73709683817987, 4.081456374371309, 21.669849688217916, 4.290109890109889, 20.60686990124516, 3.8050909090909086]",78.98421826473785,9.927652653298724,c:\git\RailwAI\VIDEO\20260614\ADTC Rastatt_00_20260614005451.mp4,2026-06-14 00:54:51,Trieb
ADTC1_adz_raw_20260614_0059,2026-06-14 00:58:00.365,2026-06-14 00:58:10.429,"[Timestamp('2026-06-14 00:58:10.429000'), Timestamp('2026-06-14 00:58:10.546000'), Timestamp('2026-06-14 00:58:10.898000'), Timestamp('2026-06-14 00:58:11.018000'), Timestamp('2026-06-14 00:58:11.282000'), Timestamp('2026-06-14 00:58:11.403000'), Timestamp('2026-06-14 00:58:11.756000'), Timestamp('2026-06-14 00:58:11.875000'), Timestamp('2026-06-14 00:58:12.087000'), Timestamp('2026-06-14 00:58:12.165000'), Timestamp('2026-06-14 00:58:12.498000'), Timestamp('2026-06-14 00:58:12.571000'), Timestamp('2026-06-14 00:58:12.726000'), Timestamp('2026-06-14 00:58:12.803000'), Timestamp('2026-06-14 00:58:13.133000'), Timestamp('2026-06-14 00:58:13.211000'), Timestamp('2026-06-14 00:58:13.363000'), Timestamp('2026-06-14 00:58:13.439000'), Timestamp('2026-06-14 00:58:13.771000'), Timestamp('2026-06-14 00:58:13.848000'), Timestamp('2026-06-14 00:58:14'), Timestamp('2026-06-14 00:58:14.077000'), Timestamp('2026-06-14 00:58:14.410000'), Timestamp('2026-06-14 00:58:14.489000'), Timestamp('2026-06-14 00:58:14.638000'), Timestamp('2026-06-14 00:58:14.716000'), Timestamp('2026-06-14 00:58:15.047000'), Timestamp('2026-06-14 00:58:15.122000'), Timestamp('2026-06-14 00:58:15.275000'), Timestamp('2026-06-14 00:58:15.352000'), Timestamp('2026-06-14 00:58:15.683000'), Timestamp('2026-06-14 00:58:15.759000'), Timestamp('2026-06-14 00:58:15.912000'), Timestamp('2026-06-14 00:58:15.988000'), Timestamp('2026-06-14 00:58:16.321000'), Timestamp('2026-06-14 00:58:16.396000'), Timestamp('2026-06-14 00:58:16.549000'), Timestamp('2026-06-14 00:58:16.626000'), Timestamp('2026-06-14 00:58:16.956000'), Timestamp('2026-06-14 00:58:17.033000'), Timestamp('2026-06-14 00:58:17.185000'), Timestamp('2026-06-14 00:58:17.264000'), Timestamp('2026-06-14 00:58:17.597000'), Timestamp('2026-06-14 00:58:17.674000'), Timestamp('2026-06-14 00:58:17.822000'), Timestamp('2026-06-14 00:58:17.901000'), Timestamp('2026-06-14 00:58:18.236000'), Timestamp('2026-06-14 00:58:18.311000'), Timestamp('2026-06-14 00:58:18.463000'), Timestamp('2026-06-14 00:58:18.540000'), Timestamp('2026-06-14 00:58:18.876000'), Timestamp('2026-06-14 00:58:18.950000'), Timestamp('2026-06-14 00:58:19.102000'), Timestamp('2026-06-14 00:58:19.179000'), Timestamp('2026-06-14 00:58:19.513000'), Timestamp('2026-06-14 00:58:19.593000'), Timestamp('2026-06-14 00:58:19.743000'), Timestamp('2026-06-14 00:58:19.819000'), Timestamp('2026-06-14 00:58:20.153000'), Timestamp('2026-06-14 00:58:20.228000'), Timestamp('2026-06-14 00:58:20.384000'), Timestamp('2026-06-14 00:58:20.459000'), Timestamp('2026-06-14 00:58:20.795000'), Timestamp('2026-06-14 00:58:20.873000'), Timestamp('2026-06-14 00:58:21.023000'), Timestamp('2026-06-14 00:58:21.102000'), Timestamp('2026-06-14 00:58:21.519000'), Timestamp('2026-06-14 00:58:21.747000'), Timestamp('2026-06-14 00:58:22.153000'), Timestamp('2026-06-14 00:58:22.297000'), Timestamp('2026-06-14 00:58:24.722000'), Timestamp('2026-06-14 00:58:24.869000'), Timestamp('2026-06-14 00:58:25.287000'), Timestamp('2026-06-14 00:58:25.367000'), Timestamp('2026-06-14 00:58:25.515000'), Timestamp('2026-06-14 00:58:25.593000'), Timestamp('2026-06-14 00:58:25.928000'), Timestamp('2026-06-14 00:58:26.009000'), Timestamp('2026-06-14 00:58:26.162000'), Timestamp('2026-06-14 00:58:26.239000'), Timestamp('2026-06-14 00:58:26.568000'), Timestamp('2026-06-14 00:58:26.653000'), Timestamp('2026-06-14 00:58:26.806000'), Timestamp('2026-06-14 00:58:26.884000'), Timestamp('2026-06-14 00:58:27.222000'), Timestamp('2026-06-14 00:58:27.300000')]","[0.117, 0.352, 0.12, 0.264, 0.121, 0.353, 0.119, 0.212, 0.078, 0.333, 0.073, 0.155, 0.077, 0.33, 0.078, 0.152, 0.076, 0.332, 0.077, 0.152, 0.077, 0.333, 0.079, 0.149, 0.078, 0.331, 0.075, 0.153, 0.077, 0.331, 0.076, 0.153, 0.076, 0.333, 0.075, 0.153, 0.077, 0.33, 0.077, 0.152, 0.079, 0.333, 0.077, 0.148, 0.079, 0.335, 0.075, 0.152, 0.077, 0.336, 0.074, 0.152, 0.077, 0.334, 0.08, 0.15, 0.076, 0.334, 0.075, 0.156, 0.075, 0.336, 0.078, 0.15, 0.079, 0.417, 0.228, 0.406, 0.144, 2.425, 0.147, 0.418, 0.08, 0.148, 0.078, 0.335, 0.081, 0.153, 0.077, 0.329, 0.085, 0.153, 0.078, 0.338, 0.078]","[nan, nan, nan, nan, nan, nan, nan, nan, nan, nan, nan, nan, nan, nan, nan, nan, nan, nan, nan, nan, nan, nan, nan, nan, nan, nan, nan, nan, nan, nan, nan, nan, nan, nan, nan, nan, nan, nan, nan, nan, nan, nan, nan, nan, nan, nan, nan, nan, nan, nan, nan, nan, nan, nan, nan, nan, nan, nan, nan, nan, nan, nan, nan, nan, nan, nan, nan, nan, nan, nan, nan, nan, nan, nan, nan, nan, nan, nan, nan, nan, nan, nan, nan, nan, nan, nan, nan, nan, nan, nan, nan, nan]","[nan, nan, nan, nan, nan, nan, nan, nan, nan, nan, nan, nan, nan, nan, nan, nan, nan, nan, nan, nan, nan, nan, nan, nan, nan, nan, nan, nan, nan, nan, nan, nan, nan, nan, nan, nan, nan, nan, nan, nan, nan, nan, nan, nan, nan, nan, nan, nan, nan, nan, nan, nan, nan, nan, nan, nan, nan, nan, nan, nan, nan, nan, nan, nan, nan, nan, nan, nan, nan, nan, nan, nan, nan, nan, nan, nan, nan, nan, nan, nan, nan, nan, nan, nan, nan]",,22.47611633363752,c:\git\RailwAI\VIDEO\20260614\ADTC Rastatt_00_20260614005811.mp4,2026-06-14 00:58:11,Lok
ADTC1_adz_raw_20260614_0157,2026-06-14 01:55:49.115,2026-06-14 01:55:59.144,"[Timestamp('2026-06-14 01:55:59.144000'), Timestamp('2026-06-14 01:55:59.251000'), Timestamp('2026-06-14 01:55:59.832000'), Timestamp('2026-06-14 01:55:59.954000'), Timestamp('2026-06-14 01:56:00.570000'), Timestamp('2026-06-14 01:56:00.697000'), Timestamp('2026-06-14 01:56:01.280000'), Timestamp('2026-06-14 01:56:01.383000')]","[0.107, 0.581, 0.122, 0.616, 0.127, 0.583, 0.103]","[35.053304904051174, 34.97557867912508, 34.98672331386086, 35.29411764705882, 34.8715785032435, 34.97279362972793, 34.78306531014112, 35.10160427807486]","[3.7507036247334757, 20.32081121257167, 4.268380244291024, 21.741176470588233, 4.428690469911924, 20.389138686131382, 3.582655726944535]",78.48155643517224,9.915628782530382,c:\git\RailwAI\VIDEO\20260614\ADTC Rastatt_00_20260614015559.mp4,2026-06-14 01:55:59,Trieb
ADTC1_adz_raw_20260614_0237,2026-06-14 02:35:44.822,2026-06-14 02:35:54.840,"[Timestamp('2026-06-14 02:35:54.840000'), Timestamp('2026-06-14 02:35:54.958000'), Timestamp('2026-06-14 02:35:55.310000'), Timestamp('2026-06-14 02:35:55.427000'), Timestamp('2026-06-14 02:35:55.648000'), Timestamp('2026-06-14 02:35:55.726000'), Timestamp('2026-06-14 02:35:56.268000'), Timestamp('2026-06-14 02:35:56.736000'), Timestamp('2026-06-14 02:35:56.985000'), Timestamp('2026-06-14 02:35:57.599000'), Timestamp('2026-06-14 02:35:58.066000'), Timestamp('2026-06-14 02:35:58.144000'), Timestamp('2026-06-14 02:35:58.393000'), Timestamp('2026-06-14 02:35:58.934000'), Timestamp('2026-06-14 02:35:59.472000'), Timestamp('2026-06-14 02:35:59.649000'), Timestamp('2026-06-14 02:35:59.726000'), Timestamp('2026-06-14 02:36:00.266000'), Timestamp('2026-06-14 02:36:00.807000'), Timestamp('2026-06-14 02:36:00.983000'), Timestamp('2026-06-14 02:36:01.058000'), Timestamp('2026-06-14 02:36:01.528000'), Timestamp('2026-06-14 02:36:02.316000'), Timestamp('2026-06-14 02:36:02.392000'), Timestamp('2026-06-14 02:36:02.859000'), Timestamp('2026-06-14 02:36:02.934000'), Timestamp('2026-06-14 02:36:03.402000'), Timestamp('2026-06-14 02:36:03.474000'), Timestamp('2026-06-14 02:36:03.652000'), Timestamp('2026-06-14 02:36:03.725000'), Timestamp('2026-06-14 02:36:04.189000'), Timestamp('2026-06-14 02:36:04.269000'), Timestamp('2026-06-14 02:36:04.808000'), Timestamp('2026-06-14 02:36:04.988000'), Timestamp('2026-06-14 02:36:05.067000'), Timestamp('2026-06-14 02:36:05.629000'), Timestamp('2026-06-14 02:36:05.706000'), Timestamp('2026-06-14 02:36:06.342000'), Timestamp('2026-06-14 02:36:06.532000'), Timestamp('2026-06-14 02:36:06.607000'), Timestamp('2026-06-14 02:36:07.172000'), Timestamp('2026-06-14 02:36:07.249000'), Timestamp('2026-06-14 02:36:07.886000'), Timestamp('2026-06-14 02:36:08.075000'), Timestamp('2026-06-14 02:36:08.149000'), Timestamp('2026-06-14 02:36:08.714000'), Timestamp('2026-06-14 02:36:08.790000'), Timestamp('2026-06-14 02:36:09.429000'), Timestamp('2026-06-14 02:36:09.609000'), Timestamp('2026-06-14 02:36:09.685000'), Timestamp('2026-06-14 02:36:10.150000'), Timestamp('2026-06-14 02:36:10.224000'), Timestamp('2026-06-14 02:36:10.695000'), Timestamp('2026-06-14 02:36:10.767000'), Timestamp('2026-06-14 02:36:11.020000'), Timestamp('2026-06-14 02:36:11.560000'), Timestamp('2026-06-14 02:36:12.347000'), Timestamp('2026-06-14 02:36:13.682000'), Timestamp('2026-06-14 02:36:14.768000'), Timestamp('2026-06-14 02:36:16.277000'), Timestamp('2026-06-14 02:36:17.438000'), Timestamp('2026-06-14 02:36:17.656000'), Timestamp('2026-06-14 02:36:17.774000'), Timestamp('2026-06-14 02:36:18.126000'), Timestamp('2026-06-14 02:36:18.245000')]","[0.118, 0.352, 0.117, 0.221, 0.078, 0.542, 0.468, 0.249, 0.614, 0.467, 0.078, 0.249, 0.541, 0.538, 0.177, 0.077, 0.54, 0.541, 0.176, 0.075, 0.47, 0.788, 0.076, 0.467, 0.075, 0.468, 0.072, 0.178, 0.073, 0.464, 0.08, 0.539, 0.18, 0.079, 0.562, 0.077, 0.636, 0.19, 0.075, 0.565, 0.077, 0.637, 0.189, 0.074, 0.565, 0.076, 0.639, 0.18, 0.076, 0.465, 0.074, 0.471, 0.072, 0.253, 0.54, 0.787, 1.335, 1.086, 1.509, 1.161, 0.218, 0.118, 0.352, 0.119]","[nan, nan, nan, nan, nan, nan, nan, nan, nan, nan, nan, nan, nan, nan, nan, nan, nan, nan, nan, nan, nan, nan, nan, nan, nan, nan, nan, nan, nan, nan, nan, nan, nan, nan, nan, nan, nan, nan, nan, nan, nan, nan, nan, nan, nan, nan, nan, nan, nan, nan, nan, nan, nan, nan, nan, nan, nan, nan, nan, nan, nan, nan, nan, nan, nan, nan, nan, nan, nan, nan, nan, nan, nan, nan]","[nan, nan, nan, nan, nan, nan, nan, nan, nan, nan, nan, nan, nan, nan, nan, nan, nan, nan, nan, nan, nan, nan, nan, nan, nan, nan, nan, nan, nan, nan, nan, nan, nan, nan, nan, nan, nan, nan, nan, nan, nan, nan, nan, nan, nan, nan, nan, nan, nan, nan, nan, nan, nan, nan, nan, nan, nan, nan, nan, nan, nan, nan, nan, nan]",,9.908894570910808,c:\git\RailwAI\VIDEO\20260614\ADTC Rastatt_00_20260614023555.mp4,2026-06-14 02:35:55,Lok
ADTC1_adz_raw_20260614_0436,2026-06-14 04:35:29.349,2026-06-14 04:35:39.421,"[Timestamp('2026-06-14 04:35:39.421000'), Timestamp('2026-06-14 04:35:39.536000'), Timestamp('2026-06-14 04:35:39.910000'), Timestamp('2026-06-14 04:35:40.029000'), Timestamp('2026-06-14 04:35:40.266000'), Timestamp('2026-06-14 04:35:40.374000'), Timestamp('2026-06-14 04:35:41.117000'), Timestamp('2026-06-14 04:35:41.225000'), Timestamp('2026-06-14 04:35:41.451000'), Timestamp('2026-06-14 04:35:41.563000'), Timestamp('2026-06-14 04:35:42.304000'), Timestamp('2026-06-14 04:35:42.410000'), Timestamp('2026-06-14 04:35:42.634000'), Timestamp('2026-06-14 04:35:42.749000'), Timestamp('2026-06-14 04:35:43.485000'), Timestamp('2026-06-14 04:35:43.600000'), Timestamp('2026-06-14 04:35:43.819000'), Timestamp('2026-06-14 04:35:43.931000'), Timestamp('2026-06-14 04:35:44.673000'), Timestamp('2026-06-14 04:35:44.786000'), Timestamp('2026-06-14 04:35:45.009000'), Timestamp('2026-06-14 04:35:45.123000'), Timestamp('2026-06-14 04:35:45.867000'), Timestamp('2026-06-14 04:35:45.974000'), Timestamp('2026-06-14 04:35:46.200000'), Timestamp('2026-06-14 04:35:46.306000'), Timestamp('2026-06-14 04:35:47.058000'), Timestamp('2026-06-14 04:35:47.166000'), Timestamp('2026-06-14 04:35:47.388000'), Timestamp('2026-06-14 04:35:47.500000'), Timestamp('2026-06-14 04:35:48.242000'), Timestamp('2026-06-14 04:35:48.355000'), Timestamp('2026-06-14 04:35:48.577000'), Timestamp('2026-06-14 04:35:48.689000'), Timestamp('2026-06-14 04:35:49.438000'), Timestamp('2026-06-14 04:35:49.547000'), Timestamp('2026-06-14 04:35:49.773000'), Timestamp('2026-06-14 04:35:49.883000'), Timestamp('2026-06-14 04:35:50.631000'), Timestamp('2026-06-14 04:35:50.743000'), Timestamp('2026-06-14 04:35:50.964000'), Timestamp('2026-06-14 04:35:51.076000'), Timestamp('2026-06-14 04:35:51.821000'), Timestamp('2026-06-14 04:35:51.935000'), Timestamp('2026-06-14 04:35:52.161000'), Timestamp('2026-06-14 04:35:52.268000'), Timestamp('2026-06-14 04:35:53.015000'), Timestamp('2026-06-14 04:35:53.128000')]","[0.115, 0.374, 0.119, 0.237, 0.108, 0.743, 0.108, 0.226, 0.112, 0.741, 0.106, 0.224, 0.115, 0.736, 0.115, 0.219, 0.112, 0.742, 0.113, 0.223, 0.114, 0.744, 0.107, 0.226, 0.106, 0.752, 0.108, 0.222, 0.112, 0.742, 0.113, 0.222, 0.112, 0.749, 0.109, 0.226, 0.11, 0.748, 0.112, 0.221, 0.112, 0.745, 0.114, 0.226, 0.107, 0.747, 0.113]","[35.49286534361161, 35.490924994533124, 34.848604632777295, 35.68773234200743, 35.432073544433095, 35.754313932197746, 35.69217160548429, 35.04816724627253, 35.16483516483516, 35.55994567230522, 35.294594704188796, 34.97372193024367, 34.78306531014112, 35.17663481155374, 34.99880468563232, 34.72527472527472, 34.846768030778144, 34.97557867912508, 34.72527472527472, 34.78671865768639, 35.036496350364956, 34.61358557247544, 34.2299283062999, 35.386119257086996, 34.644194756554306, 34.79402765557904, 34.62017434620174, 34.452862710796104, 34.47315488163392, 34.73890851982725, 34.802674708273244, 34.66833541927409, 34.896424330386594, 34.20702248259596, 34.68597143416161, 34.23776223776224, 34.453004622496145, 34.644194756554306, 34.539958142779625, 34.50834879406308, 34.198782961460445, 35.02766389364328, 34.38517915309446, 34.28920073215375, 34.23697837343893, 34.607020813917366, 34.27482370878597, 34.53682690323912]","[4.0816795145153355, 13.273605947955389, 4.146983951300498, 8.45799256505576, 3.826663942798774, 26.565455251622925, 3.8547545333923035, 7.920885797657592, 3.9384615384615382, 26.349919743178166, 3.7412270386440123, 7.834113712374582, 4.000052510666229, 25.89000322130355, 4.024862538847717, 7.604835164835165, 3.9028380194471524, 25.951879379910807, 3.9239560439560437, 7.757438260664066, 3.9941605839416052, 25.75250766592173, 3.662602328774089, 7.997262952101662, 3.6722846441947565, 26.16510879699544, 3.7389788293897883, 7.6485355217967355, 3.860993346742999, 25.776270121711818, 3.9327022420348765, 7.696370463078847, 3.908399525003299, 25.621059839464372, 3.7807708863236154, 7.737734265734266, 3.789830508474576, 25.91385767790262, 3.868475311991318, 7.626345083487941, 3.83026369168357, 26.09560960076424, 3.9199104234527686, 7.7493593654667485, 3.6633566859579654, 25.851444547996273, 3.8730550790928153]",478.1748586660683,9.962624023895206,c:\git\RailwAI\VIDEO\20260614\ADTC Rastatt_00_20260614043540.mp4,2026-06-14 04:35:40,Lok
ADTC1_adz_raw_20260614_0442,2026-06-14 04:40:51.090,2026-06-14 04:41:01.113,"[Timestamp('2026-06-14 04:41:01.113000'), Timestamp('2026-06-14 04:41:01.253000'), Timestamp('2026-06-14 04:41:01.550000'), Timestamp('2026-06-14 04:41:01.688000'), Timestamp('2026-06-14 04:41:02.008000'), Timestamp('2026-06-14 04:41:02.587000'), Timestamp('2026-06-14 04:41:02.660000'), Timestamp('2026-06-14 04:41:03.232000'), Timestamp('2026-06-14 04:41:03.497000'), Timestamp('2026-06-14 04:41:03.574000'), Timestamp('2026-06-14 04:41:04.146000'), Timestamp('2026-06-14 04:41:04.221000'), Timestamp('2026-06-14 04:41:04.869000'), Timestamp('2026-06-14 04:41:05.133000'), Timestamp('2026-06-14 04:41:05.710000'), Timestamp('2026-06-14 04:41:05.779000'), Timestamp('2026-06-14 04:41:06.428000'), Timestamp('2026-06-14 04:41:06.618000'), Timestamp('2026-06-14 04:41:06.693000'), Timestamp('2026-06-14 04:41:07.338000'), Timestamp('2026-06-14 04:41:07.912000'), Timestamp('2026-06-14 04:41:07.985000'), Timestamp('2026-06-14 04:41:08.179000'), Timestamp('2026-06-14 04:41:08.255000'), Timestamp('2026-06-14 04:41:08.824000'), Timestamp('2026-06-14 04:41:08.902000'), Timestamp('2026-06-14 04:41:09.473000'), Timestamp('2026-06-14 04:41:09.549000'), Timestamp('2026-06-14 04:41:09.737000'), Timestamp('2026-06-14 04:41:09.812000'), Timestamp('2026-06-14 04:41:10.460000'), Timestamp('2026-06-14 04:41:11.031000'), Timestamp('2026-06-14 04:41:11.106000'), Timestamp('2026-06-14 04:41:11.295000'), Timestamp('2026-06-14 04:41:11.369000'), Timestamp('2026-06-14 04:41:11.939000'), Timestamp('2026-06-14 04:41:12.016000'), Timestamp('2026-06-14 04:41:12.584000'), Timestamp('2026-06-14 04:41:12.662000'), Timestamp('2026-06-14 04:41:12.847000'), Timestamp('2026-06-14 04:41:12.929000'), Timestamp('2026-06-14 04:41:13.499000'), Timestamp('2026-06-14 04:41:13.573000'), Timestamp('2026-06-14 04:41:14.215000'), Timestamp('2026-06-14 04:41:14.404000'), Timestamp('2026-06-14 04:41:14.478000'), Timestamp('2026-06-14 04:41:15.125000'), Timestamp('2026-06-14 04:41:15.696000'), Timestamp('2026-06-14 04:41:15.770000'), Timestamp('2026-06-14 04:41:15.960000'), Timestamp('2026-06-14 04:41:16.033000'), Timestamp('2026-06-14 04:41:16.601000'), Timestamp('2026-06-14 04:41:16.678000'), Timestamp('2026-06-14 04:41:17.254000'), Timestamp('2026-06-14 04:41:17.326000'), Timestamp('2026-06-14 04:41:17.512000'), Timestamp('2026-06-14 04:41:17.595000'), Timestamp('2026-06-14 04:41:18.161000'), Timestamp('2026-06-14 04:41:18.233000'), Timestamp('2026-06-14 04:41:18.801000'), Timestamp('2026-06-14 04:41:18.884000'), Timestamp('2026-06-14 04:41:19.061000'), Timestamp('2026-06-14 04:41:19.148000'), Timestamp('2026-06-14 04:41:19.716000'), Timestamp('2026-06-14 04:41:19.788000'), Timestamp('2026-06-14 04:41:20.358000'), Timestamp('2026-06-14 04:41:20.434000'), Timestamp('2026-06-14 04:41:20.692000'), Timestamp('2026-06-14 04:41:21.341000'), Timestamp('2026-06-14 04:41:21.910000'), Timestamp('2026-06-14 04:41:21.988000'), Timestamp('2026-06-14 04:41:22.172000'), Timestamp('2026-06-14 04:41:22.211000'), Timestamp('2026-06-14 04:41:22.778000'), Timestamp('2026-06-14 04:41:22.852000'), Timestamp('2026-06-14 04:41:23.422000'), Timestamp('2026-06-14 04:41:23.499000'), Timestamp('2026-06-14 04:41:23.685000'), Timestamp('2026-06-14 04:41:23.761000'), Timestamp('2026-06-14 04:41:24.337000'), Timestamp('2026-06-14 04:41:24.408000'), Timestamp('2026-06-14 04:41:24.979000'), Timestamp('2026-06-14 04:41:25.054000'), Timestamp('2026-06-14 04:41:25.317000'), Timestamp('2026-06-14 04:41:25.961000'), Timestamp('2026-06-14 04:41:26.532000'), Timestamp('2026-06-14 04:41:26.610000'), Timestamp('2026-06-14 04:41:26.799000'), Timestamp('2026-06-14 04:41:26.873000'), Timestamp('2026-06-14 04:41:27.445000'), Timestamp('2026-06-14 04:41:27.521000'), Timestamp('2026-06-14 04:41:28.091000'), Timestamp('2026-06-14 04:41:28.168000'), Timestamp('2026-06-14 04:41:28.430000'), Timestamp('2026-06-14 04:41:29.073000')]","[0.14, 0.297, 0.138, 0.32, 0.579, 0.073, 0.572, 0.265, 0.077, 0.572, 0.075, 0.648, 0.264, 0.577, 0.069, 0.649, 0.19, 0.075, 0.645, 0.574, 0.073, 0.194, 0.076, 0.569, 0.078, 0.571, 0.076, 0.188, 0.075, 0.648, 0.571, 0.075, 0.189, 0.074, 0.57, 0.077, 0.568, 0.078, 0.185, 0.082, 0.57, 0.074, 0.642, 0.189, 0.074, 0.647, 0.571, 0.074, 0.19, 0.073, 0.568, 0.077, 0.576, 0.072, 0.186, 0.083, 0.566, 0.072, 0.568, 0.083, 0.177, 0.087, 0.568, 0.072, 0.57, 0.076, 0.258, 0.649, 0.569, 0.078, 0.184, 0.039, 0.567, 0.074, 0.57, 0.077, 0.186, 0.076, 0.576, 0.071, 0.571, 0.075, 0.263, 0.644, 0.571, 0.078, 0.189, 0.074, 0.572, 0.076, 0.57, 0.077, 0.262, 0.643]","[nan, nan, nan, nan, nan, nan, nan, nan, nan, nan, nan, nan, nan, nan, nan, nan, nan, nan, nan, nan, nan, nan, nan, nan, nan, nan, nan, nan, nan, nan, nan, nan, nan, nan, nan, nan, nan, nan, nan, nan, nan, nan, nan, nan, nan, nan, nan, nan, nan, nan, nan, nan, nan, nan, nan, nan, nan, nan, nan, nan, nan, nan, nan, nan, nan, nan, nan, nan, nan, nan, nan, nan, nan, nan, nan, nan, nan, nan, nan, nan, nan, nan, nan, nan, nan, nan, nan, nan, nan, nan, nan, nan, nan, nan, nan, nan, nan, nan]","[nan, nan, nan, nan, nan, nan, nan, nan, nan, nan, nan, nan, nan, nan, nan, nan, nan, nan, nan, nan, nan, nan, nan, nan, nan, nan, nan, nan, nan, nan, nan, nan, nan, nan, nan, nan, nan, nan, nan, nan, nan, nan, nan, nan, nan, nan, nan, nan, nan, nan, nan, nan, nan, nan, nan, nan, nan, nan, nan, nan, nan, nan, nan, nan, nan, nan, nan, nan, nan, nan, nan, nan, nan, nan, nan, nan, nan, nan, nan, nan, nan, nan, nan, nan, nan, nan, nan, nan, nan, nan, nan, nan, nan, nan]",,9.918647036569611,c:\git\RailwAI\VIDEO\20260614\ADTC Rastatt_00_20260614044101.mp4,2026-06-14 04:41:01,Lok
ADTC1_adz_raw_20260614_0459,2026-06-14 04:57:43.259,2026-06-14 04:57:53.319,"[Timestamp('2026-06-14 04:57:53.319000'), Timestamp('2026-06-14 04:57:53.435000'), Timestamp('2026-06-14 04:57:54.289000'), Timestamp('2026-06-14 04:57:54.403000'), Timestamp('2026-06-14 04:57:54.752000'), Timestamp('2026-06-14 04:57:54.862000'), Timestamp('2026-06-14 04:57:55.727000'), Timestamp('2026-06-14 04:57:55.837000'), Timestamp('2026-06-14 04:57:56.180000'), Timestamp('2026-06-14 04:57:56.305000'), Timestamp('2026-06-14 04:57:57.151000'), Timestamp('2026-06-14 04:57:57.286000'), Timestamp('2026-06-14 04:57:57.623000'), Timestamp('2026-06-14 04:57:57.743000'), Timestamp('2026-06-14 04:57:58.598000'), Timestamp('2026-06-14 04:57:58.712000'), Timestamp('2026-06-14 04:57:59.052000'), Timestamp('2026-06-14 04:57:59.184000'), Timestamp('2026-06-14 04:58:00.032000'), Timestamp('2026-06-14 04:58:00.160000'), Timestamp('2026-06-14 04:58:00.505000'), Timestamp('2026-06-14 04:58:00.617000'), Timestamp('2026-06-14 04:58:01.481000'), Timestamp('2026-06-14 04:58:01.597000'), Timestamp('2026-06-14 04:58:01.943000'), Timestamp('2026-06-14 04:58:02.066000'), Timestamp('2026-06-14 04:58:02.914000'), Timestamp('2026-06-14 04:58:03.049000'), Timestamp('2026-06-14 04:58:03.378000'), Timestamp('2026-06-14 04:58:03.509000'), Timestamp('2026-06-14 04:58:04.363000'), Timestamp('2026-06-14 04:58:04.490000'), Timestamp('2026-06-14 04:58:04.836000'), Timestamp('2026-06-14 04:58:04.947000'), Timestamp('2026-06-14 04:58:05.814000'), Timestamp('2026-06-14 04:58:05.931000'), Timestamp('2026-06-14 04:58:06.274000'), Timestamp('2026-06-14 04:58:06.403000'), Timestamp('2026-06-14 04:58:07.259000'), Timestamp('2026-06-14 04:58:07.380000'), Timestamp('2026-06-14 04:58:07.719000'), Timestamp('2026-06-14 04:58:07.851000'), Timestamp('2026-06-14 04:58:08.710000'), Timestamp('2026-06-14 04:58:08.840000'), Timestamp('2026-06-14 04:58:09.174000'), Timestamp('2026-06-14 04:58:09.303000'), Timestamp('2026-06-14 04:58:10.162000'), Timestamp('2026-06-14 04:58:10.292000'), Timestamp('2026-06-14 04:58:10.633000'), Timestamp('2026-06-14 04:58:10.750000'), Timestamp('2026-06-14 04:58:11.622000'), Timestamp('2026-06-14 04:58:11.735000')]","[0.116, 0.854, 0.114, 0.349, 0.11, 0.865, 0.11, 0.343, 0.125, 0.846, 0.135, 0.337, 0.12, 0.855, 0.114, 0.34, 0.132, 0.848, 0.128, 0.345, 0.112, 0.864, 0.116, 0.346, 0.123, 0.848, 0.135, 0.329, 0.131, 0.854, 0.127, 0.346, 0.111, 0.867, 0.117, 0.343, 0.129, 0.856, 0.121, 0.339, 0.132, 0.859, 0.13, 0.334, 0.129, 0.859, 0.13, 0.341, 0.117, 0.872, 0.113]","[31.631744653132124, 32.10738255033557, 31.52717860224331, 31.847890671420082, 32.32359876655179, 32.168114770660736, 31.742561703430034, 32.0, 31.8968562345461, 31.788079470198674, 31.84158415841584, 31.788428012236437, 32.37856899101354, 31.948966708751414, 32.01743171282143, 32.124630674187486, 31.796795314710625, 32.119957477759755, 31.916233142251237, 31.766867944342348, 32.11868004200272, 31.847091777887627, 32.1869032910255, 31.985807739217208, 31.717715818512907, 32.11868004200272, 31.962833914053427, 31.98406109912004, 31.914401770086855, 31.879460745440127, 31.693679973893182, 32.10308657801161, 31.838348341752692, 31.953290870488324, 31.61993769470405, 32.06829853931835, 31.808622502628815, 32.25871925848246, 31.96113074204947, 32.06829853931835, 32.1505376344086, 31.71622326551904, 31.61993769470405, 31.914401770086855, 32.0649821898199, 32.40781648258284, 31.550796395544907, 31.74893756129454, 32.219458078397096, 31.85585270385515, 31.928108893881326, 32.30184277526666]","[3.6692823797633265, 27.419704697986578, 3.5940983606557375, 11.114913844325608, 3.555595864320697, 27.82541927662154, 3.4916817873773036, 10.976, 3.9871070293182624, 26.892715231788078, 4.298613861386139, 10.71270024012368, 3.8854282789216246, 27.316366535982457, 3.6499872152616426, 10.922374429223746, 4.197176981541802, 27.23772394114027, 4.085277842208159, 10.95956944079811, 3.597292164704305, 27.51588729609491, 3.7336807817589586, 11.067089477769153, 3.9012790456770876, 27.236640675618307, 4.314982578397212, 10.522756101610494, 4.180786631881378, 27.225059476605868, 4.025097356684435, 11.107667955992017, 3.534056665934549, 27.703503184713377, 3.699532710280374, 10.999426398986195, 4.103312302839117, 27.61346368526098, 3.8672968197879856, 10.871153204828921, 4.243870967741936, 27.244235785080857, 4.110591900311526, 10.65941019120901, 4.136382702486768, 27.838314358538657, 4.101603531420838, 10.82638770840144, 3.7696765951724607, 27.77830355776169, 3.60787630500859]",588.9283553573043,9.93725666976792,c:\git\RailwAI\VIDEO\20260614\ADTC Rastatt_00_20260614045754.mp4,2026-06-14 04:57:54,Trieb
ADTC1_adz_raw_20260614_0506,2026-06-14 05:05:27.502,2026-06-14 05:05:37.524,"[Timestamp('2026-06-14 05:05:37.524000'), Timestamp('2026-06-14 05:05:37.639000'), Timestamp('2026-06-14 05:05:37.990000'), Timestamp('2026-06-14 05:05:38.107000')]","[0.115, 0.351, 0.117]","[35.70006635700066, 35.165306998711884, 35.14294892386765, 35.432073544433095]","[4.105507631055076, 12.343022756547871, 4.111725024092515]",20.56025541169546,9.919866543537193,c:\git\RailwAI\VIDEO\20260614\ADTC Rastatt_00_20260614050538.mp4,2026-06-14 05:05:38,Lok
ADTC1_adz_raw_20260614_0513,2026-06-14 05:12:09.347,2026-06-14 05:12:19.369,"[Timestamp('2026-06-14 05:12:19.369000'), Timestamp('2026-06-14 05:12:19.492000'), Timestamp('2026-06-14 05:12:19.850000'), Timestamp('2026-06-14 05:12:19.964000'), Timestamp('2026-06-14 05:12:20.195000'), Timestamp('2026-06-14 05:12:20.309000'), Timestamp('2026-06-14 05:12:21.112000'), Timestamp('2026-06-14 05:12:21.225000'), Timestamp('2026-06-14 05:12:21.418000'), Timestamp('2026-06-14 05:12:21.535000'), Timestamp('2026-06-14 05:12:22.327000'), Timestamp('2026-06-14 05:12:22.446000'), Timestamp('2026-06-14 05:12:22.640000'), Timestamp('2026-06-14 05:12:22.754000'), Timestamp('2026-06-14 05:12:23.557000'), Timestamp('2026-06-14 05:12:23.670000'), Timestamp('2026-06-14 05:12:23.861000'), Timestamp('2026-06-14 05:12:23.978000'), Timestamp('2026-06-14 05:12:24.782000'), Timestamp('2026-06-14 05:12:24.892000')]","[0.123, 0.358, 0.114, 0.231, 0.114, 0.803, 0.113, 0.193, 0.117, 0.792, 0.119, 0.194, 0.114, 0.803, 0.113, 0.191, 0.117, 0.804, 0.11]","[34.352435089875556, 34.78306531014112, 34.29665071770334, 34.72527472527472, 34.67330786382068, 34.54846727423364, 34.6000987089903, 33.80658920976602, 34.111736638812445, 34.47137699845281, 34.97279362972793, 34.66833541927409, 34.16413373860182, 34.28615160907664, 34.502516453735964, 34.285714285714285, 33.81791118829075, 33.875183590152105, 34.02077374680114, 34.2560553633218]","[4.225349516054694, 12.45233738103052, 3.9098181818181814, 8.021538461538462, 3.952757096475558, 27.742419221209612, 3.9098111541159044, 6.524671717484841, 3.9910731867410565, 27.30133058277463, 4.161762441937624, 6.725657071339173, 3.8947112462006075, 27.531779742088542, 3.898784359272164, 6.548571428571428, 3.9566956090300183, 27.235647606482292, 3.7422851121481253]",189.7270011163134,9.915628782530382,c:\git\RailwAI\VIDEO\20260614\ADTC Rastatt_00_20260614051220.mp4,2026-06-14 05:12:20,Lok
ADTC1_adz_raw_20260614_0608,2026-06-14 06:06:54.646,2026-06-14 06:07:04.698,"[Timestamp('2026-06-14 06:07:04.698000'), Timestamp('2026-06-14 06:07:04.820000'), Timestamp('2026-06-14 06:07:05.216000'), Timestamp('2026-06-14 06:07:05.346000'), Timestamp('2026-06-14 06:07:05.592000'), Timestamp('2026-06-14 06:07:05.715000'), Timestamp('2026-06-14 06:07:06.500000'), Timestamp('2026-06-14 06:07:06.621000'), Timestamp('2026-06-14 06:07:06.854000'), Timestamp('2026-06-14 06:07:06.974000'), Timestamp('2026-06-14 06:07:07.763000'), Timestamp('2026-06-14 06:07:07.881000'), Timestamp('2026-06-14 06:07:08.114000'), Timestamp('2026-06-14 06:07:08.234000'), Timestamp('2026-06-14 06:07:09.028000'), Timestamp('2026-06-14 06:07:09.150000'), Timestamp('2026-06-14 06:07:09.383000'), Timestamp('2026-06-14 06:07:09.498000'), Timestamp('2026-06-14 06:07:10.291000'), Timestamp('2026-06-14 06:07:10.409000'), Timestamp('2026-06-14 06:07:10.646000'), Timestamp('2026-06-14 06:07:10.771000'), Timestamp('2026-06-14 06:07:11.563000'), Timestamp('2026-06-14 06:07:11.682000'), Timestamp('2026-06-14 06:07:11.922000'), Timestamp('2026-06-14 06:07:12.039000'), Timestamp('2026-06-14 06:07:12.837000'), Timestamp('2026-06-14 06:07:12.958000'), Timestamp('2026-06-14 06:07:13.198000'), Timestamp('2026-06-14 06:07:13.317000'), Timestamp('2026-06-14 06:07:14.106000'), Timestamp('2026-06-14 06:07:14.233000'), Timestamp('2026-06-14 06:07:14.461000'), Timestamp('2026-06-14 06:07:14.577000'), Timestamp('2026-06-14 06:07:15.384000'), Timestamp('2026-06-14 06:07:15.500000'), Timestamp('2026-06-14 06:07:15.738000'), Timestamp('2026-06-14 06:07:15.859000'), Timestamp('2026-06-14 06:07:16.659000'), Timestamp('2026-06-14 06:07:16.785000'), Timestamp('2026-06-14 06:07:17.024000'), Timestamp('2026-06-14 06:07:17.137000'), Timestamp('2026-06-14 06:07:18.069000'), Timestamp('2026-06-14 06:07:18.311000'), Timestamp('2026-06-14 06:07:18.425000'), Timestamp('2026-06-14 06:07:19.236000'), Timestamp('2026-06-14 06:07:19.351000'), Timestamp('2026-06-14 06:07:19.595000'), Timestamp('2026-06-14 06:07:19.718000'), Timestamp('2026-06-14 06:07:20.520000'), Timestamp('2026-06-14 06:07:20.646000'), Timestamp('2026-06-14 06:07:20.882000'), Timestamp('2026-06-14 06:07:21.007000'), Timestamp('2026-06-14 06:07:21.818000'), Timestamp('2026-06-14 06:07:21.931000'), Timestamp('2026-06-14 06:07:22.176000'), Timestamp('2026-06-14 06:07:22.292000'), Timestamp('2026-06-14 06:07:23.103000'), Timestamp('2026-06-14 06:07:23.233000'), Timestamp('2026-06-14 06:07:23.594000')]","[0.122, 0.396, 0.13, 0.246, 0.123, 0.785, 0.121, 0.233, 0.12, 0.789, 0.118, 0.233, 0.12, 0.794, 0.122, 0.233, 0.115, 0.793, 0.118, 0.237, 0.125, 0.792, 0.119, 0.24, 0.117, 0.798, 0.121, 0.24, 0.119, 0.789, 0.127, 0.228, 0.116, 0.807, 0.116, 0.238, 0.121, 0.8, 0.126, 0.239, 0.113, 0.932, 0.242, 0.114, 0.811, 0.115, 0.244, 0.123, 0.802, 0.126, 0.236, 0.125, 0.811, 0.113, 0.245, 0.116, 0.811, 0.13, 0.361]","[33.08445605080421, 33.867655131154514, 32.869424785066265, 33.469476797033124, 32.93799195070699, 33.43008635055295, 33.14162987710297, 33.14587839461668, 32.68491637184264, 32.27055663757517, 33.84196418213014, 33.396311291048136, 33.16081925328601, 33.10423825887744, 33.18843318843319, 33.27735311168353, 33.04666706098066, 33.122506104460726, 32.8980687321314, 32.74640902673248, 32.916423144360024, 32.78419801655602, 33.16081925328601, 32.59781133600901, 33.66795366795367, 33.106575963718825, 33.04822480149491, 33.887457097140626, 32.32618398073213, 33.00861768132915, 33.50584627180372, 32.50772565841059, 33.14189229360635, 32.69221899358886, 32.87748088926293, 33.0880965855499, 33.13392489863078, 32.63713199841171, 33.266951161688006, 32.859001511094, 33.01480232340266, 32.563271419669455, 33.59539789069991, 32.865596726423355, 33.56117727197989, 32.59781133600901, 32.58447488584475, 33.670501203030916, 33.01480232340266, 33.0379066015013, 33.36617405582923, 33.05595408895265, 33.08736958675759, 33.53210323275217, 32.87816396463847, 33.08736958675759, 32.87748088926293, 33.186838739681434, 33.628862567085136, 33.807034277917964, 32.68256419054155, 34.03844296339225, 32.98761246427774, 33.16541110135416]","[4.036303638198113, 13.411591431937188, 4.273025222058615, 8.233491292070148, 4.05137300993696, 26.242617785184066, 4.010137215129459, 7.722989665945687, 3.9221899646211167, 25.46146918704681, 3.9933517734913564, 7.781340530814216, 3.979298310394321, 26.284765177548685, 4.048988848988849, 7.753623275022263, 3.800366712012776, 26.266147340837357, 3.881972110391505, 7.760898939335597, 4.114552893045003, 25.965084829112367, 3.9461374911410347, 7.823474720642162, 3.939150579150579, 26.419047619047625, 3.998835200980884, 8.13298970331375, 3.8468158937071237, 26.0437993505687, 4.255242476519072, 7.4117614501176154, 3.844459506058336, 26.38262072782621, 3.8137877831544995, 7.874966987360875, 4.009204912734324, 26.10970559872937, 4.191635846372689, 7.853301361151466, 3.730672662544501, 30.348968963131934, 8.130086289549377, 3.746678026812263, 27.218114767575695, 3.7487483036410363, 7.950611872146118, 4.141471647972803, 26.47787146336894, 4.162776231789164, 7.874417077175697, 4.131994261119082, 26.833856734860408, 3.7891276653009953, 8.055150171336424, 3.8381348720638804, 26.663637001192235, 4.314289036158587, 12.140019386717734]",624.1891427961557,9.93403128053188,c:\git\RailwAI\VIDEO\20260614\ADTC Rastatt_00_20260614060705.mp4,2026-06-14 06:07:05,Lok
ADTC1_adz_raw_20260614_0620,2026-06-14 06:18:34.685,2026-06-14 06:18:44.715,"[Timestamp('2026-06-14 06:18:44.715000'), Timestamp('2026-06-14 06:18:44.847000'), Timestamp('2026-06-14 06:18:45.158000'), Timestamp('2026-06-14 06:18:45.292000'), Timestamp('2026-06-14 06:18:45.550000'), Timestamp('2026-06-14 06:18:45.661000'), Timestamp('2026-06-14 06:18:46.403000'), Timestamp('2026-06-14 06:18:46.522000'), Timestamp('2026-06-14 06:18:46.737000'), Timestamp('2026-06-14 06:18:46.849000'), Timestamp('2026-06-14 06:18:47.591000'), Timestamp('2026-06-14 06:18:47.703000'), Timestamp('2026-06-14 06:18:47.926000'), Timestamp('2026-06-14 06:18:48.037000'), Timestamp('2026-06-14 06:18:48.778000'), Timestamp('2026-06-14 06:18:48.895000'), Timestamp('2026-06-14 06:18:49.116000'), Timestamp('2026-06-14 06:18:49.226000'), Timestamp('2026-06-14 06:18:49.973000'), Timestamp('2026-06-14 06:18:50.086000'), Timestamp('2026-06-14 06:18:50.310000'), Timestamp('2026-06-14 06:18:50.417000'), Timestamp('2026-06-14 06:18:51.163000'), Timestamp('2026-06-14 06:18:51.280000'), Timestamp('2026-06-14 06:18:51.497000'), Timestamp('2026-06-14 06:18:51.612000'), Timestamp('2026-06-14 06:18:52.362000'), Timestamp('2026-06-14 06:18:52.474000'), Timestamp('2026-06-14 06:18:52.695000'), Timestamp('2026-06-14 06:18:52.804000'), Timestamp('2026-06-14 06:18:53.556000'), Timestamp('2026-06-14 06:18:53.670000'), Timestamp('2026-06-14 06:18:53.887000'), Timestamp('2026-06-14 06:18:54'), Timestamp('2026-06-14 06:18:54.749000'), Timestamp('2026-06-14 06:18:54.863000'), Timestamp('2026-06-14 06:18:55.076000'), Timestamp('2026-06-14 06:18:55.193000'), Timestamp('2026-06-14 06:18:55.951000'), Timestamp('2026-06-14 06:18:56.057000'), Timestamp('2026-06-14 06:18:56.277000'), Timestamp('2026-06-14 06:18:56.391000'), Timestamp('2026-06-14 06:18:57.145000'), Timestamp('2026-06-14 06:18:57.256000'), Timestamp('2026-06-14 06:18:57.478000'), Timestamp('2026-06-14 06:18:57.593000'), Timestamp('2026-06-14 06:18:58.343000'), Timestamp('2026-06-14 06:18:58.459000'), Timestamp('2026-06-14 06:18:58.681000'), Timestamp('2026-06-14 06:18:58.785000'), Timestamp('2026-06-14 06:18:59.544000'), Timestamp('2026-06-14 06:18:59.655000')]","[0.132, 0.311, 0.134, 0.258, 0.111, 0.742, 0.119, 0.215, 0.112, 0.742, 0.112, 0.223, 0.111, 0.741, 0.117, 0.221, 0.11, 0.747, 0.113, 0.224, 0.107, 0.746, 0.117, 0.217, 0.115, 0.75, 0.112, 0.221, 0.109, 0.752, 0.114, 0.217, 0.113, 0.749, 0.114, 0.213, 0.117, 0.758, 0.106, 0.22, 0.114, 0.754, 0.111, 0.222, 0.115, 0.75, 0.116, 0.222, 0.104, 0.759, 0.111]","[35.5045118949959, 35.53366174055829, 35.75530586766541, 36.043956043956044, 36.141304347826086, 36.179877356347944, 36.36833268758879, 35.754313932197746, 35.71113074204947, 35.49965823650034, 37.067847399257566, 36.259460383974, 36.1019388705444, 35.43641712978097, 35.987363987363985, 36.03278780879411, 35.87083821315041, 36.10859728506787, 35.80895223805951, 36.510346622706166, 35.82538466894103, 36.02365530836384, 36.53570653353592, 36.397058823529406, 35.973222180118725, 35.77515614156835, 36.6056282893306, 36.432768752160385, 36.7816091954023, 35.757289903726104, 35.68773234200743, 35.89800939387162, 36.64175516804335, 35.890985324947586, 35.82089552238806, 36.298138776910534, 36.801057501652345, 36.0256843528219, 35.65699164806086, 37.73281853281853, 36.10859728506787, 35.8613383884142, 36.29606335229709, 36.22847866022984, 35.955056179775276, 36.295025728987994, 35.890985324947586, 36.17371558330967, 35.62753036437246, 36.99545576049184, 35.822890559732656, 35.96766951055231]","[4.686595570139459, 11.050968801313628, 4.791210986267165, 9.29934065934066, 4.011684782608696, 26.845468998410176, 4.327831589823066, 7.687177495422516, 3.9996466431095405, 26.34074641148325, 4.1515989087168474, 8.085859665626202, 4.007315214630428, 26.2583850931677, 4.210521586521587, 7.963246105743499, 3.945792203446545, 26.9731221719457, 4.046411602900725, 8.178317643486182, 3.8333161595766896, 26.873646860039425, 4.274677664423703, 7.898161764705881, 4.136920550713653, 26.831367106176266, 4.099830368405027, 8.051641894227446, 4.00919540229885, 26.88948200760203, 4.068401486988847, 7.789868038470141, 4.140518333988899, 26.88234800838574, 4.083582089552238, 7.7315035594819435, 4.305723727693325, 27.307468739439, 3.779641114694451, 8.301220077220076, 4.116380090497738, 27.039449144864303, 4.028863032104977, 8.042722262571024, 4.134831460674157, 27.221269296740996, 4.16335429769392, 8.030564859494747, 3.705263157894736, 28.079550922213308, 3.976340852130325]",538.6883464650676,9.921702644794506,c:\git\RailwAI\VIDEO\20260614\ADTC Rastatt_00_20260614061845.mp4,2026-06-14 06:18:45,Lok
ADTC1_adz_raw_20260614_0626,2026-06-14 06:25:22.238,2026-06-14 06:25:32.280,"[Timestamp('2026-06-14 06:25:32.280000'), Timestamp('2026-06-14 06:25:32.419000'), Timestamp('2026-06-14 06:25:32.728000'), Timestamp('2026-06-14 06:25:32.866000'), Timestamp('2026-06-14 06:25:33.131000'), Timestamp('2026-06-14 06:25:33.243000'), Timestamp('2026-06-14 06:25:33.988000'), Timestamp('2026-06-14 06:25:34.101000'), Timestamp('2026-06-14 06:25:34.326000'), Timestamp('2026-06-14 06:25:34.437000'), Timestamp('2026-06-14 06:25:34.448000'), Timestamp('2026-06-14 06:25:35.180000'), Timestamp('2026-06-14 06:25:35.296000'), Timestamp('2026-06-14 06:25:35.521000'), Timestamp('2026-06-14 06:25:35.636000'), Timestamp('2026-06-14 06:25:36.378000'), Timestamp('2026-06-14 06:25:36.488000'), Timestamp('2026-06-14 06:25:36.715000'), Timestamp('2026-06-14 06:25:36.830000'), Timestamp('2026-06-14 06:25:37.577000'), Timestamp('2026-06-14 06:25:37.683000'), Timestamp('2026-06-14 06:25:37.914000'), Timestamp('2026-06-14 06:25:38.021000'), Timestamp('2026-06-14 06:25:38.764000'), Timestamp('2026-06-14 06:25:38.877000'), Timestamp('2026-06-14 06:25:39.104000'), Timestamp('2026-06-14 06:25:39.219000'), Timestamp('2026-06-14 06:25:39.965000'), Timestamp('2026-06-14 06:25:40.076000'), Timestamp('2026-06-14 06:25:40.304000'), Timestamp('2026-06-14 06:25:40.412000'), Timestamp('2026-06-14 06:25:41.160000'), Timestamp('2026-06-14 06:25:41.266000'), Timestamp('2026-06-14 06:25:41.488000'), Timestamp('2026-06-14 06:25:41.600000'), Timestamp('2026-06-14 06:25:42.352000'), Timestamp('2026-06-14 06:25:42.464000'), Timestamp('2026-06-14 06:25:42.675000'), Timestamp('2026-06-14 06:25:42.789000'), Timestamp('2026-06-14 06:25:43.534000'), Timestamp('2026-06-14 06:25:43.648000'), Timestamp('2026-06-14 06:25:43.864000'), Timestamp('2026-06-14 06:25:43.975000'), Timestamp('2026-06-14 06:25:44.717000'), Timestamp('2026-06-14 06:25:44.829000')]","[0.139, 0.309, 0.138, 0.265, 0.112, 0.745, 0.113, 0.225, 0.111, 0.011, 0.732, 0.116, 0.225, 0.115, 0.742, 0.11, 0.227, 0.115, 0.747, 0.106, 0.231, 0.107, 0.743, 0.113, 0.227, 0.115, 0.746, 0.111, 0.228, 0.108, 0.748, 0.106, 0.222, 0.112, 0.752, 0.112, 0.211, 0.114, 0.745, 0.114, 0.216, 0.111, 0.742, 0.112]","[35.17663481155374, 34.94652123265911, 35.17663481155374, 35.324675324675326, 36.786469344608875, 35.066389377699565, 35.0132625994695, 35.04396482813749, 36.23931623931624, 35.56430446194226, 34.54846727423364, 35.15500159795462, 34.913245873889124, 35.79904624597982, 34.81185621189826, 36.04049493813273, 35.156375300721734, 35.53321678321679, 34.198782961460445, 35.08322663252241, 34.57711442786069, 35.888347363757205, 36.063919259882255, 37.12219983406424, 35.11385401149181, 35.449361933206625, 34.96621621621622, 35.68627450980392, 35.8695652173913, 36.38428344310697, 35.72875047890099, 35.83471074380165, 36.199095022624434, 35.72359843546284, 35.04761904761905, 35.67213114754098, 36.35343618513323, 35.99669148056245, 35.7839947950553, 35.483870967741936, 35.55268261150614, 35.8974358974359, 36.52291105121294, 36.33925578276902]","[4.889552238805971, 10.798475060891665, 4.854375603994416, 9.361038961038961, 4.120084566596194, 26.124460086386176, 3.9564986737400534, 7.884892086330935, 4.022564102564102, 0.3912073490813648, 25.28947804473902, 4.077980185362737, 7.855480321625053, 4.1168903182876795, 25.83039730922851, 3.9644544431946005, 7.980497193263834, 4.086319930069931, 25.546490872210953, 3.7188220230473754, 7.98731343283582, 3.840053167922021, 26.795492010092516, 4.1948085812492595, 7.970844860608641, 4.076676622318762, 26.0847972972973, 3.9611764705882355, 8.178260869565216, 3.929502611855553, 26.72510535821794, 3.798479338842975, 8.036199095022624, 4.001043024771838, 26.355809523809526, 3.99527868852459, 7.670575035063112, 4.103622828784119, 26.659076122316197, 4.04516129032258, 7.679379444085327, 3.9846153846153847, 27.099999999999998, 4.069996647670131]",444.1132270768392,9.933903055829427,c:\git\RailwAI\VIDEO\20260614\ADTC Rastatt_00_20260614062532.mp4,2026-06-14 06:25:32,Lok
ADTC1_adz_raw_20260614_0630,2026-06-14 06:28:45.480,2026-06-14 06:28:55.539,"[Timestamp('2026-06-14 06:28:55.539000'), Timestamp('2026-06-14 06:28:55.655000'), Timestamp('2026-06-14 06:28:56.017000'), Timestamp('2026-06-14 06:28:56.133000'), Timestamp('2026-06-14 06:28:56.364000'), Timestamp('2026-06-14 06:28:56.471000'), Timestamp('2026-06-14 06:28:57.261000'), Timestamp('2026-06-14 06:28:57.377000'), Timestamp('2026-06-14 06:28:57.570000'), Timestamp('2026-06-14 06:28:57.684000'), Timestamp('2026-06-14 06:28:58.470000'), Timestamp('2026-06-14 06:28:58.597000'), Timestamp('2026-06-14 06:28:58.792000'), Timestamp('2026-06-14 06:28:58.900000'), Timestamp('2026-06-14 06:28:59.686000'), Timestamp('2026-06-14 06:28:59.805000'), Timestamp('2026-06-14 06:28:59.996000'), Timestamp('2026-06-14 06:29:00.109000'), Timestamp('2026-06-14 06:29:00.898000'), Timestamp('2026-06-14 06:29:01.012000')]","[0.116, 0.362, 0.116, 0.231, 0.107, 0.79, 0.116, 0.193, 0.114, 0.786, 0.127, 0.195, 0.108, 0.786, 0.119, 0.191, 0.113, 0.789, 0.114]","[34.97279362972793, 34.8596283115856, 34.913245873889124, 35.49286534361161, 35.53366174055829, 34.722549250451294, 34.568604846961904, 34.97279362972793, 34.5956054230949, 34.8596283115856, 34.68597143416161, 34.98672331386086, 34.938658831937104, 35.12038523274478, 34.95638382236321, 35.18835616438356, 34.73354231974922, 34.802674708273244, 34.552420759317314, 35.034167353558985]","[4.05684406104844, 12.619185448793989, 4.049936521371139, 8.198851894374283, 3.8021018062397367, 27.430813907856525, 4.009958162247581, 6.749749170537491, 3.943899018232819, 27.399667852906283, 4.405118372138524, 6.822411046202867, 3.7733751538492073, 27.6046227929374, 4.159809674861221, 6.720976027397261, 3.924890282131662, 27.459310344827593, 3.938975966562174]",191.0704975045162,9.946860056873245,c:\git\RailwAI\VIDEO\20260614\ADTC Rastatt_00_20260614062856.mp4,2026-06-14 06:28:56,Lok
ADTC1_adz_raw_20260614_0644,2026-06-14 06:42:24.613,2026-06-14 06:42:34.680,"[Timestamp('2026-06-14 06:42:34.680000'), Timestamp('2026-06-14 06:42:34.824000'), Timestamp('2026-06-14 06:42:35.143000'), Timestamp('2026-06-14 06:42:35.290000'), Timestamp('2026-06-14 06:42:35.602000'), Timestamp('2026-06-14 06:42:36.035000'), Timestamp('2026-06-14 06:42:36.352000'), Timestamp('2026-06-14 06:42:36.785000'), Timestamp('2026-06-14 06:42:37.098000'), Timestamp('2026-06-14 06:42:37.536000'), Timestamp('2026-06-14 06:42:37.846000'), Timestamp('2026-06-14 06:42:38.285000'), Timestamp('2026-06-14 06:42:46.380000'), Timestamp('2026-06-14 06:42:46.895000'), Timestamp('2026-06-14 06:42:47.320000'), Timestamp('2026-06-14 06:42:47.404000'), Timestamp('2026-06-14 06:42:47.680000'), Timestamp('2026-06-14 06:42:48.196000'), Timestamp('2026-06-14 06:42:48.624000'), Timestamp('2026-06-14 06:42:48.987000'), Timestamp('2026-06-14 06:42:49.498000'), Timestamp('2026-06-14 06:42:50.013000'), Timestamp('2026-06-14 06:42:50.296000'), Timestamp('2026-06-14 06:42:50.724000'), Timestamp('2026-06-14 06:42:50.821000'), Timestamp('2026-06-14 06:42:51.324000'), Timestamp('2026-06-14 06:42:51.598000'), Timestamp('2026-06-14 06:42:52.111000'), Timestamp('2026-06-14 06:42:52.634000')]","[0.144, 0.319, 0.147, 0.312, 0.433, 0.317, 0.433, 0.313, 0.438, 0.31, 0.439, 8.095, 0.515, 0.425, 0.084, 0.276, 0.516, 0.428, 0.363, 0.511, 0.515, 0.283, 0.428, 0.097, 0.503, 0.274, 0.513, 0.523]","[32.43243243243243, 32.50564334085779, 32.50564334085779, 32.65306122448979, 32.50564334085779, 32.43243243243243, 32.65306122448979, 32.43243243243243, 32.14285714285714, 32.21476510067114, 32.071269487750556, 32.14285714285714, 40.0, 32.57918552036199, 32.28699551569506, 32.43243243243243, 32.35955056179775, 32.28699551569506, 32.43243243243243, 32.28699551569506, 32.35955056179775, 218.18181818181833, 192.00000000000009, 40.22346368715083, 24.78485370051635, 41.498559077809794, 54.9618320610687, 24.242424242424242, 41.498559077809794, 197.26027397260285, 192.00000000000009, 88.34355828220858, 182.27848101265832, 184.6153846153847, 88.88888888888887, 194.5945945945947, 187.0129870129871, 89.99999999999999, 173.4939759036145, 180.00000000000009, 187.012987012987, 167.44186046511632, 169.4117647058824, 90.56603773584905, 32.43243243243243, 20.224719101123593, 33.103448275862064, 20.253164556962023, 33.25635103926097]","[4.67027027027027, 10.369300225733634, 4.778329571106094, 10.187755102040814, 14.074943566591422, 10.28108108108108, 14.138775510204079, 10.15135135135135, 14.078571428571427, 9.986577181208052, 14.079287305122493, 260.19642857142856, 20.6, 13.846153846153845, 2.7121076233183854, 8.95135135135135, 16.697528089887637, 13.818834080717485, 11.77297297297297, 16.498654708520178, 16.66516853932584, 61.74545454545458, 82.17600000000003, 3.901675977653631, 12.466781411359724, 11.370605187319885, 28.195419847328242, 12.67878787878788]",711.090167224861,9.952372773151628,c:\git\RailwAI\VIDEO\20260614\ADTC Rastatt_00_20260614064235.mp4,2026-06-14 06:42:35,Lok
ADTC1_adz_raw_20260614_0715,2026-06-14 07:14:16.797,2026-06-14 07:14:26.874,"[Timestamp('2026-06-14 07:14:26.874000'), Timestamp('2026-06-14 07:14:26.976000'), Timestamp('2026-06-14 07:14:27.776000'), Timestamp('2026-06-14 07:14:27.880000'), Timestamp('2026-06-14 07:14:28.207000'), Timestamp('2026-06-14 07:14:28.310000'), Timestamp('2026-06-14 07:14:29.112000'), Timestamp('2026-06-14 07:14:29.214000'), Timestamp('2026-06-14 07:14:29.532000'), Timestamp('2026-06-14 07:14:29.659000'), Timestamp('2026-06-14 07:14:30.439000'), Timestamp('2026-06-14 07:14:30.561000'), Timestamp('2026-06-14 07:14:30.877000'), Timestamp('2026-06-14 07:14:30.985000'), Timestamp('2026-06-14 07:14:31.782000'), Timestamp('2026-06-14 07:14:31.888000'), Timestamp('2026-06-14 07:14:32.207000'), Timestamp('2026-06-14 07:14:32.327000'), Timestamp('2026-06-14 07:14:33.116000'), Timestamp('2026-06-14 07:14:33.234000'), Timestamp('2026-06-14 07:14:33.552000'), Timestamp('2026-06-14 07:14:33.659000'), Timestamp('2026-06-14 07:14:34.462000'), Timestamp('2026-06-14 07:14:34.571000'), Timestamp('2026-06-14 07:14:34.884000'), Timestamp('2026-06-14 07:14:35.011000'), Timestamp('2026-06-14 07:14:35.800000'), Timestamp('2026-06-14 07:14:35.917000'), Timestamp('2026-06-14 07:14:36.228000'), Timestamp('2026-06-14 07:14:36.348000'), Timestamp('2026-06-14 07:14:37.143000'), Timestamp('2026-06-14 07:14:37.264000'), Timestamp('2026-06-14 07:14:37.580000'), Timestamp('2026-06-14 07:14:37.689000'), Timestamp('2026-06-14 07:14:38.494000'), Timestamp('2026-06-14 07:14:38.603000'), Timestamp('2026-06-14 07:14:38.921000'), Timestamp('2026-06-14 07:14:39.037000'), Timestamp('2026-06-14 07:14:39.832000'), Timestamp('2026-06-14 07:14:39.950000'), Timestamp('2026-06-14 07:14:40.262000'), Timestamp('2026-06-14 07:14:40.383000'), Timestamp('2026-06-14 07:14:41.179000'), Timestamp('2026-06-14 07:14:41.298000'), Timestamp('2026-06-14 07:14:41.612000'), Timestamp('2026-06-14 07:14:41.734000'), Timestamp('2026-06-14 07:14:42.526000'), Timestamp('2026-06-14 07:14:42.650000'), Timestamp('2026-06-14 07:14:42.972000'), Timestamp('2026-06-14 07:14:43.080000'), Timestamp('2026-06-14 07:14:43.889000'), Timestamp('2026-06-14 07:14:43.995000')]","[0.102, 0.8, 0.104, 0.327, 0.103, 0.802, 0.102, 0.318, 0.127, 0.78, 0.122, 0.316, 0.108, 0.797, 0.106, 0.319, 0.12, 0.789, 0.118, 0.318, 0.107, 0.803, 0.109, 0.313, 0.127, 0.789, 0.117, 0.311, 0.12, 0.795, 0.121, 0.316, 0.109, 0.805, 0.109, 0.318, 0.116, 0.795, 0.118, 0.312, 0.121, 0.796, 0.119, 0.314, 0.122, 0.792, 0.124, 0.322, 0.108, 0.809, 0.106]","[34.24908424908425, 34.28615160907664, 34.40860215053763, 34.41567619659492, 33.983258984512055, 34.53639598835328, 34.22470767666497, 33.926073926073926, 34.6000987089903, 34.2255776710135, 33.9875178584856, 34.28615160907664, 34.40904419321686, 34.29665071770334, 33.8625391927537, 34.127244714974864, 34.28615160907664, 34.198782961460445, 34.02931138325637, 33.99518652226233, 33.65505046784057, 34.24908424908425, 34.160030337504736, 34.20672894357105, 33.89290161892902, 34.34343434343434, 34.29270032092099, 34.126663977410246, 34.355578196637794, 34.11320754716981, 34.35833312067778, 34.34343434343434, 34.63320313006917, 34.564070741545144, 34.18181818181818, 34.412566731958364, 34.337648451521744, 34.426858267917865, 34.35833312067778, 34.25101214574899, 34.46153846153846, 34.658606525614196, 34.408382315359056, 34.235329887503795, 34.14499030544154, 34.4147477195892, 34.49869089789003, 34.28484433280049, 34.11723411723412, 34.58633023850415, 33.97129186602871, 34.509803921568626]","[3.493406593406593, 27.428921287261314, 3.5784946236559136, 11.25392611628654, 3.5002756754047413, 27.69818958265933, 3.490920183019827, 10.788491508491509, 4.394212536041769, 26.695950583390527, 4.1464771787352435, 10.834423908468219, 3.7161767728674207, 27.334430622009567, 3.589429154431892, 10.886591064076981, 4.114338193089196, 26.98283975659229, 4.015458743224252, 10.810469314079421, 3.6010904000589408, 27.502014652014655, 3.7234433067880164, 10.706706159337738, 4.304398505603985, 27.096969696969694, 4.012245937547757, 10.613392496974587, 4.122669383596535, 27.119999999999997, 4.157358307602011, 10.85252525252525, 3.7750191411775393, 27.824076946943844, 3.7258181818181817, 10.94319622076276, 3.9831672203765227, 27.369352322994704, 4.054283308239977, 10.686315789473683, 4.169846153846153, 27.5882507943889, 4.094597495527728, 10.749893584676192, 4.1656888172638675, 27.256480193914648, 4.2778376713383635, 11.039719875161758, 3.684661284661285, 27.980341162949856, 3.600956937799043]",587.5357405995267,9.959945747040612,c:\git\RailwAI\VIDEO\20260614\ADTC Rastatt_00_20260614071427.mp4,2026-06-14 07:14:27,Trieb
ADTC1_adz_raw_20260614_0721,2026-06-14 07:20:38.048,2026-06-14 07:20:48.087,"[Timestamp('2026-06-14 07:20:48.087000'), Timestamp('2026-06-14 07:20:48.206000'), Timestamp('2026-06-14 07:20:48.566000'), Timestamp('2026-06-14 07:20:48.681000'), Timestamp('2026-06-14 07:20:48.917000'), Timestamp('2026-06-14 07:20:49.032000'), Timestamp('2026-06-14 07:20:49.828000'), Timestamp('2026-06-14 07:20:49.943000'), Timestamp('2026-06-14 07:20:50.135000'), Timestamp('2026-06-14 07:20:50.251000'), Timestamp('2026-06-14 07:20:51.040000'), Timestamp('2026-06-14 07:20:51.161000'), Timestamp('2026-06-14 07:20:51.354000'), Timestamp('2026-06-14 07:20:51.468000'), Timestamp('2026-06-14 07:20:52.264000'), Timestamp('2026-06-14 07:20:52.374000'), Timestamp('2026-06-14 07:20:52.573000'), Timestamp('2026-06-14 07:20:52.679000'), Timestamp('2026-06-14 07:20:53.478000'), Timestamp('2026-06-14 07:20:53.599000')]","[0.119, 0.36, 0.115, 0.236, 0.115, 0.796, 0.115, 0.192, 0.116, 0.789, 0.121, 0.193, 0.114, 0.796, 0.11, 0.199, 0.106, 0.799, 0.121]","[35.1034814695973, 35.298411625549164, 35.29602595296025, 34.71982420342175, 34.60818956557888, 34.909552523008564, 34.66833541927409, 33.922685046448905, 34.40904419321686, 34.95638382236321, 34.92063492063492, 34.66110531803962, 34.59470690595538, 34.3717974994876, 34.71982420342175, 35.04069697736688, 34.623886655377014, 35.05747126436782, 34.53237410071942, 34.4103703894035]","[4.177314294882079, 12.7074281851977, 4.059042984590429, 8.193878512007533, 3.979941800041572, 27.78800380831482, 3.9868585732165203, 6.5131555289181895, 3.9914491264131557, 27.58058683584457, 4.225396825396825, 6.6895933263816465, 3.943796587278913, 27.35995080959213, 3.8191806623763926, 6.973098698496009, 3.6701319854699634, 28.01091954022989, 4.17841726618705]",191.84814535083535,9.93025685019918,c:\git\RailwAI\VIDEO\20260614\ADTC Rastatt_00_20260614072048.mp4,2026-06-14 07:20:48,Lok
ADTC1_adz_raw_20260614_0751,2026-06-14 07:49:41.171,2026-06-14 07:49:51.184,"[Timestamp('2026-06-14 07:49:51.184000'), Timestamp('2026-06-14 07:49:51.306000'), Timestamp('2026-06-14 07:49:52.074000'), Timestamp('2026-06-14 07:49:52.198000'), Timestamp('2026-06-14 07:49:52.413000'), Timestamp('2026-06-14 07:49:52.535000'), Timestamp('2026-06-14 07:49:53.334000'), Timestamp('2026-06-14 07:49:53.449000'), Timestamp('2026-06-14 07:49:53.673000'), Timestamp('2026-06-14 07:49:53.788000'), Timestamp('2026-06-14 07:49:54.585000'), Timestamp('2026-06-14 07:49:54.705000'), Timestamp('2026-06-14 07:49:54.926000'), Timestamp('2026-06-14 07:49:55.046000'), Timestamp('2026-06-14 07:49:55.824000'), Timestamp('2026-06-14 07:49:55.944000')]","[0.122, 0.768, 0.124, 0.215, 0.122, 0.799, 0.115, 0.224, 0.115, 0.797, 0.12, 0.221, 0.12, 0.778, 0.12]","[32.70878317197186, 32.54386872134313, 33.00372142477406, 32.76488677662846, 32.67158252977879, 33.21958403678293, 32.766031801502706, 32.933976697658, 32.214765100671144, 32.77404921700224, 32.65457238059978, 32.48814677386106, 32.76794035414726, 32.82060872411053, 32.545738714719135, 32.48963511006254]","[3.990471546980567, 24.993691177991526, 4.092461456671983, 7.044450656975118, 3.9859330686330123, 26.542447645389565, 3.768093657172811, 7.377210780275392, 3.7046979865771816, 26.12091722595079, 3.918548685671974, 7.179880437023295, 3.9321528424976706, 25.53443358735799, 3.905488645766296]",156.0908794009352,9.682092547340575,c:\git\RailwAI\VIDEO\20260614\ADTC Rastatt_00_20260614074951.mp4,2026-06-14 07:49:51,Trieb
ADTC1_adz_raw_20260614_0802,2026-06-14 08:00:55.197,2026-06-14 08:01:05.234,"[Timestamp('2026-06-14 08:01:05.234000'), Timestamp('2026-06-14 08:01:05.345000'), Timestamp('2026-06-14 08:01:05.944000'), Timestamp('2026-06-14 08:01:06.064000'), Timestamp('2026-06-14 08:01:06.699000'), Timestamp('2026-06-14 08:01:06.819000'), Timestamp('2026-06-14 08:01:07.422000'), Timestamp('2026-06-14 08:01:07.531000')]","[0.111, 0.599, 0.12, 0.635, 0.12, 0.603, 0.109]","[34.04426559356137, 33.80323600520737, 34.22470767666497, 34.19141412220997, 33.92395579696572, 34.04940383357649, 34.103987884906616, 33.68462523392101]","[3.778913480885312, 20.24813836711921, 4.106964921199796, 21.71154796760333, 4.0708746956358866, 20.531790511646623, 3.717334679454821]",78.16556462354498,9.922914455202902,c:\git\RailwAI\VIDEO\20260614\ADTC Rastatt_00_20260614080105.mp4,2026-06-14 08:01:05,Trieb
ADTC1_adz_raw_20260614_0818,2026-06-14 08:17:02.275,2026-06-14 08:17:12.394,"[Timestamp('2026-06-14 08:17:12.394000'), Timestamp('2026-06-14 08:17:12.500000'), Timestamp('2026-06-14 08:17:13.295000'), Timestamp('2026-06-14 08:17:13.400000'), Timestamp('2026-06-14 08:17:13.720000'), Timestamp('2026-06-14 08:17:13.840000'), Timestamp('2026-06-14 08:17:14.627000'), Timestamp('2026-06-14 08:17:14.741000'), Timestamp('2026-06-14 08:17:15.053000'), Timestamp('2026-06-14 08:17:15.171000'), Timestamp('2026-06-14 08:17:15.958000'), Timestamp('2026-06-14 08:17:16.079000'), Timestamp('2026-06-14 08:17:16.389000'), Timestamp('2026-06-14 08:17:16.508000'), Timestamp('2026-06-14 08:17:17.292000'), Timestamp('2026-06-14 08:17:17.414000'), Timestamp('2026-06-14 08:17:17.732000'), Timestamp('2026-06-14 08:17:17.836000'), Timestamp('2026-06-14 08:17:18.635000'), Timestamp('2026-06-14 08:17:18.747000'), Timestamp('2026-06-14 08:17:19.062000'), Timestamp('2026-06-14 08:17:19.185000'), Timestamp('2026-06-14 08:17:19.970000'), Timestamp('2026-06-14 08:17:20.085000'), Timestamp('2026-06-14 08:17:20.396000'), Timestamp('2026-06-14 08:17:20.523000'), Timestamp('2026-06-14 08:17:21.309000'), Timestamp('2026-06-14 08:17:21.426000'), Timestamp('2026-06-14 08:17:21.744000'), Timestamp('2026-06-14 08:17:21.852000'), Timestamp('2026-06-14 08:17:22.655000'), Timestamp('2026-06-14 08:17:22.763000'), Timestamp('2026-06-14 08:17:23.080000'), Timestamp('2026-06-14 08:17:23.199000'), Timestamp('2026-06-14 08:17:23.986000'), Timestamp('2026-06-14 08:17:24.115000'), Timestamp('2026-06-14 08:17:24.428000'), Timestamp('2026-06-14 08:17:24.538000'), Timestamp('2026-06-14 08:17:25.341000'), Timestamp('2026-06-14 08:17:25.448000'), Timestamp('2026-06-14 08:17:25.770000'), Timestamp('2026-06-14 08:17:25.886000'), Timestamp('2026-06-14 08:17:26.679000'), Timestamp('2026-06-14 08:17:26.798000'), Timestamp('2026-06-14 08:17:27.118000'), Timestamp('2026-06-14 08:17:27.225000'), Timestamp('2026-06-14 08:17:28.033000'), Timestamp('2026-06-14 08:17:28.138000'), Timestamp('2026-06-14 08:17:28.469000'), Timestamp('2026-06-14 08:17:28.570000'), Timestamp('2026-06-14 08:17:29.378000'), Timestamp('2026-06-14 08:17:29.489000')]","[0.106, 0.795, 0.105, 0.32, 0.12, 0.787, 0.114, 0.312, 0.118, 0.787, 0.121, 0.31, 0.119, 0.784, 0.122, 0.318, 0.104, 0.799, 0.112, 0.315, 0.123, 0.785, 0.115, 0.311, 0.127, 0.786, 0.117, 0.318, 0.108, 0.803, 0.108, 0.317, 0.119, 0.787, 0.129, 0.313, 0.11, 0.803, 0.107, 0.322, 0.116, 0.793, 0.119, 0.32, 0.107, 0.808, 0.105, 0.331, 0.101, 0.808, 0.111]","[34.22731779240918, 34.22731779240918, 34.67330786382068, 34.16759550106394, 34.66426811622541, 34.10570952597304, 34.41258094357077, 33.880243993526705, 33.80867498514557, 33.984962406015036, 34.352435089875556, 34.10570952597304, 34.722549250451294, 34.174521131042866, 34.53237410071942, 34.78260869565217, 33.80449337896147, 33.74434752526625, 33.74434752526625, 34.16759550106394, 33.926073926073926, 33.89290161892902, 33.232317182727435, 33.27806214404153, 35.34188728276758, 33.69458128078818, 33.39140534262486, 33.008791001039796, 33.52020669819139, 33.6359292881032, 33.54473607181188, 33.627797408716134, 33.74403374403374, 33.46139905762957, 33.414043583535104, 33.05440322389475, 33.304473304473305, 33.61616161616162, 33.53083168751371, 33.8680926916221, 33.16863587540279, 33.76700177409816, 33.5717598808681, 33.67181751287711, 33.62563072551805, 34.837946223128, 33.29506314580941, 33.790710024824314, 33.84386617100371, 33.62563072551805, 33.77777777777777, 33.41228791028182]","[3.628095685995373, 27.2107176449653, 3.6406973257011717, 10.933630560340461, 4.159712173947049, 26.841193396940785, 3.9230342275670673, 10.570636125980332, 3.989423648247177, 26.746165413533834, 4.156644645874942, 10.572769953051642, 4.131983360803704, 26.792824566737607, 4.2129496402877695, 11.060869565217391, 3.5156673114119923, 26.961733672687735, 3.77936692282982, 10.762792582835141, 4.172907092907093, 26.605927770859278, 3.821716476013655, 10.349477326796915, 4.488419684911483, 26.483940886699507, 3.9067944250871087, 10.496795538330655, 3.62018232340467, 27.00965121834687, 3.6228314957556833, 10.660011778563014, 4.015540015540015, 26.334121058354473, 4.310411622276028, 10.346028209079057, 3.6634920634920634, 26.993777777777783, 3.587798990563967, 10.905525846702318, 3.847561761546724, 26.777232406859845, 3.995039425823304, 10.774981604120676, 3.5979424876304313, 28.149060548287427, 3.4959816303099878, 11.184725018216849, 3.4182304832713752, 27.169509626218588, 3.7493333333333325]",579.1458583520363,10.00638494146806,c:\git\RailwAI\VIDEO\20260614\ADTC Rastatt_00_20260614081713.mp4,2026-06-14 08:17:13,Trieb
ADTC1_adz_raw_20260614_0822,2026-06-14 08:21:04.051,2026-06-14 08:21:14.137,"[Timestamp('2026-06-14 08:21:14.137000'), Timestamp('2026-06-14 08:21:14.251000'), Timestamp('2026-06-14 08:21:14.933000'), Timestamp('2026-06-14 08:21:15.042000'), Timestamp('2026-06-14 08:21:15.265000'), Timestamp('2026-06-14 08:21:15.379000'), Timestamp('2026-06-14 08:21:16.054000'), Timestamp('2026-06-14 08:21:16.173000'), Timestamp('2026-06-14 08:21:16.394000'), Timestamp('2026-06-14 08:21:16.506000'), Timestamp('2026-06-14 08:21:17.181000'), Timestamp('2026-06-14 08:21:17.296000'), Timestamp('2026-06-14 08:21:17.518000'), Timestamp('2026-06-14 08:21:17.638000'), Timestamp('2026-06-14 08:21:18.308000'), Timestamp('2026-06-14 08:21:18.426000'), Timestamp('2026-06-14 08:21:18.644000'), Timestamp('2026-06-14 08:21:18.758000'), Timestamp('2026-06-14 08:21:19.435000'), Timestamp('2026-06-14 08:21:19.547000'), Timestamp('2026-06-14 08:21:19.770000'), Timestamp('2026-06-14 08:21:19.883000'), Timestamp('2026-06-14 08:21:20.564000'), Timestamp('2026-06-14 08:21:20.676000'), Timestamp('2026-06-14 08:21:20.900000'), Timestamp('2026-06-14 08:21:21.007000'), Timestamp('2026-06-14 08:21:21.684000'), Timestamp('2026-06-14 08:21:21.797000'), Timestamp('2026-06-14 08:21:22.025000'), Timestamp('2026-06-14 08:21:22.135000'), Timestamp('2026-06-14 08:21:22.811000'), Timestamp('2026-06-14 08:21:22.925000')]","[0.114, 0.682, 0.109, 0.223, 0.114, 0.675, 0.119, 0.221, 0.112, 0.675, 0.115, 0.222, 0.12, 0.67, 0.118, 0.218, 0.114, 0.677, 0.112, 0.223, 0.113, 0.681, 0.112, 0.224, 0.107, 0.677, 0.113, 0.228, 0.11, 0.676, 0.114]","[34.48382603312181, 35.059378623695466, 34.47048812562853, 34.65703971119133, 34.2299283062999, 34.78443522554219, 34.22731779240918, 34.65884652981427, 34.47137699845281, 34.41567619659492, 34.41567619659492, 34.59470690595538, 34.47137699845281, 33.86759581881533, 34.17062511875356, 34.568604846961904, 34.103987884906616, 34.74527462170794, 34.59470690595538, 34.53416149068323, 33.926073926073926, 34.61358557247544, 34.386774317570165, 34.543548324467054, 34.47937891723195, 34.679186228482, 34.60818956557888, 34.69366454441081, 34.6000987089903, 34.452862710796104, 34.16671925285543, 35.13448414291449]","[3.931156167775886, 23.910496221360308, 3.7572832056935095, 7.728519855595667, 3.9022118269181885, 23.47949377724098, 4.073050817296692, 7.6596050830889535, 3.8607942238267148, 23.230581432701573, 3.9578027626084165, 7.680024933122094, 4.136565239814337, 22.691289198606274, 4.0321337640129205, 7.535955856637695, 3.8878546188793544, 23.52255091889628, 3.8746071734670022, 7.701118012422361, 3.833646353646354, 23.57185177485578, 3.8513187235678585, 7.7377548246806205, 3.689293544143818, 23.477809076682316, 3.910725420910414, 7.9101555161256645, 3.8060108579889333, 23.29013519249817, 3.895005994825519]",303.5268023698906,9.975750763126063,c:\git\RailwAI\VIDEO\20260614\ADTC Rastatt_00_20260614082114.mp4,2026-06-14 08:21:14,Trieb
ADTC1_adz_raw_20260614_0827,2026-06-14 08:26:01.542,2026-06-14 08:26:11.607,"[Timestamp('2026-06-14 08:26:11.607000'), Timestamp('2026-06-14 08:26:11.718000'), Timestamp('2026-06-14 08:26:12.070000'), Timestamp('2026-06-14 08:26:12.180000'), Timestamp('2026-06-14 08:26:12.411000'), Timestamp('2026-06-14 08:26:12.523000'), Timestamp('2026-06-14 08:26:13.308000'), Timestamp('2026-06-14 08:26:13.417000'), Timestamp('2026-06-14 08:26:13.610000'), Timestamp('2026-06-14 08:26:13.720000'), Timestamp('2026-06-14 08:26:14.498000'), Timestamp('2026-06-14 08:26:14.619000'), Timestamp('2026-06-14 08:26:14.804000'), Timestamp('2026-06-14 08:26:14.916000'), Timestamp('2026-06-14 08:26:15.700000'), Timestamp('2026-06-14 08:26:15.812000'), Timestamp('2026-06-14 08:26:16.009000'), Timestamp('2026-06-14 08:26:16.114000'), Timestamp('2026-06-14 08:26:16.901000'), Timestamp('2026-06-14 08:26:17.011000')]","[0.111, 0.352, 0.11, 0.231, 0.112, 0.785, 0.109, 0.193, 0.11, 0.778, 0.121, 0.185, 0.112, 0.784, 0.112, 0.197, 0.105, 0.787, 0.11]","[34.53416149068323, 35.76026637069922, 35.651408450704224, 35.18796992481202, 35.324675324675326, 35.165306998711884, 34.73890851982725, 35.22947640594699, 35.69217160548429, 34.53237410071942, 35.42435424354243, 34.86514276674839, 35.106297633373444, 35.22947640594699, 34.475822050290134, 35.12038523274478, 34.47937891723195, 35.006243524004354, 35.573122529644266, 35.61466906662636]","[3.8332919254658386, 12.587613762486125, 3.9216549295774645, 8.128421052631579, 3.9563636363636365, 27.60476599398883, 3.78654102866117, 6.799288946347769, 3.926138876603272, 26.866187050359713, 4.286346863468634, 6.450051411848452, 3.931905334937826, 27.61990950226244, 3.861292069632495, 6.918715890850722, 3.6203347863093542, 27.549913653391428, 3.913043478260869]",189.5617801934476,9.958928975726788,c:\git\RailwAI\VIDEO\20260614\ADTC Rastatt_00_20260614082611.mp4,2026-06-14 08:26:11,Lok
ADTC1_adz_raw_20260614_0845,2026-06-14 08:44:34.624,2026-06-14 08:44:44.645,"[Timestamp('2026-06-14 08:44:44.645000'), Timestamp('2026-06-14 08:44:44.758000'), Timestamp('2026-06-14 08:44:45.350000'), Timestamp('2026-06-14 08:44:45.475000'), Timestamp('2026-06-14 08:44:46.106000'), Timestamp('2026-06-14 08:44:46.231000'), Timestamp('2026-06-14 08:44:46.829000'), Timestamp('2026-06-14 08:44:46.938000')]","[0.113, 0.592, 0.125, 0.631, 0.125, 0.598, 0.109]","[34.103987884906616, 34.22731779240918, 34.81185621189826, 33.86759581881533, 34.289650597645135, 33.92395579696572, 33.80952380952381, 34.04940383357649]","[3.8537506309944476, 20.262572133106236, 4.351482026487282, 21.370452961672473, 4.286206324705642, 20.2865255665855, 3.685238095238095]",78.09622773878966,9.807757622462905,c:\git\RailwAI\VIDEO\20260614\ADTC Rastatt_00_20260614084445.mp4,2026-06-14 08:44:45,Trieb
ADTC1_adz_raw_20260614_0900,2026-06-14 08:58:45.437,2026-06-14 08:58:55.447,"[Timestamp('2026-06-14 08:58:55.447000'), Timestamp('2026-06-14 08:58:55.906000'), Timestamp('2026-06-14 08:58:56.806000')]","[0.459, 0.9]","[34.79905437352245, 34.978364172130924, 35.424836601307184, 34.7334537175159, 34.39080459770115, 35.0383631713555]","[15.972765957446805, 31.480527754917834]",47.45329371236464,9.831155197978749,c:\git\RailwAI\VIDEO\20260614\ADTC Rastatt_00_20260614085855.mp4,2026-06-14 08:58:55,Trieb
ADTC1_adz_raw_20260614_0915,2026-06-14 09:14:24.854,2026-06-14 09:14:34.878,"[Timestamp('2026-06-14 09:14:34.878000'), Timestamp('2026-06-14 09:14:34.985000'), Timestamp('2026-06-14 09:14:35.779000'), Timestamp('2026-06-14 09:14:35.884000'), Timestamp('2026-06-14 09:14:36.205000'), Timestamp('2026-06-14 09:14:36.317000'), Timestamp('2026-06-14 09:14:37.114000'), Timestamp('2026-06-14 09:14:37.216000'), Timestamp('2026-06-14 09:14:37.531000'), Timestamp('2026-06-14 09:14:37.656000'), Timestamp('2026-06-14 09:14:38.441000'), Timestamp('2026-06-14 09:14:38.557000'), Timestamp('2026-06-14 09:14:38.871000'), Timestamp('2026-06-14 09:14:38.982000'), Timestamp('2026-06-14 09:14:39.781000'), Timestamp('2026-06-14 09:14:39.884000'), Timestamp('2026-06-14 09:14:40.208000'), Timestamp('2026-06-14 09:14:40.319000'), Timestamp('2026-06-14 09:14:41.110000'), Timestamp('2026-06-14 09:14:41.227000'), Timestamp('2026-06-14 09:14:41.544000'), Timestamp('2026-06-14 09:14:41.656000'), Timestamp('2026-06-14 09:14:42.452000'), Timestamp('2026-06-14 09:14:42.564000'), Timestamp('2026-06-14 09:14:42.881000'), Timestamp('2026-06-14 09:14:43.001000'), Timestamp('2026-06-14 09:14:43.788000'), Timestamp('2026-06-14 09:14:43.902000'), Timestamp('2026-06-14 09:14:44.221000'), Timestamp('2026-06-14 09:14:44.344000'), Timestamp('2026-06-14 09:14:45.130000'), Timestamp('2026-06-14 09:14:45.246000'), Timestamp('2026-06-14 09:14:45.567000'), Timestamp('2026-06-14 09:14:45.671000'), Timestamp('2026-06-14 09:14:46.476000'), Timestamp('2026-06-14 09:14:46.583000'), Timestamp('2026-06-14 09:14:46.904000'), Timestamp('2026-06-14 09:14:47.024000'), Timestamp('2026-06-14 09:14:47.812000'), Timestamp('2026-06-14 09:14:47.935000'), Timestamp('2026-06-14 09:14:48.251000'), Timestamp('2026-06-14 09:14:48.373000'), Timestamp('2026-06-14 09:14:49.162000'), Timestamp('2026-06-14 09:14:49.285000'), Timestamp('2026-06-14 09:14:49.603000'), Timestamp('2026-06-14 09:14:49.711000'), Timestamp('2026-06-14 09:14:50.513000'), Timestamp('2026-06-14 09:14:50.624000')]","[0.107, 0.794, 0.105, 0.321, 0.112, 0.797, 0.102, 0.315, 0.125, 0.785, 0.116, 0.314, 0.111, 0.799, 0.103, 0.324, 0.111, 0.791, 0.117, 0.317, 0.112, 0.796, 0.112, 0.317, 0.12, 0.787, 0.114, 0.319, 0.123, 0.786, 0.116, 0.321, 0.104, 0.805, 0.107, 0.321, 0.12, 0.788, 0.123, 0.316, 0.122, 0.789, 0.123, 0.318, 0.108, 0.802, 0.111]","[34.4196566258867, 34.41258094357077, 34.436915797729405, 34.61358557247544, 34.436915797729405, 34.69366454441081, 34.53282093086448, 33.86506731702461, 34.47048812562853, 34.495393904988, 34.40860215053763, 34.352435089875556, 33.92395579696572, 34.16759550106394, 34.35595390524968, 34.43027560674619, 34.28746364610439, 34.35595390524968, 34.165431817318286, 34.321173661563606, 34.53639598835328, 34.05325853155385, 34.24298685114067, 34.11604302378427, 34.285714285714285, 34.05325853155385, 33.875183590152105, 34.1391442515038, 34.386774317570165, 34.198782961460445, 34.15053328615478, 34.3717974994876, 33.90050073490944, 33.92839333798743, 33.99195663577548, 33.84477878742737, 34.2560553633218, 34.038707734016114, 34.23697837343893, 33.97358943577431, 33.73790590610305, 33.871567824986975, 33.60621685687055, 33.59707851491174, 33.18077803203661, 33.715233007920425, 33.871567824986975, 33.58241758241758]","[3.682903258969877, 27.32358926919519, 3.6158761587615875, 11.110960968764617, 3.8569345693456936, 27.650850641895417, 3.522347734948177, 10.667496204862752, 4.308811015703566, 27.07888421541558, 3.9913978494623654, 10.786664618220925, 3.765559093463195, 27.299908805350093, 3.5386632522407164, 11.155409296585766, 3.8059084647175876, 27.175559539052497, 3.99735552262624, 10.879812050715664, 3.868076350695567, 27.10639379111687, 3.8352145273277554, 10.814785638539615, 4.114285714285714, 26.799914464332883, 3.86177092927734, 10.890387016229713, 4.22957324106113, 26.880243407707912, 3.961461861193955, 11.033346997335519, 3.525652076430582, 27.312356637079883, 3.637139360027976, 10.864173990764186, 4.110726643598616, 26.8225016944047, 4.211148339932988, 10.735654261704681, 4.116024520544572, 26.724667013914726, 4.133564673395078, 10.683870967741935, 3.583524027459954, 27.039616872352184, 3.759744028573554]",537.870711577327,9.912898388073932,c:\git\RailwAI\VIDEO\20260614\ADTC Rastatt_00_20260614091435.mp4,2026-06-14 09:14:35,Trieb
ADTC1_adz_raw_20260614_0925,2026-06-14 09:23:38.349,2026-06-14 09:23:48.373,"[Timestamp('2026-06-14 09:23:48.373000'), Timestamp('2026-06-14 09:23:48.497000'), Timestamp('2026-06-14 09:23:49.128000'), Timestamp('2026-06-14 09:23:49.256000'), Timestamp('2026-06-14 09:23:49.926000'), Timestamp('2026-06-14 09:23:50.047000'), Timestamp('2026-06-14 09:23:50.712000'), Timestamp('2026-06-14 09:23:50.838000'), Timestamp('2026-06-14 09:23:51.508000'), Timestamp('2026-06-14 09:23:51.629000'), Timestamp('2026-06-14 09:23:52.303000'), Timestamp('2026-06-14 09:23:52.428000'), Timestamp('2026-06-14 09:23:53.096000'), Timestamp('2026-06-14 09:23:53.214000'), Timestamp('2026-06-14 09:23:53.883000'), Timestamp('2026-06-14 09:23:54.012000'), Timestamp('2026-06-14 09:23:54.677000'), Timestamp('2026-06-14 09:23:54.798000'), Timestamp('2026-06-14 09:23:55.468000'), Timestamp('2026-06-14 09:23:55.591000'), Timestamp('2026-06-14 09:23:56.261000'), Timestamp('2026-06-14 09:23:56.387000'), Timestamp('2026-06-14 09:23:57.023000'), Timestamp('2026-06-14 09:23:57.136000')]","[0.124, 0.631, 0.128, 0.67, 0.121, 0.665, 0.126, 0.67, 0.121, 0.674, 0.125, 0.668, 0.118, 0.669, 0.129, 0.665, 0.121, 0.67, 0.123, 0.67, 0.126, 0.636, 0.113]","[35.02392344497608, 35.2304252969537, 34.752553024351926, 35.100665757600055, 34.913245873889124, 35.29602595296025, 34.82832956517167, 35.3060479454833, 34.978364172130924, 34.78443522554219, 34.78991596638655, 35.165306998711884, 35.238967616789694, 35.03696303696303, 34.99880468563232, 34.848604632777295, 35.37363263755055, 35.04069697736688, 34.76074487310442, 35.212081312391675, 35.604395604395606, 35.37525354969574, 34.98690372251766, 35.462221260012996]","[4.342966507177033, 22.230398362377784, 4.448326787117047, 23.51744605759204, 4.224502750740584, 23.47185725871857, 4.388369525211631, 23.655052123473812, 4.232382064827842, 23.444709342015436, 4.348739495798319, 23.49042507513954, 4.158198178781183, 23.439728271728267, 4.51484580444657, 23.1743220807969, 4.280209549143616, 23.47726697483581, 4.275571619391844, 23.592094479302425, 4.486153846153846, 22.498661257606493, 3.953520120644496]",307.6457475330211,9.916380203393064,c:\git\RailwAI\VIDEO\20260614\ADTC Rastatt_00_20260614092348.mp4,2026-06-14 09:23:48,Trieb
ADTC1_adz_raw_20260614_0950,2026-06-14 09:49:01.741,2026-06-14 09:49:11.764,"[Timestamp('2026-06-14 09:49:11.764000'), Timestamp('2026-06-14 09:49:11.909000'), Timestamp('2026-06-14 09:49:12.229000'), Timestamp('2026-06-14 09:49:12.369000'), Timestamp('2026-06-14 09:49:12.620000'), Timestamp('2026-06-14 09:49:12.699000'), Timestamp('2026-06-14 09:49:13.140000'), Timestamp('2026-06-14 09:49:13.219000'), Timestamp('2026-06-14 09:49:13.401000'), Timestamp('2026-06-14 09:49:13.481000'), Timestamp('2026-06-14 09:49:13.937000'), Timestamp('2026-06-14 09:49:14.015000'), Timestamp('2026-06-14 09:49:14.186000'), Timestamp('2026-06-14 09:49:14.268000'), Timestamp('2026-06-14 09:49:14.724000'), Timestamp('2026-06-14 09:49:14.800000'), Timestamp('2026-06-14 09:49:14.962000'), Timestamp('2026-06-14 09:49:15.038000'), Timestamp('2026-06-14 09:49:15.498000'), Timestamp('2026-06-14 09:49:15.577000'), Timestamp('2026-06-14 09:49:15.747000'), Timestamp('2026-06-14 09:49:15.829000'), Timestamp('2026-06-14 09:49:16.283000'), Timestamp('2026-06-14 09:49:16.362000'), Timestamp('2026-06-14 09:49:16.544000'), Timestamp('2026-06-14 09:49:16.624000'), Timestamp('2026-06-14 09:49:17.078000'), Timestamp('2026-06-14 09:49:17.156000'), Timestamp('2026-06-14 09:49:17.324000'), Timestamp('2026-06-14 09:49:17.409000'), Timestamp('2026-06-14 09:49:17.858000'), Timestamp('2026-06-14 09:49:17.937000'), Timestamp('2026-06-14 09:49:18.105000'), Timestamp('2026-06-14 09:49:18.185000'), Timestamp('2026-06-14 09:49:18.626000'), Timestamp('2026-06-14 09:49:18.704000'), Timestamp('2026-06-14 09:49:18.884000'), Timestamp('2026-06-14 09:49:18.962000'), Timestamp('2026-06-14 09:49:19.415000'), Timestamp('2026-06-14 09:49:19.495000'), Timestamp('2026-06-14 09:49:19.673000'), Timestamp('2026-06-14 09:49:19.752000'), Timestamp('2026-06-14 09:49:20.206000'), Timestamp('2026-06-14 09:49:20.285000'), Timestamp('2026-06-14 09:49:20.466000'), Timestamp('2026-06-14 09:49:20.543000'), Timestamp('2026-06-14 09:49:20.982000'), Timestamp('2026-06-14 09:49:21.059000'), Timestamp('2026-06-14 09:49:21.239000'), Timestamp('2026-06-14 09:49:21.318000'), Timestamp('2026-06-14 09:49:21.770000'), Timestamp('2026-06-14 09:49:21.849000'), Timestamp('2026-06-14 09:49:22.028000'), Timestamp('2026-06-14 09:49:22.108000'), Timestamp('2026-06-14 09:49:22.561000'), Timestamp('2026-06-14 09:49:22.638000'), Timestamp('2026-06-14 09:49:22.801000'), Timestamp('2026-06-14 09:49:22.883000'), Timestamp('2026-06-14 09:49:23.265000'), Timestamp('2026-06-14 09:49:23.343000'), Timestamp('2026-06-14 09:49:23.498000'), Timestamp('2026-06-14 09:49:23.574000'), Timestamp('2026-06-14 09:49:23.962000'), Timestamp('2026-06-14 09:49:24.037000'), Timestamp('2026-06-14 09:49:24.191000'), Timestamp('2026-06-14 09:49:24.273000'), Timestamp('2026-06-14 09:49:24.655000'), Timestamp('2026-06-14 09:49:24.731000'), Timestamp('2026-06-14 09:49:24.889000'), Timestamp('2026-06-14 09:49:24.967000'), Timestamp('2026-06-14 09:49:25.352000'), Timestamp('2026-06-14 09:49:25.426000'), Timestamp('2026-06-14 09:49:25.582000'), Timestamp('2026-06-14 09:49:25.660000'), Timestamp('2026-06-14 09:49:26.043000'), Timestamp('2026-06-14 09:49:26.119000'), Timestamp('2026-06-14 09:49:26.276000'), Timestamp('2026-06-14 09:49:26.357000'), Timestamp('2026-06-14 09:49:26.735000'), Timestamp('2026-06-14 09:49:26.815000'), Timestamp('2026-06-14 09:49:26.970000'), Timestamp('2026-06-14 09:49:27.046000'), Timestamp('2026-06-14 09:49:27.503000'), Timestamp('2026-06-14 09:49:27.579000')]","[0.145, 0.32, 0.14, 0.251, 0.079, 0.441, 0.079, 0.182, 0.08, 0.456, 0.078, 0.171, 0.082, 0.456, 0.076, 0.162, 0.076, 0.46, 0.079, 0.17, 0.082, 0.454, 0.079, 0.182, 0.08, 0.454, 0.078, 0.168, 0.085, 0.449, 0.079, 0.168, 0.08, 0.441, 0.078, 0.18, 0.078, 0.453, 0.08, 0.178, 0.079, 0.454, 0.079, 0.181, 0.077, 0.439, 0.077, 0.18, 0.079, 0.452, 0.079, 0.179, 0.08, 0.453, 0.077, 0.163, 0.082, 0.382, 0.078, 0.155, 0.076, 0.388, 0.075, 0.154, 0.082, 0.382, 0.076, 0.158, 0.078, 0.385, 0.074, 0.156, 0.078, 0.383, 0.076, 0.157, 0.081, 0.378, 0.08, 0.155, 0.076, 0.457, 0.076]","[33.922685046448905, 33.932853717026376, 33.56643356643357, 33.68462523392101, 33.81791118829075, 34.04940383357649, 33.926073926073926, 33.932853717026376, 33.647058823529406, 34.301464958399265, 34.31372549019608, 34.126663977410246, 34.42799323735847, 33.885160328113344, 33.54109855862875, 33.885160328113344, 33.18077803203661, 33.885160328113344, 33.494863345609616, 33.33333333333333, 33.42972816657027, 33.629528366370465, 33.555878084179966, 33.629528366370465, 33.3716915995397, 33.26164874551971, 33.3206106870229, 33.6989907854322, 33.51048410474442, 33.56643356643356, 33.22744298515954, 33.3716915995397, 33.3206106870229, 33.75, 33.29545454545455, 33.3206106870229, 33.044537067391, 33.531784136739006, 33.035714285714285, 33.09568480300187, 33.18546484190656, 32.54459410265744, 33.27635327635328, 32.72727272727273, 32.89036544850498, 33.0624824880919, 32.49662618083671, 32.63964950711939, 32.334370831480655, 32.52179411897556, 32.55813953488372, 32.19616204690831, 32.113714135298764, 32.467532467532465, 32.24629621390754, 32.29946524064171, 32.31893687707641, 32.355698406321146, 32.054650551760375, 32.355698406321146, 31.998601154047908, 32.08020050125313, 31.68147641831852, 31.974921630094045, 31.879932720921204, 32.054650551760375, 31.452934011005162, 32.020860495436764, 31.794871794871796, 31.83821623023075, 31.864319671077986, 31.7593984962406, 31.941116056145155, 31.68147641831852, 31.260923845193506, 31.66496424923391, 31.648351648351646, 32.084450982088775, 31.225296442687743, 31.79146434960388, 31.576292559899116, 31.576292559899116, 31.434511434511432, 31.15986688031554]","[4.918789331735091, 10.858513189448441, 4.6993006993007, 8.454840933714173, 2.6716149838749694, 15.015787090607233, 2.68015984015984, 6.1757793764988005, 2.6917647058823526, 15.641468021030066, 2.676470588235294, 5.8356595401371525, 2.823095445463395, 15.451633109619685, 2.5491234904557847, 5.489395973154362, 2.5217391304347827, 15.58717375093214, 2.64609420430316, 5.666666666666666, 2.7412377096587623, 15.267805878332192, 2.6509143686502172, 6.120574162679424, 2.6697353279631764, 15.100788530465948, 2.599007633587786, 5.66143045195261, 2.848391148903276, 15.071328671328668, 2.6249679958276038, 5.60644418872267, 2.665648854961832, 14.883750000000001, 2.5970454545454547, 5.997709923664122, 2.577473891256498, 15.18989821394277, 2.642857142857143, 5.891031894934333, 2.621651722510618, 14.77524572260648, 2.6288319088319088, 5.923636363636363, 2.5325581395348835, 14.514429812272345, 2.5022402159244264, 5.87513691128149, 2.554415295686972, 14.699850941776955, 2.572093023255814, 5.763113006396588, 2.5690971308239012, 14.707792207792206, 2.482964808470881, 5.264812834224599, 2.6501528239202656, 12.359876791214678, 2.500262743037309, 5.015133252979777, 2.431893687707641, 12.447117794486216, 2.376110731373889, 4.924137931034482, 2.6141544831155388, 12.244876510772464, 2.390422984836392, 5.059295958279009, 2.48, 12.257713248638838, 2.357959655659771, 4.954466165413534, 2.491407052379322, 12.134005468215994, 2.3758302122347064, 4.971399387129724, 2.563516483516483, 12.127922471229557, 2.4980237154150196, 4.927676974188602, 2.3997982345523328, 14.430365699873896, 2.389022869022869]",520.8235248911432,9.90676280087049,c:\git\RailwAI\VIDEO\20260614\ADTC Rastatt_00_20260614094912.mp4,2026-06-14 09:49:12,Lok
ADTC1_adz_raw_20260614_1002,2026-06-14 10:01:23.194,2026-06-14 10:01:33.308,"[Timestamp('2026-06-14 10:01:33.308000'), Timestamp('2026-06-14 10:01:33.778000'), Timestamp('2026-06-14 10:01:34.226000'), Timestamp('2026-06-14 10:01:34.692000'), Timestamp('2026-06-14 10:01:35.044000'), Timestamp('2026-06-14 10:01:35.507000'), Timestamp('2026-06-14 10:01:36.425000')]","[0.47, 0.448, 0.466, 0.352, 0.463, 0.918]","[34.81185621189826, 53.38345864661654, 33.81791118829075, 34.06997231311351, 33.943028485757125, 33.008791001039796, 32.267087750958716, 33.25023969319271]","[16.361572419592182, 23.91578947368421, 15.759146613743491, 11.992630254215955, 15.71562218890555, 30.302070138954534]",114.04683108909592,9.928072130483235,c:\git\RailwAI\VIDEO\20260614\ADTC Rastatt_00_20260614100133.mp4,2026-06-14 10:01:33,Trieb
ADTC1_adz_raw_20260614_1011,2026-06-14 10:09:38.691,2026-06-14 10:09:48.781,"[Timestamp('2026-06-14 10:09:48.781000'), Timestamp('2026-06-14 10:09:48.933000'), Timestamp('2026-06-14 10:09:49.475000'), Timestamp('2026-06-14 10:09:49.625000'), Timestamp('2026-06-14 10:09:49.786000'), Timestamp('2026-06-14 10:09:49.938000'), Timestamp('2026-06-14 10:09:50.719000'), Timestamp('2026-06-14 10:09:50.875000'), Timestamp('2026-06-14 10:09:51.652000'), Timestamp('2026-06-14 10:09:51.809000'), Timestamp('2026-06-14 10:09:52.600000'), Timestamp('2026-06-14 10:09:52.743000'), Timestamp('2026-06-14 10:09:53.537000'), Timestamp('2026-06-14 10:09:53.681000'), Timestamp('2026-06-14 10:09:54.478000'), Timestamp('2026-06-14 10:09:54.629000'), Timestamp('2026-06-14 10:09:55.418000'), Timestamp('2026-06-14 10:09:55.568000'), Timestamp('2026-06-14 10:09:56.369000'), Timestamp('2026-06-14 10:09:56.522000'), Timestamp('2026-06-14 10:09:57.319000'), Timestamp('2026-06-14 10:09:57.464000'), Timestamp('2026-06-14 10:09:57.636000'), Timestamp('2026-06-14 10:09:57.790000'), Timestamp('2026-06-14 10:09:58.346000'), Timestamp('2026-06-14 10:09:58.496000')]","[0.152, 0.542, 0.15, 0.161, 0.152, 0.781, 0.156, 0.777, 0.157, 0.791, 0.143, 0.794, 0.144, 0.797, 0.151, 0.789, 0.15, 0.801, 0.153, 0.797, 0.145, 0.172, 0.154, 0.556, 0.15]","[32.07926094524033, 32.276292294826305, 31.737704918032787, 31.789473684210527, 31.953921134249004, 31.42465283730499, 31.695596744140435, 31.847890671420082, 31.847890671420082, 31.170145477545855, 31.27865511971472, 31.564625850340136, 31.631744653132124, 31.580314244903256, 31.373889268626108, 31.100533649259283, 31.018499185701756, 31.070889894419302, 30.384615384615383, 30.72637142037773, 30.344552082293017, 30.428580039783803, 31.07609788803218, 30.748416456552487, 30.314078235663267, 30.814814814814813]","[4.8760476636765295, 17.49375042379586, 4.7606557377049175, 5.118105263157895, 4.856996012405848, 24.542653865935197, 4.9445130920859075, 24.745811051693405, 5.000118835412953, 24.655585072738774, 4.4728476821192045, 25.06231292517007, 4.554971230051025, 25.169510453187897, 4.737457279562542, 24.538321049265576, 4.652774877855263, 24.88778280542986, 4.648846153846153, 24.48891802204105, 4.399960051932487, 5.233715766842813, 4.785719074756956, 17.096119549843184, 4.54711173534949]",304.2706056758609,9.966945694795934,c:\git\RailwAI\VIDEO\20260614\ADTC Rastatt_00_20260614100949.mp4,2026-06-14 10:09:49,Trieb
ADTC1_adz_raw_20260614_1015,2026-06-14 10:14:14.774,2026-06-14 10:14:24.842,"[Timestamp('2026-06-14 10:14:24.842000'), Timestamp('2026-06-14 10:14:24.944000'), Timestamp('2026-06-14 10:14:25.726000'), Timestamp('2026-06-14 10:14:25.831000'), Timestamp('2026-06-14 10:14:26.137000'), Timestamp('2026-06-14 10:14:26.257000'), Timestamp('2026-06-14 10:14:27.023000'), Timestamp('2026-06-14 10:14:27.139000'), Timestamp('2026-06-14 10:14:27.439000'), Timestamp('2026-06-14 10:14:27.555000'), Timestamp('2026-06-14 10:14:28.324000'), Timestamp('2026-06-14 10:14:28.440000'), Timestamp('2026-06-14 10:14:28.747000'), Timestamp('2026-06-14 10:14:28.864000'), Timestamp('2026-06-14 10:14:29.626000'), Timestamp('2026-06-14 10:14:29.745000'), Timestamp('2026-06-14 10:14:30.055000'), Timestamp('2026-06-14 10:14:30.159000'), Timestamp('2026-06-14 10:14:30.945000'), Timestamp('2026-06-14 10:14:31.045000'), Timestamp('2026-06-14 10:14:31.360000'), Timestamp('2026-06-14 10:14:31.472000'), Timestamp('2026-06-14 10:14:32.242000'), Timestamp('2026-06-14 10:14:32.359000'), Timestamp('2026-06-14 10:14:32.663000'), Timestamp('2026-06-14 10:14:32.785000'), Timestamp('2026-06-14 10:14:33.548000'), Timestamp('2026-06-14 10:14:33.666000'), Timestamp('2026-06-14 10:14:33.980000'), Timestamp('2026-06-14 10:14:34.085000'), Timestamp('2026-06-14 10:14:34.867000'), Timestamp('2026-06-14 10:14:34.974000'), Timestamp('2026-06-14 10:14:35.281000'), Timestamp('2026-06-14 10:14:35.403000'), Timestamp('2026-06-14 10:14:36.175000'), Timestamp('2026-06-14 10:14:36.290000'), Timestamp('2026-06-14 10:14:36.601000'), Timestamp('2026-06-14 10:14:36.712000'), Timestamp('2026-06-14 10:14:37.495000'), Timestamp('2026-06-14 10:14:37.597000'), Timestamp('2026-06-14 10:14:37.906000'), Timestamp('2026-06-14 10:14:38.027000'), Timestamp('2026-06-14 10:14:38.807000'), Timestamp('2026-06-14 10:14:38.917000'), Timestamp('2026-06-14 10:14:39.234000'), Timestamp('2026-06-14 10:14:39.335000'), Timestamp('2026-06-14 10:14:40.123000'), Timestamp('2026-06-14 10:14:40.228000'), Timestamp('2026-06-14 10:14:40.546000'), Timestamp('2026-06-14 10:14:40.652000'), Timestamp('2026-06-14 10:14:41.439000'), Timestamp('2026-06-14 10:14:41.543000')]","[0.102, 0.782, 0.105, 0.306, 0.12, 0.766, 0.116, 0.3, 0.116, 0.769, 0.116, 0.307, 0.117, 0.762, 0.119, 0.31, 0.104, 0.786, 0.1, 0.315, 0.112, 0.77, 0.117, 0.304, 0.122, 0.763, 0.118, 0.314, 0.105, 0.782, 0.107, 0.307, 0.122, 0.772, 0.115, 0.311, 0.111, 0.783, 0.102, 0.309, 0.121, 0.78, 0.11, 0.317, 0.101, 0.788, 0.105, 0.318, 0.106, 0.787, 0.104]","[35.106297633373444, 35.16672257631667, 35.17663481155374, 35.29602595296025, 35.13448414291449, 35.04069697736688, 34.59470690595538, 34.86514276674839, 34.59740259740259, 34.98672331386086, 35.490924994533124, 34.69366454441081, 34.635186437152214, 34.6000987089903, 34.6000987089903, 34.5956054230949, 34.35595390524968, 34.47137699845281, 34.59740259740259, 34.635186437152214, 34.349796451340346, 34.72527472527472, 34.349796451340346, 34.29271279853032, 34.4196566258867, 34.285714285714285, 34.5956054230949, 34.30715625837577, 34.55428238492911, 34.65410932174727, 34.301464958399265, 34.722549250451294, 34.20702248259596, 35.006243524004354, 34.31372549019608, 34.93172435693871, 34.495393904988, 34.29271279853032, 34.67666354264293, 34.52213701102017, 34.57748118258711, 34.115052611681676, 34.174521131042866, 34.77305715742811, 34.49546010689677, 34.89989462592202, 34.06005140099041, 34.466516485766945, 34.604651162790695, 34.915071092545496, 34.93091196210028, 34.911616161616166]","[3.580842358604091, 27.50037705467964, 3.6935466552131424, 10.800583941605836, 4.216138097149738, 26.84117388466303, 4.012986001090824, 10.459542830024517, 4.013298701298701, 26.904790228359, 4.116947299365843, 10.650955015134118, 4.05231681314681, 26.36527521625061, 4.117411746369846, 10.72463768115942, 3.5730192061459665, 27.09450232078391, 3.4597402597402596, 10.910083727702947, 3.8471772025501187, 26.738461538461536, 4.018926184806821, 10.424984690753217, 4.1991981083581775, 26.16, 4.0822814399251985, 10.772447065129992, 3.628199650417556, 27.099513489606366, 3.670256750548721, 10.659822619888548, 4.173256742876707, 27.024820000531363, 3.946078431372549, 10.863766275007938, 3.828988723453668, 26.85119412124924, 3.5370196813495784, 10.667340336405232, 4.18387522309304, 26.609741037111707, 3.7591973244147154, 11.023059118904712, 3.484041470796574, 27.501116965226554, 3.576305397103993, 10.960352242473888, 3.6680930232558135, 27.478160949833306, 3.632814844058429]",579.1586596874535,9.956237845225395,c:\git\RailwAI\VIDEO\20260614\ADTC Rastatt_00_20260614101425.mp4,2026-06-14 10:14:25,Trieb
ADTC1_adz_raw_20260614_1030,2026-06-14 10:29:03.485,2026-06-14 10:29:13.539,"[Timestamp('2026-06-14 10:29:13.539000'), Timestamp('2026-06-14 10:29:13.651000'), Timestamp('2026-06-14 10:29:14.329000'), Timestamp('2026-06-14 10:29:14.439000'), Timestamp('2026-06-14 10:29:14.661000'), Timestamp('2026-06-14 10:29:14.776000'), Timestamp('2026-06-14 10:29:15.455000'), Timestamp('2026-06-14 10:29:15.567000'), Timestamp('2026-06-14 10:29:15.794000'), Timestamp('2026-06-14 10:29:15.900000'), Timestamp('2026-06-14 10:29:16.580000'), Timestamp('2026-06-14 10:29:16.692000'), Timestamp('2026-06-14 10:29:16.916000'), Timestamp('2026-06-14 10:29:17.036000'), Timestamp('2026-06-14 10:29:17.711000'), Timestamp('2026-06-14 10:29:17.819000'), Timestamp('2026-06-14 10:29:18.047000'), Timestamp('2026-06-14 10:29:18.159000'), Timestamp('2026-06-14 10:29:18.835000'), Timestamp('2026-06-14 10:29:18.949000'), Timestamp('2026-06-14 10:29:19.176000'), Timestamp('2026-06-14 10:29:19.287000'), Timestamp('2026-06-14 10:29:19.967000'), Timestamp('2026-06-14 10:29:20.081000'), Timestamp('2026-06-14 10:29:20.302000'), Timestamp('2026-06-14 10:29:20.417000'), Timestamp('2026-06-14 10:29:21.093000'), Timestamp('2026-06-14 10:29:21.210000'), Timestamp('2026-06-14 10:29:21.437000'), Timestamp('2026-06-14 10:29:21.546000'), Timestamp('2026-06-14 10:29:22.230000'), Timestamp('2026-06-14 10:29:22.340000')]","[0.112, 0.678, 0.11, 0.222, 0.115, 0.679, 0.112, 0.227, 0.106, 0.68, 0.112, 0.224, 0.12, 0.675, 0.108, 0.228, 0.112, 0.676, 0.114, 0.227, 0.111, 0.68, 0.114, 0.221, 0.115, 0.676, 0.117, 0.227, 0.109, 0.684, 0.11]","[35.62458691341705, 34.97557867912508, 35.235170518829804, 35.1034814695973, 34.92063492063492, 35.0383631713555, 34.78443522554219, 34.8596283115856, 34.79402765557904, 35.95556054314891, 34.71982420342175, 34.47937891723195, 34.41567619659492, 34.41567619659492, 34.722549250451294, 35.31750862243862, 34.28615160907664, 35.238967616789694, 34.22470767666497, 34.57748118258711, 34.365634365634364, 34.29271279853032, 34.59470690595538, 34.81963335304553, 34.502516453735964, 34.6270829542205, 34.69366454441081, 34.81185621189826, 34.61988304093567, 34.57711442786069, 34.22059009750538, 34.71733520994604]","[3.9899537343027096, 23.713442344446804, 3.8758687570712786, 7.792972886250601, 4.015873015873016, 23.791048593350386, 3.8958567452607253, 7.913135626729932, 3.6881669314913785, 24.44978116934126, 3.8886203107832364, 7.723380877459957, 4.1298811435913905, 23.230581432701573, 3.75003531904874, 8.052391965916007, 3.840048980216584, 23.821542108949835, 3.901616675139807, 7.849088228447274, 3.8145854145854146, 23.319044703000618, 3.943796587278913, 7.695138971023063, 3.967789392179636, 23.407908077053058, 4.0591587516960645, 7.9022913601009055, 3.773567251461988, 23.650746268656714, 3.7642649107255917]",306.6115785341345,9.94486223505117,c:\git\RailwAI\VIDEO\20260614\ADTC Rastatt_00_20260614102914.mp4,2026-06-14 10:29:14,Trieb
ADTC1_adz_raw_20260614_1036,2026-06-14 10:35:32.298,2026-06-14 10:35:42.328,"[Timestamp('2026-06-14 10:35:42.328000'), Timestamp('2026-06-14 10:35:42.440000'), Timestamp('2026-06-14 10:35:42.794000'), Timestamp('2026-06-14 10:35:42.905000'), Timestamp('2026-06-14 10:35:43.139000'), Timestamp('2026-06-14 10:35:43.247000'), Timestamp('2026-06-14 10:35:44.026000'), Timestamp('2026-06-14 10:35:44.142000'), Timestamp('2026-06-14 10:35:44.334000'), Timestamp('2026-06-14 10:35:44.444000'), Timestamp('2026-06-14 10:35:45.221000'), Timestamp('2026-06-14 10:35:45.338000'), Timestamp('2026-06-14 10:35:45.522000'), Timestamp('2026-06-14 10:35:45.630000'), Timestamp('2026-06-14 10:35:46.416000'), Timestamp('2026-06-14 10:35:46.526000'), Timestamp('2026-06-14 10:35:46.716000'), Timestamp('2026-06-14 10:35:46.823000'), Timestamp('2026-06-14 10:35:47.603000'), Timestamp('2026-06-14 10:35:47.713000')]","[0.112, 0.354, 0.111, 0.234, 0.108, 0.779, 0.116, 0.192, 0.11, 0.777, 0.117, 0.184, 0.108, 0.786, 0.11, 0.19, 0.107, 0.78, 0.11]","[35.510338037413845, 35.294594704188796, 35.55604329277493, 35.49965823650034, 35.43641712978097, 34.59470690595538, 34.66110531803962, 35.490924994533124, 35.62262488296524, 35.62458691341705, 35.294594704188796, 35.23290986085904, 35.426283753421295, 35.26366871562601, 35.50605961349493, 34.8596283115856, 34.61988304093567, 35.20309477756286, 34.68597143416161, 35.379394597529526]","[3.9771578601903506, 12.494286525282833, 3.946720805498017, 8.30692002734108, 3.8271330500163447, 26.94927667973924, 4.020688216892596, 6.81425759895036, 3.9184887371261765, 27.680304031725047, 4.12946758039009, 6.482855414398063, 3.8260386453694997, 27.717243610482047, 3.905666557484442, 6.623329379201264, 3.7043274853801167, 27.45841392649903, 3.815456857757777]",189.59803298972432,9.914040569990286,c:\git\RailwAI\VIDEO\20260614\ADTC Rastatt_00_20260614103542.mp4,2026-06-14 10:35:42,Lok
ADTC1_adz_raw_20260614_1102,2026-06-14 11:01:36.810,2026-06-14 11:01:46.922,"[Timestamp('2026-06-14 11:01:46.922000'), Timestamp('2026-06-14 11:01:47.408000'), Timestamp('2026-06-14 11:01:48.371000'), Timestamp('2026-06-14 11:01:48.748000'), Timestamp('2026-06-14 11:01:49.234000'), Timestamp('2026-06-14 11:01:50.123000'), Timestamp('2026-06-14 11:01:50.215000')]","[0.486, 0.963, 0.377, 0.486, 0.889, 0.092]","[32.54237288135593, 46.3768115942029, 47.52475247524752, 84.21052631578948, 32.6530612244898, 32.6530612244898, 34.40860215053763, 31.788079470198674, 84.95575221238938, 32.76450511945393]","[15.815593220338982, 44.66086956521739, 17.916831683168315, 40.92631578947368, 29.02857142857143, 3.0040816326530613]",151.35226331942286,9.89050612730612,c:\git\RailwAI\VIDEO\20260614\ADTC Rastatt_00_20260614110147.mp4,2026-06-14 11:01:47,Trieb
ADTC1_adz_raw_20260614_1114,2026-06-14 11:13:22.621,2026-06-14 11:13:32.683,"[Timestamp('2026-06-14 11:13:32.683000'), Timestamp('2026-06-14 11:13:32.795000'), Timestamp('2026-06-14 11:13:33.626000'), Timestamp('2026-06-14 11:13:33.732000'), Timestamp('2026-06-14 11:13:34.070000'), Timestamp('2026-06-14 11:13:34.177000'), Timestamp('2026-06-14 11:13:35.007000'), Timestamp('2026-06-14 11:13:35.113000'), Timestamp('2026-06-14 11:13:35.444000'), Timestamp('2026-06-14 11:13:35.568000'), Timestamp('2026-06-14 11:13:36.378000'), Timestamp('2026-06-14 11:13:36.502000'), Timestamp('2026-06-14 11:13:36.833000'), Timestamp('2026-06-14 11:13:36.938000'), Timestamp('2026-06-14 11:13:37.768000'), Timestamp('2026-06-14 11:13:37.884000'), Timestamp('2026-06-14 11:13:38.211000'), Timestamp('2026-06-14 11:13:38.332000'), Timestamp('2026-06-14 11:13:39.151000'), Timestamp('2026-06-14 11:13:39.271000'), Timestamp('2026-06-14 11:13:39.604000'), Timestamp('2026-06-14 11:13:39.709000'), Timestamp('2026-06-14 11:13:40.541000'), Timestamp('2026-06-14 11:13:40.654000'), Timestamp('2026-06-14 11:13:40.984000'), Timestamp('2026-06-14 11:13:41.107000'), Timestamp('2026-06-14 11:13:41.927000'), Timestamp('2026-06-14 11:13:42.045000'), Timestamp('2026-06-14 11:13:42.374000'), Timestamp('2026-06-14 11:13:42.494000'), Timestamp('2026-06-14 11:13:43.316000'), Timestamp('2026-06-14 11:13:43.435000'), Timestamp('2026-06-14 11:13:43.767000'), Timestamp('2026-06-14 11:13:43.880000'), Timestamp('2026-06-14 11:13:44.713000'), Timestamp('2026-06-14 11:13:44.823000'), Timestamp('2026-06-14 11:13:45.152000'), Timestamp('2026-06-14 11:13:45.276000'), Timestamp('2026-06-14 11:13:46.099000'), Timestamp('2026-06-14 11:13:46.221000'), Timestamp('2026-06-14 11:13:46.543000'), Timestamp('2026-06-14 11:13:46.669000'), Timestamp('2026-06-14 11:13:47.488000'), Timestamp('2026-06-14 11:13:47.613000'), Timestamp('2026-06-14 11:13:47.941000'), Timestamp('2026-06-14 11:13:48.063000'), Timestamp('2026-06-14 11:13:48.882000'), Timestamp('2026-06-14 11:13:49.008000'), Timestamp('2026-06-14 11:13:49.340000'), Timestamp('2026-06-14 11:13:49.450000'), Timestamp('2026-06-14 11:13:50.287000'), Timestamp('2026-06-14 11:13:50.403000')]","[0.112, 0.831, 0.106, 0.338, 0.107, 0.83, 0.106, 0.331, 0.124, 0.81, 0.124, 0.331, 0.105, 0.83, 0.116, 0.327, 0.121, 0.819, 0.12, 0.333, 0.105, 0.832, 0.113, 0.33, 0.123, 0.82, 0.118, 0.329, 0.12, 0.822, 0.119, 0.332, 0.113, 0.833, 0.11, 0.329, 0.124, 0.823, 0.122, 0.322, 0.126, 0.819, 0.125, 0.328, 0.122, 0.819, 0.126, 0.332, 0.11, 0.837, 0.116]","[32.993197278911566, 33.16546934294375, 32.76488677662846, 32.993197278911566, 32.901408450704224, 33.280461427541454, 33.008791001039796, 32.990080302314595, 33.224357822884855, 33.16546934294375, 32.766031801502706, 33.048919226393636, 32.98969072164949, 32.877097920551705, 32.54386872134313, 32.59771705292286, 32.968120449565276, 32.993197278911566, 32.65343900040493, 32.975890268907165, 32.71637909012796, 32.82828282828283, 32.566322834374034, 32.70954260506153, 32.67158252977879, 32.659106688266604, 32.82137597306964, 32.68368942157373, 32.742992609120066, 33.00372142477406, 32.659106688266604, 32.81075027995521, 32.65080243497509, 32.8551704771488, 32.48582403511981, 32.7075511055486, 32.65645574883914, 32.67683772538142, 32.68368942157373, 32.536587603798694, 32.76812504361175, 32.59630989514393, 32.71702968690229, 32.267087750958716, 32.4353890332285, 32.408142886321855, 32.51421236016871, 32.30790079956634, 32.72676760661203, 33.10266375959806, 32.63838467655499, 32.576940744143315]","[3.6952380952380954, 27.560505023986256, 3.4730779983226165, 11.15170068027211, 3.520450704225352, 27.622782984859406, 3.498931846110218, 10.919716580066131, 4.119820370037722, 26.864030167784442, 4.062987943386336, 10.939192263936294, 3.463917525773196, 27.287991274057912, 3.7750887716758035, 10.659453476305776, 3.9891425743973983, 27.021428571428572, 3.9184126800485917, 10.980971459546087, 3.4352198044634354, 27.313131313131315, 3.679994480284266, 10.794149059670305, 4.018604651162791, 26.780467484378615, 3.8729223648222177, 10.752933819697759, 3.929159113094408, 27.129059011164273, 3.8864336959037256, 10.89316909294513, 3.6895406751521853, 27.36835700746495, 3.5734406438631794, 10.760784313725491, 4.049400512856054, 26.893037447988906, 3.987410109431995, 10.47678120842318, 4.12878375549508, 26.69637780412288, 4.089628710862787, 10.58360478231446, 3.957117462053877, 26.542269023897596, 4.096790757381258, 10.726223065456026, 3.599944436727323, 27.706929566783575, 3.7860526224803794]",581.7225587886578,9.947654379848426,c:\git\RailwAI\VIDEO\20260614\ADTC Rastatt_00_20260614111333.mp4,2026-06-14 11:13:33,Trieb
ADTC1_adz_raw_20260614_1125,2026-06-14 11:24:22.298,2026-06-14 11:24:32.342,"[Timestamp('2026-06-14 11:24:32.342000'), Timestamp('2026-06-14 11:24:32.455000'), Timestamp('2026-06-14 11:24:32.796000'), Timestamp('2026-06-14 11:24:32.912000'), Timestamp('2026-06-14 11:24:33.142000'), Timestamp('2026-06-14 11:24:33.250000'), Timestamp('2026-06-14 11:24:34.024000'), Timestamp('2026-06-14 11:24:34.135000'), Timestamp('2026-06-14 11:24:34.324000'), Timestamp('2026-06-14 11:24:34.435000'), Timestamp('2026-06-14 11:24:35.206000'), Timestamp('2026-06-14 11:24:35.321000'), Timestamp('2026-06-14 11:24:35.503000'), Timestamp('2026-06-14 11:24:35.618000'), Timestamp('2026-06-14 11:24:36.388000'), Timestamp('2026-06-14 11:24:36.498000'), Timestamp('2026-06-14 11:24:36.693000'), Timestamp('2026-06-14 11:24:36.798000'), Timestamp('2026-06-14 11:24:37.579000'), Timestamp('2026-06-14 11:24:37.693000')]","[0.113, 0.341, 0.116, 0.23, 0.108, 0.774, 0.111, 0.189, 0.111, 0.771, 0.115, 0.182, 0.115, 0.77, 0.11, 0.195, 0.105, 0.781, 0.114]","[35.82887700534759, 35.888978952958595, 35.68822553897181, 35.754313932197746, 35.301752109020114, 35.954301075268816, 36.34177758694719, 35.55409512856321, 34.65884652981427, 35.82139426089135, 35.82139426089135, 35.301752109020114, 35.689705211658854, 35.524911762291715, 35.96638655462185, 35.719324453296814, 35.53321678321679, 35.49965823650034, 35.114748836462844, 35.64941459678302]","[4.048663101604278, 12.238141822958882, 4.13983416252073, 8.223492204405481, 3.8125892277741724, 27.828629032258064, 4.033937312151138, 6.719723979298447, 3.847131964809384, 27.618294975147233, 4.119460340002505, 6.42491888384166, 4.104316099340768, 27.35418205696462, 3.9563025210084035, 6.965268268392879, 3.7309877622377625, 27.725233082706765, 4.0030813673567645]",190.89418816477996,9.93527469514739,c:\git\RailwAI\VIDEO\20260614\ADTC Rastatt_00_20260614112432.mp4,2026-06-14 11:24:32,Lok
ADTC1_adz_raw_20260614_1151,2026-06-14 11:50:22.330,2026-06-14 11:50:32.382,"[Timestamp('2026-06-14 11:50:32.382000'), Timestamp('2026-06-14 11:50:32.519000'), Timestamp('2026-06-14 11:50:33.009000'), Timestamp('2026-06-14 11:50:33.141000'), Timestamp('2026-06-14 11:50:33.288000'), Timestamp('2026-06-14 11:50:33.427000'), Timestamp('2026-06-14 11:50:34.129000'), Timestamp('2026-06-14 11:50:34.257000'), Timestamp('2026-06-14 11:50:34.963000'), Timestamp('2026-06-14 11:50:35.089000'), Timestamp('2026-06-14 11:50:35.795000'), Timestamp('2026-06-14 11:50:35.922000'), Timestamp('2026-06-14 11:50:36.622000'), Timestamp('2026-06-14 11:50:36.754000'), Timestamp('2026-06-14 11:50:37.456000'), Timestamp('2026-06-14 11:50:37.592000'), Timestamp('2026-06-14 11:50:38.286000'), Timestamp('2026-06-14 11:50:38.421000'), Timestamp('2026-06-14 11:50:39.128000'), Timestamp('2026-06-14 11:50:39.262000'), Timestamp('2026-06-14 11:50:39.960000'), Timestamp('2026-06-14 11:50:40.085000'), Timestamp('2026-06-14 11:50:40.236000'), Timestamp('2026-06-14 11:50:40.376000'), Timestamp('2026-06-14 11:50:40.867000'), Timestamp('2026-06-14 11:50:40.997000')]","[0.137, 0.49, 0.132, 0.147, 0.139, 0.702, 0.128, 0.706, 0.126, 0.706, 0.127, 0.7, 0.132, 0.702, 0.136, 0.694, 0.135, 0.707, 0.134, 0.698, 0.125, 0.151, 0.14, 0.491, 0.13]","[34.69366454441081, 35.63636363636363, 35.324675324675326, 35.490924994533124, 35.243715140247346, 35.19505808097764, 34.913245873889124, 34.78443522554219, 34.54846727423364, 35.359235945300625, 35.36211434618619, 35.24475524475524, 35.50605961349493, 35.31750862243862, 36.09481674134592, 34.92063492063492, 35.43422698352276, 35.07053500133085, 35.386119257086996, 35.1627159501808, 35.36211434618619, 34.68930673472577, 35.132252559726965, 35.0132625994695, 34.915071092545496, 35.432525951557096]","[4.753032042584281, 17.46181818181818, 4.662857142857143, 5.2171659741963685, 4.8988764044943816, 24.706930772846302, 4.468895471857808, 24.557811269232783, 4.353106876553438, 24.96362057738224, 4.4909885219656465, 24.671328671328666, 4.68679986898133, 24.792891052951912, 4.908895076823046, 24.23492063492063, 4.783620642775573, 24.79486824594091, 4.741739980449657, 24.543575733226195, 4.420264293273274, 5.238085316943591, 4.918515358361775, 17.191511936339523, 4.538959242030915]",303.0010792901355,9.943715194513372,c:\git\RailwAI\VIDEO\20260614\ADTC Rastatt_00_20260614115032.mp4,2026-06-14 11:50:32,Trieb
ADTC1_adz_raw_20260614_1154,2026-06-14 11:53:22.554,2026-06-14 11:53:32.701,"[Timestamp('2026-06-14 11:53:32.701000'), Timestamp('2026-06-14 11:53:32.711000'), Timestamp('2026-06-14 11:53:32.805000'), Timestamp('2026-06-14 11:53:33.590000'), Timestamp('2026-06-14 11:53:33.690000'), Timestamp('2026-06-14 11:53:34.004000'), Timestamp('2026-06-14 11:53:34.123000'), Timestamp('2026-06-14 11:53:34.899000'), Timestamp('2026-06-14 11:53:35.012000'), Timestamp('2026-06-14 11:53:35.318000'), Timestamp('2026-06-14 11:53:35.437000'), Timestamp('2026-06-14 11:53:36.208000'), Timestamp('2026-06-14 11:53:36.329000'), Timestamp('2026-06-14 11:53:36.627000'), Timestamp('2026-06-14 11:53:36.753000'), Timestamp('2026-06-14 11:53:37.527000'), Timestamp('2026-06-14 11:53:37.641000'), Timestamp('2026-06-14 11:53:37.956000'), Timestamp('2026-06-14 11:53:38.059000'), Timestamp('2026-06-14 11:53:38.850000'), Timestamp('2026-06-14 11:53:38.956000'), Timestamp('2026-06-14 11:53:39.261000'), Timestamp('2026-06-14 11:53:39.379000'), Timestamp('2026-06-14 11:53:40.158000'), Timestamp('2026-06-14 11:53:40.273000'), Timestamp('2026-06-14 11:53:40.581000'), Timestamp('2026-06-14 11:53:40.695000'), Timestamp('2026-06-14 11:53:41.468000'), Timestamp('2026-06-14 11:53:41.583000'), Timestamp('2026-06-14 11:53:41.901000'), Timestamp('2026-06-14 11:53:42'), Timestamp('2026-06-14 11:53:42.786000'), Timestamp('2026-06-14 11:53:42.889000'), Timestamp('2026-06-14 11:53:43.198000'), Timestamp('2026-06-14 11:53:43.323000'), Timestamp('2026-06-14 11:53:44.088000'), Timestamp('2026-06-14 11:53:44.207000'), Timestamp('2026-06-14 11:53:44.523000'), Timestamp('2026-06-14 11:53:44.625000'), Timestamp('2026-06-14 11:53:45.408000'), Timestamp('2026-06-14 11:53:45.518000'), Timestamp('2026-06-14 11:53:45.830000'), Timestamp('2026-06-14 11:53:45.945000'), Timestamp('2026-06-14 11:53:46.716000'), Timestamp('2026-06-14 11:53:46.831000'), Timestamp('2026-06-14 11:53:47.141000'), Timestamp('2026-06-14 11:53:47.243000'), Timestamp('2026-06-14 11:53:48.033000'), Timestamp('2026-06-14 11:53:48.129000'), Timestamp('2026-06-14 11:53:48.461000'), Timestamp('2026-06-14 11:53:48.561000'), Timestamp('2026-06-14 11:53:49.346000'), Timestamp('2026-06-14 11:53:49.449000')]","[0.01, 0.094, 0.785, 0.1, 0.314, 0.119, 0.776, 0.113, 0.306, 0.119, 0.771, 0.121, 0.298, 0.126, 0.774, 0.114, 0.315, 0.103, 0.791, 0.106, 0.305, 0.118, 0.779, 0.115, 0.308, 0.114, 0.773, 0.115, 0.318, 0.099, 0.786, 0.103, 0.309, 0.125, 0.765, 0.119, 0.316, 0.102, 0.783, 0.11, 0.312, 0.115, 0.771, 0.115, 0.31, 0.102, 0.79, 0.096, 0.332, 0.1, 0.785, 0.103]","[34.28615160907664, 35.70549602488766, 35.212081312391675, 36.043956043956044, 34.134141720348616, 35.16483516483516, 34.99229829500186, 34.66833541927409, 35.55604329277493, 35.22947640594699, 34.65703971119133, 35.16483516483516, 34.05797101449275, 34.41567619659492, 34.16759550106394, 35.106297633373444, 33.53737349103768, 34.67330786382068, 34.10570952597304, 34.0429812758573, 34.349796451340346, 34.97279362972793, 33.68421052631579, 34.31372549019608, 33.98240733779415, 34.04940383357649, 33.63357467173886, 34.2299283062999, 33.46938775510204, 34.54846727423364, 33.82966051220965, 34.17062511875356, 34.22470767666497, 33.69458128078818, 34.54846727423364, 33.80658920976602, 34.05797101449275, 33.886149708650834, 34.02077374680114, 33.93751639538806, 33.74601527170287, 33.86338185890257, 33.21799307958478, 33.91824526420737, 33.343383301776434, 33.51612195656942, 32.48740265689418, 34.301464958399265, 33.451101802950284, 35.01461599787404, 33.92226148409894, 33.103841900617134]","[0.3428615160907664, 3.35631662633944, 27.641483830227465, 3.6043956043956045, 10.718120500189466, 4.184615384615384, 27.154023476921445, 3.9175219023779717, 10.880149247589129, 4.192307692307692, 26.720577617328516, 4.254945054945054, 10.14927536231884, 4.33637520077096, 26.44571891782349, 4.002117930204573, 10.564272649676868, 3.57135070997353, 26.977616235044675, 3.608556015240874, 10.476687917658806, 4.126789648307896, 26.24, 3.946078431372549, 10.466581460040597, 3.88163203702772, 25.99875322125414, 3.936441755224488, 10.64326530612245, 3.42029826014913, 26.590113162596786, 3.519574387231617, 10.575434672089475, 4.211822660098522, 26.429577464788732, 4.0229841159621555, 10.76231884057971, 3.456387270282385, 26.638265843745295, 3.7331268034926866, 10.528756764771297, 3.8942889137737957, 25.611072664359867, 3.9005982053838477, 10.336448823550695, 3.418644439570081, 25.665048098946407, 3.2929406360063296, 11.105765798579494, 3.501461599787404, 26.62897526501767, 3.4096957157635646]",570.9924316579171,10.038215750611185,c:\git\RailwAI\VIDEO\20260614\ADTC Rastatt_00_20260614115333.mp4,2026-06-14 11:53:33,Trieb
ADTC1_adz_raw_20260614_1205,2026-06-14 12:04:14.461,2026-06-14 12:04:24.469,"[Timestamp('2026-06-14 12:04:24.469000'), Timestamp('2026-06-14 12:04:24.919000'), Timestamp('2026-06-14 12:04:25.783000'), Timestamp('2026-06-14 12:04:26.116000'), Timestamp('2026-06-14 12:04:27'), Timestamp('2026-06-14 12:04:27.431000')]","[0.45, 0.864, 0.333, 0.884, 0.431]","[47.343098471078804, 88.87792848335381, 96.9072800715364, 116.530696642731, 51.230738443065825, 98.01436417406003, 21.376294591484463, 35.365491651205936]","[21.30439431198546, 76.7905302096177, 32.27012426382162, 103.0131358321742, 22.08044826896137]",255.4586328865604,9.94025515242188,c:\git\RailwAI\VIDEO\20260614\ADTC Rastatt_00_20260614120424.mp4,2026-06-14 12:04:24,Trieb
ADTC1_adz_raw_20260614_1215,2026-06-14 12:13:59.635,2026-06-14 12:14:09.693,"[Timestamp('2026-06-14 12:14:09.693000'), Timestamp('2026-06-14 12:14:09.797000'), Timestamp('2026-06-14 12:14:10.593000'), Timestamp('2026-06-14 12:14:10.695000'), Timestamp('2026-06-14 12:14:11.011000'), Timestamp('2026-06-14 12:14:11.128000'), Timestamp('2026-06-14 12:14:11.910000'), Timestamp('2026-06-14 12:14:12.029000'), Timestamp('2026-06-14 12:14:12.336000'), Timestamp('2026-06-14 12:14:12.455000'), Timestamp('2026-06-14 12:14:13.238000'), Timestamp('2026-06-14 12:14:13.360000'), Timestamp('2026-06-14 12:14:13.666000'), Timestamp('2026-06-14 12:14:13.780000'), Timestamp('2026-06-14 12:14:14.563000'), Timestamp('2026-06-14 12:14:14.685000'), Timestamp('2026-06-14 12:14:15'), Timestamp('2026-06-14 12:14:15.103000'), Timestamp('2026-06-14 12:14:15.899000'), Timestamp('2026-06-14 12:14:16.002000'), Timestamp('2026-06-14 12:14:16.320000'), Timestamp('2026-06-14 12:14:16.437000'), Timestamp('2026-06-14 12:14:17.215000'), Timestamp('2026-06-14 12:14:17.336000'), Timestamp('2026-06-14 12:14:17.643000'), Timestamp('2026-06-14 12:14:17.761000'), Timestamp('2026-06-14 12:14:18.543000'), Timestamp('2026-06-14 12:14:18.662000'), Timestamp('2026-06-14 12:14:18.975000'), Timestamp('2026-06-14 12:14:19.083000'), Timestamp('2026-06-14 12:14:19.873000'), Timestamp('2026-06-14 12:14:19.978000'), Timestamp('2026-06-14 12:14:20.297000'), Timestamp('2026-06-14 12:14:20.413000'), Timestamp('2026-06-14 12:14:21.196000'), Timestamp('2026-06-14 12:14:21.311000'), Timestamp('2026-06-14 12:14:21.627000'), Timestamp('2026-06-14 12:14:21.732000'), Timestamp('2026-06-14 12:14:22.525000'), Timestamp('2026-06-14 12:14:22.628000'), Timestamp('2026-06-14 12:14:22.947000'), Timestamp('2026-06-14 12:14:23.066000'), Timestamp('2026-06-14 12:14:23.843000'), Timestamp('2026-06-14 12:14:23.963000'), Timestamp('2026-06-14 12:14:24.272000'), Timestamp('2026-06-14 12:14:24.383000'), Timestamp('2026-06-14 12:14:25.175000'), Timestamp('2026-06-14 12:14:25.278000'), Timestamp('2026-06-14 12:14:25.601000'), Timestamp('2026-06-14 12:14:25.703000'), Timestamp('2026-06-14 12:14:26.498000'), Timestamp('2026-06-14 12:14:26.598000')]","[0.104, 0.796, 0.102, 0.316, 0.117, 0.782, 0.119, 0.307, 0.119, 0.783, 0.122, 0.306, 0.114, 0.783, 0.122, 0.315, 0.103, 0.796, 0.103, 0.318, 0.117, 0.778, 0.121, 0.307, 0.118, 0.782, 0.119, 0.313, 0.108, 0.79, 0.105, 0.319, 0.116, 0.783, 0.115, 0.316, 0.105, 0.793, 0.103, 0.319, 0.119, 0.777, 0.12, 0.309, 0.111, 0.792, 0.103, 0.323, 0.102, 0.795, 0.1]","[34.502516453735964, 34.846768030778144, 34.65884652981427, 34.47137699845281, 34.53639598835328, 35.04396482813749, 34.41567619659492, 34.91093743801325, 34.29665071770334, 34.28746364610439, 34.5956054230949, 34.47137699845281, 34.475822050290134, 34.47315488163392, 34.40904419321686, 34.289650597645135, 34.2299283062999, 34.5956054230949, 34.53639598835328, 34.5956054230949, 34.47137699845281, 34.40860215053763, 34.347158218125955, 35.04396482813749, 34.165431817318286, 34.60369417816226, 34.53237410071942, 34.59740259740259, 34.53282093086448, 34.289650597645135, 34.2299283062999, 34.48382603312181, 34.47937891723195, 34.51053283767038, 34.121212121212125, 34.55428238492911, 34.23776223776224, 34.495393904988, 34.02931138325637, 34.33871153182846, 33.90050073490944, 34.160030337504736, 34.62017434620174, 34.24871453056561, 33.82336521642041, 34.27262313860252, 34.41258094357077, 34.3717974994876, 34.27262313860252, 34.23697837343893, 34.77987421383648, 34.608052907994555]","[3.58826171118854, 27.738027352499405, 3.5352023460410553, 10.892955131511089, 4.040758330637334, 27.40438049560352, 4.095465467394796, 10.717657793470067, 4.081301435406698, 26.84708403489974, 4.220663861617578, 10.54824136152656, 3.9302437137330752, 26.99248027231936, 4.197903391572456, 10.801239938258218, 3.525682615548889, 27.538101916783543, 3.5572487868003875, 11.00140252454418, 4.033151108818979, 26.76989247311828, 4.15600614439324, 10.758497202238209, 4.0315209544435575, 27.060088847322888, 4.109352517985611, 10.828987012987012, 3.7295446605333638, 27.088823972139657, 3.594142472161489, 11.000340504565857, 3.9996079543989063, 27.02174721189591, 3.9239393939393947, 10.9191532336376, 3.594965034965035, 27.354847366655484, 3.505019072475406, 10.954048978653278, 4.034159587454224, 26.54234357224118, 4.154420921544209, 10.582852789944772, 3.754393539022666, 27.143917525773197, 3.544495837187789, 11.102090592334495, 3.4958075601374565, 27.21839780688395, 3.477987421383648]",582.7388457525933,9.94846466829842,c:\git\RailwAI\VIDEO\20260614\ADTC Rastatt_00_20260614121409.mp4,2026-06-14 12:14:09,Trieb
ADTC1_adz_raw_20260614_1223,2026-06-14 12:21:36.355,2026-06-14 12:21:46.404,"[Timestamp('2026-06-14 12:21:46.404000'), Timestamp('2026-06-14 12:21:46.518000'), Timestamp('2026-06-14 12:21:47.194000'), Timestamp('2026-06-14 12:21:47.307000'), Timestamp('2026-06-14 12:21:47.532000'), Timestamp('2026-06-14 12:21:47.648000'), Timestamp('2026-06-14 12:21:48.328000'), Timestamp('2026-06-14 12:21:48.442000'), Timestamp('2026-06-14 12:21:48.659000'), Timestamp('2026-06-14 12:21:48.776000'), Timestamp('2026-06-14 12:21:49.457000'), Timestamp('2026-06-14 12:21:49.571000'), Timestamp('2026-06-14 12:21:49.796000'), Timestamp('2026-06-14 12:21:49.912000'), Timestamp('2026-06-14 12:21:50.585000'), Timestamp('2026-06-14 12:21:50.699000'), Timestamp('2026-06-14 12:21:50.923000'), Timestamp('2026-06-14 12:21:51.040000'), Timestamp('2026-06-14 12:21:51.720000'), Timestamp('2026-06-14 12:21:51.834000'), Timestamp('2026-06-14 12:21:52.055000'), Timestamp('2026-06-14 12:21:52.170000'), Timestamp('2026-06-14 12:21:52.846000'), Timestamp('2026-06-14 12:21:52.962000'), Timestamp('2026-06-14 12:21:53.186000'), Timestamp('2026-06-14 12:21:53.298000'), Timestamp('2026-06-14 12:21:53.976000'), Timestamp('2026-06-14 12:21:54.095000'), Timestamp('2026-06-14 12:21:54.319000'), Timestamp('2026-06-14 12:21:54.429000'), Timestamp('2026-06-14 12:21:55.107000'), Timestamp('2026-06-14 12:21:55.225000')]","[0.114, 0.676, 0.113, 0.225, 0.116, 0.68, 0.114, 0.217, 0.117, 0.681, 0.114, 0.225, 0.116, 0.673, 0.114, 0.224, 0.117, 0.68, 0.114, 0.221, 0.115, 0.676, 0.116, 0.224, 0.112, 0.678, 0.119, 0.224, 0.11, 0.678, 0.118]","[34.71982420342175, 34.97372193024367, 34.84584980237154, 34.53237410071942, 34.6000987089903, 34.913245873889124, 34.289650597645135, 34.495393904988, 34.720732504905165, 34.289650597645135, 34.475822050290134, 34.80499691305319, 34.720732504905165, 34.66833541927409, 34.29665071770334, 34.60818956557888, 34.43973815941471, 34.436915797729405, 34.2560553633218, 34.6471412992678, 34.39559030893475, 34.81963335304553, 34.452862710796104, 34.52213701102017, 34.46217189912507, 34.6270829542205, 34.359780649614606, 34.74579593116695, 33.96467014214454, 34.359780649614606, 34.452862710796104, 34.415884254271205]","[3.95805995919008, 23.642236024844724, 3.937581027667984, 7.76978417266187, 4.013611450242875, 23.741007194244606, 3.9090201681315455, 7.485500477382396, 4.062325703073904, 23.351252056996337, 3.9302437137330752, 7.831124305436967, 4.027604970569, 23.331789737171462, 3.9098181818181814, 7.75223446268967, 4.029449364651521, 23.417102742456, 3.9051903114186852, 7.657018227138184, 3.9554928855274962, 23.53807214665878, 3.9965320744523485, 7.732958690468518, 3.859763252702008, 23.477162242961498, 4.088813897304138, 7.7830582885813975, 3.7361137156358994, 23.295931280438705, 4.06543779987394]",305.19129052612385,9.924074373933957,c:\git\RailwAI\VIDEO\20260614\ADTC Rastatt_00_20260614122146.mp4,2026-06-14 12:21:46,Trieb
ADTC1_adz_raw_20260614_1230,2026-06-14 12:29:16.160,2026-06-14 12:29:26.222,"[Timestamp('2026-06-14 12:29:26.222000'), Timestamp('2026-06-14 12:29:26.330000'), Timestamp('2026-06-14 12:29:26.684000'), Timestamp('2026-06-14 12:29:26.802000'), Timestamp('2026-06-14 12:29:27.029000'), Timestamp('2026-06-14 12:29:27.145000'), Timestamp('2026-06-14 12:29:27.935000'), Timestamp('2026-06-14 12:29:28.051000'), Timestamp('2026-06-14 12:29:28.245000'), Timestamp('2026-06-14 12:29:28.361000'), Timestamp('2026-06-14 12:29:29.150000'), Timestamp('2026-06-14 12:29:29.261000'), Timestamp('2026-06-14 12:29:29.451000'), Timestamp('2026-06-14 12:29:29.567000'), Timestamp('2026-06-14 12:29:30.356000'), Timestamp('2026-06-14 12:29:30.473000'), Timestamp('2026-06-14 12:29:30.667000'), Timestamp('2026-06-14 12:29:30.781000'), Timestamp('2026-06-14 12:29:31.566000'), Timestamp('2026-06-14 12:29:31.679000')]","[0.108, 0.354, 0.118, 0.227, 0.116, 0.79, 0.116, 0.194, 0.116, 0.789, 0.111, 0.19, 0.116, 0.789, 0.117, 0.194, 0.114, 0.785, 0.113]","[35.0383631713555, 35.31750862243862, 35.35193533975062, 35.36499321573948, 34.60369417816226, 35.55555555555555, 35.29602595296025, 35.649130542618565, 35.62262488296524, 35.100665757600055, 35.48995489954899, 35.6983193973011, 34.81963335304553, 35.57845125226065, 35.53366174055829, 35.71113074204947, 34.8715785032435, 35.114748836462844, 35.10382747023968, 35.54338899534629]","[3.784143222506394, 12.502398052343272, 4.171528370090573, 8.027853459972862, 4.014028524666822, 28.088888888888885, 4.094339010543389, 6.9159313252680015, 4.132224486423968, 27.694425282746444, 3.939384993849938, 6.782680685487208, 4.039077468953282, 28.071398038033653, 4.15743842364532, 6.927959363957597, 3.975359949369759, 27.565077836623335, 3.966732504137084]",192.8508698875078,9.51266467857008,c:\git\RailwAI\VIDEO\20260614\ADTC Rastatt_00_20260614122926.mp4,2026-06-14 12:29:26,Lok
ADTC1_adz_raw_20260614_1246,2026-06-14 12:45:00.205,2026-06-14 12:45:10.221,"[Timestamp('2026-06-14 12:45:10.221000'), Timestamp('2026-06-14 12:45:10.334000'), Timestamp('2026-06-14 12:45:11.183000'), Timestamp('2026-06-14 12:45:11.297000'), Timestamp('2026-06-14 12:45:11.640000'), Timestamp('2026-06-14 12:45:11.756000'), Timestamp('2026-06-14 12:45:12.612000'), Timestamp('2026-06-14 12:45:12.725000'), Timestamp('2026-06-14 12:45:13.065000'), Timestamp('2026-06-14 12:45:13.197000'), Timestamp('2026-06-14 12:45:14.043000'), Timestamp('2026-06-14 12:45:14.171000'), Timestamp('2026-06-14 12:45:14.513000'), Timestamp('2026-06-14 12:45:14.628000'), Timestamp('2026-06-14 12:45:15.496000'), Timestamp('2026-06-14 12:45:15.610000'), Timestamp('2026-06-14 12:45:15.954000'), Timestamp('2026-06-14 12:45:16.083000'), Timestamp('2026-06-14 12:45:16.944000'), Timestamp('2026-06-14 12:45:17.075000'), Timestamp('2026-06-14 12:45:17.421000'), Timestamp('2026-06-14 12:45:17.538000'), Timestamp('2026-06-14 12:45:18.415000'), Timestamp('2026-06-14 12:45:18.532000'), Timestamp('2026-06-14 12:45:18.884000'), Timestamp('2026-06-14 12:45:19.014000'), Timestamp('2026-06-14 12:45:19.881000'), Timestamp('2026-06-14 12:45:20.013000'), Timestamp('2026-06-14 12:45:20.363000'), Timestamp('2026-06-14 12:45:20.492000'), Timestamp('2026-06-14 12:45:21.368000'), Timestamp('2026-06-14 12:45:21.497000'), Timestamp('2026-06-14 12:45:21.857000'), Timestamp('2026-06-14 12:45:21.975000'), Timestamp('2026-06-14 12:45:22.868000'), Timestamp('2026-06-14 12:45:22.989000'), Timestamp('2026-06-14 12:45:23.344000'), Timestamp('2026-06-14 12:45:23.480000'), Timestamp('2026-06-14 12:45:24.366000'), Timestamp('2026-06-14 12:45:24.505000'), Timestamp('2026-06-14 12:45:24.854000'), Timestamp('2026-06-14 12:45:24.990000'), Timestamp('2026-06-14 12:45:25.882000'), Timestamp('2026-06-14 12:45:26.018000'), Timestamp('2026-06-14 12:45:26.374000'), Timestamp('2026-06-14 12:45:26.508000'), Timestamp('2026-06-14 12:45:27.405000'), Timestamp('2026-06-14 12:45:27.543000'), Timestamp('2026-06-14 12:45:27.907000'), Timestamp('2026-06-14 12:45:28.030000'), Timestamp('2026-06-14 12:45:28.950000'), Timestamp('2026-06-14 12:45:29.073000')]","[0.113, 0.849, 0.114, 0.343, 0.116, 0.856, 0.113, 0.34, 0.132, 0.846, 0.128, 0.342, 0.115, 0.868, 0.114, 0.344, 0.129, 0.861, 0.131, 0.346, 0.117, 0.877, 0.117, 0.352, 0.13, 0.867, 0.132, 0.35, 0.129, 0.876, 0.129, 0.36, 0.118, 0.893, 0.121, 0.355, 0.136, 0.886, 0.139, 0.349, 0.136, 0.892, 0.136, 0.356, 0.134, 0.897, 0.138, 0.364, 0.123, 0.92, 0.123]","[32.06066012488849, 32.186903291025494, 31.85139536931068, 32.01280512204882, 31.78807947019867, 31.793657060139488, 32.411013185762116, 31.872439765669736, 32.3354920519904, 31.838348341752685, 31.668876763548617, 31.32812333638551, 31.90140845070422, 31.69367997389318, 31.271186440677965, 31.55781064449962, 31.507143163584875, 31.107382550335565, 32.060201934744136, 31.31055583885772, 31.31055583885772, 31.031031031031027, 31.47659218236847, 31.04041720990874, 30.995112821046064, 30.761670761670757, 30.92219736515038, 30.71607462305137, 30.6088931243537, 30.625742936389408, 30.674047541517417, 30.533980582524272, 30.073536621237373, 30.475730499879255, 30.439494280553877, 30.255998572830258, 30.448333732917767, 30.10155164654548, 30.40788883908562, 29.998829998829997, 29.89699695343102, 29.990657116163185, 30.08859942498386, 29.970286069410186, 30.074719800747193, 29.510329935597028, 29.510329935597028, 29.23745262963305, 29.58257713248638, 29.30691597122837, 29.259629259629257, 29.661594367476717]","[3.6228545941124, 27.326680894080646, 3.6310590721014178, 10.980392156862745, 3.687417218543046, 27.2153704434794, 3.662444489991119, 10.83662952032771, 4.268284950862733, 26.93524269712277, 4.053616225734223, 10.714218181043845, 3.6686619718309856, 27.51011421733928, 3.564915254237288, 10.85588686170787, 4.064421468102449, 26.78345637583892, 4.199886453451482, 10.83345232024477, 3.6633350331463537, 27.21421421421421, 3.6827612853371114, 10.926226857887876, 4.029364666735988, 26.670368550368547, 4.081730052199851, 10.750626118067979, 3.9485472130416275, 26.828150812277123, 3.956952132855747, 10.992233009708738, 3.54867732130601, 27.214827336392176, 3.683178807947019, 10.740879493354742, 4.140973387676817, 26.669974758839295, 4.226696548632901, 10.469591669591669, 4.06599158566662, 26.751666147617563, 4.092049521797805, 10.669421840710026, 4.030012453300124, 26.470765952230536, 4.0724255311123905, 10.64243275718643, 3.6386569872958248, 26.962362693530103, 3.5989343989343987]",580.8490345059785,9.89551150486083,c:\git\RailwAI\VIDEO\20260614\ADTC Rastatt_00_20260614124509.mp4,2026-06-14 12:45:09,Trieb
ADTC1_adz_raw_20260614_1253,2026-06-14 12:52:21.910,2026-06-14 12:52:31.936,"[Timestamp('2026-06-14 12:52:31.936000'), Timestamp('2026-06-14 12:52:32.051000'), Timestamp('2026-06-14 12:52:32.783000'), Timestamp('2026-06-14 12:52:32.907000'), Timestamp('2026-06-14 12:52:33.111000'), Timestamp('2026-06-14 12:52:33.222000'), Timestamp('2026-06-14 12:52:33.980000'), Timestamp('2026-06-14 12:52:34.095000'), Timestamp('2026-06-14 12:52:34.301000'), Timestamp('2026-06-14 12:52:34.420000'), Timestamp('2026-06-14 12:52:35.176000'), Timestamp('2026-06-14 12:52:35.291000'), Timestamp('2026-06-14 12:52:35.497000'), Timestamp('2026-06-14 12:52:35.615000'), Timestamp('2026-06-14 12:52:36.358000'), Timestamp('2026-06-14 12:52:36.476000')]","[0.115, 0.732, 0.124, 0.204, 0.111, 0.758, 0.115, 0.206, 0.119, 0.756, 0.115, 0.206, 0.118, 0.743, 0.118]","[34.51944430098642, 34.67330786382068, 34.05797101449275, 34.424522845575474, 34.35595390524968, 34.53416149068323, 34.103987884906616, 34.28615160907664, 33.922685046448905, 33.86506731702461, 34.22731779240918, 34.16413373860182, 33.922685046448905, 34.04940383357649, 33.86338185890257, 34.17062511875356]","[3.9697360946134386, 25.38086135631674, 4.223188405797101, 7.022602660497396, 3.813510883482714, 26.17689440993789, 3.921958606764261, 7.062947231469788, 4.03679952052742, 25.601990891670606, 3.936141546127056, 7.037811550151974, 4.00287683548097, 25.29870704834733, 3.995879059350503]",155.4819061005352,9.91114047156644,c:\git\RailwAI\VIDEO\20260614\ADTC Rastatt_00_20260614125232.mp4,2026-06-14 12:52:32,Trieb
ADTC1_adz_raw_20260614_1259,2026-06-14 12:58:23.776,2026-06-14 12:58:33.426,"[Timestamp('2026-06-14 12:58:33.426000'), Timestamp('2026-06-14 12:58:34.346000'), Timestamp('2026-06-14 12:58:34.814000'), Timestamp('2026-06-14 12:58:35.169000'), Timestamp('2026-06-14 12:58:36.564000')]","[0.92, 0.468, 0.355, 1.395]","[34.17284465348987, 33.098766118745644, 31.58958876472112, 32.051560659262734, 33.17460317460318, 29.021906116642967, 30.243041435579734, 29.466216216216218]","[31.43901708121068, 15.490222543572962, 11.214304011475997, 44.711927119671515]",102.85547075593117,9.462124184792057,c:\git\RailwAI\VIDEO\20260614\ADTC Rastatt_00_20260614125833.mp4,2026-06-14 12:58:33,Trieb
ADTC1_adz_raw_20260614_1319,2026-06-14 13:18:03.446,2026-06-14 13:18:13.556,"[Timestamp('2026-06-14 13:18:13.556000'), Timestamp('2026-06-14 13:18:13.651000'), Timestamp('2026-06-14 13:18:14.428000'), Timestamp('2026-06-14 13:18:14.528000'), Timestamp('2026-06-14 13:18:14.848000'), Timestamp('2026-06-14 13:18:14.955000'), Timestamp('2026-06-14 13:18:15.726000'), Timestamp('2026-06-14 13:18:15.830000'), Timestamp('2026-06-14 13:18:16.141000'), Timestamp('2026-06-14 13:18:16.256000'), Timestamp('2026-06-14 13:18:17.025000'), Timestamp('2026-06-14 13:18:17.136000'), Timestamp('2026-06-14 13:18:17.449000'), Timestamp('2026-06-14 13:18:17.549000'), Timestamp('2026-06-14 13:18:18.329000'), Timestamp('2026-06-14 13:18:18.430000'), Timestamp('2026-06-14 13:18:18.743000'), Timestamp('2026-06-14 13:18:18.855000'), Timestamp('2026-06-14 13:18:19.625000'), Timestamp('2026-06-14 13:18:19.738000'), Timestamp('2026-06-14 13:18:20.044000'), Timestamp('2026-06-14 13:18:20.153000'), Timestamp('2026-06-14 13:18:20.927000'), Timestamp('2026-06-14 13:18:21.030000'), Timestamp('2026-06-14 13:18:21.342000'), Timestamp('2026-06-14 13:18:21.456000'), Timestamp('2026-06-14 13:18:22.221000'), Timestamp('2026-06-14 13:18:22.340000'), Timestamp('2026-06-14 13:18:22.642000'), Timestamp('2026-06-14 13:18:22.756000'), Timestamp('2026-06-14 13:18:23.523000'), Timestamp('2026-06-14 13:18:23.637000'), Timestamp('2026-06-14 13:18:23.945000'), Timestamp('2026-06-14 13:18:24.047000'), Timestamp('2026-06-14 13:18:24.824000'), Timestamp('2026-06-14 13:18:24.926000'), Timestamp('2026-06-14 13:18:25.238000'), Timestamp('2026-06-14 13:18:25.352000'), Timestamp('2026-06-14 13:18:26.119000'), Timestamp('2026-06-14 13:18:26.235000'), Timestamp('2026-06-14 13:18:26.538000'), Timestamp('2026-06-14 13:18:26.652000'), Timestamp('2026-06-14 13:18:27.415000'), Timestamp('2026-06-14 13:18:27.534000'), Timestamp('2026-06-14 13:18:27.844000'), Timestamp('2026-06-14 13:18:27.949000'), Timestamp('2026-06-14 13:18:28.723000'), Timestamp('2026-06-14 13:18:28.830000')]","[0.095, 0.777, 0.1, 0.32, 0.107, 0.771, 0.104, 0.311, 0.115, 0.769, 0.111, 0.313, 0.1, 0.78, 0.101, 0.313, 0.112, 0.77, 0.113, 0.306, 0.109, 0.774, 0.103, 0.312, 0.114, 0.765, 0.119, 0.302, 0.114, 0.767, 0.114, 0.308, 0.102, 0.777, 0.102, 0.312, 0.114, 0.767, 0.116, 0.303, 0.114, 0.763, 0.119, 0.31, 0.105, 0.774, 0.107]","[34.91093743801325, 35.3060479454833, 34.7334537175159, 34.40860215053763, 34.978364172130924, 35.0383631713555, 35.169082125603865, 35.04816724627253, 34.722549250451294, 34.65884652981427, 35.04396482813749, 35.0383631713555, 35.03696303696303, 34.916478197040036, 34.22470767666497, 34.40904419321686, 34.59740259740259, 34.909552523008564, 35.48995489954899, 34.99229829500186, 34.846768030778144, 35.34188728276758, 34.98207885304659, 34.85503426462836, 34.679186228482, 35.036496350364956, 34.51944430098642, 34.92571670481154, 34.978364172130924, 35.13448414291449, 34.60818956557888, 34.679186228482, 34.73890851982725, 35.70006635700066, 35.18796992481202, 34.955312810327705, 34.94252873563218, 34.906556857776366, 35.01461599787404, 34.81185621189826, 34.878936540591866, 35.02392344497608, 34.752553024351926, 34.81963335304553, 34.79081472161057, 35.1627159501808, 34.44444444444444, 34.837946223128]","[3.316539056611259, 27.432799253640525, 3.47334537175159, 11.010752688172042, 3.742684966418009, 27.01457800511509, 3.6575845410628016, 10.899980013590756, 3.993093163801899, 26.652652981427174, 3.8898800959232616, 10.96700767263427, 3.5036963036963034, 27.234852993691227, 3.456695475343162, 10.770030832476877, 3.87490909090909, 26.880355442716596, 4.010364903649036, 10.707643278270568, 3.7982977153548174, 27.354620756862108, 3.603154121863798, 10.874770690564048, 3.9534272300469486, 26.802919708029194, 4.107813871817384, 10.547566444853086, 3.9875335156229252, 26.948149337615412, 3.9453336104759926, 10.681189358372457, 3.543368669022379, 27.738951559389513, 3.5891729323308263, 10.906057596822244, 3.983448275862069, 26.773329109914474, 4.061695455753389, 10.547992432205172, 3.9761987656274727, 26.723253588516748, 4.135553809897879, 10.794086339444116, 3.65303554576911, 27.215942145439936, 3.6855555555555553]",534.4218642739306,9.984075151772846,c:\git\RailwAI\VIDEO\20260614\ADTC Rastatt_00_20260614131813.mp4,2026-06-14 13:18:13,Trieb
ADTC1_adz_raw_20260614_1327,2026-06-14 13:25:43.501,2026-06-14 13:25:53.523,"[Timestamp('2026-06-14 13:25:53.523000'), Timestamp('2026-06-14 13:25:53.646000'), Timestamp('2026-06-14 13:25:53.996000'), Timestamp('2026-06-14 13:25:54.109000'), Timestamp('2026-06-14 13:25:54.338000'), Timestamp('2026-06-14 13:25:54.450000'), Timestamp('2026-06-14 13:25:55.239000'), Timestamp('2026-06-14 13:25:55.350000'), Timestamp('2026-06-14 13:25:55.545000'), Timestamp('2026-06-14 13:25:55.657000'), Timestamp('2026-06-14 13:25:56.449000'), Timestamp('2026-06-14 13:25:56.559000'), Timestamp('2026-06-14 13:25:56.751000'), Timestamp('2026-06-14 13:25:56.870000'), Timestamp('2026-06-14 13:25:57.661000'), Timestamp('2026-06-14 13:25:57.774000'), Timestamp('2026-06-14 13:25:57.955000'), Timestamp('2026-06-14 13:25:58.077000'), Timestamp('2026-06-14 13:25:58.866000'), Timestamp('2026-06-14 13:25:58.984000')]","[0.123, 0.35, 0.113, 0.229, 0.112, 0.789, 0.111, 0.195, 0.112, 0.792, 0.11, 0.192, 0.119, 0.791, 0.113, 0.181, 0.122, 0.789, 0.118]","[35.510338037413845, 35.67567567567568, 34.97557867912508, 34.80499691305319, 34.349796451340346, 35.36499321573948, 34.84584980237154, 35.44800523217789, 34.78991596638655, 35.114748836462844, 35.298411625549164, 35.17238602659938, 34.71982420342175, 34.51053283767038, 34.59740259740259, 34.53282093086448, 36.03278780879411, 35.212081312391675, 35.16672257631667, 34.70226676584583]","[4.367771578601903, 12.486486486486486, 3.952240390741134, 7.97034429308918, 3.8471772025501187, 27.90297964721845, 3.867889328063241, 6.912361020274689, 3.8964705882352937, 27.810881078478573, 3.882825278810408, 6.753098117107082, 4.131659080207188, 27.297831474597274, 3.909506493506493, 6.250440588486471, 4.396000112672882, 27.782332155477032, 4.149673264005367]",191.56796817860925,9.91405172790597,c:\git\RailwAI\VIDEO\20260614\ADTC Rastatt_00_20260614132553.mp4,2026-06-14 13:25:53,Lok
ADTC1_adz_raw_20260614_1345,2026-06-14 13:44:16.474,2026-06-14 13:44:26.530,"[Timestamp('2026-06-14 13:44:26.530000'), Timestamp('2026-06-14 13:44:26.655000'), Timestamp('2026-06-14 13:44:27.291000'), Timestamp('2026-06-14 13:44:27.418000'), Timestamp('2026-06-14 13:44:28.086000'), Timestamp('2026-06-14 13:44:28.208000'), Timestamp('2026-06-14 13:44:28.881000'), Timestamp('2026-06-14 13:44:29.005000'), Timestamp('2026-06-14 13:44:29.679000'), Timestamp('2026-06-14 13:44:29.802000'), Timestamp('2026-06-14 13:44:30.466000'), Timestamp('2026-06-14 13:44:30.597000'), Timestamp('2026-06-14 13:44:31.266000'), Timestamp('2026-06-14 13:44:31.391000'), Timestamp('2026-06-14 13:44:32.064000'), Timestamp('2026-06-14 13:44:32.184000'), Timestamp('2026-06-14 13:44:32.855000'), Timestamp('2026-06-14 13:44:32.977000'), Timestamp('2026-06-14 13:44:33.655000'), Timestamp('2026-06-14 13:44:33.776000'), Timestamp('2026-06-14 13:44:34.454000'), Timestamp('2026-06-14 13:44:34.571000'), Timestamp('2026-06-14 13:44:35.214000'), Timestamp('2026-06-14 13:44:35.331000'), Timestamp('2026-06-14 13:44:35.704000'), Timestamp('2026-06-14 13:44:35.822000'), Timestamp('2026-06-14 13:44:36.465000'), Timestamp('2026-06-14 13:44:36.585000'), Timestamp('2026-06-14 13:44:37.260000'), Timestamp('2026-06-14 13:44:37.384000'), Timestamp('2026-06-14 13:44:38.059000'), Timestamp('2026-06-14 13:44:38.187000'), Timestamp('2026-06-14 13:44:38.859000'), Timestamp('2026-06-14 13:44:38.984000'), Timestamp('2026-06-14 13:44:39.657000'), Timestamp('2026-06-14 13:44:39.784000'), Timestamp('2026-06-14 13:44:40.459000'), Timestamp('2026-06-14 13:44:40.586000'), Timestamp('2026-06-14 13:44:41.263000'), Timestamp('2026-06-14 13:44:41.383000'), Timestamp('2026-06-14 13:44:42.062000'), Timestamp('2026-06-14 13:44:42.185000'), Timestamp('2026-06-14 13:44:42.864000'), Timestamp('2026-06-14 13:44:42.990000'), Timestamp('2026-06-14 13:44:43.665000'), Timestamp('2026-06-14 13:44:43.788000'), Timestamp('2026-06-14 13:44:44.434000'), Timestamp('2026-06-14 13:44:44.556000')]","[0.125, 0.636, 0.127, 0.668, 0.122, 0.673, 0.124, 0.674, 0.123, 0.664, 0.131, 0.669, 0.125, 0.673, 0.12, 0.671, 0.122, 0.678, 0.121, 0.678, 0.117, 0.643, 0.117, 0.373, 0.118, 0.643, 0.12, 0.675, 0.124, 0.675, 0.128, 0.672, 0.125, 0.673, 0.127, 0.675, 0.127, 0.677, 0.12, 0.679, 0.123, 0.679, 0.126, 0.675, 0.123, 0.646, 0.122]","[35.44172740276548, 35.42435424354243, 34.91093743801325, 35.11005322136343, 34.711779448621556, 34.78991596638655, 34.722549250451294, 34.65703971119133, 34.14190418435415, 34.86514276674839, 34.22731779240918, 34.452862710796104, 34.4891640866873, 34.679186228482, 34.10570952597304, 34.66110531803962, 34.47048812562853, 34.347158218125955, 35.20309477756286, 34.4196566258867, 33.51285487998051, 35.23290986085904, 33.82336521642041, 35.152359021046436, 34.65884652981427, 34.27262313860252, 34.635186437152214, 34.160030337504736, 34.198782961460445, 34.17039678324861, 34.415884254271205, 34.02931138325637, 34.301464958399265, 34.42736534168185, 34.094429681498184, 34.49546010689677, 33.886149708650834, 34.529252227818674, 34.00724728226915, 34.661991038379114, 34.3206106870229, 34.115052611681676, 34.00724728226915, 34.6471412992678, 34.552420759317314, 33.939152517054225, 34.00724728226915, 34.49869089789003]","[4.430215925345685, 22.529889298892986, 4.433689054627683, 23.453515551870773, 4.23483709273183, 23.41361344537815, 4.30559610705596, 23.35884476534296, 4.199454214675561, 23.150454797120933, 4.483778630805603, 23.048965153522595, 4.311145510835913, 23.339092331768388, 4.092685143116765, 23.257601668404586, 4.20539955132668, 23.2873732718894, 4.259574468085106, 23.336527192351184, 3.92100402095772, 22.654761040532364, 3.9573337303211886, 13.11182991485032, 4.089743890518084, 22.03729667812142, 4.156222372458266, 23.0580204778157, 4.240649087221096, 23.065017828692817, 4.405233184546715, 22.867697249548282, 4.287683119799908, 23.169616874951885, 4.329992569550269, 23.284435572155324, 4.3035410129986555, 23.376303758233245, 4.080869673872297, 23.53549191505942, 4.221435114503817, 23.16412072333186, 4.284913157565913, 23.38682037700577, 4.24994775339603, 21.92469252601703, 4.148884168436836]",622.4458109676108,9.953041195994148,c:\git\RailwAI\VIDEO\20260614\ADTC Rastatt_00_20260614134423.mp4,2026-06-14 13:44:23,Trieb
ADTC1_adz_raw_20260614_1359,2026-06-14 13:58:18.982,2026-06-14 13:58:29.047,"[Timestamp('2026-06-14 13:58:29.047000'), Timestamp('2026-06-14 13:58:29.509000'), Timestamp('2026-06-14 13:58:29.935000'), Timestamp('2026-06-14 13:58:30.372000'), Timestamp('2026-06-14 13:58:30.710000'), Timestamp('2026-06-14 13:58:32.043000')]","[0.462, 0.426, 0.437, 0.338, 1.333]","[36.09022556390977, 66.57628532693711, 29.271073566375577, 28.888888888888886, 35.428695936376506, 35.7255107386066, 33.568075117370896, 34.436915797729405]","[16.673684210526314, 28.36149754927521, 12.791459148506128, 9.764444444444443, 47.22645168318988]",114.81753703594195,9.874767287300095,c:\git\RailwAI\VIDEO\20260614\ADTC Rastatt_00_20260614135829.mp4,2026-06-14 13:58:29,Trieb
ADTC1_adz_raw_20260614_1416,2026-06-14 14:14:58.378,2026-06-14 14:15:08.474,"[Timestamp('2026-06-14 14:15:08.474000'), Timestamp('2026-06-14 14:15:08.581000'), Timestamp('2026-06-14 14:15:09.383000'), Timestamp('2026-06-14 14:15:09.486000'), Timestamp('2026-06-14 14:15:09.805000'), Timestamp('2026-06-14 14:15:09.918000'), Timestamp('2026-06-14 14:15:10.721000'), Timestamp('2026-06-14 14:15:10.825000'), Timestamp('2026-06-14 14:15:11.143000'), Timestamp('2026-06-14 14:15:11.263000'), Timestamp('2026-06-14 14:15:12.049000'), Timestamp('2026-06-14 14:15:12.169000'), Timestamp('2026-06-14 14:15:12.488000'), Timestamp('2026-06-14 14:15:12.601000'), Timestamp('2026-06-14 14:15:13.402000'), Timestamp('2026-06-14 14:15:13.508000'), Timestamp('2026-06-14 14:15:13.825000'), Timestamp('2026-06-14 14:15:13.946000'), Timestamp('2026-06-14 14:15:14.740000'), Timestamp('2026-06-14 14:15:14.860000'), Timestamp('2026-06-14 14:15:15.179000'), Timestamp('2026-06-14 14:15:15.281000'), Timestamp('2026-06-14 14:15:16.090000'), Timestamp('2026-06-14 14:15:16.191000'), Timestamp('2026-06-14 14:15:16.509000'), Timestamp('2026-06-14 14:15:16.631000'), Timestamp('2026-06-14 14:15:17.424000'), Timestamp('2026-06-14 14:15:17.543000'), Timestamp('2026-06-14 14:15:17.853000'), Timestamp('2026-06-14 14:15:17.982000'), Timestamp('2026-06-14 14:15:18.772000'), Timestamp('2026-06-14 14:15:18.893000'), Timestamp('2026-06-14 14:15:19.208000'), Timestamp('2026-06-14 14:15:19.313000'), Timestamp('2026-06-14 14:15:20.130000'), Timestamp('2026-06-14 14:15:20.236000'), Timestamp('2026-06-14 14:15:20.554000'), Timestamp('2026-06-14 14:15:20.674000'), Timestamp('2026-06-14 14:15:21.464000'), Timestamp('2026-06-14 14:15:21.588000'), Timestamp('2026-06-14 14:15:21.906000'), Timestamp('2026-06-14 14:15:22.021000'), Timestamp('2026-06-14 14:15:22.819000'), Timestamp('2026-06-14 14:15:22.944000'), Timestamp('2026-06-14 14:15:23.255000'), Timestamp('2026-06-14 14:15:23.374000'), Timestamp('2026-06-14 14:15:24.176000'), Timestamp('2026-06-14 14:15:24.292000'), Timestamp('2026-06-14 14:15:24.620000'), Timestamp('2026-06-14 14:15:24.722000'), Timestamp('2026-06-14 14:15:25.536000'), Timestamp('2026-06-14 14:15:25.640000')]","[0.107, 0.802, 0.103, 0.319, 0.113, 0.803, 0.104, 0.318, 0.12, 0.786, 0.12, 0.319, 0.113, 0.801, 0.106, 0.317, 0.121, 0.794, 0.12, 0.319, 0.102, 0.809, 0.101, 0.318, 0.122, 0.793, 0.119, 0.31, 0.129, 0.79, 0.121, 0.315, 0.105, 0.817, 0.106, 0.318, 0.12, 0.79, 0.124, 0.318, 0.115, 0.798, 0.125, 0.311, 0.119, 0.802, 0.116, 0.328, 0.102, 0.814, 0.104]","[33.276462813889225, 34.0429812758573, 33.9875178584856, 34.10570952597304, 33.96467014214454, 34.29665071770334, 33.92395579696572, 34.103127129552504, 33.685869418007655, 33.886149708650834, 33.86759581881533, 34.174521131042866, 34.05797101449275, 33.926073926073926, 33.75185368264953, 33.62532204637468, 33.63027313553707, 33.926073926073926, 33.984962406015036, 33.68794326241135, 34.16759550106394, 34.289650597645135, 33.45597610287422, 33.86759581881533, 34.00030088761848, 34.0429812758573, 34.29271279853032, 33.80952380952381, 32.8367284889024, 33.50795545917497, 33.56684393911608, 33.62532204637468, 33.11762466692045, 32.94948781349346, 33.92226148409894, 33.39221332300917, 33.65505046784057, 33.89290161892902, 33.33494092114782, 32.98444130127298, 33.90894819466248, 33.227939062949126, 33.280461427541454, 32.878254750175934, 33.081850533807824, 33.222559590695, 33.17734695826569, 33.561928004881025, 33.21303090418031, 33.348585189644794, 33.081850533807824, 33.391304347826086]","[3.560581521086147, 27.30247098323756, 3.5007143394240168, 10.8797213387854, 3.838007726062333, 27.540210526315786, 3.528091402884435, 10.844794427197696, 4.042304330160919, 26.634513670999556, 4.06411149825784, 10.901672240802675, 3.848550724637681, 27.174785214785217, 3.57769649036085, 10.659227088700773, 4.069263049399985, 26.937302697302698, 4.078195488721804, 10.746453900709222, 3.485094741108522, 27.740327333494918, 3.379053586390296, 10.769895470383275, 4.148036708289454, 26.99608415175484, 4.080832823025108, 10.480952380952381, 4.23593797506841, 26.47128481274823, 4.061588116633046, 10.591976444608024, 3.477350590026647, 26.919731543624156, 3.5957597173144875, 10.618723836716917, 4.038606056140868, 26.775392278953923, 4.133532674222329, 10.489052333804809, 3.899529042386185, 26.515895372233405, 4.160057678442682, 10.225137227304716, 3.936740213523131, 26.64449279173739, 3.84857224715882, 11.008312385600977, 3.3877291522263913, 27.145748344370862, 3.4405124555160134]",578.4306091455938,9.980071646701887,c:\git\RailwAI\VIDEO\20260614\ADTC Rastatt_00_20260614141508.mp4,2026-06-14 14:15:08,Trieb
ADTC1_adz_raw_20260614_1425,2026-06-14 14:23:56.029,2026-06-14 14:24:06.081,"[Timestamp('2026-06-14 14:24:06.081000'), Timestamp('2026-06-14 14:24:06.195000'), Timestamp('2026-06-14 14:24:06.548000'), Timestamp('2026-06-14 14:24:06.656000'), Timestamp('2026-06-14 14:24:06.884000'), Timestamp('2026-06-14 14:24:07.002000'), Timestamp('2026-06-14 14:24:07.794000'), Timestamp('2026-06-14 14:24:07.901000'), Timestamp('2026-06-14 14:24:08.103000'), Timestamp('2026-06-14 14:24:08.205000'), Timestamp('2026-06-14 14:24:09'), Timestamp('2026-06-14 14:24:09.112000'), Timestamp('2026-06-14 14:24:09.302000'), Timestamp('2026-06-14 14:24:09.414000'), Timestamp('2026-06-14 14:24:10.210000'), Timestamp('2026-06-14 14:24:10.317000'), Timestamp('2026-06-14 14:24:10.509000'), Timestamp('2026-06-14 14:24:10.623000'), Timestamp('2026-06-14 14:24:11.413000'), Timestamp('2026-06-14 14:24:11.532000')]","[0.114, 0.353, 0.108, 0.228, 0.118, 0.792, 0.107, 0.202, 0.102, 0.795, 0.112, 0.19, 0.112, 0.796, 0.107, 0.192, 0.114, 0.79, 0.119]","[35.49965823650034, 35.1034814695973, 35.55555555555555, 35.0383631713555, 35.301752109020114, 34.97279362972793, 35.100665757600055, 34.99229829500186, 36.298138776910534, 35.114748836462844, 35.62164394878149, 35.18796992481202, 35.08322663252241, 35.169082125603865, 34.5956054230949, 34.848604632777295, 36.068347149382504, 35.14294892386765, 35.44172740276548, 34.92063492063492]","[4.046961038961038, 12.391528958767845, 3.8399999999999994, 7.988746803069054, 4.1656067488643735, 27.698452554744524, 3.7557712360632056, 7.068444255590376, 3.7024101552448743, 27.916225324987963, 3.989624122263527, 6.685714285714284, 3.92932138284251, 27.994589371980677, 3.7017297802711546, 6.6909320894932405, 4.1117915750296055, 27.762929649855444, 4.217565560929092]",191.6583448946728,9.932741885810229,c:\git\RailwAI\VIDEO\20260614\ADTC Rastatt_00_20260614142406.mp4,2026-06-14 14:24:06,Lok
ADTC1_adz_raw_20260614_1445,2026-06-14 14:43:57.267,2026-06-14 14:44:07.321,"[Timestamp('2026-06-14 14:44:07.321000'), Timestamp('2026-06-14 14:44:07.434000'), Timestamp('2026-06-14 14:44:08.110000'), Timestamp('2026-06-14 14:44:08.218000'), Timestamp('2026-06-14 14:44:08.445000'), Timestamp('2026-06-14 14:44:08.557000'), Timestamp('2026-06-14 14:44:09.228000'), Timestamp('2026-06-14 14:44:09.337000'), Timestamp('2026-06-14 14:44:09.569000'), Timestamp('2026-06-14 14:44:09.675000'), Timestamp('2026-06-14 14:44:10.349000'), Timestamp('2026-06-14 14:44:10.460000'), Timestamp('2026-06-14 14:44:10.683000'), Timestamp('2026-06-14 14:44:10.796000'), Timestamp('2026-06-14 14:44:11.470000'), Timestamp('2026-06-14 14:44:11.584000'), Timestamp('2026-06-14 14:44:11.803000'), Timestamp('2026-06-14 14:44:11.915000'), Timestamp('2026-06-14 14:44:12.591000'), Timestamp('2026-06-14 14:44:12.700000'), Timestamp('2026-06-14 14:44:12.923000'), Timestamp('2026-06-14 14:44:13.034000'), Timestamp('2026-06-14 14:44:13.707000'), Timestamp('2026-06-14 14:44:13.825000'), Timestamp('2026-06-14 14:44:14.046000'), Timestamp('2026-06-14 14:44:14.157000'), Timestamp('2026-06-14 14:44:14.832000'), Timestamp('2026-06-14 14:44:14.943000'), Timestamp('2026-06-14 14:44:15.157000'), Timestamp('2026-06-14 14:44:15.281000'), Timestamp('2026-06-14 14:44:15.957000'), Timestamp('2026-06-14 14:44:16.063000'), Timestamp('2026-06-14 14:44:16.387000'), Timestamp('2026-06-14 14:44:16.500000'), Timestamp('2026-06-14 14:44:17.166000'), Timestamp('2026-06-14 14:44:17.280000'), Timestamp('2026-06-14 14:44:17.508000'), Timestamp('2026-06-14 14:44:17.615000'), Timestamp('2026-06-14 14:44:18.294000'), Timestamp('2026-06-14 14:44:18.403000'), Timestamp('2026-06-14 14:44:18.624000'), Timestamp('2026-06-14 14:44:18.739000'), Timestamp('2026-06-14 14:44:19.414000'), Timestamp('2026-06-14 14:44:19.519000'), Timestamp('2026-06-14 14:44:19.750000'), Timestamp('2026-06-14 14:44:19.858000'), Timestamp('2026-06-14 14:44:20.537000'), Timestamp('2026-06-14 14:44:20.645000'), Timestamp('2026-06-14 14:44:20.868000'), Timestamp('2026-06-14 14:44:20.980000'), Timestamp('2026-06-14 14:44:21.658000'), Timestamp('2026-06-14 14:44:21.771000'), Timestamp('2026-06-14 14:44:21.994000'), Timestamp('2026-06-14 14:44:22.106000'), Timestamp('2026-06-14 14:44:22.781000'), Timestamp('2026-06-14 14:44:22.890000'), Timestamp('2026-06-14 14:44:23.114000'), Timestamp('2026-06-14 14:44:23.224000'), Timestamp('2026-06-14 14:44:23.897000'), Timestamp('2026-06-14 14:44:24.009000'), Timestamp('2026-06-14 14:44:24.236000'), Timestamp('2026-06-14 14:44:24.341000'), Timestamp('2026-06-14 14:44:25.021000'), Timestamp('2026-06-14 14:44:25.134000')]","[0.113, 0.676, 0.108, 0.227, 0.112, 0.671, 0.109, 0.232, 0.106, 0.674, 0.111, 0.223, 0.113, 0.674, 0.114, 0.219, 0.112, 0.676, 0.109, 0.223, 0.111, 0.673, 0.118, 0.221, 0.111, 0.675, 0.111, 0.214, 0.124, 0.676, 0.106, 0.324, 0.113, 0.666, 0.114, 0.228, 0.107, 0.679, 0.109, 0.221, 0.115, 0.675, 0.105, 0.231, 0.108, 0.679, 0.108, 0.223, 0.112, 0.678, 0.113, 0.223, 0.112, 0.675, 0.109, 0.224, 0.11, 0.673, 0.112, 0.227, 0.105, 0.68, 0.113]","[34.752553024351926, 34.73890851982725, 34.60369417816226, 34.60818956557888, 35.35193533975062, 34.6270829542205, 35.03696303696303, 34.78443522554219, 34.163701067615655, 34.59740259740259, 34.22470767666497, 34.47137699845281, 34.424522845575474, 34.6000987089903, 34.28615160907664, 33.9875178584856, 34.65884652981427, 34.59470690595538, 34.78671865768639, 34.85503426462836, 34.59470690595538, 34.7334537175159, 34.452862710796104, 34.436915797729405, 34.35595390524968, 34.495393904988, 34.29665071770334, 34.47137699845281, 34.29271279853032, 34.91761723700887, 33.74434752526625, 33.83679801427242, 34.20702248259596, 34.32950191570881, 34.121212121212125, 34.664931685100846, 33.90050073490944, 34.038707734016114, 34.321173661563606, 34.60818956557888, 34.126663977410246, 34.23776223776224, 34.134141720348616, 33.943028485757125, 33.647058823529406, 33.96395946687964, 33.6359292881032, 33.99195663577548, 33.659020975591815, 33.66380259969156, 33.51548269581056, 33.819442736640184, 33.46139905762957, 33.490136017211825, 33.59390267735001, 33.902681231380335, 33.394318728935964, 34.22059009750538, 33.166833166833165, 33.635565954957585, 33.96395946687964, 33.76623376623377, 33.91952309985096, 33.79948205697373]","[3.927038491751768, 23.483502159403223, 3.737198971241524, 7.8560590313864065, 3.959416758052069, 23.234772662281955, 3.8190289710289704, 8.069988972325788, 3.621352313167259, 23.31864935064935, 3.798942552109812, 7.687117070654977, 3.8899710815500286, 23.320466529859466, 3.908621283434737, 7.443266411008347, 3.881790811339198, 23.386021868425836, 3.7917523336878167, 7.772672641012124, 3.840012466561047, 23.375614351888203, 4.06543779987394, 7.610558391298198, 3.813510883482714, 23.2843908858669, 3.806928229665071, 7.376874677668901, 4.2522963870177595, 23.604309252218, 3.5769008376782225, 10.963122556624263, 3.8653935405333435, 22.86344827586207, 3.8898181818181823, 7.903604424202993, 3.62735357863531, 23.112282551396945, 3.741007929110433, 7.648409893992933, 3.9245663574021785, 23.110489510489515, 3.5840848806366044, 7.840839580209896, 3.6338823529411757, 23.06152847801128, 3.6326803631151456, 7.5802063297779325, 3.7698103492662836, 22.824058162590877, 3.7872495446265937, 7.541735730270761, 3.747676694454512, 22.60584181161798, 3.661735391831151, 7.594200595829195, 3.673375060182956, 23.030457135621123, 3.7146853146853145, 7.635273471775372, 3.5662157440223625, 22.961038961038962, 3.832906110283159]",610.4434432904462,9.952334496988868,c:\git\RailwAI\VIDEO\20260614\ADTC Rastatt_00_20260614144407.mp4,2026-06-14 14:44:07,Trieb
ADTC1_adz_raw_20260614_1454,2026-06-14 14:53:32.787,2026-06-14 14:53:42.827,"[Timestamp('2026-06-14 14:53:42.827000'), Timestamp('2026-06-14 14:53:42.941000'), Timestamp('2026-06-14 14:53:43.664000'), Timestamp('2026-06-14 14:53:43.782000'), Timestamp('2026-06-14 14:53:43.988000'), Timestamp('2026-06-14 14:53:44.097000'), Timestamp('2026-06-14 14:53:44.848000'), Timestamp('2026-06-14 14:53:44.957000'), Timestamp('2026-06-14 14:53:45.166000'), Timestamp('2026-06-14 14:53:45.275000'), Timestamp('2026-06-14 14:53:46.027000'), Timestamp('2026-06-14 14:53:46.136000'), Timestamp('2026-06-14 14:53:46.339000'), Timestamp('2026-06-14 14:53:46.454000'), Timestamp('2026-06-14 14:53:47.182000'), Timestamp('2026-06-14 14:53:47.294000'), Timestamp('2026-06-14 14:53:47.597000'), Timestamp('2026-06-14 14:53:47.709000'), Timestamp('2026-06-14 14:53:48.434000'), Timestamp('2026-06-14 14:53:48.552000'), Timestamp('2026-06-14 14:53:48.754000'), Timestamp('2026-06-14 14:53:48.868000'), Timestamp('2026-06-14 14:53:49.616000'), Timestamp('2026-06-14 14:53:49.729000'), Timestamp('2026-06-14 14:53:49.939000'), Timestamp('2026-06-14 14:53:50.048000'), Timestamp('2026-06-14 14:53:50.802000'), Timestamp('2026-06-14 14:53:50.910000'), Timestamp('2026-06-14 14:53:51.116000'), Timestamp('2026-06-14 14:53:51.230000'), Timestamp('2026-06-14 14:53:51.960000'), Timestamp('2026-06-14 14:53:52.072000')]","[0.114, 0.723, 0.118, 0.206, 0.109, 0.751, 0.109, 0.209, 0.109, 0.752, 0.109, 0.203, 0.115, 0.728, 0.112, 0.303, 0.112, 0.725, 0.118, 0.202, 0.114, 0.748, 0.113, 0.21, 0.109, 0.754, 0.108, 0.206, 0.114, 0.73, 0.112]","[35.22947640594699, 34.53639598835328, 35.16483516483516, 35.379394597529526, 34.47137699845281, 34.722549250451294, 34.53416149068323, 34.79402765557904, 34.53416149068323, 34.4196566258867, 34.53282093086448, 34.48382603312181, 34.60369417816226, 34.60818956557888, 34.40904419321686, 34.502516453735964, 34.40904419321686, 34.79905437352245, 34.78671865768639, 34.436915797729405, 34.24908424908425, 34.198782961460445, 34.111736638812445, 34.39559030893475, 34.02931138325637, 34.14190418435415, 33.93939393939394, 34.17039678324861, 34.02931138325637, 34.33871153182846, 34.18491484184915, 34.495393904988]","[4.016160310277957, 24.96981429957942, 4.149450549450549, 7.288155287091082, 3.7573800928313563, 26.07663448708892, 3.7642236024844724, 7.271951780016019, 3.7642236024844724, 25.8835817826668, 3.7640774814642284, 7.0002166847237275, 3.97942483048866, 25.194762003741427, 3.853812949640288, 10.454262485481998, 3.853812949640288, 25.229314420803778, 4.104832801606994, 6.95625699114134, 3.9043956043956043, 25.580689655172414, 3.8546262401858065, 7.223073964876297, 3.7091949407749443, 25.742995755003033, 3.665454545454545, 7.039101737349214, 3.879341497691226, 25.067259418234773, 3.8287104622871047]",318.8271932141287,9.924961725810762,c:\git\RailwAI\VIDEO\20260614\ADTC Rastatt_00_20260614145342.mp4,2026-06-14 14:53:42,Trieb
ADTC1_adz_raw_20260614_1459,2026-06-14 14:58:36.371,2026-06-14 14:58:46.481,"[Timestamp('2026-06-14 14:58:46.481000'), Timestamp('2026-06-14 14:58:46.966000'), Timestamp('2026-06-14 14:58:47.435000'), Timestamp('2026-06-14 14:58:47.917000'), Timestamp('2026-06-14 14:58:48.276000'), Timestamp('2026-06-14 14:58:48.761000'), Timestamp('2026-06-14 14:58:49.233000'), Timestamp('2026-06-14 14:58:49.708000')]","[0.485, 0.469, 0.482, 0.359, 0.485, 0.472, 0.475]","[33.10344827586207, 32.89561696884351, 40.21978021978022, 33.39625381152897, 32.990080302314595, 33.04735270417595, 39.68325115792619, 32.60222791116031]","[16.055172413793105, 15.428044358387606, 19.385934065934066, 11.9892551183389, 16.00018894662258, 15.598350476371047, 18.84954430001494]",113.30648967946226,9.91503667967477,c:\git\RailwAI\VIDEO\20260614\ADTC Rastatt_00_20260614145846.mp4,2026-06-14 14:58:46,Trieb
ADTC1_adz_raw_20260614_1516,2026-06-14 15:15:17.357,2026-06-14 15:15:27.398,"[Timestamp('2026-06-14 15:15:27.398000'), Timestamp('2026-06-14 15:15:27.497000'), Timestamp('2026-06-14 15:15:28.289000'), Timestamp('2026-06-14 15:15:28.391000'), Timestamp('2026-06-14 15:15:28.708000'), Timestamp('2026-06-14 15:15:28.813000'), Timestamp('2026-06-14 15:15:29.603000'), Timestamp('2026-06-14 15:15:29.708000'), Timestamp('2026-06-14 15:15:30.019000'), Timestamp('2026-06-14 15:15:30.136000'), Timestamp('2026-06-14 15:15:30.910000'), Timestamp('2026-06-14 15:15:31.032000'), Timestamp('2026-06-14 15:15:31.340000'), Timestamp('2026-06-14 15:15:31.448000'), Timestamp('2026-06-14 15:15:32.237000'), Timestamp('2026-06-14 15:15:32.340000'), Timestamp('2026-06-14 15:15:32.653000'), Timestamp('2026-06-14 15:15:32.768000'), Timestamp('2026-06-14 15:15:33.546000'), Timestamp('2026-06-14 15:15:33.662000'), Timestamp('2026-06-14 15:15:33.978000'), Timestamp('2026-06-14 15:15:34.085000'), Timestamp('2026-06-14 15:15:34.872000'), Timestamp('2026-06-14 15:15:34.972000'), Timestamp('2026-06-14 15:15:35.290000'), Timestamp('2026-06-14 15:15:35.405000'), Timestamp('2026-06-14 15:15:36.185000'), Timestamp('2026-06-14 15:15:36.300000'), Timestamp('2026-06-14 15:15:36.611000'), Timestamp('2026-06-14 15:15:36.727000'), Timestamp('2026-06-14 15:15:37.508000'), Timestamp('2026-06-14 15:15:37.624000'), Timestamp('2026-06-14 15:15:37.940000'), Timestamp('2026-06-14 15:15:38.043000'), Timestamp('2026-06-14 15:15:38.836000'), Timestamp('2026-06-14 15:15:38.939000'), Timestamp('2026-06-14 15:15:39.257000'), Timestamp('2026-06-14 15:15:39.374000'), Timestamp('2026-06-14 15:15:40.156000'), Timestamp('2026-06-14 15:15:40.274000'), Timestamp('2026-06-14 15:15:40.585000'), Timestamp('2026-06-14 15:15:40.700000'), Timestamp('2026-06-14 15:15:41.481000'), Timestamp('2026-06-14 15:15:41.601000'), Timestamp('2026-06-14 15:15:41.919000'), Timestamp('2026-06-14 15:15:42.020000'), Timestamp('2026-06-14 15:15:42.822000'), Timestamp('2026-06-14 15:15:42.925000')]","[0.099, 0.792, 0.102, 0.317, 0.105, 0.79, 0.105, 0.311, 0.117, 0.774, 0.122, 0.308, 0.108, 0.789, 0.103, 0.313, 0.115, 0.778, 0.116, 0.316, 0.107, 0.787, 0.1, 0.318, 0.115, 0.78, 0.115, 0.311, 0.116, 0.781, 0.116, 0.316, 0.103, 0.793, 0.103, 0.318, 0.117, 0.782, 0.118, 0.311, 0.115, 0.781, 0.12, 0.318, 0.101, 0.802, 0.103]","[34.878936540591866, 35.12038523274478, 34.347158218125955, 34.99229829500186, 34.436915797729405, 34.72527472527472, 34.502516453735964, 34.79402765557904, 34.53416149068323, 34.53639598835328, 34.22731779240918, 34.60369417816226, 33.922685046448905, 34.28615160907664, 34.47137699845281, 34.285714285714285, 34.29665071770334, 34.28615160907664, 34.60369417816226, 34.40904419321686, 34.22731779240918, 34.165431817318286, 34.165431817318286, 33.92395579696572, 33.922685046448905, 33.92226148409894, 34.16413373860182, 34.10570952597304, 33.80323600520737, 34.347158218125955, 33.802816901408455, 34.165431817318286, 33.50795545917497, 33.99518652226233, 33.8625391927537, 33.74601527170287, 33.80323600520737, 33.304473304473305, 33.86338185890257, 33.57012728184186, 33.51040499049662, 33.5812133072407, 33.92395579696572, 33.51612195656942, 33.304473304473305, 33.47548751594678, 33.39625381152897, 33.57300073367571]","[3.453014717518595, 27.81534510433387, 3.503410138248847, 11.09255855951559, 3.6158761587615875, 27.43296703296703, 3.6227642276422762, 10.820942600885083, 4.040496894409938, 26.731170494985438, 4.17573277067392, 10.657937806873974, 3.6636499850164816, 27.05177361956147, 3.5505518308406394, 10.731428571428571, 3.9441148325358846, 26.67462595186163, 4.014028524666822, 10.873257965056528, 3.6623230037877823, 26.88819484022949, 3.4165431817318286, 10.7878179434351, 3.901108780341624, 26.459363957597173, 3.9288753799392095, 10.606875662577615, 3.921175376604055, 26.82513056835637, 3.921126760563381, 10.796276454272578, 3.451319412295022, 26.95818291215403, 3.487841536853631, 10.731232856401514, 3.954978612609262, 26.044098124098124, 3.995879059350503, 10.44030958465282, 3.853696573907111, 26.22692759295499, 4.0708746956358866, 10.658126782189075, 3.363751803751804, 26.84734098778932, 3.4398141425874837]",530.104834374451,9.927254446499926,c:\git\RailwAI\VIDEO\20260614\ADTC Rastatt_00_20260614151527.mp4,2026-06-14 15:15:27,Trieb
ADTC1_adz_raw_20260614_1536,2026-06-14 15:35:11.270,2026-06-14 15:35:21.332,"[Timestamp('2026-06-14 15:35:21.332000'), Timestamp('2026-06-14 15:35:21.464000'), Timestamp('2026-06-14 15:35:21.987000'), Timestamp('2026-06-14 15:35:22.127000'), Timestamp('2026-06-14 15:35:22.285000'), Timestamp('2026-06-14 15:35:22.431000'), Timestamp('2026-06-14 15:35:23.174000'), Timestamp('2026-06-14 15:35:23.307000'), Timestamp('2026-06-14 15:35:24.056000'), Timestamp('2026-06-14 15:35:24.191000'), Timestamp('2026-06-14 15:35:24.948000'), Timestamp('2026-06-14 15:35:25.081000'), Timestamp('2026-06-14 15:35:25.832000'), Timestamp('2026-06-14 15:35:25.967000'), Timestamp('2026-06-14 15:35:26.719000'), Timestamp('2026-06-14 15:35:26.858000'), Timestamp('2026-06-14 15:35:27.607000'), Timestamp('2026-06-14 15:35:27.743000'), Timestamp('2026-06-14 15:35:28.494000'), Timestamp('2026-06-14 15:35:28.636000'), Timestamp('2026-06-14 15:35:29.378000'), Timestamp('2026-06-14 15:35:29.527000'), Timestamp('2026-06-14 15:35:29.683000'), Timestamp('2026-06-14 15:35:29.819000'), Timestamp('2026-06-14 15:35:30.347000'), Timestamp('2026-06-14 15:35:30.490000')]","[0.132, 0.523, 0.14, 0.158, 0.146, 0.743, 0.133, 0.749, 0.135, 0.757, 0.133, 0.751, 0.135, 0.752, 0.139, 0.749, 0.136, 0.751, 0.142, 0.742, 0.149, 0.156, 0.136, 0.528, 0.143]","[33.21958403678293, 33.39140534262486, 33.45597610287422, 33.18289275736085, 33.48240326657593, 33.75602521319985, 33.97358943577431, 32.98444130127298, 33.66249078850405, 34.039593631237736, 33.74403374403374, 33.71217712177122, 33.4282817554193, 33.43590240593124, 33.6127072429821, 33.50165080598174, 33.116398164941856, 33.26618705035971, 33.16863587540279, 33.66380259969156, 33.647058823529406, 33.60621685687055, 33.4448160535117, 33.55376128018706, 33.51824817518248, 33.765688827456835]","[4.384985092855348, 17.463704994192803, 4.683836654402391, 5.242897055663014, 4.8884308769200855, 25.080726733407488, 4.518487394957983, 24.70534653465346, 4.544436256448047, 25.767972378846967, 4.487956487956488, 25.317845018450186, 4.5128180369816056, 25.14379860926029, 4.672166306774512, 25.092736453680324, 4.503830150432092, 24.982906474820144, 4.709946294307196, 24.978541528971135, 5.013411764705881, 5.242569829671806, 4.548494983277592, 17.71638595593877, 4.793109489051094]",306.99734135662675,9.936298391015203,c:\git\RailwAI\VIDEO\20260614\ADTC Rastatt_00_20260614153521.mp4,2026-06-14 15:35:21,Trieb
ADTC1_adz_raw_20260614_1542,2026-06-14 15:40:45.037,2026-06-14 15:40:55.133,"[Timestamp('2026-06-14 15:40:55.133000'), Timestamp('2026-06-14 15:40:55.243000'), Timestamp('2026-06-14 15:40:56.059000'), Timestamp('2026-06-14 15:40:56.172000'), Timestamp('2026-06-14 15:40:56.509000'), Timestamp('2026-06-14 15:40:56.617000'), Timestamp('2026-06-14 15:40:57.450000'), Timestamp('2026-06-14 15:40:57.560000'), Timestamp('2026-06-14 15:40:57.898000'), Timestamp('2026-06-14 15:40:58.022000'), Timestamp('2026-06-14 15:40:58.851000'), Timestamp('2026-06-14 15:40:58.972000'), Timestamp('2026-06-14 15:40:59.314000'), Timestamp('2026-06-14 15:40:59.424000'), Timestamp('2026-06-14 15:41:00.263000'), Timestamp('2026-06-14 15:41:00.379000'), Timestamp('2026-06-14 15:41:00.710000'), Timestamp('2026-06-14 15:41:00.832000'), Timestamp('2026-06-14 15:41:01.643000'), Timestamp('2026-06-14 15:41:01.771000'), Timestamp('2026-06-14 15:41:02.091000'), Timestamp('2026-06-14 15:41:02.199000'), Timestamp('2026-06-14 15:41:03.012000'), Timestamp('2026-06-14 15:41:03.119000'), Timestamp('2026-06-14 15:41:03.437000'), Timestamp('2026-06-14 15:41:03.561000'), Timestamp('2026-06-14 15:41:04.345000'), Timestamp('2026-06-14 15:41:04.467000'), Timestamp('2026-06-14 15:41:04.784000'), Timestamp('2026-06-14 15:41:04.897000'), Timestamp('2026-06-14 15:41:05.689000'), Timestamp('2026-06-14 15:41:05.805000'), Timestamp('2026-06-14 15:41:06.127000'), Timestamp('2026-06-14 15:41:06.230000'), Timestamp('2026-06-14 15:41:07.040000'), Timestamp('2026-06-14 15:41:07.150000'), Timestamp('2026-06-14 15:41:07.466000'), Timestamp('2026-06-14 15:41:07.585000'), Timestamp('2026-06-14 15:41:08.373000'), Timestamp('2026-06-14 15:41:08.493000'), Timestamp('2026-06-14 15:41:08.813000'), Timestamp('2026-06-14 15:41:08.927000'), Timestamp('2026-06-14 15:41:09.723000'), Timestamp('2026-06-14 15:41:09.851000'), Timestamp('2026-06-14 15:41:10.165000'), Timestamp('2026-06-14 15:41:10.281000'), Timestamp('2026-06-14 15:41:11.082000'), Timestamp('2026-06-14 15:41:11.199000'), Timestamp('2026-06-14 15:41:11.523000'), Timestamp('2026-06-14 15:41:11.633000'), Timestamp('2026-06-14 15:41:12.441000'), Timestamp('2026-06-14 15:41:12.548000')]","[0.11, 0.816, 0.113, 0.337, 0.108, 0.833, 0.11, 0.338, 0.124, 0.829, 0.121, 0.342, 0.11, 0.839, 0.116, 0.331, 0.122, 0.811, 0.128, 0.32, 0.108, 0.813, 0.107, 0.318, 0.124, 0.784, 0.122, 0.317, 0.113, 0.792, 0.116, 0.322, 0.103, 0.81, 0.11, 0.316, 0.119, 0.788, 0.12, 0.32, 0.114, 0.796, 0.128, 0.314, 0.116, 0.801, 0.117, 0.324, 0.11, 0.808, 0.107]","[33.00372142477406, 32.77061270140855, 32.66666666666667, 32.659106688266604, 32.160894256021194, 32.54274682846112, 32.064235530277685, 32.26972792190183, 31.947551440784956, 32.161616161616166, 31.946843853820596, 31.8968562345461, 32.17172624393749, 32.13613972234662, 32.382252559726965, 32.6530612244898, 32.37856899101354, 32.86250043811994, 32.877097920551705, 32.8367284889024, 33.227939062949126, 33.21303090418031, 33.36591723688498, 33.414043583535104, 32.7133402995472, 33.64265723965238, 33.391304347826086, 34.19141412220997, 33.373569600695284, 33.4448160535117, 33.06302461232039, 33.67181751287711, 33.552920509442245, 33.90050073490944, 33.48240326657593, 33.64718812969409, 33.18077803203661, 32.81075027995521, 33.11799353980619, 33.45454545454545, 33.089724607639916, 33.52926143623818, 33.25023969319271, 33.06851329238504, 32.96369900869013, 32.96369900869013, 32.902863559797865, 33.06622477362845, 32.932330827067666, 32.72727272727273, 32.692640692640694, 33.231474407944994]","[3.630409356725146, 26.740819964349377, 3.691333333333334, 11.006118953945846, 3.473376579650289, 27.108108108108112, 3.5270659083305453, 10.90716803760282, 3.9614963786573343, 26.6619797979798, 3.865568106312292, 10.908724832214768, 3.538889886833124, 26.96222122704881, 3.756341296928328, 10.808163265306122, 3.9501854169036514, 26.65148785531527, 4.208268533830618, 10.507753116448768, 3.5886174187985054, 27.002194125098587, 3.570153144346693, 10.625665859564164, 4.056454197143853, 26.375843275887465, 4.073739130434783, 10.838678276740561, 3.7712133648785673, 26.488294314381267, 3.8353108550291655, 10.84232523914643, 3.455950812472551, 27.45940559527665, 3.6830643593233523, 10.632511448983331, 3.948512585812357, 25.854871220604704, 3.974159224776743, 10.705454545454545, 3.7722286052709504, 26.68929210324559, 4.256030680728667, 10.383513173808904, 3.823789085008055, 26.403922905960794, 3.8496350364963505, 10.713456826655618, 3.622556390977443, 26.443636363636365, 3.4981125541125544]",574.10407267588,9.972933872801123,c:\git\RailwAI\VIDEO\20260614\ADTC Rastatt_00_20260614154055.mp4,2026-06-14 15:40:55,Trieb
ADTC1_adz_raw_20260614_1551,2026-06-14 15:49:57.606,2026-06-14 15:50:07.668,"[Timestamp('2026-06-14 15:50:07.668000'), Timestamp('2026-06-14 15:50:07.809000'), Timestamp('2026-06-14 15:50:08.323000'), Timestamp('2026-06-14 15:50:08.463000'), Timestamp('2026-06-14 15:50:08.612000'), Timestamp('2026-06-14 15:50:08.759000'), Timestamp('2026-06-14 15:50:09.485000'), Timestamp('2026-06-14 15:50:09.634000'), Timestamp('2026-06-14 15:50:10.369000'), Timestamp('2026-06-14 15:50:10.507000'), Timestamp('2026-06-14 15:50:11.245000'), Timestamp('2026-06-14 15:50:11.385000'), Timestamp('2026-06-14 15:50:12.117000'), Timestamp('2026-06-14 15:50:12.262000'), Timestamp('2026-06-14 15:50:12.999000'), Timestamp('2026-06-14 15:50:13.136000'), Timestamp('2026-06-14 15:50:13.875000'), Timestamp('2026-06-14 15:50:14.021000'), Timestamp('2026-06-14 15:50:14.753000'), Timestamp('2026-06-14 15:50:14.893000'), Timestamp('2026-06-14 15:50:15.628000'), Timestamp('2026-06-14 15:50:15.768000'), Timestamp('2026-06-14 15:50:15.923000'), Timestamp('2026-06-14 15:50:16.066000'), Timestamp('2026-06-14 15:50:16.588000'), Timestamp('2026-06-14 15:50:16.733000')]","[0.141, 0.514, 0.14, 0.149, 0.147, 0.726, 0.149, 0.735, 0.138, 0.738, 0.14, 0.732, 0.145, 0.737, 0.137, 0.739, 0.146, 0.732, 0.14, 0.735, 0.14, 0.155, 0.143, 0.522, 0.145]","[35.036496350364956, 32.87671232876713, 33.10344827586207, 32.6530612244898, 34.53237410071942, 32.87671232876713, 33.56643356643357, 32.87671232876713, 32.214765100671144, 32.214765100671144, 33.10344827586207, 31.372549019607842, 32.6530612244898, 32.6530612244898, 32.6530612244898, 31.372549019607842, 30.379746835443036, 29.81366459627329, 30.188679245283016, 32.0, 30.769230769230766, 30.573248407643312, 29.629629629629626, 31.788079470198674, 31.16883116883117, 29.629629629629626, 30.379746835443036, 29.81366459627329]","[4.940145985401458, 16.898630136986302, 4.63448275862069, 4.865306122448979, 5.076258992805755, 23.868493150684934, 5.001398601398601, 24.164383561643838, 4.445637583892618, 23.774496644295304, 4.63448275862069, 22.96470588235294, 4.73469387755102, 24.06530612244898, 4.473469387755102, 23.184313725490195, 4.435443037974683, 21.823602484472048, 4.226415094339623, 23.52, 4.3076923076923075, 4.738853503184713, 4.2370370370370365, 16.59337748344371, 4.519480519480519]",290.1281067600221,9.944835918652853,c:\git\RailwAI\VIDEO\20260614\ADTC Rastatt_00_20260614155007.mp4,2026-06-14 15:50:07,Trieb
ADTC1_adz_raw_20260614_1558,2026-06-14 15:57:03.533,2026-06-14 15:57:13.587,"[Timestamp('2026-06-14 15:57:13.587000'), Timestamp('2026-06-14 15:57:13.722000'), Timestamp('2026-06-14 15:57:14.020000'), Timestamp('2026-06-14 15:57:14.151000'), Timestamp('2026-06-14 15:57:14.388000'), Timestamp('2026-06-14 15:57:14.463000'), Timestamp('2026-06-14 15:57:15.187000'), Timestamp('2026-06-14 15:57:15.260000'), Timestamp('2026-06-14 15:57:15.441000'), Timestamp('2026-06-14 15:57:15.517000'), Timestamp('2026-06-14 15:57:16.238000'), Timestamp('2026-06-14 15:57:16.313000'), Timestamp('2026-06-14 15:57:16.491000'), Timestamp('2026-06-14 15:57:16.571000'), Timestamp('2026-06-14 15:57:17.286000'), Timestamp('2026-06-14 15:57:17.365000'), Timestamp('2026-06-14 15:57:17.540000'), Timestamp('2026-06-14 15:57:17.618000'), Timestamp('2026-06-14 15:57:18.333000'), Timestamp('2026-06-14 15:57:18.410000'), Timestamp('2026-06-14 15:57:18.592000'), Timestamp('2026-06-14 15:57:18.666000'), Timestamp('2026-06-14 15:57:19.390000'), Timestamp('2026-06-14 15:57:19.462000'), Timestamp('2026-06-14 15:57:19.716000'), Timestamp('2026-06-14 15:57:20.438000'), Timestamp('2026-06-14 15:57:20.510000'), Timestamp('2026-06-14 15:57:20.691000'), Timestamp('2026-06-14 15:57:20.767000'), Timestamp('2026-06-14 15:57:21.490000'), Timestamp('2026-06-14 15:57:21.564000'), Timestamp('2026-06-14 15:57:21.817000'), Timestamp('2026-06-14 15:57:22.614000'), Timestamp('2026-06-14 15:57:22.794000'), Timestamp('2026-06-14 15:57:22.869000'), Timestamp('2026-06-14 15:57:23.591000'), Timestamp('2026-06-14 15:57:23.664000'), Timestamp('2026-06-14 15:57:23.918000'), Timestamp('2026-06-14 15:57:24.643000'), Timestamp('2026-06-14 15:57:24.712000'), Timestamp('2026-06-14 15:57:24.970000'), Timestamp('2026-06-14 15:57:25.693000'), Timestamp('2026-06-14 15:57:25.764000')]","[0.135, 0.298, 0.131, 0.237, 0.075, 0.724, 0.073, 0.181, 0.076, 0.721, 0.075, 0.178, 0.08, 0.715, 0.079, 0.175, 0.078, 0.715, 0.077, 0.182, 0.074, 0.724, 0.072, 0.254, 0.722, 0.072, 0.181, 0.076, 0.723, 0.074, 0.253, 0.797, 0.18, 0.075, 0.722, 0.073, 0.254, 0.725, 0.069, 0.258, 0.723, 0.071]","[34.78260869565217, 34.53237410071942, 35.036496350364956, 34.90909090909091, 35.55555555555555, 35.036496350364956, 27.350427350427353, 21.0989010989011, 27.42857142857143, 9.619238476953907, 27.195467422096318, 21.145374449339204, 27.586206896551726, 9.638554216867469, 27.507163323782237, 21.145374449339204, 27.350427350427353, 9.638554216867469, 27.350427350427353, 21.238938053097343, 34.78260869565217, 27.507163323782237, 21.145374449339204, 27.272727272727273, 8.938547486033519, 18.11320754716981, 18.045112781954884, 8.930232558139535, 8.946877912395154, 18.18181818181818, 18.045112781954884, 9.619238476953907, 34.65703971119133, 34.53237410071942, 34.53237410071942, 34.40860215053763, 34.40860215053763, 34.78260869565217, 34.285714285714285, 34.65703971119133, 46.829268292682926, 21.476510067114095, 34.285714285714285]","[4.695652173913044, 10.290647482014387, 4.589781021897809, 8.273454545454545, 2.666666666666666, 25.366423357664228, 1.9965811965811966, 3.8189010989010987, 2.0845714285714285, 6.935470941883766, 2.039660056657224, 3.763876651982378, 2.2068965517241383, 6.89156626506024, 2.173065902578797, 3.7004405286343607, 2.1333333333333333, 6.89156626506024, 2.105982905982906, 3.8654867256637164, 2.5739130434782607, 19.91518624641834, 1.5224669603524226, 6.927272727272728, 6.4536312849162005, 1.3041509433962264, 3.266165413533834, 0.6786976744186046, 6.468592730661696, 1.3454545454545452, 4.565413533834586, 7.666533066132264, 6.238267148014439, 2.5899280575539567, 24.93237410071942, 2.511827956989247, 8.73978494623656, 25.217391304347824, 2.3657142857142857, 8.941516245487364, 33.85756097560976, 1.5248322147651006]",286.0967005055332,9.947757382821738,c:\git\RailwAI\VIDEO\20260614\ADTC Rastatt_00_20260614155713.mp4,2026-06-14 15:57:13,Lok
ADTC1_adz_raw_20260614_1603,2026-06-14 16:02:39.917,2026-06-14 16:02:49.939,"[Timestamp('2026-06-14 16:02:49.939000'), Timestamp('2026-06-14 16:02:50.060000'), Timestamp('2026-06-14 16:02:50.836000'), Timestamp('2026-06-14 16:02:50.958000'), Timestamp('2026-06-14 16:02:51.170000'), Timestamp('2026-06-14 16:02:51.291000'), Timestamp('2026-06-14 16:02:52.078000'), Timestamp('2026-06-14 16:02:52.197000'), Timestamp('2026-06-14 16:02:52.416000'), Timestamp('2026-06-14 16:02:52.530000'), Timestamp('2026-06-14 16:02:53.309000'), Timestamp('2026-06-14 16:02:53.426000'), Timestamp('2026-06-14 16:02:53.643000'), Timestamp('2026-06-14 16:02:53.759000'), Timestamp('2026-06-14 16:02:54.518000'), Timestamp('2026-06-14 16:02:54.643000')]","[0.121, 0.776, 0.122, 0.212, 0.121, 0.787, 0.119, 0.219, 0.114, 0.779, 0.117, 0.217, 0.116, 0.759, 0.125]","[32.404371584699454, 32.73614499825723, 32.59846877594318, 32.89059933355236, 32.8367284889024, 32.9409548921744, 32.999432999433, 33.27806214404153, 32.933976697658, 33.27566320645906, 33.33373521575058, 33.57012728184186, 33.16546934294375, 33.103841900617134, 33.51285487998051, 33.160720677723425]","[3.920928961748634, 25.40324851864761, 3.977013190665068, 6.9728070587131, 3.9732441471571907, 25.924531500141256, 3.9269325269325264, 7.287895609545094, 3.7544733435330118, 25.921741637831605, 3.900047020242818, 7.284717620159684, 3.8471944437814756, 25.125816002568406, 4.189106859997564]",155.40969844166506,9.901855778268375,c:\git\RailwAI\VIDEO\20260614\ADTC Rastatt_00_20260614160249.mp4,2026-06-14 16:02:49,Trieb
ADTC1_adz_raw_20260614_1606,2026-06-14 16:05:09.210,2026-06-14 16:05:19.318,"[Timestamp('2026-06-14 16:05:19.318000'), Timestamp('2026-06-14 16:05:20.210000'), Timestamp('2026-06-14 16:05:20.663000'), Timestamp('2026-06-14 16:05:21.005000'), Timestamp('2026-06-14 16:05:21.462000'), Timestamp('2026-06-14 16:05:21.894000'), Timestamp('2026-06-14 16:05:22.351000')]","[0.892, 0.453, 0.342, 0.457, 0.432, 0.457]","[34.407069691177654, 34.63281914829864, 34.435071488239814, 33.8575114501932, 34.151049264953436, 34.04255319148936, 37.90357131087211, 33.47994038385497]","[30.691106164530467, 15.688667074179284, 11.776794448978016, 15.472882732738293, 14.753253282459884, 15.557446808510639]",103.94015051139658,9.920516641828115,c:\git\RailwAI\VIDEO\20260614\ADTC Rastatt_00_20260614160519.mp4,2026-06-14 16:05:19,Trieb
ADTC1_adz_raw_20260614_1616,2026-06-14 16:14:28.166,2026-06-14 16:14:38.231,"[Timestamp('2026-06-14 16:14:38.231000'), Timestamp('2026-06-14 16:14:38.336000'), Timestamp('2026-06-14 16:14:39.130000'), Timestamp('2026-06-14 16:14:39.233000'), Timestamp('2026-06-14 16:14:39.556000'), Timestamp('2026-06-14 16:14:39.658000'), Timestamp('2026-06-14 16:14:40.461000'), Timestamp('2026-06-14 16:14:40.561000'), Timestamp('2026-06-14 16:14:40.873000'), Timestamp('2026-06-14 16:14:40.992000'), Timestamp('2026-06-14 16:14:41.774000'), Timestamp('2026-06-14 16:14:41.891000'), Timestamp('2026-06-14 16:14:42.209000'), Timestamp('2026-06-14 16:14:42.318000'), Timestamp('2026-06-14 16:14:43.113000'), Timestamp('2026-06-14 16:14:43.214000'), Timestamp('2026-06-14 16:14:43.529000'), Timestamp('2026-06-14 16:14:43.651000'), Timestamp('2026-06-14 16:14:44.430000'), Timestamp('2026-06-14 16:14:44.541000'), Timestamp('2026-06-14 16:14:44.866000'), Timestamp('2026-06-14 16:14:44.961000'), Timestamp('2026-06-14 16:14:45.758000'), Timestamp('2026-06-14 16:14:45.863000'), Timestamp('2026-06-14 16:14:46.180000'), Timestamp('2026-06-14 16:14:46.296000'), Timestamp('2026-06-14 16:14:47.071000'), Timestamp('2026-06-14 16:14:47.193000'), Timestamp('2026-06-14 16:14:47.505000'), Timestamp('2026-06-14 16:14:47.620000'), Timestamp('2026-06-14 16:14:48.400000'), Timestamp('2026-06-14 16:14:48.519000'), Timestamp('2026-06-14 16:14:48.834000'), Timestamp('2026-06-14 16:14:48.936000'), Timestamp('2026-06-14 16:14:49.726000'), Timestamp('2026-06-14 16:14:49.833000'), Timestamp('2026-06-14 16:14:50.152000'), Timestamp('2026-06-14 16:14:50.262000'), Timestamp('2026-06-14 16:14:51.045000'), Timestamp('2026-06-14 16:14:51.163000'), Timestamp('2026-06-14 16:14:51.473000'), Timestamp('2026-06-14 16:14:51.581000'), Timestamp('2026-06-14 16:14:52.369000'), Timestamp('2026-06-14 16:14:52.479000'), Timestamp('2026-06-14 16:14:52.789000'), Timestamp('2026-06-14 16:14:52.908000'), Timestamp('2026-06-14 16:14:53.687000'), Timestamp('2026-06-14 16:14:53.804000'), Timestamp('2026-06-14 16:14:54.115000'), Timestamp('2026-06-14 16:14:54.221000'), Timestamp('2026-06-14 16:14:55.013000'), Timestamp('2026-06-14 16:14:55.117000')]","[0.105, 0.794, 0.103, 0.323, 0.102, 0.803, 0.1, 0.312, 0.119, 0.782, 0.117, 0.318, 0.109, 0.795, 0.101, 0.315, 0.122, 0.779, 0.111, 0.325, 0.095, 0.797, 0.105, 0.317, 0.116, 0.775, 0.122, 0.312, 0.115, 0.78, 0.119, 0.315, 0.102, 0.79, 0.107, 0.319, 0.11, 0.783, 0.118, 0.31, 0.108, 0.788, 0.11, 0.31, 0.119, 0.779, 0.117, 0.311, 0.106, 0.792, 0.104]","[34.23776223776224, 34.198782961460445, 33.72573189522342, 34.04426559356137, 34.495393904988, 34.77305715742811, 34.15053328615478, 34.05325853155385, 34.722549250451294, 33.98240733779415, 33.59970629627363, 34.47137699845281, 34.47137699845281, 34.47937891723195, 34.65884652981427, 33.880243993526705, 34.179284130503646, 33.983363562449185, 33.86338185890257, 34.01309353600722, 34.163701067615655, 34.02931138325637, 34.46217189912507, 34.39559030893475, 35.074338289219284, 33.87379328338738, 33.86327503974563, 34.44444444444444, 34.226118730730676, 34.094429681498184, 34.70226676584583, 34.74579593116695, 34.10430839002267, 34.71733520994604, 34.11320754716981, 34.359780649614606, 33.95479170558565, 33.86327503974563, 34.24908424908425, 34.13461538461539, 33.81911224830348, 34.115052611681676, 34.26390125970225, 34.843791021265424, 34.453004622496145, 34.47966238663913, 34.408382315359056, 34.250950570342205, 34.99446290143965, 34.8040049734965, 34.92960722681529, 34.66511357018055]","[3.594965034965035, 27.153833671399596, 3.473750385208012, 10.996297786720323, 3.518530178308776, 27.922764897414776, 3.4150533286154783, 10.6246166618448, 4.131983360803704, 26.574242538155026, 3.931165636664015, 10.961897885507994, 3.7573800928313563, 27.4111062391994, 3.500543499511241, 10.672276857960911, 4.169872663921445, 26.473040215147915, 3.7588353863381854, 11.054255399202347, 3.2455516014234873, 27.12136117245533, 3.6185280494081318, 10.903402127932315, 4.068623241549437, 26.25218979462522, 4.131319554848967, 10.746666666666666, 3.9360036540340277, 26.593655151568584, 4.129569745135654, 10.94492571831759, 3.4786394557823126, 27.426694815857374, 3.6501132075471694, 10.96077002722706, 3.7350270876144216, 26.51494435612083, 4.041391941391941, 10.58173076923077, 3.652464122816776, 26.882661458005163, 3.7690291385672476, 10.801575216592282, 4.099907550077041, 26.85965699919188, 4.02578073089701, 10.652045627376426, 3.7094130675526023, 27.564771939009226, 3.6326791515887904]",578.8275048601322,9.957974426991743,c:\git\RailwAI\VIDEO\20260614\ADTC Rastatt_00_20260614161438.mp4,2026-06-14 16:14:38,Trieb
ADTC1_adz_raw_20260614_1619,2026-06-14 16:18:07.846,2026-06-14 16:18:17.920,"[Timestamp('2026-06-14 16:18:17.920000'), Timestamp('2026-06-14 16:18:18.037000'), Timestamp('2026-06-14 16:18:18.870000'), Timestamp('2026-06-14 16:18:18.980000'), Timestamp('2026-06-14 16:18:19.184000'), Timestamp('2026-06-14 16:18:19.301000'), Timestamp('2026-06-14 16:18:20.131000'), Timestamp('2026-06-14 16:18:20.249000'), Timestamp('2026-06-14 16:18:20.452000'), Timestamp('2026-06-14 16:18:20.566000'), Timestamp('2026-06-14 16:18:21.391000'), Timestamp('2026-06-14 16:18:21.511000'), Timestamp('2026-06-14 16:18:21.720000'), Timestamp('2026-06-14 16:18:21.831000'), Timestamp('2026-06-14 16:18:22.661000'), Timestamp('2026-06-14 16:18:22.779000'), Timestamp('2026-06-14 16:18:22.981000'), Timestamp('2026-06-14 16:18:23.101000'), Timestamp('2026-06-14 16:18:23.931000'), Timestamp('2026-06-14 16:18:24.046000'), Timestamp('2026-06-14 16:18:24.293000'), Timestamp('2026-06-14 16:18:24.413000'), Timestamp('2026-06-14 16:18:24.784000'), Timestamp('2026-06-14 16:18:24.905000')]","[0.117, 0.833, 0.11, 0.204, 0.117, 0.83, 0.118, 0.203, 0.114, 0.825, 0.12, 0.209, 0.111, 0.83, 0.118, 0.202, 0.12, 0.83, 0.115, 0.247, 0.12, 0.371, 0.121]","[33.62532204637468, 33.232317182727435, 33.05440322389475, 33.627797408716134, 33.04656949875578, 33.11762466692045, 33.347807207989575, 33.348585189644794, 33.78943461586044, 33.280461427541454, 33.05440322389475, 33.45597610287422, 33.45313258863526, 32.877097920551705, 33.02127659574468, 33.280461427541454, 32.933976697658, 33.181039406053685, 33.09834081036816, 33.40138930836605, 33.2686920922215, 32.86250043811994, 33.09834081036816, 33.06302461232039]","[3.9341626794258375, 27.68252021321195, 3.6359843546284227, 6.860070671378091, 3.8664486313544266, 27.48762847354397, 3.9350412505427697, 6.769762793497893, 3.851995546208091, 27.456380677721697, 3.96652838686737, 6.992299005500711, 3.713297717338514, 27.287991274057912, 3.896510638297872, 6.722653208363374, 3.9520772037189595, 27.540262707024556, 3.8063091931923383, 8.250143159166415, 3.9922430510665796, 12.191987662542497, 4.004899238054547]",231.7971977367048,9.954583887662931,c:\git\RailwAI\VIDEO\20260614\ADTC Rastatt_00_20260614161817.mp4,2026-06-14 16:18:17,Trieb
ADTC1_adz_raw_20260614_1623,2026-06-14 16:21:58.125,2026-06-14 16:22:08.155,"[Timestamp('2026-06-14 16:22:08.155000'), Timestamp('2026-06-14 16:22:08.299000'), Timestamp('2026-06-14 16:22:08.608000'), Timestamp('2026-06-14 16:22:08.746000')]","[0.144, 0.309, 0.138]","[nan, nan, nan, nan, nan, nan, nan, nan, nan, nan, nan, nan, nan, nan, nan, nan, nan, nan, nan, nan, nan, nan, nan, nan, nan, nan, nan, nan, nan, nan, nan, nan, nan, nan, nan, nan, nan, nan]","[nan, nan, nan]",,9.91545186897176,c:\git\RailwAI\VIDEO\20260614\ADTC Rastatt_00_20260614162208.mp4,2026-06-14 16:22:08,Lok
ADTC1_adz_raw_20260614_1629,2026-06-14 16:27:47.744,2026-06-14 16:27:57.795,"[Timestamp('2026-06-14 16:27:57.795000'), Timestamp('2026-06-14 16:27:57.908000'), Timestamp('2026-06-14 16:27:58.269000'), Timestamp('2026-06-14 16:27:58.385000'), Timestamp('2026-06-14 16:27:58.617000'), Timestamp('2026-06-14 16:27:58.732000'), Timestamp('2026-06-14 16:27:59.540000'), Timestamp('2026-06-14 16:27:59.657000'), Timestamp('2026-06-14 16:27:59.857000'), Timestamp('2026-06-14 16:27:59.970000'), Timestamp('2026-06-14 16:28:00.774000'), Timestamp('2026-06-14 16:28:00.889000'), Timestamp('2026-06-14 16:28:01.085000'), Timestamp('2026-06-14 16:28:01.200000'), Timestamp('2026-06-14 16:28:02.005000'), Timestamp('2026-06-14 16:28:02.123000'), Timestamp('2026-06-14 16:28:02.320000'), Timestamp('2026-06-14 16:28:02.432000'), Timestamp('2026-06-14 16:28:03.237000'), Timestamp('2026-06-14 16:28:03.354000')]","[0.113, 0.361, 0.116, 0.232, 0.115, 0.808, 0.117, 0.2, 0.113, 0.804, 0.115, 0.196, 0.115, 0.805, 0.118, 0.197, 0.112, 0.805, 0.117]","[34.47048812562853, 34.92571670481154, 34.27262313860252, 34.8596283115856, 34.198782961460445, 33.92395579696572, 34.05797101449275, 34.174521131042866, 34.35595390524968, 34.165431817318286, 34.03103979557326, 34.0429812758573, 33.80323600520737, 34.2255776710135, 33.163094840341756, 33.53083168751371, 33.748517200474495, 33.68794326241135, 33.52020669819139, 33.56684393911608]","[3.895165158196024, 12.608183730436966, 3.9756242840778926, 8.08743376828786, 3.9328600405679515, 27.410556283948303, 3.984782608695652, 6.8349042262085735, 3.8822227912932137, 27.469007181123903, 3.9135695764909246, 6.672424330068031, 3.8873721405988473, 27.551590025165865, 3.913245191160327, 6.605573842440202, 3.7798339264531435, 27.11879432624114, 3.9218641836883927]",189.4450076151432,9.93537386576365,c:\git\RailwAI\VIDEO\20260614\ADTC Rastatt_00_20260614162757.mp4,2026-06-14 16:27:57,Lok
ADTC1_adz_raw_20260614_1655,2026-06-14 16:54:03.085,2026-06-14 16:54:13.175,"[Timestamp('2026-06-14 16:54:13.175000'), Timestamp('2026-06-14 16:54:13.303000'), Timestamp('2026-06-14 16:54:14.053000'), Timestamp('2026-06-14 16:54:14.171000'), Timestamp('2026-06-14 16:54:14.379000'), Timestamp('2026-06-14 16:54:14.499000'), Timestamp('2026-06-14 16:54:15.283000'), Timestamp('2026-06-14 16:54:15.392000'), Timestamp('2026-06-14 16:54:15.605000'), Timestamp('2026-06-14 16:54:15.723000'), Timestamp('2026-06-14 16:54:16.501000'), Timestamp('2026-06-14 16:54:16.618000'), Timestamp('2026-06-14 16:54:16.829000'), Timestamp('2026-06-14 16:54:16.952000'), Timestamp('2026-06-14 16:54:17.706000'), Timestamp('2026-06-14 16:54:17.835000'), Timestamp('2026-06-14 16:54:18.136000'), Timestamp('2026-06-14 16:54:18.255000'), Timestamp('2026-06-14 16:54:19.011000'), Timestamp('2026-06-14 16:54:19.129000'), Timestamp('2026-06-14 16:54:19.344000'), Timestamp('2026-06-14 16:54:19.459000'), Timestamp('2026-06-14 16:54:20.232000'), Timestamp('2026-06-14 16:54:20.346000'), Timestamp('2026-06-14 16:54:20.558000'), Timestamp('2026-06-14 16:54:20.666000'), Timestamp('2026-06-14 16:54:21.438000'), Timestamp('2026-06-14 16:54:21.546000'), Timestamp('2026-06-14 16:54:21.755000'), Timestamp('2026-06-14 16:54:21.875000'), Timestamp('2026-06-14 16:54:22.611000'), Timestamp('2026-06-14 16:54:22.727000')]","[0.128, 0.75, 0.118, 0.208, 0.12, 0.784, 0.109, 0.213, 0.118, 0.778, 0.117, 0.211, 0.123, 0.754, 0.129, 0.301, 0.119, 0.756, 0.118, 0.215, 0.115, 0.773, 0.114, 0.212, 0.108, 0.772, 0.108, 0.209, 0.12, 0.736, 0.116]","[33.4448160535117, 33.62563072551805, 33.45597610287422, 33.292463036422646, 33.93939393939394, 33.16863587540279, 33.2183908045977, 33.70057052921503, 33.62563072551805, 33.90050073490944, 33.5251097025841, 33.875183590152105, 33.160720677723425, 33.47548751594678, 33.77355690755305, 33.50795545917497, 34.127244714974864, 33.5251097025841, 33.90050073490944, 34.18491484184915, 34.06354199433784, 34.06354199433784, 34.73890851982725, 34.60818956557888, 34.24908424908425, 34.40904419321686, 35.074338289219284, 34.40860215053763, 34.529252227818674, 34.543548324467054, 35.20309477756286, 35.64225491816829]","[4.280936454849498, 25.219223044138538, 3.9478051801391576, 6.92483231157591, 4.072727272727272, 26.00421052631579, 3.6208045977011496, 7.178221522722801, 3.9678244256111297, 26.374589571759547, 3.92243783520234, 7.147663737522094, 4.0787686433599815, 25.240517587023874, 4.356788841074343, 10.085894593211666, 4.061142121082009, 25.34498293515358, 4.000259086719314, 7.349756690997567, 3.917307329348852, 26.33111796162315, 3.9602355712603066, 7.336936187902723, 3.6989010989010986, 26.563782117163413, 3.7880285352356826, 7.191397849462365, 4.1435102673382405, 25.42405156680775, 4.083558994197292]",323.6182144581285,9.971204235302531,c:\git\RailwAI\VIDEO\20260614\ADTC Rastatt_00_20260614165413.mp4,2026-06-14 16:54:13,Trieb
ADTC1_adz_raw_20260614_1659,2026-06-14 16:58:28.326,2026-06-14 16:58:38.391,"[Timestamp('2026-06-14 16:58:38.391000'), Timestamp('2026-06-14 16:58:38.877000'), Timestamp('2026-06-14 16:58:39.329000'), Timestamp('2026-06-14 16:58:39.790000'), Timestamp('2026-06-14 16:58:40.154000'), Timestamp('2026-06-14 16:58:40.621000'), Timestamp('2026-06-14 16:58:41.562000')]","[0.486, 0.452, 0.461, 0.364, 0.467, 0.941]","[33.84477878742737, 27.912061794414733, 52.014995313964384, 33.69914643609356, 33.926073926073926, 34.66833541927409, 26.110731373889266, 35.98014888337469]","[16.448562490689703, 12.61625193107546, 23.978912839737582, 12.266489302738055, 15.843476523476523, 32.622903629536914]",113.77659671725424,9.866950188296784,c:\git\RailwAI\VIDEO\20260614\ADTC Rastatt_00_20260614165838.mp4,2026-06-14 16:58:38,Trieb
ADTC1_adz_raw_20260614_1714,2026-06-14 17:13:21.613,2026-06-14 17:13:31.653,"[Timestamp('2026-06-14 17:13:31.653000'), Timestamp('2026-06-14 17:13:31.762000'), Timestamp('2026-06-14 17:13:32.550000'), Timestamp('2026-06-14 17:13:32.653000'), Timestamp('2026-06-14 17:13:32.973000'), Timestamp('2026-06-14 17:13:33.078000'), Timestamp('2026-06-14 17:13:33.866000'), Timestamp('2026-06-14 17:13:33.968000'), Timestamp('2026-06-14 17:13:34.283000'), Timestamp('2026-06-14 17:13:34.398000'), Timestamp('2026-06-14 17:13:35.172000'), Timestamp('2026-06-14 17:13:35.292000'), Timestamp('2026-06-14 17:13:35.608000'), Timestamp('2026-06-14 17:13:35.713000'), Timestamp('2026-06-14 17:13:36.496000'), Timestamp('2026-06-14 17:13:36.603000'), Timestamp('2026-06-14 17:13:36.914000'), Timestamp('2026-06-14 17:13:37.037000'), Timestamp('2026-06-14 17:13:37.811000'), Timestamp('2026-06-14 17:13:37.925000'), Timestamp('2026-06-14 17:13:38.236000'), Timestamp('2026-06-14 17:13:38.344000'), Timestamp('2026-06-14 17:13:39.134000'), Timestamp('2026-06-14 17:13:39.241000'), Timestamp('2026-06-14 17:13:39.549000'), Timestamp('2026-06-14 17:13:39.670000'), Timestamp('2026-06-14 17:13:40.441000'), Timestamp('2026-06-14 17:13:40.561000'), Timestamp('2026-06-14 17:13:40.867000'), Timestamp('2026-06-14 17:13:40.984000'), Timestamp('2026-06-14 17:13:41.757000'), Timestamp('2026-06-14 17:13:41.874000'), Timestamp('2026-06-14 17:13:42.188000'), Timestamp('2026-06-14 17:13:42.294000'), Timestamp('2026-06-14 17:13:43.080000'), Timestamp('2026-06-14 17:13:43.180000'), Timestamp('2026-06-14 17:13:43.499000'), Timestamp('2026-06-14 17:13:43.618000'), Timestamp('2026-06-14 17:13:44.391000'), Timestamp('2026-06-14 17:13:44.503000'), Timestamp('2026-06-14 17:13:44.811000'), Timestamp('2026-06-14 17:13:44.927000'), Timestamp('2026-06-14 17:13:45.706000'), Timestamp('2026-06-14 17:13:45.823000'), Timestamp('2026-06-14 17:13:46.123000'), Timestamp('2026-06-14 17:13:46.242000'), Timestamp('2026-06-14 17:13:47.015000'), Timestamp('2026-06-14 17:13:47.136000'), Timestamp('2026-06-14 17:13:47.451000'), Timestamp('2026-06-14 17:13:47.550000'), Timestamp('2026-06-14 17:13:48.340000'), Timestamp('2026-06-14 17:13:48.445000')]","[0.109, 0.788, 0.103, 0.32, 0.105, 0.788, 0.102, 0.315, 0.115, 0.774, 0.12, 0.316, 0.105, 0.783, 0.107, 0.311, 0.123, 0.774, 0.114, 0.311, 0.108, 0.79, 0.107, 0.308, 0.121, 0.771, 0.12, 0.306, 0.117, 0.773, 0.117, 0.314, 0.106, 0.786, 0.1, 0.319, 0.119, 0.773, 0.112, 0.308, 0.116, 0.779, 0.117, 0.3, 0.119, 0.773, 0.121, 0.315, 0.099, 0.79, 0.105]","[34.66426811622541, 34.664931685100846, 34.711779448621556, 34.92063492063492, 34.3717974994876, 34.78991596638655, 34.73890851982725, 34.40904419321686, 34.722549250451294, 34.36035343834037, 34.17062511875356, 34.78306531014112, 34.72527472527472, 34.6574913981858, 34.16759550106394, 34.47048812562853, 34.543548324467054, 34.720732504905165, 34.54846727423364, 34.78443522554219, 35.106297633373444, 34.47137699845281, 34.47137699845281, 34.8596283115856, 34.28746364610439, 34.59470690595538, 34.71982420342175, 34.78443522554219, 34.722549250451294, 34.40904419321686, 34.4103703894035, 34.352435089875556, 34.289650597645135, 33.984962406015036, 34.53282093086448, 34.22731779240918, 34.28615160907664, 34.17062511875356, 34.22731779240918, 34.127244714974864, 34.347158218125955, 34.10829231351761, 34.41567619659492, 34.60818956557888, 34.60369417816226, 34.24908424908425, 34.05325853155385, 34.51053283767038, 34.26390125970225, 34.436915797729405, 34.60818956557888, 34.386774317570165]","[3.7784052246685693, 27.315966167859468, 3.57531328320802, 11.174603174603174, 3.609038737446198, 27.414453781512606, 3.543368669022379, 10.83884892086331, 3.993093163801899, 26.594913561275447, 4.100475014250428, 10.991448638004593, 3.6461538461538456, 27.13681576477948, 3.6559327186138417, 10.720321807070473, 4.248856443909448, 26.873846958796598, 3.9385252692626347, 10.817959355143621, 3.791480144404332, 27.23238782877772, 3.6884373388344507, 10.736765519968365, 4.148783101178632, 26.672519024491596, 4.16637890441061, 10.64403717901591, 4.062538262302802, 26.59819116135663, 4.02601333556021, 10.786664618220925, 3.6347029633503842, 26.712180451127818, 3.4532820930864485, 10.918514375778528, 4.08005204148012, 26.413893216796506, 3.8334595927498283, 10.511191372212258, 3.984270353302611, 26.570359712230218, 4.026634115001606, 10.382456869673664, 4.117839607201309, 26.474542124542126, 4.120444282318016, 10.87081784386617, 3.392126224710523, 27.20516348020623, 3.6338599043857824]",578.8583275427884,9.931961838212864,c:\git\RailwAI\VIDEO\20260614\ADTC Rastatt_00_20260614171332.mp4,2026-06-14 17:13:32,Trieb
ADTC1_adz_raw_20260614_1725,2026-06-14 17:24:16.141,2026-06-14 17:24:26.201,"[Timestamp('2026-06-14 17:24:26.201000'), Timestamp('2026-06-14 17:24:26.319000'), Timestamp('2026-06-14 17:24:26.675000'), Timestamp('2026-06-14 17:24:26.793000'), Timestamp('2026-06-14 17:24:27.033000'), Timestamp('2026-06-14 17:24:27.151000'), Timestamp('2026-06-14 17:24:27.947000'), Timestamp('2026-06-14 17:24:28.057000'), Timestamp('2026-06-14 17:24:28.255000'), Timestamp('2026-06-14 17:24:28.375000'), Timestamp('2026-06-14 17:24:29.176000'), Timestamp('2026-06-14 17:24:29.285000'), Timestamp('2026-06-14 17:24:29.485000'), Timestamp('2026-06-14 17:24:29.601000'), Timestamp('2026-06-14 17:24:30.403000'), Timestamp('2026-06-14 17:24:30.522000'), Timestamp('2026-06-14 17:24:30.719000'), Timestamp('2026-06-14 17:24:30.830000'), Timestamp('2026-06-14 17:24:31.632000'), Timestamp('2026-06-14 17:24:31.746000')]","[0.118, 0.356, 0.118, 0.24, 0.118, 0.796, 0.11, 0.198, 0.12, 0.801, 0.109, 0.2, 0.116, 0.802, 0.119, 0.197, 0.111, 0.802, 0.114]","[34.73890851982725, 34.8715785032435, 34.4891640866873, 34.47937891723195, 34.8715785032435, 34.359780649614606, 34.301464958399265, 34.378843788437884, 34.54846727423364, 34.349796451340346, 34.29665071770334, 34.424522845575474, 34.59470690595538, 34.73890851982725, 34.34803758416754, 34.34803758416754, 34.115052611681676, 34.378843788437884, 34.06997231311351, 33.82966051220965]","[4.099191205339615, 12.414281947154684, 4.069721362229101, 8.275050940135667, 4.1148462633827325, 27.350385397093227, 3.773161145423919, 6.807011070110701, 4.145816072908036, 27.51418695752362, 3.7383349282296643, 6.884904569115095, 4.012986001090824, 27.860604632901456, 4.087416472515938, 6.7665634040810065, 3.786770839896666, 27.571832718327183, 3.8839768436949402]",191.1570427711541,9.956457885772997,c:\git\RailwAI\VIDEO\20260614\ADTC Rastatt_00_20260614172426.mp4,2026-06-14 17:24:26,Lok
ADTC1_adz_raw_20260614_1743,2026-06-14 17:42:03.136,2026-06-14 17:42:13.191,"[Timestamp('2026-06-14 17:42:13.191000'), Timestamp('2026-06-14 17:42:13.295000'), Timestamp('2026-06-14 17:42:14.091000'), Timestamp('2026-06-14 17:42:14.192000'), Timestamp('2026-06-14 17:42:14.515000'), Timestamp('2026-06-14 17:42:14.620000'), Timestamp('2026-06-14 17:42:15.413000'), Timestamp('2026-06-14 17:42:15.524000'), Timestamp('2026-06-14 17:42:15.839000'), Timestamp('2026-06-14 17:42:15.959000'), Timestamp('2026-06-14 17:42:16.737000'), Timestamp('2026-06-14 17:42:16.857000'), Timestamp('2026-06-14 17:42:17.170000'), Timestamp('2026-06-14 17:42:17.280000'), Timestamp('2026-06-14 17:42:18.076000'), Timestamp('2026-06-14 17:42:18.176000'), Timestamp('2026-06-14 17:42:18.496000'), Timestamp('2026-06-14 17:42:18.616000'), Timestamp('2026-06-14 17:42:19.397000'), Timestamp('2026-06-14 17:42:19.515000'), Timestamp('2026-06-14 17:42:19.833000'), Timestamp('2026-06-14 17:42:19.938000'), Timestamp('2026-06-14 17:42:20.727000'), Timestamp('2026-06-14 17:42:20.834000'), Timestamp('2026-06-14 17:42:21.153000'), Timestamp('2026-06-14 17:42:21.269000'), Timestamp('2026-06-14 17:42:22.047000'), Timestamp('2026-06-14 17:42:22.166000'), Timestamp('2026-06-14 17:42:22.479000'), Timestamp('2026-06-14 17:42:22.593000'), Timestamp('2026-06-14 17:42:23.376000'), Timestamp('2026-06-14 17:42:23.492000'), Timestamp('2026-06-14 17:42:23.807000'), Timestamp('2026-06-14 17:42:23.910000'), Timestamp('2026-06-14 17:42:24.704000'), Timestamp('2026-06-14 17:42:24.808000'), Timestamp('2026-06-14 17:42:25.120000'), Timestamp('2026-06-14 17:42:25.245000'), Timestamp('2026-06-14 17:42:26.024000'), Timestamp('2026-06-14 17:42:26.136000'), Timestamp('2026-06-14 17:42:26.448000'), Timestamp('2026-06-14 17:42:26.562000'), Timestamp('2026-06-14 17:42:27.346000'), Timestamp('2026-06-14 17:42:27.462000'), Timestamp('2026-06-14 17:42:27.774000'), Timestamp('2026-06-14 17:42:27.885000'), Timestamp('2026-06-14 17:42:28.664000'), Timestamp('2026-06-14 17:42:28.786000'), Timestamp('2026-06-14 17:42:29.100000'), Timestamp('2026-06-14 17:42:29.205000'), Timestamp('2026-06-14 17:42:29.996000'), Timestamp('2026-06-14 17:42:30.101000')]","[0.104, 0.796, 0.101, 0.323, 0.105, 0.793, 0.111, 0.315, 0.12, 0.778, 0.12, 0.313, 0.11, 0.796, 0.1, 0.32, 0.12, 0.781, 0.118, 0.318, 0.105, 0.789, 0.107, 0.319, 0.116, 0.778, 0.119, 0.313, 0.114, 0.783, 0.116, 0.315, 0.103, 0.794, 0.104, 0.312, 0.125, 0.779, 0.112, 0.312, 0.114, 0.784, 0.116, 0.312, 0.111, 0.779, 0.122, 0.314, 0.105, 0.791, 0.105]","[34.71982420342175, 34.79905437352245, 34.17062511875356, 34.59470690595538, 34.10570952597304, 34.47137699845281, 34.78671865768639, 34.47937891723195, 34.301464958399265, 34.4891640866873, 34.349796451340346, 34.61358557247544, 34.47137699845281, 34.23776223776224, 34.40860215053763, 34.56099456099456, 34.36035343834037, 34.111736638812445, 34.495393904988, 34.27262313860252, 34.81185621189826, 34.24908424908425, 34.27262313860252, 34.53952477092716, 34.386774317570165, 34.752553024351926, 34.61358557247544, 34.58652462968003, 34.51944430098642, 34.73354231974922, 34.32950191570881, 34.27262313860252, 34.301464958399265, 34.564070741545144, 34.89989462592202, 34.752553024351926, 33.97358943577431, 34.412566731958364, 34.060082387219936, 34.68930673472577, 34.23697837343893, 34.591797127700865, 34.115052611681676, 34.24871453056561, 34.16671925285543, 34.56892101187403, 34.37164339419978, 34.359780649614606, 34.1391442515038, 33.77777777777777, 34.17039678324861, 33.939152517054225]","[3.610861717155862, 27.700047281323872, 3.45123313699411, 11.174090330623587, 3.581099500227169, 27.335801959773082, 3.8613257710031896, 10.861004358928064, 4.116175795007912, 26.832569659442722, 4.1219755741608415, 10.834052284184814, 3.791851469829809, 27.253258741258744, 3.4408602150537635, 11.059518259518258, 4.1232424126008445, 26.64126631491252, 4.070456480788584, 10.898694158075601, 3.655244902249317, 27.02252747252747, 3.6671706758304694, 11.018108401925764, 3.9888658208381393, 27.0374862529458, 4.119016683124578, 10.825582209089848, 3.9352166503124524, 27.19636363636364, 3.982222222222222, 10.795876288659793, 3.533050890715124, 27.443872168786847, 3.6295890410958904, 10.842796543597801, 4.2466986794717885, 26.807389484195568, 3.814729227368633, 10.82306370123444, 3.903015534572038, 27.119968948117478, 3.9573461029550745, 10.68559893353647, 3.792505837066953, 26.929189468249874, 4.193340494092373, 10.788971123978987, 3.5846101464078988, 26.71822222222222, 3.587891662241104]",582.4049168468594,9.938532531255404,c:\git\RailwAI\VIDEO\20260614\ADTC Rastatt_00_20260614174213.mp4,2026-06-14 17:42:13,Trieb
ADTC1_adz_raw_20260614_1755,2026-06-14 17:53:53.715,2026-06-14 17:54:03.747,"[Timestamp('2026-06-14 17:54:03.747000'), Timestamp('2026-06-14 17:54:03.870000'), Timestamp('2026-06-14 17:54:04.623000'), Timestamp('2026-06-14 17:54:04.740000'), Timestamp('2026-06-14 17:54:04.956000'), Timestamp('2026-06-14 17:54:05.068000'), Timestamp('2026-06-14 17:54:05.850000'), Timestamp('2026-06-14 17:54:05.963000'), Timestamp('2026-06-14 17:54:06.179000'), Timestamp('2026-06-14 17:54:06.299000'), Timestamp('2026-06-14 17:54:07.074000'), Timestamp('2026-06-14 17:54:07.189000'), Timestamp('2026-06-14 17:54:07.404000'), Timestamp('2026-06-14 17:54:07.527000'), Timestamp('2026-06-14 17:54:08.279000'), Timestamp('2026-06-14 17:54:08.402000')]","[0.123, 0.753, 0.117, 0.216, 0.112, 0.782, 0.113, 0.216, 0.12, 0.775, 0.115, 0.215, 0.123, 0.752, 0.123]","[33.86338185890257, 33.62614712666242, 33.52020669819139, 33.8625391927537, 33.63027313553707, 33.33373521575058, 33.39140534262486, 33.27566320645906, 33.51285487998051, 33.414043583535104, 33.33373521575058, 33.568075117370896, 33.04656949875578, 33.16151202749141, 33.105022831050235, 33.160720677723425]","[4.165195968645016, 25.3204887863768, 3.9218641836883927, 7.3143084656348, 3.7665905911801514, 26.066980938716952, 3.773228803716609, 7.187543252595156, 4.021542585597661, 25.895883777239707, 3.833379549811317, 7.217136150234743, 4.064728048346961, 24.937457044673543, 4.071917808219179]",155.55824595467698,9.917880899981618,c:\git\RailwAI\VIDEO\20260614\ADTC Rastatt_00_20260614175403.mp4,2026-06-14 17:54:03,Trieb
ADTC1_adz_raw_20260614_1759,2026-06-14 17:58:16.909,2026-06-14 17:58:26.991,"[Timestamp('2026-06-14 17:58:26.991000'), Timestamp('2026-06-14 17:58:27.349000'), Timestamp('2026-06-14 17:58:27.431000'), Timestamp('2026-06-14 17:58:27.770000'), Timestamp('2026-06-14 17:58:27.845000'), Timestamp('2026-06-14 17:58:28.278000'), Timestamp('2026-06-14 17:58:28.604000'), Timestamp('2026-06-14 17:58:28.966000'), Timestamp('2026-06-14 17:58:29.902000')]","[0.358, 0.082, 0.339, 0.075, 0.433, 0.326, 0.362, 0.936]","[37.066189624329155, 36.65505226480836, 37.092731829573935, 36.64335664335664, 37.092731829573935, 55.23056653491436, 37.77900756318022, 36.397058823529406]","[13.269695885509837, 3.005714285714286, 12.574436090225564, 2.748251748251748, 16.061152882205516, 18.00516469038208, 13.67600073787124, 34.067647058823525]",113.40806337898378,9.910049535345347,c:\git\RailwAI\VIDEO\20260614\ADTC Rastatt_00_20260614175827.mp4,2026-06-14 17:58:27,Trieb
ADTC1_adz_raw_20260614_1826,2026-06-14 18:25:01.933,2026-06-14 18:25:11.988,"[Timestamp('2026-06-14 18:25:11.988000'), Timestamp('2026-06-14 18:25:12.091000'), Timestamp('2026-06-14 18:25:12.902000'), Timestamp('2026-06-14 18:25:13.006000'), Timestamp('2026-06-14 18:25:13.340000'), Timestamp('2026-06-14 18:25:13.449000'), Timestamp('2026-06-14 18:25:14.260000'), Timestamp('2026-06-14 18:25:14.365000'), Timestamp('2026-06-14 18:25:14.689000'), Timestamp('2026-06-14 18:25:14.810000'), Timestamp('2026-06-14 18:25:15.608000'), Timestamp('2026-06-14 18:25:15.734000'), Timestamp('2026-06-14 18:25:16.053000'), Timestamp('2026-06-14 18:25:16.160000'), Timestamp('2026-06-14 18:25:16.976000'), Timestamp('2026-06-14 18:25:17.080000'), Timestamp('2026-06-14 18:25:17.402000'), Timestamp('2026-06-14 18:25:17.523000'), Timestamp('2026-06-14 18:25:18.327000'), Timestamp('2026-06-14 18:25:18.444000'), Timestamp('2026-06-14 18:25:18.772000'), Timestamp('2026-06-14 18:25:18.880000'), Timestamp('2026-06-14 18:25:19.688000'), Timestamp('2026-06-14 18:25:19.799000'), Timestamp('2026-06-14 18:25:20.119000'), Timestamp('2026-06-14 18:25:20.238000'), Timestamp('2026-06-14 18:25:21.044000'), Timestamp('2026-06-14 18:25:21.162000'), Timestamp('2026-06-14 18:25:21.483000'), Timestamp('2026-06-14 18:25:21.598000'), Timestamp('2026-06-14 18:25:22.396000'), Timestamp('2026-06-14 18:25:22.519000'), Timestamp('2026-06-14 18:25:22.843000'), Timestamp('2026-06-14 18:25:22.950000'), Timestamp('2026-06-14 18:25:23.759000'), Timestamp('2026-06-14 18:25:23.864000'), Timestamp('2026-06-14 18:25:24.189000'), Timestamp('2026-06-14 18:25:24.314000'), Timestamp('2026-06-14 18:25:25.103000'), Timestamp('2026-06-14 18:25:25.223000'), Timestamp('2026-06-14 18:25:25.537000'), Timestamp('2026-06-14 18:25:25.655000'), Timestamp('2026-06-14 18:25:26.451000'), Timestamp('2026-06-14 18:25:26.572000'), Timestamp('2026-06-14 18:25:26.890000'), Timestamp('2026-06-14 18:25:27.005000'), Timestamp('2026-06-14 18:25:27.797000'), Timestamp('2026-06-14 18:25:27.924000'), Timestamp('2026-06-14 18:25:28.243000'), Timestamp('2026-06-14 18:25:28.349000'), Timestamp('2026-06-14 18:25:29.156000'), Timestamp('2026-06-14 18:25:29.255000')]","[0.103, 0.811, 0.104, 0.334, 0.109, 0.811, 0.105, 0.324, 0.121, 0.798, 0.126, 0.319, 0.107, 0.816, 0.104, 0.322, 0.121, 0.804, 0.117, 0.328, 0.108, 0.808, 0.111, 0.32, 0.119, 0.806, 0.118, 0.321, 0.115, 0.798, 0.123, 0.324, 0.107, 0.809, 0.105, 0.325, 0.125, 0.789, 0.12, 0.314, 0.118, 0.796, 0.121, 0.318, 0.115, 0.792, 0.127, 0.319, 0.106, 0.807, 0.099]","[33.292463036422646, 33.04588523368466, 33.54109855862875, 33.607520564042304, 33.02869438762843, 33.29806675002405, 33.58241758241758, 33.51285487998051, 33.76103241118446, 33.57012728184186, 33.75185368264953, 33.50795545917497, 33.343383301776434, 33.57669589463257, 33.74403374403374, 33.627797408716134, 33.76103241118446, 32.65457238059978, 33.69914643609356, 33.16151202749141, 33.403529155471645, 33.280461427541454, 33.403529155471645, 33.51285487998051, 33.33494092114782, 33.63027313553707, 32.9409548921744, 33.51285487998051, 33.63027313553707, 33.47548751594678, 33.33695062398264, 33.61616161616162, 33.17734695826569, 33.62532204637468, 33.77355690755305, 33.52020669819139, 33.59970629627363, 33.7986337986338, 34.57711442786069, 33.58655363499578, 33.8132976150612, 33.38203156128128, 33.47645731751692, 33.857291615014624, 33.48240326657593, 34.134141720348616, 33.8132976150612, 33.35983233359832, 34.134141720348616, 34.111736638812445, 33.75444137386498, 33.77777777777777]","[3.4291236927515323, 26.80021292451826, 3.4882742500973896, 11.22491186839013, 3.6001276882514985, 27.004732134269506, 3.5261538461538455, 10.858164981113685, 4.085084921753319, 26.78896157090981, 4.252733564013841, 10.689037791476817, 3.5677420132900783, 27.398583850020177, 3.5093795093795093, 10.828150765606596, 4.085084921753319, 26.254276194002227, 3.9428001330229465, 10.876975945017184, 3.6075811487909375, 26.890612833453496, 3.7077917362573527, 10.724113561593763, 3.96685796961659, 27.106000147242877, 3.8870326772765793, 10.757626416473743, 3.867481410586763, 26.713439037725532, 4.100444926749865, 10.891636363636366, 3.5499761245344286, 27.202885535517115, 3.54622347529307, 10.894067176912202, 4.199963287034204, 26.66712206712207, 4.149253731343283, 10.546177841388674, 3.9899691185772217, 26.5720971227799, 4.050651335419547, 10.766618733574651, 3.850476375656232, 27.034240242516105, 4.294288797112773, 10.641786514417864, 3.618219022356953, 27.528171467521645, 3.341689696012633]",578.875008460286,9.938086861163784,c:\git\RailwAI\VIDEO\20260614\ADTC Rastatt_00_20260614182512.mp4,2026-06-14 18:25:12,Trieb
ADTC1_adz_raw_20260614_1830,2026-06-14 18:29:21.760,2026-06-14 18:29:31.791,"[Timestamp('2026-06-14 18:29:31.791000'), Timestamp('2026-06-14 18:29:31.906000'), Timestamp('2026-06-14 18:29:32.265000'), Timestamp('2026-06-14 18:29:32.378000'), Timestamp('2026-06-14 18:29:32.612000'), Timestamp('2026-06-14 18:29:32.722000'), Timestamp('2026-06-14 18:29:33.520000'), Timestamp('2026-06-14 18:29:33.635000'), Timestamp('2026-06-14 18:29:33.831000'), Timestamp('2026-06-14 18:29:33.945000'), Timestamp('2026-06-14 18:29:34.745000'), Timestamp('2026-06-14 18:29:34.861000'), Timestamp('2026-06-14 18:29:35.051000'), Timestamp('2026-06-14 18:29:35.162000'), Timestamp('2026-06-14 18:29:35.965000'), Timestamp('2026-06-14 18:29:36.077000'), Timestamp('2026-06-14 18:29:36.268000'), Timestamp('2026-06-14 18:29:36.381000'), Timestamp('2026-06-14 18:29:37.183000'), Timestamp('2026-06-14 18:29:37.295000')]","[0.115, 0.359, 0.113, 0.234, 0.11, 0.798, 0.115, 0.196, 0.114, 0.8, 0.116, 0.19, 0.111, 0.803, 0.112, 0.191, 0.113, 0.802, 0.112]","[35.30364372469636, 35.519148064714315, 35.18796992481202, 35.1034814695973, 35.034167353558985, 36.16139833153623, 34.81963335304553, 34.54846727423364, 34.6000987089903, 35.44172740276548, 35.55750658472344, 35.17238602659938, 34.720732504905165, 34.916478197040036, 35.16672257631667, 35.04069697736688, 34.424522845575474, 35.49965823650034, 35.10160427807486, 34.2299283062999]","[4.059919028340081, 12.751374155232439, 3.9762406015037586, 8.214214663885768, 3.8537584088914882, 28.856795868565914, 4.004257835600236, 6.771499585749793, 3.9444112528248945, 28.353381922212385, 4.124670763827919, 6.682753345053883, 3.8540013080444733, 28.03793199222315, 3.9386729285474673, 6.692773122677074, 3.8899710815500286, 28.470725905673273, 3.9313796791443845]",194.4087334495484,9.921417368043064,c:\git\RailwAI\VIDEO\20260614\ADTC Rastatt_00_20260614182932.mp4,2026-06-14 18:29:32,Lok
ADTC1_adz_raw_20260614_1834,2026-06-14 18:32:39.194,2026-06-14 18:32:49.218,"[Timestamp('2026-06-14 18:32:49.218000'), Timestamp('2026-06-14 18:32:49.356000'), Timestamp('2026-06-14 18:32:49.861000'), Timestamp('2026-06-14 18:32:49.998000'), Timestamp('2026-06-14 18:32:50.155000'), Timestamp('2026-06-14 18:32:50.295000'), Timestamp('2026-06-14 18:32:51.019000'), Timestamp('2026-06-14 18:32:51.154000'), Timestamp('2026-06-14 18:32:51.882000'), Timestamp('2026-06-14 18:32:52.019000'), Timestamp('2026-06-14 18:32:52.744000'), Timestamp('2026-06-14 18:32:52.889000'), Timestamp('2026-06-14 18:32:53.604000'), Timestamp('2026-06-14 18:32:53.748000'), Timestamp('2026-06-14 18:32:54.473000'), Timestamp('2026-06-14 18:32:54.610000'), Timestamp('2026-06-14 18:32:55.334000'), Timestamp('2026-06-14 18:32:55.477000'), Timestamp('2026-06-14 18:32:56.198000'), Timestamp('2026-06-14 18:32:56.339000'), Timestamp('2026-06-14 18:32:57.068000'), Timestamp('2026-06-14 18:32:57.207000'), Timestamp('2026-06-14 18:32:57.357000'), Timestamp('2026-06-14 18:32:57.497000'), Timestamp('2026-06-14 18:32:58.005000'), Timestamp('2026-06-14 18:32:58.144000')]","[0.138, 0.505, 0.137, 0.157, 0.14, 0.724, 0.135, 0.728, 0.137, 0.725, 0.145, 0.715, 0.144, 0.725, 0.137, 0.724, 0.143, 0.721, 0.141, 0.729, 0.139, 0.15, 0.14, 0.508, 0.139]","[34.12941416615636, 33.705329153605014, 33.733013589128696, 33.765522733494265, 34.86845560048311, 33.490319204604916, 34.53237410071942, 33.7477976340297, 34.01398601398601, 33.028856637511204, 35.77499864652699, 34.299917149958574, 34.665084728276284, 34.57630615297333, 34.046002634512114, 33.765522733494265, 33.41648324773784, 34.616977225672876, 34.50749001754876, 33.96378269617706, 34.70518196407309, 34.836832259405526, 34.45601143090427, 34.002455955692554, 34.1645633518425, 36.63448275862069]","[4.709859154929578, 17.021191222570533, 4.621422861710632, 5.301187069158599, 4.881583784067636, 24.246991104133958, 4.661870503597123, 24.568396677573624, 4.659916083916084, 23.945921062195623, 5.187374803746413, 24.52444076222038, 4.991772200871784, 25.067821960905665, 4.6643023609281595, 24.446238459049848, 4.77855710442651, 24.95884057971014, 4.865556092474375, 24.759597585513077, 4.82402029300616, 5.225524838910829, 4.823841600326598, 17.273247625491816, 4.748874305906108]",303.7583500973413,9.915319476520398,c:\git\RailwAI\VIDEO\20260614\ADTC Rastatt_00_20260614183249.mp4,2026-06-14 18:32:49,Trieb
ADTC1_adz_raw_20260614_1842,2026-06-14 18:41:15.558,2026-06-14 18:41:25.611,"[Timestamp('2026-06-14 18:41:25.611000'), Timestamp('2026-06-14 18:41:25.713000'), Timestamp('2026-06-14 18:41:26.487000'), Timestamp('2026-06-14 18:41:26.593000'), Timestamp('2026-06-14 18:41:26.907000'), Timestamp('2026-06-14 18:41:27.013000'), Timestamp('2026-06-14 18:41:27.792000'), Timestamp('2026-06-14 18:41:27.895000'), Timestamp('2026-06-14 18:41:28.204000'), Timestamp('2026-06-14 18:41:28.321000'), Timestamp('2026-06-14 18:41:29.091000'), Timestamp('2026-06-14 18:41:29.207000'), Timestamp('2026-06-14 18:41:29.507000'), Timestamp('2026-06-14 18:41:29.621000'), Timestamp('2026-06-14 18:41:30.390000'), Timestamp('2026-06-14 18:41:30.503000'), Timestamp('2026-06-14 18:41:30.817000'), Timestamp('2026-06-14 18:41:30.918000'), Timestamp('2026-06-14 18:41:31.700000'), Timestamp('2026-06-14 18:41:31.798000'), Timestamp('2026-06-14 18:41:32.110000'), Timestamp('2026-06-14 18:41:32.226000'), Timestamp('2026-06-14 18:41:32.995000'), Timestamp('2026-06-14 18:41:33.107000'), Timestamp('2026-06-14 18:41:33.416000'), Timestamp('2026-06-14 18:41:33.519000'), Timestamp('2026-06-14 18:41:34.299000'), Timestamp('2026-06-14 18:41:34.400000')]","[0.102, 0.774, 0.106, 0.314, 0.106, 0.779, 0.103, 0.309, 0.117, 0.77, 0.116, 0.3, 0.114, 0.769, 0.113, 0.314, 0.101, 0.782, 0.098, 0.312, 0.116, 0.769, 0.112, 0.309, 0.103, 0.78, 0.101]","[34.720732504905165, 34.74527462170794, 34.40860215053763, 34.85135989879822, 34.54846727423364, 34.92063492063492, 34.92063492063492, 34.66110531803962, 34.60369417816226, 34.85135989879822, 34.79905437352245, 34.916478197040036, 35.165306998711884, 34.66110531803962, 34.78671865768639, 35.03696303696303, 34.53416149068323, 34.90909090909091, 34.47137699845281, 34.98207885304659, 34.53282093086448, 34.80499691305319, 34.66110531803962, 34.913245873889124, 34.78260869565217, 35.04816724627253, 35.04069697736688, 35.04396482813749]","[3.5415147155003264, 26.89284255720195, 3.647311827956989, 10.943327008222642, 3.6621375310687654, 27.203174603174602, 3.5968253968253965, 10.710281543274242, 4.048632218844984, 26.835547122074633, 4.0366903073286045, 10.47494345911201, 4.008844997853155, 26.654389989572465, 3.9308992083185625, 11.00160639360639, 3.4879503105590066, 27.29890909090909, 3.3781949458483758, 10.914408602150536, 4.00580722798028, 26.7650426261379, 3.882043795620437, 10.78819297503174, 3.5826086956521737, 27.33757045209257, 3.5391103947140548]",306.16880799663187,9.93796840312095,c:\git\RailwAI\VIDEO\20260614\ADTC Rastatt_00_20260614184126.mp4,2026-06-14 18:41:26,Trieb
ADTC1_adz_raw_20260614_1853,2026-06-14 18:51:41.248,2026-06-14 18:51:51.285,"[Timestamp('2026-06-14 18:51:51.285000'), Timestamp('2026-06-14 18:51:51.404000'), Timestamp('2026-06-14 18:51:52.123000'), Timestamp('2026-06-14 18:51:52.237000'), Timestamp('2026-06-14 18:51:52.443000'), Timestamp('2026-06-14 18:51:52.554000'), Timestamp('2026-06-14 18:51:53.299000'), Timestamp('2026-06-14 18:51:53.406000'), Timestamp('2026-06-14 18:51:53.614000'), Timestamp('2026-06-14 18:51:53.723000'), Timestamp('2026-06-14 18:51:54.470000'), Timestamp('2026-06-14 18:51:54.577000'), Timestamp('2026-06-14 18:51:54.781000'), Timestamp('2026-06-14 18:51:54.893000'), Timestamp('2026-06-14 18:51:55.616000'), Timestamp('2026-06-14 18:51:55.730000'), Timestamp('2026-06-14 18:51:56.029000'), Timestamp('2026-06-14 18:51:56.142000'), Timestamp('2026-06-14 18:51:56.865000'), Timestamp('2026-06-14 18:51:56.980000'), Timestamp('2026-06-14 18:51:57.181000'), Timestamp('2026-06-14 18:51:57.292000'), Timestamp('2026-06-14 18:51:58.039000'), Timestamp('2026-06-14 18:51:58.146000'), Timestamp('2026-06-14 18:51:58.351000'), Timestamp('2026-06-14 18:51:58.468000'), Timestamp('2026-06-14 18:51:59.208000'), Timestamp('2026-06-14 18:51:59.316000'), Timestamp('2026-06-14 18:51:59.522000'), Timestamp('2026-06-14 18:51:59.631000'), Timestamp('2026-06-14 18:52:00.349000'), Timestamp('2026-06-14 18:52:00.466000')]","[0.119, 0.719, 0.114, 0.206, 0.111, 0.745, 0.107, 0.208, 0.109, 0.747, 0.107, 0.204, 0.112, 0.723, 0.114, 0.299, 0.113, 0.723, 0.115, 0.201, 0.111, 0.747, 0.107, 0.205, 0.117, 0.74, 0.108, 0.206, 0.109, 0.718, 0.117]","[34.74903474903475, 35.212081312391675, 35.19505808097764, 35.18796992481202, 35.12038523274478, 34.74527462170794, 34.55156371155337, 34.711779448621556, 34.56099456099456, 34.91761723700887, 34.6270829542205, 34.86514276674839, 34.564070741545144, 35.19505808097764, 33.9875178584856, 34.502516453735964, 34.94652123265911, 34.85503426462836, 34.67330786382068, 34.85135989879822, 34.54846727423364, 34.916478197040036, 34.8596283115856, 34.916478197040036, 34.543548324467054, 34.6574913981858, 34.91093743801325, 34.909552523008564, 34.4891640866873, 34.90909090909091, 34.475822050290134, 34.59470690595538]","[4.135135135135135, 25.31748646360961, 4.012236621231451, 7.248721804511276, 3.8983627608346705, 25.88522959317242, 3.6970173171362104, 7.220050125313283, 3.7671484071484067, 26.083460076045625, 3.7050978761015934, 7.112489124416672, 3.8711759230530562, 25.44602699254683, 3.874577035867359, 10.316252419667054, 3.9489568992904793, 25.2001897733263, 3.9874304043393787, 7.005123339658443, 3.8348798674399336, 26.082609213188906, 3.7299802293396596, 7.157878030393207, 4.041595153962645, 25.64654363465749, 3.770381243305431, 7.191367819739764, 3.759318885448916, 25.06472727272727, 4.033671179883946]",320.04512062249245,9.928861041636456,c:\git\RailwAI\VIDEO\20260614\ADTC Rastatt_00_20260614185151.mp4,2026-06-14 18:51:51,Trieb
ADTC1_adz_raw_20260614_1900,2026-06-14 18:58:50.790,2026-06-14 18:59:00.763,"[Timestamp('2026-06-14 18:59:00.763000'), Timestamp('2026-06-14 18:59:01.224000'), Timestamp('2026-06-14 18:59:01.584000'), Timestamp('2026-06-14 18:59:01.664000'), Timestamp('2026-06-14 18:59:02.123000'), Timestamp('2026-06-14 18:59:02.470000'), Timestamp('2026-06-14 18:59:02.928000'), Timestamp('2026-06-14 18:59:03.388000'), Timestamp('2026-06-14 18:59:03.831000')]","[0.461, 0.36, 0.08, 0.459, 0.347, 0.458, 0.46, 0.443]","[34.134141720348616, 43.39490296937106, 67.02127659574464, 88.78464818763331, 67.93943383805136, 33.75444137386498, 33.081850533807824, 33.63357467173886]","[15.735839333080712, 15.622165068973581, 5.361702127659571, 40.75215351812369, 23.57498354180382, 15.45953414923016, 15.2176512455516, 14.899673579580316]",146.62370256400345,9.79424244350507,c:\git\RailwAI\VIDEO\20260614\ADTC Rastatt_00_20260614185901.mp4,2026-06-14 18:59:01,Trieb
ADTC1_adz_raw_20260614_1903,2026-06-14 19:02:03.968,2026-06-14 19:02:14.004,"[Timestamp('2026-06-14 19:02:14.004000'), Timestamp('2026-06-14 19:02:14.123000'), Timestamp('2026-06-14 19:02:14.472000'), Timestamp('2026-06-14 19:02:14.590000'), Timestamp('2026-06-14 19:02:14.901000'), Timestamp('2026-06-14 19:02:15.650000'), Timestamp('2026-06-14 19:02:15.859000'), Timestamp('2026-06-14 19:02:16.682000'), Timestamp('2026-06-14 19:02:16.910000'), Timestamp('2026-06-14 19:02:17.379000'), Timestamp('2026-06-14 19:02:17.851000'), Timestamp('2026-06-14 19:02:18.134000'), Timestamp('2026-06-14 19:02:18.702000'), Timestamp('2026-06-14 19:02:18.777000'), Timestamp('2026-06-14 19:02:18.939000'), Timestamp('2026-06-14 19:02:19.014000'), Timestamp('2026-06-14 19:02:19.453000'), Timestamp('2026-06-14 19:02:19.528000'), Timestamp('2026-06-14 19:02:19.762000'), Timestamp('2026-06-14 19:02:20.217000'), Timestamp('2026-06-14 19:02:20.666000'), Timestamp('2026-06-14 19:02:20.988000'), Timestamp('2026-06-14 19:02:21.435000'), Timestamp('2026-06-14 19:02:21.888000'), Timestamp('2026-06-14 19:02:22.208000'), Timestamp('2026-06-14 19:02:22.661000'), Timestamp('2026-06-14 19:02:23.117000'), Timestamp('2026-06-14 19:02:23.433000'), Timestamp('2026-06-14 19:02:23.888000'), Timestamp('2026-06-14 19:02:24.340000'), Timestamp('2026-06-14 19:02:24.661000'), Timestamp('2026-06-14 19:02:25.115000'), Timestamp('2026-06-14 19:02:25.578000'), Timestamp('2026-06-14 19:02:25.896000'), Timestamp('2026-06-14 19:02:26.347000'), Timestamp('2026-06-14 19:02:26.811000'), Timestamp('2026-06-14 19:02:27.128000'), Timestamp('2026-06-14 19:02:27.586000'), Timestamp('2026-06-14 19:02:28.041000'), Timestamp('2026-06-14 19:02:28.365000'), Timestamp('2026-06-14 19:02:28.819000'), Timestamp('2026-06-14 19:02:29.284000'), Timestamp('2026-06-14 19:02:29.602000'), Timestamp('2026-06-14 19:02:30.061000'), Timestamp('2026-06-14 19:02:30.517000'), Timestamp('2026-06-14 19:02:30.840000'), Timestamp('2026-06-14 19:02:31.303000'), Timestamp('2026-06-14 19:02:31.758000'), Timestamp('2026-06-14 19:02:32.082000'), Timestamp('2026-06-14 19:02:32.548000'), Timestamp('2026-06-14 19:02:33.006000'), Timestamp('2026-06-14 19:02:33.245000'), Timestamp('2026-06-14 19:02:33.327000'), Timestamp('2026-06-14 19:02:33.683000'), Timestamp('2026-06-14 19:02:33.758000'), Timestamp('2026-06-14 19:02:33.969000'), Timestamp('2026-06-14 19:02:34.436000'), Timestamp('2026-06-14 19:02:34.672000'), Timestamp('2026-06-14 19:02:35.135000'), Timestamp('2026-06-14 19:02:35.350000'), Timestamp('2026-06-14 19:02:35.428000'), Timestamp('2026-06-14 19:02:35.784000'), Timestamp('2026-06-14 19:02:35.861000'), Timestamp('2026-06-14 19:02:36.099000'), Timestamp('2026-06-14 19:02:36.568000'), Timestamp('2026-06-14 19:02:37.028000'), Timestamp('2026-06-14 19:02:37.356000'), Timestamp('2026-06-14 19:02:37.824000'), Timestamp('2026-06-14 19:02:38.286000')]","[0.119, 0.349, 0.118, 0.311, 0.749, 0.209, 0.823, 0.228, 0.469, 0.472, 0.283, 0.568, 0.075, 0.162, 0.075, 0.439, 0.075, 0.234, 0.455, 0.449, 0.322, 0.447, 0.453, 0.32, 0.453, 0.456, 0.316, 0.455, 0.452, 0.321, 0.454, 0.463, 0.318, 0.451, 0.464, 0.317, 0.458, 0.455, 0.324, 0.454, 0.465, 0.318, 0.459, 0.456, 0.323, 0.463, 0.455, 0.324, 0.466, 0.458, 0.239, 0.082, 0.356, 0.075, 0.211, 0.467, 0.236, 0.463, 0.215, 0.078, 0.356, 0.077, 0.238, 0.469, 0.46, 0.328, 0.468, 0.462]","[nan, nan, nan, nan, nan, nan, nan, nan, nan, nan, nan, nan, nan, nan, nan, nan, nan, nan, nan, nan, nan, nan, nan, nan, nan, nan, nan, nan, nan, nan, nan, nan, nan, nan, nan, nan, nan, nan, nan, nan, nan, nan, nan, nan, nan, nan, nan, nan, nan, nan, nan, nan, nan, nan, nan, nan, nan, nan, nan, nan, nan, nan, nan, nan, nan, nan, nan, nan, nan]","[nan, nan, nan, nan, nan, nan, nan, nan, nan, nan, nan, nan, nan, nan, nan, nan, nan, nan, nan, nan, nan, nan, nan, nan, nan, nan, nan, nan, nan, nan, nan, nan, nan, nan, nan, nan, nan, nan, nan, nan, nan, nan, nan, nan, nan, nan, nan, nan, nan, nan, nan, nan, nan, nan, nan, nan, nan, nan, nan, nan, nan, nan, nan, nan, nan, nan, nan, nan]",,9.930679920816782,c:\git\RailwAI\VIDEO\20260614\ADTC Rastatt_00_20260614190214.mp4,2026-06-14 19:02:14,Lok
ADTC1_adz_raw_20260614_1931,2026-06-14 19:30:23.789,2026-06-14 19:30:33.893,"[Timestamp('2026-06-14 19:30:33.893000'), Timestamp('2026-06-14 19:30:34.011000'), Timestamp('2026-06-14 19:30:34.257000'), Timestamp('2026-06-14 19:30:34.374000'), Timestamp('2026-06-14 19:30:34.616000'), Timestamp('2026-06-14 19:30:34.703000'), Timestamp('2026-06-14 19:30:35.619000'), Timestamp('2026-06-14 19:30:35.706000'), Timestamp('2026-06-14 19:30:35.931000'), Timestamp('2026-06-14 19:30:36.018000'), Timestamp('2026-06-14 19:30:37.021000'), Timestamp('2026-06-14 19:30:37.246000'), Timestamp('2026-06-14 19:30:37.333000'), Timestamp('2026-06-14 19:30:38.335000'), Timestamp('2026-06-14 19:30:39.694000'), Timestamp('2026-06-14 19:30:40.506000'), Timestamp('2026-06-14 19:30:40.680000'), Timestamp('2026-06-14 19:30:40.769000'), Timestamp('2026-06-14 19:30:41.872000'), Timestamp('2026-06-14 19:30:42.048000'), Timestamp('2026-06-14 19:30:42.135000'), Timestamp('2026-06-14 19:30:43.147000'), Timestamp('2026-06-14 19:30:43.242000'), Timestamp('2026-06-14 19:30:43.502000'), Timestamp('2026-06-14 19:30:44.607000')]","[0.118, 0.246, 0.117, 0.242, 0.087, 0.916, 0.087, 0.225, 0.087, 1.003, 0.225, 0.087, 1.002, 1.359, 0.812, 0.174, 0.089, 1.103, 0.176, 0.087, 1.012, 0.095, 0.26, 1.105]","[141.1764705882354, 48.60759493670886, 142.2222222222222, 48.97959183673469, 599.9999999999994, 14.826254826254827, 231.32530120481925, 65.30612244897958, 27.04225352112676, 18.786692759295498, 7.538280329799764, 11.888544891640867, 21.0989010989011, 12.59016393442623, 21.597300337457817, 12.73209549071618, 24.090338770388957, 27.04225352112676, 11.104684788895314, 22.69503546099291, 28.360413589364843, 47.52475247524753, 35.55555555555555, 42.10526315789473, 30.917874396135264, 30.818619582664525]","[16.658823529411777, 11.957468354430379, 16.639999999999997, 11.853061224489794, 52.199999999999946, 13.580849420849422, 20.125301204819273, 14.693877551020405, 2.352676056338028, 18.84305283757338, 1.6961130742049468, 1.0343034055727554, 21.1410989010989, 17.110032786885245, 17.53700787401575, 2.215384615384615, 2.144040150564617, 29.827605633802815, 1.9544245228455752, 1.974468085106383, 28.700738552437222, 4.514851485148515, 9.244444444444444, 46.52631578947368]",364.52593949991785,9.986393476814287,c:\git\RailwAI\VIDEO\20260614\ADTC Rastatt_00_20260614193034.mp4,2026-06-14 19:30:34,Lok
ADTC1_adz_raw_20260614_1938,2026-06-14 19:37:01.971,2026-06-14 19:37:12.037,"[Timestamp('2026-06-14 19:37:12.037000'), Timestamp('2026-06-14 19:37:12.427000'), Timestamp('2026-06-14 19:37:12.515000'), Timestamp('2026-06-14 19:37:12.980000'), Timestamp('2026-06-14 19:37:13.451000')]","[0.39, 0.088, 0.465, 0.471]","[33.21799307958478, 33.44947735191638, 33.10344827586207, 33.333333333333336, 32.76450511945393]","[12.955017301038064, 2.943554006968641, 15.393103448275864, 15.700000000000001]",46.99167475628257,9.85729027311398,c:\git\RailwAI\VIDEO\20260614\ADTC Rastatt_00_20260614193712.mp4,2026-06-14 19:37:12,Trieb
ADTC1_adz_raw_20260614_1945,2026-06-14 19:43:27.354,2026-06-14 19:43:37.497,"[Timestamp('2026-06-14 19:43:37.497000'), Timestamp('2026-06-14 19:43:37.620000'), Timestamp('2026-06-14 19:43:38.270000'), Timestamp('2026-06-14 19:43:38.404000'), Timestamp('2026-06-14 19:43:39.096000'), Timestamp('2026-06-14 19:43:39.222000'), Timestamp('2026-06-14 19:43:39.917000'), Timestamp('2026-06-14 19:43:40.047000'), Timestamp('2026-06-14 19:43:40.738000'), Timestamp('2026-06-14 19:43:40.872000'), Timestamp('2026-06-14 19:43:41.555000'), Timestamp('2026-06-14 19:43:41.685000'), Timestamp('2026-06-14 19:43:42.381000'), Timestamp('2026-06-14 19:43:42.511000'), Timestamp('2026-06-14 19:43:43.204000'), Timestamp('2026-06-14 19:43:43.328000'), Timestamp('2026-06-14 19:43:44.023000'), Timestamp('2026-06-14 19:43:44.152000'), Timestamp('2026-06-14 19:43:44.848000'), Timestamp('2026-06-14 19:43:44.979000'), Timestamp('2026-06-14 19:43:45.675000'), Timestamp('2026-06-14 19:43:45.803000'), Timestamp('2026-06-14 19:43:46.457000'), Timestamp('2026-06-14 19:43:46.585000'), Timestamp('2026-06-14 19:43:46.960000'), Timestamp('2026-06-14 19:43:47.086000'), Timestamp('2026-06-14 19:43:47.746000'), Timestamp('2026-06-14 19:43:47.874000'), Timestamp('2026-06-14 19:43:48.569000'), Timestamp('2026-06-14 19:43:48.701000'), Timestamp('2026-06-14 19:43:49.393000'), Timestamp('2026-06-14 19:43:49.529000'), Timestamp('2026-06-14 19:43:50.224000'), Timestamp('2026-06-14 19:43:50.349000'), Timestamp('2026-06-14 19:43:51.045000'), Timestamp('2026-06-14 19:43:51.176000'), Timestamp('2026-06-14 19:43:51.875000'), Timestamp('2026-06-14 19:43:52.007000'), Timestamp('2026-06-14 19:43:52.701000'), Timestamp('2026-06-14 19:43:52.832000'), Timestamp('2026-06-14 19:43:53.523000'), Timestamp('2026-06-14 19:43:53.654000'), Timestamp('2026-06-14 19:43:54.353000'), Timestamp('2026-06-14 19:43:54.478000'), Timestamp('2026-06-14 19:43:55.178000'), Timestamp('2026-06-14 19:43:55.310000'), Timestamp('2026-06-14 19:43:55.971000'), Timestamp('2026-06-14 19:43:56.096000')]","[0.123, 0.65, 0.134, 0.692, 0.126, 0.695, 0.13, 0.691, 0.134, 0.683, 0.13, 0.696, 0.13, 0.693, 0.124, 0.695, 0.129, 0.696, 0.131, 0.696, 0.128, 0.654, 0.128, 0.375, 0.126, 0.66, 0.128, 0.695, 0.132, 0.692, 0.136, 0.695, 0.125, 0.696, 0.131, 0.699, 0.132, 0.694, 0.131, 0.691, 0.131, 0.699, 0.125, 0.7, 0.132, 0.661, 0.125]","[33.99518652226233, 33.5812133072407, 34.04940383357649, 34.301464958399265, 33.5251097025841, 33.90050073490944, 33.4444283437183, 33.048919226393636, 33.28366101043119, 33.22157294760035, 32.37783237783238, 33.39140534262486, 33.33976461508779, 33.05440322389475, 32.70954260506153, 32.795448185803565, 33.11762466692045, 33.11762466692045, 32.82538794911226, 32.790008713331396, 32.789014659491556, 32.7133402995472, 33.29806675002405, 32.89059933355236, 32.32359876655179, 32.711061577040965, 33.008791001039796, 32.49484536082474, 32.32469814636359, 32.57981018119068, 32.271186440677965, 32.69088213491475, 32.3354920519904, 33.10777120877555, 32.39330829634687, 32.35673985453062, 32.29527104959631, 32.37608584568217, 32.66666666666667, 32.504282288454945, 32.28602383531961, 32.38527941844616, 31.789819376026273, 32.42285947823717, 32.11868004200272, 32.12787212787212, 32.368474737629484, 32.391304347826086]","[4.181407942238266, 21.827788649706456, 4.56262011369925, 23.73661375121229, 4.224163822525597, 23.56084801076206, 4.347775684683379, 22.836803185438, 4.46001057539778, 22.69033432321104, 4.209118209118209, 23.2404181184669, 4.334169399961413, 22.90670143415906, 4.055983283027629, 22.792836489133474, 4.272173582032738, 23.04986676817663, 4.300125821333706, 22.82184606447865, 4.196993876414919, 21.394524555903867, 4.2621525440030785, 12.333974750082135, 4.0727734445855255, 21.58930064084704, 4.225125248133094, 22.58391752577319, 4.266860155319994, 22.54522864538395, 4.388881355932203, 22.72016308376575, 4.0419365064988, 23.04300876130778, 4.24352338682144, 22.617361158316903, 4.262975778546713, 22.469003576903425, 4.2793333333333345, 22.460459061322364, 4.2294691224268695, 22.637310313493863, 3.973727422003284, 22.69600163476602, 4.23966576554436, 21.236523476523473, 4.0460593422036855]",611.4678596949196,10.028435585899208,c:\git\RailwAI\VIDEO\20260614\ADTC Rastatt_00_20260614194337.mp4,2026-06-14 19:43:37,Trieb
ADTC1_adz_raw_20260614_1950,2026-06-14 19:48:58.195,2026-06-14 19:49:08.287,"[Timestamp('2026-06-14 19:49:08.287000'), Timestamp('2026-06-14 19:49:08.431000'), Timestamp('2026-06-14 19:49:08.943000'), Timestamp('2026-06-14 19:49:09.079000'), Timestamp('2026-06-14 19:49:09.231000'), Timestamp('2026-06-14 19:49:09.375000'), Timestamp('2026-06-14 19:49:10.096000'), Timestamp('2026-06-14 19:49:10.239000'), Timestamp('2026-06-14 19:49:10.965000'), Timestamp('2026-06-14 19:49:11.104000'), Timestamp('2026-06-14 19:49:11.835000'), Timestamp('2026-06-14 19:49:11.979000'), Timestamp('2026-06-14 19:49:12.703000'), Timestamp('2026-06-14 19:49:12.843000'), Timestamp('2026-06-14 19:49:13.573000'), Timestamp('2026-06-14 19:49:13.712000'), Timestamp('2026-06-14 19:49:14.439000'), Timestamp('2026-06-14 19:49:14.583000'), Timestamp('2026-06-14 19:49:15.313000'), Timestamp('2026-06-14 19:49:15.456000'), Timestamp('2026-06-14 19:49:16.184000'), Timestamp('2026-06-14 19:49:16.328000'), Timestamp('2026-06-14 19:49:16.481000'), Timestamp('2026-06-14 19:49:16.623000'), Timestamp('2026-06-14 19:49:17.143000'), Timestamp('2026-06-14 19:49:17.279000')]","[0.144, 0.512, 0.136, 0.152, 0.144, 0.721, 0.143, 0.726, 0.139, 0.731, 0.144, 0.724, 0.14, 0.73, 0.139, 0.727, 0.144, 0.73, 0.143, 0.728, 0.144, 0.153, 0.142, 0.52, 0.136]","[33.65505046784057, 33.68794326241135, 33.943028485757125, 33.51612195656942, 33.66249078850405, 33.69084707360022, 33.52020669819139, 33.59970629627363, 33.22157294760035, 33.62532204637468, 33.71783496007099, 33.98240733779415, 32.993197278911566, 33.78943461586044, 33.62614712666242, 34.05325853155385, 33.27806214404153, 33.28366101043119, 33.232317182727435, 33.54473607181188, 32.89561696884351, 32.993197278911566, 32.711061577040965, 33.16546934294375, 32.88288288288288, 33.25781278095444]","[4.846327267369041, 17.248226950354614, 4.61625187406297, 5.094450537398552, 4.847398673544583, 24.291100740065755, 4.793389557841368, 24.393386771094654, 4.617798639716449, 24.580110415899888, 4.855368234250222, 24.603262912562965, 4.6190476190476195, 24.666287269578124, 4.674034450606077, 24.75671895243965, 4.792040948741979, 24.297072537614767, 4.752221357130023, 24.42056786027905, 4.736968843513465, 5.04795918367347, 4.644970743939816, 17.246044058330753, 4.472072072072073]",301.913078471128,9.983195814446832,c:\git\RailwAI\VIDEO\20260614\ADTC Rastatt_00_20260614194912.mp4,2026-06-14 19:49:12,Trieb
ADTC1_adz_raw_20260614_1959,2026-06-14 19:58:14.816,2026-06-14 19:58:24.944,"[Timestamp('2026-06-14 19:58:24.944000'), Timestamp('2026-06-14 19:58:25.400000'), Timestamp('2026-06-14 19:58:25.842000'), Timestamp('2026-06-14 19:58:26.296000')]","[0.456, 0.442, 0.454]","[35.69217160548429, 37.26884779516358, 37.83251231527093, 35.22201913772713]","[16.275630252100836, 16.472830725462302, 17.175960591133006]",49.92442156869615,9.946528100555774,c:\git\RailwAI\VIDEO\20260614\ADTC Rastatt_00_20260614195825.mp4,2026-06-14 19:58:25,Trieb
ADTC1_adz_raw_20260614_2002,2026-06-14 20:00:26.970,2026-06-14 20:00:36.984,"[Timestamp('2026-06-14 20:00:36.984000'), Timestamp('2026-06-14 20:00:37.091000'), Timestamp('2026-06-14 20:00:37.883000'), Timestamp('2026-06-14 20:00:37.989000'), Timestamp('2026-06-14 20:00:38.303000'), Timestamp('2026-06-14 20:00:38.418000'), Timestamp('2026-06-14 20:00:39.197000'), Timestamp('2026-06-14 20:00:39.314000'), Timestamp('2026-06-14 20:00:39.619000'), Timestamp('2026-06-14 20:00:39.740000'), Timestamp('2026-06-14 20:00:40.520000'), Timestamp('2026-06-14 20:00:40.636000'), Timestamp('2026-06-14 20:00:40.947000'), Timestamp('2026-06-14 20:00:41.064000'), Timestamp('2026-06-14 20:00:41.847000'), Timestamp('2026-06-14 20:00:41.966000'), Timestamp('2026-06-14 20:00:42.275000'), Timestamp('2026-06-14 20:00:42.382000'), Timestamp('2026-06-14 20:00:43.172000'), Timestamp('2026-06-14 20:00:43.280000'), Timestamp('2026-06-14 20:00:43.599000'), Timestamp('2026-06-14 20:00:43.714000'), Timestamp('2026-06-14 20:00:44.492000'), Timestamp('2026-06-14 20:00:44.614000'), Timestamp('2026-06-14 20:00:44.924000'), Timestamp('2026-06-14 20:00:45.041000'), Timestamp('2026-06-14 20:00:45.820000'), Timestamp('2026-06-14 20:00:45.946000'), Timestamp('2026-06-14 20:00:46.260000'), Timestamp('2026-06-14 20:00:46.363000'), Timestamp('2026-06-14 20:00:47.159000'), Timestamp('2026-06-14 20:00:47.266000'), Timestamp('2026-06-14 20:00:47.582000'), Timestamp('2026-06-14 20:00:47.697000'), Timestamp('2026-06-14 20:00:48.487000'), Timestamp('2026-06-14 20:00:48.603000'), Timestamp('2026-06-14 20:00:48.917000'), Timestamp('2026-06-14 20:00:49.025000'), Timestamp('2026-06-14 20:00:49.826000'), Timestamp('2026-06-14 20:00:49.927000'), Timestamp('2026-06-14 20:00:50.244000'), Timestamp('2026-06-14 20:00:50.367000'), Timestamp('2026-06-14 20:00:51.149000'), Timestamp('2026-06-14 20:00:51.271000'), Timestamp('2026-06-14 20:00:51.589000'), Timestamp('2026-06-14 20:00:51.693000'), Timestamp('2026-06-14 20:00:52.496000'), Timestamp('2026-06-14 20:00:52.601000'), Timestamp('2026-06-14 20:00:52.928000'), Timestamp('2026-06-14 20:00:53.033000'), Timestamp('2026-06-14 20:00:53.832000'), Timestamp('2026-06-14 20:00:53.938000')]","[0.107, 0.792, 0.106, 0.314, 0.115, 0.779, 0.117, 0.305, 0.121, 0.78, 0.116, 0.311, 0.117, 0.783, 0.119, 0.309, 0.107, 0.79, 0.108, 0.319, 0.115, 0.778, 0.122, 0.31, 0.117, 0.779, 0.126, 0.314, 0.103, 0.796, 0.107, 0.316, 0.115, 0.79, 0.116, 0.314, 0.108, 0.801, 0.101, 0.317, 0.123, 0.782, 0.122, 0.318, 0.104, 0.803, 0.105, 0.327, 0.105, 0.799, 0.106]","[34.127244714974864, 34.85503426462836, 34.39559030893475, 34.48382603312181, 34.4196566258867, 34.47937891723195, 34.34803758416754, 34.60369417816226, 34.289650597645135, 34.475822050290134, 34.179284130503646, 34.28615160907664, 34.53639598835328, 34.5956054230949, 34.47137699845281, 34.285714285714285, 34.7334537175159, 34.23776223776224, 34.53952477092716, 34.2299283062999, 34.04940383357649, 34.4103703894035, 34.34803758416754, 34.40860215053763, 34.40904419321686, 34.59470690595538, 34.29271279853032, 34.4891640866873, 34.36035343834037, 34.78443522554219, 34.53416149068323, 34.79402765557904, 34.47237345071238, 34.2299283062999, 34.5956054230949, 34.48382603312181, 33.75185368264953, 34.87233482495394, 34.378843788437884, 35.059378623695466, 34.955312810327705, 34.198782961460445, 34.08541498791297, 34.32950191570881, 34.54846727423364, 34.216133942161335, 34.29270032092099, 34.31372549019608, 35.08322663252241, 34.76074487310442, 34.37164339419978, 34.591797127700865]","[3.6516151845023104, 27.60518713758566, 3.6459325727470833, 10.827921374400248, 3.958260511976971, 26.859436176523687, 4.018720397347603, 10.554126724339488, 4.1490477223150615, 26.891141199226304, 3.964796959138423, 10.662993150422835, 4.040758330637334, 27.08835904628331, 4.1020938628158845, 10.594285714285714, 3.716479547774201, 27.047832167832173, 3.7302686752601333, 10.919347129709667, 3.9156814408612965, 26.77126816295592, 4.19046058526844, 10.666666666666666, 4.025858170606373, 26.94927667973924, 4.32088181261482, 10.829597523219814, 3.5391164041490577, 27.688410439531584, 3.6951552795031057, 10.994912739162977, 3.964322946831924, 27.04164336197692, 4.013090229079009, 10.827921374400248, 3.6452001977261492, 27.932740194788106, 3.4722632226322263, 11.113823023711463, 4.299503475670307, 26.743448275862068, 4.158420628525382, 10.916781609195402, 3.5930405965202983, 27.47555555555555, 3.600733533696704, 11.220588235294118, 3.683738796414853, 27.773835153610435, 3.6433941997851766]",584.73593410068,9.552024169064271,c:\git\RailwAI\VIDEO\20260614\ADTC Rastatt_00_20260614200037.mp4,2026-06-14 20:00:37,Trieb
ADTC1_adz_raw_20260614_2008,2026-06-14 20:07:30.586,2026-06-14 20:07:40.665,"[Timestamp('2026-06-14 20:07:40.665000'), Timestamp('2026-06-14 20:07:40.764000'), Timestamp('2026-06-14 20:07:41.549000'), Timestamp('2026-06-14 20:07:41.649000'), Timestamp('2026-06-14 20:07:41.963000'), Timestamp('2026-06-14 20:07:42.076000'), Timestamp('2026-06-14 20:07:42.847000'), Timestamp('2026-06-14 20:07:42.958000'), Timestamp('2026-06-14 20:07:43.272000'), Timestamp('2026-06-14 20:07:43.376000'), Timestamp('2026-06-14 20:07:44.156000'), Timestamp('2026-06-14 20:07:44.262000'), Timestamp('2026-06-14 20:07:44.571000'), Timestamp('2026-06-14 20:07:44.688000'), Timestamp('2026-06-14 20:07:45.460000'), Timestamp('2026-06-14 20:07:45.572000'), Timestamp('2026-06-14 20:07:45.878000'), Timestamp('2026-06-14 20:07:45.992000'), Timestamp('2026-06-14 20:07:46.769000'), Timestamp('2026-06-14 20:07:46.881000'), Timestamp('2026-06-14 20:07:47.195000'), Timestamp('2026-06-14 20:07:47.295000'), Timestamp('2026-06-14 20:07:48.077000'), Timestamp('2026-06-14 20:07:48.182000'), Timestamp('2026-06-14 20:07:48.506000'), Timestamp('2026-06-14 20:07:48.603000'), Timestamp('2026-06-14 20:07:49.392000'), Timestamp('2026-06-14 20:07:49.495000')]","[0.099, 0.785, 0.1, 0.314, 0.113, 0.771, 0.111, 0.314, 0.104, 0.78, 0.106, 0.309, 0.117, 0.772, 0.112, 0.306, 0.114, 0.777, 0.112, 0.314, 0.1, 0.782, 0.105, 0.324, 0.097, 0.789, 0.103]","[35.106297633373444, 34.97279362972793, 35.69562512958739, 35.0383631713555, 34.59470690595538, 34.84584980237154, 35.10160427807486, 34.97557867912508, 34.6574913981858, 35.106297633373444, 34.71982420342175, 34.5956054230949, 34.475822050290134, 34.909552523008564, 34.65884652981427, 34.720732504905165, 34.53639598835328, 35.19505808097764, 34.66833541927409, 34.73890851982725, 34.67330786382068, 34.8596283115856, 34.78991596638655, 34.73890851982725, 34.80499691305319, 34.978364172130924, 34.38439398784777, 34.61988304093567]","[3.4755234657039713, 27.453642999336427, 3.5695625129587394, 11.002046035805627, 3.9092018803729576, 26.866150197628457, 3.8962780748663093, 10.982331705245274, 3.6043791054113226, 27.38291215403129, 3.6803013655627055, 10.690042075736324, 4.033671179883946, 26.95017454776261, 3.881790811339198, 10.62454414650098, 3.937149142672274, 27.346560128919627, 3.8828535669586977, 10.908017275225756, 3.4673307863820684, 27.260229339659944, 3.6529411764705877, 11.255406360424029, 3.3760847005661594, 27.5979293318113, 3.54159258074832]",308.2286466479849,9.959360090257944,c:\git\RailwAI\VIDEO\20260614\ADTC Rastatt_00_20260614200741.mp4,2026-06-14 20:07:41,Trieb
ADTC1_adz_raw_20260614_2020,2026-06-14 20:18:35.488,2026-06-14 20:18:45.612,"[Timestamp('2026-06-14 20:18:45.612000'), Timestamp('2026-06-14 20:18:45.720000'), Timestamp('2026-06-14 20:18:46.394000'), Timestamp('2026-06-14 20:18:46.508000'), Timestamp('2026-06-14 20:18:46.735000'), Timestamp('2026-06-14 20:18:46.843000'), Timestamp('2026-06-14 20:18:47.521000'), Timestamp('2026-06-14 20:18:47.631000'), Timestamp('2026-06-14 20:18:47.860000'), Timestamp('2026-06-14 20:18:47.972000'), Timestamp('2026-06-14 20:18:48.645000'), Timestamp('2026-06-14 20:18:48.764000'), Timestamp('2026-06-14 20:18:48.980000'), Timestamp('2026-06-14 20:18:49.097000'), Timestamp('2026-06-14 20:18:49.774000'), Timestamp('2026-06-14 20:18:49.884000'), Timestamp('2026-06-14 20:18:50.114000'), Timestamp('2026-06-14 20:18:50.227000'), Timestamp('2026-06-14 20:18:50.896000'), Timestamp('2026-06-14 20:18:51.010000'), Timestamp('2026-06-14 20:18:51.236000'), Timestamp('2026-06-14 20:18:51.346000'), Timestamp('2026-06-14 20:18:52.019000'), Timestamp('2026-06-14 20:18:52.136000'), Timestamp('2026-06-14 20:18:52.362000'), Timestamp('2026-06-14 20:18:52.470000'), Timestamp('2026-06-14 20:18:53.146000'), Timestamp('2026-06-14 20:18:53.261000'), Timestamp('2026-06-14 20:18:53.482000'), Timestamp('2026-06-14 20:18:53.596000'), Timestamp('2026-06-14 20:18:54.274000'), Timestamp('2026-06-14 20:18:54.389000')]","[0.108, 0.674, 0.114, 0.227, 0.108, 0.678, 0.11, 0.229, 0.112, 0.673, 0.119, 0.216, 0.117, 0.677, 0.11, 0.23, 0.113, 0.669, 0.114, 0.226, 0.11, 0.673, 0.117, 0.226, 0.108, 0.676, 0.115, 0.221, 0.114, 0.678, 0.115]","[34.78671865768639, 35.36211434618619, 35.301752109020114, 35.03696303696303, 35.17238602659938, 35.686501696598526, 34.85503426462836, 35.55994567230522, 35.169082125603865, 34.99880468563232, 35.18796992481202, 35.169082125603865, 35.04396482813749, 34.96503496503496, 34.78671865768639, 34.938658831937104, 34.97279362972793, 34.65884652981427, 34.60818956557888, 34.73890851982725, 34.92063492063492, 34.86514276674839, 34.94652123265911, 34.97568924630039, 34.51944430098642, 35.332801104150036, 34.80499691305319, 34.76074487310442, 34.57711442786069, 34.79905437352245, 34.68930673472577, 34.94652123265911]","[3.7569656150301305, 23.834065069329494, 4.024399740428293, 7.953390609390608, 3.7986176908727334, 24.195448150293803, 3.8340537691091194, 8.143227558957895, 3.938937198067633, 23.554195553430553, 4.18736842105263, 7.596521739130434, 4.100143884892087, 23.67132867132867, 3.8265390523455034, 8.035891531345534, 3.951925680159256, 23.186768328445748, 3.9453336104759926, 7.8509933254809585, 3.841269841269841, 23.46424108202167, 4.088742984221116, 7.9045057696638885, 3.7280999845065335, 23.884973546405426, 4.002574645001117, 7.682124616956077, 3.941791044776119, 23.593758865248223, 3.9892702744934634]",307.5074678541305,10.009891707650382,c:\git\RailwAI\VIDEO\20260614\ADTC Rastatt_00_20260614201846.mp4,2026-06-14 20:18:46,Trieb
ADTC1_adz_raw_20260614_2025,2026-06-14 20:23:43.424,2026-06-14 20:23:53.498,"[Timestamp('2026-06-14 20:23:53.498000'), Timestamp('2026-06-14 20:23:53.602000'), Timestamp('2026-06-14 20:23:54.395000'), Timestamp('2026-06-14 20:23:54.499000'), Timestamp('2026-06-14 20:23:54.818000'), Timestamp('2026-06-14 20:23:54.918000'), Timestamp('2026-06-14 20:23:55.708000'), Timestamp('2026-06-14 20:23:55.814000'), Timestamp('2026-06-14 20:23:56.127000'), Timestamp('2026-06-14 20:23:56.241000'), Timestamp('2026-06-14 20:23:57.017000'), Timestamp('2026-06-14 20:23:57.136000'), Timestamp('2026-06-14 20:23:57.452000'), Timestamp('2026-06-14 20:23:57.555000'), Timestamp('2026-06-14 20:23:58.347000'), Timestamp('2026-06-14 20:23:58.446000'), Timestamp('2026-06-14 20:23:58.759000'), Timestamp('2026-06-14 20:23:58.878000'), Timestamp('2026-06-14 20:23:59.655000'), Timestamp('2026-06-14 20:23:59.775000'), Timestamp('2026-06-14 20:24:00.089000'), Timestamp('2026-06-14 20:24:00.192000'), Timestamp('2026-06-14 20:24:00.982000'), Timestamp('2026-06-14 20:24:01.090000'), Timestamp('2026-06-14 20:24:01.407000'), Timestamp('2026-06-14 20:24:01.521000'), Timestamp('2026-06-14 20:24:02.298000'), Timestamp('2026-06-14 20:24:02.421000'), Timestamp('2026-06-14 20:24:02.728000'), Timestamp('2026-06-14 20:24:02.842000'), Timestamp('2026-06-14 20:24:03.624000'), Timestamp('2026-06-14 20:24:03.740000'), Timestamp('2026-06-14 20:24:04.058000'), Timestamp('2026-06-14 20:24:04.164000'), Timestamp('2026-06-14 20:24:04.957000'), Timestamp('2026-06-14 20:24:05.060000'), Timestamp('2026-06-14 20:24:05.376000'), Timestamp('2026-06-14 20:24:05.498000'), Timestamp('2026-06-14 20:24:06.274000'), Timestamp('2026-06-14 20:24:06.397000'), Timestamp('2026-06-14 20:24:06.699000'), Timestamp('2026-06-14 20:24:06.824000'), Timestamp('2026-06-14 20:24:07.602000'), Timestamp('2026-06-14 20:24:07.719000'), Timestamp('2026-06-14 20:24:08.032000'), Timestamp('2026-06-14 20:24:08.148000'), Timestamp('2026-06-14 20:24:08.934000'), Timestamp('2026-06-14 20:24:09.050000'), Timestamp('2026-06-14 20:24:09.365000'), Timestamp('2026-06-14 20:24:09.473000'), Timestamp('2026-06-14 20:24:10.271000'), Timestamp('2026-06-14 20:24:10.379000')]","[0.104, 0.793, 0.104, 0.319, 0.1, 0.79, 0.106, 0.313, 0.114, 0.776, 0.119, 0.316, 0.103, 0.792, 0.099, 0.313, 0.119, 0.777, 0.12, 0.314, 0.103, 0.79, 0.108, 0.317, 0.114, 0.777, 0.123, 0.307, 0.114, 0.782, 0.116, 0.318, 0.106, 0.793, 0.103, 0.316, 0.122, 0.776, 0.123, 0.302, 0.125, 0.778, 0.117, 0.313, 0.116, 0.786, 0.116, 0.315, 0.108, 0.798, 0.108]","[35.55409512856321, 35.428695936376506, 35.11005322136343, 34.720732504905165, 34.848604632777295, 35.053304904051174, 34.84584980237154, 35.169082125603865, 34.91093743801325, 35.294594704188796, 35.16672257631667, 35.43641712978097, 35.11005322136343, 35.44800523217789, 35.428695936376506, 35.16672257631667, 34.78991596638655, 35.053304904051174, 35.232323232323225, 35.19505808097764, 34.76074487310442, 35.059378623695466, 35.62753036437246, 34.887218045112775, 34.896424330386594, 35.20309477756286, 34.913245873889124, 35.25606469002695, 34.679186228482, 34.60818956557888, 34.878936540591866, 34.79905437352245, 34.80499691305319, 35.09949652361544, 34.32950191570881, 34.938658831937104, 35.066389377699565, 35.272227166086886, 34.999801137493534, 34.702863246749864, 34.26390125970225, 34.386774317570165, 33.983363562449185, 34.702863246749864, 34.77987421383648, 35.18854823202649, 34.81545604784765, 35.034167353558985, 34.68930673472577, 35.156375300721734, 34.412566731958364, 34.85934914506343]","[3.697625893370574, 28.09495587754657, 3.6514455350217965, 11.075913669064748, 3.48486046327773, 27.692110874200427, 3.693660079051383, 11.00792270531401, 3.9798468679335106, 27.388605490450505, 4.184839986581684, 11.197907813010787, 3.616335481800433, 28.074820143884892, 3.507440897701274, 11.007184166387118, 4.14, 27.236417910447763, 4.227878787878787, 11.051248237426979, 3.580356721929755, 27.696909112719418, 3.847773279352226, 11.059248120300749, 3.978192373664072, 27.352804642166344, 4.294329242488362, 10.823611859838275, 3.9534272300469486, 27.063604240282686, 4.045956638708657, 11.06609929078014, 3.689329672783638, 27.833900743227048, 3.535938697318007, 11.040616190892125, 4.278099504079347, 27.371248280883425, 4.3049755399117045, 10.48026470051846, 4.282987657462781, 26.75291041906959, 3.976053536806555, 10.861996196232708, 4.034465408805032, 27.658198910372825, 4.038592901550327, 11.03576271637108, 3.746445127350383, 28.054787489975947, 3.7165572070515034]",591.4664645332911,9.962240615273384,c:\git\RailwAI\VIDEO\20260614\ADTC Rastatt_00_20260614202354.mp4,2026-06-14 20:23:54,Trieb
ADTC1_adz_raw_20260614_2029,2026-06-14 20:27:40.397,2026-06-14 20:27:50.498,"[Timestamp('2026-06-14 20:27:50.498000'), Timestamp('2026-06-14 20:27:50.618000'), Timestamp('2026-06-14 20:27:50.969000'), Timestamp('2026-06-14 20:27:51.084000'), Timestamp('2026-06-14 20:27:51.315000'), Timestamp('2026-06-14 20:27:51.428000'), Timestamp('2026-06-14 20:27:52.221000'), Timestamp('2026-06-14 20:27:52.329000'), Timestamp('2026-06-14 20:27:52.519000'), Timestamp('2026-06-14 20:27:52.631000'), Timestamp('2026-06-14 20:27:53.422000'), Timestamp('2026-06-14 20:27:53.534000'), Timestamp('2026-06-14 20:27:53.722000'), Timestamp('2026-06-14 20:27:53.838000'), Timestamp('2026-06-14 20:27:54.629000'), Timestamp('2026-06-14 20:27:54.739000'), Timestamp('2026-06-14 20:27:54.931000'), Timestamp('2026-06-14 20:27:55.042000'), Timestamp('2026-06-14 20:27:55.836000'), Timestamp('2026-06-14 20:27:55.944000')]","[0.12, 0.351, 0.115, 0.231, 0.113, 0.793, 0.108, 0.19, 0.112, 0.791, 0.112, 0.188, 0.116, 0.791, 0.11, 0.192, 0.111, 0.794, 0.108]","[35.298411625549164, 34.93172435693871, 34.57711442786069, 34.91093743801325, 34.43027560674619, 35.2304252969537, 34.79081472161057, 35.41208119344583, 34.60369417816226, 34.722549250451294, 35.174021380917935, 34.92571670481154, 34.837946223128, 35.034167353558985, 34.92571670481154, 34.47048812562853, 34.999801137493534, 34.8599471101346, 34.59740259740259, 34.53682690323912]","[4.2358093950659, 12.261035249285486, 3.9763681592039797, 8.06442654818106, 3.8906211435623197, 27.937727260484284, 3.7574079899339416, 6.728295426754707, 3.875613747954173, 27.465536457106975, 3.939490394662809, 6.56603474050457, 4.041201761882848, 27.712026376665158, 3.8418288375292695, 6.6183337201206776, 3.8849779262617825, 27.678798005446872, 3.7365194805194797]",190.2120526211263,9.995163310282088,c:\git\RailwAI\VIDEO\20260614\ADTC Rastatt_00_20260614202750.mp4,2026-06-14 20:27:50,Lok
ADTC1_adz_raw_20260614_2036,2026-06-14 20:34:51.046,2026-06-14 20:35:01.069,"[Timestamp('2026-06-14 20:35:01.069000'), Timestamp('2026-06-14 20:35:01.208000'), Timestamp('2026-06-14 20:35:01.499000'), Timestamp('2026-06-14 20:35:01.643000'), Timestamp('2026-06-14 20:35:01.891000'), Timestamp('2026-06-14 20:35:02.004000'), Timestamp('2026-06-14 20:35:02.755000'), Timestamp('2026-06-14 20:35:02.869000'), Timestamp('2026-06-14 20:35:03.087000'), Timestamp('2026-06-14 20:35:03.197000'), Timestamp('2026-06-14 20:35:03.946000'), Timestamp('2026-06-14 20:35:04.057000'), Timestamp('2026-06-14 20:35:04.277000'), Timestamp('2026-06-14 20:35:04.390000'), Timestamp('2026-06-14 20:35:05.139000'), Timestamp('2026-06-14 20:35:05.257000'), Timestamp('2026-06-14 20:35:05.468000'), Timestamp('2026-06-14 20:35:05.581000'), Timestamp('2026-06-14 20:35:06.333000'), Timestamp('2026-06-14 20:35:06.444000'), Timestamp('2026-06-14 20:35:06.659000'), Timestamp('2026-06-14 20:35:06.775000'), Timestamp('2026-06-14 20:35:07.521000'), Timestamp('2026-06-14 20:35:07.637000')]","[0.139, 0.291, 0.144, 0.248, 0.113, 0.751, 0.114, 0.218, 0.11, 0.749, 0.111, 0.22, 0.113, 0.749, 0.118, 0.211, 0.113, 0.752, 0.111, 0.215, 0.116, 0.746, 0.116]","[34.848604632777295, 34.84584980237154, 34.53416149068323, 35.100665757600055, 34.846768030778144, 34.47937891723195, 34.40860215053763, 34.22470767666497, 34.103987884906616, 34.720732504905165, 34.71982420342175, 34.91093743801325, 34.53952477092716, 34.752553024351926, 33.92839333798743, 35.6983193973011, 32.999432999433, 34.04940383357649, 34.3717974994876, 35.10382747023968, 34.837946223128, 34.568604846961904, 34.038707734016114, 34.31372549019608]","[4.8439560439560445, 10.140142292490117, 4.972919254658385, 8.704965107884814, 3.9376847874779304, 25.894013566841192, 3.92258064516129, 7.4609862735129635, 3.7514386673397278, 26.005828646173967, 3.8539004865798145, 7.680406236362915, 3.902966299114769, 26.029662215239593, 4.003550413882516, 7.532345392830532, 3.728935928935929, 25.60515168284952, 3.8152695224431237, 7.547322906101531, 4.041201761882848, 25.78817921583358, 3.9484900971458696]",227.1118974446989,9.911806769426349,c:\git\RailwAI\VIDEO\20260614\ADTC Rastatt_00_20260614203501.mp4,2026-06-14 20:35:01,Lok
ADTC1_adz_raw_20260614_2117,2026-06-14 21:16:12.845,2026-06-14 21:16:22.917,"[Timestamp('2026-06-14 21:16:22.917000'), Timestamp('2026-06-14 21:16:23.026000'), Timestamp('2026-06-14 21:16:23.805000'), Timestamp('2026-06-14 21:16:23.903000'), Timestamp('2026-06-14 21:16:24.211000'), Timestamp('2026-06-14 21:16:24.328000'), Timestamp('2026-06-14 21:16:25.097000'), Timestamp('2026-06-14 21:16:25.213000'), Timestamp('2026-06-14 21:16:25.515000'), Timestamp('2026-06-14 21:16:25.629000'), Timestamp('2026-06-14 21:16:26.397000'), Timestamp('2026-06-14 21:16:26.516000'), Timestamp('2026-06-14 21:16:26.820000'), Timestamp('2026-06-14 21:16:26.940000'), Timestamp('2026-06-14 21:16:27.705000'), Timestamp('2026-06-14 21:16:27.820000'), Timestamp('2026-06-14 21:16:28.131000'), Timestamp('2026-06-14 21:16:28.235000'), Timestamp('2026-06-14 21:16:29.013000'), Timestamp('2026-06-14 21:16:29.123000'), Timestamp('2026-06-14 21:16:29.430000'), Timestamp('2026-06-14 21:16:29.547000'), Timestamp('2026-06-14 21:16:30.317000'), Timestamp('2026-06-14 21:16:30.432000'), Timestamp('2026-06-14 21:16:30.735000'), Timestamp('2026-06-14 21:16:30.854000'), Timestamp('2026-06-14 21:16:31.624000'), Timestamp('2026-06-14 21:16:31.740000'), Timestamp('2026-06-14 21:16:32.052000'), Timestamp('2026-06-14 21:16:32.153000'), Timestamp('2026-06-14 21:16:32.940000'), Timestamp('2026-06-14 21:16:33.043000'), Timestamp('2026-06-14 21:16:33.353000'), Timestamp('2026-06-14 21:16:33.472000'), Timestamp('2026-06-14 21:16:34.244000'), Timestamp('2026-06-14 21:16:34.365000'), Timestamp('2026-06-14 21:16:34.675000'), Timestamp('2026-06-14 21:16:34.777000'), Timestamp('2026-06-14 21:16:35.564000'), Timestamp('2026-06-14 21:16:35.671000'), Timestamp('2026-06-14 21:16:35.978000'), Timestamp('2026-06-14 21:16:36.097000'), Timestamp('2026-06-14 21:16:36.874000'), Timestamp('2026-06-14 21:16:36.988000'), Timestamp('2026-06-14 21:16:37.305000'), Timestamp('2026-06-14 21:16:37.408000'), Timestamp('2026-06-14 21:16:38.192000'), Timestamp('2026-06-14 21:16:38.300000'), Timestamp('2026-06-14 21:16:38.618000'), Timestamp('2026-06-14 21:16:38.718000'), Timestamp('2026-06-14 21:16:39.512000'), Timestamp('2026-06-14 21:16:39.614000')]","[0.109, 0.779, 0.098, 0.308, 0.117, 0.769, 0.116, 0.302, 0.114, 0.768, 0.119, 0.304, 0.12, 0.765, 0.115, 0.311, 0.104, 0.778, 0.11, 0.307, 0.117, 0.77, 0.115, 0.303, 0.119, 0.77, 0.116, 0.312, 0.101, 0.787, 0.103, 0.31, 0.119, 0.772, 0.121, 0.31, 0.102, 0.787, 0.107, 0.307, 0.119, 0.777, 0.114, 0.317, 0.103, 0.784, 0.108, 0.318, 0.1, 0.794, 0.102]","[34.8596283115856, 35.3060479454833, 34.6000987089903, 35.17663481155374, 35.18182916515646, 35.235170518829804, 35.0383631713555, 35.100665757600055, 35.22947640594699, 34.97557867912508, 35.232323232323225, 35.04069697736688, 35.04069697736688, 34.78306531014112, 34.91093743801325, 34.91093743801325, 34.97372193024367, 34.78260869565217, 34.165431817318286, 34.78260869565217, 34.85503426462836, 34.84584980237154, 34.846768030778144, 35.006243524004354, 34.909552523008564, 34.848604632777295, 34.6000987089903, 34.47937891723195, 34.55428238492911, 34.121212121212125, 34.56099456099456, 34.68597143416161, 34.51053283767038, 34.752553024351926, 34.452862710796104, 34.7222040869622, 34.55428238492911, 34.878936540591866, 34.69443469443469, 34.732724902216425, 34.69366454441081, 34.591797127700865, 34.564070741545144, 34.67775467775468, 34.8599471101346, 34.661991038379114, 34.71733520994604, 34.65816286847631, 34.51862695997226, 34.94822924223438, 34.82916076208471, 34.67704280155642]","[3.799699485962831, 27.503411349531493, 3.3908096734810496, 10.834403521958551, 4.116274012323306, 27.09584612898012, 4.0644501278772385, 10.600401058795216, 4.016160310277957, 26.86124442556806, 4.192646464646463, 10.65237188111953, 4.204883637284025, 26.609044962257958, 4.014757805371524, 10.857301543222121, 3.6372670807453416, 27.06086956521739, 3.7581974999050116, 10.678260869565216, 4.078039008961518, 26.831304347826087, 4.007378323539487, 10.60689178777332, 4.154236750238019, 26.833425567238518, 4.013611450242875, 10.757566222176367, 3.4899825208778403, 26.853393939393943, 3.559782439782439, 10.752651144590098, 4.106753407682775, 26.82897093479969, 4.168796388006329, 10.763883266958283, 3.524536803262769, 27.449723057445798, 3.7123045123045117, 10.662946544980443, 4.128546080784886, 26.877826368223573, 3.9403040645361465, 10.992848232848234, 3.5905745523438632, 27.175000974089226, 3.7494722026741725, 11.021295792175467, 3.4518626959972263, 27.748894018334102, 3.5525743977326405]",581.333679201911,9.964675750801671,c:\git\RailwAI\VIDEO\20260614\ADTC Rastatt_00_20260614211623.mp4,2026-06-14 21:16:23,Trieb
ADTC1_adz_raw_20260614_2124,2026-06-14 21:23:31.699,2026-06-14 21:23:41.753,"[Timestamp('2026-06-14 21:23:41.753000'), Timestamp('2026-06-14 21:23:41.861000'), Timestamp('2026-06-14 21:23:42.223000'), Timestamp('2026-06-14 21:23:42.335000'), Timestamp('2026-06-14 21:23:42.574000'), Timestamp('2026-06-14 21:23:42.685000'), Timestamp('2026-06-14 21:23:43.478000'), Timestamp('2026-06-14 21:23:43.591000'), Timestamp('2026-06-14 21:23:43.783000'), Timestamp('2026-06-14 21:23:43.893000'), Timestamp('2026-06-14 21:23:44.696000'), Timestamp('2026-06-14 21:23:44.809000'), Timestamp('2026-06-14 21:23:44.997000'), Timestamp('2026-06-14 21:23:45.110000'), Timestamp('2026-06-14 21:23:45.907000'), Timestamp('2026-06-14 21:23:46.016000'), Timestamp('2026-06-14 21:23:46.215000'), Timestamp('2026-06-14 21:23:46.326000'), Timestamp('2026-06-14 21:23:47.121000'), Timestamp('2026-06-14 21:23:47.229000')]","[0.108, 0.362, 0.112, 0.239, 0.111, 0.793, 0.113, 0.192, 0.11, 0.803, 0.113, 0.188, 0.113, 0.797, 0.109, 0.199, 0.111, 0.795, 0.108]","[34.05325853155385, 35.31750862243862, 34.846768030778144, 34.47937891723195, 34.179284130503646, 35.29602595296025, 34.36035343834037, 35.04816724627253, 35.89399530358939, 34.69366454441081, 34.85135989879822, 34.99880468563232, 34.53416149068323, 34.6574913981858, 34.475822050290134, 34.78443522554219, 34.3717974994876, 34.29271279853032, 33.82966051220965, 34.289650597645135]","[3.677751921407816, 12.784938121322782, 3.9028380194471524, 8.240571561218434, 3.7939005384859046, 27.98974858069748, 3.882719938532462, 6.729248111284325, 3.9483394833948333, 27.85901262916188, 3.9382036685641992, 6.579775280898876, 3.9023602484472053, 27.62202064435408, 3.7578646034816248, 6.922102609882896, 3.8152695224431237, 27.262706674831605, 3.653603335318642]",190.26297549317533,9.93599451807199,c:\git\RailwAI\VIDEO\20260614\ADTC Rastatt_00_20260614212342.mp4,2026-06-14 21:23:42,Lok
ADTC1_adz_raw_20260614_2216,2026-06-14 22:15:34.080,2026-06-14 22:15:44.128,"[Timestamp('2026-06-14 22:15:44.128000'), Timestamp('2026-06-14 22:15:44.233000'), Timestamp('2026-06-14 22:15:44.815000'), Timestamp('2026-06-14 22:15:44.936000'), Timestamp('2026-06-14 22:15:45.552000'), Timestamp('2026-06-14 22:15:45.678000'), Timestamp('2026-06-14 22:15:46.288000'), Timestamp('2026-06-14 22:15:46.411000'), Timestamp('2026-06-14 22:15:47.026000'), Timestamp('2026-06-14 22:15:47.149000'), Timestamp('2026-06-14 22:15:47.734000'), Timestamp('2026-06-14 22:15:47.838000')]","[0.105, 0.582, 0.121, 0.616, 0.126, 0.61, 0.123, 0.615, 0.123, 0.585, 0.104]","[35.0383631713555, 34.913245873889124, 34.66110531803962, 34.53639598835328, 34.78991596638655, 34.71982420342175, 34.28746364610439, 34.40904419321686, 34.30715625837577, 34.72890935733724, 34.216133942161335, 34.365634365634364]","[3.679028132992327, 20.31950909860347, 4.193993743482793, 21.27441992882562, 4.383529411764705, 21.17909276408727, 4.21735802847084, 21.161562178828365, 4.21978021978022, 20.316411974042282, 3.558477929984779]",128.50316341086267,9.934370000665336,c:\git\RailwAI\VIDEO\20260614\ADTC Rastatt_00_20260614221544.mp4,2026-06-14 22:15:44,Trieb
ADTC1_adz_raw_20260614_2249,2026-06-14 22:48:03.258,2026-06-14 22:48:13.292,"[Timestamp('2026-06-14 22:48:13.292000'), Timestamp('2026-06-14 22:48:13.426000'), Timestamp('2026-06-14 22:48:13.970000'), Timestamp('2026-06-14 22:48:14.232000'), Timestamp('2026-06-14 22:48:14.352000'), Timestamp('2026-06-14 22:48:15.175000'), Timestamp('2026-06-14 22:48:15.293000'), Timestamp('2026-06-14 22:48:15.542000'), Timestamp('2026-06-14 22:48:15.670000'), Timestamp('2026-06-14 22:48:16.499000'), Timestamp('2026-06-14 22:48:16.620000'), Timestamp('2026-06-14 22:48:16.863000'), Timestamp('2026-06-14 22:48:16.992000'), Timestamp('2026-06-14 22:48:17.824000'), Timestamp('2026-06-14 22:48:17.947000'), Timestamp('2026-06-14 22:48:18.195000'), Timestamp('2026-06-14 22:48:18.322000'), Timestamp('2026-06-14 22:48:19.161000'), Timestamp('2026-06-14 22:48:19.289000'), Timestamp('2026-06-14 22:48:19.543000'), Timestamp('2026-06-14 22:48:19.664000'), Timestamp('2026-06-14 22:48:20.508000'), Timestamp('2026-06-14 22:48:20.629000'), Timestamp('2026-06-14 22:48:20.881000'), Timestamp('2026-06-14 22:48:21.009000'), Timestamp('2026-06-14 22:48:21.859000'), Timestamp('2026-06-14 22:48:21.988000'), Timestamp('2026-06-14 22:48:22.240000'), Timestamp('2026-06-14 22:48:22.366000'), Timestamp('2026-06-14 22:48:23.220000'), Timestamp('2026-06-14 22:48:23.350000'), Timestamp('2026-06-14 22:48:23.603000'), Timestamp('2026-06-14 22:48:23.732000'), Timestamp('2026-06-14 22:48:24.589000'), Timestamp('2026-06-14 22:48:24.702000'), Timestamp('2026-06-14 22:48:24.717000'), Timestamp('2026-06-14 22:48:24.975000'), Timestamp('2026-06-14 22:48:25.106000'), Timestamp('2026-06-14 22:48:25.967000'), Timestamp('2026-06-14 22:48:26.090000'), Timestamp('2026-06-14 22:48:26.353000'), Timestamp('2026-06-14 22:48:26.484000'), Timestamp('2026-06-14 22:48:27.353000'), Timestamp('2026-06-14 22:48:27.484000'), Timestamp('2026-06-14 22:48:27.746000'), Timestamp('2026-06-14 22:48:27.874000'), Timestamp('2026-06-14 22:48:28.747000'), Timestamp('2026-06-14 22:48:28.883000'), Timestamp('2026-06-14 22:48:29.145000'), Timestamp('2026-06-14 22:48:29.273000'), Timestamp('2026-06-14 22:48:30.154000'), Timestamp('2026-06-14 22:48:30.288000'), Timestamp('2026-06-14 22:48:30.549000'), Timestamp('2026-06-14 22:48:30.681000'), Timestamp('2026-06-14 22:48:31.567000'), Timestamp('2026-06-14 22:48:31.699000'), Timestamp('2026-06-14 22:48:31.961000'), Timestamp('2026-06-14 22:48:32.097000'), Timestamp('2026-06-14 22:48:32.993000'), Timestamp('2026-06-14 22:48:33.125000'), Timestamp('2026-06-14 22:48:33.388000'), Timestamp('2026-06-14 22:48:33.524000'), Timestamp('2026-06-14 22:48:34.420000'), Timestamp('2026-06-14 22:48:34.557000')]","[0.134, 0.544, 0.262, 0.12, 0.823, 0.118, 0.249, 0.128, 0.829, 0.121, 0.243, 0.129, 0.832, 0.123, 0.248, 0.127, 0.839, 0.128, 0.254, 0.121, 0.844, 0.121, 0.252, 0.128, 0.85, 0.129, 0.252, 0.126, 0.854, 0.13, 0.253, 0.129, 0.857, 0.113, 0.015, 0.258, 0.131, 0.861, 0.123, 0.263, 0.131, 0.869, 0.131, 0.262, 0.128, 0.873, 0.136, 0.262, 0.128, 0.881, 0.134, 0.261, 0.132, 0.886, 0.132, 0.262, 0.136, 0.896, 0.132, 0.263, 0.136, 0.896, 0.137]","[31.78807947019867, 32.34119782214155, 32.35673985453062, 31.840883588919937, 31.600831600831597, 31.278655119714717, 31.741597555652547, 31.69179813475115, 31.830238726790448, 31.095761381475665, 31.532695787025066, 31.32212050244837, 31.273344651952456, 31.641363132859844, 31.263238159789886, 31.180663938920986, 31.3234542667348, 31.631744653132124, 31.300813008130078, 31.541466151621744, 30.27594016329936, 31.48387096774193, 29.589665653495437, 31.04118347646211, 30.917954569028108, 30.79576250307958, 30.88381330685203, 30.92219736515038, 30.22239794405456, 30.58747370124615, 30.558704453441294, 30.169704588309234, 30.231729055258462, 30.014632718759145, 30.12987012987012, 30.298685782556745, 30.308341964783676, 30.435740759290795, 30.435740759290795, 30.81481481481481, 29.793103448275854, 30.98837935774084, 29.865720018521372, 29.90683229813664, 30.04761065067889, 28.99416909620991, 29.930501930501926, 29.81222917669716, 29.68400527613695, 29.21198668146503, 29.27808978316658, 29.491773446147494, 29.297658862876254, 28.9671719925837, 29.08850871885142, 29.253631658039737, 28.832853025936597, 28.953488372093016, 28.402366863905318, 28.032345013477084, 28.653661656539807, 28.867761452031107, 28.438212094653807, 28.466154332034943, 28.1431882565027]","[4.259602649006622, 17.593611615245006, 8.477465841887023, 3.8209060306703924, 26.0074844074844, 3.690881304126336, 7.903657791357484, 4.056550161248147, 26.38726790450928, 3.762587127158555, 7.662445076247091, 4.04055354481584, 26.019422750424443, 3.891887665341761, 7.753283063627892, 3.959944320242965, 26.280378129790495, 4.0488633156009115, 7.95040650406504, 3.816517404346231, 25.55289349782466, 3.8095483870967732, 7.45659574468085, 3.97327148498715, 26.280261383673892, 3.972653362897266, 7.782720953326711, 3.896196868008948, 25.809927844222592, 3.9763715811619997, 7.731352226720648, 3.891891891891891, 25.9085918003565, 3.3916534972197834, 0.45194805194805177, 7.817060931899641, 3.9703927973866615, 26.205172793749373, 3.7435961133927678, 8.104296296296296, 3.902896551724137, 26.92890166187679, 3.9124093224263, 7.8355900621118, 3.846094163286898, 25.31190962099125, 4.070548262548262, 7.810804044294656, 3.7995526753455295, 25.735760266370693, 3.923264030944322, 7.697352869444496, 3.8672909698996656, 25.66491438542916, 3.8396831508883875, 7.6644514944064115, 3.9212680115273773, 25.942325581395345, 3.749112426035502, 7.372506738544473, 3.896897985289414, 25.86551426101987, 3.896035056967572]",645.5651977087067,9.922069255884526,c:\git\RailwAI\VIDEO\20260614\ADTC Rastatt_00_20260614224812.mp4,2026-06-14 22:48:12,Lok
ADTC1_adz_raw_20260614_2308,2026-06-14 23:06:43.226,2026-06-14 23:06:53.300,"[Timestamp('2026-06-14 23:06:53.300000'), Timestamp('2026-06-14 23:06:53.438000'), Timestamp('2026-06-14 23:06:53.758000'), Timestamp('2026-06-14 23:06:53.897000'), Timestamp('2026-06-14 23:06:54.155000'), Timestamp('2026-06-14 23:06:54.270000'), Timestamp('2026-06-14 23:06:55.036000'), Timestamp('2026-06-14 23:06:55.151000'), Timestamp('2026-06-14 23:06:55.378000'), Timestamp('2026-06-14 23:06:55.495000'), Timestamp('2026-06-14 23:06:56.257000'), Timestamp('2026-06-14 23:06:56.372000'), Timestamp('2026-06-14 23:06:56.599000'), Timestamp('2026-06-14 23:06:56.716000'), Timestamp('2026-06-14 23:06:57.477000'), Timestamp('2026-06-14 23:06:57.593000'), Timestamp('2026-06-14 23:06:57.819000'), Timestamp('2026-06-14 23:06:57.940000'), Timestamp('2026-06-14 23:06:58.701000'), Timestamp('2026-06-14 23:06:58.816000'), Timestamp('2026-06-14 23:06:59.043000'), Timestamp('2026-06-14 23:06:59.160000'), Timestamp('2026-06-14 23:06:59.923000'), Timestamp('2026-06-14 23:07:00.040000'), Timestamp('2026-06-14 23:07:00.272000'), Timestamp('2026-06-14 23:07:00.390000'), Timestamp('2026-06-14 23:07:01.157000'), Timestamp('2026-06-14 23:07:01.273000'), Timestamp('2026-06-14 23:07:01.511000'), Timestamp('2026-06-14 23:07:01.631000'), Timestamp('2026-06-14 23:07:02.394000'), Timestamp('2026-06-14 23:07:02.507000'), Timestamp('2026-06-14 23:07:02.739000'), Timestamp('2026-06-14 23:07:02.857000'), Timestamp('2026-06-14 23:07:03.627000'), Timestamp('2026-06-14 23:07:03.744000'), Timestamp('2026-06-14 23:07:03.972000'), Timestamp('2026-06-14 23:07:04.091000'), Timestamp('2026-06-14 23:07:04.860000'), Timestamp('2026-06-14 23:07:04.975000'), Timestamp('2026-06-14 23:07:05.210000'), Timestamp('2026-06-14 23:07:05.320000'), Timestamp('2026-06-14 23:07:06.100000'), Timestamp('2026-06-14 23:07:06.209000'), Timestamp('2026-06-14 23:07:06.445000'), Timestamp('2026-06-14 23:07:06.559000'), Timestamp('2026-06-14 23:07:07.332000'), Timestamp('2026-06-14 23:07:07.453000')]","[0.138, 0.32, 0.139, 0.258, 0.115, 0.766, 0.115, 0.227, 0.117, 0.762, 0.115, 0.227, 0.117, 0.761, 0.116, 0.226, 0.121, 0.761, 0.115, 0.227, 0.117, 0.763, 0.117, 0.232, 0.118, 0.767, 0.116, 0.238, 0.12, 0.763, 0.113, 0.232, 0.118, 0.77, 0.117, 0.228, 0.119, 0.769, 0.115, 0.235, 0.11, 0.78, 0.109, 0.236, 0.114, 0.773, 0.121]","[34.06997231311351, 34.181634201872, 34.072063922810194, 33.78943461586044, 34.52213701102018, 34.25095057034221, 34.09862448764051, 34.038707734016114, 34.804996913053195, 33.435902405931245, 33.831289483463394, 33.908948194662486, 34.104308390022666, 33.39845163157514, 33.7986337986338, 33.43653250773993, 33.22793906294912, 33.54562691428849, 33.44481605351171, 33.91952309985097, 33.908948194662486, 33.582417582417584, 33.33333333333333, 32.989690721649495, 33.170104014011514, 33.33814820164669, 33.26869209222151, 34.15053328615478, 34.18491484184914, 32.99319727891156, 33.151144929089426, 32.54386872134313, 32.65343900040493, 33.42780321197588, 33.19225037257825, 32.7133402995472, 32.92528493035036, 32.54554632646506, 32.94948781349346, 32.55525717826895, 33.67076167076168, 33.06851329238504, 33.648439610086676, 32.163232431706824, 33.79071002482432, 32.435389033228496, 32.915316330844014, 32.10846001543677]","[4.701656179209665, 10.93812294459904, 4.736016885270617, 8.717674130891995, 3.9700457562673206, 26.236228136882136, 3.9213418160786584, 7.726786655621658, 4.072184638827224, 25.478157633319608, 3.8905982905982905, 7.697331240188385, 3.990204081632652, 25.416221691628685, 3.9206415206415213, 7.556656346749225, 4.020580626616844, 25.528222081773542, 3.8461538461538467, 7.69973174366617, 3.967346938775511, 25.623384615384616, 3.8999999999999995, 7.653608247422683, 3.9140722736533586, 25.57035967066301, 3.859168282697695, 8.127826922104838, 4.102189781021897, 25.17380952380952, 3.7460793769871055, 7.550177543351607, 3.8531058020477817, 25.739408473221427, 3.8834932935916555, 7.458641588296762, 3.9181089067116925, 25.02752512505163, 3.7891910985517483, 7.650485436893203, 3.7037837837837846, 25.793440368060335, 3.6676799174994477, 7.59052285388281, 3.8521409428299727, 25.072555722685628, 3.982753276032126]",472.23541601162873,9.963089004455732,c:\git\RailwAI\VIDEO\20260614\ADTC Rastatt_00_20260614230652.mp4,2026-06-14 23:06:52,Lok
ADTC1_adz_raw_20260614_2317,2026-06-14 23:15:36.378,2026-06-14 23:15:46.514,"[Timestamp('2026-06-14 23:15:46.514000'), Timestamp('2026-06-14 23:15:46.620000'), Timestamp('2026-06-14 23:15:47.406000'), Timestamp('2026-06-14 23:15:47.507000'), Timestamp('2026-06-14 23:15:47.829000'), Timestamp('2026-06-14 23:15:47.933000'), Timestamp('2026-06-14 23:15:48.719000'), Timestamp('2026-06-14 23:15:48.823000'), Timestamp('2026-06-14 23:15:49.132000'), Timestamp('2026-06-14 23:15:49.251000'), Timestamp('2026-06-14 23:15:50.028000'), Timestamp('2026-06-14 23:15:50.142000'), Timestamp('2026-06-14 23:15:50.453000'), Timestamp('2026-06-14 23:15:50.567000'), Timestamp('2026-06-14 23:15:51.348000'), Timestamp('2026-06-14 23:15:51.453000'), Timestamp('2026-06-14 23:15:51.763000'), Timestamp('2026-06-14 23:15:51.881000'), Timestamp('2026-06-14 23:15:52.652000'), Timestamp('2026-06-14 23:15:52.773000'), Timestamp('2026-06-14 23:15:53.090000'), Timestamp('2026-06-14 23:15:53.194000'), Timestamp('2026-06-14 23:15:53.981000'), Timestamp('2026-06-14 23:15:54.089000'), Timestamp('2026-06-14 23:15:54.394000'), Timestamp('2026-06-14 23:15:54.521000'), Timestamp('2026-06-14 23:15:55.295000'), Timestamp('2026-06-14 23:15:55.410000'), Timestamp('2026-06-14 23:15:55.718000'), Timestamp('2026-06-14 23:15:55.835000'), Timestamp('2026-06-14 23:15:56.613000'), Timestamp('2026-06-14 23:15:56.727000'), Timestamp('2026-06-14 23:15:57.045000'), Timestamp('2026-06-14 23:15:57.154000'), Timestamp('2026-06-14 23:15:57.938000'), Timestamp('2026-06-14 23:15:58.046000'), Timestamp('2026-06-14 23:15:58.364000'), Timestamp('2026-06-14 23:15:58.477000'), Timestamp('2026-06-14 23:15:59.257000'), Timestamp('2026-06-14 23:15:59.380000'), Timestamp('2026-06-14 23:15:59.679000'), Timestamp('2026-06-14 23:15:59.800000'), Timestamp('2026-06-14 23:16:00.583000'), Timestamp('2026-06-14 23:16:00.703000'), Timestamp('2026-06-14 23:16:01.001000'), Timestamp('2026-06-14 23:16:01.127000'), Timestamp('2026-06-14 23:16:01.906000'), Timestamp('2026-06-14 23:16:02.022000'), Timestamp('2026-06-14 23:16:02.342000'), Timestamp('2026-06-14 23:16:02.440000'), Timestamp('2026-06-14 23:16:03.240000'), Timestamp('2026-06-14 23:16:03.337000')]","[0.106, 0.786, 0.101, 0.322, 0.104, 0.786, 0.104, 0.309, 0.119, 0.777, 0.114, 0.311, 0.114, 0.781, 0.105, 0.31, 0.118, 0.771, 0.121, 0.317, 0.104, 0.787, 0.108, 0.305, 0.127, 0.774, 0.115, 0.308, 0.117, 0.778, 0.114, 0.318, 0.109, 0.784, 0.108, 0.318, 0.113, 0.78, 0.123, 0.299, 0.121, 0.783, 0.12, 0.298, 0.126, 0.779, 0.116, 0.32, 0.098, 0.8, 0.097]","[34.69366454441081, 34.913245873889124, 35.29602595296025, 35.29411764705882, 35.04396482813749, 36.37198622273249, 35.711915034848985, 34.78991596638655, 35.311299832314596, 35.324675324675326, 35.573122529644266, 34.711779448621556, 35.68822553897181, 35.74750830564784, 35.68136932192232, 35.036496350364956, 35.18796992481202, 35.311299832314596, 35.29602595296025, 34.848484848484844, 35.56336095713736, 35.95959595959596, 34.66833541927409, 33.97129186602871, 34.66110531803962, 34.29271279853032, 35.82887700534759, 35.24475524475524, 35.0383631713555, 34.82832956517167, 35.70006635700066, 36.69467787114846, 35.128205128205124, 34.897637795275585, 34.79905437352245, 35.066389377699565, 35.449361933206625, 35.95959595959596, 35.68085457849237, 35.08322663252241, 35.99595551061678, 35.625927758535376, 34.909552523008564, 35.43641712978097, 34.78991596638655, 34.6574913981858, 36.9034994697773, 35.918914391020266, 35.68085457849237, 35.15500159795462, 35.96766951055231, 34.85738255033557]","[3.6775284417075453, 27.441811256876854, 3.5648986212489855, 11.36470588235294, 3.644572342126299, 28.588381171067738, 3.714039163624294, 10.750084033613444, 4.202044680045437, 27.44727272727273, 4.055335968379446, 10.795363408521304, 4.068457711442786, 27.918803986710966, 3.7465437788018434, 10.861313868613136, 4.152180451127818, 27.225012170714553, 4.27081914030819, 11.046969696969695, 3.6985895395422856, 28.300202020202022, 3.7441802252816014, 10.361244019138756, 4.401960375391031, 26.542559706062466, 4.120320855614973, 10.855384615384613, 4.099488491048594, 27.09644040170356, 4.069807564698075, 11.66890756302521, 3.8289743589743583, 27.35974803149606, 3.7582978723404246, 11.151111822108462, 4.005777898452349, 28.048484848484847, 4.388745113154561, 10.4898847631242, 4.35551061678463, 27.8951014349332, 4.189146302761028, 10.560052304674729, 4.383529411764705, 26.998185799186736, 4.280805938494167, 11.494052605126486, 3.4967237486922524, 28.1240012783637, 3.4888639425235746]",593.7922219700598,10.026672916166012,c:\git\RailwAI\VIDEO\20260614\ADTC Rastatt_00_20260614231546.mp4,2026-06-14 23:15:46,Trieb
ADTC1_adz_raw_20260614_2323,2026-06-14 23:22:01.075,2026-06-14 23:22:11.118,"[Timestamp('2026-06-14 23:22:11.118000'), Timestamp('2026-06-14 23:22:11.262000'), Timestamp('2026-06-14 23:22:11.596000'), Timestamp('2026-06-14 23:22:11.740000'), Timestamp('2026-06-14 23:22:12.010000'), Timestamp('2026-06-14 23:22:12.135000'), Timestamp('2026-06-14 23:22:12.926000'), Timestamp('2026-06-14 23:22:13.048000'), Timestamp('2026-06-14 23:22:13.284000'), Timestamp('2026-06-14 23:22:13.402000'), Timestamp('2026-06-14 23:22:14.202000'), Timestamp('2026-06-14 23:22:14.321000'), Timestamp('2026-06-14 23:22:14.560000'), Timestamp('2026-06-14 23:22:14.681000'), Timestamp('2026-06-14 23:22:15.481000'), Timestamp('2026-06-14 23:22:15.602000'), Timestamp('2026-06-14 23:22:15.836000'), Timestamp('2026-06-14 23:22:15.960000'), Timestamp('2026-06-14 23:22:16.761000'), Timestamp('2026-06-14 23:22:16.882000'), Timestamp('2026-06-14 23:22:17.120000'), Timestamp('2026-06-14 23:22:17.245000'), Timestamp('2026-06-14 23:22:18.051000'), Timestamp('2026-06-14 23:22:18.179000'), Timestamp('2026-06-14 23:22:18.414000'), Timestamp('2026-06-14 23:22:18.540000'), Timestamp('2026-06-14 23:22:19.355000'), Timestamp('2026-06-14 23:22:19.483000'), Timestamp('2026-06-14 23:22:19.721000'), Timestamp('2026-06-14 23:22:19.846000'), Timestamp('2026-06-14 23:22:20.669000'), Timestamp('2026-06-14 23:22:20.798000'), Timestamp('2026-06-14 23:22:21.044000'), Timestamp('2026-06-14 23:22:21.168000'), Timestamp('2026-06-14 23:22:22.004000'), Timestamp('2026-06-14 23:22:22.130000'), Timestamp('2026-06-14 23:22:22.377000'), Timestamp('2026-06-14 23:22:22.504000'), Timestamp('2026-06-14 23:22:23.353000'), Timestamp('2026-06-14 23:22:23.481000'), Timestamp('2026-06-14 23:22:23.730000'), Timestamp('2026-06-14 23:22:23.863000'), Timestamp('2026-06-14 23:22:24.717000'), Timestamp('2026-06-14 23:22:24.849000'), Timestamp('2026-06-14 23:22:25.105000'), Timestamp('2026-06-14 23:22:25.236000'), Timestamp('2026-06-14 23:22:26.104000'), Timestamp('2026-06-14 23:22:26.236000'), Timestamp('2026-06-14 23:22:26.498000'), Timestamp('2026-06-14 23:22:26.627000'), Timestamp('2026-06-14 23:22:27.507000'), Timestamp('2026-06-14 23:22:27.638000')]","[0.144, 0.334, 0.144, 0.27, 0.125, 0.791, 0.122, 0.236, 0.118, 0.8, 0.119, 0.239, 0.121, 0.8, 0.121, 0.234, 0.124, 0.801, 0.121, 0.238, 0.125, 0.806, 0.128, 0.235, 0.126, 0.815, 0.128, 0.238, 0.125, 0.823, 0.129, 0.246, 0.124, 0.836, 0.126, 0.247, 0.127, 0.849, 0.128, 0.249, 0.133, 0.854, 0.132, 0.256, 0.131, 0.868, 0.132, 0.262, 0.129, 0.88, 0.131]","[33.40138930836606, 33.45597610287422, 33.06302461232039, 33.4641030935348, 33.29806675002405, 33.435902405931245, 33.54109855862875, 33.292463036422646, 33.66249078850406, 33.37356960069528, 33.170104014011514, 32.989690721649495, 33.40838114605273, 33.163094840341756, 33.165469342943744, 32.92343469222368, 33.0038919683925, 33.003721424774064, 32.85517047714881, 32.601650309145654, 32.656461522440914, 32.73614499825723, 32.890599333552345, 32.738281657793095, 32.3323958994829, 32.52092170124957, 32.47728441625236, 32.02131202131202, 32.65645574883914, 32.450580698208235, 32.11561621838618, 32.38095238095238, 32.469491293020695, 31.84709177788763, 32.6003298515668, 31.830238726790448, 31.656920077972707, 31.700175678313485, 31.448665056326288, 31.446862996158764, 31.086001255492782, 30.930846930846936, 31.375545156463886, 30.761670761670757, 30.840083885028164, 30.410200890172014, 30.203314370516946, 30.79576250307958, 30.937354748747616, 30.31810133885054, 30.58747370124615, 29.880917804240486]","[4.809800060404712, 11.174296018359989, 4.761075544174136, 9.035307835254397, 4.162258343753006, 26.447798803091615, 4.092014024152707, 7.857021276595744, 3.9721739130434788, 26.69885568055622, 3.94724237766737, 7.884536082474229, 4.04241411867238, 26.530475872273406, 4.013021790496193, 7.704083717980342, 4.09248260408067, 26.435980861244026, 3.975475627735006, 7.7591927735766655, 4.082057690305114, 26.38533286859533, 4.2099967146947, 7.693496189581377, 4.073881883334845, 26.5045511865184, 4.157092405280302, 7.6210722610722605, 4.082056968604893, 26.706827914625375, 4.142914492171817, 7.965714285714285, 4.026216920334567, 26.624168726314057, 4.107641561297417, 7.86206896551724, 4.020428849902534, 26.913449150888148, 4.025429127209765, 7.830268886043532, 4.13443816698054, 26.414943278943284, 4.141571960653233, 7.874987714987714, 4.04005098893869, 26.396054372669308, 3.986837496908237, 8.06848977580685, 3.9909187625884424, 26.679929178188473, 4.006959054863246]",532.1653551251202,9.930595071048442,c:\git\RailwAI\VIDEO\20260614\ADTC Rastatt_00_20260614232210.mp4,2026-06-14 23:22:10,Lok
ADTC1_adz_raw_20260614_2328,2026-06-14 23:26:44.179,2026-06-14 23:26:54.206,"[Timestamp('2026-06-14 23:26:54.206000'), Timestamp('2026-06-14 23:26:54.320000'), Timestamp('2026-06-14 23:26:54.952000'), Timestamp('2026-06-14 23:26:55.084000'), Timestamp('2026-06-14 23:26:55.760000'), Timestamp('2026-06-14 23:26:55.896000'), Timestamp('2026-06-14 23:26:56.578000'), Timestamp('2026-06-14 23:26:56.713000'), Timestamp('2026-06-14 23:26:57.404000'), Timestamp('2026-06-14 23:26:57.541000'), Timestamp('2026-06-14 23:26:58.202000'), Timestamp('2026-06-14 23:26:58.325000')]","[0.114, 0.632, 0.132, 0.676, 0.136, 0.682, 0.135, 0.691, 0.137, 0.661, 0.123]","[32.61351052048727, 32.54386872134313, 32.398470224002914, 32.382252559726965, 32.54573871471913, 32.00320032003201, 31.766867944342344, 31.641363132859844, 31.413142276640116, 31.278655119714717, 30.98837935774084, 30.879660753994937]","[3.7179401993355485, 20.56772503188886, 4.276598069568385, 21.89040273037543, 4.426220465201801, 21.826182618261832, 4.288527172486217, 21.86418192480615, 4.303600491899696, 20.67519103413143, 3.8115706610021234]",131.64814039895748,9.912818440106497,c:\git\RailwAI\VIDEO\20260614\ADTC Rastatt_00_20260614232653.mp4,2026-06-14 23:26:53,Trieb
ADTC1_adz_raw_20260614_2331,2026-06-14 23:29:54.010,2026-06-14 23:30:04.075,"[Timestamp('2026-06-14 23:30:04.075000'), Timestamp('2026-06-14 23:30:04.218000'), Timestamp('2026-06-14 23:30:04.678000'), Timestamp('2026-06-14 23:30:04.824000'), Timestamp('2026-06-14 23:30:05.111000'), Timestamp('2026-06-14 23:30:05.231000'), Timestamp('2026-06-14 23:30:05.247000'), Timestamp('2026-06-14 23:30:06.169000'), Timestamp('2026-06-14 23:30:06.314000'), Timestamp('2026-06-14 23:30:06.582000'), Timestamp('2026-06-14 23:30:06.722000'), Timestamp('2026-06-14 23:30:07.654000'), Timestamp('2026-06-14 23:30:07.797000'), Timestamp('2026-06-14 23:30:08.073000'), Timestamp('2026-06-14 23:30:08.215000'), Timestamp('2026-06-14 23:30:09.159000'), Timestamp('2026-06-14 23:30:09.303000'), Timestamp('2026-06-14 23:30:09.587000'), Timestamp('2026-06-14 23:30:09.725000'), Timestamp('2026-06-14 23:30:10.684000'), Timestamp('2026-06-14 23:30:10.828000'), Timestamp('2026-06-14 23:30:11.115000'), Timestamp('2026-06-14 23:30:11.255000'), Timestamp('2026-06-14 23:30:12.228000'), Timestamp('2026-06-14 23:30:12.376000'), Timestamp('2026-06-14 23:30:12.663000'), Timestamp('2026-06-14 23:30:12.811000'), Timestamp('2026-06-14 23:30:13.796000'), Timestamp('2026-06-14 23:30:13.947000'), Timestamp('2026-06-14 23:30:14.242000'), Timestamp('2026-06-14 23:30:14.391000'), Timestamp('2026-06-14 23:30:15.396000'), Timestamp('2026-06-14 23:30:15.542000'), Timestamp('2026-06-14 23:30:15.843000'), Timestamp('2026-06-14 23:30:15.993000'), Timestamp('2026-06-14 23:30:17.016000'), Timestamp('2026-06-14 23:30:17.171000'), Timestamp('2026-06-14 23:30:17.477000'), Timestamp('2026-06-14 23:30:17.634000'), Timestamp('2026-06-14 23:30:18.673000'), Timestamp('2026-06-14 23:30:18.830000'), Timestamp('2026-06-14 23:30:19.140000'), Timestamp('2026-06-14 23:30:19.297000'), Timestamp('2026-06-14 23:30:20.363000'), Timestamp('2026-06-14 23:30:20.524000'), Timestamp('2026-06-14 23:30:20.844000'), Timestamp('2026-06-14 23:30:21.001000'), Timestamp('2026-06-14 23:30:22.100000'), Timestamp('2026-06-14 23:30:22.257000')]","[0.143, 0.46, 0.146, 0.287, 0.12, 0.016, 0.922, 0.145, 0.268, 0.14, 0.932, 0.143, 0.276, 0.142, 0.944, 0.144, 0.284, 0.138, 0.959, 0.144, 0.287, 0.14, 0.973, 0.148, 0.287, 0.148, 0.985, 0.151, 0.295, 0.149, 1.005, 0.146, 0.301, 0.15, 1.023, 0.155, 0.306, 0.157, 1.039, 0.157, 0.31, 0.157, 1.066, 0.161, 0.32, 0.157, 1.099, 0.157]","[29.179600886917953, 28.320802005012524, 28.656971770744217, 28.320802005012524, 29.01599824676747, 27.667774086378728, 28.677414752461114, 28.6999357464125, 28.41131969739422, 28.17211703958691, 28.028600612870267, 28.24016563146997, 28.270509977827047, 28.164360933305794, 27.779078714080214, 27.501309586170763, 27.704590818363265, 27.80512305374183, 27.161125319693085, 27.25868725868725, 27.035408030883136, 26.82903981264636, 26.53958944281524, 26.938313525749848, 26.851159311892296, 27.00283643239836, 26.55399860178121, 26.65684830633284, 26.345864661654133, 26.50887573964497, 26.071596796985396, 26.36811464397671, 25.793103448275858, 26.26148493949035, 26.021742921923142, 25.517551755175518, 25.49962054136099, 26.166902404526162, 25.28900934786216, 25.301403798513626, 24.65321563682219, 25.331564986737398, 24.76190476190476, 24.349603884487603, 24.454418820616, 24.347380555911357, 24.154589371980673, 24.174661932462037]","[4.172682926829267, 13.027568922305761, 4.183917878528655, 8.128070175438594, 3.481919789612096, 0.4426843853820597, 26.44057640176915, 4.161490683229812, 7.614233678901651, 3.944096385542168, 26.12265577119509, 4.038343685300205, 7.802660753880265, 3.9993392525294222, 26.22345030609172, 3.9601885804085897, 7.868103792415167, 3.837106981416373, 26.047519181585667, 3.9252509652509637, 7.759162104863459, 3.7560655737704907, 25.823020527859228, 3.9868704018109775, 7.706282722513088, 3.996419791994957, 26.155688622754493, 4.025184094256259, 7.772030075187969, 3.9498224852071004, 26.201954780970322, 3.8497447380205996, 7.763724137931033, 3.9392227409235527, 26.62024300912737, 3.955220522052205, 7.802883885656462, 4.108203677510607, 26.27528071242878, 3.9723203963666394, 7.642496847414878, 3.9770557029177716, 26.396190476190476, 3.920286225402504, 7.82541402259712, 3.822538747278083, 26.54589371980676, 3.79542192339654]",482.7665031638224,9.92665240628966,c:\git\RailwAI\VIDEO\20260614\ADTC Rastatt_00_20260614233003.mp4,2026-06-14 23:30:03,Lok
