file,timestamp_raw,timestamp,timestamp_serie,delta_t,velocity,length,total_length,first_peak_raw
D_05_adz_raw_20260301_0035,2026-03-01 00:27:14.576,2026-03-01 00:27:25.818,"[Timestamp('2026-03-01 00:27:25.818000'), Timestamp('2026-03-01 00:27:26.687000'), Timestamp('2026-03-01 00:27:26.807000'), Timestamp('2026-03-01 00:27:27.317000'), Timestamp('2026-03-01 00:27:27.637000'), Timestamp('2026-03-01 00:27:27.657000'), Timestamp('2026-03-01 00:27:27.677000'), Timestamp('2026-03-01 00:27:27.837000'), Timestamp('2026-03-01 00:27:28.576000'), Timestamp('2026-03-01 00:27:29.006000'), Timestamp('2026-03-01 00:27:29.066000'), Timestamp('2026-03-01 00:27:29.146000'), Timestamp('2026-03-01 00:27:29.566000'), Timestamp('2026-03-01 00:27:29.736000'), Timestamp('2026-03-01 00:27:30.475000'), Timestamp('2026-03-01 00:27:30.914000'), Timestamp('2026-03-01 00:27:31.064000'), Timestamp('2026-03-01 00:27:31.474000'), Timestamp('2026-03-01 00:27:31.654000'), Timestamp('2026-03-01 00:27:32.223000'), Timestamp('2026-03-01 00:27:32.862000'), Timestamp('2026-03-01 00:27:33.042000'), Timestamp('2026-03-01 00:27:33.831000')]","[0.869, 0.12, 0.51, 0.32, 0.02, 0.02, 0.16, 0.739, 0.43, 0.06, 0.08, 0.42, 0.17, 0.739, 0.439, 0.15, 0.41, 0.18, 0.569, 0.639, 0.18, 0.789]","[13.694444444444445, 13.694444444444445, 14.207492795389049, 13.80952380952381, 14.289855072463768, 13.887323943661972, 13.80952380952381, 13.80952380952381, 13.887323943661972, 13.506849315068493, 13.80952380952381, 13.80952380952381, 13.887323943661972, 13.506849315068493, 13.433242506811988, 13.433242506811988]","[11.900472222222222, 1.6433333333333333, 7.245821325648415, 4.419047619047619, 0.28579710144927534, 0.27774647887323944, 2.2095238095238097, 10.205238095238096, 5.971549295774648, 0.8104109589041095, 1.1047619047619048, 5.8, 2.360845070422535, 9.981561643835617, 5.897193460490462, 2.014986376021798]",72.12828869554707,11.601301602142746
D_05_adz_raw_20260301_0113,2026-03-01 01:03:31.185,2026-03-01 01:03:40.719,"[Timestamp('2026-03-01 01:03:40.719000'), Timestamp('2026-03-01 01:03:41.288000'), Timestamp('2026-03-01 01:03:41.418000'), Timestamp('2026-03-01 01:03:41.668000'), Timestamp('2026-03-01 01:03:42.217000'), Timestamp('2026-03-01 01:03:42.597000'), Timestamp('2026-03-01 01:03:42.647000'), Timestamp('2026-03-01 01:03:42.767000'), Timestamp('2026-03-01 01:03:42.947000'), Timestamp('2026-03-01 01:03:43.597000'), Timestamp('2026-03-01 01:03:44.176000'), Timestamp('2026-03-01 01:03:44.635000'), Timestamp('2026-03-01 01:03:44.755000'), Timestamp('2026-03-01 01:03:44.935000'), Timestamp('2026-03-01 01:03:45.305000'), Timestamp('2026-03-01 01:03:45.335000'), Timestamp('2026-03-01 01:03:45.585000'), Timestamp('2026-03-01 01:03:46.075000'), Timestamp('2026-03-01 01:03:46.764000'), Timestamp('2026-03-01 01:03:46.964000'), Timestamp('2026-03-01 01:03:47.364000'), Timestamp('2026-03-01 01:03:47.594000'), Timestamp('2026-03-01 01:03:48.173000'), Timestamp('2026-03-01 01:03:48.642000'), Timestamp('2026-03-01 01:03:48.772000'), Timestamp('2026-03-01 01:03:48.952000'), Timestamp('2026-03-01 01:03:49.422000'), Timestamp('2026-03-01 01:03:49.632000'), Timestamp('2026-03-01 01:03:50.141000'), Timestamp('2026-03-01 01:03:50.780000'), Timestamp('2026-03-01 01:03:50.960000'), Timestamp('2026-03-01 01:03:51.659000'), Timestamp('2026-03-01 01:03:52.178000'), Timestamp('2026-03-01 01:03:52.827000'), Timestamp('2026-03-01 01:03:52.857000'), Timestamp('2026-03-01 01:03:53.017000'), Timestamp('2026-03-01 01:03:53.447000'), Timestamp('2026-03-01 01:03:53.677000'), Timestamp('2026-03-01 01:03:54.176000'), Timestamp('2026-03-01 01:03:54.725000'), Timestamp('2026-03-01 01:03:54.835000'), Timestamp('2026-03-01 01:03:55.015000'), Timestamp('2026-03-01 01:03:55.505000'), Timestamp('2026-03-01 01:03:55.685000'), Timestamp('2026-03-01 01:03:56.105000'), Timestamp('2026-03-01 01:03:56.634000'), Timestamp('2026-03-01 01:03:56.754000'), Timestamp('2026-03-01 01:03:57.014000'), Timestamp('2026-03-01 01:03:57.563000')]","[0.569, 0.13, 0.25, 0.549, 0.38, 0.05, 0.12, 0.18, 0.65, 0.579, 0.459, 0.12, 0.18, 0.37, 0.03, 0.25, 0.49, 0.689, 0.2, 0.4, 0.23, 0.579, 0.469, 0.13, 0.18, 0.47, 0.21, 0.509, 0.639, 0.18, 0.699, 0.519, 0.649, 0.03, 0.16, 0.43, 0.23, 0.499, 0.549, 0.11, 0.18, 0.49, 0.18, 0.42, 0.529, 0.12, 0.26, 0.549]","[12.544529262086513, 12.872062663185378, 12.608695652173912, 12.608695652173912, 12.544529262086513, 12.872062663185378, 12.576530612244897, 12.576530612244897, 12.838541666666666, 12.838541666666666, 12.872062663185378, 12.872062663185378, 12.481012658227847, 13.146666666666667, 12.838541666666666, 12.512690355329948, 12.449494949494948, 12.7720207253886, 12.805194805194803, 12.805194805194803, 12.739018087855296, 12.739018087855296, 12.481012658227847, 12.481012658227847, 12.739018087855296, 13.076923076923077, 12.7720207253886, 12.7720207253886, 12.706185567010309, 13.042328042328041, 13.111702127659573, 13.469945355191257]","[7.1378371501272255, 1.6733681462140992, 3.152173913043478, 6.922173913043478, 4.766921119592875, 0.643603133159269, 1.5091836734693875, 2.263775510204081, 8.345052083333334, 7.433515624999999, 5.908276762402089, 1.5446475195822453, 2.2465822784810126, 4.8642666666666665, 0.38515625, 3.128172588832487, 6.100252525252524, 8.799922279792744, 2.561038961038961, 5.122077922077922, 2.929974160206718, 7.375891472868216, 5.85359493670886, 1.6225316455696202, 2.2930232558139534, 6.146153846153846, 2.682124352331606, 6.500958549222798, 8.119252577319587, 2.3476190476190473, 9.16507978723404, 6.990901639344263]",146.53510329170643,9.946722189137477
D_05_adz_raw_20260301_0133,2026-03-01 01:23:46.522,2026-03-01 01:23:56.047,"[Timestamp('2026-03-01 01:23:56.047000'), Timestamp('2026-03-01 01:23:56.576000'), Timestamp('2026-03-01 01:23:56.626000'), Timestamp('2026-03-01 01:23:56.756000'), Timestamp('2026-03-01 01:23:57.076000'), Timestamp('2026-03-01 01:23:57.745000'), Timestamp('2026-03-01 01:23:58.144000'), Timestamp('2026-03-01 01:23:58.184000'), Timestamp('2026-03-01 01:23:58.324000'), Timestamp('2026-03-01 01:23:58.524000'), Timestamp('2026-03-01 01:23:58.934000'), Timestamp('2026-03-01 01:23:59.164000'), Timestamp('2026-03-01 01:23:59.943000'), Timestamp('2026-03-01 01:24:00.382000'), Timestamp('2026-03-01 01:24:00.432000'), Timestamp('2026-03-01 01:24:00.572000'), Timestamp('2026-03-01 01:24:00.602000'), Timestamp('2026-03-01 01:24:00.792000'), Timestamp('2026-03-01 01:24:01.172000'), Timestamp('2026-03-01 01:24:01.432000'), Timestamp('2026-03-01 01:24:02.201000'), Timestamp('2026-03-01 01:24:02.640000'), Timestamp('2026-03-01 01:24:02.690000'), Timestamp('2026-03-01 01:24:02.840000'), Timestamp('2026-03-01 01:24:03.070000'), Timestamp('2026-03-01 01:24:03.450000'), Timestamp('2026-03-01 01:24:03.720000'), Timestamp('2026-03-01 01:24:04.549000'), Timestamp('2026-03-01 01:24:05.168000'), Timestamp('2026-03-01 01:24:05.408000'), Timestamp('2026-03-01 01:24:05.808000'), Timestamp('2026-03-01 01:24:06.048000'), Timestamp('2026-03-01 01:24:06.647000'), Timestamp('2026-03-01 01:24:07.405000'), Timestamp('2026-03-01 01:24:07.625000'), Timestamp('2026-03-01 01:24:07.655000'), Timestamp('2026-03-01 01:24:07.875000'), Timestamp('2026-03-01 01:24:08.335000'), Timestamp('2026-03-01 01:24:08.655000'), Timestamp('2026-03-01 01:24:09.194000'), Timestamp('2026-03-01 01:24:10.133000'), Timestamp('2026-03-01 01:24:10.553000'), Timestamp('2026-03-01 01:24:11.162000')]","[0.529, 0.05, 0.13, 0.32, 0.669, 0.399, 0.04, 0.14, 0.2, 0.41, 0.23, 0.779, 0.439, 0.05, 0.14, 0.03, 0.19, 0.38, 0.26, 0.769, 0.439, 0.05, 0.15, 0.23, 0.38, 0.27, 0.829, 0.619, 0.24, 0.4, 0.24, 0.599, 0.758, 0.22, 0.03, 0.22, 0.46, 0.32, 0.539, 0.939, 0.42, 0.609]","[11.627358490566037, 11.627358490566037, 11.412037037037036, 11.38568129330254, 11.6, 11.333333333333332, 11.359447004608294, 11.359447004608294, 11.307339449541283, 11.54566744730679, 11.004464285714285, 10.979955456570154, 10.931263858093125, 11.128668171557562, 10.647948164146866, 10.624999999999998, 10.811403508771928, 10.556745182012847, 10.102459016393443, 10.061224489795919, 10.228215767634854, 9.979757085020243, 9.408396946564885, 9.372623574144486]","[6.150872641509434, 0.5813679245283019, 1.4835648148148148, 3.6434180138568126, 7.760400000000001, 4.521999999999999, 0.45437788018433173, 1.5903225806451613, 2.2614678899082565, 4.733723653395784, 2.5310267857142854, 8.55338530066815, 4.798824833702882, 0.5564334085778782, 1.4907127429805613, 0.3187499999999999, 2.0541666666666663, 4.011563169164882, 2.626639344262295, 7.737081632653061, 4.490186721991701, 0.49898785425101216, 1.4112595419847327, 2.155703422053232]",76.41623682351425,9.93670876597818
D_05_adz_raw_20260301_0151,2026-03-01 01:42:27.866,2026-03-01 01:42:37.499,"[Timestamp('2026-03-01 01:42:37.499000'), Timestamp('2026-03-01 01:42:38.248000'), Timestamp('2026-03-01 01:42:38.887000'), Timestamp('2026-03-01 01:42:39.287000'), Timestamp('2026-03-01 01:42:39.846000'), Timestamp('2026-03-01 01:42:40.026000'), Timestamp('2026-03-01 01:42:40.735000'), Timestamp('2026-03-01 01:42:41.155000'), Timestamp('2026-03-01 01:42:41.315000'), Timestamp('2026-03-01 01:42:41.665000'), Timestamp('2026-03-01 01:42:41.845000'), Timestamp('2026-03-01 01:42:42.544000'), Timestamp('2026-03-01 01:42:42.964000'), Timestamp('2026-03-01 01:42:43.134000'), Timestamp('2026-03-01 01:42:43.474000'), Timestamp('2026-03-01 01:42:43.654000'), Timestamp('2026-03-01 01:42:44.353000'), Timestamp('2026-03-01 01:42:44.783000'), Timestamp('2026-03-01 01:42:44.943000'), Timestamp('2026-03-01 01:42:45.283000'), Timestamp('2026-03-01 01:42:45.463000'), Timestamp('2026-03-01 01:42:46.192000'), Timestamp('2026-03-01 01:42:46.612000'), Timestamp('2026-03-01 01:42:46.752000'), Timestamp('2026-03-01 01:42:47.122000'), Timestamp('2026-03-01 01:42:47.292000'), Timestamp('2026-03-01 01:42:47.881000'), Timestamp('2026-03-01 01:42:48.571000'), Timestamp('2026-03-01 01:42:49.230000')]","[0.749, 0.639, 0.4, 0.559, 0.18, 0.709, 0.42, 0.16, 0.35, 0.18, 0.699, 0.42, 0.17, 0.34, 0.18, 0.699, 0.43, 0.16, 0.34, 0.18, 0.729, 0.42, 0.14, 0.37, 0.17, 0.589, 0.69, 0.659]","[13.217158176943698, 13.217158176943698, 13.469945355191257, 13.469945355191257, 13.181818181818182, 13.543956043956044, 13.469945355191257, 13.469945355191257, 13.543956043956044, 13.543956043956044, 13.469945355191257, 13.111702127659573, 13.181818181818182, 13.181818181818182, 13.469945355191257, 13.469945355191257, 13.543956043956044, 13.181818181818182, 13.469945355191257, 13.111702127659573, 13.181818181818182, 13.543956043956044, 13.433242506811988, 13.076923076923077]","[9.89965147453083, 8.445764075067023, 5.387978142076503, 7.529699453551913, 2.3727272727272726, 9.602664835164834, 5.657377049180328, 2.155191256830601, 4.740384615384615, 2.4379120879120877, 9.415491803278687, 5.5069148936170205, 2.240909090909091, 4.481818181818182, 2.4245901639344263, 9.415491803278687, 5.823901098901099, 2.109090909090909, 4.579781420765028, 2.360106382978723, 9.609545454545454, 5.688461538461538, 1.8806539509536784, 4.838461538461538]",128.60456849342006,9.980741372304514
D_05_adz_raw_20260301_0230,2026-03-01 02:22:17.540,2026-03-01 02:22:27.403,"[Timestamp('2026-03-01 02:22:27.403000'), Timestamp('2026-03-01 02:22:27.852000'), Timestamp('2026-03-01 02:22:27.982000'), Timestamp('2026-03-01 02:22:28.192000'), Timestamp('2026-03-01 02:22:28.881000'), Timestamp('2026-03-01 02:22:29.301000'), Timestamp('2026-03-01 02:22:29.411000'), Timestamp('2026-03-01 02:22:29.581000'), Timestamp('2026-03-01 02:22:30.011000'), Timestamp('2026-03-01 02:22:30.131000'), Timestamp('2026-03-01 02:22:30.670000'), Timestamp('2026-03-01 02:22:31.229000'), Timestamp('2026-03-01 02:22:31.339000'), Timestamp('2026-03-01 02:22:31.509000'), Timestamp('2026-03-01 02:22:31.889000'), Timestamp('2026-03-01 02:22:32.079000'), Timestamp('2026-03-01 02:22:32.568000'), Timestamp('2026-03-01 02:22:33.157000'), Timestamp('2026-03-01 02:22:33.267000'), Timestamp('2026-03-01 02:22:33.437000'), Timestamp('2026-03-01 02:22:33.467000'), Timestamp('2026-03-01 02:22:33.487000'), Timestamp('2026-03-01 02:22:33.517000'), Timestamp('2026-03-01 02:22:33.907000'), Timestamp('2026-03-01 02:22:35.296000'), Timestamp('2026-03-01 02:22:35.486000')]","[0.449, 0.13, 0.21, 0.689, 0.42, 0.11, 0.17, 0.43, 0.12, 0.539, 0.559, 0.11, 0.17, 0.38, 0.19, 0.489, 0.589, 0.11, 0.17, 0.03, 0.02, 0.03, 0.39, 1.389, 0.19]","[14.045584045584045, 13.656509695290858, 14.085714285714285, 14.085714285714285, 14.005681818181818, 14.005681818181818, 14.045584045584045, 14.045584045584045, 13.96600566572238, 13.581267217630854, 14.085714285714285, 14.499999999999998, 14.005681818181818, 14.849397590361445, 14.248554913294798, 14.248554913294798]","[6.3064672364672365, 1.7753462603878116, 2.9579999999999997, 9.705057142857141, 5.882386363636363, 1.5406250000000001, 2.387749287749288, 6.039601139601139, 1.6759206798866855, 7.320303030303031, 7.873914285714286, 1.5949999999999998, 2.3809659090909094, 5.642771084337349, 2.7072254335260117, 6.967543352601156]",72.7588762061584,10.194750482184144
D_05_adz_raw_20260301_0248,2026-03-01 02:36:53.671,2026-03-01 02:37:04.763,"[Timestamp('2026-03-01 02:37:04.763000'), Timestamp('2026-03-01 02:37:05.832000'), Timestamp('2026-03-01 02:37:06.032000'), Timestamp('2026-03-01 02:37:06.342000'), Timestamp('2026-03-01 02:37:06.492000'), Timestamp('2026-03-01 02:37:06.772000'), Timestamp('2026-03-01 02:37:06.992000'), Timestamp('2026-03-01 02:37:07.232000'), Timestamp('2026-03-01 02:37:07.432000'), Timestamp('2026-03-01 02:37:07.522000'), Timestamp('2026-03-01 02:37:07.712000'), Timestamp('2026-03-01 02:37:07.742000'), Timestamp('2026-03-01 02:37:07.822000'), Timestamp('2026-03-01 02:37:08.502000'), Timestamp('2026-03-01 02:37:08.972000'), Timestamp('2026-03-01 02:37:09.392000'), Timestamp('2026-03-01 02:37:09.492000'), Timestamp('2026-03-01 02:37:10.191000'), Timestamp('2026-03-01 02:37:10.651000'), Timestamp('2026-03-01 02:37:11.051000'), Timestamp('2026-03-01 02:37:11.151000'), Timestamp('2026-03-01 02:37:11.851000'), Timestamp('2026-03-01 02:37:12.301000'), Timestamp('2026-03-01 02:37:12.451000'), Timestamp('2026-03-01 02:37:12.561000'), Timestamp('2026-03-01 02:37:12.751000'), Timestamp('2026-03-01 02:37:12.821000'), Timestamp('2026-03-01 02:37:12.851000'), Timestamp('2026-03-01 02:37:13.510000'), Timestamp('2026-03-01 02:37:13.950000'), Timestamp('2026-03-01 02:37:14.409000'), Timestamp('2026-03-01 02:37:14.449000'), Timestamp('2026-03-01 02:37:14.509000'), Timestamp('2026-03-01 02:37:15.218000'), Timestamp('2026-03-01 02:37:15.778000'), Timestamp('2026-03-01 02:37:17.178000'), Timestamp('2026-03-01 02:37:17.718000'), Timestamp('2026-03-01 02:37:18.768000'), Timestamp('2026-03-01 02:37:19.457000'), Timestamp('2026-03-01 02:37:19.887000'), Timestamp('2026-03-01 02:37:20.337000'), Timestamp('2026-03-01 02:37:20.377000'), Timestamp('2026-03-01 02:37:20.467000'), Timestamp('2026-03-01 02:37:20.507000'), Timestamp('2026-03-01 02:37:21.186000'), Timestamp('2026-03-01 02:37:21.686000'), Timestamp('2026-03-01 02:37:22.076000'), Timestamp('2026-03-01 02:37:22.116000'), Timestamp('2026-03-01 02:37:22.266000'), Timestamp('2026-03-01 02:37:22.296000'), Timestamp('2026-03-01 02:37:22.446000'), Timestamp('2026-03-01 02:37:23.116000'), Timestamp('2026-03-01 02:37:23.156000'), Timestamp('2026-03-01 02:37:23.266000'), Timestamp('2026-03-01 02:37:23.306000'), Timestamp('2026-03-01 02:37:23.336000'), Timestamp('2026-03-01 02:37:23.976000'), Timestamp('2026-03-01 02:37:24.736000'), Timestamp('2026-03-01 02:37:25.286000'), Timestamp('2026-03-01 02:37:26.036000'), Timestamp('2026-03-01 02:37:26.586000'), Timestamp('2026-03-01 02:37:27.696000')]","[1.069, 0.2, 0.31, 0.15, 0.28, 0.22, 0.24, 0.2, 0.09, 0.19, 0.03, 0.08, 0.68, 0.47, 0.42, 0.1, 0.699, 0.46, 0.4, 0.1, 0.7, 0.45, 0.15, 0.11, 0.19, 0.07, 0.03, 0.659, 0.44, 0.459, 0.04, 0.06, 0.709, 0.56, 1.4, 0.54, 1.05, 0.689, 0.43, 0.45, 0.04, 0.09, 0.04, 0.679, 0.5, 0.39, 0.04, 0.15, 0.03, 0.15, 0.67, 0.04, 0.11, 0.04, 0.03, 0.64, 0.76, 0.55, 0.75, 0.55, 1.11]","[nan, nan, nan, nan, nan, nan, nan, nan, nan, nan, nan, nan, nan, nan, nan, nan, nan, nan, nan, nan, nan, nan, nan, nan, nan, nan, nan, nan, nan, nan, nan, nan, nan, nan, nan, nan, nan, nan, nan, nan, nan, nan, nan, nan, nan, nan, nan]","[nan, nan, nan, nan, nan, nan, nan, nan, nan, nan, nan, nan, nan, nan, nan, nan, nan, nan, nan, nan, nan, nan, nan, nan, nan, nan, nan, nan, nan, nan, nan, nan, nan, nan, nan, nan, nan, nan, nan, nan, nan, nan, nan, nan, nan, nan, nan]",,11.41411819497596
D_05_adz_raw_20260301_0332,2026-03-01 03:23:16.518,2026-03-01 03:23:26.141,"[Timestamp('2026-03-01 03:23:26.141000'), Timestamp('2026-03-01 03:23:26.600000'), Timestamp('2026-03-01 03:23:26.730000'), Timestamp('2026-03-01 03:23:26.960000'), Timestamp('2026-03-01 03:23:27.529000'), Timestamp('2026-03-01 03:23:27.959000'), Timestamp('2026-03-01 03:23:28.069000'), Timestamp('2026-03-01 03:23:28.239000'), Timestamp('2026-03-01 03:23:28.599000'), Timestamp('2026-03-01 03:23:28.749000'), Timestamp('2026-03-01 03:23:28.789000'), Timestamp('2026-03-01 03:23:29.438000'), Timestamp('2026-03-01 03:23:29.887000'), Timestamp('2026-03-01 03:23:29.997000'), Timestamp('2026-03-01 03:23:30.037000'), Timestamp('2026-03-01 03:23:30.197000'), Timestamp('2026-03-01 03:23:30.237000'), Timestamp('2026-03-01 03:23:30.507000'), Timestamp('2026-03-01 03:23:30.707000'), Timestamp('2026-03-01 03:23:31.346000'), Timestamp('2026-03-01 03:23:31.945000'), Timestamp('2026-03-01 03:23:31.965000'), Timestamp('2026-03-01 03:23:32.135000'), Timestamp('2026-03-01 03:23:32.165000'), Timestamp('2026-03-01 03:23:32.455000'), Timestamp('2026-03-01 03:23:32.655000'), Timestamp('2026-03-01 03:23:33.264000'), Timestamp('2026-03-01 03:23:33.793000'), Timestamp('2026-03-01 03:23:33.913000'), Timestamp('2026-03-01 03:23:33.943000'), Timestamp('2026-03-01 03:23:34.113000'), Timestamp('2026-03-01 03:23:34.143000'), Timestamp('2026-03-01 03:23:34.443000'), Timestamp('2026-03-01 03:23:34.643000'), Timestamp('2026-03-01 03:23:35.232000'), Timestamp('2026-03-01 03:23:35.801000'), Timestamp('2026-03-01 03:23:35.921000'), Timestamp('2026-03-01 03:23:35.951000'), Timestamp('2026-03-01 03:23:36.121000'), Timestamp('2026-03-01 03:23:36.161000'), Timestamp('2026-03-01 03:23:36.730000'), Timestamp('2026-03-01 03:23:37.229000'), Timestamp('2026-03-01 03:23:37.768000'), Timestamp('2026-03-01 03:23:37.888000'), Timestamp('2026-03-01 03:23:38.188000'), Timestamp('2026-03-01 03:23:38.797000')]","[0.459, 0.13, 0.23, 0.569, 0.43, 0.11, 0.17, 0.36, 0.15, 0.04, 0.649, 0.449, 0.11, 0.04, 0.16, 0.04, 0.27, 0.2, 0.639, 0.599, 0.02, 0.17, 0.03, 0.29, 0.2, 0.609, 0.529, 0.12, 0.03, 0.17, 0.03, 0.3, 0.2, 0.589, 0.569, 0.12, 0.03, 0.17, 0.04, 0.569, 0.499, 0.539, 0.12, 0.3, 0.609]","[13.61878453038674, 13.61878453038674, 13.324324324324325, 13.324324324324325, 13.25268817204301, 13.25268817204301, 13.288409703504042, 13.288409703504042, 13.581267217630854, 13.217158176943698, 12.939632545931758, 12.939632545931758, 13.217158176943698, 12.872062663185378, 12.973684210526315, 12.64102564102564, 12.905759162303664, 12.576530612244897, 12.608695652173912, 12.294264339152118, 12.544529262086513, 12.872062663185378, 12.576530612244897, 12.576530612244897]","[6.251022099447514, 1.7704419889502763, 3.064594594594595, 7.58154054054054, 5.698655913978494, 1.4577956989247312, 2.2590296495956874, 4.783827493261455, 2.037190082644628, 0.528686327077748, 8.39782152230971, 5.809895013123359, 1.4538873994638069, 0.5148825065274152, 2.0757894736842104, 0.5056410256410256, 3.4845549738219894, 2.5153061224489797, 8.05695652173913, 7.364264339152118, 0.25089058524173025, 2.1882506527415146, 0.3772959183673469, 3.6471938775510195]",82.07541432082903,9.969231752192812
D_05_adz_raw_20260301_0351,2026-03-01 03:42:26.598,2026-03-01 03:42:36.182,"[Timestamp('2026-03-01 03:42:36.182000'), Timestamp('2026-03-01 03:42:37.630000'), Timestamp('2026-03-01 03:42:38.030000'), Timestamp('2026-03-01 03:42:38.589000'), Timestamp('2026-03-01 03:42:38.769000'), Timestamp('2026-03-01 03:42:39.478000'), Timestamp('2026-03-01 03:42:39.907000'), Timestamp('2026-03-01 03:42:40.067000'), Timestamp('2026-03-01 03:42:40.417000'), Timestamp('2026-03-01 03:42:40.607000'), Timestamp('2026-03-01 03:42:40.767000'), Timestamp('2026-03-01 03:42:41.306000'), Timestamp('2026-03-01 03:42:41.736000'), Timestamp('2026-03-01 03:42:41.896000'), Timestamp('2026-03-01 03:42:42.206000'), Timestamp('2026-03-01 03:42:42.246000'), Timestamp('2026-03-01 03:42:42.426000'), Timestamp('2026-03-01 03:42:42.586000'), Timestamp('2026-03-01 03:42:43.125000'), Timestamp('2026-03-01 03:42:43.545000'), Timestamp('2026-03-01 03:42:43.705000'), Timestamp('2026-03-01 03:42:44.015000'), Timestamp('2026-03-01 03:42:44.045000'), Timestamp('2026-03-01 03:42:44.195000'), Timestamp('2026-03-01 03:42:44.385000'), Timestamp('2026-03-01 03:42:44.934000'), Timestamp('2026-03-01 03:42:45.374000'), Timestamp('2026-03-01 03:42:45.504000'), Timestamp('2026-03-01 03:42:45.894000'), Timestamp('2026-03-01 03:42:46.044000'), Timestamp('2026-03-01 03:42:46.144000'), Timestamp('2026-03-01 03:42:46.633000'), Timestamp('2026-03-01 03:42:47.302000'), Timestamp('2026-03-01 03:42:47.432000'), Timestamp('2026-03-01 03:42:48.041000')]","[1.448, 0.4, 0.559, 0.18, 0.709, 0.429, 0.16, 0.35, 0.19, 0.16, 0.539, 0.43, 0.16, 0.31, 0.04, 0.18, 0.16, 0.539, 0.42, 0.16, 0.31, 0.03, 0.15, 0.19, 0.549, 0.44, 0.13, 0.39, 0.15, 0.1, 0.489, 0.669, 0.13, 0.609]","[13.288409703504042, 13.656509695290858, 13.506849315068493, 13.146666666666667, 13.581267217630854, 13.217158176943698, 13.146666666666667, 13.146666666666667, 13.581267217630854, 12.872062663185378, 13.506849315068493, 13.506849315068493, 13.581267217630854, 13.217158176943698, 13.506849315068493, 13.506849315068493, 13.217158176943698, 13.217158176943698, 13.469945355191257, 13.469945355191257, 13.543956043956044, 13.543956043956044, 13.076923076923077, 13.433242506811988]","[19.24161725067385, 5.462603878116344, 7.550328767123288, 2.3664, 9.629118457300276, 5.670160857908846, 2.103466666666667, 4.601333333333333, 2.5804407713498625, 2.0595300261096607, 7.2801917808219185, 5.807945205479452, 2.1730027548209367, 4.097319034852546, 0.5402739726027397, 2.4312328767123286, 2.114745308310992, 7.124048257372654, 5.657377049180328, 2.155191256830601, 4.198626373626373, 0.4063186813186813, 1.9615384615384615, 2.552316076294278]",109.76512709834442,9.979175110763254
D_05_adz_raw_20260301_0417,2026-03-01 04:01:33.533,2026-03-01 04:01:43.206,"[Timestamp('2026-03-01 04:01:43.206000'), Timestamp('2026-03-01 04:01:43.826000'), Timestamp('2026-03-01 04:01:44.066000'), Timestamp('2026-03-01 04:01:44.296000'), Timestamp('2026-03-01 04:01:44.526000'), Timestamp('2026-03-01 04:01:44.636000'), Timestamp('2026-03-01 04:01:44.766000'), Timestamp('2026-03-01 04:01:44.836000'), Timestamp('2026-03-01 04:01:45.146000'), Timestamp('2026-03-01 04:01:45.176000'), Timestamp('2026-03-01 04:01:45.396000'), Timestamp('2026-03-01 04:01:45.636000'), Timestamp('2026-03-01 04:01:46.644000'), Timestamp('2026-03-01 04:01:46.744000'), Timestamp('2026-03-01 04:01:47.554000'), Timestamp('2026-03-01 04:01:47.584000'), Timestamp('2026-03-01 04:01:47.674000'), Timestamp('2026-03-01 04:01:48.094000'), Timestamp('2026-03-01 04:01:48.754000'), Timestamp('2026-03-01 04:01:49.254000'), Timestamp('2026-03-01 04:01:49.334000'), Timestamp('2026-03-01 04:01:49.364000'), Timestamp('2026-03-01 04:01:50.654000'), Timestamp('2026-03-01 04:01:50.894000'), Timestamp('2026-03-01 04:01:51.334000'), Timestamp('2026-03-01 04:01:51.454000'), Timestamp('2026-03-01 04:01:51.794000'), Timestamp('2026-03-01 04:01:51.894000'), Timestamp('2026-03-01 04:01:52.844000'), Timestamp('2026-03-01 04:01:53.304000'), Timestamp('2026-03-01 04:01:53.404000'), Timestamp('2026-03-01 04:01:54.374000'), Timestamp('2026-03-01 04:01:54.474000'), Timestamp('2026-03-01 04:01:54.724000'), Timestamp('2026-03-01 04:01:54.944000'), Timestamp('2026-03-01 04:01:55.444000'), Timestamp('2026-03-01 04:01:55.584000'), Timestamp('2026-03-01 04:01:55.884000'), Timestamp('2026-03-01 04:01:55.924000'), Timestamp('2026-03-01 04:01:55.984000'), Timestamp('2026-03-01 04:01:56.014000'), Timestamp('2026-03-01 04:01:56.924000'), Timestamp('2026-03-01 04:01:57.044000'), Timestamp('2026-03-01 04:01:57.424000'), Timestamp('2026-03-01 04:01:57.484000'), Timestamp('2026-03-01 04:01:57.514000'), Timestamp('2026-03-01 04:01:58.364000'), Timestamp('2026-03-01 04:01:58.943000'), Timestamp('2026-03-01 04:01:58.983000'), Timestamp('2026-03-01 04:01:59.513000'), Timestamp('2026-03-01 04:01:59.873000'), Timestamp('2026-03-01 04:02:00.482000'), Timestamp('2026-03-01 04:02:01.792000'), Timestamp('2026-03-01 04:02:02.042000'), Timestamp('2026-03-01 04:02:02.452000'), Timestamp('2026-03-01 04:02:03.051000'), Timestamp('2026-03-01 04:02:03.151000'), Timestamp('2026-03-01 04:02:03.551000'), Timestamp('2026-03-01 04:02:04.230000'), Timestamp('2026-03-01 04:02:04.510000'), Timestamp('2026-03-01 04:02:05.320000'), Timestamp('2026-03-01 04:02:05.770000'), Timestamp('2026-03-01 04:02:05.830000'), Timestamp('2026-03-01 04:02:06.690000'), Timestamp('2026-03-01 04:02:06.730000'), Timestamp('2026-03-01 04:02:07.100000'), Timestamp('2026-03-01 04:02:07.130000'), Timestamp('2026-03-01 04:02:07.230000'), Timestamp('2026-03-01 04:02:07.260000'), Timestamp('2026-03-01 04:02:08.140000'), Timestamp('2026-03-01 04:02:08.170000'), Timestamp('2026-03-01 04:02:08.270000'), Timestamp('2026-03-01 04:02:08.310000'), Timestamp('2026-03-01 04:02:08.690000'), Timestamp('2026-03-01 04:02:08.730000'), Timestamp('2026-03-01 04:02:09.620000'), Timestamp('2026-03-01 04:02:09.650000'), Timestamp('2026-03-01 04:02:09.740000'), Timestamp('2026-03-01 04:02:10.199000'), Timestamp('2026-03-01 04:02:10.299000'), Timestamp('2026-03-01 04:02:11.369000'), Timestamp('2026-03-01 04:02:11.409000'), Timestamp('2026-03-01 04:02:11.509000'), Timestamp('2026-03-01 04:02:11.549000'), Timestamp('2026-03-01 04:02:11.589000'), Timestamp('2026-03-01 04:02:11.629000'), Timestamp('2026-03-01 04:02:11.669000'), Timestamp('2026-03-01 04:02:11.709000'), Timestamp('2026-03-01 04:02:12.559000'), Timestamp('2026-03-01 04:02:12.589000'), Timestamp('2026-03-01 04:02:12.629000'), Timestamp('2026-03-01 04:02:12.679000'), Timestamp('2026-03-01 04:02:12.719000'), Timestamp('2026-03-01 04:02:12.969000'), Timestamp('2026-03-01 04:02:12.999000'), Timestamp('2026-03-01 04:02:13.039000'), Timestamp('2026-03-01 04:02:13.099000'), Timestamp('2026-03-01 04:02:13.129000'), Timestamp('2026-03-01 04:02:14.009000'), Timestamp('2026-03-01 04:02:14.039000'), Timestamp('2026-03-01 04:02:14.129000'), Timestamp('2026-03-01 04:02:14.519000'), Timestamp('2026-03-01 04:02:14.559000'), Timestamp('2026-03-01 04:02:14.749000'), Timestamp('2026-03-01 04:02:15.069000'), Timestamp('2026-03-01 04:02:16.038000'), Timestamp('2026-03-01 04:02:16.138000'), Timestamp('2026-03-01 04:02:16.728000'), Timestamp('2026-03-01 04:02:17.028000'), Timestamp('2026-03-01 04:02:17.248000'), Timestamp('2026-03-01 04:02:17.288000'), Timestamp('2026-03-01 04:02:18.148000'), Timestamp('2026-03-01 04:02:18.178000'), Timestamp('2026-03-01 04:02:18.298000'), Timestamp('2026-03-01 04:02:18.358000'), Timestamp('2026-03-01 04:02:18.598000'), Timestamp('2026-03-01 04:02:19.598000'), Timestamp('2026-03-01 04:02:20.277000')]","[0.62, 0.24, 0.23, 0.23, 0.11, 0.13, 0.07, 0.31, 0.03, 0.22, 0.24, 1.008, 0.1, 0.81, 0.03, 0.09, 0.42, 0.66, 0.5, 0.08, 0.03, 1.29, 0.24, 0.44, 0.12, 0.34, 0.1, 0.95, 0.46, 0.1, 0.97, 0.1, 0.25, 0.22, 0.5, 0.14, 0.3, 0.04, 0.06, 0.03, 0.91, 0.12, 0.38, 0.06, 0.03, 0.85, 0.579, 0.04, 0.53, 0.36, 0.609, 1.31, 0.25, 0.41, 0.599, 0.1, 0.4, 0.679, 0.28, 0.81, 0.45, 0.06, 0.86, 0.04, 0.37, 0.03, 0.1, 0.03, 0.88, 0.03, 0.1, 0.04, 0.38, 0.04, 0.89, 0.03, 0.09, 0.459, 0.1, 1.07, 0.04, 0.1, 0.04, 0.04, 0.04, 0.04, 0.04, 0.85, 0.03, 0.04, 0.05, 0.04, 0.25, 0.03, 0.04, 0.06, 0.03, 0.88, 0.03, 0.09, 0.39, 0.04, 0.19, 0.32, 0.969, 0.1, 0.59, 0.3, 0.22, 0.04, 0.86, 0.03, 0.12, 0.06, 0.24, 1.0, 0.679]","[nan, nan, nan, nan, nan, nan, nan, nan, nan, nan, nan, nan, nan, nan, nan, nan, nan, nan, nan, nan, nan, nan, nan, nan, nan, nan, nan, nan, nan, nan, nan, nan, nan, nan, nan, nan, nan, nan, nan, nan, nan, nan, nan, nan, nan, nan, nan, nan, nan, nan, nan, nan, nan, nan, nan, nan, nan, nan, nan, nan, nan, nan, nan, nan, nan, nan, nan, nan, nan, nan, nan, nan, nan, nan, nan, nan, nan, nan, nan, nan, nan, nan]","[nan, nan, nan, nan, nan, nan, nan, nan, nan, nan, nan, nan, nan, nan, nan, nan, nan, nan, nan, nan, nan, nan, nan, nan, nan, nan, nan, nan, nan, nan, nan, nan, nan, nan, nan, nan, nan, nan, nan, nan, nan, nan, nan, nan, nan, nan, nan, nan, nan, nan, nan, nan, nan, nan, nan, nan, nan, nan, nan, nan, nan, nan, nan, nan, nan, nan, nan, nan, nan, nan, nan, nan, nan, nan, nan, nan, nan, nan, nan, nan, nan, nan]",,9.98041006337216
D_05_adz_raw_20260301_0431,2026-03-01 04:23:25.618,2026-03-01 04:23:35.392,"[Timestamp('2026-03-01 04:23:35.392000'), Timestamp('2026-03-01 04:23:35.931000'), Timestamp('2026-03-01 04:23:36.071000'), Timestamp('2026-03-01 04:23:36.271000'), Timestamp('2026-03-01 04:23:36.940000'), Timestamp('2026-03-01 04:23:37.349000'), Timestamp('2026-03-01 04:23:37.389000'), Timestamp('2026-03-01 04:23:37.509000'), Timestamp('2026-03-01 04:23:37.679000'), Timestamp('2026-03-01 04:23:37.999000'), Timestamp('2026-03-01 04:23:38.109000'), Timestamp('2026-03-01 04:23:38.259000'), Timestamp('2026-03-01 04:23:38.778000'), Timestamp('2026-03-01 04:23:39.367000'), Timestamp('2026-03-01 04:23:39.487000'), Timestamp('2026-03-01 04:23:39.667000'), Timestamp('2026-03-01 04:23:39.987000'), Timestamp('2026-03-01 04:23:40.257000'), Timestamp('2026-03-01 04:23:40.706000'), Timestamp('2026-03-01 04:23:40.906000'), Timestamp('2026-03-01 04:23:41.375000'), Timestamp('2026-03-01 04:23:41.495000'), Timestamp('2026-03-01 04:23:41.675000'), Timestamp('2026-03-01 04:23:41.855000'), Timestamp('2026-03-01 04:23:41.915000'), Timestamp('2026-03-01 04:23:42.095000'), Timestamp('2026-03-01 04:23:43.593000')]","[0.539, 0.14, 0.2, 0.669, 0.409, 0.04, 0.12, 0.17, 0.32, 0.11, 0.15, 0.519, 0.589, 0.12, 0.18, 0.32, 0.27, 0.449, 0.2, 0.469, 0.12, 0.18, 0.18, 0.06, 0.18, 1.498]","[13.543956043956044, 13.543956043956044, 13.96600566572238, 13.581267217630854, 13.887323943661972, 13.506849315068493, 13.543956043956044, 13.181818181818182, 13.848314606741573, 13.848314606741573, 13.543956043956044, 13.181818181818182, 13.111702127659573, 13.076923076923077, 13.324324324324325, 13.656509695290858]","[7.300192307692308, 1.8961538461538463, 2.793201133144476, 9.085867768595042, 5.679915492957746, 0.5402739726027397, 1.6252747252747253, 2.240909090909091, 4.431460674157304, 1.523314606741573, 2.0315934065934065, 6.841363636363637, 7.722792553191488, 1.5692307692307692, 2.3983783783783785, 4.370083102493075]",62.05000546447962,10.182900364562808
D_05_adz_raw_20260301_0536,2026-03-01 05:27:46.934,2026-03-01 05:27:58.375,"[Timestamp('2026-03-01 05:27:58.375000'), Timestamp('2026-03-01 05:27:59.414000'), Timestamp('2026-03-01 05:28:00.384000'), Timestamp('2026-03-01 05:28:00.574000'), Timestamp('2026-03-01 05:28:00.754000'), Timestamp('2026-03-01 05:28:01.393000'), Timestamp('2026-03-01 05:28:01.842000'), Timestamp('2026-03-01 05:28:02.012000'), Timestamp('2026-03-01 05:28:02.442000'), Timestamp('2026-03-01 05:28:02.472000'), Timestamp('2026-03-01 05:28:02.632000'), Timestamp('2026-03-01 05:28:03.451000'), Timestamp('2026-03-01 05:28:03.870000'), Timestamp('2026-03-01 05:28:04.040000'), Timestamp('2026-03-01 05:28:04.470000'), Timestamp('2026-03-01 05:28:04.660000'), Timestamp('2026-03-01 05:28:04.830000'), Timestamp('2026-03-01 05:28:05.279000'), Timestamp('2026-03-01 05:28:05.888000'), Timestamp('2026-03-01 05:28:05.968000'), Timestamp('2026-03-01 05:28:06.118000'), Timestamp('2026-03-01 05:28:06.917000')]","[1.039, 0.97, 0.19, 0.18, 0.639, 0.449, 0.17, 0.43, 0.03, 0.16, 0.819, 0.419, 0.17, 0.43, 0.19, 0.17, 0.449, 0.609, 0.08, 0.15, 0.799]","[12.608695652173912, 12.608695652173912, 12.7720207253886, 12.7720207253886, 12.838541666666666, 13.181818181818182, 13.111702127659573, 13.111702127659573, 13.181818181818182, 12.838541666666666, 13.469945355191257, 13.111702127659573, 13.181818181818182, 12.838541666666666, 13.111702127659573, 13.111702127659573]","[13.100434782608694, 12.230434782608695, 2.4266839378238343, 2.2989637305699477, 8.203828125, 5.918636363636364, 2.2289893617021277, 5.638031914893617, 0.39545454545454545, 2.0541666666666667, 11.03188524590164, 5.493803191489361, 2.240909090909091, 5.520572916666667, 2.4912234042553187, 2.2289893617021277]",83.50300742188871,11.775722206360648
D_05_adz_raw_20260301_0606,2026-03-01 05:57:51.285,2026-03-01 05:58:02.816,"[Timestamp('2026-03-01 05:58:02.816000'), Timestamp('2026-03-01 05:58:03.806000'), Timestamp('2026-03-01 05:58:04.236000'), Timestamp('2026-03-01 05:58:04.276000'), Timestamp('2026-03-01 05:58:04.726000'), Timestamp('2026-03-01 05:58:04.746000'), Timestamp('2026-03-01 05:58:04.886000'), Timestamp('2026-03-01 05:58:05.675000'), Timestamp('2026-03-01 05:58:06.115000'), Timestamp('2026-03-01 05:58:06.275000'), Timestamp('2026-03-01 05:58:06.615000'), Timestamp('2026-03-01 05:58:06.695000'), Timestamp('2026-03-01 05:58:06.865000'), Timestamp('2026-03-01 05:58:07.624000'), Timestamp('2026-03-01 05:58:08.044000'), Timestamp('2026-03-01 05:58:08.194000'), Timestamp('2026-03-01 05:58:08.594000'), Timestamp('2026-03-01 05:58:08.774000'), Timestamp('2026-03-01 05:58:09.353000'), Timestamp('2026-03-01 05:58:09.962000'), Timestamp('2026-03-01 05:58:10.142000'), Timestamp('2026-03-01 05:58:11.021000')]","[0.99, 0.43, 0.04, 0.45, 0.02, 0.14, 0.789, 0.44, 0.16, 0.34, 0.08, 0.17, 0.759, 0.42, 0.15, 0.4, 0.18, 0.579, 0.609, 0.18, 0.879]","[12.544529262086513, 13.217158176943698, 13.360433604336043, 13.360433604336043, 13.076923076923077, 13.433242506811988, 14.126074498567336, 13.732590529247911, 13.80952380952381, 13.433242506811988, 13.360433604336043, 13.732590529247911, 13.80952380952381, 13.80952380952381, 13.732590529247911, 14.126074498567336]","[12.419083969465648, 5.68337801608579, 0.5344173441734418, 6.012195121951219, 0.26153846153846155, 1.8806539509536784, 11.145472779369628, 6.042339832869081, 2.2095238095238097, 4.567302452316076, 1.0688346883468836, 2.3345403899721453, 10.481428571428571, 5.8, 2.0598885793871866, 5.650429799426934]",78.15102776680855,11.83928758616903
D_05_adz_raw_20260301_0635,2026-03-01 06:27:37.150,2026-03-01 06:27:48.162,"[Timestamp('2026-03-01 06:27:48.162000'), Timestamp('2026-03-01 06:27:48.791000'), Timestamp('2026-03-01 06:27:49.730000'), Timestamp('2026-03-01 06:27:49.760000'), Timestamp('2026-03-01 06:27:49.810000'), Timestamp('2026-03-01 06:27:50.490000'), Timestamp('2026-03-01 06:27:50.900000'), Timestamp('2026-03-01 06:27:51.160000'), Timestamp('2026-03-01 06:27:51.350000'), Timestamp('2026-03-01 06:27:52.099000'), Timestamp('2026-03-01 06:27:52.558000'), Timestamp('2026-03-01 06:27:52.678000'), Timestamp('2026-03-01 06:27:52.768000'), Timestamp('2026-03-01 06:27:53.218000'), Timestamp('2026-03-01 06:27:53.428000'), Timestamp('2026-03-01 06:27:53.608000'), Timestamp('2026-03-01 06:27:54.317000'), Timestamp('2026-03-01 06:27:54.756000'), Timestamp('2026-03-01 06:27:54.946000'), Timestamp('2026-03-01 06:27:55.396000'), Timestamp('2026-03-01 06:27:55.416000'), Timestamp('2026-03-01 06:27:55.586000'), Timestamp('2026-03-01 06:27:55.766000'), Timestamp('2026-03-01 06:27:56.195000'), Timestamp('2026-03-01 06:27:56.884000'), Timestamp('2026-03-01 06:27:56.964000'), Timestamp('2026-03-01 06:27:57.074000'), Timestamp('2026-03-01 06:27:57.134000'), Timestamp('2026-03-01 06:27:57.224000'), Timestamp('2026-03-01 06:27:57.983000')]","[0.629, 0.939, 0.03, 0.05, 0.68, 0.41, 0.26, 0.19, 0.749, 0.459, 0.12, 0.09, 0.45, 0.21, 0.18, 0.709, 0.439, 0.19, 0.45, 0.02, 0.17, 0.18, 0.429, 0.689, 0.08, 0.11, 0.06, 0.09, 0.759]","[10.787746170678338, 11.572769953051642, 11.710213776722089, 11.738095238095235, 11.518691588785044, 11.518691588785044, 11.766109785202863, 11.766109785202863, 12.113022113022112, 11.822541966426856, 12.355889724310776, 12.355889724310776, 12.113022113022112, 12.418136020151133, 12.673521850899741, 12.053789731051344]","[6.785492341356674, 10.866830985915492, 0.3513064133016627, 0.5869047619047618, 7.83271028037383, 4.722663551401868, 3.0591885441527444, 2.235560859188544, 9.072653562653562, 5.426546762589927, 1.482706766917293, 1.1120300751879697, 5.45085995085995, 2.6078085642317377, 2.2812339331619533, 8.546136919315403]",72.42063427251338,11.944965306938936
D_05_adz_raw_20260301_0648,2026-03-01 06:39:43.526,2026-03-01 06:39:53.129,"[Timestamp('2026-03-01 06:39:53.129000'), Timestamp('2026-03-01 06:39:53.518000'), Timestamp('2026-03-01 06:39:53.568000'), Timestamp('2026-03-01 06:39:53.608000'), Timestamp('2026-03-01 06:39:53.728000'), Timestamp('2026-03-01 06:39:54.338000'), Timestamp('2026-03-01 06:39:54.378000'), Timestamp('2026-03-01 06:39:54.498000'), Timestamp('2026-03-01 06:39:54.838000'), Timestamp('2026-03-01 06:39:55.847000'), Timestamp('2026-03-01 06:39:56.117000'), Timestamp('2026-03-01 06:39:56.987000'), Timestamp('2026-03-01 06:39:57.397000'), Timestamp('2026-03-01 06:39:57.527000'), Timestamp('2026-03-01 06:39:58.066000'), Timestamp('2026-03-01 06:39:58.226000'), Timestamp('2026-03-01 06:39:58.695000'), Timestamp('2026-03-01 06:39:59.225000'), Timestamp('2026-03-01 06:39:59.875000'), Timestamp('2026-03-01 06:40:00.475000'), Timestamp('2026-03-01 06:40:01.134000'), Timestamp('2026-03-01 06:40:01.633000'), Timestamp('2026-03-01 06:40:02.852000'), Timestamp('2026-03-01 06:40:03.262000'), Timestamp('2026-03-01 06:40:03.402000'), Timestamp('2026-03-01 06:40:03.921000'), Timestamp('2026-03-01 06:40:03.961000'), Timestamp('2026-03-01 06:40:04.121000'), Timestamp('2026-03-01 06:40:04.591000'), Timestamp('2026-03-01 06:40:04.961000'), Timestamp('2026-03-01 06:40:05.821000'), Timestamp('2026-03-01 06:40:06.191000'), Timestamp('2026-03-01 06:40:06.371000'), Timestamp('2026-03-01 06:40:07.109000'), Timestamp('2026-03-01 06:40:07.558000'), Timestamp('2026-03-01 06:40:09.147000'), Timestamp('2026-03-01 06:40:10.036000')]","[0.389, 0.05, 0.04, 0.12, 0.61, 0.04, 0.12, 0.34, 1.009, 0.27, 0.87, 0.41, 0.13, 0.539, 0.16, 0.469, 0.53, 0.65, 0.6, 0.659, 0.499, 1.219, 0.41, 0.14, 0.519, 0.04, 0.16, 0.47, 0.37, 0.86, 0.37, 0.18, 0.738, 0.449, 1.589, 0.889]","[nan, nan, nan, nan, nan, nan, nan, nan, nan, nan, nan, nan, nan, nan, nan, nan, nan, nan, nan, nan, nan, nan, nan, nan, nan, nan, nan, nan, nan, nan, nan, nan]","[nan, nan, nan, nan, nan, nan, nan, nan, nan, nan, nan, nan, nan, nan, nan, nan, nan, nan, nan, nan, nan, nan, nan, nan, nan, nan, nan, nan, nan, nan, nan, nan]",,9.928065202780358
D_05_adz_raw_20260301_0704,2026-03-01 06:57:23.170,2026-03-01 06:57:34.112,"[Timestamp('2026-03-01 06:57:34.112000'), Timestamp('2026-03-01 06:57:34.871000'), Timestamp('2026-03-01 06:57:34.911000'), Timestamp('2026-03-01 06:57:34.961000'), Timestamp('2026-03-01 06:57:35.451000'), Timestamp('2026-03-01 06:57:35.561000'), Timestamp('2026-03-01 06:57:35.611000'), Timestamp('2026-03-01 06:57:35.741000'), Timestamp('2026-03-01 06:57:35.851000'), Timestamp('2026-03-01 06:57:35.891000'), Timestamp('2026-03-01 06:57:36.311000'), Timestamp('2026-03-01 06:57:36.781000'), Timestamp('2026-03-01 06:57:37.011000'), Timestamp('2026-03-01 06:57:37.041000'), Timestamp('2026-03-01 06:57:37.061000'), Timestamp('2026-03-01 06:57:37.191000'), Timestamp('2026-03-01 06:57:38.181000'), Timestamp('2026-03-01 06:57:38.401000'), Timestamp('2026-03-01 06:57:38.431000'), Timestamp('2026-03-01 06:57:38.521000'), Timestamp('2026-03-01 06:57:40.220000')]","[0.759, 0.04, 0.05, 0.49, 0.11, 0.05, 0.13, 0.11, 0.04, 0.42, 0.47, 0.23, 0.03, 0.02, 0.13, 0.99, 0.22, 0.03, 0.09, 1.6989999999999998]","[nan, nan, nan, nan, nan, nan, nan, nan, nan, nan, nan, nan, nan, nan, nan, nan, nan]","[nan, nan, nan, nan, nan, nan, nan, nan, nan, nan, nan, nan, nan, nan, nan, nan, nan]",,11.268100578305038
D_05_adz_raw_20260301_0735,2026-03-01 07:27:20.253,2026-03-01 07:27:32.043,"[Timestamp('2026-03-01 07:27:32.043000'), Timestamp('2026-03-01 07:27:33.042000'), Timestamp('2026-03-01 07:27:33.462000'), Timestamp('2026-03-01 07:27:33.502000'), Timestamp('2026-03-01 07:27:33.922000'), Timestamp('2026-03-01 07:27:33.972000'), Timestamp('2026-03-01 07:27:34.132000'), Timestamp('2026-03-01 07:27:34.901000'), Timestamp('2026-03-01 07:27:35.340000'), Timestamp('2026-03-01 07:27:35.490000'), Timestamp('2026-03-01 07:27:35.910000'), Timestamp('2026-03-01 07:27:36.080000'), Timestamp('2026-03-01 07:27:36.829000'), Timestamp('2026-03-01 07:27:37.259000'), Timestamp('2026-03-01 07:27:37.409000'), Timestamp('2026-03-01 07:27:37.829000'), Timestamp('2026-03-01 07:27:37.849000'), Timestamp('2026-03-01 07:27:37.999000'), Timestamp('2026-03-01 07:27:38.588000'), Timestamp('2026-03-01 07:27:39.177000'), Timestamp('2026-03-01 07:27:39.207000'), Timestamp('2026-03-01 07:27:39.247000'), Timestamp('2026-03-01 07:27:39.397000'), Timestamp('2026-03-01 07:27:40.106000')]","[0.999, 0.42, 0.04, 0.42, 0.05, 0.16, 0.769, 0.439, 0.15, 0.42, 0.17, 0.749, 0.43, 0.15, 0.42, 0.02, 0.15, 0.589, 0.589, 0.03, 0.04, 0.15, 0.709]","[13.007915567282321, 13.360433604336043, 13.469945355191257, 13.469945355191257, 13.926553672316384, 13.181818181818182, 13.848314606741573, 13.848314606741573, 13.926553672316384, 13.543956043956044, 13.469945355191257, 13.848314606741573, 13.926553672316384, 13.543956043956044, 13.848314606741573, 13.469945355191257]","[12.994907651715039, 5.611382113821138, 0.5387978142076503, 5.657377049180328, 0.6963276836158192, 2.109090909090909, 10.649353932584269, 6.07941011235955, 2.0889830508474576, 5.688461538461538, 2.289890710382514, 10.372387640449437, 5.988418079096045, 2.0315934065934065, 5.8162921348314605, 0.26939890710382514]",78.88207273434038,12.117345983770663
D_05_adz_raw_20260301_0753,2026-03-01 07:44:10.275,2026-03-01 07:44:20.048,"[Timestamp('2026-03-01 07:44:20.048000'), Timestamp('2026-03-01 07:44:20.547000'), Timestamp('2026-03-01 07:44:20.587000'), Timestamp('2026-03-01 07:44:20.707000'), Timestamp('2026-03-01 07:44:20.947000'), Timestamp('2026-03-01 07:44:21.447000'), Timestamp('2026-03-01 07:44:21.887000'), Timestamp('2026-03-01 07:44:21.987000'), Timestamp('2026-03-01 07:44:22.177000'), Timestamp('2026-03-01 07:44:22.457000'), Timestamp('2026-03-01 07:44:22.497000'), Timestamp('2026-03-01 07:44:22.547000'), Timestamp('2026-03-01 07:44:22.667000'), Timestamp('2026-03-01 07:44:23.236000'), Timestamp('2026-03-01 07:44:23.695000'), Timestamp('2026-03-01 07:44:23.795000'), Timestamp('2026-03-01 07:44:23.835000'), Timestamp('2026-03-01 07:44:23.975000'), Timestamp('2026-03-01 07:44:24.005000'), Timestamp('2026-03-01 07:44:24.235000'), Timestamp('2026-03-01 07:44:24.315000'), Timestamp('2026-03-01 07:44:24.455000'), Timestamp('2026-03-01 07:44:24.914000'), Timestamp('2026-03-01 07:44:25.483000'), Timestamp('2026-03-01 07:44:25.583000'), Timestamp('2026-03-01 07:44:25.623000'), Timestamp('2026-03-01 07:44:25.763000'), Timestamp('2026-03-01 07:44:25.803000'), Timestamp('2026-03-01 07:44:26.023000'), Timestamp('2026-03-01 07:44:26.053000'), Timestamp('2026-03-01 07:44:26.103000'), Timestamp('2026-03-01 07:44:26.233000'), Timestamp('2026-03-01 07:44:26.772000'), Timestamp('2026-03-01 07:44:27.271000'), Timestamp('2026-03-01 07:44:27.371000'), Timestamp('2026-03-01 07:44:27.401000'), Timestamp('2026-03-01 07:44:27.551000'), Timestamp('2026-03-01 07:44:27.581000'), Timestamp('2026-03-01 07:44:27.851000'), Timestamp('2026-03-01 07:44:27.911000'), Timestamp('2026-03-01 07:44:28.031000'), Timestamp('2026-03-01 07:44:28.640000'), Timestamp('2026-03-01 07:44:29.069000'), Timestamp('2026-03-01 07:44:29.179000'), Timestamp('2026-03-01 07:44:29.209000'), Timestamp('2026-03-01 07:44:29.359000'), Timestamp('2026-03-01 07:44:29.389000'), Timestamp('2026-03-01 07:44:29.729000'), Timestamp('2026-03-01 07:44:29.889000'), Timestamp('2026-03-01 07:44:30.328000'), Timestamp('2026-03-01 07:44:30.797000'), Timestamp('2026-03-01 07:44:31.157000'), Timestamp('2026-03-01 07:44:31.826000')]","[0.499, 0.04, 0.12, 0.24, 0.5, 0.44, 0.1, 0.19, 0.28, 0.04, 0.05, 0.12, 0.569, 0.459, 0.1, 0.04, 0.14, 0.03, 0.23, 0.08, 0.14, 0.459, 0.569, 0.1, 0.04, 0.14, 0.04, 0.22, 0.03, 0.05, 0.13, 0.539, 0.499, 0.1, 0.03, 0.15, 0.03, 0.27, 0.06, 0.12, 0.609, 0.429, 0.11, 0.03, 0.15, 0.03, 0.34, 0.16, 0.439, 0.469, 0.36, 0.669]","[14.085714285714285, 13.694444444444445, 14.207492795389049, 13.80952380952381, 14.126074498567336, 14.126074498567336, 14.166666666666666, 14.166666666666666, 14.499999999999998, 14.085714285714285, 14.629080118694361, 13.80952380952381, 14.54277286135693, 14.126074498567336, 14.207492795389049, 13.80952380952381, 14.54277286135693, 14.54277286135693, 14.585798816568046, 14.166666666666666, 14.085714285714285, 14.085714285714285, 14.207492795389049, 14.207492795389049]","[7.028771428571428, 0.5477777777777778, 1.7048991354466858, 3.3142857142857145, 7.063037249283668, 6.215472779369628, 1.4166666666666667, 2.6916666666666664, 4.06, 0.5634285714285714, 0.7314540059347181, 1.6571428571428573, 8.274837758112092, 6.483868194842407, 1.420749279538905, 0.5523809523809524, 2.0359882005899705, 0.4362831858407079, 3.354733727810651, 1.1333333333333333, 1.9720000000000002, 6.465342857142857, 8.084063400576369, 1.420749279538905]",78.62893302228153,10.156791855398987
D_05_adz_raw_20260301_0805,2026-03-01 07:57:26.653,2026-03-01 07:57:38.214,"[Timestamp('2026-03-01 07:57:38.214000'), Timestamp('2026-03-01 07:57:39.682000'), Timestamp('2026-03-01 07:57:39.802000'), Timestamp('2026-03-01 07:57:40.212000'), Timestamp('2026-03-01 07:57:40.412000'), Timestamp('2026-03-01 07:57:40.592000'), Timestamp('2026-03-01 07:57:41.241000'), Timestamp('2026-03-01 07:57:41.680000'), Timestamp('2026-03-01 07:57:41.860000'), Timestamp('2026-03-01 07:57:42.280000'), Timestamp('2026-03-01 07:57:42.470000'), Timestamp('2026-03-01 07:57:43.259000'), Timestamp('2026-03-01 07:57:43.678000'), Timestamp('2026-03-01 07:57:43.838000'), Timestamp('2026-03-01 07:57:44.258000'), Timestamp('2026-03-01 07:57:44.438000'), Timestamp('2026-03-01 07:57:45.127000'), Timestamp('2026-03-01 07:57:45.666000'), Timestamp('2026-03-01 07:57:45.846000'), Timestamp('2026-03-01 07:57:46.655000')]","[1.468, 0.12, 0.41, 0.2, 0.18, 0.649, 0.439, 0.18, 0.42, 0.19, 0.789, 0.419, 0.16, 0.42, 0.18, 0.689, 0.539, 0.18, 0.809]","[12.14285714285714, 12.172839506172838, 12.973684210526315, 12.64102564102564, 13.042328042328041, 13.042328042328041, 13.324324324324325, 13.324324324324325, 13.77094972067039, 13.396739130434781, 13.694444444444445, 13.694444444444445, 13.77094972067039, 13.77094972067039, 13.694444444444445, 13.694444444444445]","[17.82571428571428, 1.4607407407407407, 5.319210526315789, 2.528205128205128, 2.3476190476190473, 8.464470899470898, 5.849378378378378, 2.3983783783783785, 5.783798882681564, 2.5453804347826083, 10.804916666666667, 5.737972222222222, 2.2033519553072627, 5.783798882681564, 2.465, 9.435472222222222]",90.95340865138675,11.85948901375072
D_05_adz_raw_20260301_0825,2026-03-01 08:16:23.184,2026-03-01 08:16:32.858,"[Timestamp('2026-03-01 08:16:32.858000'), Timestamp('2026-03-01 08:16:33.477000'), Timestamp('2026-03-01 08:16:33.827000'), Timestamp('2026-03-01 08:16:34.226000'), Timestamp('2026-03-01 08:16:34.616000'), Timestamp('2026-03-01 08:16:34.776000'), Timestamp('2026-03-01 08:16:35.166000'), Timestamp('2026-03-01 08:16:35.316000'), Timestamp('2026-03-01 08:16:35.506000'), Timestamp('2026-03-01 08:16:36.045000'), Timestamp('2026-03-01 08:16:36.495000'), Timestamp('2026-03-01 08:16:36.535000'), Timestamp('2026-03-01 08:16:36.675000'), Timestamp('2026-03-01 08:16:36.975000'), Timestamp('2026-03-01 08:16:37.155000'), Timestamp('2026-03-01 08:16:37.315000'), Timestamp('2026-03-01 08:16:37.844000'), Timestamp('2026-03-01 08:16:38.274000'), Timestamp('2026-03-01 08:16:38.424000'), Timestamp('2026-03-01 08:16:38.744000'), Timestamp('2026-03-01 08:16:38.774000'), Timestamp('2026-03-01 08:16:38.924000'), Timestamp('2026-03-01 08:16:39.653000'), Timestamp('2026-03-01 08:16:40.073000'), Timestamp('2026-03-01 08:16:40.233000'), Timestamp('2026-03-01 08:16:40.583000'), Timestamp('2026-03-01 08:16:40.743000'), Timestamp('2026-03-01 08:16:40.923000'), Timestamp('2026-03-01 08:16:41.472000'), Timestamp('2026-03-01 08:16:41.902000'), Timestamp('2026-03-01 08:16:42.032000'), Timestamp('2026-03-01 08:16:42.092000'), Timestamp('2026-03-01 08:16:42.392000'), Timestamp('2026-03-01 08:16:42.582000'), Timestamp('2026-03-01 08:16:42.692000'), Timestamp('2026-03-01 08:16:43.191000'), Timestamp('2026-03-01 08:16:43.761000'), Timestamp('2026-03-01 08:16:43.851000'), Timestamp('2026-03-01 08:16:44.540000')]","[0.619, 0.35, 0.399, 0.39, 0.16, 0.39, 0.15, 0.19, 0.539, 0.45, 0.04, 0.14, 0.3, 0.18, 0.16, 0.529, 0.43, 0.15, 0.32, 0.03, 0.15, 0.729, 0.42, 0.16, 0.35, 0.16, 0.18, 0.549, 0.43, 0.13, 0.06, 0.3, 0.19, 0.11, 0.499, 0.57, 0.09, 0.689]","[13.732590529247911, 13.732590529247911, 13.61878453038674, 13.61878453038674, 13.324324324324325, 13.324324324324325, 13.61878453038674, 13.61878453038674, 13.324324324324325, 13.324324324324325, 13.61878453038674, 13.61878453038674, 13.324324324324325, 13.324324324324325, 13.61878453038674, 13.25268817204301, 13.324324324324325, 13.324324324324325, 13.25268817204301, 13.25268817204301, 13.324324324324325, 13.324324324324325, 13.217158176943698, 13.217158176943698]","[8.500473537604456, 4.806406685236769, 5.43389502762431, 5.311325966850829, 2.131891891891892, 5.196486486486487, 2.042817679558011, 2.5875690607734807, 7.181810810810811, 5.995945945945946, 0.5447513812154696, 1.906629834254144, 3.997297297297297, 2.3983783783783785, 2.1790055248618785, 7.010672043010753, 5.729459459459459, 1.9986486486486486, 4.240860215053763, 0.39758064516129027, 1.9986486486486486, 9.713432432432432, 5.551206434316353, 2.114745308310992]",98.96993934383251,9.998360228988904
D_05_adz_raw_20260301_0835,2026-03-01 08:27:38.128,2026-03-01 08:27:49.519,"[Timestamp('2026-03-01 08:27:49.519000'), Timestamp('2026-03-01 08:27:50.479000'), Timestamp('2026-03-01 08:27:50.899000'), Timestamp('2026-03-01 08:27:50.949000'), Timestamp('2026-03-01 08:27:51.399000'), Timestamp('2026-03-01 08:27:51.579000'), Timestamp('2026-03-01 08:27:51.759000'), Timestamp('2026-03-01 08:27:52.358000'), Timestamp('2026-03-01 08:27:52.797000'), Timestamp('2026-03-01 08:27:52.957000'), Timestamp('2026-03-01 08:27:53.387000'), Timestamp('2026-03-01 08:27:53.407000'), Timestamp('2026-03-01 08:27:53.567000'), Timestamp('2026-03-01 08:27:54.336000'), Timestamp('2026-03-01 08:27:54.755000'), Timestamp('2026-03-01 08:27:54.915000'), Timestamp('2026-03-01 08:27:55.335000'), Timestamp('2026-03-01 08:27:55.515000'), Timestamp('2026-03-01 08:27:56.114000'), Timestamp('2026-03-01 08:27:56.744000'), Timestamp('2026-03-01 08:27:56.944000'), Timestamp('2026-03-01 08:27:57.783000')]","[0.96, 0.42, 0.05, 0.45, 0.18, 0.18, 0.599, 0.439, 0.16, 0.43, 0.02, 0.16, 0.769, 0.419, 0.16, 0.42, 0.18, 0.599, 0.63, 0.2, 0.839]","[13.217158176943698, 12.872062663185378, 13.732590529247911, 13.360433604336043, 13.433242506811988, 13.076923076923077, 13.360433604336043, 13.732590529247911, 13.80952380952381, 13.433242506811988, 13.360433604336043, 13.360433604336043, 13.433242506811988, 13.433242506811988, 13.360433604336043, 13.360433604336043]","[12.68847184986595, 5.406266318537859, 0.6866295264623956, 6.012195121951219, 2.417983651226158, 2.353846153846154, 8.00289972899729, 6.028607242339833, 2.2095238095238097, 5.776294277929154, 0.2672086720867209, 2.137669376693767, 10.33016348773842, 5.6285286103542225, 2.137669376693767, 5.611382113821138]",77.69533931806785,11.668225275214828
D_05_adz_raw_20260301_0905,2026-03-01 08:57:24.915,2026-03-01 08:57:36.436,"[Timestamp('2026-03-01 08:57:36.436000'), Timestamp('2026-03-01 08:57:37.425000'), Timestamp('2026-03-01 08:57:37.855000'), Timestamp('2026-03-01 08:57:37.915000'), Timestamp('2026-03-01 08:57:38.355000'), Timestamp('2026-03-01 08:57:38.385000'), Timestamp('2026-03-01 08:57:38.545000'), Timestamp('2026-03-01 08:57:39.354000'), Timestamp('2026-03-01 08:57:39.773000'), Timestamp('2026-03-01 08:57:40.363000'), Timestamp('2026-03-01 08:57:40.553000'), Timestamp('2026-03-01 08:57:41.342000'), Timestamp('2026-03-01 08:57:41.761000'), Timestamp('2026-03-01 08:57:41.931000'), Timestamp('2026-03-01 08:57:42.331000'), Timestamp('2026-03-01 08:57:42.531000'), Timestamp('2026-03-01 08:57:43.190000'), Timestamp('2026-03-01 08:57:43.769000'), Timestamp('2026-03-01 08:57:43.979000'), Timestamp('2026-03-01 08:57:44.688000')]","[0.989, 0.43, 0.06, 0.44, 0.03, 0.16, 0.809, 0.419, 0.59, 0.19, 0.789, 0.419, 0.17, 0.4, 0.2, 0.659, 0.579, 0.21, 0.709]","[13.042328042328041, 12.386934673366833, 13.181818181818182, 12.838541666666666, 13.25268817204301, 13.25268817204301, 13.181818181818182, 13.181818181818182, 13.61878453038674, 13.25268817204301, 13.181818181818182, 13.181818181818182, 13.25268817204301, 13.25268817204301, 13.543956043956044, 13.181818181818182]","[12.898862433862432, 5.326381909547738, 0.7909090909090909, 5.648958333333333, 0.39758064516129027, 2.1204301075268814, 10.664090909090909, 5.5231818181818175, 8.035082872928177, 2.518010752688172, 10.400454545454545, 5.5231818181818175, 2.252956989247312, 5.301075268817204, 2.708791208791209, 8.686818181818182]",88.79676688554011,11.818151414699017
D_05_adz_raw_20260301_0926,2026-03-01 09:16:41.443,2026-03-01 09:16:50.368,"[Timestamp('2026-03-01 09:16:50.368000'), Timestamp('2026-03-01 09:16:51.197000'), Timestamp('2026-03-01 09:16:52.286000'), Timestamp('2026-03-01 09:16:52.496000'), Timestamp('2026-03-01 09:16:52.596000'), Timestamp('2026-03-01 09:16:52.726000'), Timestamp('2026-03-01 09:16:52.966000'), Timestamp('2026-03-01 09:16:52.996000'), Timestamp('2026-03-01 09:16:53.086000'), Timestamp('2026-03-01 09:16:53.616000'), Timestamp('2026-03-01 09:16:54.336000'), Timestamp('2026-03-01 09:16:54.576000'), Timestamp('2026-03-01 09:16:54.976000'), Timestamp('2026-03-01 09:16:55.106000'), Timestamp('2026-03-01 09:16:55.396000'), Timestamp('2026-03-01 09:16:55.426000'), Timestamp('2026-03-01 09:16:55.526000'), Timestamp('2026-03-01 09:16:57.416000'), Timestamp('2026-03-01 09:16:57.446000'), Timestamp('2026-03-01 09:16:57.546000'), Timestamp('2026-03-01 09:16:57.836000'), Timestamp('2026-03-01 09:16:57.886000'), Timestamp('2026-03-01 09:16:57.976000'), Timestamp('2026-03-01 09:16:59.016000'), Timestamp('2026-03-01 09:16:59.226000'), Timestamp('2026-03-01 09:16:59.476000'), Timestamp('2026-03-01 09:16:59.876000'), Timestamp('2026-03-01 09:16:59.996000'), Timestamp('2026-03-01 09:17:00.286000'), Timestamp('2026-03-01 09:17:00.336000'), Timestamp('2026-03-01 09:17:00.416000'), Timestamp('2026-03-01 09:17:00.446000'), Timestamp('2026-03-01 09:17:01.416000'), Timestamp('2026-03-01 09:17:01.656000'), Timestamp('2026-03-01 09:17:02.316000'), Timestamp('2026-03-01 09:17:02.356000'), Timestamp('2026-03-01 09:17:02.416000'), Timestamp('2026-03-01 09:17:03.076000')]","[0.829, 1.089, 0.21, 0.1, 0.13, 0.24, 0.03, 0.09, 0.53, 0.72, 0.24, 0.4, 0.13, 0.29, 0.03, 0.1, 1.8900000000000001, 0.03, 0.1, 0.29, 0.05, 0.09, 1.04, 0.21, 0.25, 0.4, 0.12, 0.29, 0.05, 0.08, 0.03, 0.97, 0.24, 0.66, 0.04, 0.06, 0.66]","[nan, nan, nan, nan, nan, nan, nan, nan, nan, nan, nan, nan, nan, nan, nan, nan, nan, nan, nan, nan, nan, nan, nan, nan, nan, nan]","[nan, nan, nan, nan, nan, nan, nan, nan, nan, nan, nan, nan, nan, nan, nan, nan, nan, nan, nan, nan, nan, nan, nan, nan, nan, nan]",,10.087320615362495
D_05_adz_raw_20260301_0935,2026-03-01 09:27:33.155,2026-03-01 09:27:44.806,"[Timestamp('2026-03-01 09:27:44.806000'), Timestamp('2026-03-01 09:27:45.815000'), Timestamp('2026-03-01 09:27:46.265000'), Timestamp('2026-03-01 09:27:46.335000'), Timestamp('2026-03-01 09:27:46.715000'), Timestamp('2026-03-01 09:27:46.785000'), Timestamp('2026-03-01 09:27:46.815000'), Timestamp('2026-03-01 09:27:46.985000'), Timestamp('2026-03-01 09:27:47.165000'), Timestamp('2026-03-01 09:27:47.784000'), Timestamp('2026-03-01 09:27:48.253000'), Timestamp('2026-03-01 09:27:48.403000'), Timestamp('2026-03-01 09:27:48.843000'), Timestamp('2026-03-01 09:27:49.023000'), Timestamp('2026-03-01 09:27:49.822000'), Timestamp('2026-03-01 09:27:50.232000'), Timestamp('2026-03-01 09:27:50.392000'), Timestamp('2026-03-01 09:27:50.812000'), Timestamp('2026-03-01 09:27:50.992000'), Timestamp('2026-03-01 09:27:51.671000'), Timestamp('2026-03-01 09:27:52.210000'), Timestamp('2026-03-01 09:27:52.390000'), Timestamp('2026-03-01 09:27:53.119000')]","[1.009, 0.45, 0.07, 0.38, 0.07, 0.03, 0.17, 0.18, 0.619, 0.469, 0.15, 0.44, 0.18, 0.799, 0.41, 0.16, 0.42, 0.18, 0.679, 0.539, 0.18, 0.729]","[12.294264339152118, 12.608695652173912, 12.706185567010309, 12.706185567010309, 12.7720207253886, 12.7720207253886, 13.042328042328041, 13.396739130434781, 13.469945355191257, 13.111702127659573, 13.77094972067039, 13.396739130434781, 13.469945355191257, 13.469945355191257, 13.77094972067039, 13.77094972067039]","[12.404912718204486, 5.673913043478261, 0.8894329896907217, 4.828350515463917, 0.8940414507772021, 0.383160621761658, 2.217195767195767, 2.4114130434782606, 8.337896174863388, 6.149388297872339, 2.0656424581005584, 5.894565217391304, 2.4245901639344263, 10.762486338797816, 5.64608938547486, 2.2033519553072627]",73.18643014179224,11.945534751123043
D_05_adz_raw_20260301_0955,2026-03-01 09:45:45.446,2026-03-01 09:45:54.990,"[Timestamp('2026-03-01 09:45:54.990000'), Timestamp('2026-03-01 09:45:55.559000'), Timestamp('2026-03-01 09:45:55.679000'), Timestamp('2026-03-01 09:45:55.919000'), Timestamp('2026-03-01 09:45:56.429000'), Timestamp('2026-03-01 09:45:56.858000'), Timestamp('2026-03-01 09:45:56.968000'), Timestamp('2026-03-01 09:45:57.158000'), Timestamp('2026-03-01 09:45:57.438000'), Timestamp('2026-03-01 09:45:57.478000'), Timestamp('2026-03-01 09:45:57.528000'), Timestamp('2026-03-01 09:45:57.618000'), Timestamp('2026-03-01 09:45:57.658000'), Timestamp('2026-03-01 09:45:58.247000'), Timestamp('2026-03-01 09:45:58.696000'), Timestamp('2026-03-01 09:45:58.796000'), Timestamp('2026-03-01 09:45:58.836000'), Timestamp('2026-03-01 09:45:58.976000'), Timestamp('2026-03-01 09:45:59.016000'), Timestamp('2026-03-01 09:45:59.236000'), Timestamp('2026-03-01 09:45:59.316000'), Timestamp('2026-03-01 09:45:59.456000'), Timestamp('2026-03-01 09:45:59.965000'), Timestamp('2026-03-01 09:46:00.594000'), Timestamp('2026-03-01 09:46:00.624000'), Timestamp('2026-03-01 09:46:00.774000'), Timestamp('2026-03-01 09:46:00.814000'), Timestamp('2026-03-01 09:46:01.034000'), Timestamp('2026-03-01 09:46:01.074000'), Timestamp('2026-03-01 09:46:01.124000'), Timestamp('2026-03-01 09:46:01.214000'), Timestamp('2026-03-01 09:46:01.254000'), Timestamp('2026-03-01 09:46:01.863000'), Timestamp('2026-03-01 09:46:02.292000'), Timestamp('2026-03-01 09:46:02.402000'), Timestamp('2026-03-01 09:46:02.422000'), Timestamp('2026-03-01 09:46:02.582000'), Timestamp('2026-03-01 09:46:02.612000'), Timestamp('2026-03-01 09:46:02.842000'), Timestamp('2026-03-01 09:46:02.882000'), Timestamp('2026-03-01 09:46:02.932000'), Timestamp('2026-03-01 09:46:03.072000'), Timestamp('2026-03-01 09:46:03.581000'), Timestamp('2026-03-01 09:46:04.230000'), Timestamp('2026-03-01 09:46:04.260000'), Timestamp('2026-03-01 09:46:04.420000'), Timestamp('2026-03-01 09:46:04.800000'), Timestamp('2026-03-01 09:46:04.970000'), Timestamp('2026-03-01 09:46:05.400000'), Timestamp('2026-03-01 09:46:06.019000'), Timestamp('2026-03-01 09:46:06.279000'), Timestamp('2026-03-01 09:46:06.818000')]","[0.569, 0.12, 0.24, 0.51, 0.429, 0.11, 0.19, 0.28, 0.04, 0.05, 0.09, 0.04, 0.589, 0.449, 0.1, 0.04, 0.14, 0.04, 0.22, 0.08, 0.14, 0.509, 0.629, 0.03, 0.15, 0.04, 0.22, 0.04, 0.05, 0.09, 0.04, 0.609, 0.429, 0.11, 0.02, 0.16, 0.03, 0.23, 0.04, 0.05, 0.14, 0.509, 0.649, 0.03, 0.16, 0.38, 0.17, 0.43, 0.619, 0.26, 0.539]","[13.694444444444445, 13.694444444444445, 14.207492795389049, 13.80952380952381, 14.126074498567336, 14.126074498567336, 14.166666666666666, 14.166666666666666, 14.126074498567336, 13.732590529247911, 14.207492795389049, 13.80952380952381, 14.54277286135693, 14.54277286135693, 14.166666666666666, 14.166666666666666, 14.499999999999998, 13.694444444444445, 14.166666666666666, 13.77094972067039, 14.085714285714285, 13.694444444444445, 13.433242506811988, 13.80952380952381]","[7.792138888888888, 1.6433333333333333, 3.4097982708933716, 7.042857142857144, 6.060085959885387, 1.553868194842407, 2.6916666666666664, 3.966666666666667, 0.5650429799426935, 0.6866295264623956, 1.2786743515850143, 0.5523809523809524, 8.56569321533923, 6.529705014749262, 1.4166666666666667, 0.5666666666666667, 2.03, 0.5477777777777778, 3.1166666666666667, 1.1016759776536313, 1.9720000000000002, 6.970472222222223, 8.44950953678474, 0.4142857142857143]",78.92426239321752,9.962623936903714
D_05_adz_raw_20260301_1006,2026-03-01 09:57:48.512,2026-03-01 09:57:59.394,"[Timestamp('2026-03-01 09:57:59.394000'), Timestamp('2026-03-01 09:58:00.033000'), Timestamp('2026-03-01 09:58:01.052000'), Timestamp('2026-03-01 09:58:01.502000'), Timestamp('2026-03-01 09:58:01.602000'), Timestamp('2026-03-01 09:58:02.012000'), Timestamp('2026-03-01 09:58:02.052000'), Timestamp('2026-03-01 09:58:02.232000'), Timestamp('2026-03-01 09:58:02.412000'), Timestamp('2026-03-01 09:58:03.101000'), Timestamp('2026-03-01 09:58:03.511000'), Timestamp('2026-03-01 09:58:03.681000'), Timestamp('2026-03-01 09:58:04.131000'), Timestamp('2026-03-01 09:58:04.321000'), Timestamp('2026-03-01 09:58:04.501000'), Timestamp('2026-03-01 09:58:05.140000'), Timestamp('2026-03-01 09:58:05.570000'), Timestamp('2026-03-01 09:58:05.720000'), Timestamp('2026-03-01 09:58:06.160000'), Timestamp('2026-03-01 09:58:06.350000'), Timestamp('2026-03-01 09:58:06.520000'), Timestamp('2026-03-01 09:58:06.979000'), Timestamp('2026-03-01 09:58:07.608000'), Timestamp('2026-03-01 09:58:07.808000'), Timestamp('2026-03-01 09:58:08.537000')]","[0.639, 1.019, 0.45, 0.1, 0.41, 0.04, 0.18, 0.18, 0.689, 0.41, 0.17, 0.45, 0.19, 0.18, 0.639, 0.43, 0.15, 0.44, 0.19, 0.17, 0.459, 0.629, 0.2, 0.729]","[12.294264339152118, 12.325, 12.418136020151133, 12.739018087855296, 12.805194805194803, 12.481012658227847, 13.076923076923077, 12.739018087855296, 12.805194805194803, 13.146666666666667, 13.076923076923077, 13.076923076923077, 13.506849315068493, 13.146666666666667, 13.076923076923077, 12.739018087855296]","[7.856034912718203, 12.559174999999998, 5.5881612090680095, 1.2739018087855296, 5.250129870129869, 0.4992405063291139, 2.353846153846154, 2.2930232558139534, 8.82277922077922, 5.390133333333333, 2.223076923076923, 5.884615384615385, 2.5663013698630137, 2.3664, 8.356153846153846, 5.477777777777777]",78.76075057229033,11.816741665271026
D_05_adz_raw_20260301_1025,2026-03-01 10:16:20.506,2026-03-01 10:16:30.091,"[Timestamp('2026-03-01 10:16:30.091000'), Timestamp('2026-03-01 10:16:30.790000'), Timestamp('2026-03-01 10:16:31.140000'), Timestamp('2026-03-01 10:16:31.519000'), Timestamp('2026-03-01 10:16:31.929000'), Timestamp('2026-03-01 10:16:32.089000'), Timestamp('2026-03-01 10:16:32.469000'), Timestamp('2026-03-01 10:16:32.649000'), Timestamp('2026-03-01 10:16:33.348000'), Timestamp('2026-03-01 10:16:33.768000'), Timestamp('2026-03-01 10:16:33.938000'), Timestamp('2026-03-01 10:16:34.278000'), Timestamp('2026-03-01 10:16:34.458000'), Timestamp('2026-03-01 10:16:35.137000'), Timestamp('2026-03-01 10:16:35.577000'), Timestamp('2026-03-01 10:16:35.747000'), Timestamp('2026-03-01 10:16:36.047000'), Timestamp('2026-03-01 10:16:36.087000'), Timestamp('2026-03-01 10:16:36.257000'), Timestamp('2026-03-01 10:16:36.956000'), Timestamp('2026-03-01 10:16:37.386000'), Timestamp('2026-03-01 10:16:37.536000'), Timestamp('2026-03-01 10:16:37.856000'), Timestamp('2026-03-01 10:16:37.886000'), Timestamp('2026-03-01 10:16:38.066000'), Timestamp('2026-03-01 10:16:38.765000'), Timestamp('2026-03-01 10:16:39.185000'), Timestamp('2026-03-01 10:16:39.345000'), Timestamp('2026-03-01 10:16:39.695000'), Timestamp('2026-03-01 10:16:39.895000'), Timestamp('2026-03-01 10:16:40.005000'), Timestamp('2026-03-01 10:16:40.474000'), Timestamp('2026-03-01 10:16:40.954000'), Timestamp('2026-03-01 10:16:41.184000'), Timestamp('2026-03-01 10:16:41.304000'), Timestamp('2026-03-01 10:16:41.883000')]","[0.699, 0.35, 0.379, 0.41, 0.16, 0.38, 0.18, 0.699, 0.42, 0.17, 0.34, 0.18, 0.679, 0.44, 0.17, 0.3, 0.04, 0.17, 0.699, 0.43, 0.15, 0.32, 0.03, 0.18, 0.699, 0.42, 0.16, 0.35, 0.2, 0.11, 0.469, 0.48, 0.23, 0.12, 0.579]","[13.96600566572238, 13.581267217630854, 13.848314606741573, 13.469945355191257, 13.543956043956044, 13.543956043956044, 13.469945355191257, 13.469945355191257, 13.543956043956044, 13.543956043956044, 13.433242506811988, 13.433242506811988, 13.506849315068493, 13.506849315068493, 13.433242506811988, 13.433242506811988, 13.146666666666667, 13.506849315068493, 13.076923076923077, 13.076923076923077, 13.506849315068493, 13.146666666666667, 13.433242506811988, 13.076923076923077]","[9.762237960339943, 4.753443526170798, 5.248511235955056, 5.522677595628415, 2.167032967032967, 5.146703296703297, 2.4245901639344263, 9.415491803278687, 5.688461538461538, 2.3024725274725277, 4.567302452316076, 2.417983651226158, 9.171150684931508, 5.9430136986301365, 2.283651226158038, 4.029972752043596, 0.5258666666666667, 2.296164383561644, 9.14076923076923, 5.623076923076923, 2.026027397260274, 4.206933333333334, 0.40299727520435963, 2.353846153846154]",107.42037844400177,9.98810393259128
D_05_adz_raw_20260301_1035,2026-03-01 10:27:28.800,2026-03-01 10:27:40.422,"[Timestamp('2026-03-01 10:27:40.422000'), Timestamp('2026-03-01 10:27:41.422000'), Timestamp('2026-03-01 10:27:41.722000'), Timestamp('2026-03-01 10:27:41.872000'), Timestamp('2026-03-01 10:27:42.392000'), Timestamp('2026-03-01 10:27:42.592000'), Timestamp('2026-03-01 10:27:43.431000'), Timestamp('2026-03-01 10:27:43.880000'), Timestamp('2026-03-01 10:27:44.050000'), Timestamp('2026-03-01 10:27:44.500000'), Timestamp('2026-03-01 10:27:44.690000'), Timestamp('2026-03-01 10:27:45.519000'), Timestamp('2026-03-01 10:27:45.958000'), Timestamp('2026-03-01 10:27:46.148000'), Timestamp('2026-03-01 10:27:46.568000'), Timestamp('2026-03-01 10:27:46.758000'), Timestamp('2026-03-01 10:27:47.387000'), Timestamp('2026-03-01 10:27:48.056000'), Timestamp('2026-03-01 10:27:48.286000'), Timestamp('2026-03-01 10:27:49.055000')]","[1.0, 0.3, 0.15, 0.52, 0.2, 0.839, 0.449, 0.17, 0.45, 0.19, 0.829, 0.439, 0.19, 0.42, 0.19, 0.629, 0.669, 0.23, 0.769]","[12.706185567010309, 12.739018087855296, 12.872062663185378, 12.544529262086513, 12.939632545931758, 12.64102564102564, 12.608695652173912, 12.608695652173912, 13.007915567282321, 12.673521850899741, 12.939632545931758, 12.608695652173912, 12.673521850899741, 12.355889724310776, 12.939632545931758, 12.608695652173912]","[12.706185567010309, 3.821705426356589, 1.9308093994778066, 6.523155216284987, 2.5879265091863517, 10.605820512820513, 5.6613043478260865, 2.143478260869565, 5.853562005277045, 2.407969151670951, 10.726955380577428, 5.535217391304347, 2.407969151670951, 5.189473684210526, 2.458530183727034, 7.930869565217391]",88.49093175348789,11.911646552264209
D_05_adz_raw_20260301_1105,2026-03-01 10:57:22.678,2026-03-01 10:57:33.940,"[Timestamp('2026-03-01 10:57:33.940000'), Timestamp('2026-03-01 10:57:35.329000'), Timestamp('2026-03-01 10:57:35.819000'), Timestamp('2026-03-01 10:57:35.999000'), Timestamp('2026-03-01 10:57:36.748000'), Timestamp('2026-03-01 10:57:37.188000'), Timestamp('2026-03-01 10:57:37.338000'), Timestamp('2026-03-01 10:57:37.758000'), Timestamp('2026-03-01 10:57:37.778000'), Timestamp('2026-03-01 10:57:37.928000'), Timestamp('2026-03-01 10:57:38.687000'), Timestamp('2026-03-01 10:57:39.107000'), Timestamp('2026-03-01 10:57:39.247000'), Timestamp('2026-03-01 10:57:39.657000'), Timestamp('2026-03-01 10:57:39.837000'), Timestamp('2026-03-01 10:57:40.426000'), Timestamp('2026-03-01 10:57:41.025000'), Timestamp('2026-03-01 10:57:41.225000'), Timestamp('2026-03-01 10:57:42.044000')]","[1.389, 0.49, 0.18, 0.749, 0.44, 0.15, 0.42, 0.02, 0.15, 0.759, 0.42, 0.14, 0.41, 0.18, 0.589, 0.599, 0.2, 0.819]","[13.581267217630854, 13.581267217630854, 13.324324324324325, 13.694444444444445, 13.77094972067039, 13.77094972067039, 13.732590529247911, 14.126074498567336, 13.80952380952381, 14.207492795389049, 14.126074498567336, 13.732590529247911, 13.80952380952381, 13.80952380952381, 13.732590529247911, 13.732590529247911]","[18.86438016528926, 6.654820936639118, 2.3983783783783785, 10.257138888888889, 6.059217877094972, 2.0656424581005584, 5.767688022284123, 0.28252148997134674, 2.0714285714285716, 10.783487031700288, 5.9329512893982805, 1.9225626740947077, 5.661904761904762, 2.4857142857142858, 8.088495821727019, 8.225821727019499]",97.52215437963405,11.581147660880752
D_05_adz_raw_20260301_1135,2026-03-01 11:27:34.445,2026-03-01 11:27:46.109,"[Timestamp('2026-03-01 11:27:46.109000'), Timestamp('2026-03-01 11:27:46.569000'), Timestamp('2026-03-01 11:27:47.488000'), Timestamp('2026-03-01 11:27:47.778000'), Timestamp('2026-03-01 11:27:47.948000'), Timestamp('2026-03-01 11:27:47.978000'), Timestamp('2026-03-01 11:27:48.208000'), Timestamp('2026-03-01 11:27:48.448000'), Timestamp('2026-03-01 11:27:48.638000'), Timestamp('2026-03-01 11:27:49.347000'), Timestamp('2026-03-01 11:27:49.807000'), Timestamp('2026-03-01 11:27:49.967000'), Timestamp('2026-03-01 11:27:50.437000'), Timestamp('2026-03-01 11:27:50.637000'), Timestamp('2026-03-01 11:27:51.476000'), Timestamp('2026-03-01 11:27:51.906000'), Timestamp('2026-03-01 11:27:52.066000'), Timestamp('2026-03-01 11:27:52.516000'), Timestamp('2026-03-01 11:27:52.696000'), Timestamp('2026-03-01 11:27:53.325000'), Timestamp('2026-03-01 11:27:53.944000'), Timestamp('2026-03-01 11:27:54.154000'), Timestamp('2026-03-01 11:27:54.863000')]","[0.46, 0.919, 0.29, 0.17, 0.03, 0.23, 0.24, 0.19, 0.709, 0.46, 0.16, 0.47, 0.2, 0.839, 0.43, 0.16, 0.45, 0.18, 0.629, 0.619, 0.21, 0.709]","[11.654846335697398, 11.179138321995465, 11.850961538461537, 11.599999999999998, 11.966019417475726, 11.966019417475726, 12.544529262086513, 12.544529262086513, 12.608695652173912, 12.608695652173912, 13.217158176943698, 13.217158176943698, 13.656509695290858, 13.288409703504042, 13.25268817204301, 13.61878453038674]","[5.361229314420803, 10.273628117913832, 3.4367788461538455, 1.9719999999999998, 0.3589805825242718, 2.752184466019417, 3.010687022900763, 2.3834605597964376, 8.939565217391303, 5.8, 2.114745308310992, 6.212064343163538, 2.731301939058172, 11.14897574123989, 5.698655913978494, 2.1790055248618785]",74.37326289773364,11.96032730373859
D_05_adz_raw_20260301_1154,2026-03-01 11:45:12.547,2026-03-01 11:45:22.103,"[Timestamp('2026-03-01 11:45:22.103000'), Timestamp('2026-03-01 11:45:22.642000'), Timestamp('2026-03-01 11:45:22.752000'), Timestamp('2026-03-01 11:45:23.002000'), Timestamp('2026-03-01 11:45:23.542000'), Timestamp('2026-03-01 11:45:23.952000'), Timestamp('2026-03-01 11:45:24.062000'), Timestamp('2026-03-01 11:45:24.252000'), Timestamp('2026-03-01 11:45:24.572000'), Timestamp('2026-03-01 11:45:24.622000'), Timestamp('2026-03-01 11:45:24.762000'), Timestamp('2026-03-01 11:45:25.232000'), Timestamp('2026-03-01 11:45:25.802000'), Timestamp('2026-03-01 11:45:25.912000'), Timestamp('2026-03-01 11:45:25.942000'), Timestamp('2026-03-01 11:45:26.092000'), Timestamp('2026-03-01 11:45:26.432000'), Timestamp('2026-03-01 11:45:26.582000'), Timestamp('2026-03-01 11:45:27.102000'), Timestamp('2026-03-01 11:45:27.611000'), Timestamp('2026-03-01 11:45:27.721000'), Timestamp('2026-03-01 11:45:27.751000'), Timestamp('2026-03-01 11:45:27.901000'), Timestamp('2026-03-01 11:45:27.931000'), Timestamp('2026-03-01 11:45:28.161000'), Timestamp('2026-03-01 11:45:28.201000'), Timestamp('2026-03-01 11:45:28.241000'), Timestamp('2026-03-01 11:45:28.381000'), Timestamp('2026-03-01 11:45:28.990000'), Timestamp('2026-03-01 11:45:29.420000'), Timestamp('2026-03-01 11:45:29.530000'), Timestamp('2026-03-01 11:45:29.550000'), Timestamp('2026-03-01 11:45:29.700000'), Timestamp('2026-03-01 11:45:29.970000'), Timestamp('2026-03-01 11:45:30'), Timestamp('2026-03-01 11:45:30.060000'), Timestamp('2026-03-01 11:45:30.150000'), Timestamp('2026-03-01 11:45:30.190000'), Timestamp('2026-03-01 11:45:30.719000'), Timestamp('2026-03-01 11:45:31.229000'), Timestamp('2026-03-01 11:45:31.339000'), Timestamp('2026-03-01 11:45:31.369000'), Timestamp('2026-03-01 11:45:31.519000'), Timestamp('2026-03-01 11:45:31.549000'), Timestamp('2026-03-01 11:45:31.899000'), Timestamp('2026-03-01 11:45:32.059000'), Timestamp('2026-03-01 11:45:32.509000'), Timestamp('2026-03-01 11:45:32.969000'), Timestamp('2026-03-01 11:45:33.079000'), Timestamp('2026-03-01 11:45:33.309000'), Timestamp('2026-03-01 11:45:33.869000')]","[0.539, 0.11, 0.25, 0.54, 0.41, 0.11, 0.19, 0.32, 0.05, 0.14, 0.47, 0.57, 0.11, 0.03, 0.15, 0.34, 0.15, 0.52, 0.509, 0.11, 0.03, 0.15, 0.03, 0.23, 0.04, 0.04, 0.14, 0.609, 0.43, 0.11, 0.02, 0.15, 0.27, 0.03, 0.06, 0.09, 0.04, 0.529, 0.51, 0.11, 0.03, 0.15, 0.03, 0.35, 0.16, 0.45, 0.46, 0.11, 0.23, 0.56]","[13.656509695290858, 13.288409703504042, 13.732590529247911, 13.360433604336043, 13.656509695290858, 13.656509695290858, 13.694444444444445, 14.085714285714285, 14.045584045584045, 13.656509695290858, 14.085714285714285, 13.694444444444445, 14.005681818181818, 14.005681818181818, 13.656509695290858, 13.656509695290858, 14.373177842565596, 13.96600566572238, 14.005681818181818, 13.61878453038674, 13.926553672316384, 13.926553672316384, 14.005681818181818, 14.005681818181818]","[7.360858725761773, 1.4617250673854447, 3.433147632311978, 7.214634146341464, 5.599168975069252, 1.5022160664819943, 2.6019444444444444, 4.507428571428571, 0.7022792022792023, 1.9119113573407203, 6.620285714285714, 7.805833333333333, 1.5406250000000001, 0.42017045454545454, 2.0484764542936285, 4.6432132963988915, 2.155976676384839, 7.262322946175638, 7.1288920454545455, 1.4980662983425415, 0.4177966101694915, 2.0889830508474576, 0.42017045454545454, 3.2213068181818185]",83.56743334180365,9.945270554000205
D_05_adz_raw_20260301_1206,2026-03-01 11:57:51.565,2026-03-01 11:58:02.729,"[Timestamp('2026-03-01 11:58:02.729000'), Timestamp('2026-03-01 11:58:03.689000'), Timestamp('2026-03-01 11:58:03.939000'), Timestamp('2026-03-01 11:58:04.079000'), Timestamp('2026-03-01 11:58:04.519000'), Timestamp('2026-03-01 11:58:04.719000'), Timestamp('2026-03-01 11:58:04.819000'), Timestamp('2026-03-01 11:58:05.448000'), Timestamp('2026-03-01 11:58:05.868000'), Timestamp('2026-03-01 11:58:06.028000'), Timestamp('2026-03-01 11:58:06.428000'), Timestamp('2026-03-01 11:58:06.608000'), Timestamp('2026-03-01 11:58:07.367000'), Timestamp('2026-03-01 11:58:07.757000'), Timestamp('2026-03-01 11:58:07.907000'), Timestamp('2026-03-01 11:58:08.327000'), Timestamp('2026-03-01 11:58:08.497000'), Timestamp('2026-03-01 11:58:09.077000'), Timestamp('2026-03-01 11:58:09.687000'), Timestamp('2026-03-01 11:58:09.897000'), Timestamp('2026-03-01 11:58:10.536000')]","[0.96, 0.25, 0.14, 0.44, 0.2, 0.1, 0.629, 0.42, 0.16, 0.4, 0.18, 0.759, 0.39, 0.15, 0.42, 0.17, 0.58, 0.61, 0.21, 0.639]","[13.732590529247911, 14.126074498567336, 13.848314606741573, 14.248554913294798, 13.926553672316384, 14.33139534883721, 14.248554913294798, 14.248554913294798, 13.926553672316384, 14.33139534883721, 14.248554913294798, 13.848314606741573, 14.33139534883721, 13.926553672316384, 13.848314606741573, 13.848314606741573]","[13.183286908077994, 3.531518624641834, 1.9387640449438204, 6.269364161849711, 2.785310734463277, 1.433139534883721, 8.962341040462428, 5.984393063583815, 2.2282485875706217, 5.732558139534884, 2.5647398843930636, 10.510870786516854, 5.589244186046512, 2.0889830508474576, 5.8162921348314605, 2.3542134831460677]",80.97326836579352,11.496052101721888
D_05_adz_raw_20260301_1225,2026-03-01 12:15:56.163,2026-03-01 12:16:05.720,"[Timestamp('2026-03-01 12:16:05.720000'), Timestamp('2026-03-01 12:16:06.329000'), Timestamp('2026-03-01 12:16:06.569000'), Timestamp('2026-03-01 12:16:07.208000'), Timestamp('2026-03-01 12:16:07.598000'), Timestamp('2026-03-01 12:16:07.758000'), Timestamp('2026-03-01 12:16:08.148000'), Timestamp('2026-03-01 12:16:08.318000'), Timestamp('2026-03-01 12:16:09.037000'), Timestamp('2026-03-01 12:16:09.467000'), Timestamp('2026-03-01 12:16:09.677000'), Timestamp('2026-03-01 12:16:09.977000'), Timestamp('2026-03-01 12:16:10.157000'), Timestamp('2026-03-01 12:16:10.866000'), Timestamp('2026-03-01 12:16:11.286000'), Timestamp('2026-03-01 12:16:11.446000'), Timestamp('2026-03-01 12:16:11.796000'), Timestamp('2026-03-01 12:16:11.976000'), Timestamp('2026-03-01 12:16:12.665000'), Timestamp('2026-03-01 12:16:13.095000'), Timestamp('2026-03-01 12:16:13.255000'), Timestamp('2026-03-01 12:16:13.615000'), Timestamp('2026-03-01 12:16:13.795000'), Timestamp('2026-03-01 12:16:14.484000'), Timestamp('2026-03-01 12:16:14.924000'), Timestamp('2026-03-01 12:16:15.074000'), Timestamp('2026-03-01 12:16:15.454000'), Timestamp('2026-03-01 12:16:15.634000'), Timestamp('2026-03-01 12:16:15.734000'), Timestamp('2026-03-01 12:16:16.194000'), Timestamp('2026-03-01 12:16:16.614000'), Timestamp('2026-03-01 12:16:16.694000'), Timestamp('2026-03-01 12:16:16.904000'), Timestamp('2026-03-01 12:16:17.624000')]","[0.609, 0.24, 0.639, 0.39, 0.16, 0.39, 0.17, 0.719, 0.43, 0.21, 0.3, 0.18, 0.709, 0.42, 0.16, 0.35, 0.18, 0.689, 0.43, 0.16, 0.36, 0.18, 0.689, 0.44, 0.15, 0.38, 0.18, 0.1, 0.46, 0.42, 0.08, 0.21, 0.72]","[nan, nan, nan, nan, nan, nan, nan, nan, nan, nan, nan, nan, nan, nan, nan, nan, nan, nan, nan, nan, nan, nan, nan, nan]","[nan, nan, nan, nan, nan, nan, nan, nan, nan, nan, nan, nan, nan, nan, nan, nan, nan, nan, nan, nan, nan, nan, nan, nan]",,9.984675450611158
D_05_adz_raw_20260301_1235,2026-03-01 12:27:28.074,2026-03-01 12:27:39.488,"[Timestamp('2026-03-01 12:27:39.488000'), Timestamp('2026-03-01 12:27:40.678000'), Timestamp('2026-03-01 12:27:41.307000'), Timestamp('2026-03-01 12:27:41.497000'), Timestamp('2026-03-01 12:27:42.256000'), Timestamp('2026-03-01 12:27:42.716000'), Timestamp('2026-03-01 12:27:43.286000'), Timestamp('2026-03-01 12:27:43.466000'), Timestamp('2026-03-01 12:27:44.255000'), Timestamp('2026-03-01 12:27:44.655000'), Timestamp('2026-03-01 12:27:44.815000'), Timestamp('2026-03-01 12:27:45.265000'), Timestamp('2026-03-01 12:27:45.435000'), Timestamp('2026-03-01 12:27:46.035000'), Timestamp('2026-03-01 12:27:46.665000'), Timestamp('2026-03-01 12:27:46.875000'), Timestamp('2026-03-01 12:27:47.554000')]","[1.19, 0.629, 0.19, 0.759, 0.46, 0.57, 0.18, 0.789, 0.4, 0.16, 0.45, 0.17, 0.6, 0.63, 0.21, 0.679]","[13.25268817204301, 13.61878453038674, 13.360433604336043, 13.007915567282321, 13.433242506811988, 13.433242506811988, 13.396739130434781, 13.396739130434781, 13.469945355191257, 13.469945355191257, 13.396739130434781, 13.396739130434781, 13.469945355191257, 13.111702127659573, 13.469945355191257, 13.469945355191257]","[15.770698924731182, 8.56621546961326, 2.538482384823848, 9.873007915567282, 6.179291553133515, 7.6569482288828326, 2.4114130434782606, 10.570027173913044, 5.387978142076503, 2.155191256830601, 6.028532608695651, 2.277445652173913, 8.081967213114753, 8.260372340425532, 2.828688524590164, 9.146092896174864]",107.73235332822522,11.80440932638218
D_05_adz_raw_20260301_1305,2026-03-01 12:57:33.117,2026-03-01 12:57:44.430,"[Timestamp('2026-03-01 12:57:44.430000'), Timestamp('2026-03-01 12:57:45.100000'), Timestamp('2026-03-01 12:57:45.680000'), Timestamp('2026-03-01 12:57:45.700000'), Timestamp('2026-03-01 12:57:45.850000'), Timestamp('2026-03-01 12:57:46.310000'), Timestamp('2026-03-01 12:57:46.510000'), Timestamp('2026-03-01 12:57:47.289000'), Timestamp('2026-03-01 12:57:47.719000'), Timestamp('2026-03-01 12:57:47.859000'), Timestamp('2026-03-01 12:57:48.279000'), Timestamp('2026-03-01 12:57:48.459000'), Timestamp('2026-03-01 12:57:49.248000'), Timestamp('2026-03-01 12:57:49.668000'), Timestamp('2026-03-01 12:57:49.788000'), Timestamp('2026-03-01 12:57:50.248000'), Timestamp('2026-03-01 12:57:50.408000'), Timestamp('2026-03-01 12:57:50.988000'), Timestamp('2026-03-01 12:57:51.637000'), Timestamp('2026-03-01 12:57:51.837000'), Timestamp('2026-03-01 12:57:52.636000')]","[0.67, 0.58, 0.02, 0.15, 0.46, 0.2, 0.779, 0.43, 0.14, 0.42, 0.18, 0.789, 0.42, 0.12, 0.46, 0.16, 0.58, 0.649, 0.2, 0.799]","[13.288409703504042, 14.045584045584045, 13.80952380952381, 13.433242506811988, 13.506849315068493, 13.506849315068493, 13.433242506811988, 13.433242506811988, 13.506849315068493, 13.506849315068493, 13.433242506811988, 13.433242506811988, 13.506849315068493, 13.146666666666667, 13.076923076923077, 13.076923076923077]","[8.90323450134771, 8.146438746438745, 0.2761904761904762, 2.014986376021798, 6.213150684931507, 2.701369863013699, 10.46449591280654, 5.776294277929154, 1.8909589041095891, 5.672876712328767, 2.417983651226158, 10.598828337874659, 5.672876712328767, 1.5776, 6.015384615384615, 2.0923076923076924]",80.43497746423989,11.810444709128978
D_05_adz_raw_20260301_1335,2026-03-01 13:27:19.552,2026-03-01 13:27:30.776,"[Timestamp('2026-03-01 13:27:30.776000'), Timestamp('2026-03-01 13:27:31.755000'), Timestamp('2026-03-01 13:27:32.005000'), Timestamp('2026-03-01 13:27:32.155000'), Timestamp('2026-03-01 13:27:32.595000'), Timestamp('2026-03-01 13:27:32.795000'), Timestamp('2026-03-01 13:27:32.895000'), Timestamp('2026-03-01 13:27:33.504000'), Timestamp('2026-03-01 13:27:33.964000'), Timestamp('2026-03-01 13:27:34.504000'), Timestamp('2026-03-01 13:27:34.684000'), Timestamp('2026-03-01 13:27:34.784000'), Timestamp('2026-03-01 13:27:35.443000'), Timestamp('2026-03-01 13:27:35.843000'), Timestamp('2026-03-01 13:27:35.973000'), Timestamp('2026-03-01 13:27:36.193000'), Timestamp('2026-03-01 13:27:36.393000'), Timestamp('2026-03-01 13:27:36.563000'), Timestamp('2026-03-01 13:27:37.183000'), Timestamp('2026-03-01 13:27:37.752000'), Timestamp('2026-03-01 13:27:37.952000'), Timestamp('2026-03-01 13:27:38.811000')]","[0.979, 0.25, 0.15, 0.44, 0.2, 0.1, 0.609, 0.46, 0.54, 0.18, 0.1, 0.659, 0.4, 0.13, 0.22, 0.2, 0.17, 0.62, 0.569, 0.2, 0.859]","[14.207492795389049, 13.80952380952381, 13.96600566572238, 13.96600566572238, 14.045584045584045, 14.457478005865102, 13.96600566572238, 13.96600566572238, 14.457478005865102, 14.045584045584045, 13.96600566572238, 13.96600566572238, 14.457478005865102, 14.045584045584045, 13.96600566572238, 13.96600566572238]","[13.909135446685879, 3.4523809523809526, 2.094900849858357, 6.145042492917847, 2.809116809116809, 1.4457478005865103, 8.505297450424928, 6.424362606232295, 7.807038123167156, 2.528205128205128, 1.396600566572238, 9.203597733711048, 5.782991202346041, 1.825925925925926, 3.0725212464589235, 2.793201133144476]",79.1960654677345,11.573533754850288
D_05_adz_raw_20260301_1354,2026-03-01 13:44:44.899,2026-03-01 13:44:54.486,"[Timestamp('2026-03-01 13:44:54.486000'), Timestamp('2026-03-01 13:44:54.975000'), Timestamp('2026-03-01 13:44:55.015000'), Timestamp('2026-03-01 13:44:55.135000'), Timestamp('2026-03-01 13:44:55.465000'), Timestamp('2026-03-01 13:44:56.064000'), Timestamp('2026-03-01 13:44:56.484000'), Timestamp('2026-03-01 13:44:56.604000'), Timestamp('2026-03-01 13:44:56.814000'), Timestamp('2026-03-01 13:44:57.184000'), Timestamp('2026-03-01 13:44:57.234000'), Timestamp('2026-03-01 13:44:57.394000'), Timestamp('2026-03-01 13:44:58.063000'), Timestamp('2026-03-01 13:44:58.543000'), Timestamp('2026-03-01 13:44:58.663000'), Timestamp('2026-03-01 13:44:58.693000'), Timestamp('2026-03-01 13:44:58.863000'), Timestamp('2026-03-01 13:44:58.893000'), Timestamp('2026-03-01 13:44:59.243000'), Timestamp('2026-03-01 13:44:59.413000'), Timestamp('2026-03-01 13:45:00.062000'), Timestamp('2026-03-01 13:45:00.541000'), Timestamp('2026-03-01 13:45:00.661000'), Timestamp('2026-03-01 13:45:00.691000'), Timestamp('2026-03-01 13:45:00.861000'), Timestamp('2026-03-01 13:45:00.891000'), Timestamp('2026-03-01 13:45:01.151000'), Timestamp('2026-03-01 13:45:01.191000'), Timestamp('2026-03-01 13:45:01.241000'), Timestamp('2026-03-01 13:45:01.391000'), Timestamp('2026-03-01 13:45:02.050000'), Timestamp('2026-03-01 13:45:02.510000'), Timestamp('2026-03-01 13:45:02.630000'), Timestamp('2026-03-01 13:45:02.810000'), Timestamp('2026-03-01 13:45:03.350000'), Timestamp('2026-03-01 13:45:03.989000'), Timestamp('2026-03-01 13:45:04.559000'), Timestamp('2026-03-01 13:45:04.589000'), Timestamp('2026-03-01 13:45:04.749000'), Timestamp('2026-03-01 13:45:04.779000'), Timestamp('2026-03-01 13:45:05.149000'), Timestamp('2026-03-01 13:45:05.319000'), Timestamp('2026-03-01 13:45:05.779000'), Timestamp('2026-03-01 13:45:06.259000'), Timestamp('2026-03-01 13:45:06.369000'), Timestamp('2026-03-01 13:45:06.629000'), Timestamp('2026-03-01 13:45:07.169000')]","[0.489, 0.04, 0.12, 0.33, 0.599, 0.42, 0.12, 0.21, 0.37, 0.05, 0.16, 0.669, 0.48, 0.12, 0.03, 0.17, 0.03, 0.35, 0.17, 0.649, 0.479, 0.12, 0.03, 0.17, 0.03, 0.26, 0.04, 0.05, 0.15, 0.659, 0.46, 0.12, 0.18, 0.54, 0.639, 0.57, 0.03, 0.16, 0.03, 0.37, 0.17, 0.46, 0.48, 0.11, 0.26, 0.54]","[12.2636815920398, 12.2636815920398, 12.294264339152118, 11.995133819951338, 12.544529262086513, 12.233250620347393, 12.576530612244897, 12.576530612244897, 12.512690355329948, 12.202970297029701, 12.872062663185378, 12.872062663185378, 12.805194805194803, 12.481012658227847, 13.181818181818182, 12.838541666666666, 13.111702127659573, 13.469945355191257, 13.506849315068493, 13.506849315068493, 13.433242506811988, 13.433242506811988, 13.887323943661972, 13.506849315068493]","[5.996940298507463, 0.490547263681592, 1.475311720698254, 3.958394160583942, 7.514173027989821, 5.137965260545905, 1.5091836734693875, 2.6410714285714283, 4.62969543147208, 0.6101485148514851, 2.0595300261096607, 8.611409921671019, 6.146493506493505, 1.4977215189873416, 0.39545454545454545, 2.1825520833333334, 0.3933510638297872, 4.71448087431694, 2.296164383561644, 8.765945205479452, 6.434523160762942, 1.6119891008174385, 0.41661971830985917, 2.296164383561644]",81.78583027306048,9.959926623680738
D_05_adz_raw_20260301_1405,2026-03-01 13:57:37.379,2026-03-01 13:57:48.922,"[Timestamp('2026-03-01 13:57:48.922000'), Timestamp('2026-03-01 13:57:49.472000'), Timestamp('2026-03-01 13:57:49.742000'), Timestamp('2026-03-01 13:57:50.611000'), Timestamp('2026-03-01 13:57:51.041000'), Timestamp('2026-03-01 13:57:51.201000'), Timestamp('2026-03-01 13:57:51.671000'), Timestamp('2026-03-01 13:57:51.841000'), Timestamp('2026-03-01 13:57:52.640000'), Timestamp('2026-03-01 13:57:53.080000'), Timestamp('2026-03-01 13:57:53.180000'), Timestamp('2026-03-01 13:57:53.230000'), Timestamp('2026-03-01 13:57:53.680000'), Timestamp('2026-03-01 13:57:53.840000'), Timestamp('2026-03-01 13:57:53.950000'), Timestamp('2026-03-01 13:57:54.629000'), Timestamp('2026-03-01 13:57:55.049000'), Timestamp('2026-03-01 13:57:55.209000'), Timestamp('2026-03-01 13:57:55.639000'), Timestamp('2026-03-01 13:57:55.869000'), Timestamp('2026-03-01 13:57:56.369000'), Timestamp('2026-03-01 13:57:56.719000'), Timestamp('2026-03-01 13:57:57.218000')]","[0.55, 0.27, 0.869, 0.43, 0.16, 0.47, 0.17, 0.799, 0.44, 0.1, 0.05, 0.45, 0.16, 0.11, 0.679, 0.42, 0.16, 0.43, 0.23, 0.5, 0.35, 0.499]","[12.512690355329948, 12.838541666666666, 13.111702127659573, 13.111702127659573, 13.543956043956044, 13.181818181818182, 13.469945355191257, 13.469945355191257, 13.543956043956044, 13.543956043956044, 13.506849315068493, 13.146666666666667, 13.581267217630854, 13.217158176943698, 13.396739130434781, 13.042328042328041]","[6.881979695431472, 3.46640625, 11.394069148936168, 5.638031914893617, 2.167032967032967, 6.195454545454545, 2.289890710382514, 10.762486338797816, 5.9593406593406595, 1.3543956043956045, 0.6753424657534247, 5.916, 2.1730027548209367, 1.4538873994638069, 9.096385869565218, 5.477777777777777]",80.90148410204652,11.92250967830193
D_05_adz_raw_20260301_1425,2026-03-01 14:16:13.213,2026-03-01 14:16:22.809,"[Timestamp('2026-03-01 14:16:22.809000'), Timestamp('2026-03-01 14:16:23.389000'), Timestamp('2026-03-01 14:16:23.499000'), Timestamp('2026-03-01 14:16:23.629000'), Timestamp('2026-03-01 14:16:24.238000'), Timestamp('2026-03-01 14:16:24.648000'), Timestamp('2026-03-01 14:16:24.798000'), Timestamp('2026-03-01 14:16:25.118000'), Timestamp('2026-03-01 14:16:25.188000'), Timestamp('2026-03-01 14:16:25.368000'), Timestamp('2026-03-01 14:16:26.067000'), Timestamp('2026-03-01 14:16:26.477000'), Timestamp('2026-03-01 14:16:26.647000'), Timestamp('2026-03-01 14:16:26.997000'), Timestamp('2026-03-01 14:16:27.177000'), Timestamp('2026-03-01 14:16:27.856000'), Timestamp('2026-03-01 14:16:28.296000'), Timestamp('2026-03-01 14:16:28.456000'), Timestamp('2026-03-01 14:16:28.806000'), Timestamp('2026-03-01 14:16:28.986000'), Timestamp('2026-03-01 14:16:29.675000'), Timestamp('2026-03-01 14:16:30.095000'), Timestamp('2026-03-01 14:16:30.255000'), Timestamp('2026-03-01 14:16:30.605000'), Timestamp('2026-03-01 14:16:30.785000'), Timestamp('2026-03-01 14:16:31.484000'), Timestamp('2026-03-01 14:16:31.904000'), Timestamp('2026-03-01 14:16:32.064000'), Timestamp('2026-03-01 14:16:32.434000'), Timestamp('2026-03-01 14:16:32.624000'), Timestamp('2026-03-01 14:16:32.724000'), Timestamp('2026-03-01 14:16:33.194000'), Timestamp('2026-03-01 14:16:33.674000'), Timestamp('2026-03-01 14:16:33.904000'), Timestamp('2026-03-01 14:16:34.613000')]","[0.58, 0.11, 0.13, 0.609, 0.41, 0.15, 0.32, 0.07, 0.18, 0.699, 0.41, 0.17, 0.35, 0.18, 0.679, 0.44, 0.16, 0.35, 0.18, 0.689, 0.42, 0.16, 0.35, 0.18, 0.699, 0.42, 0.16, 0.37, 0.19, 0.1, 0.47, 0.48, 0.23, 0.709]","[13.80952380952381, 13.80952380952381, 14.126074498567336, 13.732590529247911, 13.80952380952381, 13.433242506811988, 13.694444444444445, 13.694444444444445, 13.396739130434781, 13.396739130434781, 13.656509695290858, 13.656509695290858, 13.732590529247911, 13.360433604336043, 13.288409703504042, 13.656509695290858, 13.360433604336043, 13.007915567282321, 13.25268817204301, 13.25268817204301, 13.324324324324325, 12.973684210526315, 13.581267217630854, 13.217158176943698]","[8.00952380952381, 1.5190476190476192, 1.8363896848137538, 8.363147632311978, 5.661904761904762, 2.014986376021798, 4.3822222222222225, 0.9586111111111112, 2.4114130434782606, 9.364320652173912, 5.599168975069252, 2.3216066481994457, 4.806406685236769, 2.4048780487804877, 9.022830188679245, 6.008864265927977, 2.137669376693767, 4.552770448548812, 2.3854838709677417, 9.131102150537632, 5.596216216216216, 2.0757894736842104, 4.753443526170798, 2.3790884718498657]",107.69688525917147,10.125346092867096
D_05_adz_raw_20260301_1435,2026-03-01 14:27:36.822,2026-03-01 14:27:48.316,"[Timestamp('2026-03-01 14:27:48.316000'), Timestamp('2026-03-01 14:27:49.536000'), Timestamp('2026-03-01 14:27:49.586000'), Timestamp('2026-03-01 14:27:49.736000'), Timestamp('2026-03-01 14:27:50.226000'), Timestamp('2026-03-01 14:27:50.416000'), Timestamp('2026-03-01 14:27:51.205000'), Timestamp('2026-03-01 14:27:51.635000'), Timestamp('2026-03-01 14:27:52.214000'), Timestamp('2026-03-01 14:27:52.244000'), Timestamp('2026-03-01 14:27:52.404000'), Timestamp('2026-03-01 14:27:53.193000'), Timestamp('2026-03-01 14:27:53.603000'), Timestamp('2026-03-01 14:27:53.753000'), Timestamp('2026-03-01 14:27:54.193000'), Timestamp('2026-03-01 14:27:54.363000'), Timestamp('2026-03-01 14:27:55.053000'), Timestamp('2026-03-01 14:27:55.592000'), Timestamp('2026-03-01 14:27:55.792000'), Timestamp('2026-03-01 14:27:56.631000')]","[1.22, 0.05, 0.15, 0.49, 0.19, 0.789, 0.43, 0.579, 0.03, 0.16, 0.789, 0.41, 0.15, 0.44, 0.17, 0.69, 0.539, 0.2, 0.839]","[12.939632545931758, 13.288409703504042, 13.076923076923077, 13.076923076923077, 13.506849315068493, 13.146666666666667, 13.076923076923077, 13.433242506811988, 13.146666666666667, 13.146666666666667, 13.433242506811988, 13.433242506811988, 13.506849315068493, 13.146666666666667, 13.433242506811988, 13.433242506811988]","[15.786351706036745, 0.6644204851752021, 1.9615384615384615, 6.407692307692307, 2.5663013698630137, 10.372720000000001, 5.623076923076923, 7.7778474114441405, 0.3944, 2.103466666666667, 10.598828337874659, 5.5076294277929145, 2.026027397260274, 5.784533333333333, 2.283651226158038, 9.268937329700272]",89.12742238361295,11.812238433662634
D_05_adz_raw_20260301_1506,2026-03-01 14:57:47.904,2026-03-01 14:57:59.508,"[Timestamp('2026-03-01 14:57:59.508000'), Timestamp('2026-03-01 14:58:00.098000'), Timestamp('2026-03-01 14:58:00.478000'), Timestamp('2026-03-01 14:58:00.758000'), Timestamp('2026-03-01 14:58:00.898000'), Timestamp('2026-03-01 14:58:01.398000'), Timestamp('2026-03-01 14:58:01.588000'), Timestamp('2026-03-01 14:58:02.347000'), Timestamp('2026-03-01 14:58:02.797000'), Timestamp('2026-03-01 14:58:03.376000'), Timestamp('2026-03-01 14:58:03.556000'), Timestamp('2026-03-01 14:58:04.315000'), Timestamp('2026-03-01 14:58:04.725000'), Timestamp('2026-03-01 14:58:04.865000'), Timestamp('2026-03-01 14:58:05.295000'), Timestamp('2026-03-01 14:58:05.465000'), Timestamp('2026-03-01 14:58:05.565000'), Timestamp('2026-03-01 14:58:06.045000'), Timestamp('2026-03-01 14:58:06.655000'), Timestamp('2026-03-01 14:58:06.865000'), Timestamp('2026-03-01 14:58:07.584000')]","[0.59, 0.38, 0.28, 0.14, 0.5, 0.19, 0.759, 0.45, 0.579, 0.18, 0.759, 0.41, 0.14, 0.43, 0.17, 0.1, 0.48, 0.61, 0.21, 0.719]","[13.146666666666667, 13.506849315068493, 13.288409703504042, 13.288409703504042, 13.360433604336043, 13.360433604336043, 14.045584045584045, 14.045584045584045, 13.360433604336043, 13.732590529247911, 14.045584045584045, 14.045584045584045, 13.732590529247911, 14.126074498567336, 14.085714285714285, 14.085714285714285]","[7.756533333333333, 5.132602739726027, 3.720754716981132, 1.860377358490566, 6.6802168021680215, 2.538482384823848, 10.66059829059829, 6.32051282051282, 7.735691056910568, 2.4718662952646238, 10.66059829059829, 5.758689458689458, 1.9225626740947077, 6.0742120343839545, 2.3945714285714286, 1.4085714285714286]",83.09684111371851,11.887093581154202
D_05_adz_raw_20260301_1536,2026-03-01 15:27:48.838,2026-03-01 15:28:00.372,"[Timestamp('2026-03-01 15:28:00.372000'), Timestamp('2026-03-01 15:28:01.652000'), Timestamp('2026-03-01 15:28:02.291000'), Timestamp('2026-03-01 15:28:02.331000'), Timestamp('2026-03-01 15:28:02.481000'), Timestamp('2026-03-01 15:28:03.240000'), Timestamp('2026-03-01 15:28:03.690000'), Timestamp('2026-03-01 15:28:04.249000'), Timestamp('2026-03-01 15:28:04.419000'), Timestamp('2026-03-01 15:28:05.188000'), Timestamp('2026-03-01 15:28:05.578000'), Timestamp('2026-03-01 15:28:05.718000'), Timestamp('2026-03-01 15:28:06.138000'), Timestamp('2026-03-01 15:28:06.308000'), Timestamp('2026-03-01 15:28:06.908000'), Timestamp('2026-03-01 15:28:07.488000'), Timestamp('2026-03-01 15:28:07.678000'), Timestamp('2026-03-01 15:28:08.367000')]","[1.28, 0.639, 0.04, 0.15, 0.759, 0.45, 0.559, 0.17, 0.769, 0.39, 0.14, 0.42, 0.17, 0.6, 0.58, 0.19, 0.689]","[13.396739130434781, 13.042328042328041, 13.543956043956044, 13.181818181818182, 13.61878453038674, 13.61878453038674, 14.373177842565598, 13.96600566572238, 14.045584045584045, 14.045584045584045, 14.457478005865102, 14.457478005865102, 14.126074498567336, 14.542772861356932, 14.457478005865102, 14.045584045584045]","[17.14782608695652, 8.334047619047618, 0.5417582417582417, 1.977272727272727, 10.336657458563536, 6.128453038674033, 8.03460641399417, 2.374220963172805, 10.80105413105413, 5.477777777777778, 2.0240469208211147, 6.072140762463342, 2.4014326647564475, 8.725663716814159, 8.385337243401759, 2.6686609686609684]",101.43095673518934,11.856167206608418
D_05_adz_raw_20260301_1554,2026-03-01 15:45:30.163,2026-03-01 15:45:39.749,"[Timestamp('2026-03-01 15:45:39.749000'), Timestamp('2026-03-01 15:45:40.248000'), Timestamp('2026-03-01 15:45:40.378000'), Timestamp('2026-03-01 15:45:40.678000'), Timestamp('2026-03-01 15:45:41.267000'), Timestamp('2026-03-01 15:45:41.687000'), Timestamp('2026-03-01 15:45:41.807000'), Timestamp('2026-03-01 15:45:42.017000'), Timestamp('2026-03-01 15:45:42.377000'), Timestamp('2026-03-01 15:45:42.427000'), Timestamp('2026-03-01 15:45:42.577000'), Timestamp('2026-03-01 15:45:43.286000'), Timestamp('2026-03-01 15:45:43.736000'), Timestamp('2026-03-01 15:45:43.856000'), Timestamp('2026-03-01 15:45:43.886000'), Timestamp('2026-03-01 15:45:44.056000'), Timestamp('2026-03-01 15:45:44.356000'), Timestamp('2026-03-01 15:45:44.446000'), Timestamp('2026-03-01 15:45:44.616000'), Timestamp('2026-03-01 15:45:45.315000'), Timestamp('2026-03-01 15:45:45.785000'), Timestamp('2026-03-01 15:45:45.905000'), Timestamp('2026-03-01 15:45:46.115000'), Timestamp('2026-03-01 15:45:46.145000'), Timestamp('2026-03-01 15:45:46.455000'), Timestamp('2026-03-01 15:45:46.675000'), Timestamp('2026-03-01 15:45:47.284000'), Timestamp('2026-03-01 15:45:47.854000'), Timestamp('2026-03-01 15:45:47.994000'), Timestamp('2026-03-01 15:45:48.194000'), Timestamp('2026-03-01 15:45:48.554000'), Timestamp('2026-03-01 15:45:48.604000'), Timestamp('2026-03-01 15:45:48.764000'), Timestamp('2026-03-01 15:45:49.523000'), Timestamp('2026-03-01 15:45:49.973000'), Timestamp('2026-03-01 15:45:50.113000'), Timestamp('2026-03-01 15:45:50.143000'), Timestamp('2026-03-01 15:45:50.323000'), Timestamp('2026-03-01 15:45:50.753000'), Timestamp('2026-03-01 15:45:50.963000'), Timestamp('2026-03-01 15:45:51.492000'), Timestamp('2026-03-01 15:45:52.011000'), Timestamp('2026-03-01 15:45:52.131000'), Timestamp('2026-03-01 15:45:52.471000'), Timestamp('2026-03-01 15:45:53.060000')]","[0.499, 0.13, 0.3, 0.589, 0.42, 0.12, 0.21, 0.36, 0.05, 0.15, 0.709, 0.45, 0.12, 0.03, 0.17, 0.3, 0.09, 0.17, 0.699, 0.47, 0.12, 0.21, 0.03, 0.31, 0.22, 0.609, 0.57, 0.14, 0.2, 0.36, 0.05, 0.16, 0.759, 0.45, 0.14, 0.03, 0.18, 0.43, 0.21, 0.529, 0.519, 0.12, 0.34, 0.589]","[12.576530612244897, 12.576530612244897, 12.64102564102564, 12.325, 12.576530612244897, 12.576530612244897, 12.294264339152118, 12.294264339152118, 12.544529262086513, 12.544529262086513, 12.294264339152118, 12.294264339152118, 12.544529262086513, 12.544529262086513, 12.576530612244897, 11.966019417475728, 12.202970297029701, 12.202970297029701, 12.233250620347393, 11.937046004842616, 12.172839506172838, 12.14285714285714, 12.172839506172838, 12.14285714285714]","[6.275688775510203, 1.6349489795918366, 3.792307692307692, 7.259424999999999, 5.282142857142857, 1.5091836734693875, 2.581795511221945, 4.4259351620947625, 0.6272264631043257, 1.8816793893129768, 8.716633416458851, 5.532418952618453, 1.5053435114503815, 0.37633587786259537, 2.1380102040816324, 3.5898058252427183, 1.098267326732673, 2.0745049504950495, 8.551042183622828, 5.610411622276029, 1.4607407407407407, 2.5499999999999994, 0.36518518518518517, 3.7642857142857133]",82.60331901480886,9.956848828602348
D_05_adz_raw_20260301_1605,2026-03-01 15:57:20.493,2026-03-01 15:57:31.858,"[Timestamp('2026-03-01 15:57:31.858000'), Timestamp('2026-03-01 15:57:33.098000'), Timestamp('2026-03-01 15:57:33.718000'), Timestamp('2026-03-01 15:57:33.748000'), Timestamp('2026-03-01 15:57:33.768000'), Timestamp('2026-03-01 15:57:33.908000'), Timestamp('2026-03-01 15:57:34.677000'), Timestamp('2026-03-01 15:57:35.107000'), Timestamp('2026-03-01 15:57:35.257000'), Timestamp('2026-03-01 15:57:35.687000'), Timestamp('2026-03-01 15:57:35.867000'), Timestamp('2026-03-01 15:57:36.646000'), Timestamp('2026-03-01 15:57:37.066000'), Timestamp('2026-03-01 15:57:37.196000'), Timestamp('2026-03-01 15:57:37.646000'), Timestamp('2026-03-01 15:57:37.806000'), Timestamp('2026-03-01 15:57:38.416000'), Timestamp('2026-03-01 15:57:39.035000'), Timestamp('2026-03-01 15:57:39.235000'), Timestamp('2026-03-01 15:57:39.974000')]","[1.24, 0.62, 0.03, 0.02, 0.14, 0.769, 0.43, 0.15, 0.43, 0.18, 0.779, 0.42, 0.13, 0.45, 0.16, 0.61, 0.619, 0.2, 0.739]","[13.360433604336043, 13.732590529247911, 13.506849315068493, 13.506849315068493, 13.581267217630854, 13.217158176943698, 13.506849315068493, 13.146666666666667, 13.581267217630854, 13.581267217630854, 13.469945355191257, 13.469945355191257, 13.543956043956044, 13.543956043956044, 13.506849315068493, 13.506849315068493]","[16.566937669376692, 8.514206128133704, 0.40520547945205476, 0.27013698630136984, 1.9013774104683199, 10.163994638069704, 5.807945205479452, 1.972, 5.839944903581268, 2.4446280991735536, 10.49308743169399, 5.657377049180328, 1.7607142857142857, 6.09478021978022, 2.1610958904109587, 8.239178082191781]",88.2926094790077,11.829680955122408
D_05_adz_raw_20260301_1625,2026-03-01 16:16:03.027,2026-03-01 16:16:12.594,"[Timestamp('2026-03-01 16:16:12.594000'), Timestamp('2026-03-01 16:16:13.113000'), Timestamp('2026-03-01 16:16:13.173000'), Timestamp('2026-03-01 16:16:13.453000'), Timestamp('2026-03-01 16:16:14.122000'), Timestamp('2026-03-01 16:16:14.532000'), Timestamp('2026-03-01 16:16:14.722000'), Timestamp('2026-03-01 16:16:15.162000'), Timestamp('2026-03-01 16:16:15.342000'), Timestamp('2026-03-01 16:16:15.552000'), Timestamp('2026-03-01 16:16:16.211000'), Timestamp('2026-03-01 16:16:16.701000'), Timestamp('2026-03-01 16:16:16.961000'), Timestamp('2026-03-01 16:16:17.321000'), Timestamp('2026-03-01 16:16:17.551000'), Timestamp('2026-03-01 16:16:17.751000'), Timestamp('2026-03-01 16:16:18.460000'), Timestamp('2026-03-01 16:16:18.970000'), Timestamp('2026-03-01 16:16:19.620000'), Timestamp('2026-03-01 16:16:19.860000'), Timestamp('2026-03-01 16:16:20.779000'), Timestamp('2026-03-01 16:16:21.279000'), Timestamp('2026-03-01 16:16:21.939000'), Timestamp('2026-03-01 16:16:22.169000'), Timestamp('2026-03-01 16:16:22.369000'), Timestamp('2026-03-01 16:16:23.088000'), Timestamp('2026-03-01 16:16:23.588000'), Timestamp('2026-03-01 16:16:24.238000'), Timestamp('2026-03-01 16:16:24.478000'), Timestamp('2026-03-01 16:16:24.678000'), Timestamp('2026-03-01 16:16:25.257000'), Timestamp('2026-03-01 16:16:25.747000'), Timestamp('2026-03-01 16:16:26.087000'), Timestamp('2026-03-01 16:16:26.287000'), Timestamp('2026-03-01 16:16:26.786000')]","[0.519, 0.06, 0.28, 0.669, 0.41, 0.19, 0.44, 0.18, 0.21, 0.659, 0.49, 0.26, 0.36, 0.23, 0.2, 0.709, 0.51, 0.65, 0.24, 0.919, 0.5, 0.66, 0.23, 0.2, 0.719, 0.5, 0.65, 0.24, 0.2, 0.579, 0.49, 0.34, 0.2, 0.499]","[12.673521850899741, 12.673521850899741, 11.710213776722089, 11.738095238095235, 11.518691588785044, 11.255707762557078, 10.979955456570156, 10.764192139737991, 10.579399141630901, 10.602150537634408, 10.378947368421052, 10.625, 10.228215767634854, 10.24948024948025, 10.6941431670282, 10.717391304347826, 10.534188034188034, 10.357142857142858, 10.556745182012849, 10.81140350877193, 10.859030837004406, 10.670995670995671, 10.9070796460177, 10.955555555555556]","[6.577557840616966, 0.7604113110539844, 3.278859857482185, 7.852785714285713, 4.722663551401868, 2.1385844748858447, 4.831180400890869, 1.9375545851528384, 2.221673819742489, 6.986817204301075, 5.085684210526315, 2.7625, 3.682157676348547, 2.3573804573804575, 2.13882863340564, 7.598630434782608, 5.3724358974358974, 6.732142857142858, 2.5336188436830835, 9.935679824561404, 5.429515418502203, 7.042857142857144, 2.508628318584071, 2.1911111111111112]",106.67925958613519,9.984171921888183
D_05_adz_raw_20260301_1635,2026-03-01 16:27:34.675,2026-03-01 16:27:45.739,"[Timestamp('2026-03-01 16:27:45.739000'), Timestamp('2026-03-01 16:27:46.348000'), Timestamp('2026-03-01 16:27:46.808000'), Timestamp('2026-03-01 16:27:47.178000'), Timestamp('2026-03-01 16:27:47.747000'), Timestamp('2026-03-01 16:27:47.917000'), Timestamp('2026-03-01 16:27:48.067000'), Timestamp('2026-03-01 16:27:48.417000'), Timestamp('2026-03-01 16:27:48.467000'), Timestamp('2026-03-01 16:27:48.727000'), Timestamp('2026-03-01 16:27:49.676000'), Timestamp('2026-03-01 16:27:50.156000'), Timestamp('2026-03-01 16:27:50.306000'), Timestamp('2026-03-01 16:27:50.826000'), Timestamp('2026-03-01 16:27:51.036000'), Timestamp('2026-03-01 16:27:51.985000'), Timestamp('2026-03-01 16:27:52.435000'), Timestamp('2026-03-01 16:27:52.735000'), Timestamp('2026-03-01 16:27:53.095000'), Timestamp('2026-03-01 16:27:53.165000'), Timestamp('2026-03-01 16:27:53.345000'), Timestamp('2026-03-01 16:27:54.024000'), Timestamp('2026-03-01 16:27:54.754000'), Timestamp('2026-03-01 16:27:55.034000'), Timestamp('2026-03-01 16:27:55.743000')]","[0.609, 0.46, 0.37, 0.569, 0.17, 0.15, 0.35, 0.05, 0.26, 0.949, 0.48, 0.15, 0.52, 0.21, 0.949, 0.45, 0.3, 0.36, 0.07, 0.18, 0.679, 0.73, 0.28, 0.709]","[11.333333333333332, 11.654846335697398, 11.79425837320574, 11.545667447306789, 11.359447004608294, 11.627358490566035, 11.654846335697398, 11.966019417475726, 11.738095238095235, 11.465116279069765, 12.053789731051344, 11.766109785202863, 11.822541966426856, 11.822541966426856, 12.113022113022112, 11.822541966426856]","[6.901999999999999, 5.361229314420803, 4.363875598086124, 6.569484777517562, 1.93110599078341, 1.7441037735849052, 4.079196217494089, 0.5983009708737863, 3.0519047619047615, 10.880395348837206, 5.785819070904645, 1.7649164677804294, 6.147721822541965, 2.4827338129496397, 11.495257985257984, 5.320143884892086]",78.4781897978294,11.972959485412384
D_05_adz_raw_20260301_1705,2026-03-01 16:57:38.003,2026-03-01 16:57:49.356,"[Timestamp('2026-03-01 16:57:49.356000'), Timestamp('2026-03-01 16:57:49.885000'), Timestamp('2026-03-01 16:57:50.095000'), Timestamp('2026-03-01 16:57:50.894000'), Timestamp('2026-03-01 16:57:51.324000'), Timestamp('2026-03-01 16:57:51.474000'), Timestamp('2026-03-01 16:57:51.904000'), Timestamp('2026-03-01 16:57:51.984000'), Timestamp('2026-03-01 16:57:52.084000'), Timestamp('2026-03-01 16:57:52.194000'), Timestamp('2026-03-01 16:57:52.873000'), Timestamp('2026-03-01 16:57:53.313000'), Timestamp('2026-03-01 16:57:53.333000'), Timestamp('2026-03-01 16:57:53.473000'), Timestamp('2026-03-01 16:57:53.883000'), Timestamp('2026-03-01 16:57:54.073000'), Timestamp('2026-03-01 16:57:54.862000'), Timestamp('2026-03-01 16:57:55.282000'), Timestamp('2026-03-01 16:57:55.462000'), Timestamp('2026-03-01 16:57:55.872000'), Timestamp('2026-03-01 16:57:56.112000'), Timestamp('2026-03-01 16:57:56.212000'), Timestamp('2026-03-01 16:57:56.622000'), Timestamp('2026-03-01 16:57:56.732000'), Timestamp('2026-03-01 16:57:56.842000'), Timestamp('2026-03-01 16:57:57.481000')]","[0.529, 0.21, 0.799, 0.43, 0.15, 0.43, 0.08, 0.1, 0.11, 0.679, 0.44, 0.02, 0.14, 0.41, 0.19, 0.789, 0.42, 0.18, 0.41, 0.24, 0.1, 0.41, 0.11, 0.11, 0.639]","[13.848314606741573, 13.469945355191257, 13.396739130434781, 13.042328042328041, 13.111702127659573, 13.111702127659573, 13.396739130434781, 13.396739130434781, 13.111702127659573, 13.469945355191257, 13.042328042328041, 13.042328042328041, 13.111702127659573, 13.111702127659573, 12.576530612244897, 12.905759162303664]","[7.325758426966292, 2.828688524590164, 10.703994565217391, 5.6082010582010575, 1.9667553191489358, 5.638031914893617, 1.0717391304347825, 1.3396739130434783, 1.442287234042553, 9.146092896174864, 5.738624338624338, 0.2608465608465608, 1.8356382978723405, 5.375797872340424, 2.3895408163265306, 10.182643979057591]",72.85431484778091,11.701252582241668
D_05_adz_raw_20260301_1735,2026-03-01 17:27:22.950,2026-03-01 17:27:34.273,"[Timestamp('2026-03-01 17:27:34.273000'), Timestamp('2026-03-01 17:27:35.272000'), Timestamp('2026-03-01 17:27:35.532000'), Timestamp('2026-03-01 17:27:35.672000'), Timestamp('2026-03-01 17:27:35.912000'), Timestamp('2026-03-01 17:27:36.152000'), Timestamp('2026-03-01 17:27:36.332000'), Timestamp('2026-03-01 17:27:37.111000'), Timestamp('2026-03-01 17:27:37.511000'), Timestamp('2026-03-01 17:27:37.661000'), Timestamp('2026-03-01 17:27:38.091000'), Timestamp('2026-03-01 17:27:38.271000'), Timestamp('2026-03-01 17:27:39.050000'), Timestamp('2026-03-01 17:27:39.450000'), Timestamp('2026-03-01 17:27:39.610000'), Timestamp('2026-03-01 17:27:40.030000'), Timestamp('2026-03-01 17:27:40.210000'), Timestamp('2026-03-01 17:27:40.800000'), Timestamp('2026-03-01 17:27:41.440000'), Timestamp('2026-03-01 17:27:41.640000'), Timestamp('2026-03-01 17:27:42.439000')]","[0.999, 0.26, 0.14, 0.24, 0.24, 0.18, 0.779, 0.4, 0.15, 0.43, 0.18, 0.779, 0.4, 0.16, 0.42, 0.18, 0.59, 0.64, 0.2, 0.799]","[13.543956043956044, 13.543956043956044, 14.126074498567336, 13.360433604336043, 13.80952380952381, 13.433242506811988, 13.360433604336043, 13.732590529247911, 13.80952380952381, 13.80952380952381, 13.360433604336043, 13.360433604336043, 13.433242506811988, 13.433242506811988, 13.360433604336043, 13.732590529247911]","[13.530412087912088, 3.5214285714285714, 1.9776504297994273, 3.20650406504065, 3.3142857142857145, 2.417983651226158, 10.407777777777778, 5.493036211699165, 2.0714285714285716, 5.938095238095238, 2.4048780487804877, 10.407777777777778, 5.3732970027247955, 2.149318801089918, 5.611382113821138, 2.4718662952646238]",80.2971223581521,11.680235941365154
D_05_adz_raw_20260301_1755,2026-03-01 17:45:49.261,2026-03-01 17:45:58.856,"[Timestamp('2026-03-01 17:45:58.856000'), Timestamp('2026-03-01 17:45:59.345000'), Timestamp('2026-03-01 17:45:59.385000'), Timestamp('2026-03-01 17:45:59.495000'), Timestamp('2026-03-01 17:45:59.745000'), Timestamp('2026-03-01 17:46:00.275000'), Timestamp('2026-03-01 17:46:00.685000'), Timestamp('2026-03-01 17:46:00.795000'), Timestamp('2026-03-01 17:46:00.985000'), Timestamp('2026-03-01 17:46:01.265000'), Timestamp('2026-03-01 17:46:01.305000'), Timestamp('2026-03-01 17:46:01.355000'), Timestamp('2026-03-01 17:46:01.485000'), Timestamp('2026-03-01 17:46:01.965000'), Timestamp('2026-03-01 17:46:02.524000'), Timestamp('2026-03-01 17:46:02.634000'), Timestamp('2026-03-01 17:46:02.664000'), Timestamp('2026-03-01 17:46:02.814000'), Timestamp('2026-03-01 17:46:02.854000'), Timestamp('2026-03-01 17:46:03.154000'), Timestamp('2026-03-01 17:46:03.294000'), Timestamp('2026-03-01 17:46:03.903000'), Timestamp('2026-03-01 17:46:04.433000'), Timestamp('2026-03-01 17:46:04.463000'), Timestamp('2026-03-01 17:46:04.613000'), Timestamp('2026-03-01 17:46:04.653000'), Timestamp('2026-03-01 17:46:04.873000'), Timestamp('2026-03-01 17:46:04.913000'), Timestamp('2026-03-01 17:46:04.963000'), Timestamp('2026-03-01 17:46:05.053000'), Timestamp('2026-03-01 17:46:05.093000'), Timestamp('2026-03-01 17:46:05.712000'), Timestamp('2026-03-01 17:46:06.232000'), Timestamp('2026-03-01 17:46:06.262000'), Timestamp('2026-03-01 17:46:06.412000'), Timestamp('2026-03-01 17:46:06.442000'), Timestamp('2026-03-01 17:46:06.672000'), Timestamp('2026-03-01 17:46:06.902000'), Timestamp('2026-03-01 17:46:07.441000'), Timestamp('2026-03-01 17:46:08.041000'), Timestamp('2026-03-01 17:46:08.071000'), Timestamp('2026-03-01 17:46:08.221000'), Timestamp('2026-03-01 17:46:08.251000'), Timestamp('2026-03-01 17:46:08.591000'), Timestamp('2026-03-01 17:46:08.751000'), Timestamp('2026-03-01 17:46:09.181000'), Timestamp('2026-03-01 17:46:09.660000'), Timestamp('2026-03-01 17:46:09.770000'), Timestamp('2026-03-01 17:46:10'), Timestamp('2026-03-01 17:46:10.699000')]","[0.489, 0.04, 0.11, 0.25, 0.53, 0.41, 0.11, 0.19, 0.28, 0.04, 0.05, 0.13, 0.48, 0.559, 0.11, 0.03, 0.15, 0.04, 0.3, 0.14, 0.609, 0.53, 0.03, 0.15, 0.04, 0.22, 0.04, 0.05, 0.09, 0.04, 0.619, 0.52, 0.03, 0.15, 0.03, 0.23, 0.23, 0.539, 0.6, 0.03, 0.15, 0.03, 0.34, 0.16, 0.43, 0.479, 0.11, 0.23, 0.699]","[13.469945355191257, 13.848314606741573, 13.96600566572238, 13.96600566572238, 14.289855072463768, 14.289855072463768, 13.926553672316384, 14.33139534883721, 14.248554913294798, 13.848314606741573, 14.289855072463768, 14.289855072463768, 14.207492795389049, 14.207492795389049, 14.248554913294798, 14.248554913294798, 14.166666666666666, 14.166666666666666, 14.207492795389049, 14.207492795389049, 13.732590529247911, 14.126074498567336, 14.207492795389049, 14.207492795389049]","[6.586803278688524, 0.553932584269663, 1.5362606232294618, 3.491501416430595, 7.573623188405797, 5.858840579710145, 1.5319209039548023, 2.72296511627907, 3.9895953757225437, 0.553932584269663, 0.7144927536231884, 1.8576811594202898, 6.819596541786743, 7.941988472622479, 1.5673410404624277, 0.4274566473988439, 2.125, 0.5666666666666667, 4.262247838616714, 1.989048991354467, 8.363147632311978, 7.486819484240688, 0.42622478386167145, 2.131123919308357]",81.07821158263476,9.97662352898595
D_05_adz_raw_20260301_1805,2026-03-01 17:57:26.144,2026-03-01 17:57:37.426,"[Timestamp('2026-03-01 17:57:37.426000'), Timestamp('2026-03-01 17:57:38.385000'), Timestamp('2026-03-01 17:57:38.765000'), Timestamp('2026-03-01 17:57:38.815000'), Timestamp('2026-03-01 17:57:39.235000'), Timestamp('2026-03-01 17:57:39.255000'), Timestamp('2026-03-01 17:57:39.405000'), Timestamp('2026-03-01 17:57:40.144000'), Timestamp('2026-03-01 17:57:40.574000'), Timestamp('2026-03-01 17:57:40.594000'), Timestamp('2026-03-01 17:57:40.714000'), Timestamp('2026-03-01 17:57:41.114000'), Timestamp('2026-03-01 17:57:41.294000'), Timestamp('2026-03-01 17:57:42.033000'), Timestamp('2026-03-01 17:57:42.443000'), Timestamp('2026-03-01 17:57:42.593000'), Timestamp('2026-03-01 17:57:42.993000'), Timestamp('2026-03-01 17:57:43.173000'), Timestamp('2026-03-01 17:57:43.802000'), Timestamp('2026-03-01 17:57:44.352000'), Timestamp('2026-03-01 17:57:44.552000'), Timestamp('2026-03-01 17:57:45.251000')]","[0.959, 0.38, 0.05, 0.42, 0.02, 0.15, 0.739, 0.43, 0.02, 0.12, 0.4, 0.18, 0.739, 0.41, 0.15, 0.4, 0.18, 0.629, 0.55, 0.2, 0.699]","[13.96600566572238, 13.96600566572238, 13.694444444444445, 13.694444444444445, 13.77094972067039, 14.166666666666666, 13.656509695290858, 14.045584045584045, 13.732590529247911, 13.732590529247911, 14.045584045584045, 13.656509695290858, 13.732590529247911, 13.732590529247911, 13.656509695290858, 13.656509695290858]","[13.393399433427762, 5.3070821529745045, 0.6847222222222222, 5.751666666666667, 0.27541899441340784, 2.125, 10.092160664819943, 6.039601139601139, 0.27465181058495824, 1.6479108635097492, 5.618233618233618, 2.458171745152354, 10.148384401114207, 5.630362116991643, 2.0484764542936285, 5.462603878116344]",76.95784616212215,11.606713622687456
D_05_adz_raw_20260301_1825,2026-03-01 18:15:45.094,2026-03-01 18:15:54.759,"[Timestamp('2026-03-01 18:15:54.759000'), Timestamp('2026-03-01 18:15:55.388000'), Timestamp('2026-03-01 18:15:55.508000'), Timestamp('2026-03-01 18:15:55.618000'), Timestamp('2026-03-01 18:15:56.137000'), Timestamp('2026-03-01 18:15:56.527000'), Timestamp('2026-03-01 18:15:56.687000'), Timestamp('2026-03-01 18:15:57.067000'), Timestamp('2026-03-01 18:15:57.247000'), Timestamp('2026-03-01 18:15:57.946000'), Timestamp('2026-03-01 18:15:58.366000'), Timestamp('2026-03-01 18:15:58.526000'), Timestamp('2026-03-01 18:15:58.806000'), Timestamp('2026-03-01 18:15:58.876000'), Timestamp('2026-03-01 18:15:59.056000'), Timestamp('2026-03-01 18:15:59.745000'), Timestamp('2026-03-01 18:16:00.185000'), Timestamp('2026-03-01 18:16:00.345000'), Timestamp('2026-03-01 18:16:00.655000'), Timestamp('2026-03-01 18:16:00.685000'), Timestamp('2026-03-01 18:16:00.865000'), Timestamp('2026-03-01 18:16:01.564000'), Timestamp('2026-03-01 18:16:01.984000'), Timestamp('2026-03-01 18:16:02.144000'), Timestamp('2026-03-01 18:16:02.494000'), Timestamp('2026-03-01 18:16:02.674000'), Timestamp('2026-03-01 18:16:03.373000'), Timestamp('2026-03-01 18:16:03.793000'), Timestamp('2026-03-01 18:16:03.963000'), Timestamp('2026-03-01 18:16:04.303000'), Timestamp('2026-03-01 18:16:04.513000'), Timestamp('2026-03-01 18:16:04.613000'), Timestamp('2026-03-01 18:16:05.082000'), Timestamp('2026-03-01 18:16:05.562000'), Timestamp('2026-03-01 18:16:05.792000'), Timestamp('2026-03-01 18:16:05.912000'), Timestamp('2026-03-01 18:16:06.491000')]","[0.629, 0.12, 0.11, 0.519, 0.39, 0.16, 0.38, 0.18, 0.699, 0.42, 0.16, 0.28, 0.07, 0.18, 0.689, 0.44, 0.16, 0.31, 0.03, 0.18, 0.699, 0.42, 0.16, 0.35, 0.18, 0.699, 0.42, 0.17, 0.34, 0.21, 0.1, 0.469, 0.48, 0.23, 0.12, 0.579]","[13.77094972067039, 13.396739130434781, 14.045584045584045, 13.656509695290858, 13.360433604336043, 13.360433604336043, 13.656509695290858, 13.656509695290858, 13.732590529247911, 13.732590529247911, 13.288409703504042, 13.288409703504042, 13.360433604336043, 13.360433604336043, 13.61878453038674, 13.25268817204301, 13.324324324324325, 13.324324324324325, 13.581267217630854, 13.217158176943698, 13.288409703504042, 12.939632545931758, 13.181818181818182, 12.838541666666666]","[8.661927374301676, 1.6076086956521738, 1.545014245014245, 7.087728531855955, 5.210569105691057, 2.137669376693767, 5.189473684210526, 2.458171745152354, 9.59908077994429, 5.767688022284123, 2.1261455525606467, 3.720754716981132, 0.9352303523035231, 2.4048780487804877, 9.383342541436463, 5.831182795698925, 2.131891891891892, 4.13054054054054, 0.4074380165289256, 2.3790884718498657, 9.288598382749324, 5.4346456692913385, 2.109090909090909, 4.493489583333333]",104.04124903383747,10.13267120036062
D_05_adz_raw_20260301_1835,2026-03-01 18:27:32.915,2026-03-01 18:27:44.436,"[Timestamp('2026-03-01 18:27:44.436000'), Timestamp('2026-03-01 18:27:45.415000'), Timestamp('2026-03-01 18:27:45.845000'), Timestamp('2026-03-01 18:27:45.915000'), Timestamp('2026-03-01 18:27:46.325000'), Timestamp('2026-03-01 18:27:46.545000'), Timestamp('2026-03-01 18:27:46.715000'), Timestamp('2026-03-01 18:27:47.334000'), Timestamp('2026-03-01 18:27:47.783000'), Timestamp('2026-03-01 18:27:47.933000'), Timestamp('2026-03-01 18:27:48.353000'), Timestamp('2026-03-01 18:27:48.383000'), Timestamp('2026-03-01 18:27:48.543000'), Timestamp('2026-03-01 18:27:49.332000'), Timestamp('2026-03-01 18:27:49.742000'), Timestamp('2026-03-01 18:27:49.902000'), Timestamp('2026-03-01 18:27:50.322000'), Timestamp('2026-03-01 18:27:50.352000'), Timestamp('2026-03-01 18:27:50.502000'), Timestamp('2026-03-01 18:27:51.121000'), Timestamp('2026-03-01 18:27:51.710000'), Timestamp('2026-03-01 18:27:51.800000'), Timestamp('2026-03-01 18:27:51.940000'), Timestamp('2026-03-01 18:27:52.619000')]","[0.979, 0.43, 0.07, 0.41, 0.22, 0.17, 0.619, 0.449, 0.15, 0.42, 0.03, 0.16, 0.789, 0.41, 0.16, 0.42, 0.03, 0.15, 0.619, 0.589, 0.09, 0.14, 0.679]","[12.706185567010309, 13.042328042328041, 13.181818181818182, 12.838541666666666, 13.25268817204301, 13.25268817204301, 13.543956043956044, 13.543956043956044, 13.61878453038674, 13.61878453038674, 13.217158176943698, 13.217158176943698, 13.656509695290858, 13.288409703504042, 13.217158176943698, 13.217158176943698]","[12.439355670103092, 5.6082010582010575, 0.9227272727272728, 5.263802083333333, 2.9155913978494623, 2.252956989247312, 8.383708791208791, 6.081236263736264, 2.042817679558011, 5.719889502762431, 0.39651474530831093, 2.114745308310992, 10.774986149584487, 5.448247978436657, 2.114745308310992, 5.551206434316353]",78.03073263299481,11.81204355241819
D_05_adz_raw_20260301_1905,2026-03-01 18:57:32.730,2026-03-01 18:57:44.121,"[Timestamp('2026-03-01 18:57:44.121000'), Timestamp('2026-03-01 18:57:45.151000'), Timestamp('2026-03-01 18:57:45.651000'), Timestamp('2026-03-01 18:57:45.991000'), Timestamp('2026-03-01 18:57:46.061000'), Timestamp('2026-03-01 18:57:46.101000'), Timestamp('2026-03-01 18:57:46.131000'), Timestamp('2026-03-01 18:57:46.251000'), Timestamp('2026-03-01 18:57:47.060000'), Timestamp('2026-03-01 18:57:47.489000'), Timestamp('2026-03-01 18:57:47.549000'), Timestamp('2026-03-01 18:57:47.629000'), Timestamp('2026-03-01 18:57:47.659000'), Timestamp('2026-03-01 18:57:47.709000'), Timestamp('2026-03-01 18:57:48.079000'), Timestamp('2026-03-01 18:57:48.269000'), Timestamp('2026-03-01 18:57:48.439000'), Timestamp('2026-03-01 18:57:49.058000'), Timestamp('2026-03-01 18:57:49.487000'), Timestamp('2026-03-01 18:57:49.597000'), Timestamp('2026-03-01 18:57:49.637000'), Timestamp('2026-03-01 18:57:50.077000'), Timestamp('2026-03-01 18:57:50.257000'), Timestamp('2026-03-01 18:57:50.437000'), Timestamp('2026-03-01 18:57:50.956000'), Timestamp('2026-03-01 18:57:51.485000'), Timestamp('2026-03-01 18:57:51.695000'), Timestamp('2026-03-01 18:57:52.444000')]","[1.03, 0.5, 0.34, 0.07, 0.04, 0.03, 0.12, 0.809, 0.429, 0.06, 0.08, 0.03, 0.05, 0.37, 0.19, 0.17, 0.619, 0.429, 0.11, 0.04, 0.44, 0.18, 0.18, 0.519, 0.529, 0.21, 0.749]","[nan, nan, nan, nan, nan, nan, nan, nan, nan, nan, nan, nan, nan, nan, nan, nan, nan]","[nan, nan, nan, nan, nan, nan, nan, nan, nan, nan, nan, nan, nan, nan, nan, nan, nan]",,11.879620511013355
D_05_adz_raw_20260301_1935,2026-03-01 19:27:25.818,2026-03-01 19:27:37.149,"[Timestamp('2026-03-01 19:27:37.149000'), Timestamp('2026-03-01 19:27:38.128000'), Timestamp('2026-03-01 19:27:38.588000'), Timestamp('2026-03-01 19:27:39.008000'), Timestamp('2026-03-01 19:27:39.028000'), Timestamp('2026-03-01 19:27:39.188000'), Timestamp('2026-03-01 19:27:39.957000'), Timestamp('2026-03-01 19:27:40.416000'), Timestamp('2026-03-01 19:27:40.526000'), Timestamp('2026-03-01 19:27:40.956000'), Timestamp('2026-03-01 19:27:40.976000'), Timestamp('2026-03-01 19:27:41.136000'), Timestamp('2026-03-01 19:27:41.905000'), Timestamp('2026-03-01 19:27:42.324000'), Timestamp('2026-03-01 19:27:42.464000'), Timestamp('2026-03-01 19:27:42.904000'), Timestamp('2026-03-01 19:27:42.924000'), Timestamp('2026-03-01 19:27:43.084000'), Timestamp('2026-03-01 19:27:43.254000'), Timestamp('2026-03-01 19:27:43.813000'), Timestamp('2026-03-01 19:27:44.282000'), Timestamp('2026-03-01 19:27:44.512000'), Timestamp('2026-03-01 19:27:45.381000')]","[0.979, 0.46, 0.42, 0.02, 0.16, 0.769, 0.459, 0.11, 0.43, 0.02, 0.16, 0.769, 0.419, 0.14, 0.44, 0.02, 0.16, 0.17, 0.559, 0.469, 0.23, 0.869]","[13.694444444444445, 13.324324324324325, 13.80952380952381, 13.076923076923077, 13.506849315068493, 13.506849315068493, 13.433242506811988, 13.433242506811988, 13.506849315068493, 13.506849315068493, 13.433242506811988, 13.433242506811988, 13.146666666666667, 13.146666666666667, 13.433242506811988, 13.433242506811988]","[13.40686111111111, 6.12918918918919, 5.8, 0.26153846153846155, 2.1610958904109587, 10.38676712328767, 6.165858310626703, 1.4776566757493186, 5.807945205479452, 0.27013698630136984, 2.149318801089918, 10.33016348773842, 5.508453333333333, 1.8405333333333336, 5.910626702997274, 0.26866485013623975]",77.87480946232274,11.659589887901229
D_05_adz_raw_20260301_2005,2026-03-01 19:57:30.771,2026-03-01 19:57:42.172,"[Timestamp('2026-03-01 19:57:42.172000'), Timestamp('2026-03-01 19:57:42.701000'), Timestamp('2026-03-01 19:57:42.781000'), Timestamp('2026-03-01 19:57:42.891000'), Timestamp('2026-03-01 19:57:43.700000'), Timestamp('2026-03-01 19:57:44.109000'), Timestamp('2026-03-01 19:57:44.269000'), Timestamp('2026-03-01 19:57:44.689000'), Timestamp('2026-03-01 19:57:44.859000'), Timestamp('2026-03-01 19:57:44.879000'), Timestamp('2026-03-01 19:57:44.989000'), Timestamp('2026-03-01 19:57:45.688000'), Timestamp('2026-03-01 19:57:46.088000'), Timestamp('2026-03-01 19:57:46.278000'), Timestamp('2026-03-01 19:57:46.338000'), Timestamp('2026-03-01 19:57:46.678000'), Timestamp('2026-03-01 19:57:46.858000'), Timestamp('2026-03-01 19:57:47.687000'), Timestamp('2026-03-01 19:57:48.297000'), Timestamp('2026-03-01 19:57:48.667000'), Timestamp('2026-03-01 19:57:48.897000'), Timestamp('2026-03-01 19:57:49.067000'), Timestamp('2026-03-01 19:57:49.657000'), Timestamp('2026-03-01 19:57:50.326000')]","[0.529, 0.08, 0.11, 0.809, 0.409, 0.16, 0.42, 0.17, 0.02, 0.11, 0.699, 0.4, 0.19, 0.06, 0.34, 0.18, 0.829, 0.61, 0.37, 0.23, 0.17, 0.59, 0.669]","[13.324324324324325, 12.973684210526315, 13.61878453038674, 13.25268817204301, 13.324324324324325, 13.324324324324325, 13.25268817204301, 13.25268817204301, 13.324324324324325, 13.324324324324325, 13.25268817204301, 12.905759162303664, 13.324324324324325, 13.324324324324325, 13.111702127659573, 12.7720207253886]","[7.048567567567568, 1.0378947368421052, 1.4980662983425415, 10.721424731182795, 5.449648648648648, 2.131891891891892, 5.566129032258064, 2.252956989247312, 0.2664864864864865, 1.4656756756756757, 9.263629032258063, 5.162303664921466, 2.5316216216216216, 0.7994594594594594, 4.457978723404255, 2.2989637305699477]",61.95269829037789,11.71229851237937
D_05_adz_raw_20260301_2025,2026-03-01 20:16:37.926,2026-03-01 20:16:47.569,"[Timestamp('2026-03-01 20:16:47.569000'), Timestamp('2026-03-01 20:16:48.208000'), Timestamp('2026-03-01 20:16:48.438000'), Timestamp('2026-03-01 20:16:48.967000'), Timestamp('2026-03-01 20:16:49.347000'), Timestamp('2026-03-01 20:16:49.517000'), Timestamp('2026-03-01 20:16:49.907000'), Timestamp('2026-03-01 20:16:50.057000'), Timestamp('2026-03-01 20:16:50.247000'), Timestamp('2026-03-01 20:16:50.786000'), Timestamp('2026-03-01 20:16:51.216000'), Timestamp('2026-03-01 20:16:51.366000'), Timestamp('2026-03-01 20:16:51.426000'), Timestamp('2026-03-01 20:16:51.716000'), Timestamp('2026-03-01 20:16:51.906000'), Timestamp('2026-03-01 20:16:52.066000'), Timestamp('2026-03-01 20:16:52.605000'), Timestamp('2026-03-01 20:16:53.024000'), Timestamp('2026-03-01 20:16:53.194000'), Timestamp('2026-03-01 20:16:53.534000'), Timestamp('2026-03-01 20:16:53.694000'), Timestamp('2026-03-01 20:16:54.423000'), Timestamp('2026-03-01 20:16:54.832000'), Timestamp('2026-03-01 20:16:55.002000'), Timestamp('2026-03-01 20:16:55.352000'), Timestamp('2026-03-01 20:16:55.512000'), Timestamp('2026-03-01 20:16:55.692000'), Timestamp('2026-03-01 20:16:56.231000'), Timestamp('2026-03-01 20:16:56.650000'), Timestamp('2026-03-01 20:16:56.820000'), Timestamp('2026-03-01 20:16:56.860000'), Timestamp('2026-03-01 20:16:57.170000'), Timestamp('2026-03-01 20:16:57.360000'), Timestamp('2026-03-01 20:16:57.470000'), Timestamp('2026-03-01 20:16:57.949000'), Timestamp('2026-03-01 20:16:58.348000'), Timestamp('2026-03-01 20:16:58.638000'), Timestamp('2026-03-01 20:16:58.768000'), Timestamp('2026-03-01 20:16:58.838000'), Timestamp('2026-03-01 20:16:59.357000')]","[0.639, 0.23, 0.529, 0.38, 0.17, 0.39, 0.15, 0.19, 0.539, 0.43, 0.15, 0.06, 0.29, 0.19, 0.16, 0.539, 0.419, 0.17, 0.34, 0.16, 0.729, 0.409, 0.17, 0.35, 0.16, 0.18, 0.539, 0.419, 0.17, 0.04, 0.31, 0.19, 0.11, 0.479, 0.399, 0.29, 0.13, 0.07, 0.519]","[13.396739130434781, 13.433242506811988, 13.656509695290858, 13.288409703504042, 13.360433604336043, 13.360433604336043, 13.288409703504042, 13.288409703504042, 13.360433604336043, 13.360433604336043, 13.288409703504042, 13.288409703504042, 13.360433604336043, 13.360433604336043, 13.288409703504042, 13.288409703504042, 13.360433604336043, 13.360433604336043, 13.288409703504042, 12.939632545931758, 13.360433604336043, 13.360433604336043, 13.217158176943698, 12.872062663185378]","[8.560516304347825, 3.0896457765667575, 7.224293628808864, 5.049595687331536, 2.2712737127371274, 5.210569105691057, 1.9932614555256063, 2.524797843665768, 7.201273712737128, 5.7449864498644985, 1.9932614555256063, 0.7973045822102425, 3.8745257452574524, 2.538482384823848, 2.1261455525606467, 7.16245283018868, 5.598021680216802, 2.2712737127371274, 4.518059299191375, 2.0703412073490814, 9.739756097560974, 5.464417344173441, 2.246916890080429, 4.505221932114882]",103.77639439126676,9.984033731300524
D_05_adz_raw_20260301_2035,2026-03-01 20:27:37.446,2026-03-01 20:27:48.766,"[Timestamp('2026-03-01 20:27:48.766000'), Timestamp('2026-03-01 20:27:49.655000'), Timestamp('2026-03-01 20:27:49.775000'), Timestamp('2026-03-01 20:27:50.195000'), Timestamp('2026-03-01 20:27:50.245000'), Timestamp('2026-03-01 20:27:50.675000'), Timestamp('2026-03-01 20:27:50.835000'), Timestamp('2026-03-01 20:27:51.035000'), Timestamp('2026-03-01 20:27:51.654000'), Timestamp('2026-03-01 20:27:52.073000'), Timestamp('2026-03-01 20:27:52.233000'), Timestamp('2026-03-01 20:27:52.653000'), Timestamp('2026-03-01 20:27:52.833000'), Timestamp('2026-03-01 20:27:53.003000'), Timestamp('2026-03-01 20:27:53.622000'), Timestamp('2026-03-01 20:27:54.031000'), Timestamp('2026-03-01 20:27:54.071000'), Timestamp('2026-03-01 20:27:54.191000'), Timestamp('2026-03-01 20:27:54.611000'), Timestamp('2026-03-01 20:27:54.641000'), Timestamp('2026-03-01 20:27:54.791000'), Timestamp('2026-03-01 20:27:55.400000'), Timestamp('2026-03-01 20:27:55.999000'), Timestamp('2026-03-01 20:27:56.219000'), Timestamp('2026-03-01 20:27:57.088000')]","[0.889, 0.12, 0.42, 0.05, 0.43, 0.16, 0.2, 0.619, 0.419, 0.16, 0.42, 0.18, 0.17, 0.619, 0.409, 0.04, 0.12, 0.42, 0.03, 0.15, 0.609, 0.599, 0.22, 0.869]","[13.042328042328041, 13.042328042328041, 13.146666666666667, 12.838541666666666, 13.25268817204301, 12.905759162303664, 13.181818181818182, 13.181818181818182, 13.25268817204301, 13.25268817204301, 13.181818181818182, 13.181818181818182, 13.25268817204301, 13.25268817204301, 12.838541666666666, 13.181818181818182]","[11.594629629629628, 1.5650793650793648, 5.521599999999999, 0.6419270833333334, 5.698655913978494, 2.0649214659685864, 2.6363636363636367, 8.159545454545455, 5.552876344086021, 2.1204301075268814, 5.536363636363636, 2.3727272727272726, 2.252956989247312, 8.203413978494623, 5.250963541666666, 0.5272727272727272]",69.69972714628365,11.66505248200544
D_05_adz_raw_20260301_2105,2026-03-01 20:57:23.315,2026-03-01 20:57:34.225,"[Timestamp('2026-03-01 20:57:34.225000'), Timestamp('2026-03-01 20:57:34.824000'), Timestamp('2026-03-01 20:57:35.823000'), Timestamp('2026-03-01 20:57:36.373000'), Timestamp('2026-03-01 20:57:36.763000'), Timestamp('2026-03-01 20:57:37.003000'), Timestamp('2026-03-01 20:57:37.183000'), Timestamp('2026-03-01 20:57:37.862000'), Timestamp('2026-03-01 20:57:38.311000'), Timestamp('2026-03-01 20:57:38.401000'), Timestamp('2026-03-01 20:57:38.421000'), Timestamp('2026-03-01 20:57:38.591000'), Timestamp('2026-03-01 20:57:38.861000'), Timestamp('2026-03-01 20:57:38.931000'), Timestamp('2026-03-01 20:57:38.961000'), Timestamp('2026-03-01 20:57:39.131000'), Timestamp('2026-03-01 20:57:39.311000'), Timestamp('2026-03-01 20:57:39.990000'), Timestamp('2026-03-01 20:57:40.419000'), Timestamp('2026-03-01 20:57:40.449000'), Timestamp('2026-03-01 20:57:41.039000'), Timestamp('2026-03-01 20:57:41.229000'), Timestamp('2026-03-01 20:57:41.409000'), Timestamp('2026-03-01 20:57:42.008000'), Timestamp('2026-03-01 20:57:42.507000'), Timestamp('2026-03-01 20:57:42.587000'), Timestamp('2026-03-01 20:57:42.757000'), Timestamp('2026-03-01 20:57:43.556000')]","[0.599, 0.999, 0.55, 0.39, 0.24, 0.18, 0.679, 0.449, 0.09, 0.02, 0.17, 0.27, 0.07, 0.03, 0.17, 0.18, 0.679, 0.429, 0.03, 0.59, 0.19, 0.18, 0.599, 0.499, 0.08, 0.17, 0.799]","[11.937046004842614, 12.2636815920398, 12.706185567010309, 12.418136020151133, 12.481012658227847, 12.512690355329948, 12.14285714285714, 12.7720207253886, 12.512690355329948, 11.937046004842614, 12.7720207253886, 12.805194805194803, 12.872062663185378, 12.233250620347393, 12.481012658227847, 12.481012658227847]","[7.150290556900726, 12.25141791044776, 6.988402061855671, 4.843073047858942, 2.9954430379746833, 2.2522842639593903, 8.245, 5.734637305699482, 1.1261421319796951, 0.23874092009685227, 2.171243523316062, 3.4574025974025973, 0.9010443864229766, 0.3669975186104218, 2.121772151898734, 2.2465822784810126]",63.090473692905,11.802481126286498
D_05_adz_raw_20260301_2135,2026-03-01 21:27:32.666,2026-03-01 21:27:44.045,"[Timestamp('2026-03-01 21:27:44.045000'), Timestamp('2026-03-01 21:27:45.074000'), Timestamp('2026-03-01 21:27:45.494000'), Timestamp('2026-03-01 21:27:45.984000'), Timestamp('2026-03-01 21:27:46.004000'), Timestamp('2026-03-01 21:27:46.164000'), Timestamp('2026-03-01 21:27:46.344000'), Timestamp('2026-03-01 21:27:46.963000'), Timestamp('2026-03-01 21:27:47.412000'), Timestamp('2026-03-01 21:27:47.552000'), Timestamp('2026-03-01 21:27:47.622000'), Timestamp('2026-03-01 21:27:47.992000'), Timestamp('2026-03-01 21:27:48.172000'), Timestamp('2026-03-01 21:27:48.981000'), Timestamp('2026-03-01 21:27:49.390000'), Timestamp('2026-03-01 21:27:49.570000'), Timestamp('2026-03-01 21:27:49.940000'), Timestamp('2026-03-01 21:27:49.980000'), Timestamp('2026-03-01 21:27:50.010000'), Timestamp('2026-03-01 21:27:50.170000'), Timestamp('2026-03-01 21:27:50.340000'), Timestamp('2026-03-01 21:27:50.769000'), Timestamp('2026-03-01 21:27:51.378000'), Timestamp('2026-03-01 21:27:51.458000'), Timestamp('2026-03-01 21:27:51.528000'), Timestamp('2026-03-01 21:27:51.618000'), Timestamp('2026-03-01 21:27:52.347000')]","[1.029, 0.42, 0.49, 0.02, 0.16, 0.18, 0.619, 0.449, 0.14, 0.07, 0.37, 0.18, 0.809, 0.409, 0.18, 0.37, 0.04, 0.03, 0.16, 0.17, 0.429, 0.609, 0.08, 0.07, 0.09, 0.729]","[12.973684210526315, 13.324324324324325, 13.042328042328041, 12.739018087855296, 12.805194805194803, 13.146666666666667, 13.076923076923077, 13.433242506811988, 13.146666666666667, 13.146666666666667, 13.433242506811988, 13.076923076923077, 13.506849315068493, 13.146666666666667, 13.076923076923077, 12.739018087855296]","[13.349921052631577, 5.596216216216216, 6.39074074074074, 0.25478036175710594, 2.0488311688311684, 2.3664, 8.094615384615384, 6.031525885558582, 1.8405333333333336, 0.9202666666666668, 4.970299727520436, 2.353846153846154, 10.927041095890411, 5.376986666666666, 2.353846153846154, 4.71343669250646]",77.58928730062705,11.736044794201248
D_05_adz_raw_20260301_2205,2026-03-01 21:57:32.858,2026-03-01 21:57:44.237,"[Timestamp('2026-03-01 21:57:44.237000'), Timestamp('2026-03-01 21:57:45.226000'), Timestamp('2026-03-01 21:57:45.866000'), Timestamp('2026-03-01 21:57:46.016000'), Timestamp('2026-03-01 21:57:46.086000'), Timestamp('2026-03-01 21:57:46.106000'), Timestamp('2026-03-01 21:57:46.136000'), Timestamp('2026-03-01 21:57:46.246000'), Timestamp('2026-03-01 21:57:46.456000'), Timestamp('2026-03-01 21:57:47.045000'), Timestamp('2026-03-01 21:57:47.474000'), Timestamp('2026-03-01 21:57:47.554000'), Timestamp('2026-03-01 21:57:48.044000'), Timestamp('2026-03-01 21:57:48.194000'), Timestamp('2026-03-01 21:57:48.973000'), Timestamp('2026-03-01 21:57:49.392000'), Timestamp('2026-03-01 21:57:49.452000'), Timestamp('2026-03-01 21:57:49.472000'), Timestamp('2026-03-01 21:57:49.542000'), Timestamp('2026-03-01 21:57:49.952000'), Timestamp('2026-03-01 21:57:49.982000'), Timestamp('2026-03-01 21:57:50.132000'), Timestamp('2026-03-01 21:57:50.851000'), Timestamp('2026-03-01 21:57:51.380000'), Timestamp('2026-03-01 21:57:51.520000'), Timestamp('2026-03-01 21:57:52.279000')]","[0.989, 0.64, 0.15, 0.07, 0.02, 0.03, 0.11, 0.21, 0.589, 0.429, 0.08, 0.49, 0.15, 0.779, 0.419, 0.06, 0.02, 0.07, 0.41, 0.03, 0.15, 0.719, 0.529, 0.14, 0.759]","[13.581267217630854, 13.581267217630854, 13.694444444444445, 14.126074498567336, 13.80952380952381, 13.80952380952381, 13.732590529247911, 14.126074498567336, 13.80952380952381, 13.80952380952381, 13.732590529247911, 14.126074498567336, 13.80952380952381, 13.80952380952381, 13.732590529247911, 13.732590529247911]","[13.431873278236914, 8.692011019283747, 2.0541666666666667, 0.9888252148997136, 0.2761904761904762, 0.4142857142857143, 1.5105849582172703, 2.9664756446991403, 8.133809523809523, 5.924285714285714, 1.098607242339833, 6.921776504297995, 2.0714285714285716, 10.757619047619048, 5.753955431754875, 0.8239554317548746]",71.81985043977006,11.712104221158544
