file,timestamp_raw,timestamp,timestamp_serie,delta_t,velocity,length,total_length,first_peak_raw
ADTC1_adz_raw_20260614_0028,2026-06-14 00:27:35.274,2026-06-14 00:27:45.302,"[Timestamp('2026-06-14 00:27:45.302000'), Timestamp('2026-06-14 00:27:45.421000'), Timestamp('2026-06-14 00:27:46.164000'), Timestamp('2026-06-14 00:27:46.284000'), Timestamp('2026-06-14 00:27:46.493000'), Timestamp('2026-06-14 00:27:46.614000'), Timestamp('2026-06-14 00:27:47.389000'), Timestamp('2026-06-14 00:27:47.504000'), Timestamp('2026-06-14 00:27:47.715000'), Timestamp('2026-06-14 00:27:47.829000'), Timestamp('2026-06-14 00:27:48.599000'), Timestamp('2026-06-14 00:27:48.717000'), Timestamp('2026-06-14 00:27:48.931000'), Timestamp('2026-06-14 00:27:49.047000'), Timestamp('2026-06-14 00:27:49.797000'), Timestamp('2026-06-14 00:27:49.917000')]","[0.119, 0.743, 0.12, 0.209, 0.121, 0.775, 0.115, 0.211, 0.114, 0.77, 0.118, 0.214, 0.116, 0.75, 0.12]","[21.201678154030567, 21.31499242806663, 21.05289077120063, 21.125963557712865, 20.978240654640135, 21.395598702493444, 21.48145539981242, 21.249905750390013, 21.431506551906374, 21.01710582771763, 21.053916740536458, 20.672945355841172, 21.20537651741541, 21.056779421000137, 21.135275728301565, 20.694544542976217]","[2.5229997003296374, 15.837039374053507, 2.5263468925440757, 4.415326383561989, 2.5383671192114563, 16.58158899443242, 2.4703673709784284, 4.483730113332292, 2.4431917469173268, 16.183171487342573, 2.484362175383302, 4.424010306150011, 2.4598236760201875, 15.792584565750102, 2.536233087396188]",97.6991429934035,9.91401695431946
ADTC1_adz_raw_20260614_0055,2026-06-14 00:54:40.792,2026-06-14 00:54:50.829,"[Timestamp('2026-06-14 00:54:50.829000'), Timestamp('2026-06-14 00:54:50.938000'), Timestamp('2026-06-14 00:54:51.532000'), Timestamp('2026-06-14 00:54:51.647000'), Timestamp('2026-06-14 00:54:52.270000'), Timestamp('2026-06-14 00:54:52.392000'), Timestamp('2026-06-14 00:54:52.978000'), Timestamp('2026-06-14 00:54:53.087000')]","[0.109, 0.594, 0.115, 0.623, 0.122, 0.586, 0.109]","[22.29084007787901, 22.217509608675456, 22.43338638527217, 22.30098822156584, 22.140221402214017, 22.30272887743905, 22.14022140221402, 22.708083124067407]","[2.429701568488812, 13.19720070755322, 2.5798394343062996, 13.893515662035519, 2.70110701107011, 13.069399122179282, 2.413284132841328]",50.28404763847457,9.927652653298724
ADTC1_adz_raw_20260614_0059,2026-06-14 00:58:00.365,2026-06-14 00:58:10.429,"[Timestamp('2026-06-14 00:58:10.429000'), Timestamp('2026-06-14 00:58:10.546000'), Timestamp('2026-06-14 00:58:10.898000'), Timestamp('2026-06-14 00:58:11.018000'), Timestamp('2026-06-14 00:58:11.282000'), Timestamp('2026-06-14 00:58:11.403000'), Timestamp('2026-06-14 00:58:11.756000'), Timestamp('2026-06-14 00:58:11.875000'), Timestamp('2026-06-14 00:58:12.087000'), Timestamp('2026-06-14 00:58:12.165000'), Timestamp('2026-06-14 00:58:12.498000'), Timestamp('2026-06-14 00:58:12.571000'), Timestamp('2026-06-14 00:58:12.726000'), Timestamp('2026-06-14 00:58:12.803000'), Timestamp('2026-06-14 00:58:13.133000'), Timestamp('2026-06-14 00:58:13.211000'), Timestamp('2026-06-14 00:58:13.363000'), Timestamp('2026-06-14 00:58:13.439000'), Timestamp('2026-06-14 00:58:13.771000'), Timestamp('2026-06-14 00:58:13.848000'), Timestamp('2026-06-14 00:58:14'), Timestamp('2026-06-14 00:58:14.077000'), Timestamp('2026-06-14 00:58:14.410000'), Timestamp('2026-06-14 00:58:14.489000'), Timestamp('2026-06-14 00:58:14.638000'), Timestamp('2026-06-14 00:58:14.716000'), Timestamp('2026-06-14 00:58:15.047000'), Timestamp('2026-06-14 00:58:15.122000'), Timestamp('2026-06-14 00:58:15.275000'), Timestamp('2026-06-14 00:58:15.352000'), Timestamp('2026-06-14 00:58:15.683000'), Timestamp('2026-06-14 00:58:15.759000'), Timestamp('2026-06-14 00:58:15.912000'), Timestamp('2026-06-14 00:58:15.988000'), Timestamp('2026-06-14 00:58:16.321000'), Timestamp('2026-06-14 00:58:16.396000'), Timestamp('2026-06-14 00:58:16.549000'), Timestamp('2026-06-14 00:58:16.626000'), Timestamp('2026-06-14 00:58:16.956000'), Timestamp('2026-06-14 00:58:17.033000'), Timestamp('2026-06-14 00:58:17.185000'), Timestamp('2026-06-14 00:58:17.264000'), Timestamp('2026-06-14 00:58:17.597000'), Timestamp('2026-06-14 00:58:17.674000'), Timestamp('2026-06-14 00:58:17.822000'), Timestamp('2026-06-14 00:58:17.901000'), Timestamp('2026-06-14 00:58:18.236000'), Timestamp('2026-06-14 00:58:18.311000'), Timestamp('2026-06-14 00:58:18.463000'), Timestamp('2026-06-14 00:58:18.540000'), Timestamp('2026-06-14 00:58:18.876000'), Timestamp('2026-06-14 00:58:18.950000'), Timestamp('2026-06-14 00:58:19.102000'), Timestamp('2026-06-14 00:58:19.179000'), Timestamp('2026-06-14 00:58:19.513000'), Timestamp('2026-06-14 00:58:19.593000'), Timestamp('2026-06-14 00:58:19.743000'), Timestamp('2026-06-14 00:58:19.819000'), Timestamp('2026-06-14 00:58:20.153000'), Timestamp('2026-06-14 00:58:20.228000'), Timestamp('2026-06-14 00:58:20.384000'), Timestamp('2026-06-14 00:58:20.459000'), Timestamp('2026-06-14 00:58:20.795000'), Timestamp('2026-06-14 00:58:20.873000'), Timestamp('2026-06-14 00:58:21.023000'), Timestamp('2026-06-14 00:58:21.102000'), Timestamp('2026-06-14 00:58:21.519000'), Timestamp('2026-06-14 00:58:21.747000'), Timestamp('2026-06-14 00:58:22.153000'), Timestamp('2026-06-14 00:58:22.297000'), Timestamp('2026-06-14 00:58:24.722000'), Timestamp('2026-06-14 00:58:24.869000'), Timestamp('2026-06-14 00:58:25.287000'), Timestamp('2026-06-14 00:58:25.367000'), Timestamp('2026-06-14 00:58:25.515000'), Timestamp('2026-06-14 00:58:25.593000'), Timestamp('2026-06-14 00:58:25.928000'), Timestamp('2026-06-14 00:58:26.009000'), Timestamp('2026-06-14 00:58:26.162000'), Timestamp('2026-06-14 00:58:26.239000'), Timestamp('2026-06-14 00:58:26.568000'), Timestamp('2026-06-14 00:58:26.653000'), Timestamp('2026-06-14 00:58:26.806000'), Timestamp('2026-06-14 00:58:26.884000'), Timestamp('2026-06-14 00:58:27.222000'), Timestamp('2026-06-14 00:58:27.300000')]","[0.117, 0.352, 0.12, 0.264, 0.121, 0.353, 0.119, 0.212, 0.078, 0.333, 0.073, 0.155, 0.077, 0.33, 0.078, 0.152, 0.076, 0.332, 0.077, 0.152, 0.077, 0.333, 0.079, 0.149, 0.078, 0.331, 0.075, 0.153, 0.077, 0.331, 0.076, 0.153, 0.076, 0.333, 0.075, 0.153, 0.077, 0.33, 0.077, 0.152, 0.079, 0.333, 0.077, 0.148, 0.079, 0.335, 0.075, 0.152, 0.077, 0.336, 0.074, 0.152, 0.077, 0.334, 0.08, 0.15, 0.076, 0.334, 0.075, 0.156, 0.075, 0.336, 0.078, 0.15, 0.079, 0.417, 0.228, 0.406, 0.144, 2.425, 0.147, 0.418, 0.08, 0.148, 0.078, 0.335, 0.081, 0.153, 0.077, 0.329, 0.085, 0.153, 0.078, 0.338, 0.078]","[nan, nan, nan, nan, nan, nan, nan, nan, nan, nan, nan, nan, nan, nan, nan, nan, nan, nan, nan, nan, nan, nan, nan, nan, nan, nan, nan, nan, nan, nan, nan, nan, nan, nan, nan, nan, nan, nan, nan, nan, nan, nan, nan, nan, nan, nan, nan, nan, nan, nan, nan, nan, nan, nan, nan, nan, nan, nan, nan, nan, nan, nan, nan, nan, nan, nan, nan, nan, nan, nan, nan, nan, nan, nan, nan, nan, nan, nan, nan, nan, nan, nan, nan, nan, nan, nan, nan, nan, nan, nan, nan, nan]","[nan, nan, nan, nan, nan, nan, nan, nan, nan, nan, nan, nan, nan, nan, nan, nan, nan, nan, nan, nan, nan, nan, nan, nan, nan, nan, nan, nan, nan, nan, nan, nan, nan, nan, nan, nan, nan, nan, nan, nan, nan, nan, nan, nan, nan, nan, nan, nan, nan, nan, nan, nan, nan, nan, nan, nan, nan, nan, nan, nan, nan, nan, nan, nan, nan, nan, nan, nan, nan, nan, nan, nan, nan, nan, nan, nan, nan, nan, nan, nan, nan, nan, nan, nan, nan]",,22.47611633363752
ADTC1_adz_raw_20260614_0157,2026-06-14 01:55:49.115,2026-06-14 01:55:59.144,"[Timestamp('2026-06-14 01:55:59.144000'), Timestamp('2026-06-14 01:55:59.251000'), Timestamp('2026-06-14 01:55:59.832000'), Timestamp('2026-06-14 01:55:59.954000'), Timestamp('2026-06-14 01:56:00.570000'), Timestamp('2026-06-14 01:56:00.697000'), Timestamp('2026-06-14 01:56:01.280000'), Timestamp('2026-06-14 01:56:01.383000')]","[0.107, 0.581, 0.122, 0.616, 0.127, 0.583, 0.103]","[22.86780383795309, 22.503919568713236, 22.098780462086193, 21.897810218978098, 21.546898265248668, 22.687458526874586, 22.309293702148917, 22.184511858139672]","[2.4468550106609808, 13.07477726942239, 2.6960512163745154, 13.489051094890508, 2.736456079686581, 13.226788321167883, 2.2978572513213384]",49.9678362435242,9.915628782530382
ADTC1_adz_raw_20260614_0237,2026-06-14 02:35:44.822,2026-06-14 02:35:54.840,"[Timestamp('2026-06-14 02:35:54.840000'), Timestamp('2026-06-14 02:35:54.958000'), Timestamp('2026-06-14 02:35:55.310000'), Timestamp('2026-06-14 02:35:55.427000'), Timestamp('2026-06-14 02:35:55.648000'), Timestamp('2026-06-14 02:35:55.726000'), Timestamp('2026-06-14 02:35:56.268000'), Timestamp('2026-06-14 02:35:56.736000'), Timestamp('2026-06-14 02:35:56.985000'), Timestamp('2026-06-14 02:35:57.599000'), Timestamp('2026-06-14 02:35:58.066000'), Timestamp('2026-06-14 02:35:58.144000'), Timestamp('2026-06-14 02:35:58.393000'), Timestamp('2026-06-14 02:35:58.934000'), Timestamp('2026-06-14 02:35:59.472000'), Timestamp('2026-06-14 02:35:59.649000'), Timestamp('2026-06-14 02:35:59.726000'), Timestamp('2026-06-14 02:36:00.266000'), Timestamp('2026-06-14 02:36:00.807000'), Timestamp('2026-06-14 02:36:00.983000'), Timestamp('2026-06-14 02:36:01.058000'), Timestamp('2026-06-14 02:36:01.528000'), Timestamp('2026-06-14 02:36:02.316000'), Timestamp('2026-06-14 02:36:02.392000'), Timestamp('2026-06-14 02:36:02.859000'), Timestamp('2026-06-14 02:36:02.934000'), Timestamp('2026-06-14 02:36:03.402000'), Timestamp('2026-06-14 02:36:03.474000'), Timestamp('2026-06-14 02:36:03.652000'), Timestamp('2026-06-14 02:36:03.725000'), Timestamp('2026-06-14 02:36:04.189000'), Timestamp('2026-06-14 02:36:04.269000'), Timestamp('2026-06-14 02:36:04.808000'), Timestamp('2026-06-14 02:36:04.988000'), Timestamp('2026-06-14 02:36:05.067000'), Timestamp('2026-06-14 02:36:05.629000'), Timestamp('2026-06-14 02:36:05.706000'), Timestamp('2026-06-14 02:36:06.342000'), Timestamp('2026-06-14 02:36:06.532000'), Timestamp('2026-06-14 02:36:06.607000'), Timestamp('2026-06-14 02:36:07.172000'), Timestamp('2026-06-14 02:36:07.249000'), Timestamp('2026-06-14 02:36:07.886000'), Timestamp('2026-06-14 02:36:08.075000'), Timestamp('2026-06-14 02:36:08.149000'), Timestamp('2026-06-14 02:36:08.714000'), Timestamp('2026-06-14 02:36:08.790000'), Timestamp('2026-06-14 02:36:09.429000'), Timestamp('2026-06-14 02:36:09.609000'), Timestamp('2026-06-14 02:36:09.685000'), Timestamp('2026-06-14 02:36:10.150000'), Timestamp('2026-06-14 02:36:10.224000'), Timestamp('2026-06-14 02:36:10.695000'), Timestamp('2026-06-14 02:36:10.767000'), Timestamp('2026-06-14 02:36:11.020000'), Timestamp('2026-06-14 02:36:11.560000'), Timestamp('2026-06-14 02:36:12.347000'), Timestamp('2026-06-14 02:36:13.682000'), Timestamp('2026-06-14 02:36:14.768000'), Timestamp('2026-06-14 02:36:16.277000'), Timestamp('2026-06-14 02:36:17.438000'), Timestamp('2026-06-14 02:36:17.656000'), Timestamp('2026-06-14 02:36:17.774000'), Timestamp('2026-06-14 02:36:18.126000'), Timestamp('2026-06-14 02:36:18.245000')]","[0.118, 0.352, 0.117, 0.221, 0.078, 0.542, 0.468, 0.249, 0.614, 0.467, 0.078, 0.249, 0.541, 0.538, 0.177, 0.077, 0.54, 0.541, 0.176, 0.075, 0.47, 0.788, 0.076, 0.467, 0.075, 0.468, 0.072, 0.178, 0.073, 0.464, 0.08, 0.539, 0.18, 0.079, 0.562, 0.077, 0.636, 0.19, 0.075, 0.565, 0.077, 0.637, 0.189, 0.074, 0.565, 0.076, 0.639, 0.18, 0.076, 0.465, 0.074, 0.471, 0.072, 0.253, 0.54, 0.787, 1.335, 1.086, 1.509, 1.161, 0.218, 0.118, 0.352, 0.119]","[nan, nan, nan, nan, nan, nan, nan, nan, nan, nan, nan, nan, nan, nan, nan, nan, nan, nan, nan, nan, nan, nan, nan, nan, nan, nan, nan, nan, nan, nan, nan, nan, nan, nan, nan, nan, nan, nan, nan, nan, nan, nan, nan, nan, nan, nan, nan, nan, nan, nan, nan, nan, nan, nan, nan, nan, nan, nan, nan, nan, nan, nan, nan, nan, nan, nan, nan, nan, nan, nan, nan, nan, nan, nan]","[nan, nan, nan, nan, nan, nan, nan, nan, nan, nan, nan, nan, nan, nan, nan, nan, nan, nan, nan, nan, nan, nan, nan, nan, nan, nan, nan, nan, nan, nan, nan, nan, nan, nan, nan, nan, nan, nan, nan, nan, nan, nan, nan, nan, nan, nan, nan, nan, nan, nan, nan, nan, nan, nan, nan, nan, nan, nan, nan, nan, nan, nan, nan, nan]",,9.908894570910808
ADTC1_adz_raw_20260614_0436,2026-06-14 04:35:29.349,2026-06-14 04:35:39.421,"[Timestamp('2026-06-14 04:35:39.421000'), Timestamp('2026-06-14 04:35:39.536000'), Timestamp('2026-06-14 04:35:39.910000'), Timestamp('2026-06-14 04:35:40.029000'), Timestamp('2026-06-14 04:35:40.266000'), Timestamp('2026-06-14 04:35:40.374000'), Timestamp('2026-06-14 04:35:41.117000'), Timestamp('2026-06-14 04:35:41.225000'), Timestamp('2026-06-14 04:35:41.451000'), Timestamp('2026-06-14 04:35:41.563000'), Timestamp('2026-06-14 04:35:42.304000'), Timestamp('2026-06-14 04:35:42.410000'), Timestamp('2026-06-14 04:35:42.634000'), Timestamp('2026-06-14 04:35:42.749000'), Timestamp('2026-06-14 04:35:43.485000'), Timestamp('2026-06-14 04:35:43.600000'), Timestamp('2026-06-14 04:35:43.819000'), Timestamp('2026-06-14 04:35:43.931000'), Timestamp('2026-06-14 04:35:44.673000'), Timestamp('2026-06-14 04:35:44.786000'), Timestamp('2026-06-14 04:35:45.009000'), Timestamp('2026-06-14 04:35:45.123000'), Timestamp('2026-06-14 04:35:45.867000'), Timestamp('2026-06-14 04:35:45.974000'), Timestamp('2026-06-14 04:35:46.200000'), Timestamp('2026-06-14 04:35:46.306000'), Timestamp('2026-06-14 04:35:47.058000'), Timestamp('2026-06-14 04:35:47.166000'), Timestamp('2026-06-14 04:35:47.388000'), Timestamp('2026-06-14 04:35:47.500000'), Timestamp('2026-06-14 04:35:48.242000'), Timestamp('2026-06-14 04:35:48.355000'), Timestamp('2026-06-14 04:35:48.577000'), Timestamp('2026-06-14 04:35:48.689000'), Timestamp('2026-06-14 04:35:49.438000'), Timestamp('2026-06-14 04:35:49.547000'), Timestamp('2026-06-14 04:35:49.773000'), Timestamp('2026-06-14 04:35:49.883000'), Timestamp('2026-06-14 04:35:50.631000'), Timestamp('2026-06-14 04:35:50.743000'), Timestamp('2026-06-14 04:35:50.964000'), Timestamp('2026-06-14 04:35:51.076000'), Timestamp('2026-06-14 04:35:51.821000'), Timestamp('2026-06-14 04:35:51.935000'), Timestamp('2026-06-14 04:35:52.161000'), Timestamp('2026-06-14 04:35:52.268000'), Timestamp('2026-06-14 04:35:53.015000'), Timestamp('2026-06-14 04:35:53.128000')]","[0.115, 0.374, 0.119, 0.237, 0.108, 0.743, 0.108, 0.226, 0.112, 0.741, 0.106, 0.224, 0.115, 0.736, 0.115, 0.219, 0.112, 0.742, 0.113, 0.223, 0.114, 0.744, 0.107, 0.226, 0.106, 0.752, 0.108, 0.222, 0.112, 0.742, 0.113, 0.222, 0.112, 0.749, 0.109, 0.226, 0.11, 0.748, 0.112, 0.221, 0.112, 0.745, 0.114, 0.226, 0.107, 0.747, 0.113]","[21.300357482350744, 21.62838093625746, 22.095454301514273, 21.818181818181817, 22.145045965270683, 21.859795312050757, 21.41186609547866, 22.072181927525236, 22.304832713754642, 22.566744145758967, 22.059121690117998, 21.698736046562132, 22.46682570083615, 23.479586021194528, 21.707175529915297, 22.45254745254745, 22.096602177763735, 21.698723364019514, 21.865496127488747, 21.90389858524604, 21.978021978021978, 22.481775327709567, 22.460328099215573, 21.20723362658846, 22.25763468740997, 21.746267284736902, 21.724024452031117, 22.041894693420673, 22.194651067731122, 21.961505715029354, 20.75616529792483, 21.831108329856768, 21.556815474021896, 22.58547115135398, 21.761959134088897, 21.885252294174222, 21.882778238710447, 21.907984337759622, 21.844771074721415, 22.006468435039864, 22.12910403442877, 21.36777620146615, 21.13016004760712, 21.780400807246444, 22.725466801669636, 21.454570474499672, 21.168315085521513, 21.241144433189433]","[2.4495411104703355, 8.08901447016029, 2.6293590618801983, 5.17090909090909, 2.391664964249234, 16.241827916853712, 2.3124815383116952, 4.988313115620703, 2.49814126394052, 16.721957412007395, 2.3382668991525075, 4.860516874429917, 2.583684955596157, 17.28097531159917, 2.4963251859402593, 4.917107892107891, 2.4748194439095386, 16.10045273610248, 2.4708010624062284, 4.8845693845098666, 2.5054945054945055, 16.72644084381592, 2.4032551066160663, 4.792834799608992, 2.3593092768654564, 16.35319299812215, 2.3461946408193604, 4.89330062193939, 2.485800919585886, 16.29543724055178, 2.345446678665506, 4.846506049228203, 2.4143633330904524, 16.91651789236413, 2.3720535456156897, 4.946067018483374, 2.407105606258149, 16.387172284644198, 2.4466143603687986, 4.86342952414381, 2.4784596518560225, 15.918993270092281, 2.4088382454272117, 4.922370582437696, 2.431624947778651, 16.026564144451253, 2.3920196046639313]",301.586137383146,9.962624023895206
ADTC1_adz_raw_20260614_0442,2026-06-14 04:40:51.090,2026-06-14 04:41:01.113,"[Timestamp('2026-06-14 04:41:01.113000'), Timestamp('2026-06-14 04:41:01.253000'), Timestamp('2026-06-14 04:41:01.550000'), Timestamp('2026-06-14 04:41:01.688000'), Timestamp('2026-06-14 04:41:02.008000'), Timestamp('2026-06-14 04:41:02.587000'), Timestamp('2026-06-14 04:41:02.660000'), Timestamp('2026-06-14 04:41:03.232000'), Timestamp('2026-06-14 04:41:03.497000'), Timestamp('2026-06-14 04:41:03.574000'), Timestamp('2026-06-14 04:41:04.146000'), Timestamp('2026-06-14 04:41:04.221000'), Timestamp('2026-06-14 04:41:04.869000'), Timestamp('2026-06-14 04:41:05.133000'), Timestamp('2026-06-14 04:41:05.710000'), Timestamp('2026-06-14 04:41:05.779000'), Timestamp('2026-06-14 04:41:06.428000'), Timestamp('2026-06-14 04:41:06.618000'), Timestamp('2026-06-14 04:41:06.693000'), Timestamp('2026-06-14 04:41:07.338000'), Timestamp('2026-06-14 04:41:07.912000'), Timestamp('2026-06-14 04:41:07.985000'), Timestamp('2026-06-14 04:41:08.179000'), Timestamp('2026-06-14 04:41:08.255000'), Timestamp('2026-06-14 04:41:08.824000'), Timestamp('2026-06-14 04:41:08.902000'), Timestamp('2026-06-14 04:41:09.473000'), Timestamp('2026-06-14 04:41:09.549000'), Timestamp('2026-06-14 04:41:09.737000'), Timestamp('2026-06-14 04:41:09.812000'), Timestamp('2026-06-14 04:41:10.460000'), Timestamp('2026-06-14 04:41:11.031000'), Timestamp('2026-06-14 04:41:11.106000'), Timestamp('2026-06-14 04:41:11.295000'), Timestamp('2026-06-14 04:41:11.369000'), Timestamp('2026-06-14 04:41:11.939000'), Timestamp('2026-06-14 04:41:12.016000'), Timestamp('2026-06-14 04:41:12.584000'), Timestamp('2026-06-14 04:41:12.662000'), Timestamp('2026-06-14 04:41:12.847000'), Timestamp('2026-06-14 04:41:12.929000'), Timestamp('2026-06-14 04:41:13.499000'), Timestamp('2026-06-14 04:41:13.573000'), Timestamp('2026-06-14 04:41:14.215000'), Timestamp('2026-06-14 04:41:14.404000'), Timestamp('2026-06-14 04:41:14.478000'), Timestamp('2026-06-14 04:41:15.125000'), Timestamp('2026-06-14 04:41:15.696000'), Timestamp('2026-06-14 04:41:15.770000'), Timestamp('2026-06-14 04:41:15.960000'), Timestamp('2026-06-14 04:41:16.033000'), Timestamp('2026-06-14 04:41:16.601000'), Timestamp('2026-06-14 04:41:16.678000'), Timestamp('2026-06-14 04:41:17.254000'), Timestamp('2026-06-14 04:41:17.326000'), Timestamp('2026-06-14 04:41:17.512000'), Timestamp('2026-06-14 04:41:17.595000'), Timestamp('2026-06-14 04:41:18.161000'), Timestamp('2026-06-14 04:41:18.233000'), Timestamp('2026-06-14 04:41:18.801000'), Timestamp('2026-06-14 04:41:18.884000'), Timestamp('2026-06-14 04:41:19.061000'), Timestamp('2026-06-14 04:41:19.148000'), Timestamp('2026-06-14 04:41:19.716000'), Timestamp('2026-06-14 04:41:19.788000'), Timestamp('2026-06-14 04:41:20.358000'), Timestamp('2026-06-14 04:41:20.434000'), Timestamp('2026-06-14 04:41:20.692000'), Timestamp('2026-06-14 04:41:21.341000'), Timestamp('2026-06-14 04:41:21.910000'), Timestamp('2026-06-14 04:41:21.988000'), Timestamp('2026-06-14 04:41:22.172000'), Timestamp('2026-06-14 04:41:22.211000'), Timestamp('2026-06-14 04:41:22.778000'), Timestamp('2026-06-14 04:41:22.852000'), Timestamp('2026-06-14 04:41:23.422000'), Timestamp('2026-06-14 04:41:23.499000'), Timestamp('2026-06-14 04:41:23.685000'), Timestamp('2026-06-14 04:41:23.761000'), Timestamp('2026-06-14 04:41:24.337000'), Timestamp('2026-06-14 04:41:24.408000'), Timestamp('2026-06-14 04:41:24.979000'), Timestamp('2026-06-14 04:41:25.054000'), Timestamp('2026-06-14 04:41:25.317000'), Timestamp('2026-06-14 04:41:25.961000'), Timestamp('2026-06-14 04:41:26.532000'), Timestamp('2026-06-14 04:41:26.610000'), Timestamp('2026-06-14 04:41:26.799000'), Timestamp('2026-06-14 04:41:26.873000'), Timestamp('2026-06-14 04:41:27.445000'), Timestamp('2026-06-14 04:41:27.521000'), Timestamp('2026-06-14 04:41:28.091000'), Timestamp('2026-06-14 04:41:28.168000'), Timestamp('2026-06-14 04:41:28.430000'), Timestamp('2026-06-14 04:41:29.073000')]","[0.14, 0.297, 0.138, 0.32, 0.579, 0.073, 0.572, 0.265, 0.077, 0.572, 0.075, 0.648, 0.264, 0.577, 0.069, 0.649, 0.19, 0.075, 0.645, 0.574, 0.073, 0.194, 0.076, 0.569, 0.078, 0.571, 0.076, 0.188, 0.075, 0.648, 0.571, 0.075, 0.189, 0.074, 0.57, 0.077, 0.568, 0.078, 0.185, 0.082, 0.57, 0.074, 0.642, 0.189, 0.074, 0.647, 0.571, 0.074, 0.19, 0.073, 0.568, 0.077, 0.576, 0.072, 0.186, 0.083, 0.566, 0.072, 0.568, 0.083, 0.177, 0.087, 0.568, 0.072, 0.57, 0.076, 0.258, 0.649, 0.569, 0.078, 0.184, 0.039, 0.567, 0.074, 0.57, 0.077, 0.186, 0.076, 0.576, 0.071, 0.571, 0.075, 0.263, 0.644, 0.571, 0.078, 0.189, 0.074, 0.572, 0.076, 0.57, 0.077, 0.262, 0.643]","[nan, nan, nan, nan, nan, nan, nan, nan, nan, nan, nan, nan, nan, nan, nan, nan, nan, nan, nan, nan, nan, nan, nan, nan, nan, nan, nan, nan, nan, nan, nan, nan, nan, nan, nan, nan, nan, nan, nan, nan, nan, nan, nan, nan, nan, nan, nan, nan, nan, nan, nan, nan, nan, nan, nan, nan, nan, nan, nan, nan, nan, nan, nan, nan, nan, nan, nan, nan, nan, nan, nan, nan, nan, nan, nan, nan, nan, nan, nan, nan, nan, nan, nan, nan, nan, nan, nan, nan, nan, nan, nan, nan, nan, nan, nan, nan, nan, nan]","[nan, nan, nan, nan, nan, nan, nan, nan, nan, nan, nan, nan, nan, nan, nan, nan, nan, nan, nan, nan, nan, nan, nan, nan, nan, nan, nan, nan, nan, nan, nan, nan, nan, nan, nan, nan, nan, nan, nan, nan, nan, nan, nan, nan, nan, nan, nan, nan, nan, nan, nan, nan, nan, nan, nan, nan, nan, nan, nan, nan, nan, nan, nan, nan, nan, nan, nan, nan, nan, nan, nan, nan, nan, nan, nan, nan, nan, nan, nan, nan, nan, nan, nan, nan, nan, nan, nan, nan, nan, nan, nan, nan, nan, nan]",,9.918647036569611
ADTC1_adz_raw_20260614_0459,2026-06-14 04:57:43.259,2026-06-14 04:57:53.319,"[Timestamp('2026-06-14 04:57:53.319000'), Timestamp('2026-06-14 04:57:53.435000'), Timestamp('2026-06-14 04:57:54.289000'), Timestamp('2026-06-14 04:57:54.403000'), Timestamp('2026-06-14 04:57:54.752000'), Timestamp('2026-06-14 04:57:54.862000'), Timestamp('2026-06-14 04:57:55.727000'), Timestamp('2026-06-14 04:57:55.837000'), Timestamp('2026-06-14 04:57:56.180000'), Timestamp('2026-06-14 04:57:56.305000'), Timestamp('2026-06-14 04:57:57.151000'), Timestamp('2026-06-14 04:57:57.286000'), Timestamp('2026-06-14 04:57:57.623000'), Timestamp('2026-06-14 04:57:57.743000'), Timestamp('2026-06-14 04:57:58.598000'), Timestamp('2026-06-14 04:57:58.712000'), Timestamp('2026-06-14 04:57:59.052000'), Timestamp('2026-06-14 04:57:59.184000'), Timestamp('2026-06-14 04:58:00.032000'), Timestamp('2026-06-14 04:58:00.160000'), Timestamp('2026-06-14 04:58:00.505000'), Timestamp('2026-06-14 04:58:00.617000'), Timestamp('2026-06-14 04:58:01.481000'), Timestamp('2026-06-14 04:58:01.597000'), Timestamp('2026-06-14 04:58:01.943000'), Timestamp('2026-06-14 04:58:02.066000'), Timestamp('2026-06-14 04:58:02.914000'), Timestamp('2026-06-14 04:58:03.049000'), Timestamp('2026-06-14 04:58:03.378000'), Timestamp('2026-06-14 04:58:03.509000'), Timestamp('2026-06-14 04:58:04.363000'), Timestamp('2026-06-14 04:58:04.490000'), Timestamp('2026-06-14 04:58:04.836000'), Timestamp('2026-06-14 04:58:04.947000'), Timestamp('2026-06-14 04:58:05.814000'), Timestamp('2026-06-14 04:58:05.931000'), Timestamp('2026-06-14 04:58:06.274000'), Timestamp('2026-06-14 04:58:06.403000'), Timestamp('2026-06-14 04:58:07.259000'), Timestamp('2026-06-14 04:58:07.380000'), Timestamp('2026-06-14 04:58:07.719000'), Timestamp('2026-06-14 04:58:07.851000'), Timestamp('2026-06-14 04:58:08.710000'), Timestamp('2026-06-14 04:58:08.840000'), Timestamp('2026-06-14 04:58:09.174000'), Timestamp('2026-06-14 04:58:09.303000'), Timestamp('2026-06-14 04:58:10.162000'), Timestamp('2026-06-14 04:58:10.292000'), Timestamp('2026-06-14 04:58:10.633000'), Timestamp('2026-06-14 04:58:10.750000'), Timestamp('2026-06-14 04:58:11.622000'), Timestamp('2026-06-14 04:58:11.735000')]","[0.116, 0.854, 0.114, 0.349, 0.11, 0.865, 0.11, 0.343, 0.125, 0.846, 0.135, 0.337, 0.12, 0.855, 0.114, 0.34, 0.132, 0.848, 0.128, 0.345, 0.112, 0.864, 0.116, 0.346, 0.123, 0.848, 0.135, 0.329, 0.131, 0.854, 0.127, 0.346, 0.111, 0.867, 0.117, 0.343, 0.129, 0.856, 0.121, 0.339, 0.132, 0.859, 0.13, 0.334, 0.129, 0.859, 0.13, 0.341, 0.117, 0.872, 0.113]","[19.76984040820758, 19.800435574914445, 19.449831207016423, 19.120387195772686, 19.60411010636558, 19.369039613897826, 19.83910106464377, 19.41747572815534, 19.616168769483487, 19.417475728155342, 19.444964040377982, 20.412028390030734, 19.31509829669134, 19.968104192969633, 19.400628789728863, 19.202080113428707, 19.27882000692884, 19.269288871482125, 19.206672119511474, 19.443366397662288, 19.028708864506477, 19.143186686439286, 19.22913958249695, 19.64045771544442, 19.753919952217977, 19.09515404723073, 19.070847851335657, 19.345569873308783, 19.015357949012717, 19.645089315716607, 19.596710510928148, 19.271178949001545, 19.5482955920291, 19.40774373099214, 19.19939799612697, 19.24390654205182, 19.455218996115796, 19.2557761916038, 19.463948458632874, 18.900319030312577, 19.062732886191846, 19.243824183048567, 19.83505107080444, 19.724108657763423, 19.08318273003087, 18.844866748738575, 19.794430064334584, 19.551700071602205, 18.89341053689601, 19.23309747190757, 19.439717988735463, 18.666987033358573]","[2.293301487352079, 16.909571980976935, 2.2172807575998723, 6.673015131324667, 2.156452111700214, 16.754219266021618, 2.1823011171108146, 6.660194174757281, 2.452021096185436, 16.42718446601942, 2.6250701454510277, 6.878853567440358, 2.3178117956029607, 17.072729084989035, 2.2116716820290905, 6.528707238565761, 2.544804240914607, 16.34035696301684, 2.4584540312974688, 6.707961407193489, 2.1312153928247253, 16.539713297083544, 2.230580191569646, 6.795598369543769, 2.429732154122811, 16.192690632051658, 2.574564459930314, 6.36469248831859, 2.491011891320666, 16.776906275621982, 2.488782234887875, 6.667827916354534, 2.16986081071523, 16.826513814770188, 2.2463295655468554, 6.600659943923775, 2.5097232504989377, 16.482944420012853, 2.355137763494578, 6.407208151275964, 2.5162807409773236, 16.53044497323872, 2.578556639204577, 6.587852291692984, 2.461730572173982, 16.187740537166434, 2.573275908363496, 6.667129724416353, 2.2105290328168334, 16.7712609955034, 2.1966881327271075]",356.97514431769855,9.93725666976792
ADTC1_adz_raw_20260614_0506,2026-06-14 05:05:27.502,2026-06-14 05:05:37.524,"[Timestamp('2026-06-14 05:05:37.524000'), Timestamp('2026-06-14 05:05:37.639000'), Timestamp('2026-06-14 05:05:37.990000'), Timestamp('2026-06-14 05:05:38.107000')]","[0.115, 0.351, 0.117]","[21.541491817527593, 21.81730356376127, 21.889690213235724, 21.813357255125155]","[2.4772715590156733, 7.657873550880206, 2.5610937549485797]",12.696238864844458,9.919866543537193
ADTC1_adz_raw_20260614_0513,2026-06-14 05:12:09.347,2026-06-14 05:12:19.369,"[Timestamp('2026-06-14 05:12:19.369000'), Timestamp('2026-06-14 05:12:19.492000'), Timestamp('2026-06-14 05:12:19.850000'), Timestamp('2026-06-14 05:12:19.964000'), Timestamp('2026-06-14 05:12:20.195000'), Timestamp('2026-06-14 05:12:20.309000'), Timestamp('2026-06-14 05:12:21.112000'), Timestamp('2026-06-14 05:12:21.225000'), Timestamp('2026-06-14 05:12:21.418000'), Timestamp('2026-06-14 05:12:21.535000'), Timestamp('2026-06-14 05:12:22.327000'), Timestamp('2026-06-14 05:12:22.446000'), Timestamp('2026-06-14 05:12:22.640000'), Timestamp('2026-06-14 05:12:22.754000'), Timestamp('2026-06-14 05:12:23.557000'), Timestamp('2026-06-14 05:12:23.670000'), Timestamp('2026-06-14 05:12:23.861000'), Timestamp('2026-06-14 05:12:23.978000'), Timestamp('2026-06-14 05:12:24.782000'), Timestamp('2026-06-14 05:12:24.892000')]","[0.123, 0.358, 0.114, 0.231, 0.114, 0.803, 0.113, 0.193, 0.117, 0.792, 0.119, 0.194, 0.114, 0.803, 0.113, 0.191, 0.117, 0.804, 0.11]","[21.697429932181812, 21.980057530068148, 22.28058533859533, 21.7032967032967, 21.113329825623545, 21.894602911587167, 22.829139503302763, 22.41831452280624, 21.542227847798642, 22.272020506030962, 21.012817378549222, 22.05176371186004, 21.50674597100435, 21.894713406594935, 22.240883251586876, 22.304832713754646, 21.292591114514686, 22.06116604325497, 21.262983591750718, 21.90760205010797]","[2.6687838816583627, 7.868860595764397, 2.539986728599868, 5.013461538461538, 2.406919600121084, 17.581366138004498, 2.5796927638732123, 4.326734702901605, 2.5204406581924412, 17.639440240776523, 2.5005252680473573, 4.278042160100848, 2.451769040694496, 17.581454865495733, 2.513219807429317, 4.260223048327138, 2.4912331603982185, 17.737177498776997, 2.338928195092579]",121.29825989271623,9.915628782530382
ADTC1_adz_raw_20260614_0608,2026-06-14 06:06:54.646,2026-06-14 06:07:04.698,"[Timestamp('2026-06-14 06:07:04.698000'), Timestamp('2026-06-14 06:07:04.820000'), Timestamp('2026-06-14 06:07:05.216000'), Timestamp('2026-06-14 06:07:05.346000'), Timestamp('2026-06-14 06:07:05.592000'), Timestamp('2026-06-14 06:07:05.715000'), Timestamp('2026-06-14 06:07:06.500000'), Timestamp('2026-06-14 06:07:06.621000'), Timestamp('2026-06-14 06:07:06.854000'), Timestamp('2026-06-14 06:07:06.974000'), Timestamp('2026-06-14 06:07:07.763000'), Timestamp('2026-06-14 06:07:07.881000'), Timestamp('2026-06-14 06:07:08.114000'), Timestamp('2026-06-14 06:07:08.234000'), Timestamp('2026-06-14 06:07:09.028000'), Timestamp('2026-06-14 06:07:09.150000'), Timestamp('2026-06-14 06:07:09.383000'), Timestamp('2026-06-14 06:07:09.498000'), Timestamp('2026-06-14 06:07:10.291000'), Timestamp('2026-06-14 06:07:10.409000'), Timestamp('2026-06-14 06:07:10.646000'), Timestamp('2026-06-14 06:07:10.771000'), Timestamp('2026-06-14 06:07:11.563000'), Timestamp('2026-06-14 06:07:11.682000'), Timestamp('2026-06-14 06:07:11.922000'), Timestamp('2026-06-14 06:07:12.039000'), Timestamp('2026-06-14 06:07:12.837000'), Timestamp('2026-06-14 06:07:12.958000'), Timestamp('2026-06-14 06:07:13.198000'), Timestamp('2026-06-14 06:07:13.317000'), Timestamp('2026-06-14 06:07:14.106000'), Timestamp('2026-06-14 06:07:14.233000'), Timestamp('2026-06-14 06:07:14.461000'), Timestamp('2026-06-14 06:07:14.577000'), Timestamp('2026-06-14 06:07:15.384000'), Timestamp('2026-06-14 06:07:15.500000'), Timestamp('2026-06-14 06:07:15.738000'), Timestamp('2026-06-14 06:07:15.859000'), Timestamp('2026-06-14 06:07:16.659000'), Timestamp('2026-06-14 06:07:16.785000'), Timestamp('2026-06-14 06:07:17.024000'), Timestamp('2026-06-14 06:07:17.137000'), Timestamp('2026-06-14 06:07:18.069000'), Timestamp('2026-06-14 06:07:18.311000'), Timestamp('2026-06-14 06:07:18.425000'), Timestamp('2026-06-14 06:07:19.236000'), Timestamp('2026-06-14 06:07:19.351000'), Timestamp('2026-06-14 06:07:19.595000'), Timestamp('2026-06-14 06:07:19.718000'), Timestamp('2026-06-14 06:07:20.520000'), Timestamp('2026-06-14 06:07:20.646000'), Timestamp('2026-06-14 06:07:20.882000'), Timestamp('2026-06-14 06:07:21.007000'), Timestamp('2026-06-14 06:07:21.818000'), Timestamp('2026-06-14 06:07:21.931000'), Timestamp('2026-06-14 06:07:22.176000'), Timestamp('2026-06-14 06:07:22.292000'), Timestamp('2026-06-14 06:07:23.103000'), Timestamp('2026-06-14 06:07:23.233000'), Timestamp('2026-06-14 06:07:23.594000')]","[0.122, 0.396, 0.13, 0.246, 0.123, 0.785, 0.121, 0.233, 0.12, 0.789, 0.118, 0.233, 0.12, 0.794, 0.122, 0.233, 0.115, 0.793, 0.118, 0.237, 0.125, 0.792, 0.119, 0.24, 0.117, 0.798, 0.121, 0.24, 0.119, 0.789, 0.127, 0.228, 0.116, 0.807, 0.116, 0.238, 0.121, 0.8, 0.126, 0.239, 0.113, 0.932, 0.242, 0.114, 0.811, 0.115, 0.244, 0.123, 0.802, 0.126, 0.236, 0.125, 0.811, 0.113, 0.245, 0.116, 0.811, 0.13, 0.361]","[20.630304469107962, 20.427169615818727, 21.635871372250985, 20.676031074644595, 21.29857178473484, 20.845326465687016, 20.808972676291614, 21.389089161259314, 21.6034509103304, 20.577930963994298, 19.734632692812617, 20.152946468735944, 20.582577467556835, 20.976517754868272, 19.797769797769796, 20.36803509422009, 20.512213875909385, 20.749210886784592, 20.047844098255442, 20.6998751473145, 20.105201636469904, 20.817965740513078, 20.582577467556835, 20.512228221638324, 19.498069498069498, 20.12471655328798, 20.23071980570964, 19.56736817676589, 20.751766411359828, 20.67770345002987, 19.599386620663214, 20.778561874452286, 20.52343071855789, 19.971403533047372, 20.26790097482292, 20.066968496510093, 19.62743139213727, 18.946054796074648, 19.748696064485536, 20.21015291804503, 19.83792392729998, 19.84896038783222, 19.27133269415149, 19.660007071111036, 17.922157235806733, 20.512228221638324, 19.63470319634703, 18.889381007673066, 19.83792392729998, 19.619764749900618, 18.555008210180628, 19.676163148186102, 19.187503642828002, 19.378569933311404, 19.120569009704266, 19.187503642828002, 20.26790097482292, 18.602488082781072, 18.133673783010618, 19.00438284051532, 19.37439240578716, 18.134840142953735, 18.28063524062058, 18.23265702269261]","[2.5168971452311713, 8.089159167864215, 2.812663278392628, 5.08630364436257, 2.619724329522385, 16.363581275564307, 2.517885693831285, 4.9836577745734205, 2.592414109239648, 16.2359875305915, 2.3286866577518888, 4.695636527215475, 2.46990929610682, 16.65535509736541, 2.4153279153279152, 4.745752176953281, 2.3589045957295793, 16.45412423322018, 2.365645603594142, 4.905870409913536, 2.513150204558738, 16.487828866486357, 2.4493267186392633, 4.922934773193197, 2.2812741312741314, 16.059523809523807, 2.4479170964908663, 4.696168362423813, 2.4694602029518196, 16.314708022073567, 2.489122100824228, 4.737512107375122, 2.3807179633527156, 16.11692265116923, 2.351076513079459, 4.775938502169402, 2.3749191984486098, 15.15684383685972, 2.4883357041251775, 4.830226547412762, 2.241685403784898, 18.49923108145963, 4.66366251198466, 2.241240806106658, 14.534869518239262, 2.3589062454884075, 4.790867579908675, 2.323393863943787, 15.910014989694584, 2.472090358487478, 4.378981937602628, 2.459520393523263, 15.56106545433351, 2.1897784024641886, 4.684539407377545, 2.2257504225680482, 16.43726769058139, 2.4183234507615397, 6.546256235666833]",378.4948395287603,9.93403128053188
ADTC1_adz_raw_20260614_0620,2026-06-14 06:18:34.685,2026-06-14 06:18:44.715,"[Timestamp('2026-06-14 06:18:44.715000'), Timestamp('2026-06-14 06:18:44.847000'), Timestamp('2026-06-14 06:18:45.158000'), Timestamp('2026-06-14 06:18:45.292000'), Timestamp('2026-06-14 06:18:45.550000'), Timestamp('2026-06-14 06:18:45.661000'), Timestamp('2026-06-14 06:18:46.403000'), Timestamp('2026-06-14 06:18:46.522000'), Timestamp('2026-06-14 06:18:46.737000'), Timestamp('2026-06-14 06:18:46.849000'), Timestamp('2026-06-14 06:18:47.591000'), Timestamp('2026-06-14 06:18:47.703000'), Timestamp('2026-06-14 06:18:47.926000'), Timestamp('2026-06-14 06:18:48.037000'), Timestamp('2026-06-14 06:18:48.778000'), Timestamp('2026-06-14 06:18:48.895000'), Timestamp('2026-06-14 06:18:49.116000'), Timestamp('2026-06-14 06:18:49.226000'), Timestamp('2026-06-14 06:18:49.973000'), Timestamp('2026-06-14 06:18:50.086000'), Timestamp('2026-06-14 06:18:50.310000'), Timestamp('2026-06-14 06:18:50.417000'), Timestamp('2026-06-14 06:18:51.163000'), Timestamp('2026-06-14 06:18:51.280000'), Timestamp('2026-06-14 06:18:51.497000'), Timestamp('2026-06-14 06:18:51.612000'), Timestamp('2026-06-14 06:18:52.362000'), Timestamp('2026-06-14 06:18:52.474000'), Timestamp('2026-06-14 06:18:52.695000'), Timestamp('2026-06-14 06:18:52.804000'), Timestamp('2026-06-14 06:18:53.556000'), Timestamp('2026-06-14 06:18:53.670000'), Timestamp('2026-06-14 06:18:53.887000'), Timestamp('2026-06-14 06:18:54'), Timestamp('2026-06-14 06:18:54.749000'), Timestamp('2026-06-14 06:18:54.863000'), Timestamp('2026-06-14 06:18:55.076000'), Timestamp('2026-06-14 06:18:55.193000'), Timestamp('2026-06-14 06:18:55.951000'), Timestamp('2026-06-14 06:18:56.057000'), Timestamp('2026-06-14 06:18:56.277000'), Timestamp('2026-06-14 06:18:56.391000'), Timestamp('2026-06-14 06:18:57.145000'), Timestamp('2026-06-14 06:18:57.256000'), Timestamp('2026-06-14 06:18:57.478000'), Timestamp('2026-06-14 06:18:57.593000'), Timestamp('2026-06-14 06:18:58.343000'), Timestamp('2026-06-14 06:18:58.459000'), Timestamp('2026-06-14 06:18:58.681000'), Timestamp('2026-06-14 06:18:58.785000'), Timestamp('2026-06-14 06:18:59.544000'), Timestamp('2026-06-14 06:18:59.655000')]","[0.132, 0.311, 0.134, 0.258, 0.111, 0.742, 0.119, 0.215, 0.112, 0.742, 0.112, 0.223, 0.111, 0.741, 0.117, 0.221, 0.11, 0.747, 0.113, 0.224, 0.107, 0.746, 0.117, 0.217, 0.115, 0.75, 0.112, 0.221, 0.109, 0.752, 0.114, 0.217, 0.113, 0.749, 0.114, 0.213, 0.117, 0.758, 0.106, 0.22, 0.114, 0.754, 0.111, 0.222, 0.115, 0.75, 0.116, 0.222, 0.104, 0.759, 0.111]","[22.51001302900159, 22.36270097222714, 21.707577758018303, 21.8260462941314, 22.201497949868475, 21.98217124687713, 21.610610984643227, 22.598004471312557, 22.394639030899935, 22.187286397812713, 20.656714577068254, 22.266874574911412, 22.641069262953877, 21.99136408428014, 21.726552252868046, 21.885647322368328, 21.963300633649652, 21.86136294101544, 22.77302902367928, 21.399688105779177, 21.833377828823757, 21.3281382937967, 20.9648654515162, 21.741969814241486, 21.933813313123657, 21.3565194486797, 21.419888063357256, 21.85460247615059, 20.833333333333332, 21.40949821517663, 21.818181818181817, 22.275242560736093, 20.35767903736961, 21.3364041692503, 21.276595744680854, 21.137886544050247, 20.26559293143632, 20.841411572188335, 21.93862346687386, 20.619008619008625, 20.396873571192085, 20.226334305756694, 20.850372361278904, 20.789445751315032, 20.761245674740483, 20.863041698292506, 21.115566950817758, 20.883962329905255, 21.13938692886061, 19.870496208444123, 20.666248955722644, 20.558051064337548]","[2.97132171982821, 6.954800002362641, 2.9088154195744527, 5.631119943885902, 2.464366272435401, 16.31077106518283, 2.571662707172544, 4.8585709613322, 2.5081995714607928, 16.462966507177033, 2.3135520326316446, 4.965513030205245, 2.5131586881878802, 16.295600786451583, 2.5420066135855617, 4.8367280582434, 2.4159630697014616, 16.330438116938534, 2.5733522796757584, 4.793530135694536, 2.336171427684142, 15.91079116717234, 2.4528892578273958, 4.718007449690402, 2.522388531009221, 16.017389586509772, 2.399027463096013, 4.8298671472292805, 2.270833333333333, 16.099942657812825, 2.4872727272727273, 4.8337276356797325, 2.3004177312227663, 15.980966722768475, 2.4255319148936176, 4.502369833882702, 2.3710743729780495, 15.797789971718759, 2.325494087488629, 4.536181896181898, 2.3252435871158976, 15.250656066540548, 2.3143913321019585, 4.615256956791937, 2.3875432525951554, 15.64728127371938, 2.44940576629486, 4.636239637238967, 2.198496240601503, 15.08170662220909, 2.2939536340852134]",319.5407462664743,9.921702644794506
ADTC1_adz_raw_20260614_0626,2026-06-14 06:25:22.238,2026-06-14 06:25:32.280,"[Timestamp('2026-06-14 06:25:32.280000'), Timestamp('2026-06-14 06:25:32.419000'), Timestamp('2026-06-14 06:25:32.728000'), Timestamp('2026-06-14 06:25:32.866000'), Timestamp('2026-06-14 06:25:33.131000'), Timestamp('2026-06-14 06:25:33.243000'), Timestamp('2026-06-14 06:25:33.988000'), Timestamp('2026-06-14 06:25:34.101000'), Timestamp('2026-06-14 06:25:34.326000'), Timestamp('2026-06-14 06:25:34.437000'), Timestamp('2026-06-14 06:25:34.448000'), Timestamp('2026-06-14 06:25:35.180000'), Timestamp('2026-06-14 06:25:35.296000'), Timestamp('2026-06-14 06:25:35.521000'), Timestamp('2026-06-14 06:25:35.636000'), Timestamp('2026-06-14 06:25:36.378000'), Timestamp('2026-06-14 06:25:36.488000'), Timestamp('2026-06-14 06:25:36.715000'), Timestamp('2026-06-14 06:25:36.830000'), Timestamp('2026-06-14 06:25:37.577000'), Timestamp('2026-06-14 06:25:37.683000'), Timestamp('2026-06-14 06:25:37.914000'), Timestamp('2026-06-14 06:25:38.021000'), Timestamp('2026-06-14 06:25:38.764000'), Timestamp('2026-06-14 06:25:38.877000'), Timestamp('2026-06-14 06:25:39.104000'), Timestamp('2026-06-14 06:25:39.219000'), Timestamp('2026-06-14 06:25:39.965000'), Timestamp('2026-06-14 06:25:40.076000'), Timestamp('2026-06-14 06:25:40.304000'), Timestamp('2026-06-14 06:25:40.412000'), Timestamp('2026-06-14 06:25:41.160000'), Timestamp('2026-06-14 06:25:41.266000'), Timestamp('2026-06-14 06:25:41.488000'), Timestamp('2026-06-14 06:25:41.600000'), Timestamp('2026-06-14 06:25:42.352000'), Timestamp('2026-06-14 06:25:42.464000'), Timestamp('2026-06-14 06:25:42.675000'), Timestamp('2026-06-14 06:25:42.789000'), Timestamp('2026-06-14 06:25:43.534000'), Timestamp('2026-06-14 06:25:43.648000'), Timestamp('2026-06-14 06:25:43.864000'), Timestamp('2026-06-14 06:25:43.975000'), Timestamp('2026-06-14 06:25:44.717000'), Timestamp('2026-06-14 06:25:44.829000')]","[0.139, 0.309, 0.138, 0.265, 0.112, 0.745, 0.113, 0.225, 0.111, 0.011, 0.732, 0.116, 0.225, 0.115, 0.742, 0.11, 0.227, 0.115, 0.747, 0.106, 0.231, 0.107, 0.743, 0.113, 0.227, 0.115, 0.746, 0.111, 0.228, 0.108, 0.748, 0.106, 0.222, 0.112, 0.752, 0.112, 0.211, 0.114, 0.745, 0.114, 0.216, 0.111, 0.742, 0.112]","[21.83123437284288, 22.61262542600976, 22.141793379054057, 22.077922077922075, 20.1438926521983, 23.895711569869754, 21.533638775018083, 23.757244204636294, 20.699410136029854, 20.344773479402026, 22.68825370523796, 21.784399433292315, 22.626104559723604, 21.47962938691562, 21.92574140838748, 21.125484314460685, 21.444193336735438, 22.02657444299886, 21.871806798944625, 21.58780361954632, 22.123400174699025, 20.74081652670064, 20.87697836226011, 19.99986830495305, 21.401034590010966, 22.727352351256428, 21.672199088623508, 21.497469955724227, 19.769021739130437, 20.60701619525149, 20.974580619561056, 21.040805785123965, 20.239222701603005, 21.903520208604952, 22.888626524990165, 22.915002066400334, 20.255988338063638, 21.24715043676492, 21.71301181500578, 21.567663257277736, 20.819866408101696, 20.988420181968575, 20.23465350839058, 20.986409324972662]","[3.0345415778251605, 6.987301256637016, 3.05556748630946, 5.85064935064935, 2.2561159770462096, 17.802305119552965, 2.4333011815770433, 5.345379946043166, 2.2976345250993138, 0.22379250827342226, 16.607801712234185, 2.5269903342619084, 5.090873525937811, 2.4701573794952965, 16.26890012502351, 2.3238032745906754, 4.867831887438944, 2.533056060944869, 16.338239678811636, 2.2883071836719098, 5.1105054403554755, 2.2192673683569684, 15.511594923159262, 2.259985118459695, 4.858034851932489, 2.6136455203944893, 16.167460520113135, 2.3862191650853894, 4.50733695652174, 2.225557749087161, 15.68898630343167, 2.2303254132231403, 4.4931074397558675, 2.4531942633637547, 17.212247146792606, 2.5664802314368376, 4.274013539331428, 2.422175149791201, 16.176193802179306, 2.458713611329662, 4.497091144149966, 2.329714640198512, 15.01411290322581, 2.3504778443969383]",272.62899113749637,9.933903055829427
ADTC1_adz_raw_20260614_0630,2026-06-14 06:28:45.480,2026-06-14 06:28:55.539,"[Timestamp('2026-06-14 06:28:55.539000'), Timestamp('2026-06-14 06:28:55.655000'), Timestamp('2026-06-14 06:28:56.017000'), Timestamp('2026-06-14 06:28:56.133000'), Timestamp('2026-06-14 06:28:56.364000'), Timestamp('2026-06-14 06:28:56.471000'), Timestamp('2026-06-14 06:28:57.261000'), Timestamp('2026-06-14 06:28:57.377000'), Timestamp('2026-06-14 06:28:57.570000'), Timestamp('2026-06-14 06:28:57.684000'), Timestamp('2026-06-14 06:28:58.470000'), Timestamp('2026-06-14 06:28:58.597000'), Timestamp('2026-06-14 06:28:58.792000'), Timestamp('2026-06-14 06:28:58.900000'), Timestamp('2026-06-14 06:28:59.686000'), Timestamp('2026-06-14 06:28:59.805000'), Timestamp('2026-06-14 06:28:59.996000'), Timestamp('2026-06-14 06:29:00.109000'), Timestamp('2026-06-14 06:29:00.898000'), Timestamp('2026-06-14 06:29:01.012000')]","[0.116, 0.362, 0.116, 0.231, 0.107, 0.79, 0.116, 0.193, 0.114, 0.786, 0.127, 0.195, 0.108, 0.786, 0.119, 0.191, 0.113, 0.789, 0.114]","[21.236781544282714, 21.147779285468417, 22.233865254128485, 21.78775267468492, 22.20853858784893, 21.701593281532062, 21.67847566342443, 21.778944635180743, 21.780933173629812, 21.225695292013363, 21.82751399496547, 22.118260334852, 21.752811359093684, 21.456352636127914, 20.588998630235743, 21.111613580183338, 21.622700656532796, 21.16020570196524, 20.994816928939425, 21.47072608453915]","[2.463466659136795, 7.655496101339566, 2.5791283694789042, 5.0329708678522165, 2.3763136288998354, 17.14425869241033, 2.5147031769572337, 4.203336314589883, 2.4830263817937985, 16.683396499522505, 2.772094277360615, 4.31306076529614, 2.3493036267821177, 16.864693171996542, 2.4500908369980534, 4.032318193815017, 2.443365174188206, 16.695402298850574, 2.3934091298990947]",117.44983416716742,9.946860056873245
ADTC1_adz_raw_20260614_0644,2026-06-14 06:42:24.613,2026-06-14 06:42:34.680,"[Timestamp('2026-06-14 06:42:34.680000'), Timestamp('2026-06-14 06:42:34.824000'), Timestamp('2026-06-14 06:42:35.143000'), Timestamp('2026-06-14 06:42:35.290000'), Timestamp('2026-06-14 06:42:35.602000'), Timestamp('2026-06-14 06:42:36.035000'), Timestamp('2026-06-14 06:42:36.352000'), Timestamp('2026-06-14 06:42:36.785000'), Timestamp('2026-06-14 06:42:37.098000'), Timestamp('2026-06-14 06:42:37.536000'), Timestamp('2026-06-14 06:42:37.846000'), Timestamp('2026-06-14 06:42:38.285000'), Timestamp('2026-06-14 06:42:46.380000'), Timestamp('2026-06-14 06:42:46.895000'), Timestamp('2026-06-14 06:42:47.320000'), Timestamp('2026-06-14 06:42:47.404000'), Timestamp('2026-06-14 06:42:47.680000'), Timestamp('2026-06-14 06:42:48.196000'), Timestamp('2026-06-14 06:42:48.624000'), Timestamp('2026-06-14 06:42:48.987000'), Timestamp('2026-06-14 06:42:49.498000'), Timestamp('2026-06-14 06:42:50.013000'), Timestamp('2026-06-14 06:42:50.296000'), Timestamp('2026-06-14 06:42:50.724000'), Timestamp('2026-06-14 06:42:50.821000'), Timestamp('2026-06-14 06:42:51.324000'), Timestamp('2026-06-14 06:42:51.598000'), Timestamp('2026-06-14 06:42:52.111000'), Timestamp('2026-06-14 06:42:52.634000')]","[0.144, 0.319, 0.147, 0.312, 0.433, 0.317, 0.433, 0.313, 0.438, 0.31, 0.439, 8.095, 0.515, 0.425, 0.084, 0.276, 0.516, 0.428, 0.363, 0.511, 0.515, 0.283, 0.428, 0.097, 0.503, 0.274, 0.513, 0.523]","[20.27027027027027, 20.31602708803612, 20.31602708803612, 20.408163265306122, 20.31602708803612, 20.27027027027027, 20.408163265306122, 20.27027027027027, 20.089285714285715, 20.13422818791946, 20.044543429844097, 20.089285714285715, 25.0, 20.361990950226243, 20.179372197309416, 20.27027027027027, 20.224719101123597, 20.179372197309416, 20.27027027027027, 20.179372197309416, 20.224719101123597, 136.36363636363646, 120.00000000000007, 25.139664804469273, 15.490533562822721, 25.936599423631126, 34.351145038167935, 15.151515151515152, 25.936599423631126, 123.28767123287679, 120.00000000000007, 55.214723926380366, 113.92405063291145, 115.38461538461544, 55.55555555555556, 121.6216216216217, 116.88311688311695, 56.25, 108.43373493975909, 112.50000000000006, 116.88311688311688, 104.65116279069771, 105.88235294117652, 56.60377358490566, 20.27027027027027, 12.640449438202248, 20.689655172413794, 12.658227848101266, 20.785219399538107]","[2.918918918918919, 6.480812641083522, 2.9864559819413095, 6.36734693877551, 8.79683972911964, 6.425675675675675, 8.83673469387755, 6.344594594594595, 8.799107142857144, 6.241610738255033, 8.799554565701559, 162.6227678571429, 12.875, 8.653846153846153, 1.695067264573991, 5.594594594594595, 10.435955056179777, 8.63677130044843, 7.358108108108108, 10.311659192825111, 10.415730337078653, 38.590909090909115, 51.36000000000003, 2.4385474860335195, 7.791738382099829, 7.106628242074929, 17.62213740458015, 7.924242424242425]",444.4313545155381,9.952372773151628
ADTC1_adz_raw_20260614_0715,2026-06-14 07:14:16.797,2026-06-14 07:14:26.874,"[Timestamp('2026-06-14 07:14:26.874000'), Timestamp('2026-06-14 07:14:26.976000'), Timestamp('2026-06-14 07:14:27.776000'), Timestamp('2026-06-14 07:14:27.880000'), Timestamp('2026-06-14 07:14:28.207000'), Timestamp('2026-06-14 07:14:28.310000'), Timestamp('2026-06-14 07:14:29.112000'), Timestamp('2026-06-14 07:14:29.214000'), Timestamp('2026-06-14 07:14:29.532000'), Timestamp('2026-06-14 07:14:29.659000'), Timestamp('2026-06-14 07:14:30.439000'), Timestamp('2026-06-14 07:14:30.561000'), Timestamp('2026-06-14 07:14:30.877000'), Timestamp('2026-06-14 07:14:30.985000'), Timestamp('2026-06-14 07:14:31.782000'), Timestamp('2026-06-14 07:14:31.888000'), Timestamp('2026-06-14 07:14:32.207000'), Timestamp('2026-06-14 07:14:32.327000'), Timestamp('2026-06-14 07:14:33.116000'), Timestamp('2026-06-14 07:14:33.234000'), Timestamp('2026-06-14 07:14:33.552000'), Timestamp('2026-06-14 07:14:33.659000'), Timestamp('2026-06-14 07:14:34.462000'), Timestamp('2026-06-14 07:14:34.571000'), Timestamp('2026-06-14 07:14:34.884000'), Timestamp('2026-06-14 07:14:35.011000'), Timestamp('2026-06-14 07:14:35.800000'), Timestamp('2026-06-14 07:14:35.917000'), Timestamp('2026-06-14 07:14:36.228000'), Timestamp('2026-06-14 07:14:36.348000'), Timestamp('2026-06-14 07:14:37.143000'), Timestamp('2026-06-14 07:14:37.264000'), Timestamp('2026-06-14 07:14:37.580000'), Timestamp('2026-06-14 07:14:37.689000'), Timestamp('2026-06-14 07:14:38.494000'), Timestamp('2026-06-14 07:14:38.603000'), Timestamp('2026-06-14 07:14:38.921000'), Timestamp('2026-06-14 07:14:39.037000'), Timestamp('2026-06-14 07:14:39.832000'), Timestamp('2026-06-14 07:14:39.950000'), Timestamp('2026-06-14 07:14:40.262000'), Timestamp('2026-06-14 07:14:40.383000'), Timestamp('2026-06-14 07:14:41.179000'), Timestamp('2026-06-14 07:14:41.298000'), Timestamp('2026-06-14 07:14:41.612000'), Timestamp('2026-06-14 07:14:41.734000'), Timestamp('2026-06-14 07:14:42.526000'), Timestamp('2026-06-14 07:14:42.650000'), Timestamp('2026-06-14 07:14:42.972000'), Timestamp('2026-06-14 07:14:43.080000'), Timestamp('2026-06-14 07:14:43.889000'), Timestamp('2026-06-14 07:14:43.995000')]","[0.102, 0.8, 0.104, 0.327, 0.103, 0.802, 0.102, 0.318, 0.127, 0.78, 0.122, 0.316, 0.108, 0.797, 0.106, 0.319, 0.12, 0.789, 0.118, 0.318, 0.107, 0.803, 0.109, 0.313, 0.127, 0.789, 0.117, 0.311, 0.12, 0.795, 0.121, 0.316, 0.109, 0.805, 0.109, 0.318, 0.116, 0.795, 0.118, 0.312, 0.121, 0.796, 0.119, 0.314, 0.122, 0.792, 0.124, 0.322, 0.108, 0.809, 0.106]","[21.924657489604108, 21.275781578846665, 21.352313167259783, 21.584979939990845, 21.865245676082225, 21.285565904408383, 21.543505474741842, 21.42618865233706, 20.854012037521123, 21.932572117884398, 21.6154908497923, 21.58190793249914, 21.428295151896915, 21.676048409794547, 21.39124499648065, 21.014451540830827, 21.428844755672902, 21.213226040479114, 21.10730630410157, 21.24699157641396, 21.191938541087588, 21.405677655677657, 20.788446558212822, 21.127647326042943, 21.183063511830635, 21.12543343886628, 21.18509940129711, 21.081326686602885, 20.700146009730194, 21.15115539537842, 21.132180099855404, 21.29376471481735, 20.810085721387452, 21.516780920155252, 21.713286713286717, 21.50785420747398, 21.286212748002413, 20.655595965180147, 21.132180099855404, 21.05723224144277, 20.601759863752484, 20.587723492708292, 20.650538092398556, 21.05786815390968, 20.91499042946575, 20.976602035725485, 20.610700571447545, 20.911432073233417, 21.413062110736526, 21.438938980168366, 21.58170776591829, 20.852903899202268]","[2.2363150639396188, 17.02062526307733, 2.2206405693950173, 7.058288440377007, 2.252120304636469, 17.071023855335525, 2.1974375584236676, 6.813527991443185, 2.6484595287651826, 17.10740625194983, 2.6370898836746606, 6.8198829066697275, 2.3142558764048666, 17.275810582606255, 2.267471969626949, 6.7036100415250335, 2.571461370680748, 16.73723534593802, 2.490662143883985, 6.75654332129964, 2.2675374238963717, 17.18875915750916, 2.2659406748451976, 6.612953613051442, 2.6902490660024907, 16.667966983265497, 2.478656629951762, 6.5562925995334975, 2.484017521167623, 16.815168539325846, 2.556993792082504, 6.728829649882282, 2.268299343631232, 17.32100864072498, 2.3667482517482523, 6.839497637976725, 2.46920067876828, 16.42119879231822, 2.4935972517829375, 6.569856459330144, 2.4928129435140507, 16.387827900195802, 2.457414032995428, 6.61217060032764, 2.5516288323948215, 16.613468812294585, 2.5557268708594956, 6.73348112758116, 2.3126107079595446, 17.34410163495621, 2.2876610231873387]",363.61154546271325,9.959945747040612
ADTC1_adz_raw_20260614_0721,2026-06-14 07:20:38.048,2026-06-14 07:20:48.087,"[Timestamp('2026-06-14 07:20:48.087000'), Timestamp('2026-06-14 07:20:48.206000'), Timestamp('2026-06-14 07:20:48.566000'), Timestamp('2026-06-14 07:20:48.681000'), Timestamp('2026-06-14 07:20:48.917000'), Timestamp('2026-06-14 07:20:49.032000'), Timestamp('2026-06-14 07:20:49.828000'), Timestamp('2026-06-14 07:20:49.943000'), Timestamp('2026-06-14 07:20:50.135000'), Timestamp('2026-06-14 07:20:50.251000'), Timestamp('2026-06-14 07:20:51.040000'), Timestamp('2026-06-14 07:20:51.161000'), Timestamp('2026-06-14 07:20:51.354000'), Timestamp('2026-06-14 07:20:51.468000'), Timestamp('2026-06-14 07:20:52.264000'), Timestamp('2026-06-14 07:20:52.374000'), Timestamp('2026-06-14 07:20:52.573000'), Timestamp('2026-06-14 07:20:52.679000'), Timestamp('2026-06-14 07:20:53.478000'), Timestamp('2026-06-14 07:20:53.599000')]","[0.119, 0.36, 0.115, 0.236, 0.115, 0.796, 0.115, 0.192, 0.116, 0.789, 0.121, 0.193, 0.114, 0.796, 0.11, 0.199, 0.106, 0.799, 0.121]","[20.852086095231666, 21.595638615046198, 22.06001622060016, 21.857422125825828, 22.16783548570757, 22.142882330124472, 21.749107509848564, 23.091105575372886, 22.13590472160087, 21.327207789497535, 21.825396825396822, 22.237290717156213, 21.779223814909344, 22.065059341730247, 22.017262285665986, 21.441199218921554, 21.459648823688276, 20.740595611285272, 21.818181818181817, 23.011854839905762]","[2.481398245332568, 7.774429901416631, 2.5369018653690185, 5.158351621694895, 2.5493010808563707, 17.625734334779082, 2.501147363632585, 4.433492270471594, 2.567764947705701, 16.827166945913557, 2.6408730158730154, 4.291797108411149, 2.482831514899665, 17.563787236017276, 2.4218988514232582, 4.266798644565389, 2.2747227753109573, 16.571735893416932, 2.6399999999999997]",119.61013361708966,9.93025685019918
ADTC1_adz_raw_20260614_0751,2026-06-14 07:49:41.171,2026-06-14 07:49:51.184,"[Timestamp('2026-06-14 07:49:51.184000'), Timestamp('2026-06-14 07:49:51.306000'), Timestamp('2026-06-14 07:49:52.074000'), Timestamp('2026-06-14 07:49:52.198000'), Timestamp('2026-06-14 07:49:52.413000'), Timestamp('2026-06-14 07:49:52.535000'), Timestamp('2026-06-14 07:49:53.334000'), Timestamp('2026-06-14 07:49:53.449000'), Timestamp('2026-06-14 07:49:53.673000'), Timestamp('2026-06-14 07:49:53.788000'), Timestamp('2026-06-14 07:49:54.585000'), Timestamp('2026-06-14 07:49:54.705000'), Timestamp('2026-06-14 07:49:54.926000'), Timestamp('2026-06-14 07:49:55.046000'), Timestamp('2026-06-14 07:49:55.824000'), Timestamp('2026-06-14 07:49:55.944000')]","[0.122, 0.768, 0.124, 0.215, 0.122, 0.799, 0.115, 0.224, 0.115, 0.797, 0.12, 0.221, 0.12, 0.778, 0.12]","[21.16158678055658, 21.956079567001062, 20.97325089394303, 20.909130008934312, 21.24742993857648, 21.122704300979386, 20.912844753855637, 21.01184308132528, 21.818181818181817, 20.777207990673347, 21.062575959957243, 21.3044849592048, 21.14262071618802, 20.943956226110608, 21.408271936341837, 21.029619671692224]","[2.5817135872279025, 16.862269107456815, 2.600683110848936, 4.495462951920877, 2.5921864525063305, 16.87704073648253, 2.4049771466933985, 4.706652850216863, 2.509090909090909, 16.559434768566657, 2.527509115194869, 4.708291175984261, 2.5371144859425625, 16.294397943914053, 2.56899263236102]",100.82581697440799,9.682092547340575
ADTC1_adz_raw_20260614_0802,2026-06-14 08:00:55.197,2026-06-14 08:01:05.234,"[Timestamp('2026-06-14 08:01:05.234000'), Timestamp('2026-06-14 08:01:05.345000'), Timestamp('2026-06-14 08:01:05.944000'), Timestamp('2026-06-14 08:01:06.064000'), Timestamp('2026-06-14 08:01:06.699000'), Timestamp('2026-06-14 08:01:06.819000'), Timestamp('2026-06-14 08:01:07.422000'), Timestamp('2026-06-14 08:01:07.531000')]","[0.111, 0.599, 0.12, 0.635, 0.12, 0.603, 0.109]","[22.071316789626646, 21.813521359089837, 21.780052687525995, 21.8849838963216, 22.047651013134313, 21.884590229913968, 22.011389219482894, 22.461929493672194]","[2.449916163648558, 13.066299294094812, 2.613606322503119, 13.896964774164216, 2.6457181215761176, 13.196407908638122, 2.3992414249236353]",50.26815400954858,9.922914455202902
ADTC1_adz_raw_20260614_0818,2026-06-14 08:17:02.275,2026-06-14 08:17:12.394,"[Timestamp('2026-06-14 08:17:12.394000'), Timestamp('2026-06-14 08:17:12.500000'), Timestamp('2026-06-14 08:17:13.295000'), Timestamp('2026-06-14 08:17:13.400000'), Timestamp('2026-06-14 08:17:13.720000'), Timestamp('2026-06-14 08:17:13.840000'), Timestamp('2026-06-14 08:17:14.627000'), Timestamp('2026-06-14 08:17:14.741000'), Timestamp('2026-06-14 08:17:15.053000'), Timestamp('2026-06-14 08:17:15.171000'), Timestamp('2026-06-14 08:17:15.958000'), Timestamp('2026-06-14 08:17:16.079000'), Timestamp('2026-06-14 08:17:16.389000'), Timestamp('2026-06-14 08:17:16.508000'), Timestamp('2026-06-14 08:17:17.292000'), Timestamp('2026-06-14 08:17:17.414000'), Timestamp('2026-06-14 08:17:17.732000'), Timestamp('2026-06-14 08:17:17.836000'), Timestamp('2026-06-14 08:17:18.635000'), Timestamp('2026-06-14 08:17:18.747000'), Timestamp('2026-06-14 08:17:19.062000'), Timestamp('2026-06-14 08:17:19.185000'), Timestamp('2026-06-14 08:17:19.970000'), Timestamp('2026-06-14 08:17:20.085000'), Timestamp('2026-06-14 08:17:20.396000'), Timestamp('2026-06-14 08:17:20.523000'), Timestamp('2026-06-14 08:17:21.309000'), Timestamp('2026-06-14 08:17:21.426000'), Timestamp('2026-06-14 08:17:21.744000'), Timestamp('2026-06-14 08:17:21.852000'), Timestamp('2026-06-14 08:17:22.655000'), Timestamp('2026-06-14 08:17:22.763000'), Timestamp('2026-06-14 08:17:23.080000'), Timestamp('2026-06-14 08:17:23.199000'), Timestamp('2026-06-14 08:17:23.986000'), Timestamp('2026-06-14 08:17:24.115000'), Timestamp('2026-06-14 08:17:24.428000'), Timestamp('2026-06-14 08:17:24.538000'), Timestamp('2026-06-14 08:17:25.341000'), Timestamp('2026-06-14 08:17:25.448000'), Timestamp('2026-06-14 08:17:25.770000'), Timestamp('2026-06-14 08:17:25.886000'), Timestamp('2026-06-14 08:17:26.679000'), Timestamp('2026-06-14 08:17:26.798000'), Timestamp('2026-06-14 08:17:27.118000'), Timestamp('2026-06-14 08:17:27.225000'), Timestamp('2026-06-14 08:17:28.033000'), Timestamp('2026-06-14 08:17:28.138000'), Timestamp('2026-06-14 08:17:28.469000'), Timestamp('2026-06-14 08:17:28.570000'), Timestamp('2026-06-14 08:17:29.378000'), Timestamp('2026-06-14 08:17:29.489000')]","[0.106, 0.795, 0.105, 0.32, 0.12, 0.787, 0.114, 0.312, 0.118, 0.787, 0.121, 0.31, 0.119, 0.784, 0.122, 0.318, 0.104, 0.799, 0.112, 0.315, 0.123, 0.785, 0.115, 0.311, 0.127, 0.786, 0.117, 0.318, 0.108, 0.803, 0.108, 0.317, 0.119, 0.787, 0.129, 0.313, 0.11, 0.803, 0.107, 0.322, 0.116, 0.793, 0.119, 0.32, 0.107, 0.808, 0.105, 0.331, 0.101, 0.808, 0.111]","[20.951905867434384, 21.542973359953685, 20.947219686984802, 21.20058480378675, 21.365485984328465, 21.617879318924295, 21.89191716454546, 22.224627758323003, 21.54350844866377, 22.165991902834, 21.313875309339252, 22.411530112575093, 21.232354491125385, 21.597967250141167, 21.126760563380284, 20.979020979020977, 22.40760359461367, 22.530313209691833, 21.86682575375155, 22.07684608896997, 22.696685337134774, 22.09215442092155, 22.82459876513118, 22.041990083227198, 19.596079458257236, 22.61904761904762, 22.520095971636405, 22.492239559396026, 22.154206996553444, 22.210456993065684, 21.946319659350102, 22.204019654378286, 22.012762470777737, 21.69727825214731, 21.59542721335204, 22.493669248840998, 22.11399711399711, 22.00560740484695, 22.178666187882776, 21.428790952117527, 23.115265843179376, 21.446154209379557, 21.81181243383719, 21.63635193625373, 21.759718418432946, 21.27242835770676, 22.230878574162155, 21.715124410539175, 21.924506720045756, 22.374022937959047, 21.702577101816647, 22.150892890971207]","[2.2209020219480444, 17.12666382116318, 2.199458067133404, 6.78418713721176, 2.563858318119416, 17.013271023993422, 2.4956785567581825, 6.934083860596777, 2.5421339969423244, 17.44463562753036, 2.5789789124300495, 6.947574334898279, 2.5266501844439206, 16.932806324110675, 2.5774647887323945, 6.671328671328671, 2.3303907738398215, 18.001720254543777, 2.4490844844201733, 6.95420651802554, 2.791692296467577, 17.342341220423418, 2.624828857990086, 6.855058915883658, 2.488702091198669, 17.778571428571432, 2.6348512286814594, 7.152532179887936, 2.392654355627772, 17.834996965431746, 2.370202523209811, 7.038674230437916, 2.6195187340225505, 17.075757984439935, 2.785810110522413, 7.040518474887232, 2.4325396825396823, 17.6705027460921, 2.373117282103457, 6.900070686581844, 2.681370837808808, 17.00680028803799, 2.5956056796266256, 6.923632619601194, 2.328289870772325, 17.188122113027063, 2.3342422502870264, 7.187706179888467, 2.2143751787246213, 18.078210533870912, 2.408986058301648]",374.44536128311756,10.00638494146806
ADTC1_adz_raw_20260614_0822,2026-06-14 08:21:04.051,2026-06-14 08:21:14.137,"[Timestamp('2026-06-14 08:21:14.137000'), Timestamp('2026-06-14 08:21:14.251000'), Timestamp('2026-06-14 08:21:14.933000'), Timestamp('2026-06-14 08:21:15.042000'), Timestamp('2026-06-14 08:21:15.265000'), Timestamp('2026-06-14 08:21:15.379000'), Timestamp('2026-06-14 08:21:16.054000'), Timestamp('2026-06-14 08:21:16.173000'), Timestamp('2026-06-14 08:21:16.394000'), Timestamp('2026-06-14 08:21:16.506000'), Timestamp('2026-06-14 08:21:17.181000'), Timestamp('2026-06-14 08:21:17.296000'), Timestamp('2026-06-14 08:21:17.518000'), Timestamp('2026-06-14 08:21:17.638000'), Timestamp('2026-06-14 08:21:18.308000'), Timestamp('2026-06-14 08:21:18.426000'), Timestamp('2026-06-14 08:21:18.644000'), Timestamp('2026-06-14 08:21:18.758000'), Timestamp('2026-06-14 08:21:19.435000'), Timestamp('2026-06-14 08:21:19.547000'), Timestamp('2026-06-14 08:21:19.770000'), Timestamp('2026-06-14 08:21:19.883000'), Timestamp('2026-06-14 08:21:20.564000'), Timestamp('2026-06-14 08:21:20.676000'), Timestamp('2026-06-14 08:21:20.900000'), Timestamp('2026-06-14 08:21:21.007000'), Timestamp('2026-06-14 08:21:21.684000'), Timestamp('2026-06-14 08:21:21.797000'), Timestamp('2026-06-14 08:21:22.025000'), Timestamp('2026-06-14 08:21:22.135000'), Timestamp('2026-06-14 08:21:22.811000'), Timestamp('2026-06-14 08:21:22.925000')]","[0.114, 0.682, 0.109, 0.223, 0.114, 0.675, 0.119, 0.221, 0.112, 0.675, 0.115, 0.222, 0.12, 0.67, 0.118, 0.218, 0.114, 0.677, 0.112, 0.223, 0.113, 0.681, 0.112, 0.224, 0.107, 0.677, 0.113, 0.228, 0.11, 0.676, 0.114]","[22.24381252550267, 22.065174816635903, 22.266153979322837, 21.818181818181817, 22.006075062839756, 21.740272015963868, 21.619231621265328, 21.974584555229715, 22.09406117348356, 21.43074623947261, 21.813760539396007, 21.700172431510133, 21.776689014956162, 22.55236417111591, 21.80938546435963, 21.605378029351193, 21.704602817677028, 21.79902362630536, 21.466418340813547, 21.505370316388994, 21.67303499420288, 21.39107979956123, 21.741421838618677, 21.67051925418169, 21.95663431804651, 21.35007938955713, 21.231944768569626, 21.600313352518864, 21.625061693118944, 21.2062284585149, 20.934912321294604, 21.295565133381274]","[2.5357946279073045, 15.048449224945687, 2.4270107837461894, 4.865454545454545, 2.5086925571637324, 14.674683610775611, 2.572688562930574, 4.856383186705767, 2.4745348514301586, 14.465753711644014, 2.508582462030541, 4.817438279795249, 2.613202681794739, 15.110083994647661, 2.573507484794436, 4.70997241039856, 2.474324721215181, 14.757938995008729, 2.4042388541711173, 4.795697580554746, 2.4490529543449253, 14.567325343501198, 2.435039245925292, 4.854196312936699, 2.3493598720309765, 14.454003746730178, 2.3992097588483676, 4.924871444374301, 2.378756786243084, 14.335410437956073, 2.386580004627585]",190.72823903463325,9.975750763126063
ADTC1_adz_raw_20260614_0827,2026-06-14 08:26:01.542,2026-06-14 08:26:11.607,"[Timestamp('2026-06-14 08:26:11.607000'), Timestamp('2026-06-14 08:26:11.718000'), Timestamp('2026-06-14 08:26:12.070000'), Timestamp('2026-06-14 08:26:12.180000'), Timestamp('2026-06-14 08:26:12.411000'), Timestamp('2026-06-14 08:26:12.523000'), Timestamp('2026-06-14 08:26:13.308000'), Timestamp('2026-06-14 08:26:13.417000'), Timestamp('2026-06-14 08:26:13.610000'), Timestamp('2026-06-14 08:26:13.720000'), Timestamp('2026-06-14 08:26:14.498000'), Timestamp('2026-06-14 08:26:14.619000'), Timestamp('2026-06-14 08:26:14.804000'), Timestamp('2026-06-14 08:26:14.916000'), Timestamp('2026-06-14 08:26:15.700000'), Timestamp('2026-06-14 08:26:15.812000'), Timestamp('2026-06-14 08:26:16.009000'), Timestamp('2026-06-14 08:26:16.114000'), Timestamp('2026-06-14 08:26:16.901000'), Timestamp('2026-06-14 08:26:17.011000')]","[0.111, 0.352, 0.11, 0.231, 0.112, 0.785, 0.109, 0.193, 0.11, 0.778, 0.121, 0.185, 0.112, 0.784, 0.112, 0.197, 0.105, 0.787, 0.11]","[22.968967716033344, 21.951992771769838, 22.816019537804436, 22.077599659526168, 21.8225594630089, 22.636897632660443, 23.066795374773797, 22.099820626519126, 21.83151753696556, 23.255813953488374, 21.27659574468085, 23.155627918499157, 22.01991663614642, 22.01842275371687, 22.03403967700416, 21.700552880328157, 22.817824770315035, 21.300533203081095, 20.782524598435792, 21.315367222840536]","[2.549555416479701, 7.727101455662982, 2.509762149158488, 5.099925521350545, 2.444126659856997, 17.76996464163845, 2.514280695850344, 4.2652653809181915, 2.4014669290662116, 18.093023255813957, 2.574468085106383, 4.283791164922344, 2.4662306632483992, 17.262443438914026, 2.467812443824466, 4.275008917424647, 2.3958716008830785, 16.763519630824824, 2.286077705827937]",120.149695756772,9.958928975726788
ADTC1_adz_raw_20260614_0845,2026-06-14 08:44:34.624,2026-06-14 08:44:44.645,"[Timestamp('2026-06-14 08:44:44.645000'), Timestamp('2026-06-14 08:44:44.758000'), Timestamp('2026-06-14 08:44:45.350000'), Timestamp('2026-06-14 08:44:45.475000'), Timestamp('2026-06-14 08:44:46.106000'), Timestamp('2026-06-14 08:44:46.231000'), Timestamp('2026-06-14 08:44:46.829000'), Timestamp('2026-06-14 08:44:46.938000')]","[0.113, 0.592, 0.125, 0.631, 0.125, 0.598, 0.109]","[21.087834427057047, 21.69603653677992, 21.32030474146992, 21.84405785476148, 21.50621394064723, 21.432893018793436, 22.036749482401653, 21.437274017818275]","[2.3829252902574463, 12.844053629773713, 2.66503809268374, 13.783600506354494, 2.6882767425809035, 12.816870025238474, 2.4020056935817804]",49.582769980470545,9.807757622462905
ADTC1_adz_raw_20260614_0900,2026-06-14 08:58:45.437,2026-06-14 08:58:55.447,"[Timestamp('2026-06-14 08:58:55.447000'), Timestamp('2026-06-14 08:58:55.906000'), Timestamp('2026-06-14 08:58:56.806000')]","[0.459, 0.9]","[20.858449719248974, 21.385238537224655, 22.2464844523668, 21.44563848199205, 19.04398694060241, 21.63315158839455]","[9.57402842113528, 19.24671468350219]",28.820743104637472,9.831155197978749
ADTC1_adz_raw_20260614_0915,2026-06-14 09:14:24.854,2026-06-14 09:14:34.878,"[Timestamp('2026-06-14 09:14:34.878000'), Timestamp('2026-06-14 09:14:34.985000'), Timestamp('2026-06-14 09:14:35.779000'), Timestamp('2026-06-14 09:14:35.884000'), Timestamp('2026-06-14 09:14:36.205000'), Timestamp('2026-06-14 09:14:36.317000'), Timestamp('2026-06-14 09:14:37.114000'), Timestamp('2026-06-14 09:14:37.216000'), Timestamp('2026-06-14 09:14:37.531000'), Timestamp('2026-06-14 09:14:37.656000'), Timestamp('2026-06-14 09:14:38.441000'), Timestamp('2026-06-14 09:14:38.557000'), Timestamp('2026-06-14 09:14:38.871000'), Timestamp('2026-06-14 09:14:38.982000'), Timestamp('2026-06-14 09:14:39.781000'), Timestamp('2026-06-14 09:14:39.884000'), Timestamp('2026-06-14 09:14:40.208000'), Timestamp('2026-06-14 09:14:40.319000'), Timestamp('2026-06-14 09:14:41.110000'), Timestamp('2026-06-14 09:14:41.227000'), Timestamp('2026-06-14 09:14:41.544000'), Timestamp('2026-06-14 09:14:41.656000'), Timestamp('2026-06-14 09:14:42.452000'), Timestamp('2026-06-14 09:14:42.564000'), Timestamp('2026-06-14 09:14:42.881000'), Timestamp('2026-06-14 09:14:43.001000'), Timestamp('2026-06-14 09:14:43.788000'), Timestamp('2026-06-14 09:14:43.902000'), Timestamp('2026-06-14 09:14:44.221000'), Timestamp('2026-06-14 09:14:44.344000'), Timestamp('2026-06-14 09:14:45.130000'), Timestamp('2026-06-14 09:14:45.246000'), Timestamp('2026-06-14 09:14:45.567000'), Timestamp('2026-06-14 09:14:45.671000'), Timestamp('2026-06-14 09:14:46.476000'), Timestamp('2026-06-14 09:14:46.583000'), Timestamp('2026-06-14 09:14:46.904000'), Timestamp('2026-06-14 09:14:47.024000'), Timestamp('2026-06-14 09:14:47.812000'), Timestamp('2026-06-14 09:14:47.935000'), Timestamp('2026-06-14 09:14:48.251000'), Timestamp('2026-06-14 09:14:48.373000'), Timestamp('2026-06-14 09:14:49.162000'), Timestamp('2026-06-14 09:14:49.285000'), Timestamp('2026-06-14 09:14:49.603000'), Timestamp('2026-06-14 09:14:49.711000'), Timestamp('2026-06-14 09:14:50.513000'), Timestamp('2026-06-14 09:14:50.624000')]","[0.107, 0.794, 0.105, 0.321, 0.112, 0.797, 0.102, 0.315, 0.125, 0.785, 0.116, 0.314, 0.111, 0.799, 0.103, 0.324, 0.111, 0.791, 0.117, 0.317, 0.112, 0.796, 0.112, 0.317, 0.12, 0.787, 0.114, 0.319, 0.123, 0.786, 0.116, 0.321, 0.104, 0.805, 0.107, 0.321, 0.12, 0.788, 0.123, 0.316, 0.122, 0.789, 0.123, 0.318, 0.108, 0.802, 0.111]","[21.51228539117919, 21.970397779833483, 21.596170007654116, 21.559361998364242, 21.378394703373623, 21.831279924616066, 21.66037055065392, 21.69202243820542, 21.091310313379182, 21.782013639158357, 21.50537634408602, 21.545454248291236, 21.35553554992981, 21.277389719301343, 21.47247119078105, 20.965475068890633, 21.429664778815244, 20.781049935979517, 21.27658997030933, 20.81588848034926, 20.746086653559967, 21.28328658222116, 20.780652307665672, 21.561418433104542, 21.428571428571427, 21.20537057567622, 21.487066149873527, 20.683236863012144, 21.008642161041735, 21.537638043723234, 21.10167212061082, 20.928926251854, 21.34882626975207, 21.12384796343989, 20.747405449327836, 21.395397925378028, 21.169392890846183, 21.192794460957813, 20.592785594856426, 21.314891270161198, 21.422867911522022, 21.425092505530035, 21.5909368606028, 21.170352850785335, 21.64036526920254, 21.413798730518472, 21.085879479749853, 21.06981254040078]","[2.3018145368561735, 17.444495837187787, 2.267597850803682, 6.920555201474921, 2.394380206777846, 17.399530099919005, 2.2093577961666995, 6.832987068034708, 2.6364137891723978, 17.098880706739312, 2.4946236559139785, 6.765272633963448, 2.370464446042209, 17.000634385721774, 2.211664532650448, 6.7928139223205655, 2.378692790448492, 16.4378104993598, 2.489361026526192, 6.598636648270715, 2.3235617051987165, 16.941496119448043, 2.3274330584585554, 6.83496964329414, 2.571428571428571, 16.688626643057187, 2.449525541085582, 6.597952559300874, 2.584062985808133, 16.92858350236646, 2.4477939659908556, 6.718185326845135, 2.2202779320542154, 17.00469761056911, 2.2199723830780784, 6.867922734046347, 2.540327146901542, 16.699922035234756, 2.5329126281673404, 6.735505641370938, 2.6135898852056867, 16.9043979868632, 2.655685233854144, 6.732172206549737, 2.3371594490738743, 17.173866581875817, 2.340532622252234]",336.0385493337294,9.912898388073932
ADTC1_adz_raw_20260614_0925,2026-06-14 09:23:38.349,2026-06-14 09:23:48.373,"[Timestamp('2026-06-14 09:23:48.373000'), Timestamp('2026-06-14 09:23:48.497000'), Timestamp('2026-06-14 09:23:49.128000'), Timestamp('2026-06-14 09:23:49.256000'), Timestamp('2026-06-14 09:23:49.926000'), Timestamp('2026-06-14 09:23:50.047000'), Timestamp('2026-06-14 09:23:50.712000'), Timestamp('2026-06-14 09:23:50.838000'), Timestamp('2026-06-14 09:23:51.508000'), Timestamp('2026-06-14 09:23:51.629000'), Timestamp('2026-06-14 09:23:52.303000'), Timestamp('2026-06-14 09:23:52.428000'), Timestamp('2026-06-14 09:23:53.096000'), Timestamp('2026-06-14 09:23:53.214000'), Timestamp('2026-06-14 09:23:53.883000'), Timestamp('2026-06-14 09:23:54.012000'), Timestamp('2026-06-14 09:23:54.677000'), Timestamp('2026-06-14 09:23:54.798000'), Timestamp('2026-06-14 09:23:55.468000'), Timestamp('2026-06-14 09:23:55.591000'), Timestamp('2026-06-14 09:23:56.261000'), Timestamp('2026-06-14 09:23:56.387000'), Timestamp('2026-06-14 09:23:57.023000'), Timestamp('2026-06-14 09:23:57.136000')]","[0.124, 0.631, 0.128, 0.67, 0.121, 0.665, 0.126, 0.67, 0.121, 0.674, 0.125, 0.668, 0.118, 0.669, 0.129, 0.665, 0.121, 0.67, 0.123, 0.67, 0.126, 0.636, 0.113]","[22.342696918248702, 22.099227569639936, 22.406844496055193, 22.264726834232704, 22.54287757198571, 21.8966175277897, 21.99009842677315, 22.464453675844247, 22.026088919122454, 22.23052149847831, 22.15678406193938, 22.220728057430854, 22.108205171360574, 21.659210354862523, 21.707175529915297, 22.35874689490744, 21.692350823239508, 21.900435610854302, 22.154318792109343, 21.252686136728805, 21.48065688957882, 21.48088506263258, 22.048500873085167, 21.136363066434505]","[2.7704944178628392, 13.9446125964428, 2.8680760954950646, 14.917366978935913, 2.727688186210271, 14.561250655980151, 2.770752401773417, 15.051183962815646, 2.665156759213817, 14.983371489974383, 2.7695980077424225, 14.843446342363812, 2.6087682102205476, 14.49001172740303, 2.8002256433590733, 14.868566685113448, 2.6247744496119805, 14.673291859272384, 2.724981211429449, 14.2392997116083, 2.7065627680869313, 13.66184289983432, 2.491480598658624]",192.76280365940863,9.916380203393064
ADTC1_adz_raw_20260614_0950,2026-06-14 09:49:01.741,2026-06-14 09:49:11.764,"[Timestamp('2026-06-14 09:49:11.764000'), Timestamp('2026-06-14 09:49:11.909000'), Timestamp('2026-06-14 09:49:12.229000'), Timestamp('2026-06-14 09:49:12.369000'), Timestamp('2026-06-14 09:49:12.620000'), Timestamp('2026-06-14 09:49:12.699000'), Timestamp('2026-06-14 09:49:13.140000'), Timestamp('2026-06-14 09:49:13.219000'), Timestamp('2026-06-14 09:49:13.401000'), Timestamp('2026-06-14 09:49:13.481000'), Timestamp('2026-06-14 09:49:13.937000'), Timestamp('2026-06-14 09:49:14.015000'), Timestamp('2026-06-14 09:49:14.186000'), Timestamp('2026-06-14 09:49:14.268000'), Timestamp('2026-06-14 09:49:14.724000'), Timestamp('2026-06-14 09:49:14.800000'), Timestamp('2026-06-14 09:49:14.962000'), Timestamp('2026-06-14 09:49:15.038000'), Timestamp('2026-06-14 09:49:15.498000'), Timestamp('2026-06-14 09:49:15.577000'), Timestamp('2026-06-14 09:49:15.747000'), Timestamp('2026-06-14 09:49:15.829000'), Timestamp('2026-06-14 09:49:16.283000'), Timestamp('2026-06-14 09:49:16.362000'), Timestamp('2026-06-14 09:49:16.544000'), Timestamp('2026-06-14 09:49:16.624000'), Timestamp('2026-06-14 09:49:17.078000'), Timestamp('2026-06-14 09:49:17.156000'), Timestamp('2026-06-14 09:49:17.324000'), Timestamp('2026-06-14 09:49:17.409000'), Timestamp('2026-06-14 09:49:17.858000'), Timestamp('2026-06-14 09:49:17.937000'), Timestamp('2026-06-14 09:49:18.105000'), Timestamp('2026-06-14 09:49:18.185000'), Timestamp('2026-06-14 09:49:18.626000'), Timestamp('2026-06-14 09:49:18.704000'), Timestamp('2026-06-14 09:49:18.884000'), Timestamp('2026-06-14 09:49:18.962000'), Timestamp('2026-06-14 09:49:19.415000'), Timestamp('2026-06-14 09:49:19.495000'), Timestamp('2026-06-14 09:49:19.673000'), Timestamp('2026-06-14 09:49:19.752000'), Timestamp('2026-06-14 09:49:20.206000'), Timestamp('2026-06-14 09:49:20.285000'), Timestamp('2026-06-14 09:49:20.466000'), Timestamp('2026-06-14 09:49:20.543000'), Timestamp('2026-06-14 09:49:20.982000'), Timestamp('2026-06-14 09:49:21.059000'), Timestamp('2026-06-14 09:49:21.239000'), Timestamp('2026-06-14 09:49:21.318000'), Timestamp('2026-06-14 09:49:21.770000'), Timestamp('2026-06-14 09:49:21.849000'), Timestamp('2026-06-14 09:49:22.028000'), Timestamp('2026-06-14 09:49:22.108000'), Timestamp('2026-06-14 09:49:22.561000'), Timestamp('2026-06-14 09:49:22.638000'), Timestamp('2026-06-14 09:49:22.801000'), Timestamp('2026-06-14 09:49:22.883000'), Timestamp('2026-06-14 09:49:23.265000'), Timestamp('2026-06-14 09:49:23.343000'), Timestamp('2026-06-14 09:49:23.498000'), Timestamp('2026-06-14 09:49:23.574000'), Timestamp('2026-06-14 09:49:23.962000'), Timestamp('2026-06-14 09:49:24.037000'), Timestamp('2026-06-14 09:49:24.191000'), Timestamp('2026-06-14 09:49:24.273000'), Timestamp('2026-06-14 09:49:24.655000'), Timestamp('2026-06-14 09:49:24.731000'), Timestamp('2026-06-14 09:49:24.889000'), Timestamp('2026-06-14 09:49:24.967000'), Timestamp('2026-06-14 09:49:25.352000'), Timestamp('2026-06-14 09:49:25.426000'), Timestamp('2026-06-14 09:49:25.582000'), Timestamp('2026-06-14 09:49:25.660000'), Timestamp('2026-06-14 09:49:26.043000'), Timestamp('2026-06-14 09:49:26.119000'), Timestamp('2026-06-14 09:49:26.276000'), Timestamp('2026-06-14 09:49:26.357000'), Timestamp('2026-06-14 09:49:26.735000'), Timestamp('2026-06-14 09:49:26.815000'), Timestamp('2026-06-14 09:49:26.970000'), Timestamp('2026-06-14 09:49:27.046000'), Timestamp('2026-06-14 09:49:27.503000'), Timestamp('2026-06-14 09:49:27.579000')]","[0.145, 0.32, 0.14, 0.251, 0.079, 0.441, 0.079, 0.182, 0.08, 0.456, 0.078, 0.171, 0.082, 0.456, 0.076, 0.162, 0.076, 0.46, 0.079, 0.17, 0.082, 0.454, 0.079, 0.182, 0.08, 0.454, 0.078, 0.168, 0.085, 0.449, 0.079, 0.168, 0.08, 0.441, 0.078, 0.18, 0.078, 0.453, 0.08, 0.178, 0.079, 0.454, 0.079, 0.181, 0.077, 0.439, 0.077, 0.18, 0.079, 0.452, 0.079, 0.179, 0.08, 0.453, 0.077, 0.163, 0.082, 0.382, 0.078, 0.155, 0.076, 0.388, 0.075, 0.154, 0.082, 0.382, 0.076, 0.158, 0.078, 0.385, 0.074, 0.156, 0.078, 0.383, 0.076, 0.157, 0.081, 0.378, 0.08, 0.155, 0.076, 0.457, 0.076]","[21.053938569671267, 21.44348157837367, 21.428571428571423, 21.579246136265674, 20.982032108303507, 21.280877395985307, 21.280601119310802, 21.364430194974453, 21.029411764705884, 20.969176808592863, 21.12638533674339, 20.523839097338502, 20.434914232752234, 20.695133417631226, 21.126585291953422, 20.616652802343204, 21.555246812683883, 20.46137932693464, 21.359918102441227, 21.41601923788383, 20.978698560625077, 21.362827610316565, 20.972423802612482, 21.45056999866437, 20.857307249712314, 21.643231320650678, 21.362118320610687, 20.972078453429923, 21.572700971392514, 21.689248251748246, 21.48843575104058, 21.476338024385107, 21.362118320610687, 21.27829724409449, 21.565707478005866, 21.734142130134497, 21.945620695437526, 21.431703383536068, 21.901179453262785, 21.998123827392124, 21.47351625879233, 22.145859999765136, 21.62518019091724, 22.317436661698956, 21.9920224765186, 22.20162603132113, 22.233468286099868, 22.568773774842867, 23.33293205519775, 22.11671599027246, 21.989288815979933, 23.158270391384484, 22.81133361680874, 22.56493506493507, 23.021272969807935, 22.991807941745364, 22.584547235710026, 23.072621106545476, 23.393840389316637, 22.63800384137462, 23.874452805510344, 22.810190032042126, 24.393853050973796, 23.34400981327518, 23.455912653471138, 23.85555643394919, 24.007522375847174, 23.25190420640911, 24.192132068844398, 23.774212228124618, 24.182321620751893, 23.724951144380775, 23.738410564968838, 24.2715588110325, 24.588582453750995, 23.612002494870154, 23.97602397602398, 23.953670399527518, 24.695514293593163, 24.01111153898666, 23.44397405872816, 24.055520046986473, 25.005665526992544, 25.08753990726065]","[3.0528210926023336, 6.861914105079575, 2.9999999999999996, 5.4163907802026845, 1.657580536555977, 9.38486693162952, 1.6811674884255534, 3.88832629548535, 1.6823529411764708, 9.561944624718345, 1.6478580562659844, 3.5095764856448843, 1.6756629670856833, 9.436980838439839, 1.60562048218846, 3.3398977539795993, 1.6381987577639752, 9.412234490389935, 1.687433530092857, 3.6407232704402515, 1.7202532819712564, 9.698723735083721, 1.656821480406386, 3.904003739756915, 1.6685845799769852, 9.826027019575408, 1.6662452290076335, 3.523309180176227, 1.8336795825683638, 9.738472465034963, 1.6975864243322059, 3.6080247880966985, 1.708969465648855, 9.383729084645669, 1.6821251832844575, 3.912145583424209, 1.7117584142441271, 9.708561632741839, 1.7520943562610227, 3.9156660412757978, 1.6964077844445942, 10.054220439893372, 1.708389235082462, 4.039456035767511, 1.6933857306919322, 9.746513827749975, 1.7119770580296898, 4.062379279471716, 1.8433016323606224, 9.996755627603152, 1.7371538164624147, 4.145330400057823, 1.824906689344699, 10.221915584415587, 1.7726380186752109, 3.7476646945044947, 1.8519328733282223, 8.813741262700372, 1.8247195503666978, 3.508890595413066, 1.8144584132187862, 8.850353732432344, 1.8295389788230345, 3.5949775112443776, 1.9233848375846334, 9.11282255776859, 1.8245717005643851, 3.6738008646126397, 1.8869863013698631, 9.153071707827978, 1.78949179993564, 3.7010923785234007, 1.8515960240675693, 9.296007024625448, 1.8687322664850756, 3.707084391694614, 1.9420579420579425, 9.054487411021402, 1.975641143487453, 3.7217222885429324, 1.78174202846334, 10.993372661472819, 1.9004305800514334]",351.3474373779194,9.90676280087049
ADTC1_adz_raw_20260614_1002,2026-06-14 10:01:23.194,2026-06-14 10:01:33.308,"[Timestamp('2026-06-14 10:01:33.308000'), Timestamp('2026-06-14 10:01:33.778000'), Timestamp('2026-06-14 10:01:34.226000'), Timestamp('2026-06-14 10:01:34.692000'), Timestamp('2026-06-14 10:01:35.044000'), Timestamp('2026-06-14 10:01:35.507000'), Timestamp('2026-06-14 10:01:36.425000')]","[0.47, 0.448, 0.466, 0.352, 0.463, 0.918]","[22.562736020979315, 65.0382800065858, 21.290356877059928, 21.00436688908876, 21.826762675000523, 20.17452112608052, 19.248140604392077, 21.08321067343659]","[10.604485929860278, 29.137149442950435, 9.921306304709926, 7.393537144959243, 10.105791118525243, 18.52021039374192]",85.68248033474704,9.928072130483235
ADTC1_adz_raw_20260614_1011,2026-06-14 10:09:38.691,2026-06-14 10:09:48.781,"[Timestamp('2026-06-14 10:09:48.781000'), Timestamp('2026-06-14 10:09:48.933000'), Timestamp('2026-06-14 10:09:49.475000'), Timestamp('2026-06-14 10:09:49.625000'), Timestamp('2026-06-14 10:09:49.786000'), Timestamp('2026-06-14 10:09:49.938000'), Timestamp('2026-06-14 10:09:50.719000'), Timestamp('2026-06-14 10:09:50.875000'), Timestamp('2026-06-14 10:09:51.652000'), Timestamp('2026-06-14 10:09:51.809000'), Timestamp('2026-06-14 10:09:52.600000'), Timestamp('2026-06-14 10:09:52.743000'), Timestamp('2026-06-14 10:09:53.537000'), Timestamp('2026-06-14 10:09:53.681000'), Timestamp('2026-06-14 10:09:54.478000'), Timestamp('2026-06-14 10:09:54.629000'), Timestamp('2026-06-14 10:09:55.418000'), Timestamp('2026-06-14 10:09:55.568000'), Timestamp('2026-06-14 10:09:56.369000'), Timestamp('2026-06-14 10:09:56.522000'), Timestamp('2026-06-14 10:09:57.319000'), Timestamp('2026-06-14 10:09:57.464000'), Timestamp('2026-06-14 10:09:57.636000'), Timestamp('2026-06-14 10:09:57.790000'), Timestamp('2026-06-14 10:09:58.346000'), Timestamp('2026-06-14 10:09:58.496000')]","[0.152, 0.542, 0.15, 0.161, 0.152, 0.781, 0.156, 0.777, 0.157, 0.791, 0.143, 0.794, 0.144, 0.797, 0.151, 0.789, 0.15, 0.801, 0.153, 0.797, 0.145, 0.172, 0.154, 0.556, 0.15]","[19.616637657874772, 20.041975120655422, 19.70790836759759, 20.33359914938863, 19.244904380003433, 20.10558612007267, 18.900332264675278, 20.041894518464808, 19.047088532382652, 20.281661051517375, 20.089773046253654, 19.319727891156468, 19.452547970344014, 19.414120675558443, 19.60868079289132, 18.725782608357456, 19.895937687475683, 19.543375662920262, 20.520861059355873, 19.790352289323625, 20.088322041414425, 19.646424375350968, 19.606885426850763, 19.34933490460125, 19.26987462479564, 18.93139040680024]","[2.981728923996965, 10.86275051539524, 2.9561862551396385, 3.2737094630515693, 2.925225465760522, 15.702462759776754, 2.9484518332893432, 15.572552040847157, 2.9903928995840765, 16.042793891750243, 2.8728375456142725, 15.339863945578236, 2.801166907729538, 15.47305417842008, 2.960910799726589, 14.774642477994034, 2.9843906531213524, 15.654243905999131, 3.1396917420814487, 15.77291077459093, 2.9128066960050916, 3.3791849925603663, 3.0194603557350175, 10.758230206958295, 2.890481193719346]",190.99013042442525,9.966945694795934
ADTC1_adz_raw_20260614_1015,2026-06-14 10:14:14.774,2026-06-14 10:14:24.842,"[Timestamp('2026-06-14 10:14:24.842000'), Timestamp('2026-06-14 10:14:24.944000'), Timestamp('2026-06-14 10:14:25.726000'), Timestamp('2026-06-14 10:14:25.831000'), Timestamp('2026-06-14 10:14:26.137000'), Timestamp('2026-06-14 10:14:26.257000'), Timestamp('2026-06-14 10:14:27.023000'), Timestamp('2026-06-14 10:14:27.139000'), Timestamp('2026-06-14 10:14:27.439000'), Timestamp('2026-06-14 10:14:27.555000'), Timestamp('2026-06-14 10:14:28.324000'), Timestamp('2026-06-14 10:14:28.440000'), Timestamp('2026-06-14 10:14:28.747000'), Timestamp('2026-06-14 10:14:28.864000'), Timestamp('2026-06-14 10:14:29.626000'), Timestamp('2026-06-14 10:14:29.745000'), Timestamp('2026-06-14 10:14:30.055000'), Timestamp('2026-06-14 10:14:30.159000'), Timestamp('2026-06-14 10:14:30.945000'), Timestamp('2026-06-14 10:14:31.045000'), Timestamp('2026-06-14 10:14:31.360000'), Timestamp('2026-06-14 10:14:31.472000'), Timestamp('2026-06-14 10:14:32.242000'), Timestamp('2026-06-14 10:14:32.359000'), Timestamp('2026-06-14 10:14:32.663000'), Timestamp('2026-06-14 10:14:32.785000'), Timestamp('2026-06-14 10:14:33.548000'), Timestamp('2026-06-14 10:14:33.666000'), Timestamp('2026-06-14 10:14:33.980000'), Timestamp('2026-06-14 10:14:34.085000'), Timestamp('2026-06-14 10:14:34.867000'), Timestamp('2026-06-14 10:14:34.974000'), Timestamp('2026-06-14 10:14:35.281000'), Timestamp('2026-06-14 10:14:35.403000'), Timestamp('2026-06-14 10:14:36.175000'), Timestamp('2026-06-14 10:14:36.290000'), Timestamp('2026-06-14 10:14:36.601000'), Timestamp('2026-06-14 10:14:36.712000'), Timestamp('2026-06-14 10:14:37.495000'), Timestamp('2026-06-14 10:14:37.597000'), Timestamp('2026-06-14 10:14:37.906000'), Timestamp('2026-06-14 10:14:38.027000'), Timestamp('2026-06-14 10:14:38.807000'), Timestamp('2026-06-14 10:14:38.917000'), Timestamp('2026-06-14 10:14:39.234000'), Timestamp('2026-06-14 10:14:39.335000'), Timestamp('2026-06-14 10:14:40.123000'), Timestamp('2026-06-14 10:14:40.228000'), Timestamp('2026-06-14 10:14:40.546000'), Timestamp('2026-06-14 10:14:40.652000'), Timestamp('2026-06-14 10:14:41.439000'), Timestamp('2026-06-14 10:14:41.543000')]","[0.102, 0.782, 0.105, 0.306, 0.12, 0.766, 0.116, 0.3, 0.116, 0.769, 0.116, 0.307, 0.117, 0.762, 0.119, 0.31, 0.104, 0.786, 0.1, 0.315, 0.112, 0.77, 0.117, 0.304, 0.122, 0.763, 0.118, 0.314, 0.105, 0.782, 0.107, 0.307, 0.122, 0.772, 0.115, 0.311, 0.111, 0.783, 0.102, 0.309, 0.121, 0.78, 0.11, 0.317, 0.101, 0.788, 0.105, 0.318, 0.106, 0.787, 0.104]","[21.86352001431345, 21.821669611510686, 22.063312763766028, 21.978015400591957, 21.95905258932156, 22.298609320771483, 22.427017704765007, 21.95779162782265, 22.49963790855984, 22.256312460773426, 21.705738405121078, 21.767390751123767, 22.159695180506226, 22.45452420141357, 21.309985287090477, 22.023344356865728, 22.817620739760315, 22.44035178198203, 22.361585782638414, 21.815322799171213, 22.449482396555396, 21.623084944252824, 22.27988307495268, 22.682320811425274, 21.91930788595574, 22.900763358778622, 22.69681116757946, 21.935860795822432, 22.3569684471453, 22.003190707427066, 22.182114813983702, 22.531055789826688, 21.711077761768003, 21.710570926551654, 22.02876433592305, 21.7491007353488, 21.891309900763027, 22.770738141221916, 22.111665152902262, 21.663410777738477, 21.102070239943828, 22.18309833456957, 22.520708630897815, 21.386164410228396, 21.818916491626847, 21.724016811404624, 21.722945768579823, 21.724681066364695, 21.27285638203444, 21.383168994090497, 21.116096424534547, 21.109532828282823]","[2.230079041459972, 17.064545636201355, 2.316647840195433, 6.7252727125811385, 2.635086310718587, 17.080734739710955, 2.601534053752741, 6.587337488346795, 2.6099579973929417, 17.115104282334766, 2.5178656549940452, 6.682588960594996, 2.5926843361192287, 17.110347441477142, 2.5358882491637664, 6.8272367506283755, 2.3730325569350725, 17.638116500637878, 2.2361585782638413, 6.871826681738932, 2.5143420284142044, 16.649775407074674, 2.6067463197694636, 6.895425526673283, 2.6741555620866, 17.47328244274809, 2.6782237177743764, 6.887860289888244, 2.3474816869502564, 17.206495133207966, 2.373486285096256, 6.917034127476793, 2.6487514869356965, 16.760560755297877, 2.533307898631151, 6.763970328693477, 2.429935398984696, 17.82948796457676, 2.2553898455960306, 6.69399393032119, 2.553350499033203, 17.302816700964268, 2.4772779493987596, 6.779414118042402, 2.203710565654312, 17.118525247386845, 2.2809093057008814, 6.908448579103974, 2.2549227764956505, 16.82855399834922, 2.196074028151593]",368.3957557177262,9.956237845225395
ADTC1_adz_raw_20260614_1030,2026-06-14 10:29:03.485,2026-06-14 10:29:13.539,"[Timestamp('2026-06-14 10:29:13.539000'), Timestamp('2026-06-14 10:29:13.651000'), Timestamp('2026-06-14 10:29:14.329000'), Timestamp('2026-06-14 10:29:14.439000'), Timestamp('2026-06-14 10:29:14.661000'), Timestamp('2026-06-14 10:29:14.776000'), Timestamp('2026-06-14 10:29:15.455000'), Timestamp('2026-06-14 10:29:15.567000'), Timestamp('2026-06-14 10:29:15.794000'), Timestamp('2026-06-14 10:29:15.900000'), Timestamp('2026-06-14 10:29:16.580000'), Timestamp('2026-06-14 10:29:16.692000'), Timestamp('2026-06-14 10:29:16.916000'), Timestamp('2026-06-14 10:29:17.036000'), Timestamp('2026-06-14 10:29:17.711000'), Timestamp('2026-06-14 10:29:17.819000'), Timestamp('2026-06-14 10:29:18.047000'), Timestamp('2026-06-14 10:29:18.159000'), Timestamp('2026-06-14 10:29:18.835000'), Timestamp('2026-06-14 10:29:18.949000'), Timestamp('2026-06-14 10:29:19.176000'), Timestamp('2026-06-14 10:29:19.287000'), Timestamp('2026-06-14 10:29:19.967000'), Timestamp('2026-06-14 10:29:20.081000'), Timestamp('2026-06-14 10:29:20.302000'), Timestamp('2026-06-14 10:29:20.417000'), Timestamp('2026-06-14 10:29:21.093000'), Timestamp('2026-06-14 10:29:21.210000'), Timestamp('2026-06-14 10:29:21.437000'), Timestamp('2026-06-14 10:29:21.546000'), Timestamp('2026-06-14 10:29:22.230000'), Timestamp('2026-06-14 10:29:22.340000')]","[0.112, 0.678, 0.11, 0.222, 0.115, 0.679, 0.112, 0.227, 0.106, 0.68, 0.112, 0.224, 0.12, 0.675, 0.108, 0.228, 0.112, 0.676, 0.114, 0.227, 0.111, 0.68, 0.114, 0.221, 0.115, 0.676, 0.117, 0.227, 0.109, 0.684, 0.11]","[21.376190521475745, 22.177108832980565, 21.775972389925744, 21.86119530321029, 21.825396825396822, 22.218670076726344, 22.62944831537378, 22.493778056892978, 23.12122684474984, 21.04259492540475, 22.017262285665986, 22.123711716651414, 22.448605597524008, 23.745884195309984, 22.8377263714083, 21.250115273243694, 22.977294947191748, 21.776516461215046, 22.26035135287804, 21.69800088496781, 22.401262859278127, 22.421087791571562, 22.01986552613929, 22.36728381021699, 21.81376067372231, 21.97860356659543, 21.193290857742323, 22.01085986490613, 22.671018631850945, 21.779027793364005, 22.27577114168448, 21.351338193052108]","[2.3941333384052834, 15.036079788760825, 2.395356962891832, 4.853185357312685, 2.509920634920635, 15.086476982097189, 2.5344982113218633, 5.106087618914707, 2.450850045543483, 14.308964549275231, 2.4659333759945903, 4.955711424529917, 2.693832671702881, 16.02847183183424, 2.4664744481120966, 4.845026282299562, 2.5734570340854757, 14.720925127781372, 2.5376800542280966, 4.925446200887693, 2.4865401773798723, 15.246339698268663, 2.5102646699798794, 4.943169722057955, 2.5085824774780656, 14.857536011018512, 2.479615030355852, 4.9964651893336915, 2.471141030871753, 14.89685501066098, 2.450334825585293]",194.73535578389013,9.94486223505117
ADTC1_adz_raw_20260614_1036,2026-06-14 10:35:32.298,2026-06-14 10:35:42.328,"[Timestamp('2026-06-14 10:35:42.328000'), Timestamp('2026-06-14 10:35:42.440000'), Timestamp('2026-06-14 10:35:42.794000'), Timestamp('2026-06-14 10:35:42.905000'), Timestamp('2026-06-14 10:35:43.139000'), Timestamp('2026-06-14 10:35:43.247000'), Timestamp('2026-06-14 10:35:44.026000'), Timestamp('2026-06-14 10:35:44.142000'), Timestamp('2026-06-14 10:35:44.334000'), Timestamp('2026-06-14 10:35:44.444000'), Timestamp('2026-06-14 10:35:45.221000'), Timestamp('2026-06-14 10:35:45.338000'), Timestamp('2026-06-14 10:35:45.522000'), Timestamp('2026-06-14 10:35:45.630000'), Timestamp('2026-06-14 10:35:46.416000'), Timestamp('2026-06-14 10:35:46.526000'), Timestamp('2026-06-14 10:35:46.716000'), Timestamp('2026-06-14 10:35:46.823000'), Timestamp('2026-06-14 10:35:47.603000'), Timestamp('2026-06-14 10:35:47.713000')]","[0.112, 0.354, 0.111, 0.234, 0.108, 0.779, 0.116, 0.192, 0.11, 0.777, 0.117, 0.184, 0.108, 0.786, 0.11, 0.19, 0.107, 0.78, 0.11]","[22.193961273383657, 22.30332193431824, 22.38713836952496, 21.85311764259133, 22.063279841029047, 22.766230730545203, 22.321771582240274, 22.690683620756314, 22.346141371861478, 22.265366820885657, 22.38593242585067, 22.378366417855993, 22.308504744493213, 22.039792947266257, 21.74916151787371, 22.73106863854194, 22.852704678362574, 22.263167255830496, 22.539922598619526, 21.85867189098623]","[2.4857236626189696, 7.8953759647486565, 2.4849723590172705, 5.1136295283663715, 2.382834222831137, 17.734893739094712, 2.5893255035398717, 4.3566112551852125, 2.4580755509047627, 17.300190019828154, 2.6191540938245286, 4.117619420885503, 2.409318512405267, 17.32327725655128, 2.392407766966108, 4.318903041322969, 2.4452394005847955, 17.365270459547787, 2.479391485848148]",120.27221324407151,9.914040569990286
ADTC1_adz_raw_20260614_1102,2026-06-14 11:01:36.810,2026-06-14 11:01:46.922,"[Timestamp('2026-06-14 11:01:46.922000'), Timestamp('2026-06-14 11:01:47.408000'), Timestamp('2026-06-14 11:01:48.371000'), Timestamp('2026-06-14 11:01:48.748000'), Timestamp('2026-06-14 11:01:49.234000'), Timestamp('2026-06-14 11:01:50.123000'), Timestamp('2026-06-14 11:01:50.215000')]","[0.486, 0.963, 0.377, 0.486, 0.889, 0.092]","[20.33898305084746, 28.985507246376812, 29.7029702970297, 52.631578947368425, 20.408163265306122, 20.408163265306122, 21.50537634408602, 19.867549668874172, 53.09734513274337, 20.477815699658706]","[9.884745762711866, 27.91304347826087, 11.198019801980196, 25.578947368421055, 18.142857142857142, 1.8775510204081631]",94.59516457463928,9.89050612730612
ADTC1_adz_raw_20260614_1114,2026-06-14 11:13:22.621,2026-06-14 11:13:32.683,"[Timestamp('2026-06-14 11:13:32.683000'), Timestamp('2026-06-14 11:13:32.795000'), Timestamp('2026-06-14 11:13:33.626000'), Timestamp('2026-06-14 11:13:33.732000'), Timestamp('2026-06-14 11:13:34.070000'), Timestamp('2026-06-14 11:13:34.177000'), Timestamp('2026-06-14 11:13:35.007000'), Timestamp('2026-06-14 11:13:35.113000'), Timestamp('2026-06-14 11:13:35.444000'), Timestamp('2026-06-14 11:13:35.568000'), Timestamp('2026-06-14 11:13:36.378000'), Timestamp('2026-06-14 11:13:36.502000'), Timestamp('2026-06-14 11:13:36.833000'), Timestamp('2026-06-14 11:13:36.938000'), Timestamp('2026-06-14 11:13:37.768000'), Timestamp('2026-06-14 11:13:37.884000'), Timestamp('2026-06-14 11:13:38.211000'), Timestamp('2026-06-14 11:13:38.332000'), Timestamp('2026-06-14 11:13:39.151000'), Timestamp('2026-06-14 11:13:39.271000'), Timestamp('2026-06-14 11:13:39.604000'), Timestamp('2026-06-14 11:13:39.709000'), Timestamp('2026-06-14 11:13:40.541000'), Timestamp('2026-06-14 11:13:40.654000'), Timestamp('2026-06-14 11:13:40.984000'), Timestamp('2026-06-14 11:13:41.107000'), Timestamp('2026-06-14 11:13:41.927000'), Timestamp('2026-06-14 11:13:42.045000'), Timestamp('2026-06-14 11:13:42.374000'), Timestamp('2026-06-14 11:13:42.494000'), Timestamp('2026-06-14 11:13:43.316000'), Timestamp('2026-06-14 11:13:43.435000'), Timestamp('2026-06-14 11:13:43.767000'), Timestamp('2026-06-14 11:13:43.880000'), Timestamp('2026-06-14 11:13:44.713000'), Timestamp('2026-06-14 11:13:44.823000'), Timestamp('2026-06-14 11:13:45.152000'), Timestamp('2026-06-14 11:13:45.276000'), Timestamp('2026-06-14 11:13:46.099000'), Timestamp('2026-06-14 11:13:46.221000'), Timestamp('2026-06-14 11:13:46.543000'), Timestamp('2026-06-14 11:13:46.669000'), Timestamp('2026-06-14 11:13:47.488000'), Timestamp('2026-06-14 11:13:47.613000'), Timestamp('2026-06-14 11:13:47.941000'), Timestamp('2026-06-14 11:13:48.063000'), Timestamp('2026-06-14 11:13:48.882000'), Timestamp('2026-06-14 11:13:49.008000'), Timestamp('2026-06-14 11:13:49.340000'), Timestamp('2026-06-14 11:13:49.450000'), Timestamp('2026-06-14 11:13:50.287000'), Timestamp('2026-06-14 11:13:50.403000')]","[0.112, 0.831, 0.106, 0.338, 0.107, 0.83, 0.106, 0.331, 0.124, 0.81, 0.124, 0.331, 0.105, 0.83, 0.116, 0.327, 0.121, 0.819, 0.12, 0.333, 0.105, 0.832, 0.113, 0.33, 0.123, 0.82, 0.118, 0.329, 0.12, 0.822, 0.119, 0.332, 0.113, 0.833, 0.11, 0.329, 0.124, 0.823, 0.122, 0.322, 0.126, 0.819, 0.125, 0.328, 0.122, 0.819, 0.126, 0.332, 0.11, 0.837, 0.116]","[20.482855304283873, 21.083935973014473, 21.358680458484756, 20.83114173504454, 21.46930362663788, 20.80028839221341, 20.856046979529374, 20.908165995553816, 21.04865361438482, 20.36795406134979, 20.829441997505526, 20.58348685790317, 20.905923344947734, 20.90865047833487, 20.615713448477955, 21.3939813213421, 20.680792703557227, 20.69333831093413, 21.057344238974665, 20.163541595754936, 20.88790468415133, 20.73697501329081, 20.427049405557007, 21.096932350245844, 20.566447315111375, 20.84904707113312, 21.096216709699434, 20.57608773709805, 20.766181245891186, 20.62732589048379, 20.92369993531468, 20.20914415931213, 20.17633087616958, 20.83844446474219, 20.916009893352204, 20.826273515781605, 20.562260526915043, 20.577185962741595, 20.726987476795998, 20.560919856253676, 20.25452554837785, 20.447876001583975, 20.372426131735004, 20.61648029389965, 20.806007401882106, 20.177731835087542, 20.54221994353799, 20.57649207454269, 20.297833132299548, 19.99276805833253, 20.24592724602063, 20.75019835469996]","[2.294079794079794, 17.520750793575026, 2.264020128599384, 7.040925906445055, 2.297215488050253, 17.26423936553713, 2.2107409798301134, 6.920602944528313, 2.6100330481837175, 16.49804278969333, 2.582850807690685, 6.81313414996595, 2.195121951219512, 17.354179897017943, 2.391422760023443, 6.995831892078867, 2.5023759171304243, 16.947844076655052, 2.5268813086769595, 6.7144593513863935, 2.1932299918358895, 17.253163211057952, 2.308256582827942, 6.9619876755811285, 2.529673019758699, 17.09621859832916, 2.489353571744533, 6.7695328655052585, 2.491941749506942, 16.955661881977672, 2.489920292302447, 6.709435860891628, 2.2799253890071625, 17.358424239130244, 2.3007610882687426, 6.851843986692148, 2.5497203053374653, 16.93502404733633, 2.5286924721691117, 6.620616193713684, 2.552070219095609, 16.746810445297275, 2.5465532664668755, 6.762205536399085, 2.538332903029617, 16.525562372936697, 2.5883197128857867, 6.831395368748173, 2.23276164455295, 16.733946864824325, 2.3485275605383933]",366.02462226811633,9.947654379848426
ADTC1_adz_raw_20260614_1125,2026-06-14 11:24:22.298,2026-06-14 11:24:32.342,"[Timestamp('2026-06-14 11:24:32.342000'), Timestamp('2026-06-14 11:24:32.455000'), Timestamp('2026-06-14 11:24:32.796000'), Timestamp('2026-06-14 11:24:32.912000'), Timestamp('2026-06-14 11:24:33.142000'), Timestamp('2026-06-14 11:24:33.250000'), Timestamp('2026-06-14 11:24:34.024000'), Timestamp('2026-06-14 11:24:34.135000'), Timestamp('2026-06-14 11:24:34.324000'), Timestamp('2026-06-14 11:24:34.435000'), Timestamp('2026-06-14 11:24:35.206000'), Timestamp('2026-06-14 11:24:35.321000'), Timestamp('2026-06-14 11:24:35.503000'), Timestamp('2026-06-14 11:24:35.618000'), Timestamp('2026-06-14 11:24:36.388000'), Timestamp('2026-06-14 11:24:36.498000'), Timestamp('2026-06-14 11:24:36.693000'), Timestamp('2026-06-14 11:24:36.798000'), Timestamp('2026-06-14 11:24:37.579000'), Timestamp('2026-06-14 11:24:37.693000')]","[0.113, 0.341, 0.116, 0.23, 0.108, 0.774, 0.111, 0.189, 0.111, 0.771, 0.115, 0.182, 0.115, 0.77, 0.11, 0.195, 0.105, 0.781, 0.114]","[22.806134711290028, 22.853051859117205, 22.139303482587064, 22.683122927831207, 23.485059176168846, 22.380241673988536, 21.489031940890754, 22.770701309091688, 23.057166095826528, 22.810811426575174, 22.81722465947617, 23.204947131350913, 21.892979174339, 23.20668896277322, 21.337639533425314, 21.724131737676608, 21.759266236636922, 22.018955121861637, 22.372346534224498, 22.57955008170712]","[2.5770932223757734, 7.792890683958968, 2.5681592039800996, 5.217118273401177, 2.536386391026235, 17.322307055667128, 2.3852825454388737, 4.303662547418329, 2.5593454366367445, 17.58713560988946, 2.6239808358397596, 4.223300377905866, 2.517692605048985, 17.86915050133538, 2.3471403486767843, 4.236205688846939, 2.2847229548468766, 17.19680395017394, 2.5504475049015927]",120.69882573736892,9.93527469514739
ADTC1_adz_raw_20260614_1151,2026-06-14 11:50:22.330,2026-06-14 11:50:32.382,"[Timestamp('2026-06-14 11:50:32.382000'), Timestamp('2026-06-14 11:50:32.519000'), Timestamp('2026-06-14 11:50:33.009000'), Timestamp('2026-06-14 11:50:33.141000'), Timestamp('2026-06-14 11:50:33.288000'), Timestamp('2026-06-14 11:50:33.427000'), Timestamp('2026-06-14 11:50:34.129000'), Timestamp('2026-06-14 11:50:34.257000'), Timestamp('2026-06-14 11:50:34.963000'), Timestamp('2026-06-14 11:50:35.089000'), Timestamp('2026-06-14 11:50:35.795000'), Timestamp('2026-06-14 11:50:35.922000'), Timestamp('2026-06-14 11:50:36.622000'), Timestamp('2026-06-14 11:50:36.754000'), Timestamp('2026-06-14 11:50:37.456000'), Timestamp('2026-06-14 11:50:37.592000'), Timestamp('2026-06-14 11:50:38.286000'), Timestamp('2026-06-14 11:50:38.421000'), Timestamp('2026-06-14 11:50:39.128000'), Timestamp('2026-06-14 11:50:39.262000'), Timestamp('2026-06-14 11:50:39.960000'), Timestamp('2026-06-14 11:50:40.085000'), Timestamp('2026-06-14 11:50:40.236000'), Timestamp('2026-06-14 11:50:40.376000'), Timestamp('2026-06-14 11:50:40.867000'), Timestamp('2026-06-14 11:50:40.997000')]","[0.137, 0.49, 0.132, 0.147, 0.139, 0.702, 0.128, 0.706, 0.126, 0.706, 0.127, 0.7, 0.132, 0.702, 0.136, 0.694, 0.135, 0.707, 0.134, 0.698, 0.125, 0.151, 0.14, 0.491, 0.13]","[22.443649796018388, 22.84260515603799, 21.57287157287157, 21.855017385850534, 21.61423537970681, 22.256165225427388, 23.666337611888455, 22.71392918045784, 23.533968516984263, 22.347360765091413, 22.437998186573992, 22.027972027972027, 21.74916151787371, 21.903843567421426, 21.643382469391543, 22.94947810512013, 21.968874445804992, 22.651685108432517, 22.644865761895012, 23.6660980445106, 22.523761479884456, 22.213431998221374, 22.049569614535237, 23.19660995018438, 23.347254291509124, 21.78194012104047]","[3.074780022054519, 11.192876526458615, 2.8476190476190473, 3.2126875557200285, 3.0043787177792467, 15.623827988250026, 3.0292912143217223, 16.036034001403234, 2.9652800331400173, 15.777236700154537, 2.8496257696948972, 15.419580419580418, 2.8708893203593298, 15.37649818432984, 2.94350001583725, 15.926937804953369, 2.965798050183674, 16.01474137166179, 3.0344120120939317, 16.518936435068397, 2.815470184985557, 3.3542282317314274, 3.0869397460349335, 11.38953548554053, 3.035143057896186]",194.3662478968525,9.943715194513372
ADTC1_adz_raw_20260614_1154,2026-06-14 11:53:22.554,2026-06-14 11:53:32.701,"[Timestamp('2026-06-14 11:53:32.701000'), Timestamp('2026-06-14 11:53:32.711000'), Timestamp('2026-06-14 11:53:32.805000'), Timestamp('2026-06-14 11:53:33.590000'), Timestamp('2026-06-14 11:53:33.690000'), Timestamp('2026-06-14 11:53:34.004000'), Timestamp('2026-06-14 11:53:34.123000'), Timestamp('2026-06-14 11:53:34.899000'), Timestamp('2026-06-14 11:53:35.012000'), Timestamp('2026-06-14 11:53:35.318000'), Timestamp('2026-06-14 11:53:35.437000'), Timestamp('2026-06-14 11:53:36.208000'), Timestamp('2026-06-14 11:53:36.329000'), Timestamp('2026-06-14 11:53:36.627000'), Timestamp('2026-06-14 11:53:36.753000'), Timestamp('2026-06-14 11:53:37.527000'), Timestamp('2026-06-14 11:53:37.641000'), Timestamp('2026-06-14 11:53:37.956000'), Timestamp('2026-06-14 11:53:38.059000'), Timestamp('2026-06-14 11:53:38.850000'), Timestamp('2026-06-14 11:53:38.956000'), Timestamp('2026-06-14 11:53:39.261000'), Timestamp('2026-06-14 11:53:39.379000'), Timestamp('2026-06-14 11:53:40.158000'), Timestamp('2026-06-14 11:53:40.273000'), Timestamp('2026-06-14 11:53:40.581000'), Timestamp('2026-06-14 11:53:40.695000'), Timestamp('2026-06-14 11:53:41.468000'), Timestamp('2026-06-14 11:53:41.583000'), Timestamp('2026-06-14 11:53:41.901000'), Timestamp('2026-06-14 11:53:42'), Timestamp('2026-06-14 11:53:42.786000'), Timestamp('2026-06-14 11:53:42.889000'), Timestamp('2026-06-14 11:53:43.198000'), Timestamp('2026-06-14 11:53:43.323000'), Timestamp('2026-06-14 11:53:44.088000'), Timestamp('2026-06-14 11:53:44.207000'), Timestamp('2026-06-14 11:53:44.523000'), Timestamp('2026-06-14 11:53:44.625000'), Timestamp('2026-06-14 11:53:45.408000'), Timestamp('2026-06-14 11:53:45.518000'), Timestamp('2026-06-14 11:53:45.830000'), Timestamp('2026-06-14 11:53:45.945000'), Timestamp('2026-06-14 11:53:46.716000'), Timestamp('2026-06-14 11:53:46.831000'), Timestamp('2026-06-14 11:53:47.141000'), Timestamp('2026-06-14 11:53:47.243000'), Timestamp('2026-06-14 11:53:48.033000'), Timestamp('2026-06-14 11:53:48.129000'), Timestamp('2026-06-14 11:53:48.461000'), Timestamp('2026-06-14 11:53:48.561000'), Timestamp('2026-06-14 11:53:49.346000'), Timestamp('2026-06-14 11:53:49.449000')]","[0.01, 0.094, 0.785, 0.1, 0.314, 0.119, 0.776, 0.113, 0.306, 0.119, 0.771, 0.121, 0.298, 0.126, 0.774, 0.114, 0.315, 0.103, 0.791, 0.106, 0.305, 0.118, 0.779, 0.115, 0.308, 0.114, 0.773, 0.115, 0.318, 0.099, 0.786, 0.103, 0.309, 0.125, 0.765, 0.119, 0.316, 0.102, 0.783, 0.11, 0.312, 0.115, 0.771, 0.115, 0.31, 0.102, 0.79, 0.096, 0.332, 0.1, 0.785, 0.103]","[21.947824589599346, 23.701051799911113, 22.43317933168001, 24.771062271062263, 19.122730388853054, 22.058233737065855, 22.199422606456928, 21.33847346496553, 23.25076402705813, 22.413710918789207, 21.423489420011062, 22.058233737065855, 20.124598960061945, 19.98393832316094, 20.583697532567147, 21.86295540557039, 18.543592244848192, 22.32428563697031, 21.54484905313832, 19.577513366194026, 21.852676856901454, 22.173072424608428, 19.02834008097166, 19.89135206321334, 19.788327603529474, 19.35913501622766, 19.47253397831794, 20.132406053325184, 19.267707082833127, 20.980422174993702, 19.44516825491364, 19.579790518715555, 20.683931935763624, 18.848005114127787, 22.171607404296854, 19.225617469875168, 21.28623188405797, 20.017210643910744, 20.22819498428054, 19.071430063079397, 19.609123188269496, 19.316481881982856, 17.712967539957162, 19.64007612199898, 18.761039285825373, 19.17807322239429, 16.643609711406327, 21.140840833339666, 19.403179228347692, 21.11308534307345, 19.846435877680072, 18.23153481199357]","[0.21947824589599346, 2.2278988691916446, 17.610045775368807, 2.4771062271062263, 6.004537342099859, 2.6249298147108364, 17.226751942610576, 2.411247501541105, 7.114733792279787, 2.6672315993359152, 16.51751034282853, 2.6690462821849685, 5.997130490098459, 2.5179762287182785, 15.931781890206972, 2.4923769162350244, 5.8412315571271805, 2.299401420607942, 17.041975601032412, 2.0752164168165668, 6.665066441354943, 2.616422546103794, 14.823076923076924, 2.2875054872695344, 6.094804901887078, 2.2069413918499534, 15.052268765239768, 2.315226696132396, 6.127130852340934, 2.0770617953243766, 15.283902248362121, 2.0167184234277022, 6.39133496815096, 2.3560006392659734, 16.961279664287094, 2.2878484789151448, 6.726449275362318, 2.0417554856788955, 15.838676672691665, 2.097857306938734, 6.118046434740083, 2.2213954164280287, 13.656697973306972, 2.2586087540298827, 5.815922178605866, 1.9561634686842173, 13.148451672011, 2.0295207200006082, 6.441855503811435, 2.111308534307345, 15.579452163978857, 1.8778480856353374]",339.4502081251971,10.038215750611185
ADTC1_adz_raw_20260614_1205,2026-06-14 12:04:14.461,2026-06-14 12:04:24.469,"[Timestamp('2026-06-14 12:04:24.469000'), Timestamp('2026-06-14 12:04:24.919000'), Timestamp('2026-06-14 12:04:25.783000'), Timestamp('2026-06-14 12:04:26.116000'), Timestamp('2026-06-14 12:04:27'), Timestamp('2026-06-14 12:04:27.431000')]","[0.45, 0.864, 0.333, 0.884, 0.431]","[38.891264834812375, 100.02055076037804, 110.98177669513726, 139.71389901876023, 44.29324261223398, 112.51936346993386, 3.555811277330257, 20.96243042671614]","[17.50106917566557, 86.41775585696662, 36.95693163948071, 123.50708673258404, 19.090387565872845]",283.4732309705698,9.94025515242188
ADTC1_adz_raw_20260614_1215,2026-06-14 12:13:59.635,2026-06-14 12:14:09.693,"[Timestamp('2026-06-14 12:14:09.693000'), Timestamp('2026-06-14 12:14:09.797000'), Timestamp('2026-06-14 12:14:10.593000'), Timestamp('2026-06-14 12:14:10.695000'), Timestamp('2026-06-14 12:14:11.011000'), Timestamp('2026-06-14 12:14:11.128000'), Timestamp('2026-06-14 12:14:11.910000'), Timestamp('2026-06-14 12:14:12.029000'), Timestamp('2026-06-14 12:14:12.336000'), Timestamp('2026-06-14 12:14:12.455000'), Timestamp('2026-06-14 12:14:13.238000'), Timestamp('2026-06-14 12:14:13.360000'), Timestamp('2026-06-14 12:14:13.666000'), Timestamp('2026-06-14 12:14:13.780000'), Timestamp('2026-06-14 12:14:14.563000'), Timestamp('2026-06-14 12:14:14.685000'), Timestamp('2026-06-14 12:14:15'), Timestamp('2026-06-14 12:14:15.103000'), Timestamp('2026-06-14 12:14:15.899000'), Timestamp('2026-06-14 12:14:16.002000'), Timestamp('2026-06-14 12:14:16.320000'), Timestamp('2026-06-14 12:14:16.437000'), Timestamp('2026-06-14 12:14:17.215000'), Timestamp('2026-06-14 12:14:17.336000'), Timestamp('2026-06-14 12:14:17.643000'), Timestamp('2026-06-14 12:14:17.761000'), Timestamp('2026-06-14 12:14:18.543000'), Timestamp('2026-06-14 12:14:18.662000'), Timestamp('2026-06-14 12:14:18.975000'), Timestamp('2026-06-14 12:14:19.083000'), Timestamp('2026-06-14 12:14:19.873000'), Timestamp('2026-06-14 12:14:19.978000'), Timestamp('2026-06-14 12:14:20.297000'), Timestamp('2026-06-14 12:14:20.413000'), Timestamp('2026-06-14 12:14:21.196000'), Timestamp('2026-06-14 12:14:21.311000'), Timestamp('2026-06-14 12:14:21.627000'), Timestamp('2026-06-14 12:14:21.732000'), Timestamp('2026-06-14 12:14:22.525000'), Timestamp('2026-06-14 12:14:22.628000'), Timestamp('2026-06-14 12:14:22.947000'), Timestamp('2026-06-14 12:14:23.066000'), Timestamp('2026-06-14 12:14:23.843000'), Timestamp('2026-06-14 12:14:23.963000'), Timestamp('2026-06-14 12:14:24.272000'), Timestamp('2026-06-14 12:14:24.383000'), Timestamp('2026-06-14 12:14:25.175000'), Timestamp('2026-06-14 12:14:25.278000'), Timestamp('2026-06-14 12:14:25.601000'), Timestamp('2026-06-14 12:14:25.703000'), Timestamp('2026-06-14 12:14:26.498000'), Timestamp('2026-06-14 12:14:26.598000')]","[0.104, 0.796, 0.102, 0.316, 0.117, 0.782, 0.119, 0.307, 0.119, 0.783, 0.122, 0.306, 0.114, 0.783, 0.122, 0.315, 0.103, 0.796, 0.103, 0.318, 0.117, 0.778, 0.121, 0.307, 0.118, 0.782, 0.119, 0.313, 0.108, 0.79, 0.105, 0.319, 0.116, 0.783, 0.115, 0.316, 0.105, 0.793, 0.103, 0.319, 0.119, 0.777, 0.12, 0.309, 0.111, 0.792, 0.103, 0.323, 0.102, 0.795, 0.1]","[21.784910002017522, 21.319993627303596, 21.739136549997536, 21.776689014956162, 21.5852474927208, 21.372375783583664, 21.736955623881414, 21.285446642643976, 21.659370864298083, 21.586061400648212, 21.69961085829793, 21.942784333950186, 21.46833739803212, 21.621980062332838, 21.275231975070678, 22.127428414944475, 22.006075062839756, 21.777526864842876, 21.738310669547037, 21.465856767601345, 21.776689014956162, 21.818181818181817, 21.543778801843317, 21.372375783583664, 21.826040519759886, 21.467468701511258, 21.978021978021975, 21.623376623376622, 21.661493697078324, 22.158441505526163, 21.551237190124667, 21.472179511657252, 21.71062513370363, 21.486472532011568, 21.895635459068295, 21.51502861777844, 22.136810557863186, 21.724232502158124, 21.43171830734569, 21.461694707392788, 22.366925817263382, 21.769306172680505, 21.215168952858008, 22.010459546167034, 21.78378615452282, 22.011855452332107, 21.827556184360887, 21.895460020127537, 22.09893059818298, 21.566442759350398, 21.652302927129142, 21.293356347288977]","[2.2656306402098223, 16.970714927333663, 2.2173919280997487, 6.881433728726147, 2.5254739566483337, 16.713197862762424, 2.5866977192418883, 6.5346321192917, 2.5774651328514717, 16.90188607670755, 2.6473525247123475, 6.714492006188757, 2.447390463375662, 16.930010388806615, 2.5955783009586226, 6.97013995070751, 2.266625731472495, 17.33491138441493, 2.2390459989633444, 6.826142452097228, 2.547872614749871, 16.974545454545453, 2.6067972350230413, 6.561319365560185, 2.5754727813316665, 16.787560524581803, 2.615384615384615, 6.768116883116883, 2.3394413192844588, 17.50516878936567, 2.26287990496309, 6.8496252642186635, 2.518432515509621, 16.823907992565058, 2.517998077792854, 6.798749043217987, 2.3243651085756345, 17.227316374211394, 2.207466985656606, 6.846280611658299, 2.6616641722543424, 16.91475089617275, 2.5458202743429608, 6.801231999765614, 2.4180002631520328, 17.43338951824703, 2.2482382869891713, 7.072233586501195, 2.254090921014664, 17.145321993683567, 2.165230292712914]",366.4648869597194,9.94846466829842
ADTC1_adz_raw_20260614_1223,2026-06-14 12:21:36.355,2026-06-14 12:21:46.404,"[Timestamp('2026-06-14 12:21:46.404000'), Timestamp('2026-06-14 12:21:46.518000'), Timestamp('2026-06-14 12:21:47.194000'), Timestamp('2026-06-14 12:21:47.307000'), Timestamp('2026-06-14 12:21:47.532000'), Timestamp('2026-06-14 12:21:47.648000'), Timestamp('2026-06-14 12:21:48.328000'), Timestamp('2026-06-14 12:21:48.442000'), Timestamp('2026-06-14 12:21:48.659000'), Timestamp('2026-06-14 12:21:48.776000'), Timestamp('2026-06-14 12:21:49.457000'), Timestamp('2026-06-14 12:21:49.571000'), Timestamp('2026-06-14 12:21:49.796000'), Timestamp('2026-06-14 12:21:49.912000'), Timestamp('2026-06-14 12:21:50.585000'), Timestamp('2026-06-14 12:21:50.699000'), Timestamp('2026-06-14 12:21:50.923000'), Timestamp('2026-06-14 12:21:51.040000'), Timestamp('2026-06-14 12:21:51.720000'), Timestamp('2026-06-14 12:21:51.834000'), Timestamp('2026-06-14 12:21:52.055000'), Timestamp('2026-06-14 12:21:52.170000'), Timestamp('2026-06-14 12:21:52.846000'), Timestamp('2026-06-14 12:21:52.962000'), Timestamp('2026-06-14 12:21:53.186000'), Timestamp('2026-06-14 12:21:53.298000'), Timestamp('2026-06-14 12:21:53.976000'), Timestamp('2026-06-14 12:21:54.095000'), Timestamp('2026-06-14 12:21:54.319000'), Timestamp('2026-06-14 12:21:54.429000'), Timestamp('2026-06-14 12:21:55.107000'), Timestamp('2026-06-14 12:21:55.225000')]","[0.114, 0.676, 0.113, 0.225, 0.116, 0.68, 0.114, 0.217, 0.117, 0.681, 0.114, 0.225, 0.116, 0.673, 0.114, 0.224, 0.117, 0.68, 0.114, 0.221, 0.115, 0.676, 0.116, 0.224, 0.112, 0.678, 0.119, 0.224, 0.11, 0.678, 0.118]","[21.778941510537805, 22.17826930103145, 21.77865612648221, 22.058823529411764, 21.949473696363064, 21.898694677725647, 22.24229191639317, 22.060909222365744, 21.700457815565727, 21.992604026255847, 21.788030492661278, 21.75312307065824, 21.941099526795675, 22.165277085078152, 21.757446282596803, 21.549316927097017, 21.10554913789415, 21.93924194881047, 22.164899285592114, 21.83062303018682, 21.664321341689124, 21.59519344704856, 21.450428702715143, 21.928670584983017, 21.70718871290424, 21.55931635485539, 21.307785507404226, 21.716122456979342, 22.41592002684153, 21.730225520922303, 21.450428702715143, 21.765290273832683]","[2.48279933220131, 14.99251004749726, 2.4609881422924897, 4.963235294117647, 2.5461389487781156, 14.891112380853441, 2.5356212784688217, 4.787217301253366, 2.53895356442119, 14.976963341880234, 2.4838354761633856, 4.894452690898104, 2.5451675451082982, 14.917231478257598, 2.4803488762160355, 4.827046991669732, 2.4693492491336158, 14.91868452519112, 2.5267985185575013, 4.824567689671287, 2.4913969542942493, 14.598350770204826, 2.4882497295149566, 4.912022211036196, 2.431205135845275, 14.617216488591955, 2.5356264753811026, 4.864411430363373, 2.465751202952568, 14.733092903185323, 2.5311505869203867]",192.73149656092073,9.924074373933957
ADTC1_adz_raw_20260614_1230,2026-06-14 12:29:16.160,2026-06-14 12:29:26.222,"[Timestamp('2026-06-14 12:29:26.222000'), Timestamp('2026-06-14 12:29:26.330000'), Timestamp('2026-06-14 12:29:26.684000'), Timestamp('2026-06-14 12:29:26.802000'), Timestamp('2026-06-14 12:29:27.029000'), Timestamp('2026-06-14 12:29:27.145000'), Timestamp('2026-06-14 12:29:27.935000'), Timestamp('2026-06-14 12:29:28.051000'), Timestamp('2026-06-14 12:29:28.245000'), Timestamp('2026-06-14 12:29:28.361000'), Timestamp('2026-06-14 12:29:29.150000'), Timestamp('2026-06-14 12:29:29.261000'), Timestamp('2026-06-14 12:29:29.451000'), Timestamp('2026-06-14 12:29:29.567000'), Timestamp('2026-06-14 12:29:30.356000'), Timestamp('2026-06-14 12:29:30.473000'), Timestamp('2026-06-14 12:29:30.667000'), Timestamp('2026-06-14 12:29:30.781000'), Timestamp('2026-06-14 12:29:31.566000'), Timestamp('2026-06-14 12:29:31.679000')]","[0.108, 0.354, 0.118, 0.227, 0.116, 0.79, 0.116, 0.194, 0.116, 0.789, 0.111, 0.19, 0.116, 0.789, 0.117, 0.194, 0.114, 0.785, 0.113]","[22.828659199811856, 21.844662289618974, 20.535025268789127, 21.375710877839225, 21.54709710230754, 21.428571428571423, 21.3636194291839, 21.119073665140583, 21.552490578210687, 21.93791609850004, 21.698130024778507, 20.783327939549487, 21.349184262705677, 21.617501257990103, 20.9591632755051, 20.94078024319268, 21.794736564527188, 22.459421680075373, 21.097952339532938, 20.798344864662937]","[2.4654951935796805, 7.733010450525116, 2.4231329817171168, 4.852286369269504, 2.499463263867675, 16.928571428571427, 2.4781798537853326, 4.097100291037274, 2.5000889070724397, 17.309015801716534, 2.4084924327504145, 3.9488323085144024, 2.4765053744738585, 17.05620849255419, 2.452222103234097, 4.06251136717938, 2.4845999683560995, 17.630646018859167, 2.384068614367222]",118.19043122143093,9.51266467857008
ADTC1_adz_raw_20260614_1246,2026-06-14 12:45:00.205,2026-06-14 12:45:10.221,"[Timestamp('2026-06-14 12:45:10.221000'), Timestamp('2026-06-14 12:45:10.334000'), Timestamp('2026-06-14 12:45:11.183000'), Timestamp('2026-06-14 12:45:11.297000'), Timestamp('2026-06-14 12:45:11.640000'), Timestamp('2026-06-14 12:45:11.756000'), Timestamp('2026-06-14 12:45:12.612000'), Timestamp('2026-06-14 12:45:12.725000'), Timestamp('2026-06-14 12:45:13.065000'), Timestamp('2026-06-14 12:45:13.197000'), Timestamp('2026-06-14 12:45:14.043000'), Timestamp('2026-06-14 12:45:14.171000'), Timestamp('2026-06-14 12:45:14.513000'), Timestamp('2026-06-14 12:45:14.628000'), Timestamp('2026-06-14 12:45:15.496000'), Timestamp('2026-06-14 12:45:15.610000'), Timestamp('2026-06-14 12:45:15.954000'), Timestamp('2026-06-14 12:45:16.083000'), Timestamp('2026-06-14 12:45:16.944000'), Timestamp('2026-06-14 12:45:17.075000'), Timestamp('2026-06-14 12:45:17.421000'), Timestamp('2026-06-14 12:45:17.538000'), Timestamp('2026-06-14 12:45:18.415000'), Timestamp('2026-06-14 12:45:18.532000'), Timestamp('2026-06-14 12:45:18.884000'), Timestamp('2026-06-14 12:45:19.014000'), Timestamp('2026-06-14 12:45:19.881000'), Timestamp('2026-06-14 12:45:20.013000'), Timestamp('2026-06-14 12:45:20.363000'), Timestamp('2026-06-14 12:45:20.492000'), Timestamp('2026-06-14 12:45:21.368000'), Timestamp('2026-06-14 12:45:21.497000'), Timestamp('2026-06-14 12:45:21.857000'), Timestamp('2026-06-14 12:45:21.975000'), Timestamp('2026-06-14 12:45:22.868000'), Timestamp('2026-06-14 12:45:22.989000'), Timestamp('2026-06-14 12:45:23.344000'), Timestamp('2026-06-14 12:45:23.480000'), Timestamp('2026-06-14 12:45:24.366000'), Timestamp('2026-06-14 12:45:24.505000'), Timestamp('2026-06-14 12:45:24.854000'), Timestamp('2026-06-14 12:45:24.990000'), Timestamp('2026-06-14 12:45:25.882000'), Timestamp('2026-06-14 12:45:26.018000'), Timestamp('2026-06-14 12:45:26.374000'), Timestamp('2026-06-14 12:45:26.508000'), Timestamp('2026-06-14 12:45:27.405000'), Timestamp('2026-06-14 12:45:27.543000'), Timestamp('2026-06-14 12:45:27.907000'), Timestamp('2026-06-14 12:45:28.030000'), Timestamp('2026-06-14 12:45:28.950000'), Timestamp('2026-06-14 12:45:29.073000')]","[0.113, 0.849, 0.114, 0.343, 0.116, 0.856, 0.113, 0.34, 0.132, 0.846, 0.128, 0.342, 0.115, 0.868, 0.114, 0.344, 0.129, 0.861, 0.131, 0.346, 0.117, 0.877, 0.117, 0.352, 0.13, 0.867, 0.132, 0.35, 0.129, 0.876, 0.129, 0.36, 0.118, 0.893, 0.121, 0.355, 0.136, 0.886, 0.139, 0.349, 0.136, 0.892, 0.136, 0.356, 0.134, 0.897, 0.138, 0.364, 0.123, 0.92, 0.123]","[20.709233738098273, 20.639730247629878, 20.771311429757212, 20.33371488130136, 20.338983050847467, 20.130742194206448, 20.066515832001762, 20.299801499476853, 20.334553759041626, 19.960016532300795, 20.228741663808904, 20.155022252507393, 20.357709355172574, 19.92872423634961, 20.338465466791817, 20.09587087855467, 20.395336756557498, 20.5596637628339, 19.273205111192773, 19.569097399286076, 19.748791918603242, 19.92349492349493, 19.496534370725144, 19.688722294654497, 19.71703753769367, 19.735814829272776, 19.616632264167556, 19.427596962915374, 19.812447414665485, 19.542465482032366, 19.617509075340394, 19.32107963622957, 19.36765575087115, 19.27316715411379, 19.361384262046506, 19.296889065461013, 19.99325609341745, 19.502576590646708, 19.795444358420603, 18.803539887877232, 19.335131904857615, 19.010699425679185, 19.388403209014776, 19.263009093015462, 19.50272461995328, 19.085730358728874, 19.310186753398035, 19.374113742986026, 19.320020554085673, 19.048071176216492, 18.944730483192018, 19.173634255713587]","[2.340143412405105, 17.523130980237767, 2.367929502992322, 6.974464204286368, 2.3593220338983065, 17.23191531824072, 2.267516289016199, 6.901932509822131, 2.6841610961934945, 16.886173986326472, 2.58927893296754, 6.893017610357529, 2.341136575844846, 17.29813263715146, 2.3185850632142673, 6.912979582222806, 2.630998441595917, 17.701870499799988, 2.5247898695662534, 6.770907700152982, 2.3106086544765794, 17.47290504790505, 2.281094521374842, 6.930430247718382, 2.563214879900177, 17.110951456979496, 2.5893954588701176, 6.79965893702038, 2.5558057164918475, 17.11919976226035, 2.530658670718911, 6.955588669042645, 2.2853833786027957, 17.210938268623615, 2.3427274957076274, 6.850395618238659, 2.7190828287047735, 17.279282859312982, 2.751566765820464, 6.5624354208691535, 2.6295779390606357, 16.95754388770583, 2.63682283642601, 6.857631237113504, 2.61336509907374, 17.1199001317798, 2.664805771968929, 7.0521774024469135, 2.3763625281525376, 17.524225482119174, 2.330201849432618]",371.502325070211,9.89551150486083
ADTC1_adz_raw_20260614_1253,2026-06-14 12:52:21.910,2026-06-14 12:52:31.936,"[Timestamp('2026-06-14 12:52:31.936000'), Timestamp('2026-06-14 12:52:32.051000'), Timestamp('2026-06-14 12:52:32.783000'), Timestamp('2026-06-14 12:52:32.907000'), Timestamp('2026-06-14 12:52:33.111000'), Timestamp('2026-06-14 12:52:33.222000'), Timestamp('2026-06-14 12:52:33.980000'), Timestamp('2026-06-14 12:52:34.095000'), Timestamp('2026-06-14 12:52:34.301000'), Timestamp('2026-06-14 12:52:34.420000'), Timestamp('2026-06-14 12:52:35.176000'), Timestamp('2026-06-14 12:52:35.291000'), Timestamp('2026-06-14 12:52:35.497000'), Timestamp('2026-06-14 12:52:35.615000'), Timestamp('2026-06-14 12:52:36.358000'), Timestamp('2026-06-14 12:52:36.476000')]","[0.115, 0.732, 0.124, 0.204, 0.111, 0.758, 0.115, 0.206, 0.119, 0.756, 0.115, 0.206, 0.118, 0.743, 0.118]","[22.014820440937864, 21.670817414887928, 21.654311978286472, 22.045429012486938, 21.69802379466055, 21.43187524778644, 21.46589216776458, 21.584118231081465, 21.58029393473631, 22.16466807214138, 21.237911235877526, 21.58136418603131, 21.427230757910074, 21.654169584224114, 22.009792301844843, 22.201819339251713]","[2.5317043507078547, 15.863038347697962, 2.6851346853075224, 4.497267518547335, 2.408480641207321, 16.245361437822122, 2.4685775992929266, 4.446328355602781, 2.568054978233621, 16.756489062538886, 2.4423597921259157, 4.445761022322449, 2.5284132294333888, 16.089048001078517, 2.5971554916176913]",98.57317451353626,9.91114047156644
ADTC1_adz_raw_20260614_1259,2026-06-14 12:58:23.776,2026-06-14 12:58:33.426,"[Timestamp('2026-06-14 12:58:33.426000'), Timestamp('2026-06-14 12:58:34.346000'), Timestamp('2026-06-14 12:58:34.814000'), Timestamp('2026-06-14 12:58:35.169000'), Timestamp('2026-06-14 12:58:36.564000')]","[0.92, 0.468, 0.355, 1.395]","[21.208192727130594, 20.02814806575053, 17.969490182552356, 18.243672152897712, 19.940476190476183, 14.408961593172112, 15.161969942116514, 14.978885135135137]","[19.511537308960147, 9.373173294771249, 6.379169014806086, 25.449922653292308]",60.71380227182979,9.462124184792057
ADTC1_adz_raw_20260614_1319,2026-06-14 13:18:03.446,2026-06-14 13:18:13.556,"[Timestamp('2026-06-14 13:18:13.556000'), Timestamp('2026-06-14 13:18:13.651000'), Timestamp('2026-06-14 13:18:14.428000'), Timestamp('2026-06-14 13:18:14.528000'), Timestamp('2026-06-14 13:18:14.848000'), Timestamp('2026-06-14 13:18:14.955000'), Timestamp('2026-06-14 13:18:15.726000'), Timestamp('2026-06-14 13:18:15.830000'), Timestamp('2026-06-14 13:18:16.141000'), Timestamp('2026-06-14 13:18:16.256000'), Timestamp('2026-06-14 13:18:17.025000'), Timestamp('2026-06-14 13:18:17.136000'), Timestamp('2026-06-14 13:18:17.449000'), Timestamp('2026-06-14 13:18:17.549000'), Timestamp('2026-06-14 13:18:18.329000'), Timestamp('2026-06-14 13:18:18.430000'), Timestamp('2026-06-14 13:18:18.743000'), Timestamp('2026-06-14 13:18:18.855000'), Timestamp('2026-06-14 13:18:19.625000'), Timestamp('2026-06-14 13:18:19.738000'), Timestamp('2026-06-14 13:18:20.044000'), Timestamp('2026-06-14 13:18:20.153000'), Timestamp('2026-06-14 13:18:20.927000'), Timestamp('2026-06-14 13:18:21.030000'), Timestamp('2026-06-14 13:18:21.342000'), Timestamp('2026-06-14 13:18:21.456000'), Timestamp('2026-06-14 13:18:22.221000'), Timestamp('2026-06-14 13:18:22.340000'), Timestamp('2026-06-14 13:18:22.642000'), Timestamp('2026-06-14 13:18:22.756000'), Timestamp('2026-06-14 13:18:23.523000'), Timestamp('2026-06-14 13:18:23.637000'), Timestamp('2026-06-14 13:18:23.945000'), Timestamp('2026-06-14 13:18:24.047000'), Timestamp('2026-06-14 13:18:24.824000'), Timestamp('2026-06-14 13:18:24.926000'), Timestamp('2026-06-14 13:18:25.238000'), Timestamp('2026-06-14 13:18:25.352000'), Timestamp('2026-06-14 13:18:26.119000'), Timestamp('2026-06-14 13:18:26.235000'), Timestamp('2026-06-14 13:18:26.538000'), Timestamp('2026-06-14 13:18:26.652000'), Timestamp('2026-06-14 13:18:27.415000'), Timestamp('2026-06-14 13:18:27.534000'), Timestamp('2026-06-14 13:18:27.844000'), Timestamp('2026-06-14 13:18:27.949000'), Timestamp('2026-06-14 13:18:28.723000'), Timestamp('2026-06-14 13:18:28.830000')]","[0.095, 0.777, 0.1, 0.32, 0.107, 0.771, 0.104, 0.311, 0.115, 0.769, 0.111, 0.313, 0.1, 0.78, 0.101, 0.313, 0.112, 0.77, 0.113, 0.306, 0.109, 0.774, 0.103, 0.312, 0.114, 0.765, 0.119, 0.302, 0.114, 0.767, 0.114, 0.308, 0.102, 0.777, 0.102, 0.312, 0.114, 0.767, 0.116, 0.303, 0.114, 0.763, 0.119, 0.31, 0.105, 0.774, 0.107]","[22.972374292191446, 22.383652124454457, 22.014546641716223, 21.739130434782606, 21.780079734779573, 22.31206356504497, 21.902195713214397, 22.13885861961692, 22.174238915468017, 22.13442471506988, 22.217554423614395, 21.579283887468026, 22.3021423021423, 21.987410184690646, 22.851817343583576, 22.564428241773154, 22.446704239157064, 21.97948363731402, 21.938810628982203, 21.78695944663827, 21.464153613207877, 21.829425626913377, 22.02963676242443, 21.94900772693335, 22.093778604541292, 21.978021978021978, 21.828102420586237, 22.2510129540253, 22.193166317727357, 21.78945326771884, 22.38498316200279, 22.179541897851756, 21.71181782489203, 21.563290723874665, 21.740922939318555, 21.677471184852106, 21.32248482500323, 21.730834742799768, 21.79901654215262, 22.096623158216595, 22.141113438438122, 22.15118517296376, 21.97379537268968, 22.278866480420348, 21.744259201006606, 22.152857187007452, 22.561369509043928, 22.66161872019862]","[2.1823755577581876, 17.392097700701115, 2.201454664171622, 6.956521739130434, 2.330468531621414, 17.202601008649673, 2.277828354174297, 6.885185030700861, 2.550037475278822, 17.02137260588874, 2.466148541021198, 6.754315856777493, 2.23021423021423, 17.150179944058703, 2.3080335517019415, 7.062666039674997, 2.514030874785591, 16.924202400731794, 2.479085601074989, 6.666809590671311, 2.3395927438396584, 16.895975435230955, 2.269052586529716, 6.848090410803205, 2.5186907609177074, 16.813186813186814, 2.597544188049762, 6.71980591211564, 2.5300209602209187, 16.712510656340353, 2.551888080468318, 6.8312989045383405, 2.214605418138987, 16.754676892450615, 2.2175741398104925, 6.763371009673857, 2.430763270050368, 16.667550247727423, 2.528685918889704, 6.695276816939628, 2.524086931981946, 16.90135428697135, 2.6148816493500715, 6.906448608930308, 2.2831472161056934, 17.146311462743768, 2.4140665374677]",336.24608715826076,9.984075151772846
ADTC1_adz_raw_20260614_1327,2026-06-14 13:25:43.501,2026-06-14 13:25:53.523,"[Timestamp('2026-06-14 13:25:53.523000'), Timestamp('2026-06-14 13:25:53.646000'), Timestamp('2026-06-14 13:25:53.996000'), Timestamp('2026-06-14 13:25:54.109000'), Timestamp('2026-06-14 13:25:54.338000'), Timestamp('2026-06-14 13:25:54.450000'), Timestamp('2026-06-14 13:25:55.239000'), Timestamp('2026-06-14 13:25:55.350000'), Timestamp('2026-06-14 13:25:55.545000'), Timestamp('2026-06-14 13:25:55.657000'), Timestamp('2026-06-14 13:25:56.449000'), Timestamp('2026-06-14 13:25:56.559000'), Timestamp('2026-06-14 13:25:56.751000'), Timestamp('2026-06-14 13:25:56.870000'), Timestamp('2026-06-14 13:25:57.661000'), Timestamp('2026-06-14 13:25:57.774000'), Timestamp('2026-06-14 13:25:57.955000'), Timestamp('2026-06-14 13:25:58.077000'), Timestamp('2026-06-14 13:25:58.866000'), Timestamp('2026-06-14 13:25:58.984000')]","[0.123, 0.35, 0.113, 0.229, 0.112, 0.789, 0.111, 0.195, 0.112, 0.792, 0.11, 0.192, 0.119, 0.791, 0.113, 0.181, 0.122, 0.789, 0.118]","[21.439234798836807, 22.607856303508477, 21.859736674453174, 22.773931865318623, 22.250850566818627, 21.867672754605003, 21.857707509881422, 22.15500327011118, 22.373949579831933, 21.946718022789277, 21.49580498699619, 21.900130775092194, 22.10098109457001, 22.701750309789347, 22.666715307164743, 22.891324950632036, 20.672360600665073, 21.66577271967659, 21.49963002747848, 22.654506616294093]","[2.6370258802569273, 7.912749706227967, 2.4701502442132086, 5.215230397157965, 2.4920952634836864, 17.25359380338335, 2.4262055335968378, 4.3202256376716806, 2.5058823529411764, 17.381800674049106, 2.364538548569581, 4.204825108817701, 2.630016750253831, 17.957084495043375, 2.5613388297096162, 4.143329816064399, 2.5220279932811387, 17.09429467582483, 2.5369563432424607]",120.62937205378884,9.91405172790597
ADTC1_adz_raw_20260614_1345,2026-06-14 13:44:16.474,2026-06-14 13:44:26.530,"[Timestamp('2026-06-14 13:44:26.530000'), Timestamp('2026-06-14 13:44:26.655000'), Timestamp('2026-06-14 13:44:27.291000'), Timestamp('2026-06-14 13:44:27.418000'), Timestamp('2026-06-14 13:44:28.086000'), Timestamp('2026-06-14 13:44:28.208000'), Timestamp('2026-06-14 13:44:28.881000'), Timestamp('2026-06-14 13:44:29.005000'), Timestamp('2026-06-14 13:44:29.679000'), Timestamp('2026-06-14 13:44:29.802000'), Timestamp('2026-06-14 13:44:30.466000'), Timestamp('2026-06-14 13:44:30.597000'), Timestamp('2026-06-14 13:44:31.266000'), Timestamp('2026-06-14 13:44:31.391000'), Timestamp('2026-06-14 13:44:32.064000'), Timestamp('2026-06-14 13:44:32.184000'), Timestamp('2026-06-14 13:44:32.855000'), Timestamp('2026-06-14 13:44:32.977000'), Timestamp('2026-06-14 13:44:33.655000'), Timestamp('2026-06-14 13:44:33.776000'), Timestamp('2026-06-14 13:44:34.454000'), Timestamp('2026-06-14 13:44:34.571000'), Timestamp('2026-06-14 13:44:35.214000'), Timestamp('2026-06-14 13:44:35.331000'), Timestamp('2026-06-14 13:44:35.704000'), Timestamp('2026-06-14 13:44:35.822000'), Timestamp('2026-06-14 13:44:36.465000'), Timestamp('2026-06-14 13:44:36.585000'), Timestamp('2026-06-14 13:44:37.260000'), Timestamp('2026-06-14 13:44:37.384000'), Timestamp('2026-06-14 13:44:38.059000'), Timestamp('2026-06-14 13:44:38.187000'), Timestamp('2026-06-14 13:44:38.859000'), Timestamp('2026-06-14 13:44:38.984000'), Timestamp('2026-06-14 13:44:39.657000'), Timestamp('2026-06-14 13:44:39.784000'), Timestamp('2026-06-14 13:44:40.459000'), Timestamp('2026-06-14 13:44:40.586000'), Timestamp('2026-06-14 13:44:41.263000'), Timestamp('2026-06-14 13:44:41.383000'), Timestamp('2026-06-14 13:44:42.062000'), Timestamp('2026-06-14 13:44:42.185000'), Timestamp('2026-06-14 13:44:42.864000'), Timestamp('2026-06-14 13:44:42.990000'), Timestamp('2026-06-14 13:44:43.665000'), Timestamp('2026-06-14 13:44:43.788000'), Timestamp('2026-06-14 13:44:44.434000'), Timestamp('2026-06-14 13:44:44.556000')]","[0.125, 0.636, 0.127, 0.668, 0.122, 0.673, 0.124, 0.674, 0.123, 0.664, 0.131, 0.669, 0.125, 0.673, 0.12, 0.671, 0.122, 0.678, 0.121, 0.678, 0.117, 0.643, 0.117, 0.373, 0.118, 0.643, 0.12, 0.675, 0.124, 0.675, 0.128, 0.672, 0.125, 0.673, 0.127, 0.675, 0.127, 0.677, 0.12, 0.679, 0.123, 0.679, 0.126, 0.675, 0.123, 0.646, 0.122]","[21.10898650826477, 21.428571428571427, 21.976867897445516, 21.861172771819714, 21.779980611907128, 22.054256485202774, 22.026005284776183, 22.47191011235955, 22.71736658580958, 22.474387262589538, 22.008842010875718, 22.216712227619354, 21.884963726260338, 22.008660148022642, 22.36708308709074, 21.82420413420843, 21.779503083750008, 21.8594077612208, 21.41488291091808, 21.91930788595574, 22.910144038449143, 20.692712735405046, 22.825256942713697, 21.13455815324824, 22.065819485174327, 21.6700773517639, 21.986204549000327, 22.028560097496868, 21.871806798944625, 21.608056253219345, 21.938780905338582, 22.555799587068996, 21.928665081513977, 21.51710333855116, 21.9824853616501, 22.26445663479375, 22.34047649190279, 22.45517603197265, 22.709405659624636, 21.316748085822773, 21.987118320610687, 21.91783852732503, 21.86883407094433, 22.00951390675212, 21.68368030436996, 22.465103155239095, 21.95932361940148, 21.743367857692903]","[2.6386233135330963, 13.628571428571428, 2.7910622229755804, 14.60326341157557, 2.6571576346526697, 14.842514614541468, 2.731224655312247, 15.146067415730336, 2.794236090054578, 14.922993142359454, 2.883158303424719, 14.862980480277349, 2.7356204657825423, 14.811828279619238, 2.684049970450889, 14.644040974053857, 2.657099376217501, 14.820678462107704, 2.5912008322210878, 14.861290746677993, 2.68048685249855, 13.305414288865444, 2.6705550622975025, 7.883190191161593, 2.6037666992505706, 13.93385973718419, 2.638344545880039, 14.869278065810388, 2.7121040430691337, 14.58543797092306, 2.8081639558833387, 15.157497322510366, 2.741083135189247, 14.481010546844931, 2.7917756409295627, 15.028508228485782, 2.8372405144716546, 15.202154173645484, 2.725128679154956, 14.474071950273665, 2.7044155534351146, 14.882212360053698, 2.7554730929389857, 14.856421887057682, 2.667092677437505, 14.512456638284457, 2.6790374815669806]",395.49384311524324,9.953041195994148
ADTC1_adz_raw_20260614_1359,2026-06-14 13:58:18.982,2026-06-14 13:58:29.047,"[Timestamp('2026-06-14 13:58:29.047000'), Timestamp('2026-06-14 13:58:29.509000'), Timestamp('2026-06-14 13:58:29.935000'), Timestamp('2026-06-14 13:58:30.372000'), Timestamp('2026-06-14 13:58:30.710000'), Timestamp('2026-06-14 13:58:32.043000')]","[0.462, 0.426, 0.437, 0.338, 1.333]","[22.724722253394678, 50.15313039388247, -25.975067921376642, 9.722222222222229, 22.14293496023532, 13.249876419333184, -26.36843790012805, 21.000424289957195]","[10.49882168106834, 21.36523354779393, -11.351104681641592, 3.2861111111111136, 29.516532301993678]",53.31559396032547,9.874767287300095
ADTC1_adz_raw_20260614_1416,2026-06-14 14:14:58.378,2026-06-14 14:15:08.474,"[Timestamp('2026-06-14 14:15:08.474000'), Timestamp('2026-06-14 14:15:08.581000'), Timestamp('2026-06-14 14:15:09.383000'), Timestamp('2026-06-14 14:15:09.486000'), Timestamp('2026-06-14 14:15:09.805000'), Timestamp('2026-06-14 14:15:09.918000'), Timestamp('2026-06-14 14:15:10.721000'), Timestamp('2026-06-14 14:15:10.825000'), Timestamp('2026-06-14 14:15:11.143000'), Timestamp('2026-06-14 14:15:11.263000'), Timestamp('2026-06-14 14:15:12.049000'), Timestamp('2026-06-14 14:15:12.169000'), Timestamp('2026-06-14 14:15:12.488000'), Timestamp('2026-06-14 14:15:12.601000'), Timestamp('2026-06-14 14:15:13.402000'), Timestamp('2026-06-14 14:15:13.508000'), Timestamp('2026-06-14 14:15:13.825000'), Timestamp('2026-06-14 14:15:13.946000'), Timestamp('2026-06-14 14:15:14.740000'), Timestamp('2026-06-14 14:15:14.860000'), Timestamp('2026-06-14 14:15:15.179000'), Timestamp('2026-06-14 14:15:15.281000'), Timestamp('2026-06-14 14:15:16.090000'), Timestamp('2026-06-14 14:15:16.191000'), Timestamp('2026-06-14 14:15:16.509000'), Timestamp('2026-06-14 14:15:16.631000'), Timestamp('2026-06-14 14:15:17.424000'), Timestamp('2026-06-14 14:15:17.543000'), Timestamp('2026-06-14 14:15:17.853000'), Timestamp('2026-06-14 14:15:17.982000'), Timestamp('2026-06-14 14:15:18.772000'), Timestamp('2026-06-14 14:15:18.893000'), Timestamp('2026-06-14 14:15:19.208000'), Timestamp('2026-06-14 14:15:19.313000'), Timestamp('2026-06-14 14:15:20.130000'), Timestamp('2026-06-14 14:15:20.236000'), Timestamp('2026-06-14 14:15:20.554000'), Timestamp('2026-06-14 14:15:20.674000'), Timestamp('2026-06-14 14:15:21.464000'), Timestamp('2026-06-14 14:15:21.588000'), Timestamp('2026-06-14 14:15:21.906000'), Timestamp('2026-06-14 14:15:22.021000'), Timestamp('2026-06-14 14:15:22.819000'), Timestamp('2026-06-14 14:15:22.944000'), Timestamp('2026-06-14 14:15:23.255000'), Timestamp('2026-06-14 14:15:23.374000'), Timestamp('2026-06-14 14:15:24.176000'), Timestamp('2026-06-14 14:15:24.292000'), Timestamp('2026-06-14 14:15:24.620000'), Timestamp('2026-06-14 14:15:24.722000'), Timestamp('2026-06-14 14:15:25.536000'), Timestamp('2026-06-14 14:15:25.640000')]","[0.107, 0.802, 0.103, 0.319, 0.113, 0.803, 0.104, 0.318, 0.12, 0.786, 0.12, 0.319, 0.113, 0.801, 0.106, 0.317, 0.121, 0.794, 0.12, 0.319, 0.102, 0.809, 0.101, 0.318, 0.122, 0.793, 0.119, 0.31, 0.129, 0.79, 0.121, 0.315, 0.105, 0.817, 0.106, 0.318, 0.12, 0.79, 0.124, 0.318, 0.115, 0.798, 0.125, 0.311, 0.119, 0.802, 0.116, 0.328, 0.102, 0.814, 0.104]","[21.23489464964726, 21.128081448796337, 21.315809261479885, 21.022641223686207, 20.884331327101105, 21.28869846456496, 21.202472373103575, 21.163554716272373, 21.500058208566838, 21.687047430256122, 21.022569716552326, 21.58146815544265, 21.21414422546512, 21.501370969456076, 22.23147309589357, 21.46857104412283, 21.384435598350464, 21.051820519905633, 21.464565669492877, 22.250278906685786, 21.048609119896174, 20.971795231595465, 21.606381855712648, 20.791307537135523, 20.490078598999922, 21.50728394310066, 20.672836043319816, 21.13095238095238, 21.04931067062904, 21.941473160985357, 22.051376095021794, 21.941216678058783, 22.568466548769027, 21.123532117435687, 21.978021978021978, 22.27917204935229, 20.87913306699179, 20.947615506598456, 21.421278647984447, 22.000392597651942, 20.87572046313666, 21.45888316914474, 21.408306632760628, 21.837276024468142, 20.75241484494154, 20.8425803594724, 22.611351498277294, 21.21684671428059, 21.647320614522606, 21.581074902789787, 21.54606563859233, 21.435267496363345]","[2.272133727512257, 16.94472132193466, 2.195528353932428, 6.7062225503559, 2.359929439962425, 17.094824867045663, 2.205057126802772, 6.730010399774614, 2.5800069850280205, 17.046019280181312, 2.522708365986279, 6.884488341586206, 2.3971982974775585, 17.222598146534317, 2.3565361481647185, 6.805537020986937, 2.587516707400406, 16.715145492805075, 2.5757478803391454, 7.097838971232766, 2.1469581302294096, 16.96618234236073, 2.1822445674269777, 6.611635796809097, 2.4997895890779906, 17.055276166878823, 2.460067489155058, 6.550595238095237, 2.7153610765111464, 17.33376379717843, 2.668216507497637, 6.911483253588517, 2.369688987620748, 17.257925739944955, 2.32967032967033, 7.084776711694029, 2.505495968039015, 16.54861625021278, 2.6562385523500716, 6.996124846053317, 2.400707853260716, 17.124188768977504, 2.6760383290950784, 6.791392843609592, 2.4695373665480433, 16.715749448296865, 2.622916773800166, 6.959125722284034, 2.208026702681306, 17.566994970870887, 2.2407908264136025]",366.92535037127567,9.980071646701887
ADTC1_adz_raw_20260614_1425,2026-06-14 14:23:56.029,2026-06-14 14:24:06.081,"[Timestamp('2026-06-14 14:24:06.081000'), Timestamp('2026-06-14 14:24:06.195000'), Timestamp('2026-06-14 14:24:06.548000'), Timestamp('2026-06-14 14:24:06.656000'), Timestamp('2026-06-14 14:24:06.884000'), Timestamp('2026-06-14 14:24:07.002000'), Timestamp('2026-06-14 14:24:07.794000'), Timestamp('2026-06-14 14:24:07.901000'), Timestamp('2026-06-14 14:24:08.103000'), Timestamp('2026-06-14 14:24:08.205000'), Timestamp('2026-06-14 14:24:09'), Timestamp('2026-06-14 14:24:09.112000'), Timestamp('2026-06-14 14:24:09.302000'), Timestamp('2026-06-14 14:24:09.414000'), Timestamp('2026-06-14 14:24:10.210000'), Timestamp('2026-06-14 14:24:10.317000'), Timestamp('2026-06-14 14:24:10.509000'), Timestamp('2026-06-14 14:24:10.623000'), Timestamp('2026-06-14 14:24:11.413000'), Timestamp('2026-06-14 14:24:11.532000')]","[0.114, 0.353, 0.108, 0.228, 0.118, 0.792, 0.107, 0.202, 0.102, 0.795, 0.112, 0.19, 0.112, 0.796, 0.107, 0.192, 0.114, 0.79, 0.119]","[22.757164281123437, 22.588605185208248, 21.8978102189781, 21.818175430707395, 21.10410679521646, 22.344646914152783, 21.93791609850004, 22.576696796528147, 21.925794779004484, 21.617481850708508, 22.263527467988432, 22.163362952836632, 21.75613489549739, 21.898675508494215, 22.871628701778143, 21.861179446875596, 21.33663486863256, 21.625130051637093, 20.636330756146442, 22.159565580618214]","[2.594316728048072, 7.973777630378511, 2.364963503649635, 4.974543998201287, 2.4902846018355422, 17.696960356009004, 2.347357022539504, 4.560492752898686, 2.236431067458457, 17.185898071313265, 2.4935150764147043, 4.21103896103896, 2.4366871082957076, 17.431345704761394, 2.447264271090261, 4.197346453800114, 2.4323763750241123, 17.083852740793304, 2.4557233599814263]",119.61417578353193,9.932741885810229
ADTC1_adz_raw_20260614_1445,2026-06-14 14:43:57.267,2026-06-14 14:44:07.321,"[Timestamp('2026-06-14 14:44:07.321000'), Timestamp('2026-06-14 14:44:07.434000'), Timestamp('2026-06-14 14:44:08.110000'), Timestamp('2026-06-14 14:44:08.218000'), Timestamp('2026-06-14 14:44:08.445000'), Timestamp('2026-06-14 14:44:08.557000'), Timestamp('2026-06-14 14:44:09.228000'), Timestamp('2026-06-14 14:44:09.337000'), Timestamp('2026-06-14 14:44:09.569000'), Timestamp('2026-06-14 14:44:09.675000'), Timestamp('2026-06-14 14:44:10.349000'), Timestamp('2026-06-14 14:44:10.460000'), Timestamp('2026-06-14 14:44:10.683000'), Timestamp('2026-06-14 14:44:10.796000'), Timestamp('2026-06-14 14:44:11.470000'), Timestamp('2026-06-14 14:44:11.584000'), Timestamp('2026-06-14 14:44:11.803000'), Timestamp('2026-06-14 14:44:11.915000'), Timestamp('2026-06-14 14:44:12.591000'), Timestamp('2026-06-14 14:44:12.700000'), Timestamp('2026-06-14 14:44:12.923000'), Timestamp('2026-06-14 14:44:13.034000'), Timestamp('2026-06-14 14:44:13.707000'), Timestamp('2026-06-14 14:44:13.825000'), Timestamp('2026-06-14 14:44:14.046000'), Timestamp('2026-06-14 14:44:14.157000'), Timestamp('2026-06-14 14:44:14.832000'), Timestamp('2026-06-14 14:44:14.943000'), Timestamp('2026-06-14 14:44:15.157000'), Timestamp('2026-06-14 14:44:15.281000'), Timestamp('2026-06-14 14:44:15.957000'), Timestamp('2026-06-14 14:44:16.063000'), Timestamp('2026-06-14 14:44:16.387000'), Timestamp('2026-06-14 14:44:16.500000'), Timestamp('2026-06-14 14:44:17.166000'), Timestamp('2026-06-14 14:44:17.280000'), Timestamp('2026-06-14 14:44:17.508000'), Timestamp('2026-06-14 14:44:17.615000'), Timestamp('2026-06-14 14:44:18.294000'), Timestamp('2026-06-14 14:44:18.403000'), Timestamp('2026-06-14 14:44:18.624000'), Timestamp('2026-06-14 14:44:18.739000'), Timestamp('2026-06-14 14:44:19.414000'), Timestamp('2026-06-14 14:44:19.519000'), Timestamp('2026-06-14 14:44:19.750000'), Timestamp('2026-06-14 14:44:19.858000'), Timestamp('2026-06-14 14:44:20.537000'), Timestamp('2026-06-14 14:44:20.645000'), Timestamp('2026-06-14 14:44:20.868000'), Timestamp('2026-06-14 14:44:20.980000'), Timestamp('2026-06-14 14:44:21.658000'), Timestamp('2026-06-14 14:44:21.771000'), Timestamp('2026-06-14 14:44:21.994000'), Timestamp('2026-06-14 14:44:22.106000'), Timestamp('2026-06-14 14:44:22.781000'), Timestamp('2026-06-14 14:44:22.890000'), Timestamp('2026-06-14 14:44:23.114000'), Timestamp('2026-06-14 14:44:23.224000'), Timestamp('2026-06-14 14:44:23.897000'), Timestamp('2026-06-14 14:44:24.009000'), Timestamp('2026-06-14 14:44:24.236000'), Timestamp('2026-06-14 14:44:24.341000'), Timestamp('2026-06-14 14:44:25.021000'), Timestamp('2026-06-14 14:44:25.134000')]","[0.113, 0.676, 0.108, 0.227, 0.112, 0.671, 0.109, 0.232, 0.106, 0.674, 0.111, 0.223, 0.113, 0.674, 0.114, 0.219, 0.112, 0.676, 0.109, 0.223, 0.111, 0.673, 0.118, 0.221, 0.111, 0.675, 0.111, 0.214, 0.124, 0.676, 0.106, 0.324, 0.113, 0.666, 0.114, 0.228, 0.107, 0.679, 0.109, 0.221, 0.115, 0.675, 0.105, 0.231, 0.108, 0.679, 0.108, 0.223, 0.112, 0.678, 0.113, 0.223, 0.112, 0.675, 0.109, 0.224, 0.11, 0.673, 0.112, 0.227, 0.105, 0.68, 0.113]","[22.406844496055193, 22.093138210279825, 22.168894934852382, 22.568926453138985, 22.39892250386832, 22.885128089589053, 21.8981018981019, 22.29775960522825, 23.076923076923077, 22.027417027417023, 22.184093091566403, 22.420871909216224, 22.440717177559282, 22.250770503881135, 22.548441700772667, 22.902845483490644, 22.065819485174327, 22.427017704765007, 22.235587295391568, 22.200565990622312, 22.34379071702712, 22.040097283592964, 22.128969839271548, 22.548874137390023, 22.820312538622403, 22.496322865326555, 22.25873431434504, 22.35587091689797, 21.591625283276937, 21.39788226169533, 22.92488443719818, 22.143505153666204, 22.31609072633153, 22.671216475095786, 22.408339116354384, 21.665582303188028, 23.099526549864112, 22.389784885034423, 22.387435213186308, 22.38498316200279, 22.28740878633439, 22.052329692779125, 22.344322344322347, 22.28895058174335, 23.16413662239089, 22.276914965307242, 22.666481071137007, 22.310629164010557, 22.334166707530862, 22.76151489954445, 22.724954462659376, 22.764516974129023, 22.831708201097964, 23.860849125689043, 22.93736564393199, 22.26308135541329, 22.387771974211958, 22.183859376978596, 22.84763429341742, 21.464354462409105, 22.276914965307242, 22.092038396386215, 22.187844229896967, 22.579552393814996]","[2.5319734280542368, 14.934961430149162, 2.3942406529640574, 5.12314630486255, 2.508679320433252, 15.355920948114255, 2.386893106893107, 5.173080228412954, 2.446153846153846, 14.846479076479074, 2.4624343331638707, 4.999854435755218, 2.535801041064199, 14.997019319615886, 2.570522353888084, 5.015723160884451, 2.4713717823395247, 15.160663968421145, 2.423679015197681, 4.950726215908776, 2.48016076959001, 14.832985471858066, 2.6112184410340427, 4.983301184363195, 2.5330546917870866, 15.185017934095425, 2.4707195088922997, 4.784156376216165, 2.67736153512634, 14.464968408906044, 2.430037750343007, 7.17449566978785, 2.521718252075463, 15.099030172413794, 2.5545506592644, 4.939752765126871, 2.47164934083546, 15.202663936938375, 2.4402304382373075, 4.947081278802616, 2.563052010428455, 14.88532254262591, 2.3461538461538463, 5.148747584382714, 2.501726755218216, 15.126025261443619, 2.4479799556827966, 4.975270303574354, 2.5014266712434567, 15.432307101891139, 2.5679198542805097, 5.0764872852307725, 2.557151318522972, 16.106073159840104, 2.500172855188587, 4.986930223612577, 2.462654917163315, 14.929737360706596, 2.5589350408627514, 4.872408462966867, 2.3390760713572605, 15.022586109542628, 2.5072263979783576]",398.508849644347,9.952334496988868
ADTC1_adz_raw_20260614_1454,2026-06-14 14:53:32.787,2026-06-14 14:53:42.827,"[Timestamp('2026-06-14 14:53:42.827000'), Timestamp('2026-06-14 14:53:42.941000'), Timestamp('2026-06-14 14:53:43.664000'), Timestamp('2026-06-14 14:53:43.782000'), Timestamp('2026-06-14 14:53:43.988000'), Timestamp('2026-06-14 14:53:44.097000'), Timestamp('2026-06-14 14:53:44.848000'), Timestamp('2026-06-14 14:53:44.957000'), Timestamp('2026-06-14 14:53:45.166000'), Timestamp('2026-06-14 14:53:45.275000'), Timestamp('2026-06-14 14:53:46.027000'), Timestamp('2026-06-14 14:53:46.136000'), Timestamp('2026-06-14 14:53:46.339000'), Timestamp('2026-06-14 14:53:46.454000'), Timestamp('2026-06-14 14:53:47.182000'), Timestamp('2026-06-14 14:53:47.294000'), Timestamp('2026-06-14 14:53:47.597000'), Timestamp('2026-06-14 14:53:47.709000'), Timestamp('2026-06-14 14:53:48.434000'), Timestamp('2026-06-14 14:53:48.552000'), Timestamp('2026-06-14 14:53:48.754000'), Timestamp('2026-06-14 14:53:48.868000'), Timestamp('2026-06-14 14:53:49.616000'), Timestamp('2026-06-14 14:53:49.729000'), Timestamp('2026-06-14 14:53:49.939000'), Timestamp('2026-06-14 14:53:50.048000'), Timestamp('2026-06-14 14:53:50.802000'), Timestamp('2026-06-14 14:53:50.910000'), Timestamp('2026-06-14 14:53:51.116000'), Timestamp('2026-06-14 14:53:51.230000'), Timestamp('2026-06-14 14:53:51.960000'), Timestamp('2026-06-14 14:53:52.072000')]","[0.114, 0.723, 0.118, 0.206, 0.109, 0.751, 0.109, 0.209, 0.109, 0.752, 0.109, 0.203, 0.115, 0.728, 0.112, 0.303, 0.112, 0.725, 0.118, 0.202, 0.114, 0.748, 0.113, 0.21, 0.109, 0.754, 0.108, 0.206, 0.114, 0.73, 0.112]","[21.39271394295468, 21.825889203950748, 21.582733812949634, 21.529435718905454, 22.272020506030962, 22.09402715642414, 22.23278019838695, 21.828268104745106, 21.98494189910843, 21.83669739442331, 22.06258466450974, 21.962428994171695, 21.7081104127412, 21.31042538385764, 21.74110062599271, 21.81376067372231, 22.145141030033113, 21.505208739251295, 21.346410995981657, 21.687683685121506, 21.48647920706744, 21.871806798944625, 21.96401829351784, 21.58047093082211, 22.110259443902095, 21.92137601977185, 21.97840473702543, 21.86535348870349, 21.85100551908573, 21.461694707392788, 22.024152534621223, 21.5596211906175]","[2.4387693894968336, 15.78011789445639, 2.546762589928057, 4.435063758094524, 2.4276502351573748, 16.59261439447453, 2.4233730416241777, 4.562108033891727, 2.396358667002819, 16.42119644060633, 2.4048217284315614, 4.458373085816855, 2.496432697465238, 15.513989679448363, 2.4350032701111837, 6.60956948413786, 2.4802557953637088, 15.591276335957188, 2.5188764975258353, 4.380912104394545, 2.4494586296056884, 16.36011148561058, 2.481934067167516, 4.531898895472643, 2.410018279385328, 16.528717518907975, 2.3736677115987463, 4.5042628186729186, 2.4910146291757735, 15.667037136396734, 2.466705083877577]",201.17835137925655,9.924961725810762
ADTC1_adz_raw_20260614_1459,2026-06-14 14:58:36.371,2026-06-14 14:58:46.481,"[Timestamp('2026-06-14 14:58:46.481000'), Timestamp('2026-06-14 14:58:46.966000'), Timestamp('2026-06-14 14:58:47.435000'), Timestamp('2026-06-14 14:58:47.917000'), Timestamp('2026-06-14 14:58:48.276000'), Timestamp('2026-06-14 14:58:48.761000'), Timestamp('2026-06-14 14:58:49.233000'), Timestamp('2026-06-14 14:58:49.708000')]","[0.485, 0.469, 0.482, 0.359, 0.485, 0.472, 0.475]","[20.689655172413794, 21.545502552367545, 32.55494505494506, 21.38086249455496, 20.760510155880965, 20.867895909371, 16.43508142835799, 20.86072095758666]","[10.03448275862069, 10.104840697060379, 15.691483516483517, 7.675729635545231, 10.068847425602268, 9.849646869223111, 7.806663678470045]",71.23169458100524,9.91503667967477
ADTC1_adz_raw_20260614_1516,2026-06-14 15:15:17.357,2026-06-14 15:15:27.398,"[Timestamp('2026-06-14 15:15:27.398000'), Timestamp('2026-06-14 15:15:27.497000'), Timestamp('2026-06-14 15:15:28.289000'), Timestamp('2026-06-14 15:15:28.391000'), Timestamp('2026-06-14 15:15:28.708000'), Timestamp('2026-06-14 15:15:28.813000'), Timestamp('2026-06-14 15:15:29.603000'), Timestamp('2026-06-14 15:15:29.708000'), Timestamp('2026-06-14 15:15:30.019000'), Timestamp('2026-06-14 15:15:30.136000'), Timestamp('2026-06-14 15:15:30.910000'), Timestamp('2026-06-14 15:15:31.032000'), Timestamp('2026-06-14 15:15:31.340000'), Timestamp('2026-06-14 15:15:31.448000'), Timestamp('2026-06-14 15:15:32.237000'), Timestamp('2026-06-14 15:15:32.340000'), Timestamp('2026-06-14 15:15:32.653000'), Timestamp('2026-06-14 15:15:32.768000'), Timestamp('2026-06-14 15:15:33.546000'), Timestamp('2026-06-14 15:15:33.662000'), Timestamp('2026-06-14 15:15:33.978000'), Timestamp('2026-06-14 15:15:34.085000'), Timestamp('2026-06-14 15:15:34.872000'), Timestamp('2026-06-14 15:15:34.972000'), Timestamp('2026-06-14 15:15:35.290000'), Timestamp('2026-06-14 15:15:35.405000'), Timestamp('2026-06-14 15:15:36.185000'), Timestamp('2026-06-14 15:15:36.300000'), Timestamp('2026-06-14 15:15:36.611000'), Timestamp('2026-06-14 15:15:36.727000'), Timestamp('2026-06-14 15:15:37.508000'), Timestamp('2026-06-14 15:15:37.624000'), Timestamp('2026-06-14 15:15:37.940000'), Timestamp('2026-06-14 15:15:38.043000'), Timestamp('2026-06-14 15:15:38.836000'), Timestamp('2026-06-14 15:15:38.939000'), Timestamp('2026-06-14 15:15:39.257000'), Timestamp('2026-06-14 15:15:39.374000'), Timestamp('2026-06-14 15:15:40.156000'), Timestamp('2026-06-14 15:15:40.274000'), Timestamp('2026-06-14 15:15:40.585000'), Timestamp('2026-06-14 15:15:40.700000'), Timestamp('2026-06-14 15:15:41.481000'), Timestamp('2026-06-14 15:15:41.601000'), Timestamp('2026-06-14 15:15:41.919000'), Timestamp('2026-06-14 15:15:42.020000'), Timestamp('2026-06-14 15:15:42.822000'), Timestamp('2026-06-14 15:15:42.925000')]","[0.099, 0.792, 0.102, 0.317, 0.105, 0.79, 0.105, 0.311, 0.117, 0.774, 0.122, 0.308, 0.108, 0.789, 0.103, 0.313, 0.115, 0.778, 0.116, 0.316, 0.107, 0.787, 0.1, 0.318, 0.115, 0.78, 0.115, 0.311, 0.116, 0.781, 0.116, 0.316, 0.103, 0.793, 0.103, 0.318, 0.117, 0.782, 0.118, 0.311, 0.115, 0.781, 0.12, 0.318, 0.101, 0.802, 0.103]","[21.433820449230115, 21.282915016634544, 21.77977936042452, 21.207528439530172, 21.669780607580513, 21.401485838105557, 22.476331256819062, 22.133084552259724, 21.507592670365373, 21.738310669547037, 21.46998962680069, 21.54709710230754, 21.735567410144874, 22.0545535664351, 21.389337148624442, 21.739130434782606, 21.965508932566863, 21.275781578846665, 21.5521265442324, 21.505652620760532, 21.929790627476507, 22.13000343628407, 21.65735780234811, 21.510809025338375, 21.507816222299354, 21.660649819494587, 21.658721654894926, 21.549822544429738, 21.892572742489055, 21.54433135519234, 21.897810218978098, 21.58714897652051, 21.86126140194148, 21.404523575101194, 21.623323387403808, 21.79268577815542, 21.664739510475375, 21.943115364167998, 21.627148351915867, 21.92013752580334, 21.95746395789412, 21.537708866475995, 21.35553554992981, 21.89320270039726, 22.028233820686648, 21.72163606713537, 21.968120291047548, 22.178439826226022]","[2.1219482244737815, 16.85606869317456, 2.221537494763301, 6.722786515331065, 2.275326963795954, 16.90717381210339, 2.3600147819660013, 6.8833892957527745, 2.516388342432749, 16.825452458229407, 2.619338734469684, 6.636505907510722, 2.3474412802956466, 17.401042763917296, 2.2031017263083172, 6.804347826086955, 2.5260335272451893, 16.552558068342705, 2.500046679130959, 6.7957862281603285, 2.346487597139986, 17.416312704355565, 2.165735780234811, 6.8404372700576035, 2.473398865564426, 16.89530685920578, 2.4907529903129166, 6.701994811317649, 2.5395384381287305, 16.82612278840522, 2.5401459854014594, 6.821539076580481, 2.2517099243999725, 16.973787195055248, 2.227202308902592, 6.9300740774534235, 2.534774522725619, 17.159516214779376, 2.552003505526072, 6.817162770524839, 2.525108355157824, 16.820950624717753, 2.5626642659915775, 6.962038458726329, 2.2248516158893517, 17.42075212584257, 2.2627163899778973]",336.35937484586594,9.927254446499926
ADTC1_adz_raw_20260614_1536,2026-06-14 15:35:11.270,2026-06-14 15:35:21.332,"[Timestamp('2026-06-14 15:35:21.332000'), Timestamp('2026-06-14 15:35:21.464000'), Timestamp('2026-06-14 15:35:21.987000'), Timestamp('2026-06-14 15:35:22.127000'), Timestamp('2026-06-14 15:35:22.285000'), Timestamp('2026-06-14 15:35:22.431000'), Timestamp('2026-06-14 15:35:23.174000'), Timestamp('2026-06-14 15:35:23.307000'), Timestamp('2026-06-14 15:35:24.056000'), Timestamp('2026-06-14 15:35:24.191000'), Timestamp('2026-06-14 15:35:24.948000'), Timestamp('2026-06-14 15:35:25.081000'), Timestamp('2026-06-14 15:35:25.832000'), Timestamp('2026-06-14 15:35:25.967000'), Timestamp('2026-06-14 15:35:26.719000'), Timestamp('2026-06-14 15:35:26.858000'), Timestamp('2026-06-14 15:35:27.607000'), Timestamp('2026-06-14 15:35:27.743000'), Timestamp('2026-06-14 15:35:28.494000'), Timestamp('2026-06-14 15:35:28.636000'), Timestamp('2026-06-14 15:35:29.378000'), Timestamp('2026-06-14 15:35:29.527000'), Timestamp('2026-06-14 15:35:29.683000'), Timestamp('2026-06-14 15:35:29.819000'), Timestamp('2026-06-14 15:35:30.347000'), Timestamp('2026-06-14 15:35:30.490000')]","[0.132, 0.523, 0.14, 0.158, 0.146, 0.743, 0.133, 0.749, 0.135, 0.757, 0.133, 0.751, 0.135, 0.752, 0.139, 0.749, 0.136, 0.751, 0.142, 0.742, 0.149, 0.156, 0.136, 0.528, 0.143]","[20.98307724142188, 21.01531598482818, 21.060884803994327, 21.201842663452283, 21.241578447638414, 21.02071084273532, 20.603241296518604, 20.769438197673825, 20.57652205271328, 19.711522304840862, 21.839271839271838, 20.590539118387568, 20.810065605604642, 20.363549747592725, 20.676253316718288, 21.525583078797297, 21.885750041089846, 21.10644331250328, 21.817987245393393, 20.872799226202325, 20.172001662855955, 21.003885535544097, 21.30410100087623, 20.808901375924865, 20.869276708692762, 20.941356092968483]","[2.7697661958676885, 10.991010260065138, 2.948523872559206, 3.3498911408254606, 3.1012704533552085, 15.618388156152342, 2.7402310924369746, 15.556309210057695, 2.777830477116293, 14.921622384764532, 2.9046231546231547, 15.463494877909064, 2.809358856756627, 15.313389410189728, 2.8739992110238424, 16.122661726019174, 2.9764620055882194, 15.850938927689963, 3.0981541888458617, 15.487617025842125, 3.005628247765537, 3.2766061435448792, 2.8973577361191674, 10.987099926488328, 2.984306569343065]",190.82654125094925,9.936298391015203
ADTC1_adz_raw_20260614_1542,2026-06-14 15:40:45.037,2026-06-14 15:40:55.133,"[Timestamp('2026-06-14 15:40:55.133000'), Timestamp('2026-06-14 15:40:55.243000'), Timestamp('2026-06-14 15:40:56.059000'), Timestamp('2026-06-14 15:40:56.172000'), Timestamp('2026-06-14 15:40:56.509000'), Timestamp('2026-06-14 15:40:56.617000'), Timestamp('2026-06-14 15:40:57.450000'), Timestamp('2026-06-14 15:40:57.560000'), Timestamp('2026-06-14 15:40:57.898000'), Timestamp('2026-06-14 15:40:58.022000'), Timestamp('2026-06-14 15:40:58.851000'), Timestamp('2026-06-14 15:40:58.972000'), Timestamp('2026-06-14 15:40:59.314000'), Timestamp('2026-06-14 15:40:59.424000'), Timestamp('2026-06-14 15:41:00.263000'), Timestamp('2026-06-14 15:41:00.379000'), Timestamp('2026-06-14 15:41:00.710000'), Timestamp('2026-06-14 15:41:00.832000'), Timestamp('2026-06-14 15:41:01.643000'), Timestamp('2026-06-14 15:41:01.771000'), Timestamp('2026-06-14 15:41:02.091000'), Timestamp('2026-06-14 15:41:02.199000'), Timestamp('2026-06-14 15:41:03.012000'), Timestamp('2026-06-14 15:41:03.119000'), Timestamp('2026-06-14 15:41:03.437000'), Timestamp('2026-06-14 15:41:03.561000'), Timestamp('2026-06-14 15:41:04.345000'), Timestamp('2026-06-14 15:41:04.467000'), Timestamp('2026-06-14 15:41:04.784000'), Timestamp('2026-06-14 15:41:04.897000'), Timestamp('2026-06-14 15:41:05.689000'), Timestamp('2026-06-14 15:41:05.805000'), Timestamp('2026-06-14 15:41:06.127000'), Timestamp('2026-06-14 15:41:06.230000'), Timestamp('2026-06-14 15:41:07.040000'), Timestamp('2026-06-14 15:41:07.150000'), Timestamp('2026-06-14 15:41:07.466000'), Timestamp('2026-06-14 15:41:07.585000'), Timestamp('2026-06-14 15:41:08.373000'), Timestamp('2026-06-14 15:41:08.493000'), Timestamp('2026-06-14 15:41:08.813000'), Timestamp('2026-06-14 15:41:08.927000'), Timestamp('2026-06-14 15:41:09.723000'), Timestamp('2026-06-14 15:41:09.851000'), Timestamp('2026-06-14 15:41:10.165000'), Timestamp('2026-06-14 15:41:10.281000'), Timestamp('2026-06-14 15:41:11.082000'), Timestamp('2026-06-14 15:41:11.199000'), Timestamp('2026-06-14 15:41:11.523000'), Timestamp('2026-06-14 15:41:11.633000'), Timestamp('2026-06-14 15:41:12.441000'), Timestamp('2026-06-14 15:41:12.548000')]","[0.11, 0.816, 0.113, 0.337, 0.108, 0.833, 0.11, 0.338, 0.124, 0.829, 0.121, 0.342, 0.11, 0.839, 0.116, 0.331, 0.122, 0.811, 0.128, 0.32, 0.108, 0.813, 0.107, 0.318, 0.124, 0.784, 0.122, 0.317, 0.113, 0.792, 0.116, 0.322, 0.103, 0.81, 0.11, 0.316, 0.119, 0.788, 0.12, 0.32, 0.114, 0.796, 0.128, 0.314, 0.116, 0.801, 0.117, 0.324, 0.11, 0.808, 0.107]","[20.903121388122287, 21.148958692211288, 20.61868686868687, 20.411941680166628, 20.65598589450757, 20.407929548365388, 20.570036260902768, 19.9651993130254, 20.50783324692255, 20.235238288929565, 20.372205642209586, 20.27912265833055, 20.177458408281684, 19.873247853711547, 20.45074732258444, 20.905923344947738, 20.730955901869343, 19.784336299278117, 20.47853376599224, 21.126668139492658, 21.146077695048945, 20.603981930734484, 20.77689335753852, 21.037939624087656, 21.904467304691373, 21.104018243646355, 21.028245001586797, 21.05226166785384, 22.26425293461135, 21.14190157668419, 21.759852041542178, 20.720473942304075, 21.129255102596897, 20.718574168911733, 21.32179020668229, 21.201671360024296, 21.386915536732815, 21.95739590756388, 20.54347248697031, 20.751558910403674, 21.334806173952686, 20.560500232576526, 20.781399808245446, 21.93831749253836, 21.413572173296302, 21.498053038380363, 21.30798893985783, 20.983762642045182, 21.45896805210051, 21.667483459936292, 21.42840682764637, 21.267238952997467]","[2.2993433526934517, 17.25755029284441, 2.329911616161616, 6.878824346216154, 2.2308464766068177, 16.999805313788368, 2.2627039886993043, 6.748237367802586, 2.5429713226183965, 16.77501254152261, 2.4650368827073597, 6.935459949149049, 2.2195204249109852, 16.673654949263987, 2.3722866894197954, 6.919860627177702, 2.5291766200280597, 16.045096738714555, 2.6212523220470065, 6.76053380463765, 2.283776391065286, 16.751037309687135, 2.2231275892566216, 6.690064800459875, 2.71615394578173, 16.545550303018743, 2.565445890193589, 6.673566948709667, 2.5158605816110824, 16.74438604873388, 2.5241428368188927, 6.671992609421912, 2.1763132755674803, 16.782045076818505, 2.345396922735052, 6.699728149767678, 2.5450429488712047, 17.302427975160338, 2.465216698436437, 6.640498851329176, 2.432167903830606, 16.366158185130917, 2.660019175455417, 6.888631692657045, 2.483974372102371, 17.219940483742672, 2.493034705963366, 6.798739096022639, 2.360486485731056, 17.507326635628527, 2.2928395305581617]",363.232179047277,9.972933872801123
ADTC1_adz_raw_20260614_1547,2026-06-14 15:45:30.042,2026-06-14 15:45:40.079,"[Timestamp('2026-06-14 15:45:40.079000'), Timestamp('2026-06-14 15:45:40.243000'), Timestamp('2026-06-14 15:45:40.747000'), Timestamp('2026-06-14 15:45:40.913000'), Timestamp('2026-06-14 15:45:41.235000'), Timestamp('2026-06-14 15:45:41.343000'), Timestamp('2026-06-14 15:45:41.998000'), Timestamp('2026-06-14 15:45:42.105000'), Timestamp('2026-06-14 15:45:42.489000'), Timestamp('2026-06-14 15:45:43.138000'), Timestamp('2026-06-14 15:45:43.249000'), Timestamp('2026-06-14 15:45:43.266000'), Timestamp('2026-06-14 15:45:43.512000'), Timestamp('2026-06-14 15:45:43.620000'), Timestamp('2026-06-14 15:45:44.268000'), Timestamp('2026-06-14 15:45:44.375000'), Timestamp('2026-06-14 15:45:44.644000'), Timestamp('2026-06-14 15:45:44.750000'), Timestamp('2026-06-14 15:45:45.392000'), Timestamp('2026-06-14 15:45:45.497000'), Timestamp('2026-06-14 15:45:45.764000'), Timestamp('2026-06-14 15:45:45.872000'), Timestamp('2026-06-14 15:45:46.522000'), Timestamp('2026-06-14 15:45:46.624000'), Timestamp('2026-06-14 15:45:46.892000'), Timestamp('2026-06-14 15:45:46.998000'), Timestamp('2026-06-14 15:45:47.645000'), Timestamp('2026-06-14 15:45:47.748000'), Timestamp('2026-06-14 15:45:48.013000'), Timestamp('2026-06-14 15:45:48.116000'), Timestamp('2026-06-14 15:45:48.757000'), Timestamp('2026-06-14 15:45:48.860000'), Timestamp('2026-06-14 15:45:49.124000'), Timestamp('2026-06-14 15:45:49.227000'), Timestamp('2026-06-14 15:45:49.965000'), Timestamp('2026-06-14 15:45:50.227000'), Timestamp('2026-06-14 15:45:50.329000'), Timestamp('2026-06-14 15:45:51.060000'), Timestamp('2026-06-14 15:45:51.323000'), Timestamp('2026-06-14 15:45:51.425000'), Timestamp('2026-06-14 15:45:52.053000'), Timestamp('2026-06-14 15:45:52.152000'), Timestamp('2026-06-14 15:45:52.409000'), Timestamp('2026-06-14 15:45:52.511000'), Timestamp('2026-06-14 15:45:53.138000'), Timestamp('2026-06-14 15:45:53.239000'), Timestamp('2026-06-14 15:45:53.509000'), Timestamp('2026-06-14 15:45:53.610000'), Timestamp('2026-06-14 15:45:54.321000'), Timestamp('2026-06-14 15:45:54.417000'), Timestamp('2026-06-14 15:45:54.664000'), Timestamp('2026-06-14 15:45:54.766000'), Timestamp('2026-06-14 15:45:55.327000'), Timestamp('2026-06-14 15:45:55.428000'), Timestamp('2026-06-14 15:45:55.629000'), Timestamp('2026-06-14 15:45:55.732000'), Timestamp('2026-06-14 15:45:56.415000'), Timestamp('2026-06-14 15:45:56.516000'), Timestamp('2026-06-14 15:45:56.741000'), Timestamp('2026-06-14 15:45:56.841000'), Timestamp('2026-06-14 15:45:57.451000'), Timestamp('2026-06-14 15:45:57.555000'), Timestamp('2026-06-14 15:45:57.800000'), Timestamp('2026-06-14 15:45:57.900000'), Timestamp('2026-06-14 15:45:58.509000'), Timestamp('2026-06-14 15:45:58.608000'), Timestamp('2026-06-14 15:45:58.855000'), Timestamp('2026-06-14 15:45:58.958000'), Timestamp('2026-06-14 15:45:59.557000'), Timestamp('2026-06-14 15:45:59.655000'), Timestamp('2026-06-14 15:45:59.903000'), Timestamp('2026-06-14 15:46:00.002000'), Timestamp('2026-06-14 15:46:00.600000'), Timestamp('2026-06-14 15:46:00.700000')]","[0.164, 0.504, 0.166, 0.322, 0.108, 0.655, 0.107, 0.384, 0.649, 0.111, 0.017, 0.246, 0.108, 0.648, 0.107, 0.269, 0.106, 0.642, 0.105, 0.267, 0.108, 0.65, 0.102, 0.268, 0.106, 0.647, 0.103, 0.265, 0.103, 0.641, 0.103, 0.264, 0.103, 0.738, 0.262, 0.102, 0.731, 0.263, 0.102, 0.628, 0.099, 0.257, 0.102, 0.627, 0.101, 0.27, 0.101, 0.711, 0.096, 0.247, 0.102, 0.561, 0.101, 0.201, 0.103, 0.683, 0.101, 0.225, 0.1, 0.61, 0.104, 0.245, 0.1, 0.609, 0.099, 0.247, 0.103, 0.599, 0.098, 0.248, 0.099, 0.598, 0.1]","[nan, nan, nan, nan, nan, nan, nan, nan, nan, nan, nan, nan, nan, nan, nan, nan, nan, nan, nan, nan, nan, nan, nan, nan, nan, nan, nan, nan, nan, nan, nan, nan, nan, nan, nan, nan, nan, nan, nan, nan, nan, nan, nan, nan, nan, nan, nan, nan, nan, nan, nan, nan, nan, nan, nan, nan, nan, nan, nan, nan, nan, nan, nan, nan, nan, nan, nan, nan, nan, nan, nan, nan, nan, nan]","[nan, nan, nan, nan, nan, nan, nan, nan, nan, nan, nan, nan, nan, nan, nan, nan, nan, nan, nan, nan, nan, nan, nan, nan, nan, nan, nan, nan, nan, nan, nan, nan, nan, nan, nan, nan, nan, nan, nan, nan, nan, nan, nan, nan, nan, nan, nan, nan, nan, nan, nan, nan, nan, nan, nan, nan, nan, nan, nan, nan, nan, nan, nan, nan, nan, nan, nan, nan, nan, nan, nan, nan, nan]",,9.884659104458628
ADTC1_adz_raw_20260614_1551,2026-06-14 15:49:57.606,2026-06-14 15:50:07.668,"[Timestamp('2026-06-14 15:50:07.668000'), Timestamp('2026-06-14 15:50:07.809000'), Timestamp('2026-06-14 15:50:08.323000'), Timestamp('2026-06-14 15:50:08.463000'), Timestamp('2026-06-14 15:50:08.612000'), Timestamp('2026-06-14 15:50:08.759000'), Timestamp('2026-06-14 15:50:09.485000'), Timestamp('2026-06-14 15:50:09.634000'), Timestamp('2026-06-14 15:50:10.369000'), Timestamp('2026-06-14 15:50:10.507000'), Timestamp('2026-06-14 15:50:11.245000'), Timestamp('2026-06-14 15:50:11.385000'), Timestamp('2026-06-14 15:50:12.117000'), Timestamp('2026-06-14 15:50:12.262000'), Timestamp('2026-06-14 15:50:12.999000'), Timestamp('2026-06-14 15:50:13.136000'), Timestamp('2026-06-14 15:50:13.875000'), Timestamp('2026-06-14 15:50:14.021000'), Timestamp('2026-06-14 15:50:14.753000'), Timestamp('2026-06-14 15:50:14.893000'), Timestamp('2026-06-14 15:50:15.628000'), Timestamp('2026-06-14 15:50:15.768000'), Timestamp('2026-06-14 15:50:15.923000'), Timestamp('2026-06-14 15:50:16.066000'), Timestamp('2026-06-14 15:50:16.588000'), Timestamp('2026-06-14 15:50:16.733000')]","[0.141, 0.514, 0.14, 0.149, 0.147, 0.726, 0.149, 0.735, 0.138, 0.738, 0.14, 0.732, 0.145, 0.737, 0.137, 0.739, 0.146, 0.732, 0.14, 0.735, 0.14, 0.155, 0.143, 0.522, 0.145]","[21.8978102189781, 20.547945205479454, 20.689655172413794, 20.408163265306122, 21.582733812949638, 20.547945205479454, 20.97902097902098, 20.547945205479454, 20.134228187919465, 20.134228187919465, 20.689655172413794, 19.607843137254903, 20.408163265306122, 20.408163265306122, 20.408163265306122, 19.607843137254903, 18.987341772151897, 18.633540372670808, 18.867924528301888, 20.0, 19.23076923076923, 19.10828025477707, 18.51851851851852, 19.867549668874172, 19.48051948051948, 18.51851851851852, 18.987341772151897, 18.633540372670808]","[3.087591240875912, 10.56164383561644, 2.8965517241379315, 3.040816326530612, 3.1726618705035965, 14.917808219178083, 3.125874125874126, 15.102739726027398, 2.7785234899328866, 14.859060402684564, 2.8965517241379315, 14.352941176470589, 2.9591836734693877, 15.040816326530612, 2.795918367346939, 14.490196078431373, 2.772151898734177, 13.639751552795031, 2.6415094339622645, 14.7, 2.6923076923076925, 2.961783439490446, 2.648148148148148, 10.370860927152318, 2.8246753246753245]",181.33006672501372,9.944835918652853
ADTC1_adz_raw_20260614_1558,2026-06-14 15:57:03.533,2026-06-14 15:57:13.587,"[Timestamp('2026-06-14 15:57:13.587000'), Timestamp('2026-06-14 15:57:13.722000'), Timestamp('2026-06-14 15:57:14.020000'), Timestamp('2026-06-14 15:57:14.151000'), Timestamp('2026-06-14 15:57:14.388000'), Timestamp('2026-06-14 15:57:14.463000'), Timestamp('2026-06-14 15:57:15.187000'), Timestamp('2026-06-14 15:57:15.260000'), Timestamp('2026-06-14 15:57:15.441000'), Timestamp('2026-06-14 15:57:15.517000'), Timestamp('2026-06-14 15:57:16.238000'), Timestamp('2026-06-14 15:57:16.313000'), Timestamp('2026-06-14 15:57:16.491000'), Timestamp('2026-06-14 15:57:16.571000'), Timestamp('2026-06-14 15:57:17.286000'), Timestamp('2026-06-14 15:57:17.365000'), Timestamp('2026-06-14 15:57:17.540000'), Timestamp('2026-06-14 15:57:17.618000'), Timestamp('2026-06-14 15:57:18.333000'), Timestamp('2026-06-14 15:57:18.410000'), Timestamp('2026-06-14 15:57:18.592000'), Timestamp('2026-06-14 15:57:18.666000'), Timestamp('2026-06-14 15:57:19.390000'), Timestamp('2026-06-14 15:57:19.462000'), Timestamp('2026-06-14 15:57:19.716000'), Timestamp('2026-06-14 15:57:20.438000'), Timestamp('2026-06-14 15:57:20.510000'), Timestamp('2026-06-14 15:57:20.691000'), Timestamp('2026-06-14 15:57:20.767000'), Timestamp('2026-06-14 15:57:21.490000'), Timestamp('2026-06-14 15:57:21.564000'), Timestamp('2026-06-14 15:57:21.817000'), Timestamp('2026-06-14 15:57:22.614000'), Timestamp('2026-06-14 15:57:22.794000'), Timestamp('2026-06-14 15:57:22.869000'), Timestamp('2026-06-14 15:57:23.591000'), Timestamp('2026-06-14 15:57:23.664000'), Timestamp('2026-06-14 15:57:23.918000'), Timestamp('2026-06-14 15:57:24.643000'), Timestamp('2026-06-14 15:57:24.712000'), Timestamp('2026-06-14 15:57:24.970000'), Timestamp('2026-06-14 15:57:25.693000'), Timestamp('2026-06-14 15:57:25.764000')]","[0.135, 0.298, 0.131, 0.237, 0.075, 0.724, 0.073, 0.181, 0.076, 0.721, 0.075, 0.178, 0.08, 0.715, 0.079, 0.175, 0.078, 0.715, 0.077, 0.182, 0.074, 0.724, 0.072, 0.254, 0.722, 0.072, 0.181, 0.076, 0.723, 0.074, 0.253, 0.797, 0.18, 0.075, 0.722, 0.073, 0.254, 0.725, 0.069, 0.258, 0.723, 0.071]","[21.32505175983437, 21.582733812949638, 22.11249463288965, 21.096067053513867, 20.56462056462057, 21.27215849843587, 23.4990745939651, 24.381374021661788, 23.062692702980467, 27.193072275938732, 23.31978486677341, 23.963507982628805, 22.421887647725438, 27.189048163456743, 22.241368946240005, 24.580220902764474, 22.07977207977208, 26.16098195599299, 21.888201198546025, 22.97248151291066, 11.1868029119081, -1.0902877960895907, 14.286302441434396, 6.740542066629022, 25.91558038485413, 24.004192872117404, 24.01837928153718, 25.91731266149871, 26.10809507361232, 23.989898989898993, 24.40961558826644, 25.20687633770943, 20.365990290053528, 20.777783367711425, 20.777783367711425, 20.609318996415777, 20.609318996415777, 47.54814373635101, -0.2935420743639945, 19.625420977394423, 18.02168021680217, 22.922987343323832, 20.254403131115463]","[2.87888198757764, 6.431654676258992, 2.8967367969085442, 4.999767891682787, 1.5423465423465426, 15.40104275286757, 1.7154324453594523, 4.413028697920783, 1.7527646454265153, 19.606205110951826, 1.7489838650080058, 4.265504420907927, 1.793751011818035, 19.44016943687157, 1.7570681467529605, 4.301538657983783, 1.7222222222222223, 18.705102098534987, 1.685391492288044, 4.1809916353497405, 0.8278234154811993, -0.7893683643688636, 1.0286137757832765, 1.7120976849237717, 18.711049037864683, 1.728301886792453, 4.347326649958229, 1.9697157622739019, 18.876152738221705, 1.7752525252525253, 6.175632743831409, 20.089880441154417, 3.6658782522096347, 1.558333752578357, 15.001559591487649, 1.5044802867383515, 5.2347670250896075, 34.47240420885448, -0.020254403131115623, 5.063358612167761, 13.029674796747969, 1.627532101375992]",278.82879705632536,9.947757382821738
ADTC1_adz_raw_20260614_1603,2026-06-14 16:02:39.917,2026-06-14 16:02:49.939,"[Timestamp('2026-06-14 16:02:49.939000'), Timestamp('2026-06-14 16:02:50.060000'), Timestamp('2026-06-14 16:02:50.836000'), Timestamp('2026-06-14 16:02:50.958000'), Timestamp('2026-06-14 16:02:51.170000'), Timestamp('2026-06-14 16:02:51.291000'), Timestamp('2026-06-14 16:02:52.078000'), Timestamp('2026-06-14 16:02:52.197000'), Timestamp('2026-06-14 16:02:52.416000'), Timestamp('2026-06-14 16:02:52.530000'), Timestamp('2026-06-14 16:02:53.309000'), Timestamp('2026-06-14 16:02:53.426000'), Timestamp('2026-06-14 16:02:53.643000'), Timestamp('2026-06-14 16:02:53.759000'), Timestamp('2026-06-14 16:02:54.518000'), Timestamp('2026-06-14 16:02:54.643000')]","[0.121, 0.776, 0.122, 0.212, 0.121, 0.787, 0.119, 0.219, 0.114, 0.779, 0.117, 0.217, 0.116, 0.759, 0.125]","[21.199157793927107, 20.794561157056805, 20.79342788710801, 21.11205156796455, 20.864228938763098, 21.079072212079218, 21.04403052678915, 21.232863717942394, 21.307333163939383, 21.090716734083855, 21.124970414050996, 20.90973904882447, 21.602915806940924, 21.198105050235057, 20.945534299987816, 21.696445070657933]","[2.56509809306518, 16.13657945787608, 2.5367982022271773, 4.475754932408484, 2.5245717015903346, 16.589229830906344, 2.504239632687909, 4.649997154229384, 2.4290359806890898, 16.429668335851325, 2.4716215384439666, 4.53741337359491, 2.5059382336051472, 16.08936173312841, 2.618191787498477]",99.06349998780222,9.901855778268375
ADTC1_adz_raw_20260614_1606,2026-06-14 16:05:09.210,2026-06-14 16:05:19.318,"[Timestamp('2026-06-14 16:05:19.318000'), Timestamp('2026-06-14 16:05:20.210000'), Timestamp('2026-06-14 16:05:20.663000'), Timestamp('2026-06-14 16:05:21.005000'), Timestamp('2026-06-14 16:05:21.462000'), Timestamp('2026-06-14 16:05:21.894000'), Timestamp('2026-06-14 16:05:22.351000')]","[0.892, 0.453, 0.342, 0.457, 0.432, 0.457]","[20.35151837252201, 20.43735692112234, 20.48617314591713, 19.58939792353368, 20.21658624172371, 19.996800511918092, 5.64642813986444, 19.200352830246075]","[18.15355438828963, 9.25812268526842, 7.006271215903659, 8.952354851054892, 8.733565256424644, 9.138537833946568]",61.24240623088782,9.920516641828115
ADTC1_adz_raw_20260614_1616,2026-06-14 16:14:28.166,2026-06-14 16:14:38.231,"[Timestamp('2026-06-14 16:14:38.231000'), Timestamp('2026-06-14 16:14:38.336000'), Timestamp('2026-06-14 16:14:39.130000'), Timestamp('2026-06-14 16:14:39.233000'), Timestamp('2026-06-14 16:14:39.556000'), Timestamp('2026-06-14 16:14:39.658000'), Timestamp('2026-06-14 16:14:40.461000'), Timestamp('2026-06-14 16:14:40.561000'), Timestamp('2026-06-14 16:14:40.873000'), Timestamp('2026-06-14 16:14:40.992000'), Timestamp('2026-06-14 16:14:41.774000'), Timestamp('2026-06-14 16:14:41.891000'), Timestamp('2026-06-14 16:14:42.209000'), Timestamp('2026-06-14 16:14:42.318000'), Timestamp('2026-06-14 16:14:43.113000'), Timestamp('2026-06-14 16:14:43.214000'), Timestamp('2026-06-14 16:14:43.529000'), Timestamp('2026-06-14 16:14:43.651000'), Timestamp('2026-06-14 16:14:44.430000'), Timestamp('2026-06-14 16:14:44.541000'), Timestamp('2026-06-14 16:14:44.866000'), Timestamp('2026-06-14 16:14:44.961000'), Timestamp('2026-06-14 16:14:45.758000'), Timestamp('2026-06-14 16:14:45.863000'), Timestamp('2026-06-14 16:14:46.180000'), Timestamp('2026-06-14 16:14:46.296000'), Timestamp('2026-06-14 16:14:47.071000'), Timestamp('2026-06-14 16:14:47.193000'), Timestamp('2026-06-14 16:14:47.505000'), Timestamp('2026-06-14 16:14:47.620000'), Timestamp('2026-06-14 16:14:48.400000'), Timestamp('2026-06-14 16:14:48.519000'), Timestamp('2026-06-14 16:14:48.834000'), Timestamp('2026-06-14 16:14:48.936000'), Timestamp('2026-06-14 16:14:49.726000'), Timestamp('2026-06-14 16:14:49.833000'), Timestamp('2026-06-14 16:14:50.152000'), Timestamp('2026-06-14 16:14:50.262000'), Timestamp('2026-06-14 16:14:51.045000'), Timestamp('2026-06-14 16:14:51.163000'), Timestamp('2026-06-14 16:14:51.473000'), Timestamp('2026-06-14 16:14:51.581000'), Timestamp('2026-06-14 16:14:52.369000'), Timestamp('2026-06-14 16:14:52.479000'), Timestamp('2026-06-14 16:14:52.789000'), Timestamp('2026-06-14 16:14:52.908000'), Timestamp('2026-06-14 16:14:53.687000'), Timestamp('2026-06-14 16:14:53.804000'), Timestamp('2026-06-14 16:14:54.115000'), Timestamp('2026-06-14 16:14:54.221000'), Timestamp('2026-06-14 16:14:55.013000'), Timestamp('2026-06-14 16:14:55.117000')]","[0.105, 0.794, 0.103, 0.323, 0.102, 0.803, 0.1, 0.312, 0.119, 0.782, 0.117, 0.318, 0.109, 0.795, 0.101, 0.315, 0.122, 0.779, 0.111, 0.325, 0.095, 0.797, 0.105, 0.317, 0.116, 0.775, 0.122, 0.312, 0.115, 0.78, 0.119, 0.315, 0.102, 0.79, 0.107, 0.319, 0.11, 0.783, 0.118, 0.31, 0.108, 0.788, 0.11, 0.31, 0.119, 0.779, 0.117, 0.311, 0.106, 0.792, 0.104]","[21.62099384714226, 21.88599760606082, 21.792230962614546, 21.35447091149045, 21.486523556544263, 20.021250720946988, 22.456787917861867, 21.578776664835267, 20.78280404157494, 21.46616258713093, 21.639854363344547, 21.698773008411216, 21.698773008411216, 21.54961182326997, 21.739136549997536, 22.503008423586046, 21.441680982361063, 21.913069037244476, 22.35992802949281, 21.91676421847002, 22.72727272727273, 21.514328798878118, 21.70718871290424, 22.358434395352738, 21.09813381498161, 21.758172127175815, 21.32794559265147, 21.777465667915102, 21.987254851730654, 22.15730289584878, 21.773397593737705, 22.339934244051584, 22.34878447503032, 21.786751836012918, 22.11674528301887, 22.440452793649577, 23.070031300396117, 22.361537323917627, 23.143070697418523, 21.99302015755329, 22.761420584998806, 22.005580915672844, 23.46826527219666, 21.60120967014644, 22.061669115275738, 22.1932896351501, 22.143730889939178, 21.93945939548165, 21.49951550387597, 21.663403019335227, 21.486632135424536, 22.04066668677648]","[2.270204353949937, 17.37748209921229, 2.2445997891492984, 6.897494104411415, 2.1916254027675146, 16.077064328920432, 2.2456787917861867, 6.732578319428604, 2.473153680947418, 16.786539143136388, 2.531862960511312, 6.900209816674766, 2.3651662579168224, 17.131941399499627, 2.1956527915497515, 7.088447653429604, 2.6158850798480495, 17.070280780013448, 2.481952011273702, 7.1229483710027575, 2.159090909090909, 17.146920052705863, 2.279254814854945, 7.087623703326818, 2.4473835225378666, 16.862583398561256, 2.6020093623034795, 6.7945692883895115, 2.5285343079490255, 17.282696258762048, 2.5910343136547866, 7.037079286876249, 2.2795760164530927, 17.211533950450207, 2.3664917452830188, 7.158504441174215, 2.537703443043573, 17.5090837246275, 2.7308823422953856, 6.81783624884152, 2.458233423179871, 17.340397761550204, 2.5815091799416328, 6.696374997745396, 2.6253386247178128, 17.288572625781928, 2.590816514122884, 6.823171871994792, 2.278948643410853, 17.1574151913135, 2.2346097420841518]",368.3065468424536,9.957974426991743
ADTC1_adz_raw_20260614_1619,2026-06-14 16:18:07.846,2026-06-14 16:18:17.920,"[Timestamp('2026-06-14 16:18:17.920000'), Timestamp('2026-06-14 16:18:18.037000'), Timestamp('2026-06-14 16:18:18.870000'), Timestamp('2026-06-14 16:18:18.980000'), Timestamp('2026-06-14 16:18:19.184000'), Timestamp('2026-06-14 16:18:19.301000'), Timestamp('2026-06-14 16:18:20.131000'), Timestamp('2026-06-14 16:18:20.249000'), Timestamp('2026-06-14 16:18:20.452000'), Timestamp('2026-06-14 16:18:20.566000'), Timestamp('2026-06-14 16:18:21.391000'), Timestamp('2026-06-14 16:18:21.511000'), Timestamp('2026-06-14 16:18:21.720000'), Timestamp('2026-06-14 16:18:21.831000'), Timestamp('2026-06-14 16:18:22.661000'), Timestamp('2026-06-14 16:18:22.779000'), Timestamp('2026-06-14 16:18:22.981000'), Timestamp('2026-06-14 16:18:23.101000'), Timestamp('2026-06-14 16:18:23.931000'), Timestamp('2026-06-14 16:18:24.046000'), Timestamp('2026-06-14 16:18:24.293000'), Timestamp('2026-06-14 16:18:24.413000'), Timestamp('2026-06-14 16:18:24.784000'), Timestamp('2026-06-14 16:18:24.905000')]","[0.117, 0.833, 0.11, 0.204, 0.117, 0.83, 0.118, 0.203, 0.114, 0.825, 0.12, 0.209, 0.111, 0.83, 0.118, 0.202, 0.12, 0.83, 0.115, 0.247, 0.12, 0.371, 0.121]","[20.6528498724506, 20.845380556323665, 22.21782918306486, 20.86859153183312, 21.236962663253273, 21.077131197531013, 20.47170710526037, 20.842865743527994, 20.19960739495566, 20.874417376646328, 20.585904380860978, 20.398226809148333, 20.834078883464123, 21.13104292687573, 20.638297872340427, 21.408306632760628, 20.51263696465338, 20.577136318349886, 20.38250008995591, 20.409999666806748, 20.87373410902823, 20.46114676728002, 20.686463006480096, 21.276760254102566]","[2.41638343507672, 17.364202003417613, 2.4439612101371346, 4.2571926724939555, 2.484724631600633, 17.49401889395074, 2.415661438420724, 4.231101745936183, 2.3027552430249454, 17.22139433573322, 2.470308525703317, 4.2632294031120015, 2.3125827560645176, 17.538765629306855, 2.4353191489361703, 4.324477939817647, 2.461516435758406, 17.079023144230405, 2.34398751034493, 5.041269917701267, 2.5048480930833876, 7.591085450660888, 2.5030620237840915]",145.50087158829575,9.954583887662931
ADTC1_adz_raw_20260614_1623,2026-06-14 16:21:58.125,2026-06-14 16:22:08.155,"[Timestamp('2026-06-14 16:22:08.155000'), Timestamp('2026-06-14 16:22:08.299000'), Timestamp('2026-06-14 16:22:08.608000'), Timestamp('2026-06-14 16:22:08.746000')]","[0.144, 0.309, 0.138]","[nan, nan, nan, nan, nan, nan, nan, nan, nan, nan, nan, nan, nan, nan, nan, nan, nan, nan, nan, nan, nan, nan, nan, nan, nan, nan, nan, nan, nan, nan, nan, nan, nan, nan, nan, nan, nan, nan]","[nan, nan, nan]",,9.91545186897176
ADTC1_adz_raw_20260614_1629,2026-06-14 16:27:47.744,2026-06-14 16:27:57.795,"[Timestamp('2026-06-14 16:27:57.795000'), Timestamp('2026-06-14 16:27:57.908000'), Timestamp('2026-06-14 16:27:58.269000'), Timestamp('2026-06-14 16:27:58.385000'), Timestamp('2026-06-14 16:27:58.617000'), Timestamp('2026-06-14 16:27:58.732000'), Timestamp('2026-06-14 16:27:59.540000'), Timestamp('2026-06-14 16:27:59.657000'), Timestamp('2026-06-14 16:27:59.857000'), Timestamp('2026-06-14 16:27:59.970000'), Timestamp('2026-06-14 16:28:00.774000'), Timestamp('2026-06-14 16:28:00.889000'), Timestamp('2026-06-14 16:28:01.085000'), Timestamp('2026-06-14 16:28:01.200000'), Timestamp('2026-06-14 16:28:02.005000'), Timestamp('2026-06-14 16:28:02.123000'), Timestamp('2026-06-14 16:28:02.320000'), Timestamp('2026-06-14 16:28:02.432000'), Timestamp('2026-06-14 16:28:03.237000'), Timestamp('2026-06-14 16:28:03.354000')]","[0.113, 0.361, 0.116, 0.232, 0.115, 0.808, 0.117, 0.2, 0.113, 0.804, 0.115, 0.196, 0.115, 0.805, 0.118, 0.197, 0.112, 0.805, 0.117]","[22.17890013664583, 21.828572940507215, 22.620014578777464, 21.487586106428587, 21.66360515751996, 21.502153961415992, 21.129835262225, 21.760166674333206, 22.163892445582583, 22.708372435705698, 21.102322473628384, 22.146772352373247, 22.652881802965492, 21.783419919275516, 22.462520364228126, 22.43989920773648, 22.045342796791417, 22.250278906685786, 22.069726131469384, 22.148868105222405]","[2.506215715440979, 7.880114831523104, 2.623921691138186, 4.985119976691433, 2.4913145931147955, 17.373740400824122, 2.472190725680325, 4.352033334866642, 2.504519846350832, 18.25753143830738, 2.426767084467264, 4.340767381065157, 2.6050814073410318, 17.535653035016793, 2.650577402978919, 4.420660143924087, 2.469078393240639, 17.91147451988206, 2.5821579573819182]",122.38891987923567,9.93537386576365
ADTC1_adz_raw_20260614_1655,2026-06-14 16:54:03.085,2026-06-14 16:54:13.175,"[Timestamp('2026-06-14 16:54:13.175000'), Timestamp('2026-06-14 16:54:13.303000'), Timestamp('2026-06-14 16:54:14.053000'), Timestamp('2026-06-14 16:54:14.171000'), Timestamp('2026-06-14 16:54:14.379000'), Timestamp('2026-06-14 16:54:14.499000'), Timestamp('2026-06-14 16:54:15.283000'), Timestamp('2026-06-14 16:54:15.392000'), Timestamp('2026-06-14 16:54:15.605000'), Timestamp('2026-06-14 16:54:15.723000'), Timestamp('2026-06-14 16:54:16.501000'), Timestamp('2026-06-14 16:54:16.618000'), Timestamp('2026-06-14 16:54:16.829000'), Timestamp('2026-06-14 16:54:16.952000'), Timestamp('2026-06-14 16:54:17.706000'), Timestamp('2026-06-14 16:54:17.835000'), Timestamp('2026-06-14 16:54:18.136000'), Timestamp('2026-06-14 16:54:18.255000'), Timestamp('2026-06-14 16:54:19.011000'), Timestamp('2026-06-14 16:54:19.129000'), Timestamp('2026-06-14 16:54:19.344000'), Timestamp('2026-06-14 16:54:19.459000'), Timestamp('2026-06-14 16:54:20.232000'), Timestamp('2026-06-14 16:54:20.346000'), Timestamp('2026-06-14 16:54:20.558000'), Timestamp('2026-06-14 16:54:20.666000'), Timestamp('2026-06-14 16:54:21.438000'), Timestamp('2026-06-14 16:54:21.546000'), Timestamp('2026-06-14 16:54:21.755000'), Timestamp('2026-06-14 16:54:21.875000'), Timestamp('2026-06-14 16:54:22.611000'), Timestamp('2026-06-14 16:54:22.727000')]","[0.128, 0.75, 0.118, 0.208, 0.12, 0.784, 0.109, 0.213, 0.118, 0.778, 0.117, 0.211, 0.123, 0.754, 0.129, 0.301, 0.119, 0.756, 0.118, 0.215, 0.115, 0.773, 0.114, 0.212, 0.108, 0.772, 0.108, 0.209, 0.12, 0.736, 0.116]","[21.24428366664391, 22.008551578909596, 21.19735170821319, 21.447827325937677, 21.01010101010101, 21.374865735767994, 21.577215424545795, 21.197987150672574, 21.152061285799583, 21.11816052496582, 20.953193564115068, 20.818907334410696, 20.513610950822052, 21.41652997995262, 20.969640418409412, 21.541925161122645, 20.907265322966268, 21.30871119778969, 21.32855396069063, 21.08018364830184, 21.361801405054003, 21.58109965066803, 20.84938744817765, 21.334628395872706, 21.5513653013653, 20.983004537136846, 21.26799320867967, 21.276595744680858, 21.580782642386673, 21.740617442489857, 21.777970070243306, 20.58948167430771]","[2.7192683093304204, 16.5064136841822, 2.5012875015691565, 4.461148083795036, 2.521212121212121, 16.757894736842108, 2.3519164812754916, 4.515171263093258, 2.495943231724351, 16.429928888423408, 2.451523647001463, 4.392789447560657, 2.523174146951112, 16.148063604884275, 2.7050836139748142, 6.484119473497916, 2.487964573432986, 16.109385665529008, 2.516769367361494, 4.532239484384895, 2.4566071615812106, 16.68219002996639, 2.376830169092252, 4.522941219925014, 2.3275474525474524, 16.198879502669644, 2.2969432665374043, 4.4468085106382995, 2.5896939170864006, 16.001094437672535, 2.5262445281482235]",204.037077521891,9.971204235302531
ADTC1_adz_raw_20260614_1659,2026-06-14 16:58:28.326,2026-06-14 16:58:38.391,"[Timestamp('2026-06-14 16:58:38.391000'), Timestamp('2026-06-14 16:58:38.877000'), Timestamp('2026-06-14 16:58:39.329000'), Timestamp('2026-06-14 16:58:39.790000'), Timestamp('2026-06-14 16:58:40.154000'), Timestamp('2026-06-14 16:58:40.621000'), Timestamp('2026-06-14 16:58:41.562000')]","[0.486, 0.452, 0.461, 0.364, 0.467, 0.941]","[21.31166652633761, 9.240338301664952, 54.04797990690672, 22.01939766116504, 21.203796203796202, 24.495763935688835, 16.06288448393712, 30.057151153582176]","[10.357469931800079, 4.1766329123525585, 24.916118737084, 8.015060748664075, 9.902172827172826, 23.050513863483193]",80.41796902055673,9.866950188296784
ADTC1_adz_raw_20260614_1714,2026-06-14 17:13:21.613,2026-06-14 17:13:31.653,"[Timestamp('2026-06-14 17:13:31.653000'), Timestamp('2026-06-14 17:13:31.762000'), Timestamp('2026-06-14 17:13:32.550000'), Timestamp('2026-06-14 17:13:32.653000'), Timestamp('2026-06-14 17:13:32.973000'), Timestamp('2026-06-14 17:13:33.078000'), Timestamp('2026-06-14 17:13:33.866000'), Timestamp('2026-06-14 17:13:33.968000'), Timestamp('2026-06-14 17:13:34.283000'), Timestamp('2026-06-14 17:13:34.398000'), Timestamp('2026-06-14 17:13:35.172000'), Timestamp('2026-06-14 17:13:35.292000'), Timestamp('2026-06-14 17:13:35.608000'), Timestamp('2026-06-14 17:13:35.713000'), Timestamp('2026-06-14 17:13:36.496000'), Timestamp('2026-06-14 17:13:36.603000'), Timestamp('2026-06-14 17:13:36.914000'), Timestamp('2026-06-14 17:13:37.037000'), Timestamp('2026-06-14 17:13:37.811000'), Timestamp('2026-06-14 17:13:37.925000'), Timestamp('2026-06-14 17:13:38.236000'), Timestamp('2026-06-14 17:13:38.344000'), Timestamp('2026-06-14 17:13:39.134000'), Timestamp('2026-06-14 17:13:39.241000'), Timestamp('2026-06-14 17:13:39.549000'), Timestamp('2026-06-14 17:13:39.670000'), Timestamp('2026-06-14 17:13:40.441000'), Timestamp('2026-06-14 17:13:40.561000'), Timestamp('2026-06-14 17:13:40.867000'), Timestamp('2026-06-14 17:13:40.984000'), Timestamp('2026-06-14 17:13:41.757000'), Timestamp('2026-06-14 17:13:41.874000'), Timestamp('2026-06-14 17:13:42.188000'), Timestamp('2026-06-14 17:13:42.294000'), Timestamp('2026-06-14 17:13:43.080000'), Timestamp('2026-06-14 17:13:43.180000'), Timestamp('2026-06-14 17:13:43.499000'), Timestamp('2026-06-14 17:13:43.618000'), Timestamp('2026-06-14 17:13:44.391000'), Timestamp('2026-06-14 17:13:44.503000'), Timestamp('2026-06-14 17:13:44.811000'), Timestamp('2026-06-14 17:13:44.927000'), Timestamp('2026-06-14 17:13:45.706000'), Timestamp('2026-06-14 17:13:45.823000'), Timestamp('2026-06-14 17:13:46.123000'), Timestamp('2026-06-14 17:13:46.242000'), Timestamp('2026-06-14 17:13:47.015000'), Timestamp('2026-06-14 17:13:47.136000'), Timestamp('2026-06-14 17:13:47.451000'), Timestamp('2026-06-14 17:13:47.550000'), Timestamp('2026-06-14 17:13:48.340000'), Timestamp('2026-06-14 17:13:48.445000')]","[0.109, 0.788, 0.103, 0.32, 0.105, 0.788, 0.102, 0.315, 0.115, 0.774, 0.12, 0.316, 0.105, 0.783, 0.107, 0.311, 0.123, 0.774, 0.114, 0.311, 0.108, 0.79, 0.107, 0.308, 0.121, 0.771, 0.12, 0.306, 0.117, 0.773, 0.117, 0.314, 0.106, 0.786, 0.1, 0.319, 0.119, 0.773, 0.112, 0.308, 0.116, 0.779, 0.117, 0.3, 0.119, 0.773, 0.121, 0.315, 0.099, 0.79, 0.105]","[21.973504224875683, 22.794108948956055, 22.522178641549722, 22.135955831608, 22.237099911726595, 22.70318575191271, 22.65062579954421, 22.465140893681646, 22.174238915468017, 22.083239139509953, 22.28203109829559, 22.218987401557637, 22.414946676939294, 22.478192666527125, 21.99423559743754, 22.43323137792774, 22.366326253252048, 22.43866697482752, 22.524855012427505, 22.064684019207988, 21.78616254544984, 22.52547023850068, 22.697649017466176, 22.553551219645215, 22.709460011578003, 22.77473020965528, 22.42730000913655, 22.569734524258493, 22.668127049805584, 22.80435391946183, 22.659519886810354, 22.71964724351605, 23.207881804033626, 23.71641254530749, 23.178177215784086, 22.623028020233853, 23.24255475443628, 23.318038123820884, 23.43138705140059, 22.687531681369563, 23.026908204883732, 22.990762836487235, 22.857638970713175, 23.00879494907504, 22.46297509625719, 22.68346963114405, 22.69955983964966, 22.701750309789347, 22.896764129194374, 22.91226273607274, 22.737318115098205, 23.079035535782943]","[2.3951119605114495, 17.96175785177737, 2.3197844000796213, 7.08350586611456, 2.3348954907312924, 17.890110372507216, 2.3103638315535093, 7.076519381509718, 2.550037475278822, 17.092427093980703, 2.6738437317954706, 7.0212000188922135, 2.3535694010786257, 17.60042485789074, 2.3533832089258166, 6.976734958535527, 2.751058129150002, 17.3675282385165, 2.5678334714167357, 6.8621167299736845, 2.352905554908583, 17.79512148841554, 2.4286484448688808, 6.946493775650726, 2.747844661400938, 17.559316991644224, 2.6912760010963863, 6.906338764423099, 2.6521708648272533, 17.627765579743993, 2.651163826756812, 7.13396923446404, 2.460035471227564, 18.64110026061169, 2.317817721578409, 7.2167459384546, 2.7658640157779173, 18.024843469713545, 2.6243153497568663, 6.987759757861825, 2.671121351766513, 17.90980424962356, 2.674343759573442, 6.9026384847225115, 2.6730940364546054, 17.53432202487435, 2.7466467405976087, 7.151051347583644, 2.266779648790243, 18.100687561497466, 2.3874184020853115]",381.0916112509717,9.931961838212864
ADTC1_adz_raw_20260614_1725,2026-06-14 17:24:16.141,2026-06-14 17:24:26.201,"[Timestamp('2026-06-14 17:24:26.201000'), Timestamp('2026-06-14 17:24:26.319000'), Timestamp('2026-06-14 17:24:26.675000'), Timestamp('2026-06-14 17:24:26.793000'), Timestamp('2026-06-14 17:24:27.033000'), Timestamp('2026-06-14 17:24:27.151000'), Timestamp('2026-06-14 17:24:27.947000'), Timestamp('2026-06-14 17:24:28.057000'), Timestamp('2026-06-14 17:24:28.255000'), Timestamp('2026-06-14 17:24:28.375000'), Timestamp('2026-06-14 17:24:29.176000'), Timestamp('2026-06-14 17:24:29.285000'), Timestamp('2026-06-14 17:24:29.485000'), Timestamp('2026-06-14 17:24:29.601000'), Timestamp('2026-06-14 17:24:30.403000'), Timestamp('2026-06-14 17:24:30.522000'), Timestamp('2026-06-14 17:24:30.719000'), Timestamp('2026-06-14 17:24:30.830000'), Timestamp('2026-06-14 17:24:31.632000'), Timestamp('2026-06-14 17:24:31.746000')]","[0.118, 0.356, 0.118, 0.24, 0.118, 0.796, 0.11, 0.198, 0.12, 0.801, 0.109, 0.2, 0.116, 0.802, 0.119, 0.197, 0.111, 0.802, 0.114]","[21.200059569743985, 21.282978309379143, 21.336429308565528, 21.181531729041467, 21.64595471591272, 22.50242355043644, 21.292727953311896, 21.2013892399198, 21.155686655429538, 21.866796492004895, 21.43540669856459, 20.516325779483676, 21.237637741408378, 20.918167031241232, 20.66315552832438, 21.70297149533689, 21.239297390768627, 21.007205785054246, 20.6725182213987, 20.83297881391985]","[2.50160702922979, 7.576740278138974, 2.517698658410732, 5.083567614969952, 2.554222656477701, 17.911929146147408, 2.3422000748643086, 4.1978750695041205, 2.5386823986515443, 17.515303990095923, 2.3364593301435406, 4.103265155896735, 2.463565978003372, 16.77636995905547, 2.4589155078706013, 4.275485384581367, 2.3575620103753177, 16.847779039613506, 2.356667077239452]",118.7158963592698,9.956457885772997
ADTC1_adz_raw_20260614_1743,2026-06-14 17:42:03.136,2026-06-14 17:42:13.191,"[Timestamp('2026-06-14 17:42:13.191000'), Timestamp('2026-06-14 17:42:13.295000'), Timestamp('2026-06-14 17:42:14.091000'), Timestamp('2026-06-14 17:42:14.192000'), Timestamp('2026-06-14 17:42:14.515000'), Timestamp('2026-06-14 17:42:14.620000'), Timestamp('2026-06-14 17:42:15.413000'), Timestamp('2026-06-14 17:42:15.524000'), Timestamp('2026-06-14 17:42:15.839000'), Timestamp('2026-06-14 17:42:15.959000'), Timestamp('2026-06-14 17:42:16.737000'), Timestamp('2026-06-14 17:42:16.857000'), Timestamp('2026-06-14 17:42:17.170000'), Timestamp('2026-06-14 17:42:17.280000'), Timestamp('2026-06-14 17:42:18.076000'), Timestamp('2026-06-14 17:42:18.176000'), Timestamp('2026-06-14 17:42:18.496000'), Timestamp('2026-06-14 17:42:18.616000'), Timestamp('2026-06-14 17:42:19.397000'), Timestamp('2026-06-14 17:42:19.515000'), Timestamp('2026-06-14 17:42:19.833000'), Timestamp('2026-06-14 17:42:19.938000'), Timestamp('2026-06-14 17:42:20.727000'), Timestamp('2026-06-14 17:42:20.834000'), Timestamp('2026-06-14 17:42:21.153000'), Timestamp('2026-06-14 17:42:21.269000'), Timestamp('2026-06-14 17:42:22.047000'), Timestamp('2026-06-14 17:42:22.166000'), Timestamp('2026-06-14 17:42:22.479000'), Timestamp('2026-06-14 17:42:22.593000'), Timestamp('2026-06-14 17:42:23.376000'), Timestamp('2026-06-14 17:42:23.492000'), Timestamp('2026-06-14 17:42:23.807000'), Timestamp('2026-06-14 17:42:23.910000'), Timestamp('2026-06-14 17:42:24.704000'), Timestamp('2026-06-14 17:42:24.808000'), Timestamp('2026-06-14 17:42:25.120000'), Timestamp('2026-06-14 17:42:25.245000'), Timestamp('2026-06-14 17:42:26.024000'), Timestamp('2026-06-14 17:42:26.136000'), Timestamp('2026-06-14 17:42:26.448000'), Timestamp('2026-06-14 17:42:26.562000'), Timestamp('2026-06-14 17:42:27.346000'), Timestamp('2026-06-14 17:42:27.462000'), Timestamp('2026-06-14 17:42:27.774000'), Timestamp('2026-06-14 17:42:27.885000'), Timestamp('2026-06-14 17:42:28.664000'), Timestamp('2026-06-14 17:42:28.786000'), Timestamp('2026-06-14 17:42:29.100000'), Timestamp('2026-06-14 17:42:29.205000'), Timestamp('2026-06-14 17:42:29.996000'), Timestamp('2026-06-14 17:42:30.101000')]","[0.104, 0.796, 0.101, 0.323, 0.105, 0.793, 0.111, 0.315, 0.12, 0.778, 0.12, 0.313, 0.11, 0.796, 0.1, 0.32, 0.12, 0.781, 0.118, 0.318, 0.105, 0.789, 0.107, 0.319, 0.116, 0.778, 0.119, 0.313, 0.114, 0.783, 0.116, 0.315, 0.103, 0.794, 0.104, 0.312, 0.125, 0.779, 0.112, 0.312, 0.114, 0.784, 0.116, 0.312, 0.111, 0.779, 0.122, 0.314, 0.105, 0.791, 0.105]","[21.93705052662211, 21.505208739251295, 21.918213101948616, 21.779223814909344, 21.869515639058896, 21.698773008411216, 21.26905352711804, 21.792023006505886, 21.76282760224366, 22.053295002211414, 22.01020885558868, 21.881329282075672, 21.698773008411216, 22.307692307692307, 22.72727272727273, 21.356421356421357, 21.799632902206856, 22.472873792690947, 21.478223317815242, 22.09893059818298, 22.357856178070307, 22.154928404928405, 21.925439966677082, 22.16130287521092, 22.79892349096501, 21.88867691617103, 21.633490982797152, 21.871940508463197, 22.263516063547048, 21.70846394984326, 22.222222222222225, 22.186672986530787, 22.441368738800065, 21.95219456311607, 21.63627442305682, 21.80419605108697, 22.61216986794718, 22.598548464665743, 22.604766022352305, 21.76789185505448, 22.447551781906792, 21.796032922957497, 22.363378670491933, 22.27983997118948, 22.522213908596186, 21.60557563242127, 21.73957435685901, 22.349256295595104, 22.211358546775852, 22.985274431057565, 22.217688441798906, 22.849127732812054]","[2.2814532547686994, 17.11814615644403, 2.2137395232968102, 7.0346892922157185, 2.296299142101184, 17.207126995670095, 2.3608649415101026, 6.864487247049354, 2.6115393122692394, 17.15746351172048, 2.6412250626706415, 6.848856065289685, 2.3868650309252337, 17.756923076923076, 2.272727272727273, 6.834054834054834, 2.6159559482648227, 17.55131443209163, 2.5344303515021984, 7.0274599302221885, 2.347574898697382, 17.480238511488512, 2.3460220764344477, 7.069455617192284, 2.644675124951941, 17.02939064078106, 2.574385426952861, 6.845917379148981, 2.5380408312443636, 16.997727272727275, 2.5777777777777784, 6.988801990757198, 2.3114609800964065, 17.43004248311416, 2.250172539997909, 6.802909167939134, 2.8265212334933976, 17.604269253974614, 2.531733794503458, 6.791582258776997, 2.5590209031373745, 17.088089811598678, 2.5941519257770644, 6.951310071011118, 2.4999657438541765, 16.83074341765617, 2.652228071536799, 7.017666476816863, 2.3321926474114645, 18.181352074966536, 2.3328572863888852]",372.64389907192265,9.938532531255404
ADTC1_adz_raw_20260614_1755,2026-06-14 17:53:53.715,2026-06-14 17:54:03.747,"[Timestamp('2026-06-14 17:54:03.747000'), Timestamp('2026-06-14 17:54:03.870000'), Timestamp('2026-06-14 17:54:04.623000'), Timestamp('2026-06-14 17:54:04.740000'), Timestamp('2026-06-14 17:54:04.956000'), Timestamp('2026-06-14 17:54:05.068000'), Timestamp('2026-06-14 17:54:05.850000'), Timestamp('2026-06-14 17:54:05.963000'), Timestamp('2026-06-14 17:54:06.179000'), Timestamp('2026-06-14 17:54:06.299000'), Timestamp('2026-06-14 17:54:07.074000'), Timestamp('2026-06-14 17:54:07.189000'), Timestamp('2026-06-14 17:54:07.404000'), Timestamp('2026-06-14 17:54:07.527000'), Timestamp('2026-06-14 17:54:08.279000'), Timestamp('2026-06-14 17:54:08.402000')]","[0.123, 0.753, 0.117, 0.216, 0.112, 0.782, 0.113, 0.216, 0.12, 0.775, 0.115, 0.215, 0.123, 0.752, 0.123]","[21.31339551042858, 21.69315242216591, 21.754497148149948, 21.39124499648065, 21.60998820222997, 21.577715179189642, 21.69694482530178, 21.38835699655621, 21.45729255513586, 21.433227789159993, 21.20425690957723, 21.43602019792616, 21.853731053873247, 21.7904219028269, 21.495007231186726, 21.703335183619263]","[2.6215476477827155, 16.33494377389093, 2.545276166333544, 4.62050891923982, 2.420318678649757, 16.8737732701263, 2.451754765259101, 4.619885111256142, 2.5748751066163034, 16.610751536598993, 2.4384895446013815, 4.608744342554124, 2.688008919626409, 16.38639727092583, 2.643885889435967]",100.43916094289732,9.917880899981618
ADTC1_adz_raw_20260614_1759,2026-06-14 17:58:16.909,2026-06-14 17:58:26.991,"[Timestamp('2026-06-14 17:58:26.991000'), Timestamp('2026-06-14 17:58:27.349000'), Timestamp('2026-06-14 17:58:27.431000'), Timestamp('2026-06-14 17:58:27.770000'), Timestamp('2026-06-14 17:58:27.845000'), Timestamp('2026-06-14 17:58:28.278000'), Timestamp('2026-06-14 17:58:28.604000'), Timestamp('2026-06-14 17:58:28.966000'), Timestamp('2026-06-14 17:58:29.902000')]","[0.358, 0.082, 0.339, 0.075, 0.433, 0.326, 0.362, 0.936]","[22.987477638640435, 11.585365853658544, -27.081592871066555, 22.640864882244188, 23.434515657172675, 31.364798883980477, 24.96140739230478, 21.460681792172124]","[8.229516994633276, 0.9500000000000006, -9.180659983291562, 1.698064866168314, 10.147145279555769, 10.224924436177636, 9.03602947601433, 20.08719815747311]",51.19221922673087,9.910049535345347
ADTC1_adz_raw_20260614_1826,2026-06-14 18:25:01.933,2026-06-14 18:25:11.988,"[Timestamp('2026-06-14 18:25:11.988000'), Timestamp('2026-06-14 18:25:12.091000'), Timestamp('2026-06-14 18:25:12.902000'), Timestamp('2026-06-14 18:25:13.006000'), Timestamp('2026-06-14 18:25:13.340000'), Timestamp('2026-06-14 18:25:13.449000'), Timestamp('2026-06-14 18:25:14.260000'), Timestamp('2026-06-14 18:25:14.365000'), Timestamp('2026-06-14 18:25:14.689000'), Timestamp('2026-06-14 18:25:14.810000'), Timestamp('2026-06-14 18:25:15.608000'), Timestamp('2026-06-14 18:25:15.734000'), Timestamp('2026-06-14 18:25:16.053000'), Timestamp('2026-06-14 18:25:16.160000'), Timestamp('2026-06-14 18:25:16.976000'), Timestamp('2026-06-14 18:25:17.080000'), Timestamp('2026-06-14 18:25:17.402000'), Timestamp('2026-06-14 18:25:17.523000'), Timestamp('2026-06-14 18:25:18.327000'), Timestamp('2026-06-14 18:25:18.444000'), Timestamp('2026-06-14 18:25:18.772000'), Timestamp('2026-06-14 18:25:18.880000'), Timestamp('2026-06-14 18:25:19.688000'), Timestamp('2026-06-14 18:25:19.799000'), Timestamp('2026-06-14 18:25:20.119000'), Timestamp('2026-06-14 18:25:20.238000'), Timestamp('2026-06-14 18:25:21.044000'), Timestamp('2026-06-14 18:25:21.162000'), Timestamp('2026-06-14 18:25:21.483000'), Timestamp('2026-06-14 18:25:21.598000'), Timestamp('2026-06-14 18:25:22.396000'), Timestamp('2026-06-14 18:25:22.519000'), Timestamp('2026-06-14 18:25:22.843000'), Timestamp('2026-06-14 18:25:22.950000'), Timestamp('2026-06-14 18:25:23.759000'), Timestamp('2026-06-14 18:25:23.864000'), Timestamp('2026-06-14 18:25:24.189000'), Timestamp('2026-06-14 18:25:24.314000'), Timestamp('2026-06-14 18:25:25.103000'), Timestamp('2026-06-14 18:25:25.223000'), Timestamp('2026-06-14 18:25:25.537000'), Timestamp('2026-06-14 18:25:25.655000'), Timestamp('2026-06-14 18:25:26.451000'), Timestamp('2026-06-14 18:25:26.572000'), Timestamp('2026-06-14 18:25:26.890000'), Timestamp('2026-06-14 18:25:27.005000'), Timestamp('2026-06-14 18:25:27.797000'), Timestamp('2026-06-14 18:25:27.924000'), Timestamp('2026-06-14 18:25:28.243000'), Timestamp('2026-06-14 18:25:28.349000'), Timestamp('2026-06-14 18:25:29.156000'), Timestamp('2026-06-14 18:25:29.255000')]","[0.103, 0.811, 0.104, 0.334, 0.109, 0.811, 0.105, 0.324, 0.121, 0.798, 0.126, 0.319, 0.107, 0.816, 0.104, 0.322, 0.121, 0.804, 0.117, 0.328, 0.108, 0.808, 0.111, 0.32, 0.119, 0.806, 0.118, 0.321, 0.115, 0.798, 0.123, 0.324, 0.107, 0.809, 0.105, 0.325, 0.125, 0.789, 0.12, 0.314, 0.118, 0.796, 0.121, 0.318, 0.115, 0.792, 0.127, 0.319, 0.106, 0.807, 0.099]","[21.595566910296977, 21.399643278512563, 21.365907200539066, 21.212245781914877, 21.91079260255386, 21.44694479344249, 21.750256663751475, 21.382639690954303, 21.17174372837315, 20.981329551151163, 20.81147857657418, 21.1633093804169, 21.195132197284902, 21.34589921213541, 21.577656060414682, 21.460635791795106, 21.534720134906728, 21.491150634864375, 20.782392872375002, 21.16001989509857, 21.452021601458444, 21.17622824183747, 20.653241556436296, 21.32685468537562, 21.271443466683873, 20.43198013744361, 21.579983681639362, 21.096434039685757, 21.640135184007917, 21.314613572358823, 21.760984539063763, 21.01010101010101, 21.432238640332315, 21.781376518218625, 21.02999245193263, 21.25846583860442, 20.76773804424787, 22.134629893250583, 20.34939737930068, 21.304401495968158, 21.686758194738992, 21.425342128528445, 21.166986067648317, 20.831571087303374, 21.648600942414962, 21.660649310950557, 20.98024783258702, 21.940590736647287, 21.094947031978517, 21.637207557785175, 21.76497505652658, 21.11111111111111]","[2.2243433917605886, 17.35511069887369, 2.2220543488560627, 7.084890091159569, 2.388276393678371, 17.393472227481862, 2.283776949693905, 6.927975259869195, 2.5617809911331513, 16.74310098181863, 2.6222463006483467, 6.751095692352992, 2.2678791451094846, 17.418253757102494, 2.244076230283127, 6.910324724958024, 2.605701136323714, 17.27888511043096, 2.4315399660678754, 6.940486525592331, 2.316818332957512, 17.11039241940468, 2.292509812764429, 6.824593499320198, 2.531301772535381, 16.46817599077955, 2.5464380744334445, 6.771955326739128, 2.4886155461609105, 17.00906163074234, 2.6766010983048427, 6.807272727272728, 2.2932495345155575, 17.621133603238867, 2.208149207452926, 6.909001397546437, 2.595967255530984, 17.46422298577471, 2.4419276855160814, 6.689582069734001, 2.559037466979201, 17.054572334308645, 2.5612053141854463, 6.624439605762473, 2.4895891083777206, 17.15523425427284, 2.6644914747385515, 6.999048444990485, 2.2360643853897226, 17.461226499132636, 2.1547325305961316]",368.6818813126529,9.938086861163784
ADTC1_adz_raw_20260614_1830,2026-06-14 18:29:21.760,2026-06-14 18:29:31.791,"[Timestamp('2026-06-14 18:29:31.791000'), Timestamp('2026-06-14 18:29:31.906000'), Timestamp('2026-06-14 18:29:32.265000'), Timestamp('2026-06-14 18:29:32.378000'), Timestamp('2026-06-14 18:29:32.612000'), Timestamp('2026-06-14 18:29:32.722000'), Timestamp('2026-06-14 18:29:33.520000'), Timestamp('2026-06-14 18:29:33.635000'), Timestamp('2026-06-14 18:29:33.831000'), Timestamp('2026-06-14 18:29:33.945000'), Timestamp('2026-06-14 18:29:34.745000'), Timestamp('2026-06-14 18:29:34.861000'), Timestamp('2026-06-14 18:29:35.051000'), Timestamp('2026-06-14 18:29:35.162000'), Timestamp('2026-06-14 18:29:35.965000'), Timestamp('2026-06-14 18:29:36.077000'), Timestamp('2026-06-14 18:29:36.268000'), Timestamp('2026-06-14 18:29:36.381000'), Timestamp('2026-06-14 18:29:37.183000'), Timestamp('2026-06-14 18:29:37.295000')]","[0.115, 0.359, 0.113, 0.234, 0.11, 0.798, 0.115, 0.196, 0.114, 0.8, 0.116, 0.19, 0.111, 0.803, 0.112, 0.191, 0.113, 0.802, 0.112]","[22.59487956193749, 22.34824938906091, 22.14664358738573, 21.86119530321029, 21.060688361068593, 21.04614758905094, 21.98623501138694, 21.9220282184768, 22.5775812396138, 22.38824002621194, 21.516931253300164, 22.380914976541796, 21.856854437398695, 21.59401827374485, 21.74375360496574, 21.499344643422887, 22.17881423442496, 20.983208587628887, 21.172952434562347, 22.489166850279375]","[2.5984111496228115, 8.023021530672867, 2.5025707253745875, 5.115519700951208, 2.316675719717545, 16.794825776062652, 2.528417026309498, 4.296717530821453, 2.573844261315973, 17.910592020969553, 2.4959640253828193, 4.252373845542941, 2.4261108425512554, 17.339996673817115, 2.435300403756163, 4.106374826893772, 2.5062060084900204, 16.82853328727837, 2.371370672670983]",119.42282602820156,9.921417368043064
ADTC1_adz_raw_20260614_1834,2026-06-14 18:32:39.194,2026-06-14 18:32:49.218,"[Timestamp('2026-06-14 18:32:49.218000'), Timestamp('2026-06-14 18:32:49.356000'), Timestamp('2026-06-14 18:32:49.861000'), Timestamp('2026-06-14 18:32:49.998000'), Timestamp('2026-06-14 18:32:50.155000'), Timestamp('2026-06-14 18:32:50.295000'), Timestamp('2026-06-14 18:32:51.019000'), Timestamp('2026-06-14 18:32:51.154000'), Timestamp('2026-06-14 18:32:51.882000'), Timestamp('2026-06-14 18:32:52.019000'), Timestamp('2026-06-14 18:32:52.744000'), Timestamp('2026-06-14 18:32:52.889000'), Timestamp('2026-06-14 18:32:53.604000'), Timestamp('2026-06-14 18:32:53.748000'), Timestamp('2026-06-14 18:32:54.473000'), Timestamp('2026-06-14 18:32:54.610000'), Timestamp('2026-06-14 18:32:55.334000'), Timestamp('2026-06-14 18:32:55.477000'), Timestamp('2026-06-14 18:32:56.198000'), Timestamp('2026-06-14 18:32:56.339000'), Timestamp('2026-06-14 18:32:57.068000'), Timestamp('2026-06-14 18:32:57.207000'), Timestamp('2026-06-14 18:32:57.357000'), Timestamp('2026-06-14 18:32:57.497000'), Timestamp('2026-06-14 18:32:58.005000'), Timestamp('2026-06-14 18:32:58.144000')]","[0.138, 0.505, 0.137, 0.157, 0.14, 0.724, 0.135, 0.728, 0.137, 0.725, 0.145, 0.715, 0.144, 0.725, 0.137, 0.724, 0.143, 0.721, 0.141, 0.729, 0.139, 0.15, 0.14, 0.508, 0.139]","[22.14737701571749, 22.5705329153605, 22.082334132693838, 21.60117462608565, 21.372682875597327, 23.024594453165882, 21.582733812949638, 22.70324691668764, 22.377622377622373, 22.678264240544664, 20.19381733528234, 22.68019884009942, 20.737148899951, 21.094434988911235, 21.886715979329207, 21.60117462608565, 21.66788945952556, 21.22153209109731, 20.244665428927494, 21.629778672032188, 20.862452761816023, 20.62980669299522, 20.7185139824454, 21.15129188281583, 21.049974760222113, 18.482758620689655]","[3.0563380281690136, 11.398119122257052, 3.025279776179056, 3.3913844162954474, 2.992175602583626, 16.669806384092098, 2.913669064748201, 16.5279637553486, 3.065734265734265, 16.441741574394882, 2.9281035136159392, 16.216342170671084, 2.9861494415929437, 15.293465366960644, 2.9984800891681016, 15.639250429286012, 3.098508192712155, 15.30072463768116, 2.8544978254787763, 15.768108651911465, 2.8998809338924274, 3.094471003949283, 2.9005919575423564, 10.744856276470442, 2.925946491670874]",195.13158897240592,9.915319476520398
ADTC1_adz_raw_20260614_1842,2026-06-14 18:41:15.558,2026-06-14 18:41:25.611,"[Timestamp('2026-06-14 18:41:25.611000'), Timestamp('2026-06-14 18:41:25.713000'), Timestamp('2026-06-14 18:41:26.487000'), Timestamp('2026-06-14 18:41:26.593000'), Timestamp('2026-06-14 18:41:26.907000'), Timestamp('2026-06-14 18:41:27.013000'), Timestamp('2026-06-14 18:41:27.792000'), Timestamp('2026-06-14 18:41:27.895000'), Timestamp('2026-06-14 18:41:28.204000'), Timestamp('2026-06-14 18:41:28.321000'), Timestamp('2026-06-14 18:41:29.091000'), Timestamp('2026-06-14 18:41:29.207000'), Timestamp('2026-06-14 18:41:29.507000'), Timestamp('2026-06-14 18:41:29.621000'), Timestamp('2026-06-14 18:41:30.390000'), Timestamp('2026-06-14 18:41:30.503000'), Timestamp('2026-06-14 18:41:30.817000'), Timestamp('2026-06-14 18:41:30.918000'), Timestamp('2026-06-14 18:41:31.700000'), Timestamp('2026-06-14 18:41:31.798000'), Timestamp('2026-06-14 18:41:32.110000'), Timestamp('2026-06-14 18:41:32.226000'), Timestamp('2026-06-14 18:41:32.995000'), Timestamp('2026-06-14 18:41:33.107000'), Timestamp('2026-06-14 18:41:33.416000'), Timestamp('2026-06-14 18:41:33.519000'), Timestamp('2026-06-14 18:41:34.299000'), Timestamp('2026-06-14 18:41:34.400000')]","[0.102, 0.774, 0.106, 0.314, 0.106, 0.779, 0.103, 0.309, 0.117, 0.77, 0.116, 0.3, 0.114, 0.769, 0.113, 0.314, 0.101, 0.782, 0.098, 0.312, 0.116, 0.769, 0.112, 0.309, 0.103, 0.78, 0.101]","[22.505783704108623, 22.893868788941827, 21.897810218978105, 21.85945740561251, 22.205161917798346, 22.374847374847377, 21.902201740911423, 22.53945210895798, 22.32873509469254, 22.254745570684847, 22.6130346409847, 22.70548223055654, 21.741156474711417, 22.212641373225317, 22.13413303594608, 21.817890139058022, 22.79678893706785, 22.058823529411764, 22.587949307821127, 21.78179846314592, 22.227195976050364, 21.75312307065824, 22.706529507562884, 22.066787855523582, 21.978021978021975, 21.822494037387912, 22.298609320771483, 21.902478017585928]","[2.2955899378190794, 17.719854442640976, 2.321167883211679, 6.863869625362328, 2.3537471632866245, 17.430006105006107, 2.255926779313876, 6.964690701668016, 2.6124620060790273, 17.136154089427333, 2.6231120183542256, 6.811644669166962, 2.4784918381171015, 17.08152121601027, 2.501157033061907, 6.850817503664219, 2.302475682643853, 17.25, 2.2136190321664704, 6.795921120501527, 2.5783547332218424, 16.728151641336186, 2.543131304847043, 6.818637447356787, 2.2637362637362632, 17.021545349162572, 2.25215954139792]",195.0679451285602,9.93796840312095
ADTC1_adz_raw_20260614_1853,2026-06-14 18:51:41.248,2026-06-14 18:51:51.285,"[Timestamp('2026-06-14 18:51:51.285000'), Timestamp('2026-06-14 18:51:51.404000'), Timestamp('2026-06-14 18:51:52.123000'), Timestamp('2026-06-14 18:51:52.237000'), Timestamp('2026-06-14 18:51:52.443000'), Timestamp('2026-06-14 18:51:52.554000'), Timestamp('2026-06-14 18:51:53.299000'), Timestamp('2026-06-14 18:51:53.406000'), Timestamp('2026-06-14 18:51:53.614000'), Timestamp('2026-06-14 18:51:53.723000'), Timestamp('2026-06-14 18:51:54.470000'), Timestamp('2026-06-14 18:51:54.577000'), Timestamp('2026-06-14 18:51:54.781000'), Timestamp('2026-06-14 18:51:54.893000'), Timestamp('2026-06-14 18:51:55.616000'), Timestamp('2026-06-14 18:51:55.730000'), Timestamp('2026-06-14 18:51:56.029000'), Timestamp('2026-06-14 18:51:56.142000'), Timestamp('2026-06-14 18:51:56.865000'), Timestamp('2026-06-14 18:51:56.980000'), Timestamp('2026-06-14 18:51:57.181000'), Timestamp('2026-06-14 18:51:57.292000'), Timestamp('2026-06-14 18:51:58.039000'), Timestamp('2026-06-14 18:51:58.146000'), Timestamp('2026-06-14 18:51:58.351000'), Timestamp('2026-06-14 18:51:58.468000'), Timestamp('2026-06-14 18:51:59.208000'), Timestamp('2026-06-14 18:51:59.316000'), Timestamp('2026-06-14 18:51:59.522000'), Timestamp('2026-06-14 18:51:59.631000'), Timestamp('2026-06-14 18:52:00.349000'), Timestamp('2026-06-14 18:52:00.466000')]","[0.119, 0.719, 0.114, 0.206, 0.111, 0.745, 0.107, 0.208, 0.109, 0.747, 0.107, 0.204, 0.112, 0.723, 0.114, 0.299, 0.113, 0.723, 0.115, 0.201, 0.111, 0.747, 0.107, 0.205, 0.117, 0.74, 0.108, 0.206, 0.109, 0.718, 0.117]","[23.030610260826087, 22.624319210864776, 22.54240835232934, 22.382091592617908, 22.580492871305825, 22.8112582974094, 23.351614827996045, 22.679710640236955, 22.761822023814638, 22.650827259291795, 22.560716086344932, 22.411928703514995, 22.94291033198883, 22.227331946300872, 22.124882018960015, 22.63617141665922, 22.61262542600976, 22.41464851623306, 22.528227516737857, 22.416944994876893, 22.524855012427505, 22.295444507085975, 22.493778056892978, 22.295444507085975, 22.366326253252048, 22.634589288360093, 22.056496298241797, 22.060881510116275, 23.23036870250492, 22.14022140221402, 22.329616566162244, 22.265874710482173]","[2.740642621038304, 16.266885512611772, 2.5698345521655446, 4.6107108680792885, 2.506434708714947, 16.99438743157, 2.498622786595577, 4.717379813169287, 2.4810386005957956, 16.92016796269097, 2.413996621238908, 4.572033455517059, 2.569605957182749, 16.07036099717553, 2.5222365501614417, 6.768215253581107, 2.555226673139103, 16.205790877236502, 2.5907461644248535, 4.505805943970255, 2.500258906379453, 16.654697046793224, 2.4068342520875485, 4.5705661239526245, 2.61686017163049, 16.749596073386467, 2.382101600210114, 4.544541591083952, 2.532110188573036, 15.896678966789667, 2.6125651382409827]",206.54693340998654,9.928861041636456
ADTC1_adz_raw_20260614_1900,2026-06-14 18:58:50.790,2026-06-14 18:59:00.763,"[Timestamp('2026-06-14 18:59:00.763000'), Timestamp('2026-06-14 18:59:01.224000'), Timestamp('2026-06-14 18:59:01.584000'), Timestamp('2026-06-14 18:59:01.664000'), Timestamp('2026-06-14 18:59:02.123000'), Timestamp('2026-06-14 18:59:02.470000'), Timestamp('2026-06-14 18:59:02.928000'), Timestamp('2026-06-14 18:59:03.388000'), Timestamp('2026-06-14 18:59:03.831000')]","[0.461, 0.36, 0.08, 0.459, 0.347, 0.458, 0.46, 0.443]","[21.729126740290223, 39.3991921504761, 83.26153730896007, 122.98382039382929, 84.42188420359656, -14.324801508970467, 18.59096975088967, 21.53996400376323]","[10.017127427273794, 14.183709174171394, 6.660922984716806, 56.44957356076765, 29.294393818648004, -6.560759091108474, 8.551846085409249, 9.542204053667112]",128.13901801354552,9.79424244350507
ADTC1_adz_raw_20260614_1903,2026-06-14 19:02:03.968,2026-06-14 19:02:14.004,"[Timestamp('2026-06-14 19:02:14.004000'), Timestamp('2026-06-14 19:02:14.123000'), Timestamp('2026-06-14 19:02:14.472000'), Timestamp('2026-06-14 19:02:14.590000'), Timestamp('2026-06-14 19:02:14.901000'), Timestamp('2026-06-14 19:02:15.650000'), Timestamp('2026-06-14 19:02:15.859000'), Timestamp('2026-06-14 19:02:16.682000'), Timestamp('2026-06-14 19:02:16.910000'), Timestamp('2026-06-14 19:02:17.379000'), Timestamp('2026-06-14 19:02:17.851000'), Timestamp('2026-06-14 19:02:18.134000'), Timestamp('2026-06-14 19:02:18.702000'), Timestamp('2026-06-14 19:02:18.777000'), Timestamp('2026-06-14 19:02:18.939000'), Timestamp('2026-06-14 19:02:19.014000'), Timestamp('2026-06-14 19:02:19.453000'), Timestamp('2026-06-14 19:02:19.528000'), Timestamp('2026-06-14 19:02:19.762000'), Timestamp('2026-06-14 19:02:20.217000'), Timestamp('2026-06-14 19:02:20.666000'), Timestamp('2026-06-14 19:02:20.988000'), Timestamp('2026-06-14 19:02:21.435000'), Timestamp('2026-06-14 19:02:21.888000'), Timestamp('2026-06-14 19:02:22.208000'), Timestamp('2026-06-14 19:02:22.661000'), Timestamp('2026-06-14 19:02:23.117000'), Timestamp('2026-06-14 19:02:23.433000'), Timestamp('2026-06-14 19:02:23.888000'), Timestamp('2026-06-14 19:02:24.340000'), Timestamp('2026-06-14 19:02:24.661000'), Timestamp('2026-06-14 19:02:25.115000'), Timestamp('2026-06-14 19:02:25.578000'), Timestamp('2026-06-14 19:02:25.896000'), Timestamp('2026-06-14 19:02:26.347000'), Timestamp('2026-06-14 19:02:26.811000'), Timestamp('2026-06-14 19:02:27.128000'), Timestamp('2026-06-14 19:02:27.586000'), Timestamp('2026-06-14 19:02:28.041000'), Timestamp('2026-06-14 19:02:28.365000'), Timestamp('2026-06-14 19:02:28.819000'), Timestamp('2026-06-14 19:02:29.284000'), Timestamp('2026-06-14 19:02:29.602000'), Timestamp('2026-06-14 19:02:30.061000'), Timestamp('2026-06-14 19:02:30.517000'), Timestamp('2026-06-14 19:02:30.840000'), Timestamp('2026-06-14 19:02:31.303000'), Timestamp('2026-06-14 19:02:31.758000'), Timestamp('2026-06-14 19:02:32.082000'), Timestamp('2026-06-14 19:02:32.548000'), Timestamp('2026-06-14 19:02:33.006000'), Timestamp('2026-06-14 19:02:33.245000'), Timestamp('2026-06-14 19:02:33.327000'), Timestamp('2026-06-14 19:02:33.683000'), Timestamp('2026-06-14 19:02:33.758000'), Timestamp('2026-06-14 19:02:33.969000'), Timestamp('2026-06-14 19:02:34.436000'), Timestamp('2026-06-14 19:02:34.672000'), Timestamp('2026-06-14 19:02:35.135000'), Timestamp('2026-06-14 19:02:35.350000'), Timestamp('2026-06-14 19:02:35.428000'), Timestamp('2026-06-14 19:02:35.784000'), Timestamp('2026-06-14 19:02:35.861000'), Timestamp('2026-06-14 19:02:36.099000'), Timestamp('2026-06-14 19:02:36.568000'), Timestamp('2026-06-14 19:02:37.028000'), Timestamp('2026-06-14 19:02:37.356000'), Timestamp('2026-06-14 19:02:37.824000'), Timestamp('2026-06-14 19:02:38.286000')]","[0.119, 0.349, 0.118, 0.311, 0.749, 0.209, 0.823, 0.228, 0.469, 0.472, 0.283, 0.568, 0.075, 0.162, 0.075, 0.439, 0.075, 0.234, 0.455, 0.449, 0.322, 0.447, 0.453, 0.32, 0.453, 0.456, 0.316, 0.455, 0.452, 0.321, 0.454, 0.463, 0.318, 0.451, 0.464, 0.317, 0.458, 0.455, 0.324, 0.454, 0.465, 0.318, 0.459, 0.456, 0.323, 0.463, 0.455, 0.324, 0.466, 0.458, 0.239, 0.082, 0.356, 0.075, 0.211, 0.467, 0.236, 0.463, 0.215, 0.078, 0.356, 0.077, 0.238, 0.469, 0.46, 0.328, 0.468, 0.462]","[nan, nan, nan, nan, nan, nan, nan, nan, nan, nan, nan, nan, nan, nan, nan, nan, nan, nan, nan, nan, nan, nan, nan, nan, nan, nan, nan, nan, nan, nan, nan, nan, nan, nan, nan, nan, nan, nan, nan, nan, nan, nan, nan, nan, nan, nan, nan, nan, nan, nan, nan, nan, nan, nan, nan, nan, nan, nan, nan, nan, nan, nan, nan, nan, nan, nan, nan, nan, nan]","[nan, nan, nan, nan, nan, nan, nan, nan, nan, nan, nan, nan, nan, nan, nan, nan, nan, nan, nan, nan, nan, nan, nan, nan, nan, nan, nan, nan, nan, nan, nan, nan, nan, nan, nan, nan, nan, nan, nan, nan, nan, nan, nan, nan, nan, nan, nan, nan, nan, nan, nan, nan, nan, nan, nan, nan, nan, nan, nan, nan, nan, nan, nan, nan, nan, nan, nan, nan]",,9.930679920816782
ADTC1_adz_raw_20260614_1931,2026-06-14 19:30:23.789,2026-06-14 19:30:33.893,"[Timestamp('2026-06-14 19:30:33.893000'), Timestamp('2026-06-14 19:30:34.011000'), Timestamp('2026-06-14 19:30:34.257000'), Timestamp('2026-06-14 19:30:34.374000'), Timestamp('2026-06-14 19:30:34.616000'), Timestamp('2026-06-14 19:30:34.703000'), Timestamp('2026-06-14 19:30:35.619000'), Timestamp('2026-06-14 19:30:35.706000'), Timestamp('2026-06-14 19:30:35.931000'), Timestamp('2026-06-14 19:30:36.018000'), Timestamp('2026-06-14 19:30:37.021000'), Timestamp('2026-06-14 19:30:37.246000'), Timestamp('2026-06-14 19:30:37.333000'), Timestamp('2026-06-14 19:30:38.335000'), Timestamp('2026-06-14 19:30:39.694000'), Timestamp('2026-06-14 19:30:40.506000'), Timestamp('2026-06-14 19:30:40.680000'), Timestamp('2026-06-14 19:30:40.769000'), Timestamp('2026-06-14 19:30:41.872000'), Timestamp('2026-06-14 19:30:42.048000'), Timestamp('2026-06-14 19:30:42.135000'), Timestamp('2026-06-14 19:30:43.147000'), Timestamp('2026-06-14 19:30:43.242000'), Timestamp('2026-06-14 19:30:43.502000'), Timestamp('2026-06-14 19:30:44.607000')]","[0.118, 0.246, 0.117, 0.242, 0.087, 0.916, 0.087, 0.225, 0.087, 1.003, 0.225, 0.087, 1.002, 1.359, 0.812, 0.174, 0.089, 1.103, 0.176, 0.087, 1.012, 0.095, 0.26, 1.105]","[88.23529411764713, 30.379746835443036, 88.88888888888889, 30.612244897959183, 374.99999999999966, 9.266409266409267, 144.57831325301203, 40.81632653061224, 16.901408450704228, 11.741682974559687, 4.7114252061248525, 7.430340557275541, 13.186813186813186, 7.868852459016394, 13.498312710911136, 7.957559681697613, 15.056461731493098, 16.901408450704228, 6.940427993059572, 14.184397163120568, 17.725258493353028, 29.702970297029708, 22.22222222222222, 26.31578947368421, 19.32367149758454, 19.261637239165328]","[10.41176470588236, 7.473417721518987, 10.4, 7.408163265306122, 32.62499999999997, 8.48803088803089, 12.578313253012045, 9.183673469387754, 1.4704225352112676, 11.776908023483365, 1.0600706713780919, 0.6464396284829721, 13.213186813186812, 10.69377049180328, 10.960629921259844, 1.3846153846153846, 1.3400250941028857, 18.64225352112676, 1.2215153267784846, 1.2340425531914894, 17.937961595273265, 2.8217821782178225, 5.777777777777778, 29.07894736842105]",227.82871218744864,9.986393476814287
ADTC1_adz_raw_20260614_1938,2026-06-14 19:37:01.971,2026-06-14 19:37:12.037,"[Timestamp('2026-06-14 19:37:12.037000'), Timestamp('2026-06-14 19:37:12.427000'), Timestamp('2026-06-14 19:37:12.515000'), Timestamp('2026-06-14 19:37:12.980000'), Timestamp('2026-06-14 19:37:13.451000')]","[0.39, 0.088, 0.465, 0.471]","[20.66579167163823, 10.422663232843508, 0.8105773702744017, 22.685185185185183, 21.95103985071328]","[8.05965875193891, 0.9171943644902286, 0.3769184771775968, 10.68472222222222]",20.038493815828957,9.85729027311398
ADTC1_adz_raw_20260614_1945,2026-06-14 19:43:27.354,2026-06-14 19:43:37.497,"[Timestamp('2026-06-14 19:43:37.497000'), Timestamp('2026-06-14 19:43:37.620000'), Timestamp('2026-06-14 19:43:38.270000'), Timestamp('2026-06-14 19:43:38.404000'), Timestamp('2026-06-14 19:43:39.096000'), Timestamp('2026-06-14 19:43:39.222000'), Timestamp('2026-06-14 19:43:39.917000'), Timestamp('2026-06-14 19:43:40.047000'), Timestamp('2026-06-14 19:43:40.738000'), Timestamp('2026-06-14 19:43:40.872000'), Timestamp('2026-06-14 19:43:41.555000'), Timestamp('2026-06-14 19:43:41.685000'), Timestamp('2026-06-14 19:43:42.381000'), Timestamp('2026-06-14 19:43:42.511000'), Timestamp('2026-06-14 19:43:43.204000'), Timestamp('2026-06-14 19:43:43.328000'), Timestamp('2026-06-14 19:43:44.023000'), Timestamp('2026-06-14 19:43:44.152000'), Timestamp('2026-06-14 19:43:44.848000'), Timestamp('2026-06-14 19:43:44.979000'), Timestamp('2026-06-14 19:43:45.675000'), Timestamp('2026-06-14 19:43:45.803000'), Timestamp('2026-06-14 19:43:46.457000'), Timestamp('2026-06-14 19:43:46.585000'), Timestamp('2026-06-14 19:43:46.960000'), Timestamp('2026-06-14 19:43:47.086000'), Timestamp('2026-06-14 19:43:47.746000'), Timestamp('2026-06-14 19:43:47.874000'), Timestamp('2026-06-14 19:43:48.569000'), Timestamp('2026-06-14 19:43:48.701000'), Timestamp('2026-06-14 19:43:49.393000'), Timestamp('2026-06-14 19:43:49.529000'), Timestamp('2026-06-14 19:43:50.224000'), Timestamp('2026-06-14 19:43:50.349000'), Timestamp('2026-06-14 19:43:51.045000'), Timestamp('2026-06-14 19:43:51.176000'), Timestamp('2026-06-14 19:43:51.875000'), Timestamp('2026-06-14 19:43:52.007000'), Timestamp('2026-06-14 19:43:52.701000'), Timestamp('2026-06-14 19:43:52.832000'), Timestamp('2026-06-14 19:43:53.523000'), Timestamp('2026-06-14 19:43:53.654000'), Timestamp('2026-06-14 19:43:54.353000'), Timestamp('2026-06-14 19:43:54.478000'), Timestamp('2026-06-14 19:43:55.178000'), Timestamp('2026-06-14 19:43:55.310000'), Timestamp('2026-06-14 19:43:55.971000'), Timestamp('2026-06-14 19:43:56.096000')]","[0.123, 0.65, 0.134, 0.692, 0.126, 0.695, 0.13, 0.691, 0.134, 0.683, 0.13, 0.696, 0.13, 0.693, 0.124, 0.695, 0.129, 0.696, 0.131, 0.696, 0.128, 0.654, 0.128, 0.375, 0.126, 0.66, 0.128, 0.695, 0.132, 0.692, 0.136, 0.695, 0.125, 0.696, 0.131, 0.699, 0.132, 0.694, 0.131, 0.691, 0.131, 0.699, 0.125, 0.7, 0.132, 0.661, 0.125]","[21.24699157641396, 21.537708866475995, 20.92041311799526, 20.230260552435233, 21.165033036870156, 20.49141616790214, 20.81954072708605, 22.044463405384906, 21.25826138108885, 23.029226099698512, 22.25634725634725, 21.392276422764223, 21.44972275583219, 22.460240366300777, 22.79628228146263, 21.758454254239485, 21.711976255659014, 22.299027580717716, 21.853660110335632, 22.11307362765031, 22.1497256525333, 22.397691948765463, 21.437000529527218, 22.923907106394765, 22.072200361038618, 22.31436461759435, 21.725956034491816, 22.24711262692815, 22.607956821729772, 22.386672861219886, 22.386899452019883, 22.38196384786451, 22.520421969113713, 21.75113262649734, 22.19767194676526, 22.47577842910667, 22.50022180818029, 22.438236028092355, 22.484096692111958, 22.447857637097552, 22.30781828718284, 22.460342575094092, 22.894396957365473, 21.949940856349176, 22.624565811936606, 23.1018981018981, 22.500030787853134, 22.60182032477737]","[2.6133799638989172, 13.999510763209397, 2.803335357811365, 13.99934030228518, 2.6667941626456395, 14.241534236691987, 2.7065402945211865, 15.232724213120969, 2.848607025065906, 15.728961426094084, 2.893325143325143, 14.889024390243899, 2.788463958258185, 15.564946573846438, 2.826739002901366, 15.12212570669644, 2.800844936980013, 15.52012319617953, 2.8628294744539677, 15.390699244844614, 2.8351648835242624, 14.648090534492614, 2.743936067779484, 8.596465164898037, 2.781097245490866, 14.727480647612271, 2.7809223724149525, 15.461743275715063, 2.98425030046833, 15.49157761996416, 3.0446183254747043, 15.555464874265835, 2.815052746139214, 15.138788308042148, 2.9078950250262494, 15.71056912194556, 2.970029278679798, 15.572135803496094, 2.9454166666666666, 15.511469627234408, 2.922324195620952, 15.699779459990769, 2.861799619670684, 15.364958599444423, 2.986442687175632, 15.270354645354645, 2.812503848481642]",410.6401803181438,10.028435585899208
ADTC1_adz_raw_20260614_1950,2026-06-14 19:48:58.195,2026-06-14 19:49:08.287,"[Timestamp('2026-06-14 19:49:08.287000'), Timestamp('2026-06-14 19:49:08.431000'), Timestamp('2026-06-14 19:49:08.943000'), Timestamp('2026-06-14 19:49:09.079000'), Timestamp('2026-06-14 19:49:09.231000'), Timestamp('2026-06-14 19:49:09.375000'), Timestamp('2026-06-14 19:49:10.096000'), Timestamp('2026-06-14 19:49:10.239000'), Timestamp('2026-06-14 19:49:10.965000'), Timestamp('2026-06-14 19:49:11.104000'), Timestamp('2026-06-14 19:49:11.835000'), Timestamp('2026-06-14 19:49:11.979000'), Timestamp('2026-06-14 19:49:12.703000'), Timestamp('2026-06-14 19:49:12.843000'), Timestamp('2026-06-14 19:49:13.573000'), Timestamp('2026-06-14 19:49:13.712000'), Timestamp('2026-06-14 19:49:14.439000'), Timestamp('2026-06-14 19:49:14.583000'), Timestamp('2026-06-14 19:49:15.313000'), Timestamp('2026-06-14 19:49:15.456000'), Timestamp('2026-06-14 19:49:16.184000'), Timestamp('2026-06-14 19:49:16.328000'), Timestamp('2026-06-14 19:49:16.481000'), Timestamp('2026-06-14 19:49:16.623000'), Timestamp('2026-06-14 19:49:17.143000'), Timestamp('2026-06-14 19:49:17.279000')]","[0.144, 0.512, 0.136, 0.152, 0.144, 0.721, 0.143, 0.726, 0.139, 0.731, 0.144, 0.724, 0.14, 0.73, 0.139, 0.727, 0.144, 0.73, 0.143, 0.728, 0.144, 0.153, 0.142, 0.52, 0.136]","[21.034406542400355, 21.498226950354614, 21.651498194564688, 21.681332689084748, 21.605997036915312, 22.113715564441463, 21.45481555983753, 22.013146551583347, 21.644109315342185, 20.79805097470368, 20.995166234756347, 21.467785185526516, 21.292791310072417, 20.95971685071729, 21.61579495330229, 21.05120819129801, 21.456827883675878, 21.601068176541638, 21.783528355616976, 20.965460044882427, 21.01250537066585, 21.526545400768995, 22.38224776206328, 21.410047179813443, 21.940690690690687, 21.585589357765148]","[3.0289545421056507, 11.007092198581562, 2.9446037544607977, 3.2955625687408814, 3.1112635733158047, 15.943988921962294, 3.068038625056767, 15.98154439644951, 3.008531194832564, 15.203375262508391, 3.0233039378049136, 15.542676474321198, 2.980990783410139, 15.300593301023621, 3.0045954985090186, 15.304228355073652, 3.089783215249326, 15.768779768875396, 3.1150445548532275, 15.262854912674406, 3.025800773375882, 3.293561446317656, 3.1782791822129854, 11.133224533502991, 2.9839339339339337]",192.60060570915255,9.983195814446832
ADTC1_adz_raw_20260614_1959,2026-06-14 19:58:14.816,2026-06-14 19:58:24.944,"[Timestamp('2026-06-14 19:58:24.944000'), Timestamp('2026-06-14 19:58:25.400000'), Timestamp('2026-06-14 19:58:25.842000'), Timestamp('2026-06-14 19:58:26.296000')]","[0.456, 0.442, 0.454]","[21.179787704555505, 17.525185603772485, 18.616584564860425, 21.50105830379337]","[9.65798319327731, 7.746132036867438, 8.451929392446633]",25.85604462259138,9.946528100555774
ADTC1_adz_raw_20260614_2002,2026-06-14 20:00:26.970,2026-06-14 20:00:36.984,"[Timestamp('2026-06-14 20:00:36.984000'), Timestamp('2026-06-14 20:00:37.091000'), Timestamp('2026-06-14 20:00:37.883000'), Timestamp('2026-06-14 20:00:37.989000'), Timestamp('2026-06-14 20:00:38.303000'), Timestamp('2026-06-14 20:00:38.418000'), Timestamp('2026-06-14 20:00:39.197000'), Timestamp('2026-06-14 20:00:39.314000'), Timestamp('2026-06-14 20:00:39.619000'), Timestamp('2026-06-14 20:00:39.740000'), Timestamp('2026-06-14 20:00:40.520000'), Timestamp('2026-06-14 20:00:40.636000'), Timestamp('2026-06-14 20:00:40.947000'), Timestamp('2026-06-14 20:00:41.064000'), Timestamp('2026-06-14 20:00:41.847000'), Timestamp('2026-06-14 20:00:41.966000'), Timestamp('2026-06-14 20:00:42.275000'), Timestamp('2026-06-14 20:00:42.382000'), Timestamp('2026-06-14 20:00:43.172000'), Timestamp('2026-06-14 20:00:43.280000'), Timestamp('2026-06-14 20:00:43.599000'), Timestamp('2026-06-14 20:00:43.714000'), Timestamp('2026-06-14 20:00:44.492000'), Timestamp('2026-06-14 20:00:44.614000'), Timestamp('2026-06-14 20:00:44.924000'), Timestamp('2026-06-14 20:00:45.041000'), Timestamp('2026-06-14 20:00:45.820000'), Timestamp('2026-06-14 20:00:45.946000'), Timestamp('2026-06-14 20:00:46.260000'), Timestamp('2026-06-14 20:00:46.363000'), Timestamp('2026-06-14 20:00:47.159000'), Timestamp('2026-06-14 20:00:47.266000'), Timestamp('2026-06-14 20:00:47.582000'), Timestamp('2026-06-14 20:00:47.697000'), Timestamp('2026-06-14 20:00:48.487000'), Timestamp('2026-06-14 20:00:48.603000'), Timestamp('2026-06-14 20:00:48.917000'), Timestamp('2026-06-14 20:00:49.025000'), Timestamp('2026-06-14 20:00:49.826000'), Timestamp('2026-06-14 20:00:49.927000'), Timestamp('2026-06-14 20:00:50.244000'), Timestamp('2026-06-14 20:00:50.367000'), Timestamp('2026-06-14 20:00:51.149000'), Timestamp('2026-06-14 20:00:51.271000'), Timestamp('2026-06-14 20:00:51.589000'), Timestamp('2026-06-14 20:00:51.693000'), Timestamp('2026-06-14 20:00:52.496000'), Timestamp('2026-06-14 20:00:52.601000'), Timestamp('2026-06-14 20:00:52.928000'), Timestamp('2026-06-14 20:00:53.033000'), Timestamp('2026-06-14 20:00:53.832000'), Timestamp('2026-06-14 20:00:53.938000')]","[0.107, 0.792, 0.106, 0.314, 0.115, 0.779, 0.117, 0.305, 0.121, 0.78, 0.116, 0.311, 0.117, 0.783, 0.119, 0.309, 0.107, 0.79, 0.108, 0.319, 0.115, 0.778, 0.122, 0.31, 0.117, 0.779, 0.126, 0.314, 0.103, 0.796, 0.107, 0.316, 0.115, 0.79, 0.116, 0.314, 0.108, 0.801, 0.101, 0.317, 0.123, 0.782, 0.122, 0.318, 0.104, 0.803, 0.105, 0.327, 0.105, 0.799, 0.106]","[21.620913851066177, 21.557238414383132, 21.934349334050708, 21.931007051406873, 21.814096256370334, 21.624794140388985, 21.697944135794565, 21.627308861351416, 21.73499454005239, 21.081520130509304, 21.657542664178884, 21.505103016984545, 21.5852474927208, 21.393472790029143, 21.46835236272136, 22.14022140221402, 21.41083380778756, 22.080230239075, 21.21653058209636, 21.791878901354615, 22.360679946376095, 21.584962108665206, 21.391806067525778, 21.818181818181817, 21.659815005138743, 21.699607822767057, 21.432945499081445, 21.80173673852245, 22.218920113946897, 21.820483775007744, 21.427454309844048, 21.746267284736902, 20.891505112517507, 21.711077349964825, 21.465856767601345, 21.39255111086097, 22.138247235444076, 20.792256125795685, 21.734615667052196, 20.7925146947099, 20.634132501063984, 22.21617918027964, 21.222582816055827, 21.70562658745534, 21.756190739206478, 21.719252469072224, 21.94564135786171, 21.943645879404393, 21.177765896075755, 21.641615134823255, 21.826649502709884, 21.532798058962175]","[2.313437782064081, 17.073332824191443, 2.325041029409375, 6.886336214141758, 2.5086210694825883, 16.84571463536302, 2.538659463887964, 6.596329202712182, 2.629934339346339, 16.443585701797257, 2.5122749490447505, 6.688087038282194, 2.5254739566483337, 16.75108919459282, 2.5547339311638417, 6.841328413284132, 2.290959217433269, 17.44338188886925, 2.291385302866407, 6.951609369532123, 2.571478193833251, 16.79310052054153, 2.6098003402381447, 6.763636363636363, 2.534198355601233, 16.90399449393554, 2.700551132884262, 6.84574533589605, 2.2885487717365303, 17.369105084906167, 2.292737611153313, 6.871820461976861, 2.4025230879395134, 17.15175110647221, 2.490039385041756, 6.717261048810345, 2.39093070142796, 16.654597156762346, 2.195196182372272, 6.591227158223039, 2.53799829763087, 17.373052118978677, 2.5891551035588107, 6.902389254810798, 2.2626438368774737, 17.440559732664997, 2.3042923425754793, 7.175572202565236, 2.223665419087954, 17.291650492723782, 2.313624847287248]",366.5641616662632,9.552024169064271
ADTC1_adz_raw_20260614_2008,2026-06-14 20:07:30.586,2026-06-14 20:07:40.665,"[Timestamp('2026-06-14 20:07:40.665000'), Timestamp('2026-06-14 20:07:40.764000'), Timestamp('2026-06-14 20:07:41.549000'), Timestamp('2026-06-14 20:07:41.649000'), Timestamp('2026-06-14 20:07:41.963000'), Timestamp('2026-06-14 20:07:42.076000'), Timestamp('2026-06-14 20:07:42.847000'), Timestamp('2026-06-14 20:07:42.958000'), Timestamp('2026-06-14 20:07:43.272000'), Timestamp('2026-06-14 20:07:43.376000'), Timestamp('2026-06-14 20:07:44.156000'), Timestamp('2026-06-14 20:07:44.262000'), Timestamp('2026-06-14 20:07:44.571000'), Timestamp('2026-06-14 20:07:44.688000'), Timestamp('2026-06-14 20:07:45.460000'), Timestamp('2026-06-14 20:07:45.572000'), Timestamp('2026-06-14 20:07:45.878000'), Timestamp('2026-06-14 20:07:45.992000'), Timestamp('2026-06-14 20:07:46.769000'), Timestamp('2026-06-14 20:07:46.881000'), Timestamp('2026-06-14 20:07:47.195000'), Timestamp('2026-06-14 20:07:47.295000'), Timestamp('2026-06-14 20:07:48.077000'), Timestamp('2026-06-14 20:07:48.182000'), Timestamp('2026-06-14 20:07:48.506000'), Timestamp('2026-06-14 20:07:48.603000'), Timestamp('2026-06-14 20:07:49.392000'), Timestamp('2026-06-14 20:07:49.495000')]","[0.099, 0.785, 0.1, 0.314, 0.113, 0.771, 0.111, 0.314, 0.104, 0.78, 0.106, 0.309, 0.117, 0.772, 0.112, 0.306, 0.114, 0.777, 0.112, 0.314, 0.1, 0.782, 0.105, 0.324, 0.097, 0.789, 0.103]","[22.01991663614642, 21.622548013347775, 21.760315156541566, 21.820496366809163, 22.34379071702712, 22.017547669721587, 21.93850267379679, 21.461562964535993, 22.634589288360093, 22.098968019545637, 22.10098109457001, 22.504936746840833, 21.95142918547174, 21.89868208592423, 22.657285475879856, 21.941099526795675, 22.62099402695355, 21.414225396060523, 22.336158834907273, 21.79442831642445, 22.086986990117516, 22.036955584878328, 22.072933651072372, 21.79442831642445, 22.175563084176325, 21.619066424345906, 21.40512778588621, 22.3159680371412]","[2.1799717469784956, 16.973700190478002, 2.1760315156541568, 6.851635859178077, 2.5248483510240645, 16.975529253355344, 2.4351737967914437, 6.738930770864302, 2.3539972859894496, 17.237195055245596, 2.342703996024421, 6.954025454773817, 2.5683172147001936, 16.905782570333503, 2.537615973298544, 6.713976455199476, 2.578793319072705, 16.638853132739026, 2.5016497895096146, 6.843450491357277, 2.2086986990117516, 17.232899267374854, 2.317658033362599, 7.061394774521522, 2.1510296191651035, 17.057443408808922, 2.2047281619462797]",193.26603418675856,9.959360090257944
ADTC1_adz_raw_20260614_2014,2026-06-14 20:12:28.026,2026-06-14 20:12:38.068,"[Timestamp('2026-06-14 20:12:38.068000'), Timestamp('2026-06-14 20:12:38.251000'), Timestamp('2026-06-14 20:12:38.662000'), Timestamp('2026-06-14 20:12:38.850000'), Timestamp('2026-06-14 20:12:39.256000'), Timestamp('2026-06-14 20:12:39.442000'), Timestamp('2026-06-14 20:12:39.847000'), Timestamp('2026-06-14 20:12:40.028000'), Timestamp('2026-06-14 20:12:40.340000'), Timestamp('2026-06-14 20:12:40.444000'), Timestamp('2026-06-14 20:12:41.038000'), Timestamp('2026-06-14 20:12:41.148000'), Timestamp('2026-06-14 20:12:41.377000'), Timestamp('2026-06-14 20:12:41.481000'), Timestamp('2026-06-14 20:12:42.082000'), Timestamp('2026-06-14 20:12:42.187000'), Timestamp('2026-06-14 20:12:42.428000'), Timestamp('2026-06-14 20:12:42.533000'), Timestamp('2026-06-14 20:12:43.132000'), Timestamp('2026-06-14 20:12:43.235000'), Timestamp('2026-06-14 20:12:43.459000'), Timestamp('2026-06-14 20:12:43.563000'), Timestamp('2026-06-14 20:12:44.153000'), Timestamp('2026-06-14 20:12:44.257000'), Timestamp('2026-06-14 20:12:44.464000'), Timestamp('2026-06-14 20:12:44.566000'), Timestamp('2026-06-14 20:12:45.146000'), Timestamp('2026-06-14 20:12:45.250000'), Timestamp('2026-06-14 20:12:45.454000'), Timestamp('2026-06-14 20:12:45.562000'), Timestamp('2026-06-14 20:12:46.133000'), Timestamp('2026-06-14 20:12:46.238000'), Timestamp('2026-06-14 20:12:46.443000'), Timestamp('2026-06-14 20:12:46.546000'), Timestamp('2026-06-14 20:12:47.129000'), Timestamp('2026-06-14 20:12:47.231000'), Timestamp('2026-06-14 20:12:47.435000'), Timestamp('2026-06-14 20:12:47.538000'), Timestamp('2026-06-14 20:12:48.040000'), Timestamp('2026-06-14 20:12:48.141000'), Timestamp('2026-06-14 20:12:48.363000'), Timestamp('2026-06-14 20:12:48.462000'), Timestamp('2026-06-14 20:12:49.046000'), Timestamp('2026-06-14 20:12:49.147000'), Timestamp('2026-06-14 20:12:49.379000'), Timestamp('2026-06-14 20:12:49.480000'), Timestamp('2026-06-14 20:12:50.064000'), Timestamp('2026-06-14 20:12:50.163000'), Timestamp('2026-06-14 20:12:50.378000'), Timestamp('2026-06-14 20:12:50.480000'), Timestamp('2026-06-14 20:12:51.055000'), Timestamp('2026-06-14 20:12:51.154000'), Timestamp('2026-06-14 20:12:51.355000'), Timestamp('2026-06-14 20:12:51.456000'), Timestamp('2026-06-14 20:12:52.026000'), Timestamp('2026-06-14 20:12:52.127000'), Timestamp('2026-06-14 20:12:52.323000'), Timestamp('2026-06-14 20:12:52.426000'), Timestamp('2026-06-14 20:12:52.993000'), Timestamp('2026-06-14 20:12:53.094000'), Timestamp('2026-06-14 20:12:53.292000'), Timestamp('2026-06-14 20:12:53.392000'), Timestamp('2026-06-14 20:12:53.951000'), Timestamp('2026-06-14 20:12:54.050000'), Timestamp('2026-06-14 20:12:54.247000'), Timestamp('2026-06-14 20:12:54.348000'), Timestamp('2026-06-14 20:12:54.914000'), Timestamp('2026-06-14 20:12:55.012000'), Timestamp('2026-06-14 20:12:55.210000'), Timestamp('2026-06-14 20:12:55.307000'), Timestamp('2026-06-14 20:12:55.870000'), Timestamp('2026-06-14 20:12:55.965000'), Timestamp('2026-06-14 20:12:56.167000'), Timestamp('2026-06-14 20:12:56.264000'), Timestamp('2026-06-14 20:12:56.816000'), Timestamp('2026-06-14 20:12:56.915000'), Timestamp('2026-06-14 20:12:57.109000'), Timestamp('2026-06-14 20:12:57.209000'), Timestamp('2026-06-14 20:12:57.761000'), Timestamp('2026-06-14 20:12:57.857000'), Timestamp('2026-06-14 20:12:58.051000'), Timestamp('2026-06-14 20:12:58.149000'), Timestamp('2026-06-14 20:12:58.699000'), Timestamp('2026-06-14 20:12:58.797000')]","[0.183, 0.411, 0.188, 0.406, 0.186, 0.405, 0.181, 0.312, 0.104, 0.594, 0.11, 0.229, 0.104, 0.601, 0.105, 0.241, 0.105, 0.599, 0.103, 0.224, 0.104, 0.59, 0.104, 0.207, 0.102, 0.58, 0.104, 0.204, 0.108, 0.571, 0.105, 0.205, 0.103, 0.583, 0.102, 0.204, 0.103, 0.502, 0.101, 0.222, 0.099, 0.584, 0.101, 0.232, 0.101, 0.584, 0.099, 0.215, 0.102, 0.575, 0.099, 0.201, 0.101, 0.57, 0.101, 0.196, 0.103, 0.567, 0.101, 0.198, 0.1, 0.559, 0.099, 0.197, 0.101, 0.566, 0.098, 0.198, 0.097, 0.563, 0.095, 0.202, 0.097, 0.552, 0.099, 0.194, 0.1, 0.552, 0.096, 0.194, 0.098, 0.55, 0.098]","[16.162447484460827, 16.353380660448813, 16.858460078421448, 16.518897401496965, 16.608177992890337, 16.599451613437125, 16.4064360238067, 16.56949675985044, 16.08347112877907, 16.216216216216218, 16.244162225594856, 16.596927643061925, 17.146533962055422, 16.832018556156488, 16.701118115927656, 16.822595211305618, 16.547280837309113, 16.548773582361882, 16.62049861495845, 16.50264696939889, 16.953082378614297, 16.743858105072555, 16.599461492113306, 16.76959196817233, 17.034995816508424, 16.899186791094223, 16.515460813757958, 17.047407306781686, 16.948756742420557, 16.859665828738, 16.68230621741612, 16.819603866235997, 16.903096726896152, 17.126711020178064, 16.519528138197455, 17.004540175271885, 17.042947551443255, 17.258889224866536, 17.204627381740604, 17.124113696379933, 17.62359540031704, 17.128971325436797, 17.038725098706358, 17.130298093830092, 17.29803934948711, 17.26547246971213, 17.084891053963222, 17.442207585425614, 16.86566043403169, 17.191806092874877, 17.229514052682493, 17.366457409690902, 17.61867864342948, 17.319247514496865, 17.30283068747975, 17.459719773687326, 17.3484735535813, 17.484807607927483, 17.220624743262317, 17.59361624116487, 17.694818359809034, 17.71482761255976, 17.187422052979034, 17.454784065561082, 17.530208361098143, 17.592687533031246, 17.234223030855155, 17.640433891463967, 17.887584273519778, 17.600575902414576, 17.718926100651156, 17.46879896026207, 18.079128278866413, 17.96862436484687, 17.494158088003104, 17.9105878995592, 17.791761519591844, 17.7693989552499, 17.31167128800212, 17.7836684460045, 17.625182067708735, 17.99283578944596, 17.603208175609566, 17.87598288046183]","[2.9577278896563315, 6.721239451444462, 3.169390494743232, 6.706672345007768, 3.0891211066776028, 6.7227779034420365, 2.969564920309013, 5.169682989073338, 1.6726809973930232, 9.632432432432433, 1.7868578448154342, 3.8006964302611808, 1.7832395320537637, 10.116043152250048, 1.7536174021724038, 4.0542454459246535, 1.7374644879174568, 9.912715375834766, 1.7119113573407203, 3.696592921145351, 1.763120567375887, 9.878876281992806, 1.7263439951797839, 3.4713055374116726, 1.7375695732838592, 9.801528338834649, 1.7176079246308276, 3.477671090583464, 1.83046572818142, 9.626869188209396, 1.7516421528286925, 3.448018792578379, 1.7410189628703034, 9.98487252476381, 1.6849918700961402, 3.468926195755464, 1.7554235977986552, 8.663962390883, 1.737667365555801, 3.8015532405963453, 1.744735944631387, 10.00331925405509, 1.7209112349693423, 3.9742291577685815, 1.7471019742981981, 10.083035922311883, 1.691404214342359, 3.7500746308665067, 1.7202973642712323, 9.885288503403054, 1.705721891215567, 3.4906579393478716, 1.7794865429863775, 9.871971083263212, 1.747585899435455, 3.422105075642716, 1.7868927760188738, 9.913885913694882, 1.739283099069494, 3.4835360157506443, 1.7694818359809035, 9.902588635420907, 1.7015547832449245, 3.438592460915533, 1.7705510444709125, 9.957461143695683, 1.6889538570238052, 3.492805910509866, 1.7350956745314186, 9.909124233059405, 1.68329797956186, 3.5286973899729386, 1.753675443050042, 9.918680649395474, 1.7319216507123074, 3.474654052514485, 1.7791761519591844, 9.808708223297947, 1.6619204436482036, 3.4500316785248732, 1.7272678426354562, 9.896059684195277, 1.7251144012097375]",355.0010494061793,9.882700655767987
ADTC1_adz_raw_20260614_2020,2026-06-14 20:18:35.488,2026-06-14 20:18:45.612,"[Timestamp('2026-06-14 20:18:45.612000'), Timestamp('2026-06-14 20:18:45.720000'), Timestamp('2026-06-14 20:18:46.394000'), Timestamp('2026-06-14 20:18:46.508000'), Timestamp('2026-06-14 20:18:46.735000'), Timestamp('2026-06-14 20:18:46.843000'), Timestamp('2026-06-14 20:18:47.521000'), Timestamp('2026-06-14 20:18:47.631000'), Timestamp('2026-06-14 20:18:47.860000'), Timestamp('2026-06-14 20:18:47.972000'), Timestamp('2026-06-14 20:18:48.645000'), Timestamp('2026-06-14 20:18:48.764000'), Timestamp('2026-06-14 20:18:48.980000'), Timestamp('2026-06-14 20:18:49.097000'), Timestamp('2026-06-14 20:18:49.774000'), Timestamp('2026-06-14 20:18:49.884000'), Timestamp('2026-06-14 20:18:50.114000'), Timestamp('2026-06-14 20:18:50.227000'), Timestamp('2026-06-14 20:18:50.896000'), Timestamp('2026-06-14 20:18:51.010000'), Timestamp('2026-06-14 20:18:51.236000'), Timestamp('2026-06-14 20:18:51.346000'), Timestamp('2026-06-14 20:18:52.019000'), Timestamp('2026-06-14 20:18:52.136000'), Timestamp('2026-06-14 20:18:52.362000'), Timestamp('2026-06-14 20:18:52.470000'), Timestamp('2026-06-14 20:18:53.146000'), Timestamp('2026-06-14 20:18:53.261000'), Timestamp('2026-06-14 20:18:53.482000'), Timestamp('2026-06-14 20:18:53.596000'), Timestamp('2026-06-14 20:18:54.274000'), Timestamp('2026-06-14 20:18:54.389000')]","[0.108, 0.674, 0.114, 0.227, 0.108, 0.678, 0.11, 0.229, 0.112, 0.673, 0.119, 0.216, 0.117, 0.677, 0.11, 0.23, 0.113, 0.669, 0.114, 0.226, 0.11, 0.673, 0.117, 0.226, 0.108, 0.676, 0.115, 0.221, 0.114, 0.678, 0.115]","[22.235587295391568, 21.53561918739433, 21.25826917959467, 21.978903449491682, 22.300113425152006, 21.107073136297473, 21.784396415392724, 21.02965167751207, 21.57663592446201, 21.54256421837467, 21.333900444542007, 22.06328682003484, 21.578066014341807, 21.939562338801878, 22.577365395959774, 21.921142635044752, 22.432095911961405, 22.485106696914368, 21.79351717129726, 22.13110503663207, 22.330447330447328, 21.95779162782265, 21.263206770990312, 21.602508543453602, 22.0873563454026, 21.409533879380035, 21.3461005758817, 21.980828160603444, 21.779027793364005, 21.749408983451538, 21.855634243402285, 22.273690540094773]","[2.401443427902289, 14.51500733230378, 2.4234426864737926, 4.989211083034612, 2.4084122499164167, 14.310595586409688, 2.3962836056931995, 4.815790234150264, 2.416583223539745, 14.498145718966155, 2.5387341529004988, 4.765669953127525, 2.5246337236779914, 14.853083703368872, 2.483510193555575, 5.041862806060293, 2.534826838051639, 15.042536380235713, 2.484460957527888, 5.001629738278848, 2.456349206349206, 14.777593765524646, 2.4877951922058665, 4.882166930820515, 2.385434485303481, 14.472844902460904, 2.4548015662263953, 4.857763023493361, 2.4828091684434965, 14.746099290780144, 2.5133979379912628]",190.9629190647741,10.009891707650382
ADTC1_adz_raw_20260614_2025,2026-06-14 20:23:43.424,2026-06-14 20:23:53.498,"[Timestamp('2026-06-14 20:23:53.498000'), Timestamp('2026-06-14 20:23:53.602000'), Timestamp('2026-06-14 20:23:54.395000'), Timestamp('2026-06-14 20:23:54.499000'), Timestamp('2026-06-14 20:23:54.818000'), Timestamp('2026-06-14 20:23:54.918000'), Timestamp('2026-06-14 20:23:55.708000'), Timestamp('2026-06-14 20:23:55.814000'), Timestamp('2026-06-14 20:23:56.127000'), Timestamp('2026-06-14 20:23:56.241000'), Timestamp('2026-06-14 20:23:57.017000'), Timestamp('2026-06-14 20:23:57.136000'), Timestamp('2026-06-14 20:23:57.452000'), Timestamp('2026-06-14 20:23:57.555000'), Timestamp('2026-06-14 20:23:58.347000'), Timestamp('2026-06-14 20:23:58.446000'), Timestamp('2026-06-14 20:23:58.759000'), Timestamp('2026-06-14 20:23:58.878000'), Timestamp('2026-06-14 20:23:59.655000'), Timestamp('2026-06-14 20:23:59.775000'), Timestamp('2026-06-14 20:24:00.089000'), Timestamp('2026-06-14 20:24:00.192000'), Timestamp('2026-06-14 20:24:00.982000'), Timestamp('2026-06-14 20:24:01.090000'), Timestamp('2026-06-14 20:24:01.407000'), Timestamp('2026-06-14 20:24:01.521000'), Timestamp('2026-06-14 20:24:02.298000'), Timestamp('2026-06-14 20:24:02.421000'), Timestamp('2026-06-14 20:24:02.728000'), Timestamp('2026-06-14 20:24:02.842000'), Timestamp('2026-06-14 20:24:03.624000'), Timestamp('2026-06-14 20:24:03.740000'), Timestamp('2026-06-14 20:24:04.058000'), Timestamp('2026-06-14 20:24:04.164000'), Timestamp('2026-06-14 20:24:04.957000'), Timestamp('2026-06-14 20:24:05.060000'), Timestamp('2026-06-14 20:24:05.376000'), Timestamp('2026-06-14 20:24:05.498000'), Timestamp('2026-06-14 20:24:06.274000'), Timestamp('2026-06-14 20:24:06.397000'), Timestamp('2026-06-14 20:24:06.699000'), Timestamp('2026-06-14 20:24:06.824000'), Timestamp('2026-06-14 20:24:07.602000'), Timestamp('2026-06-14 20:24:07.719000'), Timestamp('2026-06-14 20:24:08.032000'), Timestamp('2026-06-14 20:24:08.148000'), Timestamp('2026-06-14 20:24:08.934000'), Timestamp('2026-06-14 20:24:09.050000'), Timestamp('2026-06-14 20:24:09.365000'), Timestamp('2026-06-14 20:24:09.473000'), Timestamp('2026-06-14 20:24:10.271000'), Timestamp('2026-06-14 20:24:10.379000')]","[0.104, 0.793, 0.104, 0.319, 0.1, 0.79, 0.106, 0.313, 0.114, 0.776, 0.119, 0.316, 0.103, 0.792, 0.099, 0.313, 0.119, 0.777, 0.12, 0.314, 0.103, 0.79, 0.108, 0.317, 0.114, 0.777, 0.123, 0.307, 0.114, 0.782, 0.116, 0.318, 0.106, 0.793, 0.103, 0.316, 0.122, 0.776, 0.123, 0.302, 0.125, 0.778, 0.117, 0.313, 0.116, 0.786, 0.116, 0.315, 0.108, 0.798, 0.108]","[21.705959385411642, 21.905774560751798, 22.021699269897088, 22.02249739959793, 22.095454301514273, 21.41806608251754, 21.70017551119419, 21.73647608430217, 21.659495738918118, 21.424276631990004, 21.115575952664756, 21.650193258081263, 21.861172771819714, 21.405752520860432, 21.8950966609568, 21.513332959275886, 21.58268416855793, 21.41806608251754, 21.303356142065816, 21.173583684830575, 21.55838814708536, 21.82826122894265, 21.371465319783773, 21.975393028024605, 21.725146749972964, 21.252683486726042, 21.659765360747034, 21.865441109664133, 21.92417928293858, 22.043205061434584, 21.799335337869916, 21.83201947498396, 21.836350058396135, 21.23776235121489, 22.310639552018866, 22.092024384873874, 22.08737511089135, 22.045141978804303, 21.52787939776929, 22.04434012392841, 21.746626997459437, 22.615815228204653, 22.536880824316718, 21.430035604402303, 21.823184676958263, 21.004700352526434, 21.58616939839888, 21.47072608453915, 21.255188197768383, 21.444193336735438, 21.860189160569394, 21.967373551587]","[2.2574197760828105, 17.371279226676176, 2.290256724069297, 7.02517667047174, 2.2095454301514272, 16.92027220518886, 2.300218604186584, 6.803517014386578, 2.4691825142366657, 16.625238666424245, 2.512753538367106, 6.841461069553679, 2.25170079549743, 16.953355996521463, 2.1676145694347233, 6.733673216253353, 2.5683394160583934, 16.64183734611613, 2.5564027370478977, 6.648505277036801, 2.220513979149792, 17.244326370864695, 2.3081182545366477, 6.9661995898838, 2.476666729496918, 16.513335069186134, 2.664151139371885, 6.712690420666888, 2.499356438254998, 17.237786358041845, 2.5287228991929105, 6.942582193044899, 2.3146531061899904, 16.84154554451341, 2.297995873857943, 6.981079705620144, 2.694659763528745, 17.10703017555214, 2.6479291659256226, 6.65739071742638, 2.7183283746824296, 17.59510424754322, 2.636815056445056, 6.707601144177921, 2.5314894225271587, 16.509694477085777, 2.50399565021427, 6.7632787166298325, 2.2955603253589856, 17.11246628271488, 2.3609004293414944]",365.73971841478823,9.962240615273384
ADTC1_adz_raw_20260614_2029,2026-06-14 20:27:40.397,2026-06-14 20:27:50.498,"[Timestamp('2026-06-14 20:27:50.498000'), Timestamp('2026-06-14 20:27:50.618000'), Timestamp('2026-06-14 20:27:50.969000'), Timestamp('2026-06-14 20:27:51.084000'), Timestamp('2026-06-14 20:27:51.315000'), Timestamp('2026-06-14 20:27:51.428000'), Timestamp('2026-06-14 20:27:52.221000'), Timestamp('2026-06-14 20:27:52.329000'), Timestamp('2026-06-14 20:27:52.519000'), Timestamp('2026-06-14 20:27:52.631000'), Timestamp('2026-06-14 20:27:53.422000'), Timestamp('2026-06-14 20:27:53.534000'), Timestamp('2026-06-14 20:27:53.722000'), Timestamp('2026-06-14 20:27:53.838000'), Timestamp('2026-06-14 20:27:54.629000'), Timestamp('2026-06-14 20:27:54.739000'), Timestamp('2026-06-14 20:27:54.931000'), Timestamp('2026-06-14 20:27:55.042000'), Timestamp('2026-06-14 20:27:55.836000'), Timestamp('2026-06-14 20:27:55.944000')]","[0.12, 0.351, 0.115, 0.231, 0.113, 0.793, 0.108, 0.19, 0.112, 0.791, 0.112, 0.188, 0.116, 0.791, 0.11, 0.192, 0.111, 0.794, 0.108]","[21.67189687635784, 21.916178133953704, 21.864146249882662, 22.146146634490947, 22.101608158766872, 22.261426993831982, 22.546398238439757, 21.785554432739474, 22.2907963172917, 22.360174039997567, 21.808945828875025, 22.2510129540253, 21.520266656985275, 22.24868954906978, 22.94816988560698, 22.5177122430118, 21.442760941250633, 21.530169708349973, 22.79370055232124, 21.850776621768993]","[2.6006276251629408, 7.692578525017749, 2.514376818736506, 5.115759872567409, 2.4974817219406567, 17.653311606108762, 2.4350110097514936, 4.1392553422205, 2.4965691875366707, 17.686897665638075, 2.4426019328340027, 4.183190435356757, 2.496350932210292, 17.5987134333142, 2.524298687416768, 4.323400750658266, 2.38014646447882, 17.09495474842988, 2.461719659650694]",120.33724641903046,9.995163310282088
ADTC1_adz_raw_20260614_2036,2026-06-14 20:34:51.046,2026-06-14 20:35:01.069,"[Timestamp('2026-06-14 20:35:01.069000'), Timestamp('2026-06-14 20:35:01.208000'), Timestamp('2026-06-14 20:35:01.499000'), Timestamp('2026-06-14 20:35:01.643000'), Timestamp('2026-06-14 20:35:01.891000'), Timestamp('2026-06-14 20:35:02.004000'), Timestamp('2026-06-14 20:35:02.755000'), Timestamp('2026-06-14 20:35:02.869000'), Timestamp('2026-06-14 20:35:03.087000'), Timestamp('2026-06-14 20:35:03.197000'), Timestamp('2026-06-14 20:35:03.946000'), Timestamp('2026-06-14 20:35:04.057000'), Timestamp('2026-06-14 20:35:04.277000'), Timestamp('2026-06-14 20:35:04.390000'), Timestamp('2026-06-14 20:35:05.139000'), Timestamp('2026-06-14 20:35:05.257000'), Timestamp('2026-06-14 20:35:05.468000'), Timestamp('2026-06-14 20:35:05.581000'), Timestamp('2026-06-14 20:35:06.333000'), Timestamp('2026-06-14 20:35:06.444000'), Timestamp('2026-06-14 20:35:06.659000'), Timestamp('2026-06-14 20:35:06.775000'), Timestamp('2026-06-14 20:35:07.521000'), Timestamp('2026-06-14 20:35:07.637000')]","[0.139, 0.291, 0.144, 0.248, 0.113, 0.751, 0.114, 0.218, 0.11, 0.749, 0.111, 0.22, 0.113, 0.749, 0.118, 0.211, 0.113, 0.752, 0.111, 0.215, 0.116, 0.746, 0.116]","[22.015825900717992, 22.516865285744004, 22.377501725327807, 22.596496856965544, 21.542069619752823, 22.407021925119892, 22.388059701492534, 23.026634877782257, 22.442811976938813, 21.856854437398695, 22.265592406110635, 21.98153532295032, 21.748216292263137, 21.80419605108697, 22.231047600051294, 21.521537098811272, 23.34288110150179, 22.86416674905884, 22.065059341730247, 22.205151976144343, 21.520266656985275, 22.377468392519624, 22.122476678672484, 22.733558403906308]","[3.060199800199801, 6.5524077981515045, 3.222360248447204, 5.603931220527455, 2.4342538670320693, 16.827673465765038, 2.552238805970149, 5.019806403356532, 2.4687093174632695, 16.370783973611623, 2.4714807570782806, 4.835937771049071, 2.4575484410257347, 16.33134284226414, 2.6232636168060526, 4.541044327849178, 2.6377455644697023, 17.193853395292248, 2.4492215869320577, 4.774107674871034, 2.496350932210292, 16.69359142081964, 2.5662072947260084]",146.18406052591808,9.911806769426349
ADTC1_adz_raw_20260614_2117,2026-06-14 21:16:12.845,2026-06-14 21:16:22.917,"[Timestamp('2026-06-14 21:16:22.917000'), Timestamp('2026-06-14 21:16:23.026000'), Timestamp('2026-06-14 21:16:23.805000'), Timestamp('2026-06-14 21:16:23.903000'), Timestamp('2026-06-14 21:16:24.211000'), Timestamp('2026-06-14 21:16:24.328000'), Timestamp('2026-06-14 21:16:25.097000'), Timestamp('2026-06-14 21:16:25.213000'), Timestamp('2026-06-14 21:16:25.515000'), Timestamp('2026-06-14 21:16:25.629000'), Timestamp('2026-06-14 21:16:26.397000'), Timestamp('2026-06-14 21:16:26.516000'), Timestamp('2026-06-14 21:16:26.820000'), Timestamp('2026-06-14 21:16:26.940000'), Timestamp('2026-06-14 21:16:27.705000'), Timestamp('2026-06-14 21:16:27.820000'), Timestamp('2026-06-14 21:16:28.131000'), Timestamp('2026-06-14 21:16:28.235000'), Timestamp('2026-06-14 21:16:29.013000'), Timestamp('2026-06-14 21:16:29.123000'), Timestamp('2026-06-14 21:16:29.430000'), Timestamp('2026-06-14 21:16:29.547000'), Timestamp('2026-06-14 21:16:30.317000'), Timestamp('2026-06-14 21:16:30.432000'), Timestamp('2026-06-14 21:16:30.735000'), Timestamp('2026-06-14 21:16:30.854000'), Timestamp('2026-06-14 21:16:31.624000'), Timestamp('2026-06-14 21:16:31.740000'), Timestamp('2026-06-14 21:16:32.052000'), Timestamp('2026-06-14 21:16:32.153000'), Timestamp('2026-06-14 21:16:32.940000'), Timestamp('2026-06-14 21:16:33.043000'), Timestamp('2026-06-14 21:16:33.353000'), Timestamp('2026-06-14 21:16:33.472000'), Timestamp('2026-06-14 21:16:34.244000'), Timestamp('2026-06-14 21:16:34.365000'), Timestamp('2026-06-14 21:16:34.675000'), Timestamp('2026-06-14 21:16:34.777000'), Timestamp('2026-06-14 21:16:35.564000'), Timestamp('2026-06-14 21:16:35.671000'), Timestamp('2026-06-14 21:16:35.978000'), Timestamp('2026-06-14 21:16:36.097000'), Timestamp('2026-06-14 21:16:36.874000'), Timestamp('2026-06-14 21:16:36.988000'), Timestamp('2026-06-14 21:16:37.305000'), Timestamp('2026-06-14 21:16:37.408000'), Timestamp('2026-06-14 21:16:38.192000'), Timestamp('2026-06-14 21:16:38.300000'), Timestamp('2026-06-14 21:16:38.618000'), Timestamp('2026-06-14 21:16:38.718000'), Timestamp('2026-06-14 21:16:39.512000'), Timestamp('2026-06-14 21:16:39.614000')]","[0.109, 0.779, 0.098, 0.308, 0.117, 0.769, 0.116, 0.302, 0.114, 0.768, 0.119, 0.304, 0.12, 0.765, 0.115, 0.311, 0.104, 0.778, 0.11, 0.307, 0.117, 0.77, 0.115, 0.303, 0.119, 0.77, 0.116, 0.312, 0.101, 0.787, 0.103, 0.31, 0.119, 0.772, 0.121, 0.31, 0.102, 0.787, 0.107, 0.307, 0.119, 0.777, 0.114, 0.317, 0.103, 0.784, 0.108, 0.318, 0.1, 0.794, 0.102]","[21.86352595605264, 22.2238119646143, 22.090930344040977, 21.679258688952302, 21.835580051396548, 21.55944688416687, 21.898976982097185, 21.77923631430454, 21.620249043799696, 21.325847418338874, 21.40343362958204, 21.978916226142324, 21.900435610854302, 22.46682570083615, 21.739124139714406, 21.900137450148065, 21.93937775779208, 22.14022140221402, 21.988239943951925, 22.47191011235955, 21.702998542590468, 22.09834922111137, 22.01639041871986, 21.544733447281338, 21.81847032688035, 22.02457813968605, 22.115311175633373, 21.87402382651409, 21.928115200726225, 22.14908519153802, 21.766459079891916, 21.59612165481858, 21.652310011281884, 21.720345640219954, 21.95547920776565, 22.136791197312185, 22.097714522328936, 21.715484927002908, 21.86430201994404, 22.160441751668074, 21.68354034025676, 21.974923799522788, 22.13108543968136, 21.673596673596673, 22.411278730906368, 22.67523865186051, 21.87585192511301, 22.215061648833135, 21.943253367799986, 21.310027987378724, 22.49513474893935, 21.85626001373312]","[2.3831243292097377, 17.31234952043454, 2.164911173716016, 6.677211676197309, 2.5547628660133963, 16.579214653924325, 2.540281329923274, 6.5773293669199715, 2.4647083909931653, 16.378250817284254, 2.5470086019202625, 6.681590532747267, 2.628052273302516, 17.187121661139656, 2.4999992760671566, 6.810942746996048, 2.2816952868103764, 17.225092250922508, 2.4187063938347118, 6.8988764044943816, 2.539250829483085, 17.015728900255755, 2.531884898152784, 6.528054234526246, 2.5963979688987617, 16.95892516755826, 2.5653760963734715, 6.824695433872396, 2.214739635273349, 17.431330045740424, 2.241945285228867, 6.69479771299376, 2.576624891342544, 16.768106834249803, 2.6566129841396435, 6.862405271166777, 2.253966881277551, 17.09008663755129, 2.3394803161340123, 6.803255617762098, 2.580341300490554, 17.074515792229207, 2.522943740123675, 6.870530145530146, 2.3083617092833557, 17.77738710305864, 2.3625920079122054, 7.064389604328937, 2.1943253367799986, 16.920162221978707, 2.2945037443918137]",366.2749479009391,9.964675750801671
ADTC1_adz_raw_20260614_2124,2026-06-14 21:23:31.699,2026-06-14 21:23:41.753,"[Timestamp('2026-06-14 21:23:41.753000'), Timestamp('2026-06-14 21:23:41.861000'), Timestamp('2026-06-14 21:23:42.223000'), Timestamp('2026-06-14 21:23:42.335000'), Timestamp('2026-06-14 21:23:42.574000'), Timestamp('2026-06-14 21:23:42.685000'), Timestamp('2026-06-14 21:23:43.478000'), Timestamp('2026-06-14 21:23:43.591000'), Timestamp('2026-06-14 21:23:43.783000'), Timestamp('2026-06-14 21:23:43.893000'), Timestamp('2026-06-14 21:23:44.696000'), Timestamp('2026-06-14 21:23:44.809000'), Timestamp('2026-06-14 21:23:44.997000'), Timestamp('2026-06-14 21:23:45.110000'), Timestamp('2026-06-14 21:23:45.907000'), Timestamp('2026-06-14 21:23:46.016000'), Timestamp('2026-06-14 21:23:46.215000'), Timestamp('2026-06-14 21:23:46.326000'), Timestamp('2026-06-14 21:23:47.121000'), Timestamp('2026-06-14 21:23:47.229000')]","[0.108, 0.362, 0.112, 0.239, 0.111, 0.793, 0.113, 0.192, 0.11, 0.803, 0.113, 0.188, 0.113, 0.797, 0.109, 0.199, 0.111, 0.795, 0.108]","[22.933754214717034, 21.62069812388549, 22.43781077770185, 22.246008614686232, 23.097638670579308, 22.06001622060016, 22.47817403876326, 21.905104528920333, 21.12685899586269, 22.13309078980721, 21.86349780955115, 23.853471137327723, 22.053089722083687, 22.22663440283816, 22.493015258972704, 22.62944831537378, 22.58957307379115, 23.119873148628916, 23.237102048613835, 23.48579682379647]","[2.4768454551894394, 7.826692720846547, 2.513034807102607, 5.316796058910009, 2.5638378924343033, 17.49359286293593, 2.5400336663802485, 4.205780069552704, 2.323954489544896, 17.77287190421519, 2.47057525247928, 4.484452573817612, 2.4919991385954567, 17.714627619062014, 2.4517386632280247, 4.503260214759382, 2.5074426111908177, 18.38029915315999, 2.5096070212502943]",122.54744217465473,9.93599451807199
ADTC1_adz_raw_20260614_2216,2026-06-14 22:15:34.080,2026-06-14 22:15:44.128,"[Timestamp('2026-06-14 22:15:44.128000'), Timestamp('2026-06-14 22:15:44.233000'), Timestamp('2026-06-14 22:15:44.815000'), Timestamp('2026-06-14 22:15:44.936000'), Timestamp('2026-06-14 22:15:45.552000'), Timestamp('2026-06-14 22:15:45.678000'), Timestamp('2026-06-14 22:15:46.288000'), Timestamp('2026-06-14 22:15:46.411000'), Timestamp('2026-06-14 22:15:47.026000'), Timestamp('2026-06-14 22:15:47.149000'), Timestamp('2026-06-14 22:15:47.734000'), Timestamp('2026-06-14 22:15:47.838000')]","[0.105, 0.582, 0.121, 0.616, 0.126, 0.61, 0.123, 0.615, 0.123, 0.585, 0.104]","[21.978028365496396, 22.296868387642828, 22.374840797417356, 22.789325302904626, 21.989706663334477, 22.852928520571766, 22.488440399827873, 22.73660702073865, 22.54087376038596, 22.460433031851764, 22.50916499357414, 22.577422577422574]","[2.3076929783771214, 12.976777401608125, 2.7073557364875, 14.038224386589249, 2.770703039580144, 13.940286397548777, 2.766078169178828, 13.983013317754269, 2.772527472527473, 13.139353323633282, 2.3409531593317103]",83.74296538261646,9.934370000665336
ADTC1_adz_raw_20260614_2249,2026-06-14 22:48:03.258,2026-06-14 22:48:13.292,"[Timestamp('2026-06-14 22:48:13.292000'), Timestamp('2026-06-14 22:48:13.426000'), Timestamp('2026-06-14 22:48:13.970000'), Timestamp('2026-06-14 22:48:14.232000'), Timestamp('2026-06-14 22:48:14.352000'), Timestamp('2026-06-14 22:48:15.175000'), Timestamp('2026-06-14 22:48:15.293000'), Timestamp('2026-06-14 22:48:15.542000'), Timestamp('2026-06-14 22:48:15.670000'), Timestamp('2026-06-14 22:48:16.499000'), Timestamp('2026-06-14 22:48:16.620000'), Timestamp('2026-06-14 22:48:16.863000'), Timestamp('2026-06-14 22:48:16.992000'), Timestamp('2026-06-14 22:48:17.824000'), Timestamp('2026-06-14 22:48:17.947000'), Timestamp('2026-06-14 22:48:18.195000'), Timestamp('2026-06-14 22:48:18.322000'), Timestamp('2026-06-14 22:48:19.161000'), Timestamp('2026-06-14 22:48:19.289000'), Timestamp('2026-06-14 22:48:19.543000'), Timestamp('2026-06-14 22:48:19.664000'), Timestamp('2026-06-14 22:48:20.508000'), Timestamp('2026-06-14 22:48:20.629000'), Timestamp('2026-06-14 22:48:20.881000'), Timestamp('2026-06-14 22:48:21.009000'), Timestamp('2026-06-14 22:48:21.859000'), Timestamp('2026-06-14 22:48:21.988000'), Timestamp('2026-06-14 22:48:22.240000'), Timestamp('2026-06-14 22:48:22.366000'), Timestamp('2026-06-14 22:48:23.220000'), Timestamp('2026-06-14 22:48:23.350000'), Timestamp('2026-06-14 22:48:23.603000'), Timestamp('2026-06-14 22:48:23.732000'), Timestamp('2026-06-14 22:48:24.589000'), Timestamp('2026-06-14 22:48:24.702000'), Timestamp('2026-06-14 22:48:24.717000'), Timestamp('2026-06-14 22:48:24.975000'), Timestamp('2026-06-14 22:48:25.106000'), Timestamp('2026-06-14 22:48:25.967000'), Timestamp('2026-06-14 22:48:26.090000'), Timestamp('2026-06-14 22:48:26.353000'), Timestamp('2026-06-14 22:48:26.484000'), Timestamp('2026-06-14 22:48:27.353000'), Timestamp('2026-06-14 22:48:27.484000'), Timestamp('2026-06-14 22:48:27.746000'), Timestamp('2026-06-14 22:48:27.874000'), Timestamp('2026-06-14 22:48:28.747000'), Timestamp('2026-06-14 22:48:28.883000'), Timestamp('2026-06-14 22:48:29.145000'), Timestamp('2026-06-14 22:48:29.273000'), Timestamp('2026-06-14 22:48:30.154000'), Timestamp('2026-06-14 22:48:30.288000'), Timestamp('2026-06-14 22:48:30.549000'), Timestamp('2026-06-14 22:48:30.681000'), Timestamp('2026-06-14 22:48:31.567000'), Timestamp('2026-06-14 22:48:31.699000'), Timestamp('2026-06-14 22:48:31.961000'), Timestamp('2026-06-14 22:48:32.097000'), Timestamp('2026-06-14 22:48:32.993000'), Timestamp('2026-06-14 22:48:33.125000'), Timestamp('2026-06-14 22:48:33.388000'), Timestamp('2026-06-14 22:48:33.524000'), Timestamp('2026-06-14 22:48:34.420000'), Timestamp('2026-06-14 22:48:34.557000')]","[0.134, 0.544, 0.262, 0.12, 0.823, 0.118, 0.249, 0.128, 0.829, 0.121, 0.243, 0.129, 0.832, 0.123, 0.248, 0.127, 0.839, 0.128, 0.254, 0.121, 0.844, 0.121, 0.252, 0.128, 0.85, 0.129, 0.252, 0.126, 0.854, 0.13, 0.253, 0.129, 0.857, 0.113, 0.015, 0.258, 0.131, 0.861, 0.123, 0.263, 0.131, 0.869, 0.131, 0.262, 0.128, 0.873, 0.136, 0.262, 0.128, 0.881, 0.134, 0.261, 0.132, 0.886, 0.132, 0.262, 0.136, 0.896, 0.132, 0.263, 0.136, 0.896, 0.137]","[20.54794520547945, 19.707175764344548, 20.284402566368435, 19.9669974257992, 19.48024948024948, 19.951880051217795, 21.259319965437065, 20.326854353699993, 21.355392045047214, 21.521257607363275, 20.32052981910826, 19.641036271752395, 19.94322649012659, 19.838895710401538, 20.86497460832105, 19.247559235350437, 20.159683188553903, 19.578228741186066, 20.87816834050693, 19.408153615307764, 21.664401514213775, 19.43086089993836, 20.52672923683561, 19.60141304343253, 19.139397358811912, 18.400170072081945, 20.17130089374379, 19.916135089477542, 20.978550953840063, 19.671617725509932, 19.27119219453315, 20.894724383096474, 19.70035424987026, 20.079466918799664, 19.636692421502545, 20.02600323283435, 20.14564888978458, 18.969033070505567, 19.979814741664597, 19.259259259259256, 19.897828863346103, 17.840853032713884, 19.363450020516563, 18.46028870485392, 17.73522669515698, 19.983483024546217, 19.85638949053583, 18.904013656059874, 18.279493087003708, 20.090952332905715, 19.084734258191688, 19.840099240492105, 19.21241536830083, 19.631366561238956, 19.437606579019747, 18.65669389865355, 19.47946685878962, 19.52199429574375, 18.40490797546012, 20.95555203213361, 19.364293968424626, 19.593326298709904, 19.14954393482001, 19.36071243366748, 18.556397377791413]","[2.7534246575342465, 10.720703615803435, 5.31451347238853, 2.3960396910959036, 16.03224532224532, 2.3543218460436997, 5.293570671393829, 2.6018373572735993, 17.70362000534414, 2.604072170490956, 4.937888746043307, 2.533693679056059, 16.592764439785324, 2.440184172379389, 5.17451370286362, 2.4444400228895056, 16.913974195196722, 2.5060132788718166, 5.303054758488761, 2.3483865874522394, 18.284754877996427, 2.3511341688925413, 5.172735767682574, 2.508980869559364, 16.268487754990126, 2.373621939298571, 5.083167825223435, 2.5094330212741704, 17.915682514579412, 2.5573103043162915, 4.875611625216887, 2.695419445419445, 16.883203592138813, 2.268979761824362, 0.29455038632253816, 5.166708834071262, 2.63908000456178, 16.332337473705294, 2.4575172132247456, 5.065185185185184, 2.6066155810983394, 15.503701285428365, 2.53661195268767, 4.836595640671727, 2.2701090169800935, 17.445580680428847, 2.700468970712873, 4.952851577887687, 2.3397751151364745, 17.700129005289934, 2.5573543905976863, 5.178265901768439, 2.53603882861571, 17.393390773257714, 2.5657640684306067, 4.888053801447231, 2.6492074927953886, 17.4917068889864, 2.429447852760736, 5.51131018445114, 2.6335439797057494, 17.555620363644074, 2.6234875190703413]",421.57879582997685,9.922069255884526
ADTC1_adz_raw_20260614_2308,2026-06-14 23:06:43.226,2026-06-14 23:06:53.300,"[Timestamp('2026-06-14 23:06:53.300000'), Timestamp('2026-06-14 23:06:53.438000'), Timestamp('2026-06-14 23:06:53.758000'), Timestamp('2026-06-14 23:06:53.897000'), Timestamp('2026-06-14 23:06:54.155000'), Timestamp('2026-06-14 23:06:54.270000'), Timestamp('2026-06-14 23:06:55.036000'), Timestamp('2026-06-14 23:06:55.151000'), Timestamp('2026-06-14 23:06:55.378000'), Timestamp('2026-06-14 23:06:55.495000'), Timestamp('2026-06-14 23:06:56.257000'), Timestamp('2026-06-14 23:06:56.372000'), Timestamp('2026-06-14 23:06:56.599000'), Timestamp('2026-06-14 23:06:56.716000'), Timestamp('2026-06-14 23:06:57.477000'), Timestamp('2026-06-14 23:06:57.593000'), Timestamp('2026-06-14 23:06:57.819000'), Timestamp('2026-06-14 23:06:57.940000'), Timestamp('2026-06-14 23:06:58.701000'), Timestamp('2026-06-14 23:06:58.816000'), Timestamp('2026-06-14 23:06:59.043000'), Timestamp('2026-06-14 23:06:59.160000'), Timestamp('2026-06-14 23:06:59.923000'), Timestamp('2026-06-14 23:07:00.040000'), Timestamp('2026-06-14 23:07:00.272000'), Timestamp('2026-06-14 23:07:00.390000'), Timestamp('2026-06-14 23:07:01.157000'), Timestamp('2026-06-14 23:07:01.273000'), Timestamp('2026-06-14 23:07:01.511000'), Timestamp('2026-06-14 23:07:01.631000'), Timestamp('2026-06-14 23:07:02.394000'), Timestamp('2026-06-14 23:07:02.507000'), Timestamp('2026-06-14 23:07:02.739000'), Timestamp('2026-06-14 23:07:02.857000'), Timestamp('2026-06-14 23:07:03.627000'), Timestamp('2026-06-14 23:07:03.744000'), Timestamp('2026-06-14 23:07:03.972000'), Timestamp('2026-06-14 23:07:04.091000'), Timestamp('2026-06-14 23:07:04.860000'), Timestamp('2026-06-14 23:07:04.975000'), Timestamp('2026-06-14 23:07:05.210000'), Timestamp('2026-06-14 23:07:05.320000'), Timestamp('2026-06-14 23:07:06.100000'), Timestamp('2026-06-14 23:07:06.209000'), Timestamp('2026-06-14 23:07:06.445000'), Timestamp('2026-06-14 23:07:06.559000'), Timestamp('2026-06-14 23:07:07.332000'), Timestamp('2026-06-14 23:07:07.453000')]","[0.138, 0.32, 0.139, 0.258, 0.115, 0.766, 0.115, 0.227, 0.117, 0.762, 0.115, 0.227, 0.117, 0.761, 0.116, 0.226, 0.121, 0.761, 0.115, 0.227, 0.117, 0.763, 0.117, 0.232, 0.118, 0.767, 0.116, 0.238, 0.12, 0.763, 0.113, 0.232, 0.118, 0.77, 0.117, 0.228, 0.119, 0.769, 0.115, 0.235, 0.11, 0.78, 0.109, 0.236, 0.114, 0.773, 0.121]","[22.34320795806476, 22.763668760105148, 22.675753562685806, 22.677223803043418, 22.589665748299943, 22.68343985114474, 22.75012701675432, 22.294600497025378, 21.53073062211738, 22.3459446287372, 22.738316114552184, 22.13724252361773, 21.959661057405427, 22.77156547656559, 22.206189021135653, 22.666367056160333, 22.49952005125111, 22.774356047322023, 22.894943930749555, 22.72898421742771, 21.98634278391978, 22.26560673369184, 23.36571159829246, 21.978021978021985, 23.15155703295961, 22.641918243536033, 23.003271238565368, 21.702061443315035, 22.114972255772017, 21.489180778694458, 22.368644576354775, 22.278119151033287, 22.486974653037986, 22.351006624959304, 22.655759148270057, 22.061999303378613, 23.632737465673188, 23.00066837573521, 22.681423917736183, 23.317619709755288, 22.513086208738386, 23.971092619821192, 21.67921962002574, 24.07533883364271, 22.387052375801293, 23.755405776391093, 22.522704856085163, 22.422158285071383]","[3.083362698212937, 7.284374003233648, 3.1519297452133275, 5.850723741185202, 2.5978115610544936, 17.375514925976873, 2.616264606926747, 5.060874312824761, 2.519095482787734, 17.027609807097747, 2.614906353173501, 5.025154052861224, 2.569280343716435, 17.329161327666416, 2.575917926451736, 5.1225989546922355, 2.7224419262013844, 17.33128495201206, 2.632918552036199, 5.15947941735609, 2.5724021057186146, 16.988657937806874, 2.733788257000218, 5.098901098901101, 2.731883729889234, 17.36635129279214, 2.668379463673583, 5.165090623508978, 2.6537966706926417, 16.396244934143873, 2.52765683712809, 5.168523643039723, 2.6534630090584823, 17.210275101218663, 2.6507238203475967, 5.030135841170324, 2.812295758415109, 17.687513980940377, 2.6083637505396613, 5.479640631792492, 2.4764394829612226, 18.697452243460532, 2.3630349385828056, 5.68177996473968, 2.5521239708413477, 18.362928665150317, 2.7252472875863045]",320.7137997317807,9.963089004455732
ADTC1_adz_raw_20260614_2317,2026-06-14 23:15:36.378,2026-06-14 23:15:46.514,"[Timestamp('2026-06-14 23:15:46.514000'), Timestamp('2026-06-14 23:15:46.620000'), Timestamp('2026-06-14 23:15:47.406000'), Timestamp('2026-06-14 23:15:47.507000'), Timestamp('2026-06-14 23:15:47.829000'), Timestamp('2026-06-14 23:15:47.933000'), Timestamp('2026-06-14 23:15:48.719000'), Timestamp('2026-06-14 23:15:48.823000'), Timestamp('2026-06-14 23:15:49.132000'), Timestamp('2026-06-14 23:15:49.251000'), Timestamp('2026-06-14 23:15:50.028000'), Timestamp('2026-06-14 23:15:50.142000'), Timestamp('2026-06-14 23:15:50.453000'), Timestamp('2026-06-14 23:15:50.567000'), Timestamp('2026-06-14 23:15:51.348000'), Timestamp('2026-06-14 23:15:51.453000'), Timestamp('2026-06-14 23:15:51.763000'), Timestamp('2026-06-14 23:15:51.881000'), Timestamp('2026-06-14 23:15:52.652000'), Timestamp('2026-06-14 23:15:52.773000'), Timestamp('2026-06-14 23:15:53.090000'), Timestamp('2026-06-14 23:15:53.194000'), Timestamp('2026-06-14 23:15:53.981000'), Timestamp('2026-06-14 23:15:54.089000'), Timestamp('2026-06-14 23:15:54.394000'), Timestamp('2026-06-14 23:15:54.521000'), Timestamp('2026-06-14 23:15:55.295000'), Timestamp('2026-06-14 23:15:55.410000'), Timestamp('2026-06-14 23:15:55.718000'), Timestamp('2026-06-14 23:15:55.835000'), Timestamp('2026-06-14 23:15:56.613000'), Timestamp('2026-06-14 23:15:56.727000'), Timestamp('2026-06-14 23:15:57.045000'), Timestamp('2026-06-14 23:15:57.154000'), Timestamp('2026-06-14 23:15:57.938000'), Timestamp('2026-06-14 23:15:58.046000'), Timestamp('2026-06-14 23:15:58.364000'), Timestamp('2026-06-14 23:15:58.477000'), Timestamp('2026-06-14 23:15:59.257000'), Timestamp('2026-06-14 23:15:59.380000'), Timestamp('2026-06-14 23:15:59.679000'), Timestamp('2026-06-14 23:15:59.800000'), Timestamp('2026-06-14 23:16:00.583000'), Timestamp('2026-06-14 23:16:00.703000'), Timestamp('2026-06-14 23:16:01.001000'), Timestamp('2026-06-14 23:16:01.127000'), Timestamp('2026-06-14 23:16:01.906000'), Timestamp('2026-06-14 23:16:02.022000'), Timestamp('2026-06-14 23:16:02.342000'), Timestamp('2026-06-14 23:16:02.440000'), Timestamp('2026-06-14 23:16:03.240000'), Timestamp('2026-06-14 23:16:03.337000')]","[0.106, 0.786, 0.101, 0.322, 0.104, 0.786, 0.104, 0.309, 0.119, 0.777, 0.114, 0.311, 0.114, 0.781, 0.105, 0.31, 0.118, 0.771, 0.121, 0.317, 0.104, 0.787, 0.108, 0.305, 0.127, 0.774, 0.115, 0.308, 0.117, 0.778, 0.114, 0.318, 0.109, 0.784, 0.108, 0.318, 0.113, 0.78, 0.123, 0.299, 0.121, 0.783, 0.12, 0.298, 0.126, 0.779, 0.116, 0.32, 0.098, 0.8, 0.097]","[20.724052067335645, 21.514640602911914, 21.28896656500234, 20.833333333333332, 21.108827223935137, 19.925838582555002, 21.158313972784597, 22.072933651072372, 20.789767162433865, 20.627245095330203, 20.93450028232637, 20.7212049908945, 20.49108200494128, 21.642769714985135, 20.166130968516434, 22.22222222222222, 20.864661654135336, 20.789767162433865, 20.108064268648207, 21.111853832442065, 21.308311358253732, 21.48660518225735, 21.667709637046308, 22.314308498519026, 20.924274567617132, 23.033457662973884, 21.094346829640948, 20.227644695729808, 21.579283887468026, 21.270138530200448, 21.01384017442411, 19.25887804786344, 20.776015347183233, 21.265899454875836, 21.30614657210402, 21.74816208511116, 21.26107669143238, 20.43712991988854, 20.417617302245848, 21.927016645326503, 19.931313413060913, 20.137151458976522, 21.50339392085189, 21.330500163452104, 20.37452912199363, 22.466258012409025, 19.222388471651243, 19.806295229314163, 21.066546568955783, 19.289112752578113, 20.412363418649903, 19.327385072980718]","[2.1967495191375783, 16.910507513888763, 2.1501856230652363, 6.708333333333333, 2.195318031289254, 15.661709125888231, 2.200464653169598, 6.8205364981813625, 2.4739822923296297, 16.027369439071567, 2.386533032185206, 6.444294752168189, 2.335983348563306, 16.903003147403393, 2.1174437516942257, 6.888888888888888, 2.4620300751879696, 16.028910482236512, 2.433075776506433, 6.6924576648841345, 2.2160643812583882, 16.909958278436534, 2.340112640801001, 6.805864092048303, 2.657382870087376, 17.827896231141786, 2.425849885408709, 6.23011456628478, 2.5247762148337594, 16.548167776495948, 2.3955777798843485, 6.1243232192205745, 2.2645856728429723, 16.672465172622655, 2.301063829787234, 6.915915543065349, 2.402501666131859, 15.940961337513063, 2.511366928176239, 6.5561779769526245, 2.41168892298037, 15.767389592378617, 2.580407270502227, 6.356489048708727, 2.567190669371197, 17.501214991666632, 2.2297970627115444, 6.338014473380532, 2.064521563757667, 15.431290202062492, 1.9799992516090408]",353.8369060611954,10.026672916166012
ADTC1_adz_raw_20260614_2323,2026-06-14 23:22:01.075,2026-06-14 23:22:11.118,"[Timestamp('2026-06-14 23:22:11.118000'), Timestamp('2026-06-14 23:22:11.262000'), Timestamp('2026-06-14 23:22:11.596000'), Timestamp('2026-06-14 23:22:11.740000'), Timestamp('2026-06-14 23:22:12.010000'), Timestamp('2026-06-14 23:22:12.135000'), Timestamp('2026-06-14 23:22:12.926000'), Timestamp('2026-06-14 23:22:13.048000'), Timestamp('2026-06-14 23:22:13.284000'), Timestamp('2026-06-14 23:22:13.402000'), Timestamp('2026-06-14 23:22:14.202000'), Timestamp('2026-06-14 23:22:14.321000'), Timestamp('2026-06-14 23:22:14.560000'), Timestamp('2026-06-14 23:22:14.681000'), Timestamp('2026-06-14 23:22:15.481000'), Timestamp('2026-06-14 23:22:15.602000'), Timestamp('2026-06-14 23:22:15.836000'), Timestamp('2026-06-14 23:22:15.960000'), Timestamp('2026-06-14 23:22:16.761000'), Timestamp('2026-06-14 23:22:16.882000'), Timestamp('2026-06-14 23:22:17.120000'), Timestamp('2026-06-14 23:22:17.245000'), Timestamp('2026-06-14 23:22:18.051000'), Timestamp('2026-06-14 23:22:18.179000'), Timestamp('2026-06-14 23:22:18.414000'), Timestamp('2026-06-14 23:22:18.540000'), Timestamp('2026-06-14 23:22:19.355000'), Timestamp('2026-06-14 23:22:19.483000'), Timestamp('2026-06-14 23:22:19.721000'), Timestamp('2026-06-14 23:22:19.846000'), Timestamp('2026-06-14 23:22:20.669000'), Timestamp('2026-06-14 23:22:20.798000'), Timestamp('2026-06-14 23:22:21.044000'), Timestamp('2026-06-14 23:22:21.168000'), Timestamp('2026-06-14 23:22:22.004000'), Timestamp('2026-06-14 23:22:22.130000'), Timestamp('2026-06-14 23:22:22.377000'), Timestamp('2026-06-14 23:22:22.504000'), Timestamp('2026-06-14 23:22:23.353000'), Timestamp('2026-06-14 23:22:23.481000'), Timestamp('2026-06-14 23:22:23.730000'), Timestamp('2026-06-14 23:22:23.863000'), Timestamp('2026-06-14 23:22:24.717000'), Timestamp('2026-06-14 23:22:24.849000'), Timestamp('2026-06-14 23:22:25.105000'), Timestamp('2026-06-14 23:22:25.236000'), Timestamp('2026-06-14 23:22:26.104000'), Timestamp('2026-06-14 23:22:26.236000'), Timestamp('2026-06-14 23:22:26.498000'), Timestamp('2026-06-14 23:22:26.627000'), Timestamp('2026-06-14 23:22:27.507000'), Timestamp('2026-06-14 23:22:27.638000')]","[0.144, 0.334, 0.144, 0.27, 0.125, 0.791, 0.122, 0.236, 0.118, 0.8, 0.119, 0.239, 0.121, 0.8, 0.121, 0.234, 0.124, 0.801, 0.121, 0.238, 0.125, 0.806, 0.128, 0.235, 0.126, 0.815, 0.128, 0.238, 0.125, 0.823, 0.129, 0.246, 0.124, 0.836, 0.126, 0.247, 0.127, 0.849, 0.128, 0.249, 0.133, 0.854, 0.132, 0.256, 0.131, 0.868, 0.132, 0.262, 0.129, 0.88, 0.131]","[21.00920313256006, 20.291428363265453, 20.94018588033875, 20.437248733800544, 20.94918471380088, 20.371053953042463, 21.162526562375824, 20.46880634691669, 20.50205388998738, 20.657807629790838, 20.7313150087572, 20.270270270270267, 20.47207495097684, 20.1125438870099, 20.184157456956886, 20.447297632160982, 20.62743248024531, 20.033148825718484, 21.005914930191302, 20.68722185025308, 19.88039939704635, 19.761870028519027, 20.35595121282651, 20.03129208011724, 19.930072501967626, 20.008283625417413, 19.92365789227207, 20.013320013320012, 19.734235429958265, 19.466974510512237, 20.496940109797208, 19.262765347102686, 19.204107439401554, 19.432664706749577, 19.81050558970518, 19.433745627987957, 20.194501325167117, 19.868893921195035, 19.712046146282276, 19.38291895197508, 19.42875078468299, 19.27514884570099, 19.13555735389471, 18.901368901368897, 19.220781289534123, 18.45861043804024, 18.65261508690393, 18.196047947940297, 18.66677826711805, 18.58004939838273, 18.544403554817507, 18.245234735772954]","[3.0253252510886486, 6.777337073330662, 3.0153867667687795, 5.5180571581261475, 2.61864808922511, 16.11350367685659, 2.5818282406098505, 4.830638297872339, 2.4192423590185106, 16.526246103832673, 2.4670264860421067, 4.844594594594594, 2.4771210690681977, 16.09003510960792, 2.442283052291783, 4.78466764592567, 2.5578016275504187, 16.046552209400506, 2.5417157065531475, 4.923558800360233, 2.4850499246307938, 15.928067242986337, 2.6055617552417933, 4.707353638827551, 2.5111891352479208, 16.30675115471519, 2.5502282102108254, 4.763170163170162, 2.466779428744783, 16.02132002215157, 2.64410527416384, 4.738640275387261, 2.3813093224857926, 16.245707694842647, 2.496123704302853, 4.800135170113025, 2.564701668296224, 16.868690939094584, 2.523141906724131, 4.826346819041794, 2.5840238543628375, 16.460977114228644, 2.525893570714102, 4.838750438750438, 2.51792234892897, 16.022073860218928, 2.462145191471319, 4.767364562360358, 2.4080143964582286, 16.350443470576803, 2.4293168656810935]",326.4028684422547,9.930595071048442
ADTC1_adz_raw_20260614_2328,2026-06-14 23:26:44.179,2026-06-14 23:26:54.206,"[Timestamp('2026-06-14 23:26:54.206000'), Timestamp('2026-06-14 23:26:54.320000'), Timestamp('2026-06-14 23:26:54.952000'), Timestamp('2026-06-14 23:26:55.084000'), Timestamp('2026-06-14 23:26:55.760000'), Timestamp('2026-06-14 23:26:55.896000'), Timestamp('2026-06-14 23:26:56.578000'), Timestamp('2026-06-14 23:26:56.713000'), Timestamp('2026-06-14 23:26:57.404000'), Timestamp('2026-06-14 23:26:57.541000'), Timestamp('2026-06-14 23:26:58.202000'), Timestamp('2026-06-14 23:26:58.325000')]","[0.114, 0.632, 0.132, 0.676, 0.136, 0.682, 0.135, 0.691, 0.137, 0.661, 0.123]","[21.068445959059726, 20.4100474566602, 20.851184835586132, 20.238907849829353, 19.943700614043145, 20.002000200020007, 19.916127736052466, 19.713214939559478, 19.875098201429815, 19.366009266671522, 19.73058180105537, 19.005883548964952]","[2.401802839332809, 12.899149992609248, 2.7523563982973696, 13.681501706484644, 2.7123432835098678, 13.641364136413646, 2.688677244367083, 13.621831523235599, 2.7228884535958846, 12.800932125269878, 2.4268615615298104]",82.34970926464584,9.912818440106497
ADTC1_adz_raw_20260614_2331,2026-06-14 23:29:54.010,2026-06-14 23:30:04.075,"[Timestamp('2026-06-14 23:30:04.075000'), Timestamp('2026-06-14 23:30:04.218000'), Timestamp('2026-06-14 23:30:04.678000'), Timestamp('2026-06-14 23:30:04.824000'), Timestamp('2026-06-14 23:30:05.111000'), Timestamp('2026-06-14 23:30:05.231000'), Timestamp('2026-06-14 23:30:05.247000'), Timestamp('2026-06-14 23:30:06.169000'), Timestamp('2026-06-14 23:30:06.314000'), Timestamp('2026-06-14 23:30:06.582000'), Timestamp('2026-06-14 23:30:06.722000'), Timestamp('2026-06-14 23:30:07.654000'), Timestamp('2026-06-14 23:30:07.797000'), Timestamp('2026-06-14 23:30:08.073000'), Timestamp('2026-06-14 23:30:08.215000'), Timestamp('2026-06-14 23:30:09.159000'), Timestamp('2026-06-14 23:30:09.303000'), Timestamp('2026-06-14 23:30:09.587000'), Timestamp('2026-06-14 23:30:09.725000'), Timestamp('2026-06-14 23:30:10.684000'), Timestamp('2026-06-14 23:30:10.828000'), Timestamp('2026-06-14 23:30:11.115000'), Timestamp('2026-06-14 23:30:11.255000'), Timestamp('2026-06-14 23:30:12.228000'), Timestamp('2026-06-14 23:30:12.376000'), Timestamp('2026-06-14 23:30:12.663000'), Timestamp('2026-06-14 23:30:12.811000'), Timestamp('2026-06-14 23:30:13.796000'), Timestamp('2026-06-14 23:30:13.947000'), Timestamp('2026-06-14 23:30:14.242000'), Timestamp('2026-06-14 23:30:14.391000'), Timestamp('2026-06-14 23:30:15.396000'), Timestamp('2026-06-14 23:30:15.542000'), Timestamp('2026-06-14 23:30:15.843000'), Timestamp('2026-06-14 23:30:15.993000'), Timestamp('2026-06-14 23:30:17.016000'), Timestamp('2026-06-14 23:30:17.171000'), Timestamp('2026-06-14 23:30:17.477000'), Timestamp('2026-06-14 23:30:17.634000'), Timestamp('2026-06-14 23:30:18.673000'), Timestamp('2026-06-14 23:30:18.830000'), Timestamp('2026-06-14 23:30:19.140000'), Timestamp('2026-06-14 23:30:19.297000'), Timestamp('2026-06-14 23:30:20.363000'), Timestamp('2026-06-14 23:30:20.524000'), Timestamp('2026-06-14 23:30:20.844000'), Timestamp('2026-06-14 23:30:21.001000'), Timestamp('2026-06-14 23:30:22.100000'), Timestamp('2026-06-14 23:30:22.257000')]","[0.143, 0.46, 0.146, 0.287, 0.12, 0.016, 0.922, 0.145, 0.268, 0.14, 0.932, 0.143, 0.276, 0.142, 0.944, 0.144, 0.284, 0.138, 0.959, 0.144, 0.287, 0.14, 0.973, 0.148, 0.287, 0.148, 0.985, 0.151, 0.295, 0.149, 1.005, 0.146, 0.301, 0.15, 1.023, 0.155, 0.306, 0.157, 1.039, 0.157, 0.31, 0.157, 1.066, 0.161, 0.32, 0.157, 1.099, 0.157]","[18.460340347965662, 19.26492185878709, 18.351443475887834, 18.790181976680827, 18.13499890422967, 18.66802017964808, 17.9233842202882, 17.937459841507813, 17.43626494418571, 17.805756469312424, 18.73623195540077, 18.324477315429817, 17.669068736141902, 17.406800818425843, 17.361924196300134, 17.737903249539432, 16.521718467826258, 17.56339280954238, 17.338022165387883, 17.303979803979797, 17.337865754155338, 17.4201618054077, 17.31214372796467, 16.836445953593657, 17.117949035873266, 16.960314959054323, 16.99282273017417, 16.660530191458026, 16.38349801204582, 16.10880508699108, 16.214624073111864, 16.853261680847886, 16.426812104152006, 16.043933555700537, 16.478807653238164, 15.948469846984697, 15.717772056963433, 15.52152044309905, 15.377222616975919, 15.950740011433654, 15.910555984265304, 15.234035986260679, 15.544543176122122, 15.828120851828235, 15.284011762885001, 15.2171128474446, 14.782390102083195, 14.858939548646207]","[2.6398286697590896, 8.861864055042062, 2.6793107474796236, 5.392782227307397, 2.17619986850756, 0.2986883228743693, 16.52536025110572, 2.600931677018633, 4.67291900504177, 2.4928059057037397, 17.462168182433516, 2.6204002561064637, 4.876662971175166, 2.4717657162164697, 16.389656441307324, 2.554258067933678, 4.692168044862656, 2.4237482077168484, 16.62716325660698, 2.4917730917730907, 4.975967471442582, 2.4388226527570787, 16.844715847309622, 2.491794001131861, 4.912851373295627, 2.5101266139400398, 16.737930389221557, 2.5157400589101617, 4.833131913553516, 2.4002119579616705, 16.295697193477423, 2.4605762054037914, 4.944470443349753, 2.4065900333550805, 16.85782022926264, 2.472012826282628, 4.809638249430811, 2.436878709566551, 15.976934299037978, 2.5042661817950838, 4.932272355122245, 2.3917436498429265, 16.57048302574618, 2.548327457144346, 4.890883764123201, 2.3890867170488024, 16.24584672218943, 2.3328535091374545]",305.0781288168122,9.92665240628966
