file,timestamp_raw,timestamp,timestamp_serie,delta_t,velocity,length,total_length,first_peak_raw
ADTC1_adz_raw_20260611_0001,2026-06-11 00:00:15.180,2026-06-11 00:00:25.250,"[Timestamp('2026-06-11 00:00:25.250000'), Timestamp('2026-06-11 00:00:25.354000'), Timestamp('2026-06-11 00:00:26.138000'), Timestamp('2026-06-11 00:00:26.242000'), Timestamp('2026-06-11 00:00:26.566000'), Timestamp('2026-06-11 00:00:26.673000'), Timestamp('2026-06-11 00:00:27.462000'), Timestamp('2026-06-11 00:00:27.560000'), Timestamp('2026-06-11 00:00:27.878000'), Timestamp('2026-06-11 00:00:27.997000'), Timestamp('2026-06-11 00:00:28.773000'), Timestamp('2026-06-11 00:00:28.893000'), Timestamp('2026-06-11 00:00:29.205000'), Timestamp('2026-06-11 00:00:29.311000'), Timestamp('2026-06-11 00:00:30.102000'), Timestamp('2026-06-11 00:00:30.211000'), Timestamp('2026-06-11 00:00:30.523000'), Timestamp('2026-06-11 00:00:30.641000'), Timestamp('2026-06-11 00:00:31.418000'), Timestamp('2026-06-11 00:00:31.541000'), Timestamp('2026-06-11 00:00:31.852000'), Timestamp('2026-06-11 00:00:31.958000'), Timestamp('2026-06-11 00:00:32.752000'), Timestamp('2026-06-11 00:00:32.855000'), Timestamp('2026-06-11 00:00:33.173000'), Timestamp('2026-06-11 00:00:33.288000'), Timestamp('2026-06-11 00:00:34.062000'), Timestamp('2026-06-11 00:00:34.187000'), Timestamp('2026-06-11 00:00:34.497000'), Timestamp('2026-06-11 00:00:34.612000'), Timestamp('2026-06-11 00:00:35.388000'), Timestamp('2026-06-11 00:00:35.511000'), Timestamp('2026-06-11 00:00:35.822000'), Timestamp('2026-06-11 00:00:35.929000'), Timestamp('2026-06-11 00:00:36.721000'), Timestamp('2026-06-11 00:00:36.826000'), Timestamp('2026-06-11 00:00:37.139000'), Timestamp('2026-06-11 00:00:37.259000'), Timestamp('2026-06-11 00:00:38.041000'), Timestamp('2026-06-11 00:00:38.150000'), Timestamp('2026-06-11 00:00:38.458000'), Timestamp('2026-06-11 00:00:38.580000'), Timestamp('2026-06-11 00:00:39.355000'), Timestamp('2026-06-11 00:00:39.474000'), Timestamp('2026-06-11 00:00:39.783000'), Timestamp('2026-06-11 00:00:39.900000'), Timestamp('2026-06-11 00:00:40.681000'), Timestamp('2026-06-11 00:00:40.797000'), Timestamp('2026-06-11 00:00:41.111000'), Timestamp('2026-06-11 00:00:41.219000'), Timestamp('2026-06-11 00:00:42.008000'), Timestamp('2026-06-11 00:00:42.113000')]","[0.104, 0.784, 0.104, 0.324, 0.107, 0.789, 0.098, 0.318, 0.119, 0.776, 0.12, 0.312, 0.106, 0.791, 0.109, 0.312, 0.118, 0.777, 0.123, 0.311, 0.106, 0.794, 0.103, 0.318, 0.115, 0.774, 0.125, 0.31, 0.115, 0.776, 0.123, 0.311, 0.107, 0.792, 0.105, 0.313, 0.12, 0.782, 0.109, 0.308, 0.122, 0.775, 0.119, 0.309, 0.117, 0.781, 0.116, 0.314, 0.108, 0.789, 0.105]","[21.858569911334094, 21.58356242297848, 21.36179609863821, 20.64266547499873, 22.00798893839299, 22.134443456046043, 22.160073076707864, 20.11851812630167, 21.697944135794565, 21.66661628680249, 21.51291856164883, 21.818181818181817, 21.428844755672902, 21.820729026788992, 21.431778735962357, 22.222222222222218, 21.97802197802198, 21.990954877171347, 21.352313167259783, 21.96517969294268, 20.821796817829217, 21.787325933860565, 21.465500392446412, 21.19600095312859, 21.620183317130312, 21.185297227681723, 20.93016154575372, 21.861475719886172, 21.55834318919389, 21.27242835770676, 20.69267519410057, 22.077831055963944, 21.396836246460303, 22.049350081695096, 21.809465326945677, 21.664262925571435, 21.400168155339905, 21.57050876954188, 23.20993802567508, 21.26621973653345, 21.60557563242127, 21.933839774450966, 21.59526297457332, 21.74220570039018, 21.750321750321753, 21.362271362271365, 21.945788250136076, 21.724610751666763, 21.600641539695268, 22.011689909224195, 21.787872802686152, 21.426307958338363]","[2.2732912707787456, 16.92151293961513, 2.2216267942583734, 6.688223613899589, 2.35485481640805, 17.46407588682033, 2.1716871615173705, 6.397688764163931, 2.582055352159553, 16.813294238558733, 2.5815502273978597, 6.807272727272727, 2.2714575441013274, 17.260196660190093, 2.336063882219897, 6.933333333333332, 2.5934065934065935, 17.086971939562137, 2.6263345195729535, 6.831170884505173, 2.2071104626898967, 17.29913679148529, 2.2109465404219804, 6.740328303094891, 2.486321081469986, 16.397420054225655, 2.616270193219215, 6.777057473164714, 2.4792094667572977, 16.50740440558045, 2.54519904887437, 6.866205458404787, 2.2894614783712526, 17.463085264702517, 2.289993859329296, 6.78091429570386, 2.5680201786407886, 16.86813785778175, 2.5298832447985835, 6.549995678852302, 2.635880227155395, 16.9987258251995, 2.569836293974225, 6.718341561420566, 2.5447876447876454, 16.683933933933936, 2.5457114370157847, 6.8215277760233635, 2.332869286287089, 17.36722333837789, 2.287726644282046]",365.1947342557681,9.95811811525561
ADTC1_adz_raw_20260611_0028,2026-06-11 00:27:26.216,2026-06-11 00:27:36.248,"[Timestamp('2026-06-11 00:27:36.248000'), Timestamp('2026-06-11 00:27:36.360000'), Timestamp('2026-06-11 00:27:37.080000'), Timestamp('2026-06-11 00:27:37.196000'), Timestamp('2026-06-11 00:27:37.403000'), Timestamp('2026-06-11 00:27:37.511000'), Timestamp('2026-06-11 00:27:38.255000'), Timestamp('2026-06-11 00:27:38.367000'), Timestamp('2026-06-11 00:27:38.575000'), Timestamp('2026-06-11 00:27:38.685000'), Timestamp('2026-06-11 00:27:39.427000'), Timestamp('2026-06-11 00:27:39.539000'), Timestamp('2026-06-11 00:27:39.740000'), Timestamp('2026-06-11 00:27:39.858000'), Timestamp('2026-06-11 00:27:40.577000'), Timestamp('2026-06-11 00:27:40.694000')]","[0.112, 0.72, 0.116, 0.207, 0.108, 0.744, 0.112, 0.208, 0.11, 0.742, 0.112, 0.201, 0.118, 0.719, 0.117]","[22.63942960648754, 22.14293496023532, 22.18700101375712, 22.099227569639936, 22.583576508386837, 22.419866304758393, 22.0986377298099, 22.467399593590287, 22.46682570083615, 22.06831549685625, 22.18538694213496, 22.190001138655138, 22.570869990224832, 22.52818587231414, 22.217509608675456, 22.347658925797646]","[2.5356161159266044, 15.94291317136943, 2.573692117595826, 4.5745401069154665, 2.4390262629057786, 16.680380530740244, 2.475047425738709, 4.67321911546678, 2.4713508270919764, 16.374690098667337, 2.484763337519116, 4.460190228869683, 2.66336265884653, 16.197765642193865, 2.5994486242150288]",99.14600626406235,9.920002541808277
ADTC1_adz_raw_20260611_0039,2026-06-11 00:38:16.478,2026-06-11 00:38:26.526,"[Timestamp('2026-06-11 00:38:26.526000'), Timestamp('2026-06-11 00:38:26.667000'), Timestamp('2026-06-11 00:38:26.995000'), Timestamp('2026-06-11 00:38:27.137000'), Timestamp('2026-06-11 00:38:27.369000'), Timestamp('2026-06-11 00:38:27.449000'), Timestamp('2026-06-11 00:38:28.079000'), Timestamp('2026-06-11 00:38:28.319000'), Timestamp('2026-06-11 00:38:28.400000'), Timestamp('2026-06-11 00:38:29.110000'), Timestamp('2026-06-11 00:38:29.347000'), Timestamp('2026-06-11 00:38:30.056000'), Timestamp('2026-06-11 00:38:30.217000'), Timestamp('2026-06-11 00:38:30.298000'), Timestamp('2026-06-11 00:38:30.926000'), Timestamp('2026-06-11 00:38:31.007000'), Timestamp('2026-06-11 00:38:31.165000'), Timestamp('2026-06-11 00:38:31.247000'), Timestamp('2026-06-11 00:38:31.876000'), Timestamp('2026-06-11 00:38:31.955000'), Timestamp('2026-06-11 00:38:32.115000'), Timestamp('2026-06-11 00:38:32.196000'), Timestamp('2026-06-11 00:38:32.906000'), Timestamp('2026-06-11 00:38:33.066000'), Timestamp('2026-06-11 00:38:33.145000'), Timestamp('2026-06-11 00:38:33.853000'), Timestamp('2026-06-11 00:38:34.013000'), Timestamp('2026-06-11 00:38:34.091000'), Timestamp('2026-06-11 00:38:34.721000'), Timestamp('2026-06-11 00:38:34.802000'), Timestamp('2026-06-11 00:38:34.962000'), Timestamp('2026-06-11 00:38:35.044000'), Timestamp('2026-06-11 00:38:36.624000'), Timestamp('2026-06-11 00:38:36.866000'), Timestamp('2026-06-11 00:38:37.659000'), Timestamp('2026-06-11 00:38:37.817000'), Timestamp('2026-06-11 00:38:37.899000'), Timestamp('2026-06-11 00:38:38.611000'), Timestamp('2026-06-11 00:38:38.772000'), Timestamp('2026-06-11 00:38:38.853000'), Timestamp('2026-06-11 00:38:39.563000'), Timestamp('2026-06-11 00:38:39.725000'), Timestamp('2026-06-11 00:38:39.807000'), Timestamp('2026-06-11 00:38:40.519000'), Timestamp('2026-06-11 00:38:40.681000'), Timestamp('2026-06-11 00:38:40.763000'), Timestamp('2026-06-11 00:38:41.474000'), Timestamp('2026-06-11 00:38:41.636000')]","[0.141, 0.328, 0.142, 0.232, 0.08, 0.63, 0.24, 0.081, 0.71, 0.237, 0.709, 0.161, 0.081, 0.628, 0.081, 0.158, 0.082, 0.629, 0.079, 0.16, 0.081, 0.71, 0.16, 0.079, 0.708, 0.16, 0.078, 0.63, 0.081, 0.16, 0.082, 1.58, 0.242, 0.793, 0.158, 0.082, 0.712, 0.161, 0.081, 0.71, 0.162, 0.082, 0.712, 0.162, 0.082, 0.711, 0.162]","[20.689655172413794, 20.97902097902098, 21.276595744680854, 21.428571428571427, 48.38709677419355, 6.224066390041494, 48.38709677419355, 20.689655172413794, 3.851091142490372, 7.83289817232376, 3.51288056206089, 9.70873786407767, 13.100436681222707, 3.8860103626943006, 13.100436681222707, 9.868421052631579, 13.100436681222707, 3.875968992248062, 13.157894736842104, 9.77198697068404, 13.333333333333332, 3.8860103626943006, 13.274336283185841, 9.966777408637874, 13.392857142857142, 3.8709677419354835, 13.392857142857142, 9.803921568627452, 3.492433061699651, 13.274336283185841, 9.803921568627452, 13.157894736842104, 3.846153846153846, 5.28169014084507, 46.875, 20.27027027027027, 20.547945205479454, 20.27027027027027, 20.547945205479454, 20.547945205479454, 20.27027027027027, 20.134228187919465, 20.0, 20.97902097902098, 20.408163265306122, 20.547945205479454, 20.408163265306122, 20.547945205479454, 20.408163265306122, 20.547945205479454, 20.689655172413794, 21.582733812949638]","[2.9172413793103447, 6.881118881118882, 3.021276595744681, 4.9714285714285715, 3.8709677419354844, 3.9211618257261414, 11.612903225806452, 1.6758620689655173, 2.734274711168164, 1.856396866840731, 2.490632318501171, 1.5631067961165048, 1.0611353711790392, 2.440414507772021, 1.0611353711790392, 1.5592105263157894, 1.074235807860262, 2.437984496124031, 1.0394736842105263, 1.5635179153094465, 1.0799999999999998, 2.7590673575129534, 2.1238938053097347, 0.7873754152823921, 9.482142857142856, 0.6193548387096773, 1.0446428571428572, 6.176470588235294, 0.2828870779976717, 2.1238938053097347, 0.8039215686274511, 20.789473684210527, 0.9307692307692307, 4.188380281690141, 7.40625, 1.6621621621621623, 14.630136986301371, 3.2635135135135136, 1.6643835616438358, 14.589041095890412, 3.2837837837837838, 1.6510067114093963, 14.239999999999998, 3.3986013986013988, 1.6734693877551021, 14.60958904109589, 3.306122448979592]",198.32381212168974,9.933804423695376
ADTC1_adz_raw_20260611_0047,2026-06-11 00:45:57.684,2026-06-11 00:46:07.740,"[Timestamp('2026-06-11 00:46:07.740000'), Timestamp('2026-06-11 00:46:07.851000'), Timestamp('2026-06-11 00:46:08.575000'), Timestamp('2026-06-11 00:46:08.692000'), Timestamp('2026-06-11 00:46:08.891000'), Timestamp('2026-06-11 00:46:09.001000'), Timestamp('2026-06-11 00:46:09.745000'), Timestamp('2026-06-11 00:46:09.858000'), Timestamp('2026-06-11 00:46:10.061000'), Timestamp('2026-06-11 00:46:10.172000'), Timestamp('2026-06-11 00:46:10.921000'), Timestamp('2026-06-11 00:46:11.030000'), Timestamp('2026-06-11 00:46:11.230000'), Timestamp('2026-06-11 00:46:11.349000'), Timestamp('2026-06-11 00:46:12.064000'), Timestamp('2026-06-11 00:46:12.186000')]","[0.111, 0.724, 0.117, 0.199, 0.11, 0.744, 0.113, 0.203, 0.111, 0.749, 0.109, 0.2, 0.119, 0.715, 0.122]","[22.90889456989505, 22.125433113728043, 22.545267827465565, 22.77387401252961, 22.75831369779271, 22.647859604598946, 22.108241129628432, 22.7150770567073, 22.452777646888883, 22.30813962157245, 22.800195513225958, 22.647932835174977, 22.42515356936962, 22.985096028368574, 21.94033087156724, 22.056132261035366]","[2.5428872972583507, 16.018813574339102, 2.6377963358134715, 4.532000928493392, 2.503414506757198, 16.850007545821615, 2.498231247648013, 4.6111606425115825, 2.492258318804666, 16.708796576557766, 2.4852213109416295, 4.529586567034996, 2.6685932747549845, 16.43434366028353, 2.676720366331203]",100.18983215335149,9.943545680738216
ADTC1_adz_raw_20260611_0058,2026-06-11 00:57:21.910,2026-06-11 00:57:32.013,"[Timestamp('2026-06-11 00:57:32.013000'), Timestamp('2026-06-11 00:57:32.124000'), Timestamp('2026-06-11 00:57:32.708000'), Timestamp('2026-06-11 00:57:32.830000'), Timestamp('2026-06-11 00:57:33.441000'), Timestamp('2026-06-11 00:57:33.565000'), Timestamp('2026-06-11 00:57:34.148000'), Timestamp('2026-06-11 00:57:34.256000')]","[0.111, 0.584, 0.122, 0.611, 0.124, 0.583, 0.108]","[21.194311050297994, 22.264726834232704, 21.62054393997265, 22.46734696347944, 21.27000751148947, 21.77748936336313, 21.74141989221333, 21.494005693525384]","[2.3525685265830774, 13.002600471191899, 2.637706360676663, 13.727548994685938, 2.6374809314246943, 12.696276298840704, 2.3480733483590397]",49.402254931762016,9.895032824582096
ADTC1_adz_raw_20260611_0103,2026-06-11 01:01:48.645,2026-06-11 01:01:58.667,"[Timestamp('2026-06-11 01:01:58.667000'), Timestamp('2026-06-11 01:01:58.839000'), Timestamp('2026-06-11 01:01:59.327000'), Timestamp('2026-06-11 01:01:59.499000'), Timestamp('2026-06-11 01:01:59.809000'), Timestamp('2026-06-11 01:01:59.918000'), Timestamp('2026-06-11 01:02:00.536000'), Timestamp('2026-06-11 01:02:00.643000'), Timestamp('2026-06-11 01:02:00.894000'), Timestamp('2026-06-11 01:02:01.008000'), Timestamp('2026-06-11 01:02:01.618000'), Timestamp('2026-06-11 01:02:01.723000'), Timestamp('2026-06-11 01:02:01.957000'), Timestamp('2026-06-11 01:02:02.064000'), Timestamp('2026-06-11 01:02:02.678000'), Timestamp('2026-06-11 01:02:02.783000'), Timestamp('2026-06-11 01:02:03.015000'), Timestamp('2026-06-11 01:02:03.120000'), Timestamp('2026-06-11 01:02:03.728000'), Timestamp('2026-06-11 01:02:03.834000'), Timestamp('2026-06-11 01:02:04.081000'), Timestamp('2026-06-11 01:02:04.186000'), Timestamp('2026-06-11 01:02:04.788000'), Timestamp('2026-06-11 01:02:04.899000'), Timestamp('2026-06-11 01:02:05.131000'), Timestamp('2026-06-11 01:02:05.232000'), Timestamp('2026-06-11 01:02:05.834000'), Timestamp('2026-06-11 01:02:05.939000'), Timestamp('2026-06-11 01:02:06.163000'), Timestamp('2026-06-11 01:02:06.269000'), Timestamp('2026-06-11 01:02:06.870000'), Timestamp('2026-06-11 01:02:06.976000'), Timestamp('2026-06-11 01:02:07.200000'), Timestamp('2026-06-11 01:02:07.303000'), Timestamp('2026-06-11 01:02:07.910000'), Timestamp('2026-06-11 01:02:08.006000'), Timestamp('2026-06-11 01:02:08.217000'), Timestamp('2026-06-11 01:02:08.320000'), Timestamp('2026-06-11 01:02:08.915000'), Timestamp('2026-06-11 01:02:09.019000'), Timestamp('2026-06-11 01:02:09.224000'), Timestamp('2026-06-11 01:02:09.329000'), Timestamp('2026-06-11 01:02:09.917000'), Timestamp('2026-06-11 01:02:10.021000'), Timestamp('2026-06-11 01:02:10.225000'), Timestamp('2026-06-11 01:02:10.333000'), Timestamp('2026-06-11 01:02:10.939000'), Timestamp('2026-06-11 01:02:11.039000'), Timestamp('2026-06-11 01:02:11.247000'), Timestamp('2026-06-11 01:02:11.351000'), Timestamp('2026-06-11 01:02:11.958000'), Timestamp('2026-06-11 01:02:12.058000'), Timestamp('2026-06-11 01:02:12.259000'), Timestamp('2026-06-11 01:02:12.366000'), Timestamp('2026-06-11 01:02:12.873000'), Timestamp('2026-06-11 01:02:12.975000'), Timestamp('2026-06-11 01:02:13.191000'), Timestamp('2026-06-11 01:02:13.296000'), Timestamp('2026-06-11 01:02:13.881000'), Timestamp('2026-06-11 01:02:13.980000'), Timestamp('2026-06-11 01:02:14.214000'), Timestamp('2026-06-11 01:02:14.319000'), Timestamp('2026-06-11 01:02:14.900000'), Timestamp('2026-06-11 01:02:15.004000'), Timestamp('2026-06-11 01:02:15.235000'), Timestamp('2026-06-11 01:02:15.338000'), Timestamp('2026-06-11 01:02:15.919000'), Timestamp('2026-06-11 01:02:16.021000'), Timestamp('2026-06-11 01:02:16.251000'), Timestamp('2026-06-11 01:02:16.351000'), Timestamp('2026-06-11 01:02:16.914000'), Timestamp('2026-06-11 01:02:17.013000'), Timestamp('2026-06-11 01:02:17.243000'), Timestamp('2026-06-11 01:02:17.344000'), Timestamp('2026-06-11 01:02:17.920000'), Timestamp('2026-06-11 01:02:18.022000'), Timestamp('2026-06-11 01:02:18.230000'), Timestamp('2026-06-11 01:02:18.337000'), Timestamp('2026-06-11 01:02:18.901000'), Timestamp('2026-06-11 01:02:19.006000')]","[0.172, 0.488, 0.172, 0.31, 0.109, 0.618, 0.107, 0.251, 0.114, 0.61, 0.105, 0.234, 0.107, 0.614, 0.105, 0.232, 0.105, 0.608, 0.106, 0.247, 0.105, 0.602, 0.111, 0.232, 0.101, 0.602, 0.105, 0.224, 0.106, 0.601, 0.106, 0.224, 0.103, 0.607, 0.096, 0.211, 0.103, 0.595, 0.104, 0.205, 0.105, 0.588, 0.104, 0.204, 0.108, 0.606, 0.1, 0.208, 0.104, 0.607, 0.1, 0.201, 0.107, 0.507, 0.102, 0.216, 0.105, 0.585, 0.099, 0.234, 0.105, 0.581, 0.104, 0.231, 0.103, 0.581, 0.102, 0.23, 0.1, 0.563, 0.099, 0.23, 0.101, 0.576, 0.102, 0.208, 0.107, 0.564, 0.105]","[15.043087611476672, 15.483590946981142, 15.589237788667262, 15.259946836433922, 15.991902834008098, 15.912189800927187, 15.748577377125184, 16.081454745018576, 15.643983443130162, 12.902364787780423, 3.729095664579532, 10.289345199406885, 12.578085686026132, 15.521788425515133, 16.127663186486714, 15.873015873015873, 16.08636528798828, 15.73865568212307, 15.355584007892222, 15.579624251763171, 15.88857758012805, 15.321264762129903, 15.407195544181846, 15.735467942203169, 15.71458432871476, 15.90764680279198, 16.087817678945935, 15.761612021857928, 15.889973239403524, 15.794342895768423, 15.992420236206591, 15.5932782867187, 15.859613791982085, 15.380630043104649, 15.502462513332077, 16.212772734511866, 16.49102363654261, 15.47656130206309, 15.652196503260331, 15.590978645432308, 15.659728258744103, 15.772238758134044, 15.63492063492064, 15.146520146520146, 16.06665279449743, 15.873015873015877, 15.512618824474494, 15.273249495419964, 15.752973618142157, 15.312183108793278, 15.381446060920958, 15.012158508556283, 15.535849412698582, 15.030223436108216, 15.314415864643625, 15.71970306090526, 15.748792270531396, 15.135412832781256, 15.73381839610672, 15.138718263718264, 15.841234965278762, 14.667258659100796, 15.641458952894432, 15.621572601107246, 14.856210762946517, 15.362208713272548, 15.771889400921658, 15.029186239292624, 15.581832488197236, 14.771972666709509, 15.221431219137642, 15.572168216398989, 15.125041950164867, 15.554119366078453, 15.257539927694335, 15.000135840034773, 15.494091297050513, 15.608234922849505, 15.255610407635317, 15.303207203997765, 15.630732465750995]","[2.5874110691739873, 7.555992382126797, 2.681348899650769, 4.730583519294516, 1.7431174089068826, 9.833733296973001, 1.6850977793523947, 4.036445140999662, 1.7834141125168386, 7.8704425205460575, 0.39155504478085085, 2.407706776661211, 1.3458551684047961, 9.530378093266291, 1.693404634581105, 3.682539682539683, 1.6890683552387693, 9.569102654730827, 1.6276919048365754, 3.848167190185503, 1.6683006459134453, 9.223401386802202, 1.710198705404185, 3.650628562591135, 1.587173017200191, 9.576403375280771, 1.6892208562893232, 3.530601092896176, 1.6843371633767734, 9.492400080356822, 1.6951965450378985, 3.492894336224989, 1.6335402205741547, 9.336042436164522, 1.4882364012798794, 3.4208950469820034, 1.6985754345638888, 9.208553974727538, 1.6278284363390743, 3.196150622313623, 1.6442714671681307, 9.274076389782817, 1.6260317460317464, 3.0898901098901095, 1.7351985018057223, 9.61904761904762, 1.5512618824474496, 3.1768358950473523, 1.6383092562867843, 9.29449514703752, 1.5381446060920958, 3.017443860219813, 1.6623358871587481, 7.620323282106866, 1.5620704181936496, 3.3954558611555363, 1.6536231884057966, 8.854216507177034, 1.5576480212145654, 3.5424600737100738, 1.66332967135427, 8.521677280937562, 1.6267117311010209, 3.608583270855774, 1.5301897085834912, 8.925443262411349, 1.608732718894009, 3.4567128350373038, 1.5581832488197236, 8.316620611357452, 1.5069216906946266, 3.5815986897717678, 1.5276292369666518, 8.959172754861187, 1.556269072624822, 3.1200282547272327, 1.6578677687844048, 8.80304449648712, 1.601839092801708]",311.08732909213603,9.87499875892334
ADTC1_adz_raw_20260611_0107,2026-06-11 01:06:05.756,2026-06-11 01:06:15.797,"[Timestamp('2026-06-11 01:06:15.797000'), Timestamp('2026-06-11 01:06:15.925000'), Timestamp('2026-06-11 01:06:16.307000'), Timestamp('2026-06-11 01:06:16.432000'), Timestamp('2026-06-11 01:06:16.727000'), Timestamp('2026-06-11 01:06:17.222000'), Timestamp('2026-06-11 01:06:17.472000'), Timestamp('2026-06-11 01:06:17.967000'), Timestamp('2026-06-11 01:06:18.256000'), Timestamp('2026-06-11 01:06:18.755000'), Timestamp('2026-06-11 01:06:19.015000'), Timestamp('2026-06-11 01:06:19.521000'), Timestamp('2026-06-11 01:06:19.810000'), Timestamp('2026-06-11 01:06:20.315000'), Timestamp('2026-06-11 01:06:20.581000'), Timestamp('2026-06-11 01:06:21.087000'), Timestamp('2026-06-11 01:06:21.386000'), Timestamp('2026-06-11 01:06:21.901000'), Timestamp('2026-06-11 01:06:22.163000'), Timestamp('2026-06-11 01:06:22.682000'), Timestamp('2026-06-11 01:06:22.983000'), Timestamp('2026-06-11 01:06:23.506000'), Timestamp('2026-06-11 01:06:23.771000'), Timestamp('2026-06-11 01:06:24.292000'), Timestamp('2026-06-11 01:06:24.602000'), Timestamp('2026-06-11 01:06:25.136000'), Timestamp('2026-06-11 01:06:25.407000'), Timestamp('2026-06-11 01:06:25.939000'), Timestamp('2026-06-11 01:06:26.254000'), Timestamp('2026-06-11 01:06:26.793000'), Timestamp('2026-06-11 01:06:27.072000'), Timestamp('2026-06-11 01:06:27.626000'), Timestamp('2026-06-11 01:06:27.947000'), Timestamp('2026-06-11 01:06:28.504000'), Timestamp('2026-06-11 01:06:28.791000'), Timestamp('2026-06-11 01:06:29.353000'), Timestamp('2026-06-11 01:06:29.680000'), Timestamp('2026-06-11 01:06:30.255000'), Timestamp('2026-06-11 01:06:30.548000'), Timestamp('2026-06-11 01:06:31.130000'), Timestamp('2026-06-11 01:06:31.472000'), Timestamp('2026-06-11 01:06:32.059000'), Timestamp('2026-06-11 01:06:32.359000'), Timestamp('2026-06-11 01:06:32.956000'), Timestamp('2026-06-11 01:06:33.307000'), Timestamp('2026-06-11 01:06:33.912000'), Timestamp('2026-06-11 01:06:34.227000'), Timestamp('2026-06-11 01:06:34.842000'), Timestamp('2026-06-11 01:06:35.209000'), Timestamp('2026-06-11 01:06:35.829000'), Timestamp('2026-06-11 01:06:36.158000'), Timestamp('2026-06-11 01:06:36.790000'), Timestamp('2026-06-11 01:06:37.166000'), Timestamp('2026-06-11 01:06:37.820000'), Timestamp('2026-06-11 01:06:38.156000'), Timestamp('2026-06-11 01:06:38.821000'), Timestamp('2026-06-11 01:06:39.210000'), Timestamp('2026-06-11 01:06:39.880000'), Timestamp('2026-06-11 01:06:40.238000'), Timestamp('2026-06-11 01:06:40.922000'), Timestamp('2026-06-11 01:06:41.332000'), Timestamp('2026-06-11 01:06:42.037000'), Timestamp('2026-06-11 01:06:42.399000'), Timestamp('2026-06-11 01:06:43.112000')]","[0.128, 0.382, 0.125, 0.295, 0.495, 0.25, 0.495, 0.289, 0.499, 0.26, 0.506, 0.289, 0.505, 0.266, 0.506, 0.299, 0.515, 0.262, 0.519, 0.301, 0.523, 0.265, 0.521, 0.31, 0.534, 0.271, 0.532, 0.315, 0.539, 0.279, 0.554, 0.321, 0.557, 0.287, 0.562, 0.327, 0.575, 0.293, 0.582, 0.342, 0.587, 0.3, 0.597, 0.351, 0.605, 0.315, 0.615, 0.367, 0.62, 0.329, 0.632, 0.376, 0.654, 0.336, 0.665, 0.389, 0.67, 0.358, 0.684, 0.41, 0.705, 0.362, 0.713]","[20.13499924698179, 19.934217076289812, 20.46410291677519, 19.548540521694882, 20.437992951837558, 20.401849217638695, 19.867549668874172, 19.7690109117275, 19.98684859444353, 19.61040393781778, 19.91778718205304, 20.19626292737356, 19.87682441428221, 19.64892932634868, 20.47710809141124, 19.820962212983986, 19.90517146585322, 20.70401736116932, 19.730012627251288, 19.834836781919904, 19.86035375979886, 19.95692479563447, 19.815909009847076, 19.218779769831514, 19.970411455676516, 20.370323374720048, 20.142228976911845, 19.83542673635887, 20.023693342687483, 19.699582131917026, 19.31323159323135, 19.97814259440576, 19.402572174359527, 19.535177868318655, 19.59982336930382, 19.63213657091208, 18.818907811126902, 18.85245026412902, 18.76555388231309, 18.443935926773456, 18.836892999550916, 18.678349455692732, 18.025846702317295, 18.433936955063714, 17.97408602024812, 18.227109615346684, 17.715287926008617, 17.623838734391732, 17.83672246619995, 17.047364236436632, 17.68686542952909, 16.80043943232518, 16.600562813150606, 16.72637954816877, 16.6385347537548, 16.79954818281773, 16.49607652958038, 15.95641915503688, 16.10858499704316, 16.013319962301118, 15.797450519567064, 15.740782736903824, 15.368131267066664, 14.870905526800117]","[2.577279903613669, 7.614870923142709, 2.5580128645968987, 5.7668194538999895, 10.116806511159592, 5.100462304409674, 9.834437086092715, 5.713244153489247, 9.97343744862732, 5.098705023832623, 10.078400314118838, 5.836719986010959, 10.037796329212517, 5.226615200808749, 10.361416694254087, 5.926467701682212, 10.251163304914408, 5.424452548626363, 10.239876553543418, 5.970285871357891, 10.386965016374804, 5.288585070843135, 10.324088594130327, 5.957821728647769, 10.66419971733126, 5.520357634549133, 10.715665815717102, 6.248159421953043, 10.792770711708554, 5.496183414804851, 10.69953030265017, 6.41298377280425, 10.807232701118258, 5.606596048207454, 11.015100733548747, 6.419708658688251, 10.820871991397969, 5.523767927389802, 10.921552359506217, 6.307826086956522, 11.057256190736387, 5.6035048367078195, 10.761430481283424, 6.470311871227364, 10.874322042250112, 5.741539528834205, 10.894902074495299, 6.4679488155217655, 11.05876792904397, 5.608582833787652, 11.178098951462385, 6.316965226554268, 10.856768079800498, 5.620063528184707, 11.064625611246942, 6.535024243116097, 11.052371274818857, 5.7123980575032025, 11.018272137977522, 6.565461184543458, 11.137202616294779, 5.6981633507591845, 10.957477593418531]",507.8886963452899,9.472254436271784
ADTC1_adz_raw_20260611_0112,2026-06-11 01:10:33.020,2026-06-11 01:10:39.479,"[Timestamp('2026-06-11 01:10:39.479000'), Timestamp('2026-06-11 01:10:40.078000'), Timestamp('2026-06-11 01:10:41.718000'), Timestamp('2026-06-11 01:10:42.007000'), Timestamp('2026-06-11 01:10:42.304000'), Timestamp('2026-06-11 01:10:43.055000'), Timestamp('2026-06-11 01:10:43.342000'), Timestamp('2026-06-11 01:10:44.900000'), Timestamp('2026-06-11 01:10:45.190000'), Timestamp('2026-06-11 01:10:45.797000'), Timestamp('2026-06-11 01:10:46.087000'), Timestamp('2026-06-11 01:10:47.637000'), Timestamp('2026-06-11 01:10:47.924000'), Timestamp('2026-06-11 01:10:48.530000'), Timestamp('2026-06-11 01:10:48.818000'), Timestamp('2026-06-11 01:10:50.357000'), Timestamp('2026-06-11 01:10:50.644000'), Timestamp('2026-06-11 01:10:51.240000'), Timestamp('2026-06-11 01:10:51.519000'), Timestamp('2026-06-11 01:10:53.038000'), Timestamp('2026-06-11 01:10:53.322000'), Timestamp('2026-06-11 01:10:53.873000'), Timestamp('2026-06-11 01:10:54.159000'), Timestamp('2026-06-11 01:10:55.645000'), Timestamp('2026-06-11 01:10:55.920000'), Timestamp('2026-06-11 01:10:56.430000'), Timestamp('2026-06-11 01:10:56.701000'), Timestamp('2026-06-11 01:10:58.159000'), Timestamp('2026-06-11 01:10:58.417000'), Timestamp('2026-06-11 01:10:58.961000'), Timestamp('2026-06-11 01:10:59.226000'), Timestamp('2026-06-11 01:11:00.650000'), Timestamp('2026-06-11 01:11:00.921000'), Timestamp('2026-06-11 01:11:01.477000'), Timestamp('2026-06-11 01:11:01.737000'), Timestamp('2026-06-11 01:11:03.136000'), Timestamp('2026-06-11 01:11:03.391000'), Timestamp('2026-06-11 01:11:03.939000'), Timestamp('2026-06-11 01:11:04.188000'), Timestamp('2026-06-11 01:11:05.564000'), Timestamp('2026-06-11 01:11:05.816000')]","[0.599, 1.6400000000000001, 0.289, 0.297, 0.751, 0.287, 1.558, 0.29, 0.607, 0.29, 1.55, 0.287, 0.606, 0.288, 1.5390000000000001, 0.287, 0.596, 0.279, 1.5190000000000001, 0.284, 0.551, 0.286, 1.486, 0.275, 0.51, 0.271, 1.458, 0.258, 0.544, 0.265, 1.424, 0.271, 0.556, 0.26, 1.399, 0.255, 0.548, 0.249, 1.376, 0.252]","[nan, nan, nan, nan, nan, nan, nan, nan, nan, nan, nan, nan, nan, nan, nan, nan, nan, nan, nan, nan, nan, nan, nan, nan, nan, nan, nan, nan, nan, nan, nan, nan, nan, nan, nan, nan, nan, nan, nan, nan, nan, nan]","[nan, nan, nan, nan, nan, nan, nan, nan, nan, nan, nan, nan, nan, nan, nan, nan, nan, nan, nan, nan, nan, nan, nan, nan, nan, nan, nan, nan, nan, nan, nan, nan, nan, nan, nan, nan, nan, nan, nan, nan]",,6.183503508751028
ADTC1_adz_raw_20260611_0227,2026-06-11 02:25:44.921,2026-06-11 02:25:54.937,"[Timestamp('2026-06-11 02:25:54.937000'), Timestamp('2026-06-11 02:25:55.073000'), Timestamp('2026-06-11 02:25:55.394000'), Timestamp('2026-06-11 02:25:55.525000'), Timestamp('2026-06-11 02:25:55.763000'), Timestamp('2026-06-11 02:25:55.844000'), Timestamp('2026-06-11 02:25:56.286000'), Timestamp('2026-06-11 02:25:56.364000'), Timestamp('2026-06-11 02:25:56.514000'), Timestamp('2026-06-11 02:25:56.595000'), Timestamp('2026-06-11 02:25:57.038000'), Timestamp('2026-06-11 02:25:57.118000'), Timestamp('2026-06-11 02:25:57.270000'), Timestamp('2026-06-11 02:25:57.351000'), Timestamp('2026-06-11 02:25:57.796000'), Timestamp('2026-06-11 02:25:57.874000'), Timestamp('2026-06-11 02:25:58.027000'), Timestamp('2026-06-11 02:25:58.106000'), Timestamp('2026-06-11 02:25:58.551000'), Timestamp('2026-06-11 02:25:58.626000'), Timestamp('2026-06-11 02:25:58.782000'), Timestamp('2026-06-11 02:25:58.862000'), Timestamp('2026-06-11 02:25:59.307000'), Timestamp('2026-06-11 02:25:59.383000'), Timestamp('2026-06-11 02:25:59.538000'), Timestamp('2026-06-11 02:25:59.616000'), Timestamp('2026-06-11 02:26:00.060000'), Timestamp('2026-06-11 02:26:00.137000'), Timestamp('2026-06-11 02:26:00.289000'), Timestamp('2026-06-11 02:26:00.371000'), Timestamp('2026-06-11 02:26:00.811000'), Timestamp('2026-06-11 02:26:00.893000'), Timestamp('2026-06-11 02:26:01.049000'), Timestamp('2026-06-11 02:26:01.125000'), Timestamp('2026-06-11 02:26:01.570000'), Timestamp('2026-06-11 02:26:01.647000'), Timestamp('2026-06-11 02:26:01.801000'), Timestamp('2026-06-11 02:26:01.878000'), Timestamp('2026-06-11 02:26:02.324000'), Timestamp('2026-06-11 02:26:02.402000'), Timestamp('2026-06-11 02:26:02.555000'), Timestamp('2026-06-11 02:26:02.633000'), Timestamp('2026-06-11 02:26:03.080000'), Timestamp('2026-06-11 02:26:03.153000'), Timestamp('2026-06-11 02:26:03.307000'), Timestamp('2026-06-11 02:26:03.387000'), Timestamp('2026-06-11 02:26:03.833000'), Timestamp('2026-06-11 02:26:03.910000'), Timestamp('2026-06-11 02:26:04.061000'), Timestamp('2026-06-11 02:26:04.147000'), Timestamp('2026-06-11 02:26:04.588000'), Timestamp('2026-06-11 02:26:04.663000'), Timestamp('2026-06-11 02:26:04.817000'), Timestamp('2026-06-11 02:26:04.896000'), Timestamp('2026-06-11 02:26:05.343000'), Timestamp('2026-06-11 02:26:05.420000'), Timestamp('2026-06-11 02:26:05.574000'), Timestamp('2026-06-11 02:26:05.652000'), Timestamp('2026-06-11 02:26:06.098000'), Timestamp('2026-06-11 02:26:06.173000'), Timestamp('2026-06-11 02:26:06.330000'), Timestamp('2026-06-11 02:26:06.408000'), Timestamp('2026-06-11 02:26:06.853000'), Timestamp('2026-06-11 02:26:06.929000'), Timestamp('2026-06-11 02:26:07.082000'), Timestamp('2026-06-11 02:26:07.162000'), Timestamp('2026-06-11 02:26:07.608000'), Timestamp('2026-06-11 02:26:07.683000'), Timestamp('2026-06-11 02:26:07.838000'), Timestamp('2026-06-11 02:26:07.917000'), Timestamp('2026-06-11 02:26:08.361000'), Timestamp('2026-06-11 02:26:08.439000'), Timestamp('2026-06-11 02:26:08.592000'), Timestamp('2026-06-11 02:26:08.672000'), Timestamp('2026-06-11 02:26:09.117000'), Timestamp('2026-06-11 02:26:09.193000'), Timestamp('2026-06-11 02:26:09.346000'), Timestamp('2026-06-11 02:26:09.428000'), Timestamp('2026-06-11 02:26:09.873000'), Timestamp('2026-06-11 02:26:09.949000'), Timestamp('2026-06-11 02:26:10.103000'), Timestamp('2026-06-11 02:26:10.183000'), Timestamp('2026-06-11 02:26:10.628000'), Timestamp('2026-06-11 02:26:10.706000')]","[0.136, 0.321, 0.131, 0.238, 0.081, 0.442, 0.078, 0.15, 0.081, 0.443, 0.08, 0.152, 0.081, 0.445, 0.078, 0.153, 0.079, 0.445, 0.075, 0.156, 0.08, 0.445, 0.076, 0.155, 0.078, 0.444, 0.077, 0.152, 0.082, 0.44, 0.082, 0.156, 0.076, 0.445, 0.077, 0.154, 0.077, 0.446, 0.078, 0.153, 0.078, 0.447, 0.073, 0.154, 0.08, 0.446, 0.077, 0.151, 0.086, 0.441, 0.075, 0.154, 0.079, 0.447, 0.077, 0.154, 0.078, 0.446, 0.075, 0.157, 0.078, 0.445, 0.076, 0.153, 0.08, 0.446, 0.075, 0.155, 0.079, 0.444, 0.078, 0.153, 0.08, 0.445, 0.076, 0.153, 0.082, 0.445, 0.076, 0.154, 0.08, 0.445, 0.078]","[21.62169181622211, 22.17253549370338, 22.14022140221402, 21.55239127070113, 21.5994289094332, 21.788030492661278, 21.43074623947261, 21.859131484546296, 21.518627358043418, 21.859131484546296, 21.978021978021978, 22.08620328452821, 21.632759101976966, 22.031562029528324, 22.07024076396013, 22.228844871809358, 22.047245281255734, 21.910603206247643, 22.0545535664351, 22.03425229741019, 22.100261740826575, 22.161687318923214, 21.979485869935303, 22.084050581218932, 22.26414619668884, 22.48040313549832, 22.43363348504694, 22.176336249562794, 21.947172481175144, 22.48415981386119, 22.087645968299142, 22.48415981386119, 22.629570676394138, 22.300950800203186, 23.03063018417655, 22.42424242424243, 22.605736299147324, 22.415266035238233, 22.516214569821194, 22.731076322303963, 22.77930402930403, 22.620695647137186, 23.128129745941088, 22.352572487464577, 23.021831070084737, 22.796565037944347, 22.477666707551407, 23.12440440093563, 22.743260200007605, 23.345956891684025, 22.894063516088266, 22.886355825409552, 22.799144932908735, 23.092163030905347, 23.359588281257537, 23.255169010980058, 23.435576123202825, 23.38472886140229, 23.589720483962516, 23.108266921880833, 23.463071833028884, 23.32651349783484, 23.321185823500244, 23.286829433211643, 23.29035381094878, 23.614397807946194, 23.742287612719508, 23.632321812017715, 23.845493363037228, 23.73710774632434, 23.402181480621955, 23.421043332329123, 23.738465861393124, 23.65947100862006, 23.521220799985944, 23.94096422746165, 24.200465846971873, 24.0389588616964, 24.218877449495267, 24.005740664023197, 23.8418138521732, 24.063932654000922, 24.0389588616964, 24.36539087449607]","[2.940550087006207, 7.1173838934787845, 2.9003690036900367, 5.129469122426869, 1.7495537416640894, 9.630309477756285, 1.6715982066788637, 3.2788697226819443, 1.743008816001517, 9.68359524765401, 1.7582417582417582, 3.3571028992482876, 1.7522534872601343, 9.804045103140105, 1.72147877958889, 3.4010132653868315, 1.741732377219203, 9.7502184267802, 1.6540915174826325, 3.4373433583959896, 1.7680209392661261, 9.86195085692083, 1.670440926115083, 3.4230278400889342, 1.7366034033417297, 9.981298992161255, 1.7273897783486143, 3.3708031099335445, 1.799668143456362, 9.893030318098925, 1.8111869694005298, 3.5075289309623456, 1.7198473714059546, 9.923923106090419, 1.7733585241815946, 3.453333333333334, 1.740641695034344, 9.997208651716251, 1.756264736446053, 3.4778546773125063, 1.7767857142857142, 10.111450954270323, 1.6883534714536994, 3.442296163069545, 1.841746485606779, 10.167268006923178, 1.7307803364814582, 3.4917850645412805, 1.955920377200654, 10.295566989232656, 1.71705476370662, 3.524498797113071, 1.80113244969979, 10.32219687481469, 1.7986882976568304, 3.5812960276909287, 1.8279749376098204, 10.429589072185422, 1.7692290362971888, 3.627997906735291, 1.830119602976253, 10.380298506536503, 1.7724101225860185, 3.562884903281381, 1.8632283048759024, 10.532021422344002, 1.7806715709539631, 3.6630098808627456, 1.8837939756799411, 10.539275839368008, 1.8253701554885124, 3.5834196298463556, 1.89907726891145, 10.528464598835926, 1.7876127807989317, 3.662967526801632, 1.9844381994516938, 10.697336693454899, 1.8406346861616403, 3.6968840622595724, 1.907345108173856, 10.708450031030411, 1.8750387912123192]",359.32197598386426,9.912629070691024
ADTC1_adz_raw_20260611_0257,2026-06-11 02:55:47.618,2026-06-11 02:55:57.699,"[Timestamp('2026-06-11 02:55:57.699000'), Timestamp('2026-06-11 02:55:57.834000'), Timestamp('2026-06-11 02:55:58.132000'), Timestamp('2026-06-11 02:55:58.270000'), Timestamp('2026-06-11 02:55:58.496000'), Timestamp('2026-06-11 02:55:58.573000'), Timestamp('2026-06-11 02:55:58.984000'), Timestamp('2026-06-11 02:55:59.064000'), Timestamp('2026-06-11 02:55:59.217000'), Timestamp('2026-06-11 02:55:59.294000'), Timestamp('2026-06-11 02:55:59.702000'), Timestamp('2026-06-11 02:55:59.779000'), Timestamp('2026-06-11 02:55:59.937000'), Timestamp('2026-06-11 02:56:00.012000'), Timestamp('2026-06-11 02:56:00.425000'), Timestamp('2026-06-11 02:56:00.502000'), Timestamp('2026-06-11 02:56:00.655000'), Timestamp('2026-06-11 02:56:00.732000'), Timestamp('2026-06-11 02:56:01.144000'), Timestamp('2026-06-11 02:56:01.221000'), Timestamp('2026-06-11 02:56:01.374000'), Timestamp('2026-06-11 02:56:01.452000'), Timestamp('2026-06-11 02:56:01.857000'), Timestamp('2026-06-11 02:56:01.936000'), Timestamp('2026-06-11 02:56:02.090000'), Timestamp('2026-06-11 02:56:02.166000'), Timestamp('2026-06-11 02:56:02.576000'), Timestamp('2026-06-11 02:56:02.652000'), Timestamp('2026-06-11 02:56:02.806000'), Timestamp('2026-06-11 02:56:02.882000'), Timestamp('2026-06-11 02:56:03.292000'), Timestamp('2026-06-11 02:56:03.368000'), Timestamp('2026-06-11 02:56:03.520000'), Timestamp('2026-06-11 02:56:03.600000'), Timestamp('2026-06-11 02:56:03.608000'), Timestamp('2026-06-11 02:56:04.004000'), Timestamp('2026-06-11 02:56:04.082000'), Timestamp('2026-06-11 02:56:04.234000'), Timestamp('2026-06-11 02:56:04.311000'), Timestamp('2026-06-11 02:56:04.720000'), Timestamp('2026-06-11 02:56:04.796000'), Timestamp('2026-06-11 02:56:04.948000'), Timestamp('2026-06-11 02:56:05.025000'), Timestamp('2026-06-11 02:56:05.434000'), Timestamp('2026-06-11 02:56:05.506000'), Timestamp('2026-06-11 02:56:05.657000'), Timestamp('2026-06-11 02:56:05.735000'), Timestamp('2026-06-11 02:56:06.145000'), Timestamp('2026-06-11 02:56:06.221000'), Timestamp('2026-06-11 02:56:06.369000'), Timestamp('2026-06-11 02:56:06.451000'), Timestamp('2026-06-11 02:56:06.858000'), Timestamp('2026-06-11 02:56:06.932000'), Timestamp('2026-06-11 02:56:07.085000'), Timestamp('2026-06-11 02:56:07.161000'), Timestamp('2026-06-11 02:56:07.569000'), Timestamp('2026-06-11 02:56:07.644000'), Timestamp('2026-06-11 02:56:07.797000'), Timestamp('2026-06-11 02:56:07.873000'), Timestamp('2026-06-11 02:56:08.281000'), Timestamp('2026-06-11 02:56:08.354000'), Timestamp('2026-06-11 02:56:08.509000'), Timestamp('2026-06-11 02:56:08.586000'), Timestamp('2026-06-11 02:56:08.989000'), Timestamp('2026-06-11 02:56:09.068000'), Timestamp('2026-06-11 02:56:09.220000'), Timestamp('2026-06-11 02:56:09.296000'), Timestamp('2026-06-11 02:56:09.705000'), Timestamp('2026-06-11 02:56:09.780000'), Timestamp('2026-06-11 02:56:09.932000'), Timestamp('2026-06-11 02:56:10.010000'), Timestamp('2026-06-11 02:56:10.418000'), Timestamp('2026-06-11 02:56:10.493000'), Timestamp('2026-06-11 02:56:10.645000'), Timestamp('2026-06-11 02:56:10.721000'), Timestamp('2026-06-11 02:56:11.129000'), Timestamp('2026-06-11 02:56:11.204000'), Timestamp('2026-06-11 02:56:11.353000'), Timestamp('2026-06-11 02:56:11.431000'), Timestamp('2026-06-11 02:56:11.839000'), Timestamp('2026-06-11 02:56:11.914000')]","[0.135, 0.298, 0.138, 0.226, 0.077, 0.411, 0.08, 0.153, 0.077, 0.408, 0.077, 0.158, 0.075, 0.413, 0.077, 0.153, 0.077, 0.412, 0.077, 0.153, 0.078, 0.405, 0.079, 0.154, 0.076, 0.41, 0.076, 0.154, 0.076, 0.41, 0.076, 0.152, 0.08, 0.008, 0.396, 0.078, 0.152, 0.077, 0.409, 0.076, 0.152, 0.077, 0.409, 0.072, 0.151, 0.078, 0.41, 0.076, 0.148, 0.082, 0.407, 0.074, 0.153, 0.076, 0.408, 0.075, 0.153, 0.076, 0.408, 0.073, 0.155, 0.077, 0.403, 0.079, 0.152, 0.076, 0.409, 0.075, 0.152, 0.078, 0.408, 0.075, 0.152, 0.076, 0.408, 0.075, 0.149, 0.078, 0.408, 0.075]","[21.05760646956886, 19.44770557909245, 22.49455337690632, 20.512820512820504, 20.653587830842337, 21.070645489063576, 21.20630861040068, 20.516919797495326, 21.070645489063576, 19.700551615445242, 21.648808222173624, 20.100773313933114, 25.8174047946609, 20.100773313933114, 23.071455907276807, 20.65758165693272, 20.100773313933114, 21.648808222173624, 21.229544449358695, 20.23516543614985, 20.100773313933114, 21.370345891165453, 19.818107777928596, 20.23516543614985, 20.800175621535583, 21.370345891165453, 20.226221652643893, 19.239780589321636, 18.974918211559434, 20.800715723551786, 19.803075561455906, 19.239780589321636, 22.55639097744361, 20.65559048046699, 19.65683824754289, 19.803075561455906, 19.239780589321636, 20.079984338730878, 20.213490801726095, 20.063839489284092, 18.943918224493757, 19.932622122403142, 19.36097588271501, 19.509476031215154, 18.794266912051754, 20.213490801726095, 18.64345099795649, 19.211324570272993, 18.49145683453237, 19.178474309431802, 18.755328218243815, 18.60093575259613, 18.18387809437489, 18.755328218243815, 18.18387809437489, 18.755328218243815, 18.18387809437489, 19.45345067160723, 17.617165443252404, 17.713319384333168, 17.871417151992688, 18.130377042554407, 16.177385598732968, 17.713319384333168, 17.713319384333168, 17.871417151992688, 16.82027649769585, 17.810371922472484, 17.55395683453237, 18.3941605839416, 16.65702718334297, 17.23137618937107, 16.65702718334297, 18.233518013660472, 15.521701638401847, 16.159250585480095, 15.354421611637036, 16.570350277155313, 15.990593768371543, 16.401693460046776]","[2.8427768733917964, 5.79541626256955, 3.1042483660130724, 4.635897435897434, 1.59032626297486, 8.660035296005129, 1.6965046888320543, 3.139088729016785, 1.6224397026578954, 8.037825059101658, 1.6669582331073691, 3.175922183601432, 1.9363053595995674, 8.301619378654376, 1.776502104860314, 3.160609993510706, 1.5477595451728499, 8.919308987535533, 1.6346749226006194, 3.095980311730927, 1.567860318486783, 8.654990085922009, 1.5656305144563591, 3.116215477167077, 1.5808133472367043, 8.761841815377835, 1.5371928456009358, 2.962926210755532, 1.4420937840785168, 8.528293446656232, 1.5050337426706488, 2.924446649576889, 1.8045112781954888, 0.16524472384373592, 7.784107946026984, 1.5446398937935606, 2.924446649576889, 1.5461587940822776, 8.267317737905973, 1.524851801185591, 2.8794755701230508, 1.534811903425042, 7.918639136030439, 1.404682274247491, 2.837934303719815, 1.5766522825346354, 7.64381490916216, 1.4600606673407475, 2.736735611510791, 1.5726348933734078, 7.633418584825232, 1.3764692456921135, 2.7821333484393582, 1.4254049445865298, 7.419022262504955, 1.406649616368286, 2.7821333484393582, 1.4784622510421492, 7.1878035008469805, 1.2930723150563213, 2.7700696585588664, 1.3960390322766894, 6.519486396289387, 1.3993522313623203, 2.6924245464186414, 1.3582277035514443, 6.879493087557602, 1.3357778941854364, 2.6682014388489206, 1.4347445255474447, 6.7960670908039305, 1.2923532142028302, 2.5318681318681313, 1.3857473690381958, 6.332854268467953, 1.2119437939110072, 2.287808820133918, 1.2924873216181145, 6.524162257495589, 1.2301270095035082]",271.7380635203387,9.970976732732746
ADTC1_adz_raw_20260611_0330,2026-06-11 03:28:58.704,2026-06-11 03:29:08.724,"[Timestamp('2026-06-11 03:29:08.724000'), Timestamp('2026-06-11 03:29:08.857000'), Timestamp('2026-06-11 03:29:09.149000'), Timestamp('2026-06-11 03:29:09.282000'), Timestamp('2026-06-11 03:29:09.514000'), Timestamp('2026-06-11 03:29:09.589000'), Timestamp('2026-06-11 03:29:09.992000'), Timestamp('2026-06-11 03:29:10.071000'), Timestamp('2026-06-11 03:29:10.227000'), Timestamp('2026-06-11 03:29:10.303000'), Timestamp('2026-06-11 03:29:10.733000'), Timestamp('2026-06-11 03:29:10.807000'), Timestamp('2026-06-11 03:29:10.956000'), Timestamp('2026-06-11 03:29:11.031000'), Timestamp('2026-06-11 03:29:11.467000'), Timestamp('2026-06-11 03:29:11.543000'), Timestamp('2026-06-11 03:29:11.701000'), Timestamp('2026-06-11 03:29:11.777000'), Timestamp('2026-06-11 03:29:12.213000'), Timestamp('2026-06-11 03:29:12.289000'), Timestamp('2026-06-11 03:29:12.462000'), Timestamp('2026-06-11 03:29:12.535000'), Timestamp('2026-06-11 03:29:12.959000'), Timestamp('2026-06-11 03:29:13.033000'), Timestamp('2026-06-11 03:29:13.202000'), Timestamp('2026-06-11 03:29:13.280000'), Timestamp('2026-06-11 03:29:13.703000'), Timestamp('2026-06-11 03:29:13.777000'), Timestamp('2026-06-11 03:29:13.933000'), Timestamp('2026-06-11 03:29:14.014000'), Timestamp('2026-06-11 03:29:14.448000'), Timestamp('2026-06-11 03:29:14.523000'), Timestamp('2026-06-11 03:29:14.672000'), Timestamp('2026-06-11 03:29:14.749000'), Timestamp('2026-06-11 03:29:15.184000'), Timestamp('2026-06-11 03:29:15.260000'), Timestamp('2026-06-11 03:29:15.419000'), Timestamp('2026-06-11 03:29:15.496000'), Timestamp('2026-06-11 03:29:15.906000'), Timestamp('2026-06-11 03:29:15.981000'), Timestamp('2026-06-11 03:29:16.151000'), Timestamp('2026-06-11 03:29:16.229000'), Timestamp('2026-06-11 03:29:16.666000'), Timestamp('2026-06-11 03:29:16.741000'), Timestamp('2026-06-11 03:29:16.913000'), Timestamp('2026-06-11 03:29:16.990000'), Timestamp('2026-06-11 03:29:17.411000'), Timestamp('2026-06-11 03:29:17.484000'), Timestamp('2026-06-11 03:29:17.654000'), Timestamp('2026-06-11 03:29:17.734000'), Timestamp('2026-06-11 03:29:18.171000'), Timestamp('2026-06-11 03:29:18.247000'), Timestamp('2026-06-11 03:29:18.407000'), Timestamp('2026-06-11 03:29:18.483000'), Timestamp('2026-06-11 03:29:18.866000'), Timestamp('2026-06-11 03:29:18.941000'), Timestamp('2026-06-11 03:29:19.103000'), Timestamp('2026-06-11 03:29:19.178000'), Timestamp('2026-06-11 03:29:19.603000'), Timestamp('2026-06-11 03:29:19.678000'), Timestamp('2026-06-11 03:29:19.851000'), Timestamp('2026-06-11 03:29:19.927000'), Timestamp('2026-06-11 03:29:20.353000'), Timestamp('2026-06-11 03:29:20.429000'), Timestamp('2026-06-11 03:29:20.602000'), Timestamp('2026-06-11 03:29:20.679000'), Timestamp('2026-06-11 03:29:21.103000'), Timestamp('2026-06-11 03:29:21.180000'), Timestamp('2026-06-11 03:29:21.337000'), Timestamp('2026-06-11 03:29:21.415000'), Timestamp('2026-06-11 03:29:21.854000'), Timestamp('2026-06-11 03:29:21.931000'), Timestamp('2026-06-11 03:29:22.089000'), Timestamp('2026-06-11 03:29:22.169000'), Timestamp('2026-06-11 03:29:22.608000'), Timestamp('2026-06-11 03:29:22.683000'), Timestamp('2026-06-11 03:29:22.845000'), Timestamp('2026-06-11 03:29:22.921000'), Timestamp('2026-06-11 03:29:23.292000'), Timestamp('2026-06-11 03:29:23.370000'), Timestamp('2026-06-11 03:29:23.529000'), Timestamp('2026-06-11 03:29:23.609000'), Timestamp('2026-06-11 03:29:24.021000'), Timestamp('2026-06-11 03:29:24.097000')]","[0.133, 0.292, 0.133, 0.232, 0.075, 0.403, 0.079, 0.156, 0.076, 0.43, 0.074, 0.149, 0.075, 0.436, 0.076, 0.158, 0.076, 0.436, 0.076, 0.173, 0.073, 0.424, 0.074, 0.169, 0.078, 0.423, 0.074, 0.156, 0.081, 0.434, 0.075, 0.149, 0.077, 0.435, 0.076, 0.159, 0.077, 0.41, 0.075, 0.17, 0.078, 0.437, 0.075, 0.172, 0.077, 0.421, 0.073, 0.17, 0.08, 0.437, 0.076, 0.16, 0.076, 0.383, 0.075, 0.162, 0.075, 0.425, 0.075, 0.173, 0.076, 0.426, 0.076, 0.173, 0.077, 0.424, 0.077, 0.157, 0.078, 0.439, 0.077, 0.158, 0.08, 0.439, 0.075, 0.162, 0.076, 0.371, 0.078, 0.159, 0.08, 0.412, 0.076]","[22.280427320295935, 22.233201581027664, 21.90048747395213, 22.58977165541001, 22.261426993831982, 22.34613795952086, 22.139923241507788, 22.637490689539632, 22.30332193431824, 22.18122181221812, 22.066787855523582, 22.099522465812893, 21.695633252509065, 22.188972846533943, 22.058823529411764, 22.506852915774843, 22.235587295391568, 22.42515356936962, 22.601695233564122, 22.318346119212546, 22.150014843261477, 22.107188631218477, 22.64907441635624, 22.478192666527125, 22.47985938903049, 22.478192666527125, 22.138413458730064, 22.612062404427803, 22.39592227041426, 22.555052731377856, 22.775285755170458, 22.66061917879336, 22.624380322574886, 22.721561119069285, 22.27114349065569, 22.686649330162105, 22.376025727594218, 22.633784723200783, 22.59086433997937, 22.43363348504694, 22.876523664259697, 22.526063118970477, 22.30877310863091, 22.336500035894616, 22.318322687864885, 22.580881446739042, 22.23762150232739, 22.230580299517072, 22.352156819388675, 22.128585507844285, 21.932589374449844, 22.57234772798975, 22.498408493466577, 22.407918945009428, 22.501709617045787, 22.771489674284574, 22.98374937175406, 22.573952498890584, 22.560392738540394, 22.431224455651424, 22.973033270570042, 22.35926387817817, 22.316985283423886, 22.503125781445362, 22.807894552746948, 22.70019222666948, 22.646586887174507, 22.8468807594745, 22.710185292080347, 22.500438840291388, 23.113285231658082, 22.964152507252383, 22.19199719199719, 23.14492375705683, 22.805397484366082, 22.897837094366828, 22.452119167199932, 22.700692021609004, 22.565482679585372, 22.966315570817173, 23.563761192457317, 22.8486452920221, 23.495023051693742, 22.75386944707072]","[2.9632968335993595, 6.492094861660077, 2.912764834035633, 5.240827024055123, 1.6696070245373986, 9.005493597686907, 1.7490539360791153, 3.5314485475681825, 1.6950524670081863, 9.53792537925379, 1.632942301308745, 3.292828847406121, 1.6271724939381798, 9.674392161088798, 1.6764705882352942, 3.556082760692425, 1.689904634449759, 9.777366956245155, 1.7177288377508733, 3.86107387862377, 1.6169510835580878, 9.373447979636634, 1.6760315068103615, 3.7988145606430845, 1.7534290323443782, 9.508275497940973, 1.6382425959460247, 3.5274817350907375, 1.8140697039035552, 9.78889288541799, 1.7081464316377843, 3.376432257640211, 1.7420772848382662, 9.883879086795138, 1.6926069052898323, 3.6071772434957747, 1.7229539810247547, 9.27985173651232, 1.6943148254984526, 3.81371769245798, 1.7843688458122564, 9.843889582990098, 1.6731579831473182, 3.8418780061738738, 1.718510846965596, 9.506551089077137, 1.6233463696698993, 3.7791986509179027, 1.788172545551094, 9.670191866927953, 1.666876792458188, 3.61157563647836, 1.7098790455034598, 8.582232955938611, 1.687628221278434, 3.688981327234101, 1.7237812028815547, 9.593929812028499, 1.6920294553905295, 3.880601830827696, 1.7459505285633232, 9.5250464121039, 1.6960908815402154, 3.8930407601900474, 1.756207880561515, 9.62488150410786, 1.7437871903124371, 3.5869602792374966, 1.771394452782267, 9.87769265088792, 1.7797229628376723, 3.6283360961458766, 1.7753597753597752, 10.160621529347948, 1.7104048113274561, 3.709449609287426, 1.7063610567071947, 8.42195674001694, 1.760107649007659, 3.6516441757599307, 1.8851008953965853, 9.413641860313104, 1.7856217519287243]",345.99648551268103,9.915234968033149
ADTC1_adz_raw_20260611_0339,2026-06-11 03:38:21.622,2026-06-11 03:38:31.770,"[Timestamp('2026-06-11 03:38:31.770000'), Timestamp('2026-06-11 03:38:31.901000'), Timestamp('2026-06-11 03:38:32.183000'), Timestamp('2026-06-11 03:38:32.316000')]","[0.131, 0.282, 0.133]","[20.635964912280702, 20.876599855107457, 20.68222658952505, 20.92369993531468]","[2.703311403508772, 5.887201159140303, 2.750736136406832]",11.341248699055907,10.032913516384776
ADTC1_adz_raw_20260611_0350,2026-06-11 03:48:42.563,2026-06-11 03:48:52.589,"[Timestamp('2026-06-11 03:48:52.589000'), Timestamp('2026-06-11 03:48:52.721000'), Timestamp('2026-06-11 03:48:53.118000'), Timestamp('2026-06-11 03:48:53.250000')]","[0.132, 0.397, 0.132]","[nan, nan, nan, nan, nan, nan, nan, nan, nan, nan, nan, nan, nan, nan, nan, nan, nan, nan, nan, nan, nan, nan, nan, nan, nan, nan, nan, nan, nan, nan]","[nan, nan, nan]",,9.906121699241924
ADTC1_adz_raw_20260611_0425,2026-06-11 04:24:32.706,2026-06-11 04:24:42.730,"[Timestamp('2026-06-11 04:24:42.730000'), Timestamp('2026-06-11 04:24:42.844000'), Timestamp('2026-06-11 04:24:43.198000'), Timestamp('2026-06-11 04:24:43.318000'), Timestamp('2026-06-11 04:24:43.588000'), Timestamp('2026-06-11 04:24:43.706000'), Timestamp('2026-06-11 04:24:44.066000'), Timestamp('2026-06-11 04:24:44.181000'), Timestamp('2026-06-11 04:24:44.418000'), Timestamp('2026-06-11 04:24:44.530000'), Timestamp('2026-06-11 04:24:45.332000'), Timestamp('2026-06-11 04:24:45.448000'), Timestamp('2026-06-11 04:24:45.635000'), Timestamp('2026-06-11 04:24:45.751000'), Timestamp('2026-06-11 04:24:46.551000'), Timestamp('2026-06-11 04:24:46.663000'), Timestamp('2026-06-11 04:24:46.861000'), Timestamp('2026-06-11 04:24:46.979000'), Timestamp('2026-06-11 04:24:47.780000'), Timestamp('2026-06-11 04:24:47.888000'), Timestamp('2026-06-11 04:24:48.083000'), Timestamp('2026-06-11 04:24:48.198000'), Timestamp('2026-06-11 04:24:49.002000'), Timestamp('2026-06-11 04:24:49.117000')]","[0.114, 0.354, 0.12, 0.27, 0.118, 0.36, 0.115, 0.237, 0.112, 0.802, 0.116, 0.187, 0.116, 0.8, 0.112, 0.198, 0.118, 0.801, 0.108, 0.195, 0.115, 0.804, 0.115]","[21.474239827217026, 21.194774964245553, 21.52777777777778, 21.472812682126893, 21.58029979204446, 21.334845965842273, 21.212478126261953, 21.547388781431337, 22.016151108677796, 21.89752171027957, 21.777532892539902, 22.16243685996649, 19.520605527700525, 20.770935576558987, 20.773505382304293, 21.246206334999968, 20.7290294246816, 21.746754632971104, 20.96444231646319, 21.093791432928576, 19.911528250073516, 20.501894722907117, 20.5795757037993, 20.64384752203089]","[2.448063340302741, 7.502950337342925, 2.5833333333333335, 5.797659424174261, 2.546475375461246, 7.680544547703218, 2.439434984520125, 5.106731141199226, 2.465808924171913, 17.561812411644215, 2.526193815534629, 4.144375692813734, 2.264390241213261, 16.61674846124719, 2.326632602818081, 4.206748854329994, 2.4460254721124284, 17.419150461009856, 2.2641597701780247, 4.113289329421073, 2.2898257487584543, 16.483523357217322, 2.3666512059369196]",135.60052883244418,9.911076337727224
ADTC1_adz_raw_20260611_0431,2026-06-11 04:30:05.050,2026-06-11 04:30:15.091,"[Timestamp('2026-06-11 04:30:15.091000'), Timestamp('2026-06-11 04:30:15.209000'), Timestamp('2026-06-11 04:30:15.599000'), Timestamp('2026-06-11 04:30:15.716000'), Timestamp('2026-06-11 04:30:15.956000'), Timestamp('2026-06-11 04:30:16.073000'), Timestamp('2026-06-11 04:30:16.837000'), Timestamp('2026-06-11 04:30:16.949000'), Timestamp('2026-06-11 04:30:17.181000'), Timestamp('2026-06-11 04:30:17.290000'), Timestamp('2026-06-11 04:30:18.059000'), Timestamp('2026-06-11 04:30:18.167000'), Timestamp('2026-06-11 04:30:18.395000'), Timestamp('2026-06-11 04:30:18.513000'), Timestamp('2026-06-11 04:30:19.272000'), Timestamp('2026-06-11 04:30:19.390000'), Timestamp('2026-06-11 04:30:19.615000'), Timestamp('2026-06-11 04:30:19.721000'), Timestamp('2026-06-11 04:30:20.489000'), Timestamp('2026-06-11 04:30:20.604000'), Timestamp('2026-06-11 04:30:20.829000'), Timestamp('2026-06-11 04:30:20.942000'), Timestamp('2026-06-11 04:30:21.702000'), Timestamp('2026-06-11 04:30:21.820000'), Timestamp('2026-06-11 04:30:22.042000'), Timestamp('2026-06-11 04:30:22.155000'), Timestamp('2026-06-11 04:30:22.920000'), Timestamp('2026-06-11 04:30:23.035000'), Timestamp('2026-06-11 04:30:23.260000'), Timestamp('2026-06-11 04:30:23.371000'), Timestamp('2026-06-11 04:30:24.138000'), Timestamp('2026-06-11 04:30:24.247000'), Timestamp('2026-06-11 04:30:24.476000'), Timestamp('2026-06-11 04:30:24.587000'), Timestamp('2026-06-11 04:30:25.352000'), Timestamp('2026-06-11 04:30:25.467000'), Timestamp('2026-06-11 04:30:25.687000'), Timestamp('2026-06-11 04:30:25.803000'), Timestamp('2026-06-11 04:30:26.566000'), Timestamp('2026-06-11 04:30:26.678000'), Timestamp('2026-06-11 04:30:26.911000'), Timestamp('2026-06-11 04:30:27.022000'), Timestamp('2026-06-11 04:30:27.783000'), Timestamp('2026-06-11 04:30:27.897000'), Timestamp('2026-06-11 04:30:28.122000'), Timestamp('2026-06-11 04:30:28.237000'), Timestamp('2026-06-11 04:30:29.003000'), Timestamp('2026-06-11 04:30:29.115000')]","[0.118, 0.39, 0.117, 0.24, 0.117, 0.764, 0.112, 0.232, 0.109, 0.769, 0.108, 0.228, 0.118, 0.759, 0.118, 0.225, 0.106, 0.768, 0.115, 0.225, 0.113, 0.76, 0.118, 0.222, 0.113, 0.765, 0.115, 0.225, 0.111, 0.767, 0.109, 0.229, 0.111, 0.765, 0.115, 0.22, 0.116, 0.763, 0.112, 0.233, 0.111, 0.761, 0.114, 0.225, 0.115, 0.766, 0.112]","[22.107471444134042, 21.964620745108544, 22.080230239075, 21.667444910577576, 21.126760563380284, 21.39071562501708, 21.805934665844852, 21.336429308565528, 21.924956763666437, 21.50537634408602, 22.080230239075, 21.774282055972193, 21.276325325314502, 21.84861974430661, 21.766773860063886, 22.342961844410468, 22.090930344040977, 22.160073076707864, 22.144585484517943, 22.339653016997936, 21.83621228194042, 22.231554677206844, 22.49581648185882, 22.72532806459391, 21.96158328583703, 21.50950594374803, 22.096952660067586, 22.074997240078467, 22.010586520917855, 21.67302131522127, 22.09335785779198, 21.514172697908208, 21.86332207030813, 21.41493828731391, 21.806287838261976, 21.987254851730654, 21.303069150139507, 21.869534206302625, 21.644847250707713, 21.215685523049906, 21.98390332718691, 21.640707261081893, 21.743755074458143, 21.907753263685468, 21.771836420391978, 21.640508342469438, 22.68574094767928, 21.463627201332116]","[2.608681630407817, 8.566202090592332, 2.5833869379717753, 5.200186778538618, 2.4718309859154934, 16.342506737513048, 2.4422646825746233, 4.950051599587202, 2.3898202872396417, 16.53763440860215, 2.3846648658201, 4.9645363087616605, 2.510606388387111, 16.58310238592872, 2.5684793154875383, 5.027166414992355, 2.3416386164683436, 17.01893612291164, 2.5466273307195637, 5.0264219288245355, 2.4674919878592676, 16.895981554677203, 2.6545063448593407, 5.045022830339848, 2.4816589112995846, 16.454772046967243, 2.5411495559077726, 4.966874379017655, 2.443175103821882, 16.623207348774713, 2.4081760064993256, 4.92674554782098, 2.4268287498042023, 16.38242778979514, 2.5077231014001273, 4.837196067380744, 2.4711560214161827, 16.686454599408904, 2.4242228920792637, 4.943254726870628, 2.4402132693177467, 16.46857822568332, 2.4787880784882286, 4.929244484329231, 2.5037611883450777, 16.57662939033159, 2.5408029861400796]",305.5907890058795,9.923188129507832
ADTC1_adz_raw_20260611_0510,2026-06-11 05:08:43.120,2026-06-11 05:08:53.214,"[Timestamp('2026-06-11 05:08:53.214000'), Timestamp('2026-06-11 05:08:53.702000'), Timestamp('2026-06-11 05:08:54.163000'), Timestamp('2026-06-11 05:08:54.643000'), Timestamp('2026-06-11 05:08:55.007000'), Timestamp('2026-06-11 05:08:55.955000'), Timestamp('2026-06-11 05:08:56.437000')]","[0.488, 0.461, 0.48, 0.364, 0.948, 0.482]","[4.6620046620046605, -9.568832944124853, 19.065520945220193, 25.231910946196663, -10.670270270270269, 20.33464473621842, 91.35338345864662, 21.480226258383258, 87.78247951742144]","[2.2750582750582744, -4.411231987241558, 9.151450053705693, 9.184415584415586, -10.115416216216214, 9.801298762857277]",15.885574472579057,9.891454149009268
ADTC1_adz_raw_20260611_0514,2026-06-11 05:12:48.643,2026-06-11 05:12:58.664,"[Timestamp('2026-06-11 05:12:58.664000'), Timestamp('2026-06-11 05:12:58.789000'), Timestamp('2026-06-11 05:12:59.396000'), Timestamp('2026-06-11 05:12:59.516000'), Timestamp('2026-06-11 05:13:00.125000'), Timestamp('2026-06-11 05:13:00.244000'), Timestamp('2026-06-11 05:13:00.858000'), Timestamp('2026-06-11 05:13:00.978000'), Timestamp('2026-06-11 05:13:01.588000'), Timestamp('2026-06-11 05:13:01.706000'), Timestamp('2026-06-11 05:13:02.311000'), Timestamp('2026-06-11 05:13:02.435000')]","[0.125, 0.607, 0.12, 0.609, 0.119, 0.614, 0.12, 0.61, 0.118, 0.605, 0.124]","[21.950240770465488, 22.057361870119728, 22.219561294311767, 22.09834922111137, 22.29662413926192, 21.540043579824015, 22.527119134259678, 22.066787855523582, 22.40222265132621, 21.822494037387912, 21.949473696363064, 21.92574140838748]","[2.743780096308186, 13.388818655162675, 2.666347355317412, 13.457894675656824, 2.6532982725721683, 13.225586758011945, 2.703254296111161, 13.460740591869385, 2.6434622728564925, 13.202608892619686, 2.72173473834902]",82.86752660483494,9.911115700509953
ADTC1_adz_raw_20260611_0526,2026-06-11 05:24:48.221,2026-06-11 05:24:58.294,"[Timestamp('2026-06-11 05:24:58.294000'), Timestamp('2026-06-11 05:24:58.461000'), Timestamp('2026-06-11 05:24:58.839000'), Timestamp('2026-06-11 05:24:59'), Timestamp('2026-06-11 05:24:59.315000'), Timestamp('2026-06-11 05:24:59.450000'), Timestamp('2026-06-11 05:25:00.369000'), Timestamp('2026-06-11 05:25:00.502000'), Timestamp('2026-06-11 05:25:00.773000'), Timestamp('2026-06-11 05:25:00.909000'), Timestamp('2026-06-11 05:25:01.841000'), Timestamp('2026-06-11 05:25:01.982000'), Timestamp('2026-06-11 05:25:02.256000'), Timestamp('2026-06-11 05:25:02.395000'), Timestamp('2026-06-11 05:25:03.336000'), Timestamp('2026-06-11 05:25:03.477000'), Timestamp('2026-06-11 05:25:03.758000'), Timestamp('2026-06-11 05:25:03.895000'), Timestamp('2026-06-11 05:25:04.852000'), Timestamp('2026-06-11 05:25:04.996000'), Timestamp('2026-06-11 05:25:05.280000'), Timestamp('2026-06-11 05:25:05.421000'), Timestamp('2026-06-11 05:25:06.387000'), Timestamp('2026-06-11 05:25:06.528000'), Timestamp('2026-06-11 05:25:06.813000'), Timestamp('2026-06-11 05:25:06.960000'), Timestamp('2026-06-11 05:25:07.923000'), Timestamp('2026-06-11 05:25:08.069000'), Timestamp('2026-06-11 05:25:08.352000'), Timestamp('2026-06-11 05:25:08.497000'), Timestamp('2026-06-11 05:25:09.462000'), Timestamp('2026-06-11 05:25:09.615000'), Timestamp('2026-06-11 05:25:09.897000'), Timestamp('2026-06-11 05:25:10.040000'), Timestamp('2026-06-11 05:25:11.009000'), Timestamp('2026-06-11 05:25:11.154000'), Timestamp('2026-06-11 05:25:11.436000'), Timestamp('2026-06-11 05:25:11.586000'), Timestamp('2026-06-11 05:25:12.556000'), Timestamp('2026-06-11 05:25:12.694000'), Timestamp('2026-06-11 05:25:12.991000'), Timestamp('2026-06-11 05:25:13.132000'), Timestamp('2026-06-11 05:25:14.105000'), Timestamp('2026-06-11 05:25:14.247000'), Timestamp('2026-06-11 05:25:14.540000'), Timestamp('2026-06-11 05:25:14.680000'), Timestamp('2026-06-11 05:25:15.653000'), Timestamp('2026-06-11 05:25:15.805000'), Timestamp('2026-06-11 05:25:16.085000'), Timestamp('2026-06-11 05:25:16.233000'), Timestamp('2026-06-11 05:25:17.213000'), Timestamp('2026-06-11 05:25:17.354000')]","[0.167, 0.378, 0.161, 0.315, 0.135, 0.919, 0.133, 0.271, 0.136, 0.932, 0.141, 0.274, 0.139, 0.941, 0.141, 0.281, 0.137, 0.957, 0.144, 0.284, 0.141, 0.966, 0.141, 0.285, 0.147, 0.963, 0.146, 0.283, 0.145, 0.965, 0.153, 0.282, 0.143, 0.969, 0.145, 0.282, 0.15, 0.97, 0.138, 0.297, 0.141, 0.973, 0.142, 0.293, 0.14, 0.973, 0.152, 0.28, 0.148, 0.98, 0.141]","[17.6713146142678, 17.882982779046266, 18.02536184909946, 18.25753599671799, 18.452134413714383, 17.833798537257533, 17.95237841748616, 18.20451591508515, 18.072289156626503, 17.881328029304132, 17.551054244489496, 17.48342131905161, 17.904394880056348, 17.76008061474478, 17.51414851654948, 17.177389569561946, 17.30795261061915, 17.24026211213399, 16.92015371113554, 17.47154732229359, 17.317452958177526, 17.25246652572234, 17.320884016694045, 17.40418617466753, 17.71257921109553, 17.647058823529406, 17.58964614668468, 17.22818525144107, 17.06790195302498, 17.437090845387964, 17.538404858283148, 18.429168324711497, 17.248445011950878, 17.370741519158223, 17.623019885406137, 17.812105926860024, 17.06472315805656, 17.305248443258357, 17.55390180019124, 17.232357935473683, 17.740075918080443, 17.57326984929571, 17.698169412939414, 17.613286975115805, 17.867356099057208, 17.413762525494374, 17.91264082678278, 17.527559662391123, 17.281283882698887, 17.505723589173794, 17.655001657771738, 17.714407218148136]","[2.951109540582723, 6.759767490479488, 2.9020832577050135, 5.751123838966167, 2.4910381458514417, 16.389260855739675, 2.387666329525659, 4.933423812988076, 2.4578313253012047, 16.665397723311454, 2.474698648473019, 4.790457441420142, 2.4887108883278324, 16.712235858474838, 2.4694949408334765, 4.826846469046907, 2.3711895076548237, 16.498930841312227, 2.4365021344035176, 4.961919439531378, 2.441760867103031, 16.665882663847782, 2.4422446463538603, 4.960193059780245, 2.6037491440310427, 16.994117647058818, 2.568088337415963, 4.875576426157822, 2.4748457831886217, 16.826792665799385, 2.6833759433173214, 5.197025467568642, 2.4665276367089755, 16.832248532064316, 2.55533788338389, 5.023013871374526, 2.5597084737084836, 16.786090989960606, 2.4224384484263917, 5.118010306835684, 2.5013507044493424, 17.098791563364724, 2.5131400566373965, 5.160693083708931, 2.5014298538680095, 16.943590937306023, 2.7227214056709825, 4.907716705469515, 2.557630014639435, 17.155609117390316, 2.489355233745815]",334.7687459602649,9.941984405392285
ADTC1_adz_raw_20260611_0542,2026-06-11 05:41:07.893,2026-06-11 05:41:17.897,"[Timestamp('2026-06-11 05:41:17.897000'), Timestamp('2026-06-11 05:41:18.378000'), Timestamp('2026-06-11 05:41:19.208000'), Timestamp('2026-06-11 05:41:19.631000'), Timestamp('2026-06-11 05:41:20.115000'), Timestamp('2026-06-11 05:41:20.951000')]","[0.481, 0.83, 0.423, 0.484, 0.836]","[7.5801442333, 41.69874262253016, 114.82479784366562, -109.52380952380955, -8.844432745459343, 15.38461538461545, 36.53921440689025, 99.64230965763907, -695.6521739130487, 21.200878322101925]","[3.6460493762173, 34.60995637670003, 48.57088948787056, -53.00952380952382, -7.393945775204011]",26.42342565606006,9.815855893783027
ADTC1_adz_raw_20260611_0609,2026-06-11 06:07:32.054,2026-06-11 06:07:42.090,"[Timestamp('2026-06-11 06:07:42.090000'), Timestamp('2026-06-11 06:07:42.195000'), Timestamp('2026-06-11 06:07:42.987000'), Timestamp('2026-06-11 06:07:43.088000'), Timestamp('2026-06-11 06:07:43.402000'), Timestamp('2026-06-11 06:07:43.519000'), Timestamp('2026-06-11 06:07:44.299000'), Timestamp('2026-06-11 06:07:44.409000'), Timestamp('2026-06-11 06:07:44.722000'), Timestamp('2026-06-11 06:07:44.836000'), Timestamp('2026-06-11 06:07:45.618000'), Timestamp('2026-06-11 06:07:45.730000'), Timestamp('2026-06-11 06:07:46.041000'), Timestamp('2026-06-11 06:07:46.154000'), Timestamp('2026-06-11 06:07:46.931000'), Timestamp('2026-06-11 06:07:47.052000'), Timestamp('2026-06-11 06:07:47.365000'), Timestamp('2026-06-11 06:07:47.472000'), Timestamp('2026-06-11 06:07:48.258000'), Timestamp('2026-06-11 06:07:48.362000'), Timestamp('2026-06-11 06:07:48.677000'), Timestamp('2026-06-11 06:07:48.792000'), Timestamp('2026-06-11 06:07:49.566000'), Timestamp('2026-06-11 06:07:49.688000'), Timestamp('2026-06-11 06:07:49.995000'), Timestamp('2026-06-11 06:07:50.113000'), Timestamp('2026-06-11 06:07:50.889000'), Timestamp('2026-06-11 06:07:51.004000'), Timestamp('2026-06-11 06:07:51.320000'), Timestamp('2026-06-11 06:07:51.421000'), Timestamp('2026-06-11 06:07:52.208000'), Timestamp('2026-06-11 06:07:52.312000'), Timestamp('2026-06-11 06:07:52.623000'), Timestamp('2026-06-11 06:07:52.743000'), Timestamp('2026-06-11 06:07:53.522000'), Timestamp('2026-06-11 06:07:53.638000'), Timestamp('2026-06-11 06:07:53.950000'), Timestamp('2026-06-11 06:07:54.055000'), Timestamp('2026-06-11 06:07:54.844000'), Timestamp('2026-06-11 06:07:54.945000'), Timestamp('2026-06-11 06:07:55.256000'), Timestamp('2026-06-11 06:07:55.376000'), Timestamp('2026-06-11 06:07:56.152000'), Timestamp('2026-06-11 06:07:56.269000'), Timestamp('2026-06-11 06:07:56.582000'), Timestamp('2026-06-11 06:07:56.689000'), Timestamp('2026-06-11 06:07:57.473000'), Timestamp('2026-06-11 06:07:57.581000'), Timestamp('2026-06-11 06:07:57.898000'), Timestamp('2026-06-11 06:07:58.002000'), Timestamp('2026-06-11 06:07:58.792000'), Timestamp('2026-06-11 06:07:58.897000')]","[0.105, 0.792, 0.101, 0.314, 0.117, 0.78, 0.11, 0.313, 0.114, 0.782, 0.112, 0.311, 0.113, 0.777, 0.121, 0.313, 0.107, 0.786, 0.104, 0.315, 0.115, 0.774, 0.122, 0.307, 0.118, 0.776, 0.115, 0.316, 0.101, 0.787, 0.104, 0.311, 0.12, 0.779, 0.116, 0.312, 0.105, 0.789, 0.101, 0.311, 0.12, 0.776, 0.117, 0.313, 0.107, 0.784, 0.108, 0.317, 0.104, 0.79, 0.105]","[20.997568491708464, 21.890901171884934, 21.568057054208158, 21.55132101940613, 21.309593106580763, 21.091871886591385, 21.818344650275524, 21.199514552491745, 21.07758789253451, 21.38765234146993, 21.48444440771396, 21.03934486107028, 21.266695702017465, 20.940062975748504, 21.277389719301343, 20.998893428668715, 21.35790894378271, 21.63477255010436, 21.03934486107028, 21.230096157705518, 21.2655905527263, 21.029496818970507, 20.432148590993357, 20.91479669271198, 21.320933012700912, 21.060489644815423, 21.042655646265608, 21.253305084015885, 21.171063889844483, 20.707553854875282, 21.006682749005222, 20.856061055600946, 20.58129173369131, 20.42925278219396, 20.61420260247813, 20.535205944127874, 20.11511050934207, 20.43996784888978, 20.92186366565219, 20.576822047410282, 20.50690424003958, 20.25566703827574, 20.290868229583918, 20.471910112359552, 20.651629072681708, 20.40918830536917, 20.54249953297216, 20.683691428017244, 20.076479572837833, 20.65649215632174, 20.44408680564287, 19.881769174222008]","[2.2047446916293887, 17.33759372813287, 2.178373762475024, 6.767114800093525, 2.4932223934699493, 16.45166007154128, 2.4000179115303077, 6.635448054929916, 2.402845019748934, 16.725144131029488, 2.406257773663963, 6.543236251792857, 2.4031366143279738, 16.270428932156587, 2.5745641560354624, 6.572653643173308, 2.28529625698475, 17.004931224382027, 2.188091865551309, 6.6874802896772385, 2.445542913563525, 16.276830537883175, 2.4927221281011893, 6.420842584662578, 2.5158700954987077, 16.342939964376768, 2.419905399320545, 6.7160444065490195, 2.1382774528742927, 16.296844883786846, 2.184695005896543, 6.486234988291894, 2.469755008042957, 15.914387917329094, 2.391247501887463, 6.406984254567897, 2.1120866034809174, 16.127134632774037, 2.1131082302308712, 6.399391656744598, 2.4608285088047497, 15.718397621701973, 2.3740315828613183, 6.40770786516854, 2.209724310776943, 16.00080363140943, 2.218589949560993, 6.556730182681466, 2.0879538755751343, 16.318628803494175, 2.146629114592501]",351.70311318481635,9.926992224617312
ADTC1_adz_raw_20260611_0624,2026-06-11 06:23:30.645,2026-06-11 06:23:40.694,"[Timestamp('2026-06-11 06:23:40.694000'), Timestamp('2026-06-11 06:23:40.810000'), Timestamp('2026-06-11 06:23:41.157000'), Timestamp('2026-06-11 06:23:41.274000'), Timestamp('2026-06-11 06:23:41.503000'), Timestamp('2026-06-11 06:23:41.613000'), Timestamp('2026-06-11 06:23:42.399000'), Timestamp('2026-06-11 06:23:42.507000'), Timestamp('2026-06-11 06:23:42.700000'), Timestamp('2026-06-11 06:23:42.809000'), Timestamp('2026-06-11 06:23:43.595000'), Timestamp('2026-06-11 06:23:43.705000'), Timestamp('2026-06-11 06:23:43.901000'), Timestamp('2026-06-11 06:23:44.008000'), Timestamp('2026-06-11 06:23:44.789000'), Timestamp('2026-06-11 06:23:44.903000'), Timestamp('2026-06-11 06:23:45.101000'), Timestamp('2026-06-11 06:23:45.207000'), Timestamp('2026-06-11 06:23:45.990000'), Timestamp('2026-06-11 06:23:46.106000')]","[0.116, 0.347, 0.117, 0.229, 0.11, 0.786, 0.108, 0.193, 0.109, 0.786, 0.11, 0.196, 0.107, 0.781, 0.114, 0.198, 0.106, 0.783, 0.116]","[22.263842391147048, 22.43121117595842, 22.000566930402528, 22.01871097483395, 21.726536751083415, 22.05730266257886, 22.58561891511846, 21.373090207079613, 21.276595744680854, 21.64979159498018, 20.984238600911333, 21.815790244330998, 21.975603316173633, 22.019893772099287, 21.82279887315002, 21.66938957974444, 22.483947279486316, 21.80486448566416, 21.77711150989918, 23.16277472527473]","[2.5826057173730574, 7.783630278057571, 2.5740663308570957, 5.042284813236975, 2.3899190426191756, 17.337039892786983, 2.4392468428327936, 4.125006409966366, 2.319148936170213, 17.01673619365442, 2.3082662461002466, 4.275894887888875, 2.3513895548305785, 17.197537036009543, 2.4877990715391025, 4.290539136789399, 2.3832984116255496, 17.07320889227504, 2.526144935148305]",118.50376262976131,9.936891603684035
ADTC1_adz_raw_20260611_0628,2026-06-11 06:26:32.784,2026-06-11 06:26:42.828,"[Timestamp('2026-06-11 06:26:42.828000'), Timestamp('2026-06-11 06:26:42.958000'), Timestamp('2026-06-11 06:26:43.267000'), Timestamp('2026-06-11 06:26:43.404000'), Timestamp('2026-06-11 06:26:43.678000'), Timestamp('2026-06-11 06:26:43.783000'), Timestamp('2026-06-11 06:26:44.532000'), Timestamp('2026-06-11 06:26:44.641000'), Timestamp('2026-06-11 06:26:44.872000'), Timestamp('2026-06-11 06:26:44.980000'), Timestamp('2026-06-11 06:26:45.730000'), Timestamp('2026-06-11 06:26:45.838000'), Timestamp('2026-06-11 06:26:46.069000'), Timestamp('2026-06-11 06:26:46.177000'), Timestamp('2026-06-11 06:26:46.925000'), Timestamp('2026-06-11 06:26:47.039000'), Timestamp('2026-06-11 06:26:47.259000'), Timestamp('2026-06-11 06:26:47.377000'), Timestamp('2026-06-11 06:26:48.121000'), Timestamp('2026-06-11 06:26:48.234000'), Timestamp('2026-06-11 06:26:48.461000'), Timestamp('2026-06-11 06:26:48.573000'), Timestamp('2026-06-11 06:26:49.316000'), Timestamp('2026-06-11 06:26:49.426000'), Timestamp('2026-06-11 06:26:49.655000'), Timestamp('2026-06-11 06:26:49.763000'), Timestamp('2026-06-11 06:26:50.508000'), Timestamp('2026-06-11 06:26:50.626000'), Timestamp('2026-06-11 06:26:50.851000'), Timestamp('2026-06-11 06:26:50.960000'), Timestamp('2026-06-11 06:26:51.704000'), Timestamp('2026-06-11 06:26:51.818000'), Timestamp('2026-06-11 06:26:52.036000'), Timestamp('2026-06-11 06:26:52.148000'), Timestamp('2026-06-11 06:26:52.893000'), Timestamp('2026-06-11 06:26:53.004000'), Timestamp('2026-06-11 06:26:53.224000'), Timestamp('2026-06-11 06:26:53.339000'), Timestamp('2026-06-11 06:26:54.085000'), Timestamp('2026-06-11 06:26:54.194000'), Timestamp('2026-06-11 06:26:54.414000'), Timestamp('2026-06-11 06:26:54.529000'), Timestamp('2026-06-11 06:26:55.275000'), Timestamp('2026-06-11 06:26:55.385000')]","[0.13, 0.309, 0.137, 0.274, 0.105, 0.749, 0.109, 0.231, 0.108, 0.75, 0.108, 0.231, 0.108, 0.748, 0.114, 0.22, 0.118, 0.744, 0.113, 0.227, 0.112, 0.743, 0.11, 0.229, 0.108, 0.745, 0.118, 0.225, 0.109, 0.744, 0.114, 0.218, 0.112, 0.745, 0.111, 0.22, 0.115, 0.746, 0.109, 0.22, 0.115, 0.746, 0.11]","[22.837137285563358, 21.938201200193816, 21.156245517457897, 21.89928153027784, 22.27136462864384, 21.739130434782602, 22.18538694213496, 21.93791609850004, 22.018717649889822, 21.97717529301367, 22.727272727272723, 22.50876161066588, 22.270113789722494, 21.56606649100796, 22.419734095450636, 22.903311197302244, 22.105745858796055, 22.711782154463563, 22.154680851715273, 22.711372552931994, 22.60625577252936, 22.964686761229316, 22.273690540094773, 22.390848563287086, 22.28823807771176, 21.939562338801878, 21.787133322585653, 22.569706955492737, 21.552724143092355, 21.955128205128204, 21.708134119745342, 22.268717295048972, 22.112078359567313, 21.6864224137931, 22.00549222086031, 22.40072224457049, 21.607852958603374, 21.831453828172798, 22.14004576209301, 21.847402418252585, 21.844106580759394, 22.497368120389112, 22.225909825407104, 22.232673465752548]","[2.9688278471232366, 6.77890417085989, 2.898405635891732, 6.000403139296129, 2.338493286007603, 16.28260869565217, 2.418207176692711, 5.0676586187535095, 2.3780215061881007, 16.48288146976025, 2.454545454545454, 5.199523932063818, 2.405172289290029, 16.131417735273953, 2.5558496868813725, 5.0387284634064935, 2.6084780113379344, 16.89756592292089, 2.503478936243826, 5.155481569515563, 2.531900646523288, 17.06276226359338, 2.450105959410425, 5.127504320992743, 2.40712971239287, 16.3449739424074, 2.5708817320651067, 5.078184064985866, 2.3492469315970665, 16.334615384615383, 2.474727289650969, 4.854580370320676, 2.476552776271539, 16.156384698275858, 2.4426096365154946, 4.928158893805508, 2.484903090239388, 16.286264555816906, 2.4132649880681383, 4.806428532015569, 2.5120722567873304, 16.78303661781028, 2.4448500807947813]",277.8857922926607,9.931210332748172
ADTC1_adz_raw_20260611_0640,2026-06-11 06:39:01.098,2026-06-11 06:39:11.114,"[Timestamp('2026-06-11 06:39:11.114000'), Timestamp('2026-06-11 06:39:11.592000'), Timestamp('2026-06-11 06:39:11.936000'), Timestamp('2026-06-11 06:39:12.419000'), Timestamp('2026-06-11 06:39:12.839000'), Timestamp('2026-06-11 06:39:14.149000')]","[0.478, 0.344, 0.483, 0.42, 1.31]","[21.261347348303865, 21.261347348303865, 22.597402597402592, 18.71700527915534, 16.911633278794472, -20.98695405558708, -16.568742655699168, 17.403270195887977]","[10.162924032489247, 7.313903487816529, 10.914545454545452, 7.861142217245243, 22.15423959522076]",58.40675478731723,9.834877324675066
ADTC1_adz_raw_20260611_0700,2026-06-11 06:58:56.211,2026-06-11 06:59:06.319,"[Timestamp('2026-06-11 06:59:06.319000'), Timestamp('2026-06-11 06:59:06.771000'), Timestamp('2026-06-11 06:59:07.200000'), Timestamp('2026-06-11 06:59:07.578000'), Timestamp('2026-06-11 06:59:08.001000'), Timestamp('2026-06-11 06:59:08.468000'), Timestamp('2026-06-11 06:59:09.341000')]","[0.452, 0.429, 0.378, 0.423, 0.467, 0.873]","[nan, nan, nan, nan, nan, nan, nan, nan, nan, nan]","[nan, nan, nan, nan, nan, nan]",,9.9089429699624
ADTC1_adz_raw_20260611_0720,2026-06-11 07:18:29.019,2026-06-11 07:18:39.059,"[Timestamp('2026-06-11 07:18:39.059000'), Timestamp('2026-06-11 07:18:39.165000'), Timestamp('2026-06-11 07:18:39.952000'), Timestamp('2026-06-11 07:18:40.058000'), Timestamp('2026-06-11 07:18:40.375000'), Timestamp('2026-06-11 07:18:40.481000'), Timestamp('2026-06-11 07:18:41.271000'), Timestamp('2026-06-11 07:18:41.373000'), Timestamp('2026-06-11 07:18:41.683000'), Timestamp('2026-06-11 07:18:41.809000'), Timestamp('2026-06-11 07:18:42.583000'), Timestamp('2026-06-11 07:18:42.699000'), Timestamp('2026-06-11 07:18:43.012000'), Timestamp('2026-06-11 07:18:43.116000'), Timestamp('2026-06-11 07:18:43.905000'), Timestamp('2026-06-11 07:18:44.008000'), Timestamp('2026-06-11 07:18:44.323000'), Timestamp('2026-06-11 07:18:44.439000'), Timestamp('2026-06-11 07:18:45.220000'), Timestamp('2026-06-11 07:18:45.335000'), Timestamp('2026-06-11 07:18:45.652000'), Timestamp('2026-06-11 07:18:45.750000'), Timestamp('2026-06-11 07:18:46.544000'), Timestamp('2026-06-11 07:18:46.646000'), Timestamp('2026-06-11 07:18:46.957000'), Timestamp('2026-06-11 07:18:47.076000'), Timestamp('2026-06-11 07:18:47.849000'), Timestamp('2026-06-11 07:18:47.967000'), Timestamp('2026-06-11 07:18:48.280000'), Timestamp('2026-06-11 07:18:48.393000'), Timestamp('2026-06-11 07:18:49.171000'), Timestamp('2026-06-11 07:18:49.286000'), Timestamp('2026-06-11 07:18:49.599000'), Timestamp('2026-06-11 07:18:49.704000'), Timestamp('2026-06-11 07:18:50.496000'), Timestamp('2026-06-11 07:18:50.595000'), Timestamp('2026-06-11 07:18:50.912000'), Timestamp('2026-06-11 07:18:51.027000'), Timestamp('2026-06-11 07:18:51.801000'), Timestamp('2026-06-11 07:18:51.919000'), Timestamp('2026-06-11 07:18:52.225000'), Timestamp('2026-06-11 07:18:52.343000'), Timestamp('2026-06-11 07:18:53.120000'), Timestamp('2026-06-11 07:18:53.235000'), Timestamp('2026-06-11 07:18:53.540000'), Timestamp('2026-06-11 07:18:53.659000'), Timestamp('2026-06-11 07:18:54.433000'), Timestamp('2026-06-11 07:18:54.552000'), Timestamp('2026-06-11 07:18:54.868000'), Timestamp('2026-06-11 07:18:54.971000'), Timestamp('2026-06-11 07:18:55.758000'), Timestamp('2026-06-11 07:18:55.860000')]","[0.106, 0.787, 0.106, 0.317, 0.106, 0.79, 0.102, 0.31, 0.126, 0.774, 0.116, 0.313, 0.104, 0.789, 0.103, 0.315, 0.116, 0.781, 0.115, 0.317, 0.098, 0.794, 0.102, 0.311, 0.119, 0.773, 0.118, 0.313, 0.113, 0.778, 0.115, 0.313, 0.105, 0.792, 0.099, 0.317, 0.115, 0.774, 0.118, 0.306, 0.118, 0.777, 0.115, 0.305, 0.119, 0.774, 0.119, 0.316, 0.103, 0.787, 0.102]","[21.95336371861184, 21.89982366710549, 21.661487402010124, 21.426276029401507, 21.897859863369806, 21.97657621832172, 21.722721722721722, 21.462855691496884, 21.237070052981245, 21.991978308373547, 21.819335898758283, 21.664869411934646, 22.153440306289205, 21.2117128154864, 21.306943830163647, 21.306943830163647, 21.54432523997741, 20.832801569596388, 21.752503108435313, 21.672584884053904, 22.36690512552581, 21.21768408987114, 21.54491461097794, 22.069123288635485, 21.111198761500006, 21.421229163138776, 21.155131077310063, 21.189256111435096, 22.05731920272509, 21.143537820131037, 21.459753838923298, 22.019588608920095, 21.539954980431638, 20.95764595764595, 21.85318133406966, 21.592118172145536, 21.819398243668736, 21.356084637553536, 21.434762099723734, 21.324214637170783, 21.924455455701278, 20.97769340294257, 21.16733192272915, 21.60656895208415, 21.2373975528657, 21.24171590546152, 21.353729817571818, 21.53062045294931, 21.1124338055193, 21.080289800376264, 21.029965027655486, 20.955719723044247]","[2.327056554172855, 17.23516122601202, 2.296117664613073, 6.792129501320278, 2.3211731455171996, 17.36149521247416, 2.2157176157176157, 6.653485264364034, 2.675870826675637, 17.021791210681126, 2.531042964255961, 6.781104125935544, 2.3039577918540775, 16.73604141141877, 2.1946152145068556, 6.711687306501549, 2.49914172783738, 16.27041802585478, 2.501537857470061, 6.8702094082450875, 2.1919567023015296, 16.846841167357685, 2.1975812903197496, 6.863497342765636, 2.5122326526185006, 16.558610143106275, 2.4963054671225873, 6.632237162879185, 2.492477069907935, 16.449672424061948, 2.4678716914761796, 6.89213123459199, 2.261695272945322, 16.598455598455594, 2.1634649520728964, 6.844701460570135, 2.5092307980219046, 16.529609509466436, 2.5293019277674005, 6.525209678974259, 2.5870857437727506, 16.299667774086377, 2.4342431711138524, 6.590003530385665, 2.5272503087910185, 16.441088110827216, 2.5410938482910463, 6.803676063131983, 2.1745806819684876, 16.59018807289612, 2.1450564328208594]",359.9967713402967,9.916651275849128
ADTC1_adz_raw_20260611_0732,2026-06-11 07:30:58.509,2026-06-11 07:31:09.073,"[Timestamp('2026-06-11 07:31:09.073000'), Timestamp('2026-06-11 07:31:09.520000'), Timestamp('2026-06-11 07:31:09.981000'), Timestamp('2026-06-11 07:31:10.323000'), Timestamp('2026-06-11 07:31:10.777000'), Timestamp('2026-06-11 07:31:11.221000')]","[0.447, 0.461, 0.342, 0.454, 0.444]","[5.689809055011633, 23.081590609587252, 19.637938816680332, 18.161167103002825, 17.365154631986336, 5.720749838396895, 46.792073540381644, 14.753694070528017]","[2.5433446475902, 10.640613271019724, 6.716175075304674, 8.245169864763282, 7.710128656601933]",35.85543151527981,9.92328665926607
ADTC1_adz_raw_20260611_0735,2026-06-11 07:34:23.008,2026-06-11 07:34:33.050,"[Timestamp('2026-06-11 07:34:33.050000'), Timestamp('2026-06-11 07:34:33.172000'), Timestamp('2026-06-11 07:34:33.559000'), Timestamp('2026-06-11 07:34:33.686000'), Timestamp('2026-06-11 07:34:33.939000'), Timestamp('2026-06-11 07:34:34.025000'), Timestamp('2026-06-11 07:34:34.535000'), Timestamp('2026-06-11 07:34:34.623000'), Timestamp('2026-06-11 07:34:34.835000'), Timestamp('2026-06-11 07:34:34.916000'), Timestamp('2026-06-11 07:34:35.427000'), Timestamp('2026-06-11 07:34:35.518000'), Timestamp('2026-06-11 07:34:35.728000'), Timestamp('2026-06-11 07:34:35.810000'), Timestamp('2026-06-11 07:34:36.327000'), Timestamp('2026-06-11 07:34:36.407000'), Timestamp('2026-06-11 07:34:36.618000'), Timestamp('2026-06-11 07:34:36.702000'), Timestamp('2026-06-11 07:34:37.215000'), Timestamp('2026-06-11 07:34:37.298000'), Timestamp('2026-06-11 07:34:37.487000'), Timestamp('2026-06-11 07:34:37.572000'), Timestamp('2026-06-11 07:34:38.126000'), Timestamp('2026-06-11 07:34:38.209000'), Timestamp('2026-06-11 07:34:38.398000'), Timestamp('2026-06-11 07:34:38.483000'), Timestamp('2026-06-11 07:34:38.995000'), Timestamp('2026-06-11 07:34:39.079000'), Timestamp('2026-06-11 07:34:39.288000'), Timestamp('2026-06-11 07:34:39.370000'), Timestamp('2026-06-11 07:34:39.880000'), Timestamp('2026-06-11 07:34:39.962000'), Timestamp('2026-06-11 07:34:40.166000'), Timestamp('2026-06-11 07:34:40.247000'), Timestamp('2026-06-11 07:34:40.854000'), Timestamp('2026-06-11 07:34:40.938000'), Timestamp('2026-06-11 07:34:41.120000'), Timestamp('2026-06-11 07:34:41.202000'), Timestamp('2026-06-11 07:34:41.714000'), Timestamp('2026-06-11 07:34:41.798000'), Timestamp('2026-06-11 07:34:41.986000'), Timestamp('2026-06-11 07:34:42.068000'), Timestamp('2026-06-11 07:34:42.578000'), Timestamp('2026-06-11 07:34:42.662000'), Timestamp('2026-06-11 07:34:42.866000'), Timestamp('2026-06-11 07:34:42.954000'), Timestamp('2026-06-11 07:34:43.459000'), Timestamp('2026-06-11 07:34:43.546000'), Timestamp('2026-06-11 07:34:43.756000'), Timestamp('2026-06-11 07:34:43.841000'), Timestamp('2026-06-11 07:34:44.351000'), Timestamp('2026-06-11 07:34:44.434000'), Timestamp('2026-06-11 07:34:44.641000'), Timestamp('2026-06-11 07:34:44.725000'), Timestamp('2026-06-11 07:34:45.236000'), Timestamp('2026-06-11 07:34:45.315000'), Timestamp('2026-06-11 07:34:45.522000'), Timestamp('2026-06-11 07:34:45.609000'), Timestamp('2026-06-11 07:34:46.117000'), Timestamp('2026-06-11 07:34:46.198000'), Timestamp('2026-06-11 07:34:46.408000'), Timestamp('2026-06-11 07:34:46.492000'), Timestamp('2026-06-11 07:34:46.993000'), Timestamp('2026-06-11 07:34:47.075000'), Timestamp('2026-06-11 07:34:47.287000'), Timestamp('2026-06-11 07:34:47.370000'), Timestamp('2026-06-11 07:34:47.879000'), Timestamp('2026-06-11 07:34:47.955000'), Timestamp('2026-06-11 07:34:48.181000'), Timestamp('2026-06-11 07:34:48.266000'), Timestamp('2026-06-11 07:34:48.839000'), Timestamp('2026-06-11 07:34:48.924000'), Timestamp('2026-06-11 07:34:49.138000'), Timestamp('2026-06-11 07:34:49.225000'), Timestamp('2026-06-11 07:34:49.814000')]","[0.122, 0.387, 0.127, 0.253, 0.086, 0.51, 0.088, 0.212, 0.081, 0.511, 0.091, 0.21, 0.082, 0.517, 0.08, 0.211, 0.084, 0.513, 0.083, 0.189, 0.085, 0.554, 0.083, 0.189, 0.085, 0.512, 0.084, 0.209, 0.082, 0.51, 0.082, 0.204, 0.081, 0.607, 0.084, 0.182, 0.082, 0.512, 0.084, 0.188, 0.082, 0.51, 0.084, 0.204, 0.088, 0.505, 0.087, 0.21, 0.085, 0.51, 0.083, 0.207, 0.084, 0.511, 0.079, 0.207, 0.087, 0.508, 0.081, 0.21, 0.084, 0.501, 0.082, 0.212, 0.083, 0.509, 0.076, 0.226, 0.085, 0.573, 0.085, 0.214, 0.087, 0.589]","[19.55903271692745, 19.341069761237833, 19.19436495707682, 18.720950249612674, 19.454827638970865, 19.84554795274031, 18.766297610396276, 19.84554795274031, 20.244977517886017, 19.867549668874172, 18.605046300229372, 20.404510470735634, 20.38250875460178, 20.178970917225953, 20.774743717681215, 20.235798499464092, 20.201119311467373, 20.223121027601227, 19.62682626298187, 20.044150110375273, 20.448079658605977, 20.223121027601227, 19.715129407677612, 19.91111885674451, 20.882602293516577, 20.469649977846696, 20.066006600660064, 20.26669021547157, 20.717377860235, 20.044150110375273, 20.839883224792278, 20.244977517886017, 20.404510470735634, 20.152008686210642, 19.69327291739282, 20.469649977846696, 20.610224287734898, 20.903753780466115, 19.64912280701754, 20.28826053471229, 21.050259184133424, 20.512369046571003, 20.26669021547157, 19.499272577247957, 20.152008686210642, 19.975408244709534, 20.01757431578045, 20.330979603436596, 21.00748391614513, 20.738392444356386, 19.736842105263158, 20.57541412380122, 20.533520533520534, 20.19417475728155, 20.109289617486336, 20.01757431578045, 19.822282980177715, 20.987003863716193, 20.352131090386127, 20.235798499464092, 20.84145760214914, 21.02783352238025, 19.65028435616671, 19.88492130648164, 20.780016186538926, 20.61677061677062, 19.932689175985235, 19.33395970351811, 19.416648924845642, 21.196430538724247, 20.297239915074307, 20.9456473707468, 20.31746031746032, 20.84145760214914, 20.120639473573206]","[2.386201991465149, 7.484993997599042, 2.4376843495487566, 4.7364004131520065, 1.6731151769514943, 10.12122945589756, 1.651434189714872, 4.2072561659809455, 1.6398431789487675, 10.152317880794703, 1.6930592133208728, 4.284947198854483, 1.671365717877346, 10.432527964205818, 1.6619794974144972, 4.269753483386923, 1.6968940221632594, 10.37446108715943, 1.6290265798274952, 3.788344370860927, 1.7380867709815082, 11.203609049291082, 1.6363557408372418, 3.763201463924712, 1.7750211949489092, 10.480460788657508, 1.6855445544554455, 4.235738255033558, 1.6988249845392702, 10.22251655629139, 1.7088704244329669, 4.129975413648747, 1.6527653481295863, 12.23226927252986, 1.6542349250609971, 3.7254762959680985, 1.6900383915942616, 10.702721935598651, 1.6505263157894736, 3.8141929805259105, 1.7261212530989407, 10.461308213751211, 1.702401978099612, 3.977851605758583, 1.7733767643865364, 10.087581163578315, 1.7415289654728991, 4.269505716721685, 1.7856361328723362, 10.576580146621756, 1.6381578947368423, 4.259110723626852, 1.724815724815725, 10.319223300970872, 1.5886338797814206, 4.143637883366553, 1.724538619275461, 10.661397962767825, 1.6485226183212764, 4.24951768488746, 1.750682438580528, 10.534944594712504, 1.6113233172056705, 4.215603316974108, 1.724741343482731, 10.493936243936245, 1.514884377374878, 4.369474892995093, 1.6504151586118796, 12.145554698688992, 1.7252653927813162, 4.482368537339815, 1.7676190476190476, 12.275618527665843]",339.71514671824434,9.912344806221256
ADTC1_adz_raw_20260611_0740,2026-06-11 07:39:07.440,2026-06-11 07:39:17.519,"[Timestamp('2026-06-11 07:39:17.519000'), Timestamp('2026-06-11 07:39:17.653000'), Timestamp('2026-06-11 07:39:18.057000'), Timestamp('2026-06-11 07:39:18.191000')]","[0.134, 0.404, 0.134]","[20.163078064701807, 20.3206973825254, 20.360750360750366, 19.96943115364168]","[2.7018524606700423, 8.209561742540261, 2.728340548340549]",13.639754751550852,9.852798808489512
ADTC1_adz_raw_20260611_0753,2026-06-11 07:51:44.154,2026-06-11 07:51:54.268,"[Timestamp('2026-06-11 07:51:54.268000'), Timestamp('2026-06-11 07:51:54.380000'), Timestamp('2026-06-11 07:51:55.062000'), Timestamp('2026-06-11 07:51:55.171000'), Timestamp('2026-06-11 07:51:55.396000'), Timestamp('2026-06-11 07:51:55.513000'), Timestamp('2026-06-11 07:51:56.189000'), Timestamp('2026-06-11 07:51:56.301000'), Timestamp('2026-06-11 07:51:56.522000'), Timestamp('2026-06-11 07:51:56.636000'), Timestamp('2026-06-11 07:51:57.317000'), Timestamp('2026-06-11 07:51:57.427000'), Timestamp('2026-06-11 07:51:57.650000'), Timestamp('2026-06-11 07:51:57.766000'), Timestamp('2026-06-11 07:51:58.441000'), Timestamp('2026-06-11 07:51:58.553000'), Timestamp('2026-06-11 07:51:58.780000'), Timestamp('2026-06-11 07:51:58.889000'), Timestamp('2026-06-11 07:51:59.570000'), Timestamp('2026-06-11 07:51:59.679000'), Timestamp('2026-06-11 07:51:59.907000'), Timestamp('2026-06-11 07:52:00.024000'), Timestamp('2026-06-11 07:52:00.698000'), Timestamp('2026-06-11 07:52:00.810000'), Timestamp('2026-06-11 07:52:01.032000'), Timestamp('2026-06-11 07:52:01.144000'), Timestamp('2026-06-11 07:52:01.823000'), Timestamp('2026-06-11 07:52:01.935000'), Timestamp('2026-06-11 07:52:02.159000'), Timestamp('2026-06-11 07:52:02.272000'), Timestamp('2026-06-11 07:52:02.950000'), Timestamp('2026-06-11 07:52:03.064000')]","[0.112, 0.682, 0.109, 0.225, 0.117, 0.676, 0.112, 0.221, 0.114, 0.681, 0.11, 0.223, 0.116, 0.675, 0.112, 0.227, 0.109, 0.681, 0.109, 0.228, 0.117, 0.674, 0.112, 0.222, 0.112, 0.679, 0.112, 0.224, 0.113, 0.678, 0.114]","[22.339851160075877, 21.85681638640402, 22.31206356504497, 22.35418610974346, 22.14171556700539, 22.144986166440066, 21.86024456404969, 22.72109809010178, 22.17914438502674, 22.058528633238808, 22.624382518460514, 21.946402795680754, 22.217807769381693, 22.061202430206123, 21.660643615167587, 21.978903449491682, 21.88413499867127, 21.74247808576166, 22.07795599488243, 21.614714085535226, 22.124578148677024, 22.213283578772156, 22.213154242735833, 21.67586266045342, 21.552953014506528, 21.632257939265013, 21.59362077398509, 22.154318792109343, 21.664935097373267, 21.87150910555166, 21.818175430707395, 21.480657520702017]","[2.5020633299284984, 14.906348775527542, 2.4320149285899015, 5.029691874692278, 2.590580721339631, 14.970010648513487, 2.448347391173565, 5.021362677912493, 2.5284224598930485, 15.02185799923563, 2.488682077030657, 4.894047823436808, 2.5772657012482765, 14.891311640389134, 2.4259920848987697, 4.989211083034612, 2.3853707148551684, 14.806627576403692, 2.4064972034421848, 4.928154811502032, 2.588575643395212, 14.971753132092434, 2.487873275186413, 4.812041510620659, 2.413930737624731, 14.688303140760945, 2.41848552668633, 4.962567409432493, 2.4481376660031793, 14.828883173564027, 2.4872719991006433]",193.35168473751455,10.004775999658431
ADTC1_adz_raw_20260611_0755,2026-06-11 07:54:23.958,2026-06-11 07:54:33.977,"[Timestamp('2026-06-11 07:54:33.977000'), Timestamp('2026-06-11 07:54:34.094000'), Timestamp('2026-06-11 07:54:34.814000'), Timestamp('2026-06-11 07:54:34.929000'), Timestamp('2026-06-11 07:54:35.131000'), Timestamp('2026-06-11 07:54:35.244000'), Timestamp('2026-06-11 07:54:35.993000'), Timestamp('2026-06-11 07:54:36.103000'), Timestamp('2026-06-11 07:54:36.306000'), Timestamp('2026-06-11 07:54:36.420000'), Timestamp('2026-06-11 07:54:37.172000'), Timestamp('2026-06-11 07:54:37.280000'), Timestamp('2026-06-11 07:54:37.487000'), Timestamp('2026-06-11 07:54:37.599000'), Timestamp('2026-06-11 07:54:38.326000'), Timestamp('2026-06-11 07:54:38.441000'), Timestamp('2026-06-11 07:54:38.739000'), Timestamp('2026-06-11 07:54:38.855000'), Timestamp('2026-06-11 07:54:39.582000'), Timestamp('2026-06-11 07:54:39.701000'), Timestamp('2026-06-11 07:54:39.903000'), Timestamp('2026-06-11 07:54:40.013000'), Timestamp('2026-06-11 07:54:40.763000'), Timestamp('2026-06-11 07:54:40.875000'), Timestamp('2026-06-11 07:54:41.086000'), Timestamp('2026-06-11 07:54:41.194000'), Timestamp('2026-06-11 07:54:41.943000'), Timestamp('2026-06-11 07:54:42.057000'), Timestamp('2026-06-11 07:54:42.260000'), Timestamp('2026-06-11 07:54:42.378000'), Timestamp('2026-06-11 07:54:43.112000'), Timestamp('2026-06-11 07:54:43.226000')]","[0.117, 0.72, 0.115, 0.202, 0.113, 0.749, 0.11, 0.203, 0.114, 0.752, 0.108, 0.207, 0.112, 0.727, 0.115, 0.298, 0.116, 0.727, 0.119, 0.202, 0.11, 0.75, 0.112, 0.211, 0.108, 0.749, 0.114, 0.203, 0.118, 0.734, 0.114]","[22.054212956026003, 22.41464851623306, 21.740272015963868, 21.941436020858404, 22.013905000570574, 21.780377895485806, 22.214103032517354, 21.660649819494584, 21.933446929620196, 22.092385615858596, 22.17660475724992, 22.017262285665986, 22.29589816189344, 21.976687930426756, 21.9390639747495, 21.776689014956162, 21.94194648406347, 21.85857620640229, 21.975775869914752, 21.89868208592423, 22.171430611783386, 21.740272015963868, 21.77977936042452, 21.229145742994636, 22.097502263843573, 21.74253071587251, 21.62392011193768, 21.391791315884205, 21.153919400077715, 21.195335523149282, 21.646683275117407, 21.32681438883799]","[2.5803429158550424, 16.138546931687802, 2.500131281835845, 4.4321700762133975, 2.487571265064475, 16.313503043718868, 2.443551333576909, 4.397111913357401, 2.5004129499767025, 16.613473983125665, 2.395073313782991, 4.557573293132859, 2.4971405941320652, 15.97705212542025, 2.522992357096193, 6.489453326456936, 2.545265792151363, 15.891184902054464, 2.6151173285198555, 4.423533781356695, 2.4388573672961726, 16.3052040119729, 2.439335288367546, 4.479349751771868, 2.386530244495106, 16.28515550618851, 2.4651268927608956, 4.342533637124494, 2.49616248920917, 15.557376273991572, 2.4677218933633847]",201.98455586505742,9.912088915895684
ADTC1_adz_raw_20260611_0803,2026-06-11 08:01:55.136,2026-06-11 08:02:05.239,"[Timestamp('2026-06-11 08:02:05.239000'), Timestamp('2026-06-11 08:02:05.688000'), Timestamp('2026-06-11 08:02:06.567000'), Timestamp('2026-06-11 08:02:06.908000'), Timestamp('2026-06-11 08:02:07.358000'), Timestamp('2026-06-11 08:02:07.798000'), Timestamp('2026-06-11 08:02:08.239000')]","[0.449, 0.879, 0.341, 0.45, 0.44, 0.441]","[22.388059701492537, 21.8978102189781, 55.55555555555556, 21.8978102189781, 22.727272727272727, 56.60377358490566, 9.999999999999998, 13.100436681222709, 20.408163265306122]","[10.05223880597015, 19.248175182481752, 18.944444444444446, 9.854014598540147, 10.0, 24.962264150943398]",93.0611371823799,9.91619834382509
ADTC1_adz_raw_20260611_0816,2026-06-11 08:15:02.438,2026-06-11 08:15:12.485,"[Timestamp('2026-06-11 08:15:12.485000'), Timestamp('2026-06-11 08:15:12.589000'), Timestamp('2026-06-11 08:15:13.375000'), Timestamp('2026-06-11 08:15:13.478000'), Timestamp('2026-06-11 08:15:13.798000'), Timestamp('2026-06-11 08:15:13.911000'), Timestamp('2026-06-11 08:15:14.682000'), Timestamp('2026-06-11 08:15:14.804000'), Timestamp('2026-06-11 08:15:15.104000'), Timestamp('2026-06-11 08:15:15.230000'), Timestamp('2026-06-11 08:15:15.996000'), Timestamp('2026-06-11 08:15:16.116000'), Timestamp('2026-06-11 08:15:16.421000'), Timestamp('2026-06-11 08:15:16.545000'), Timestamp('2026-06-11 08:15:17.315000'), Timestamp('2026-06-11 08:15:17.431000'), Timestamp('2026-06-11 08:15:17.747000'), Timestamp('2026-06-11 08:15:17.850000'), Timestamp('2026-06-11 08:15:18.640000'), Timestamp('2026-06-11 08:15:18.740000'), Timestamp('2026-06-11 08:15:19.056000'), Timestamp('2026-06-11 08:15:19.170000'), Timestamp('2026-06-11 08:15:19.947000'), Timestamp('2026-06-11 08:15:20.061000'), Timestamp('2026-06-11 08:15:20.366000'), Timestamp('2026-06-11 08:15:20.485000'), Timestamp('2026-06-11 08:15:21.258000'), Timestamp('2026-06-11 08:15:21.376000'), Timestamp('2026-06-11 08:15:21.689000'), Timestamp('2026-06-11 08:15:21.792000'), Timestamp('2026-06-11 08:15:22.579000'), Timestamp('2026-06-11 08:15:22.683000'), Timestamp('2026-06-11 08:15:23'), Timestamp('2026-06-11 08:15:23.113000'), Timestamp('2026-06-11 08:15:23.891000'), Timestamp('2026-06-11 08:15:24.004000'), Timestamp('2026-06-11 08:15:24.317000'), Timestamp('2026-06-11 08:15:24.421000'), Timestamp('2026-06-11 08:15:25.205000'), Timestamp('2026-06-11 08:15:25.310000'), Timestamp('2026-06-11 08:15:25.622000'), Timestamp('2026-06-11 08:15:25.741000'), Timestamp('2026-06-11 08:15:26.516000'), Timestamp('2026-06-11 08:15:26.630000'), Timestamp('2026-06-11 08:15:26.944000'), Timestamp('2026-06-11 08:15:27.047000'), Timestamp('2026-06-11 08:15:27.837000'), Timestamp('2026-06-11 08:15:27.937000'), Timestamp('2026-06-11 08:15:28.255000'), Timestamp('2026-06-11 08:15:28.362000'), Timestamp('2026-06-11 08:15:29.149000'), Timestamp('2026-06-11 08:15:29.250000')]","[0.104, 0.786, 0.103, 0.32, 0.113, 0.771, 0.122, 0.3, 0.126, 0.766, 0.12, 0.305, 0.124, 0.77, 0.116, 0.316, 0.103, 0.79, 0.1, 0.316, 0.114, 0.777, 0.114, 0.305, 0.119, 0.773, 0.118, 0.313, 0.103, 0.787, 0.104, 0.317, 0.113, 0.778, 0.113, 0.313, 0.104, 0.784, 0.105, 0.312, 0.119, 0.775, 0.114, 0.314, 0.103, 0.79, 0.1, 0.318, 0.107, 0.787, 0.101]","[22.1041928665079, 22.212991855529165, 22.404409519181513, 21.981186791707483, 22.71010316608473, 22.060881510116275, 21.869428365463534, 22.064684019207988, 22.09406117348356, 22.699297913225166, 21.5419852321568, 22.068053896104825, 22.062023091297537, 22.721822994035456, 22.25873431434504, 21.936990072726484, 22.41267594712651, 21.79230716942289, 22.46656848161971, 22.026523293686388, 22.269334306252652, 21.751671692670776, 21.88684394045056, 21.61059211786847, 21.928936712696952, 21.564680403035307, 21.76789185505448, 21.843037839309325, 21.532738095238095, 21.921602510948148, 22.106149755042637, 22.070146892988138, 22.189776581344766, 21.696998619140174, 22.34441295080655, 21.676369440803562, 22.30221151845866, 21.743298643960898, 21.353966299915363, 21.777430523638813, 22.0761006174751, 22.003411831225506, 22.12142749389192, 21.90069576217584, 21.953635823261344, 21.719082493123068, 21.997469955724227, 21.90385981529718, 21.84142420202337, 22.25905816017542, 22.044257433896245, 22.337199342546935]","[2.2988360581168217, 17.459411598445925, 2.3076541804756956, 7.0339797733463945, 2.5662416577675744, 17.008939644299648, 2.668070260586551, 6.619405205762396, 2.7838517078589287, 17.38766220153048, 2.585038227858816, 6.730756438311971, 2.7356908633208947, 17.4958037054073, 2.582013180464025, 6.932088862981569, 2.3085056225540304, 17.215922663844086, 2.246656848161971, 6.960381360804899, 2.5387041109128026, 16.901048905205194, 2.495100209211364, 6.591230595949884, 2.609543468810937, 16.669497951546294, 2.5686112388964286, 6.836870843703819, 2.2178720238095235, 17.252301176116195, 2.2990395745244343, 6.99623656507724, 2.5074447536919586, 16.880264925691055, 2.5249186634411402, 6.784703634971515, 2.3194299979197006, 17.046746136865345, 2.242166461491113, 6.79455832337531, 2.6270559734795365, 17.052644169199766, 2.521842734303679, 6.876818469323213, 2.2612244897959184, 17.158075169567223, 2.199746995572423, 6.965427421264504, 2.3370323896165006, 17.517878772058058, 2.2264700008235208]",368.74741620811557,9.941040850409774
ADTC1_adz_raw_20260611_0822,2026-06-11 08:21:28.211,2026-06-11 08:21:38.286,"[Timestamp('2026-06-11 08:21:38.286000'), Timestamp('2026-06-11 08:21:38.404000'), Timestamp('2026-06-11 08:21:39.084000'), Timestamp('2026-06-11 08:21:39.200000'), Timestamp('2026-06-11 08:21:39.430000'), Timestamp('2026-06-11 08:21:39.540000'), Timestamp('2026-06-11 08:21:40.227000'), Timestamp('2026-06-11 08:21:40.341000'), Timestamp('2026-06-11 08:21:40.566000'), Timestamp('2026-06-11 08:21:40.677000'), Timestamp('2026-06-11 08:21:41.370000'), Timestamp('2026-06-11 08:21:41.486000'), Timestamp('2026-06-11 08:21:41.704000'), Timestamp('2026-06-11 08:21:41.821000'), Timestamp('2026-06-11 08:21:42.508000'), Timestamp('2026-06-11 08:21:42.620000'), Timestamp('2026-06-11 08:21:42.850000'), Timestamp('2026-06-11 08:21:42.962000'), Timestamp('2026-06-11 08:21:43.651000'), Timestamp('2026-06-11 08:21:43.766000'), Timestamp('2026-06-11 08:21:43.987000'), Timestamp('2026-06-11 08:21:44.104000'), Timestamp('2026-06-11 08:21:44.788000'), Timestamp('2026-06-11 08:21:44.906000'), Timestamp('2026-06-11 08:21:45.133000'), Timestamp('2026-06-11 08:21:45.242000'), Timestamp('2026-06-11 08:21:45.926000'), Timestamp('2026-06-11 08:21:46.040000'), Timestamp('2026-06-11 08:21:46.268000'), Timestamp('2026-06-11 08:21:46.384000'), Timestamp('2026-06-11 08:21:47.072000'), Timestamp('2026-06-11 08:21:47.188000')]","[0.118, 0.68, 0.116, 0.23, 0.11, 0.687, 0.114, 0.225, 0.111, 0.693, 0.116, 0.218, 0.117, 0.687, 0.112, 0.23, 0.112, 0.689, 0.115, 0.221, 0.117, 0.684, 0.118, 0.227, 0.109, 0.684, 0.114, 0.228, 0.116, 0.688, 0.116]","[21.51506483861035, 22.953949108796213, 21.42603042429125, 21.740272015963868, 21.816875703801493, 21.150245422164396, 22.290090874462642, 22.380820555699934, 21.8207786711807, 20.812453729118296, 21.777526864842876, 22.065059341730247, 21.467517632796557, 22.126681302510324, 21.816767172486887, 21.71062513370363, 21.30731760601602, 21.582733812949638, 21.895460020127537, 21.545439496649657, 21.660649819494584, 22.06915318808783, 21.273098951766865, 21.82420413420843, 21.646991523220137, 21.2735026167862, 21.44076671781057, 21.50718383595096, 21.444911668253468, 21.41493828731391, 21.720640982633597, 22.068448499119896]","[2.538777650956021, 15.608685393981427, 2.485419529217785, 5.00026256367169, 2.3998563274181643, 14.530218605026942, 2.5410703596887414, 5.035684625032485, 2.422106432501058, 14.423030434278978, 2.5261931163217737, 4.810182936497194, 2.5116995630371974, 15.201030054824594, 2.4434779233185315, 4.993443780751835, 2.386419571873794, 14.8705035971223, 2.5179779023146667, 4.761542128759574, 2.5342960288808665, 15.095300780652078, 2.51022567630849, 4.954094338465314, 2.359522076030995, 14.55107578988176, 2.4442474058304047, 4.903637914596819, 2.487609753517402, 14.733477541671968, 2.5195943539854975]",193.10066415641634,9.959190157976783
ADTC1_adz_raw_20260611_0830,2026-06-11 08:28:43.514,2026-06-11 08:28:53.540,"[Timestamp('2026-06-11 08:28:53.540000'), Timestamp('2026-06-11 08:28:53.653000'), Timestamp('2026-06-11 08:28:54.004000'), Timestamp('2026-06-11 08:28:54.117000'), Timestamp('2026-06-11 08:28:54.348000'), Timestamp('2026-06-11 08:28:54.459000'), Timestamp('2026-06-11 08:28:55.246000'), Timestamp('2026-06-11 08:28:55.351000'), Timestamp('2026-06-11 08:28:55.544000'), Timestamp('2026-06-11 08:28:55.655000'), Timestamp('2026-06-11 08:28:56.443000'), Timestamp('2026-06-11 08:28:56.551000'), Timestamp('2026-06-11 08:28:56.740000'), Timestamp('2026-06-11 08:28:56.856000'), Timestamp('2026-06-11 08:28:57.640000'), Timestamp('2026-06-11 08:28:57.747000'), Timestamp('2026-06-11 08:28:57.940000'), Timestamp('2026-06-11 08:28:58.051000'), Timestamp('2026-06-11 08:28:58.834000'), Timestamp('2026-06-11 08:28:58.952000')]","[0.113, 0.351, 0.113, 0.231, 0.111, 0.787, 0.105, 0.193, 0.111, 0.788, 0.108, 0.189, 0.116, 0.784, 0.107, 0.193, 0.111, 0.783, 0.118]","[22.7801190185954, 22.27560477607979, 22.13874360933184, 22.223441615452153, 21.40651801029159, 22.058823529411768, 21.725490148066704, 22.230364218639743, 21.82508857729409, 21.900435610854302, 22.50876161066588, 21.942522301853238, 21.816592075789742, 21.30048177005888, 22.757267426758343, 22.19184276404649, 21.866702071163036, 21.946880924788616, 22.151736884524553, 22.96897045309356]","[2.57415344910128, 7.818737276404005, 2.501678027854498, 5.133615013169448, 2.3761234991423668, 17.36029411764706, 2.281176465547004, 4.29046029419747, 2.422584832079644, 17.25754326135319, 2.4309462539519147, 4.147136715050262, 2.5307246807916104, 16.699577707726164, 2.4350276146631424, 4.283025653460973, 2.4272039298990973, 17.184407764109487, 2.6139049523738973]",118.76832150852252,9.916188497936236
ADTC1_adz_raw_20260611_0839,2026-06-11 08:37:54.515,2026-06-11 08:38:04.538,"[Timestamp('2026-06-11 08:38:04.538000'), Timestamp('2026-06-11 08:38:04.673000'), Timestamp('2026-06-11 08:38:04.961000'), Timestamp('2026-06-11 08:38:05.096000'), Timestamp('2026-06-11 08:38:06.700000')]","[0.135, 0.288, 0.135, 1.604]","[nan, nan, nan, nan, nan, nan, nan, nan, nan, nan, nan, nan, nan, nan, nan, nan, nan, nan, nan, nan, nan, nan, nan, nan, nan, nan, nan, nan, nan, nan, nan, nan]","[nan, nan, nan, nan]",,9.905974165235262
ADTC1_adz_raw_20260611_0859,2026-06-11 08:58:22.992,2026-06-11 08:58:33.090,"[Timestamp('2026-06-11 08:58:33.090000'), Timestamp('2026-06-11 08:58:33.557000'), Timestamp('2026-06-11 08:58:34.484000'), Timestamp('2026-06-11 08:58:34.838000'), Timestamp('2026-06-11 08:58:35.303000'), Timestamp('2026-06-11 08:58:35.765000'), Timestamp('2026-06-11 08:58:36.234000')]","[0.467, 0.927, 0.354, 0.465, 0.462, 0.469]","[18.9539789423263, 19.709368645538866, 18.03751122372777, 19.561981599128504, 19.76885644768857, 86.16755073447986, 11.04344061000408, 69.34931506849315, 16.740927566619987]","[8.851508166066383, 18.27058473441453, 6.38527897319963, 9.096321443594755, 9.13321167883212, 40.41258129447105]",92.14948629057847,9.883422480069822
ADTC1_adz_raw_20260611_0903,2026-06-11 09:02:24.605,2026-06-11 09:02:34.654,"[Timestamp('2026-06-11 09:02:34.654000'), Timestamp('2026-06-11 09:02:34.772000'), Timestamp('2026-06-11 09:02:35.142000'), Timestamp('2026-06-11 09:02:35.256000'), Timestamp('2026-06-11 09:02:35.470000'), Timestamp('2026-06-11 09:02:35.553000'), Timestamp('2026-06-11 09:02:35.893000'), Timestamp('2026-06-11 09:02:35.973000'), Timestamp('2026-06-11 09:02:36.127000'), Timestamp('2026-06-11 09:02:36.203000'), Timestamp('2026-06-11 09:02:36.545000'), Timestamp('2026-06-11 09:02:36.624000'), Timestamp('2026-06-11 09:02:36.775000'), Timestamp('2026-06-11 09:02:36.858000'), Timestamp('2026-06-11 09:02:37.197000'), Timestamp('2026-06-11 09:02:37.276000'), Timestamp('2026-06-11 09:02:37.426000'), Timestamp('2026-06-11 09:02:37.510000'), Timestamp('2026-06-11 09:02:37.850000'), Timestamp('2026-06-11 09:02:37.928000'), Timestamp('2026-06-11 09:02:38.097000'), Timestamp('2026-06-11 09:02:38.174000'), Timestamp('2026-06-11 09:02:38.514000'), Timestamp('2026-06-11 09:02:38.590000'), Timestamp('2026-06-11 09:02:38.746000'), Timestamp('2026-06-11 09:02:38.827000'), Timestamp('2026-06-11 09:02:39.169000'), Timestamp('2026-06-11 09:02:39.246000'), Timestamp('2026-06-11 09:02:39.400000'), Timestamp('2026-06-11 09:02:39.480000'), Timestamp('2026-06-11 09:02:39.817000'), Timestamp('2026-06-11 09:02:39.900000'), Timestamp('2026-06-11 09:02:40.053000'), Timestamp('2026-06-11 09:02:40.132000'), Timestamp('2026-06-11 09:02:40.475000'), Timestamp('2026-06-11 09:02:40.553000'), Timestamp('2026-06-11 09:02:40.710000'), Timestamp('2026-06-11 09:02:40.787000'), Timestamp('2026-06-11 09:02:41.210000'), Timestamp('2026-06-11 09:02:41.287000'), Timestamp('2026-06-11 09:02:41.445000'), Timestamp('2026-06-11 09:02:41.524000'), Timestamp('2026-06-11 09:02:41.864000'), Timestamp('2026-06-11 09:02:41.944000'), Timestamp('2026-06-11 09:02:42.099000'), Timestamp('2026-06-11 09:02:42.177000'), Timestamp('2026-06-11 09:02:42.600000'), Timestamp('2026-06-11 09:02:42.675000'), Timestamp('2026-06-11 09:02:42.833000'), Timestamp('2026-06-11 09:02:42.912000'), Timestamp('2026-06-11 09:02:43.252000'), Timestamp('2026-06-11 09:02:43.333000')]","[0.118, 0.37, 0.114, 0.214, 0.083, 0.34, 0.08, 0.154, 0.076, 0.342, 0.079, 0.151, 0.083, 0.339, 0.079, 0.15, 0.084, 0.34, 0.078, 0.169, 0.077, 0.34, 0.076, 0.156, 0.081, 0.342, 0.077, 0.154, 0.08, 0.337, 0.083, 0.153, 0.079, 0.343, 0.078, 0.157, 0.077, 0.423, 0.077, 0.158, 0.079, 0.34, 0.08, 0.155, 0.078, 0.423, 0.075, 0.158, 0.079, 0.34, 0.081]","[21.549429292904005, 20.625765797944993, 22.631167851756082, 20.866683037303723, 20.709083044709587, 21.332833832833835, 21.35448246169623, 21.58693825536075, 21.3739907727797, 21.2566364616183, 20.865441978516188, 21.28061820373205, 20.680264299198946, 20.861971386253472, 20.330237358101137, 20.94544903664734, 21.27659574468085, 21.314998202438154, 21.50244122075108, 21.087834427057047, 21.210018733088184, 21.16328429690602, 21.505376344086024, 20.940649496080628, 21.278443375080137, 21.53635321437404, 21.543805738334612, 20.945089477210182, 21.514029340549783, 21.39495773486974, 20.90820786789704, 21.176356822261056, 20.83628263313487, 21.16617713546458, 21.194336245920624, 21.213033541800662, 21.556372990462705, 21.35673234811166, 21.105986321574942, 21.480417680499556, 21.30575509006217, 21.578220166929846, 21.2133287618949, 21.640423001344498, 21.13677528048902, 21.2331812402427, 21.660649819494584, 22.702755804656512, 20.834078883464123, 21.83719102421177, 21.727173402378554, 21.765846537356985]","[2.5428326565626724, 7.631533345239648, 2.5799531351001934, 4.465470169982996, 1.7188538927108958, 7.2531635031635044, 1.7083585969356982, 3.3243884913255553, 1.624423298731257, 7.269769669873459, 1.648369916302779, 3.2133733487635396, 1.7164619368335126, 7.072208299939928, 1.6060887512899897, 3.1418173554971007, 1.7872340425531916, 7.247099388828973, 1.6771904152185844, 3.563844018172641, 1.6331714424477901, 7.195516660948048, 1.6344086021505377, 3.266741321388578, 1.7235539133814912, 7.365432799315922, 1.6588730418517652, 3.225543779490368, 1.7211223472439827, 7.210100756651103, 1.7353812530354544, 3.2399825938059417, 1.6460663280176548, 7.259998757464351, 1.6531582271818086, 3.330446266062704, 1.6598407202656282, 9.033897783251232, 1.6251609467612704, 3.39390599351893, 1.6831546521149114, 7.3365948567561485, 1.697066300951592, 3.3542655652083972, 1.6486684718781435, 8.981635664622662, 1.6245487364620936, 3.587035417135729, 1.6458922317936657, 7.424644948232002, 1.759901045592663]",184.74814565800875,9.940715131789934
ADTC1_adz_raw_20260611_0914,2026-06-11 09:12:58.582,2026-06-11 09:13:08.608,"[Timestamp('2026-06-11 09:13:08.608000'), Timestamp('2026-06-11 09:13:08.714000'), Timestamp('2026-06-11 09:13:09.498000'), Timestamp('2026-06-11 09:13:09.603000'), Timestamp('2026-06-11 09:13:09.916000'), Timestamp('2026-06-11 09:13:10.032000'), Timestamp('2026-06-11 09:13:10.810000'), Timestamp('2026-06-11 09:13:10.925000'), Timestamp('2026-06-11 09:13:11.234000'), Timestamp('2026-06-11 09:13:11.351000'), Timestamp('2026-06-11 09:13:12.124000'), Timestamp('2026-06-11 09:13:12.237000'), Timestamp('2026-06-11 09:13:12.543000'), Timestamp('2026-06-11 09:13:12.666000'), Timestamp('2026-06-11 09:13:13.441000'), Timestamp('2026-06-11 09:13:13.555000'), Timestamp('2026-06-11 09:13:13.869000'), Timestamp('2026-06-11 09:13:13.971000'), Timestamp('2026-06-11 09:13:14.759000'), Timestamp('2026-06-11 09:13:14.862000'), Timestamp('2026-06-11 09:13:15.179000'), Timestamp('2026-06-11 09:13:15.294000'), Timestamp('2026-06-11 09:13:16.067000'), Timestamp('2026-06-11 09:13:16.184000'), Timestamp('2026-06-11 09:13:16.488000'), Timestamp('2026-06-11 09:13:16.607000'), Timestamp('2026-06-11 09:13:17.381000'), Timestamp('2026-06-11 09:13:17.498000'), Timestamp('2026-06-11 09:13:17.811000'), Timestamp('2026-06-11 09:13:17.916000'), Timestamp('2026-06-11 09:13:18.703000'), Timestamp('2026-06-11 09:13:18.811000'), Timestamp('2026-06-11 09:13:19.118000'), Timestamp('2026-06-11 09:13:19.237000'), Timestamp('2026-06-11 09:13:20.010000'), Timestamp('2026-06-11 09:13:20.129000'), Timestamp('2026-06-11 09:13:20.439000'), Timestamp('2026-06-11 09:13:20.543000'), Timestamp('2026-06-11 09:13:21.336000'), Timestamp('2026-06-11 09:13:21.434000'), Timestamp('2026-06-11 09:13:21.749000'), Timestamp('2026-06-11 09:13:21.867000'), Timestamp('2026-06-11 09:13:22.641000'), Timestamp('2026-06-11 09:13:22.756000'), Timestamp('2026-06-11 09:13:23.073000'), Timestamp('2026-06-11 09:13:23.175000'), Timestamp('2026-06-11 09:13:23.964000'), Timestamp('2026-06-11 09:13:24.069000'), Timestamp('2026-06-11 09:13:24.384000'), Timestamp('2026-06-11 09:13:24.488000'), Timestamp('2026-06-11 09:13:25.277000'), Timestamp('2026-06-11 09:13:25.377000')]","[0.106, 0.784, 0.105, 0.313, 0.116, 0.778, 0.115, 0.309, 0.117, 0.773, 0.113, 0.306, 0.123, 0.775, 0.114, 0.314, 0.102, 0.788, 0.103, 0.317, 0.115, 0.773, 0.117, 0.304, 0.119, 0.774, 0.117, 0.313, 0.105, 0.787, 0.108, 0.307, 0.119, 0.773, 0.119, 0.31, 0.104, 0.793, 0.098, 0.315, 0.118, 0.774, 0.115, 0.317, 0.102, 0.789, 0.105, 0.315, 0.104, 0.789, 0.1]","[21.937108488897213, 22.3973107184786, 21.778373822110673, 21.819611908061614, 22.013849414439683, 21.7394158188382, 22.17890013664583, 21.86114493267369, 22.26174791392183, 21.622196991200678, 21.660649819494584, 21.700181538891215, 21.46910516805314, 21.546898265248668, 21.871806798944625, 20.92907092907093, 22.060909222365744, 21.87301988498806, 21.54256421837467, 21.884963726260338, 21.98845439667982, 21.772455427956096, 22.02781804286927, 21.74816208511116, 21.453101334930086, 21.694539736992567, 21.78714084766184, 21.26885727595227, 22.214165220451704, 21.66257936197394, 21.90187957948391, 21.89194055303107, 21.344917147883653, 21.18475394337463, 20.871103259189972, 21.518753580993746, 21.568627450980394, 21.59325378659063, 21.36522482482092, 21.433728194247998, 21.698480716790026, 21.499116544617053, 21.48530876494024, 21.463186599142965, 21.932201270314344, 21.477721555537986, 21.916181277792955, 22.216568208337478, 20.90352480509754, 21.62323831820153, 21.196509430296278, 20.35520119499692]","[2.3253334998231043, 17.559491603287224, 2.2867292513216206, 6.829538527223285, 2.5536065320750034, 16.91326550705612, 2.5505735157142704, 6.75509378419617, 2.604624505928854, 16.713958274198124, 2.4476534296028882, 6.6402555509007115, 2.6406999356705363, 16.69884615556772, 2.493385975079687, 6.571728271728272, 2.250212740681306, 17.23593966937059, 2.218884114492591, 6.937533501224527, 2.5286722556181793, 16.830108045810064, 2.577254711015705, 6.611441273873793, 2.55291905885668, 16.791573756432246, 2.5490954791764353, 6.657152327373061, 2.332487348147429, 17.04844995787349, 2.3654029945842625, 6.720825749780539, 2.5400451405981546, 16.37581479822859, 2.4836612878436064, 6.670813610108061, 2.243137254901961, 17.12345025276637, 2.09379203283245, 6.751624381188119, 2.560420724581223, 16.640316205533598, 2.4708105079681277, 6.80383015192832, 2.237084529572063, 16.94592230731947, 2.30119903416826, 6.9982189856263055, 2.173966579730144, 17.060735033061007, 2.1196509430296278]",363.3872310646698,9.91543187137145
ADTC1_adz_raw_20260611_0924,2026-06-11 09:23:22.826,2026-06-11 09:23:32.946,"[Timestamp('2026-06-11 09:23:32.946000'), Timestamp('2026-06-11 09:23:33.067000'), Timestamp('2026-06-11 09:23:33.703000'), Timestamp('2026-06-11 09:23:33.828000'), Timestamp('2026-06-11 09:23:34.501000'), Timestamp('2026-06-11 09:23:34.624000'), Timestamp('2026-06-11 09:23:35.292000'), Timestamp('2026-06-11 09:23:35.415000'), Timestamp('2026-06-11 09:23:36.083000'), Timestamp('2026-06-11 09:23:36.210000'), Timestamp('2026-06-11 09:23:36.882000'), Timestamp('2026-06-11 09:23:37.009000'), Timestamp('2026-06-11 09:23:37.672000'), Timestamp('2026-06-11 09:23:37.801000'), Timestamp('2026-06-11 09:23:38.472000'), Timestamp('2026-06-11 09:23:38.597000'), Timestamp('2026-06-11 09:23:39.265000'), Timestamp('2026-06-11 09:23:39.391000'), Timestamp('2026-06-11 09:23:40.051000'), Timestamp('2026-06-11 09:23:40.182000'), Timestamp('2026-06-11 09:23:40.848000'), Timestamp('2026-06-11 09:23:40.972000'), Timestamp('2026-06-11 09:23:41.605000'), Timestamp('2026-06-11 09:23:41.730000')]","[0.121, 0.636, 0.125, 0.673, 0.123, 0.668, 0.123, 0.668, 0.127, 0.672, 0.127, 0.663, 0.129, 0.671, 0.125, 0.668, 0.126, 0.66, 0.131, 0.666, 0.124, 0.633, 0.125]","[21.950240770465488, 21.252019548164082, 21.741749531590607, 21.62403905871585, 22.979596657513213, 21.56606649100796, 22.4234129134964, 22.057361870119728, 22.418965196846212, 22.442422579003676, 22.882552230378312, 22.782967198036594, 22.06831549685625, 23.04770095849026, 21.93572813412375, 23.400066462641817, 22.27280042722225, 23.94206508894638, 21.408942375520205, 22.5387147312751, 21.54800834046117, 22.097975252397077, 21.164424761451084, 22.51299511482887]","[2.655979133226324, 13.516284432632355, 2.717718691448826, 14.552978286515769, 2.826490388874125, 14.406132415993318, 2.758079788360057, 14.73431772923998, 2.847208579999469, 15.081307973090471, 2.906084133258046, 15.105107252298263, 2.8468126990944564, 15.465007343146965, 2.7419660167654687, 15.631244397044735, 2.8063728538300037, 15.801762958704611, 2.804571451193147, 15.010784011029218, 2.671953034217185, 13.98801833476735, 2.6455530951813855]",196.52173499991156,10.014924083777432
ADTC1_adz_raw_20260611_0927,2026-06-11 09:26:23.235,2026-06-11 09:26:33.316,"[Timestamp('2026-06-11 09:26:33.316000'), Timestamp('2026-06-11 09:26:33.434000'), Timestamp('2026-06-11 09:26:33.783000'), Timestamp('2026-06-11 09:26:33.896000'), Timestamp('2026-06-11 09:26:34.124000'), Timestamp('2026-06-11 09:26:34.233000'), Timestamp('2026-06-11 09:26:35.020000'), Timestamp('2026-06-11 09:26:35.136000'), Timestamp('2026-06-11 09:26:35.326000'), Timestamp('2026-06-11 09:26:35.435000'), Timestamp('2026-06-11 09:26:36.214000'), Timestamp('2026-06-11 09:26:36.325000'), Timestamp('2026-06-11 09:26:36.521000'), Timestamp('2026-06-11 09:26:36.636000'), Timestamp('2026-06-11 09:26:37.413000'), Timestamp('2026-06-11 09:26:37.525000'), Timestamp('2026-06-11 09:26:37.721000'), Timestamp('2026-06-11 09:26:37.833000'), Timestamp('2026-06-11 09:26:38.610000'), Timestamp('2026-06-11 09:26:38.722000')]","[0.118, 0.349, 0.113, 0.228, 0.109, 0.787, 0.116, 0.19, 0.109, 0.779, 0.111, 0.196, 0.115, 0.777, 0.112, 0.196, 0.112, 0.777, 0.112]","[22.534484206063937, 22.643985493884074, 22.184860165668823, 22.26414055185328, 22.064894596588793, 21.21968021866909, 21.602124433340403, 22.26688405933689, 22.058823529411764, 21.852242846177493, 21.172219599928386, 21.650193258081263, 21.934904379772505, 22.860064422377494, 21.814616610155646, 22.100241847307473, 21.8225594630089, 21.539061231119053, 22.088342081005322, 21.761210899315742]","[2.6590691363155443, 7.902750937365541, 2.506889198720577, 5.076224045822548, 2.4050735110281787, 16.699888332092574, 2.505846434267487, 4.2307079712740085, 2.4044117647058822, 17.02289717717227, 2.350116375592051, 4.2434378785839275, 2.5225140036738383, 17.762270056187315, 2.4432370603374323, 4.331647402072265, 2.444126659856997, 16.735850576579505, 2.4738943130725963]",118.72085283472055,9.974440805740196
ADTC1_adz_raw_20260611_1002,2026-06-11 10:01:06.928,2026-06-11 10:01:17.056,"[Timestamp('2026-06-11 10:01:17.056000'), Timestamp('2026-06-11 10:01:18.169000'), Timestamp('2026-06-11 10:01:19.151000'), Timestamp('2026-06-11 10:01:19.711000'), Timestamp('2026-06-11 10:01:20.814000')]","[1.113, 0.982, 0.56, 1.103]","[17.857142857142858, 11.278195488721805, 18.404907975460123, 17.44186046511628, 43.47826086956521, 10.135135135135133, 11.07011070110701, 42.25352112676057, 18.29268292682927]","[19.875, 11.075187969924812, 10.30674846625767, 19.23837209302326]",60.495308529205744,9.887422209908872
ADTC1_adz_raw_20260611_1006,2026-06-11 10:04:46.851,2026-06-11 10:04:56.873,"[Timestamp('2026-06-11 10:04:56.873000'), Timestamp('2026-06-11 10:04:56.991000'), Timestamp('2026-06-11 10:04:57.343000'), Timestamp('2026-06-11 10:04:57.460000'), Timestamp('2026-06-11 10:04:57.675000'), Timestamp('2026-06-11 10:04:57.756000'), Timestamp('2026-06-11 10:04:58.089000'), Timestamp('2026-06-11 10:04:58.163000'), Timestamp('2026-06-11 10:04:58.317000'), Timestamp('2026-06-11 10:04:58.389000'), Timestamp('2026-06-11 10:04:58.725000'), Timestamp('2026-06-11 10:04:58.800000'), Timestamp('2026-06-11 10:04:58.954000'), Timestamp('2026-06-11 10:04:59.031000'), Timestamp('2026-06-11 10:04:59.363000'), Timestamp('2026-06-11 10:04:59.439000'), Timestamp('2026-06-11 10:04:59.594000'), Timestamp('2026-06-11 10:04:59.668000'), Timestamp('2026-06-11 10:05:00'), Timestamp('2026-06-11 10:05:00.076000'), Timestamp('2026-06-11 10:05:00.229000'), Timestamp('2026-06-11 10:05:00.311000'), Timestamp('2026-06-11 10:05:00.641000'), Timestamp('2026-06-11 10:05:00.716000'), Timestamp('2026-06-11 10:05:00.872000'), Timestamp('2026-06-11 10:05:00.949000'), Timestamp('2026-06-11 10:05:01.280000'), Timestamp('2026-06-11 10:05:01.354000'), Timestamp('2026-06-11 10:05:01.506000'), Timestamp('2026-06-11 10:05:01.587000'), Timestamp('2026-06-11 10:05:01.913000'), Timestamp('2026-06-11 10:05:01.994000'), Timestamp('2026-06-11 10:05:02.147000'), Timestamp('2026-06-11 10:05:02.224000'), Timestamp('2026-06-11 10:05:02.555000'), Timestamp('2026-06-11 10:05:02.630000'), Timestamp('2026-06-11 10:05:02.779000'), Timestamp('2026-06-11 10:05:02.857000'), Timestamp('2026-06-11 10:05:03.263000'), Timestamp('2026-06-11 10:05:03.420000'), Timestamp('2026-06-11 10:05:03.495000'), Timestamp('2026-06-11 10:05:03.822000'), Timestamp('2026-06-11 10:05:03.899000'), Timestamp('2026-06-11 10:05:04.052000'), Timestamp('2026-06-11 10:05:04.128000'), Timestamp('2026-06-11 10:05:04.454000'), Timestamp('2026-06-11 10:05:04.531000'), Timestamp('2026-06-11 10:05:04.686000'), Timestamp('2026-06-11 10:05:04.766000'), Timestamp('2026-06-11 10:05:05.091000'), Timestamp('2026-06-11 10:05:05.173000'), Timestamp('2026-06-11 10:05:05.315000'), Timestamp('2026-06-11 10:05:05.396000'), Timestamp('2026-06-11 10:05:05.725000'), Timestamp('2026-06-11 10:05:05.801000'), Timestamp('2026-06-11 10:05:05.949000'), Timestamp('2026-06-11 10:05:06.027000'), Timestamp('2026-06-11 10:05:06.365000'), Timestamp('2026-06-11 10:05:06.436000'), Timestamp('2026-06-11 10:05:06.587000'), Timestamp('2026-06-11 10:05:06.662000'), Timestamp('2026-06-11 10:05:06.987000'), Timestamp('2026-06-11 10:05:07.065000'), Timestamp('2026-06-11 10:05:07.218000'), Timestamp('2026-06-11 10:05:07.295000'), Timestamp('2026-06-11 10:05:07.622000'), Timestamp('2026-06-11 10:05:07.698000'), Timestamp('2026-06-11 10:05:07.848000'), Timestamp('2026-06-11 10:05:07.928000'), Timestamp('2026-06-11 10:05:08.255000'), Timestamp('2026-06-11 10:05:08.332000'), Timestamp('2026-06-11 10:05:08.482000'), Timestamp('2026-06-11 10:05:08.559000'), Timestamp('2026-06-11 10:05:08.886000'), Timestamp('2026-06-11 10:05:08.963000'), Timestamp('2026-06-11 10:05:09.114000'), Timestamp('2026-06-11 10:05:09.190000'), Timestamp('2026-06-11 10:05:09.522000'), Timestamp('2026-06-11 10:05:09.595000'), Timestamp('2026-06-11 10:05:09.748000'), Timestamp('2026-06-11 10:05:09.826000'), Timestamp('2026-06-11 10:05:10.149000'), Timestamp('2026-06-11 10:05:10.228000')]","[0.118, 0.352, 0.117, 0.215, 0.081, 0.333, 0.074, 0.154, 0.072, 0.336, 0.075, 0.154, 0.077, 0.332, 0.076, 0.155, 0.074, 0.332, 0.076, 0.153, 0.082, 0.33, 0.075, 0.156, 0.077, 0.331, 0.074, 0.152, 0.081, 0.326, 0.081, 0.153, 0.077, 0.331, 0.075, 0.149, 0.078, 0.406, 0.157, 0.075, 0.327, 0.077, 0.153, 0.076, 0.326, 0.077, 0.155, 0.08, 0.325, 0.082, 0.142, 0.081, 0.329, 0.076, 0.148, 0.078, 0.338, 0.071, 0.151, 0.075, 0.325, 0.078, 0.153, 0.077, 0.327, 0.076, 0.15, 0.08, 0.327, 0.077, 0.15, 0.077, 0.327, 0.077, 0.151, 0.076, 0.332, 0.073, 0.153, 0.078, 0.323, 0.079]","[21.857704339456163, 22.257910384370355, 21.81732874569909, 21.344688954718574, 21.778370742426617, 21.93762441937624, 21.330500163452104, 21.970397779833483, 21.504535502033153, 20.925882628010292, 21.228652751423148, 21.857707509881422, 20.384917517674786, 21.425195609935408, 21.18795381502202, 21.38508973041347, 22.055348421992335, 21.26905352711804, 20.844782915914273, 20.958359049782665, 21.19395203336809, 21.105648159251707, 21.105648159251707, 21.38508973041347, 21.228652751423148, 20.917358639778563, 21.501963740230885, 20.958359049782665, 20.67893856084151, 21.344688954718574, 21.309159406639978, 21.262989608313347, 21.65979054268486, 21.228652751423148, 21.81730356376127, 21.303990018317446, 20.579029733959317, 20.999057986183793, 33.264864668351116, 60.764044943820224, 33.00653594771242, 188.80597014925357, 32.6192096872425, 58.11965811965812, 33.345964380447136, 193.43434343434325, 30.77787927763334, 59.83672996757758, 33.1825590125808, 188.88888888888874, 33.00653594771242, 54.5823195458232, 31.784005468215998, 176.38888888888872, 31.663113006396593, 55.02405423135797, 32.073189967926815, 162.0068123758159, 32.40815016845821, 57.11170748071117, 32.40815016845821, 219.69912006812353, 30.70804875940175, 55.55555555555556, 30.539710399297938, 225.6480754124114, 30.862044915608877, 53.091684434968016, 15.913442116171645, -19.81297486849791, 15.570565232847493, 4.485810192249005, 15.032444124008656, 20.0454717696097, 19.542134196852174, 19.543722319497377, 19.39736346516008, 19.77541869466907, 19.564307192610734, 18.79449817541532, 20.07175781100372, 19.150613946152983, 19.16945034922563]","[2.579209112055827, 7.834784455298364, 2.5526274632467936, 4.589108125264493, 1.764048030136556, 7.305228931652289, 1.5784570120954555, 3.3834412580943565, 1.548326556146387, 7.031096563011459, 1.5921489563567361, 3.366086956521739, 1.5696386488609586, 7.113164942498556, 1.6102844899416735, 3.314688908214088, 1.6320957832274328, 7.061325771003189, 1.5842035016094846, 3.206628934616748, 1.7379040667361836, 6.964863892553064, 1.582923611943878, 3.336073997944501, 1.6346062618595825, 6.923645709766705, 1.5911453167770855, 3.1856705755669648, 1.6749940234281622, 6.958368599238256, 1.7260419119378383, 3.253237410071942, 1.6678038717867343, 7.026684060721062, 1.6362977672820953, 3.174294512729299, 1.6051643192488267, 8.52561754239062, 5.222583752931126, 4.557303370786516, 10.793137254901962, 14.538059701492525, 4.990739082148103, 4.417094017094017, 10.870784388025767, 14.89444444444443, 4.770571288033167, 4.786938397406207, 10.784331679088762, 15.488888888888878, 4.686928104575164, 4.421167883211679, 10.456937799043065, 13.405555555555543, 4.6861407249466955, 4.291876230045922, 10.840738209159264, 11.502483678682928, 4.893630675437189, 4.283378061053337, 10.532648804748918, 17.136531365313637, 4.698331460188467, 4.277777777777778, 9.986485300570425, 17.149253731343265, 4.629306737341332, 4.247334754797441, 5.203695571988128, -1.5255990648743392, 2.3355847849271236, 0.3454073848031734, 4.915609228550831, 1.543501326259947, 2.9508622637246784, 1.4853228962818006, 6.439924670433147, 1.4436055647108421, 2.993339000469442, 1.465970857682395, 6.483177772954202, 1.5128985017460856]",426.25661573052645,9.909091360452011
ADTC1_adz_raw_20260611_1009,2026-06-11 10:07:57.942,2026-06-11 10:08:08.033,"[Timestamp('2026-06-11 10:08:08.033000'), Timestamp('2026-06-11 10:08:08.176000'), Timestamp('2026-06-11 10:08:08.671000'), Timestamp('2026-06-11 10:08:08.810000'), Timestamp('2026-06-11 10:08:08.964000'), Timestamp('2026-06-11 10:08:09.096000'), Timestamp('2026-06-11 10:08:09.811000'), Timestamp('2026-06-11 10:08:09.950000'), Timestamp('2026-06-11 10:08:10.668000'), Timestamp('2026-06-11 10:08:10.805000'), Timestamp('2026-06-11 10:08:11.523000'), Timestamp('2026-06-11 10:08:11.668000'), Timestamp('2026-06-11 10:08:12.382000'), Timestamp('2026-06-11 10:08:12.523000'), Timestamp('2026-06-11 10:08:13.245000'), Timestamp('2026-06-11 10:08:13.388000'), Timestamp('2026-06-11 10:08:14.109000'), Timestamp('2026-06-11 10:08:14.247000'), Timestamp('2026-06-11 10:08:14.975000'), Timestamp('2026-06-11 10:08:15.110000'), Timestamp('2026-06-11 10:08:15.835000'), Timestamp('2026-06-11 10:08:15.971000'), Timestamp('2026-06-11 10:08:16.126000'), Timestamp('2026-06-11 10:08:16.263000'), Timestamp('2026-06-11 10:08:16.777000'), Timestamp('2026-06-11 10:08:16.911000')]","[0.143, 0.495, 0.139, 0.154, 0.132, 0.715, 0.139, 0.718, 0.137, 0.718, 0.145, 0.714, 0.141, 0.722, 0.143, 0.721, 0.138, 0.728, 0.135, 0.725, 0.136, 0.155, 0.137, 0.514, 0.134]","[21.739178665720047, 22.2886292151706, 21.753246753246756, 21.581309927396838, 22.928135694093136, 21.582733812949634, 20.4677002386926, 21.43265699038291, 20.343227842165945, 19.978390753466677, 20.34939737930068, 20.913839988550166, 21.43602019792616, 21.735990364659415, 22.036749482401653, 21.66982359419342, 22.028761052455458, 20.151441970081564, 21.116702329933897, 20.933682751451098, 20.995840108114958, 20.832100956324552, 21.35878719820326, 21.29119169141576, 21.503111616480354, 20.10566726300152]","[3.1087025491979663, 11.032871461509448, 3.0237012987012992, 3.323521728819113, 3.026513911620294, 15.431654676258988, 2.845010333178272, 15.388647719094928, 2.7870222143767345, 14.344484560989073, 2.950662619998598, 14.932481751824817, 3.0224788479075886, 15.693385043284097, 3.151255175983436, 15.623942811413455, 3.0399690252388534, 14.670249754219379, 2.850754814541076, 15.176919994802045, 2.8554342547036344, 3.2289756482303056, 2.9261538461538468, 10.943672529387701, 2.8814169566083674]",188.2598835280433,9.985849407909436
ADTC1_adz_raw_20260611_1021,2026-06-11 10:19:37.146,2026-06-11 10:19:47.187,"[Timestamp('2026-06-11 10:19:47.187000'), Timestamp('2026-06-11 10:19:47.293000'), Timestamp('2026-06-11 10:19:48.075000'), Timestamp('2026-06-11 10:19:48.181000'), Timestamp('2026-06-11 10:19:48.498000'), Timestamp('2026-06-11 10:19:48.612000'), Timestamp('2026-06-11 10:19:49.390000'), Timestamp('2026-06-11 10:19:49.505000'), Timestamp('2026-06-11 10:19:49.815000'), Timestamp('2026-06-11 10:19:49.930000'), Timestamp('2026-06-11 10:19:50.703000'), Timestamp('2026-06-11 10:19:50.824000'), Timestamp('2026-06-11 10:19:51.131000'), Timestamp('2026-06-11 10:19:51.248000'), Timestamp('2026-06-11 10:19:52.028000'), Timestamp('2026-06-11 10:19:52.143000'), Timestamp('2026-06-11 10:19:52.460000'), Timestamp('2026-06-11 10:19:52.563000'), Timestamp('2026-06-11 10:19:53.351000'), Timestamp('2026-06-11 10:19:53.456000'), Timestamp('2026-06-11 10:19:53.772000'), Timestamp('2026-06-11 10:19:53.894000'), Timestamp('2026-06-11 10:19:54.666000'), Timestamp('2026-06-11 10:19:54.785000'), Timestamp('2026-06-11 10:19:55.090000'), Timestamp('2026-06-11 10:19:55.210000'), Timestamp('2026-06-11 10:19:55.991000'), Timestamp('2026-06-11 10:19:56.111000'), Timestamp('2026-06-11 10:19:56.425000'), Timestamp('2026-06-11 10:19:56.528000'), Timestamp('2026-06-11 10:19:57.323000'), Timestamp('2026-06-11 10:19:57.427000'), Timestamp('2026-06-11 10:19:57.745000'), Timestamp('2026-06-11 10:19:57.860000'), Timestamp('2026-06-11 10:19:58.641000'), Timestamp('2026-06-11 10:19:58.758000'), Timestamp('2026-06-11 10:19:59.076000'), Timestamp('2026-06-11 10:19:59.181000'), Timestamp('2026-06-11 10:19:59.979000'), Timestamp('2026-06-11 10:20:00.080000'), Timestamp('2026-06-11 10:20:00.399000'), Timestamp('2026-06-11 10:20:00.515000'), Timestamp('2026-06-11 10:20:01.296000'), Timestamp('2026-06-11 10:20:01.418000'), Timestamp('2026-06-11 10:20:01.735000'), Timestamp('2026-06-11 10:20:01.839000'), Timestamp('2026-06-11 10:20:02.636000'), Timestamp('2026-06-11 10:20:02.740000'), Timestamp('2026-06-11 10:20:03.067000'), Timestamp('2026-06-11 10:20:03.170000'), Timestamp('2026-06-11 10:20:03.971000'), Timestamp('2026-06-11 10:20:04.078000')]","[0.106, 0.782, 0.106, 0.317, 0.114, 0.778, 0.115, 0.31, 0.115, 0.773, 0.121, 0.307, 0.117, 0.78, 0.115, 0.317, 0.103, 0.788, 0.105, 0.316, 0.122, 0.772, 0.119, 0.305, 0.12, 0.781, 0.12, 0.314, 0.103, 0.795, 0.104, 0.318, 0.115, 0.781, 0.117, 0.318, 0.105, 0.798, 0.101, 0.319, 0.116, 0.781, 0.122, 0.317, 0.104, 0.797, 0.104, 0.327, 0.103, 0.801, 0.107]","[21.950240770465488, 21.992481203007518, 21.302748741773136, 21.86643165179668, 21.974584555229715, 21.70446319904461, 21.50537634408602, 21.465850652386415, 21.89558821833073, 21.464926637105826, 21.354794055597335, 21.304063333644926, 21.662902315076227, 21.467617580691787, 21.796591514901372, 21.667414740873355, 21.820173481273823, 21.505208739251295, 21.1965811965812, 21.399153223941624, 21.627308861351416, 21.984282861144358, 21.040272927712877, 21.347372408965846, 21.34979948748862, 21.362858218134416, 21.52307237358088, 21.62270784782018, 21.397796256290803, 21.4326224734671, 21.449500494945113, 21.587158612128746, 21.594929353324847, 21.533127889060093, 21.355237028031475, 21.29376471481735, 22.334820314745507, 21.858566212010842, 21.567717996289424, 21.426646249487494, 21.054120976299963, 21.02376953497236, 20.493809091707405, 20.727272727272727, 21.86276078020785, 21.54121517027864, 20.995598094659158, 20.36418149873959, 21.15051940740704, 20.38080081418437, 21.043882458688344, 21.26494307701831]","[2.3267255216693417, 17.19812030075188, 2.2580913666279523, 6.931658833619548, 2.5051026392961875, 16.88607236885671, 2.4731182795698925, 6.654413702239789, 2.517992645108034, 16.592388290482806, 2.5839300807272774, 6.540347443428992, 2.5345595708639186, 16.744741712939593, 2.506608024213658, 6.868570472856853, 2.247477868571204, 16.94610448653002, 2.2256410256410257, 6.762132418765553, 2.638531681084873, 16.971866368803443, 2.5037924783978323, 6.5109485847345825, 2.5619759384986343, 16.68439226836298, 2.5827686848297056, 6.789530264215537, 2.2039730143979526, 17.038934866406343, 2.2307480514742917, 6.8647164386569415, 2.4834168756323574, 16.817372881355933, 2.498562732279683, 6.771417179311917, 2.345156133048278, 17.443135837184652, 2.178339517625232, 6.83510015358651, 2.442278033250796, 16.419564006813413, 2.5002447091883035, 6.570545454545455, 2.2737271211416163, 17.168348490712077, 2.1835422018445523, 6.659087350087846, 2.178503498962925, 16.325021452161682, 2.251695423079653]",362.2310347444363,9.925757912800306
ADTC1_adz_raw_20260611_1027,2026-06-11 10:26:35.798,2026-06-11 10:26:45.844,"[Timestamp('2026-06-11 10:26:45.844000'), Timestamp('2026-06-11 10:26:45.968000'), Timestamp('2026-06-11 10:26:46.313000'), Timestamp('2026-06-11 10:26:46.435000'), Timestamp('2026-06-11 10:26:46.666000'), Timestamp('2026-06-11 10:26:46.777000'), Timestamp('2026-06-11 10:26:47.566000'), Timestamp('2026-06-11 10:26:47.681000'), Timestamp('2026-06-11 10:26:47.872000'), Timestamp('2026-06-11 10:26:47.986000'), Timestamp('2026-06-11 10:26:48.786000'), Timestamp('2026-06-11 10:26:48.894000'), Timestamp('2026-06-11 10:26:49.092000'), Timestamp('2026-06-11 10:26:49.196000'), Timestamp('2026-06-11 10:26:49.996000'), Timestamp('2026-06-11 10:26:50.102000'), Timestamp('2026-06-11 10:26:50.296000'), Timestamp('2026-06-11 10:26:50.411000'), Timestamp('2026-06-11 10:26:51.208000'), Timestamp('2026-06-11 10:26:51.317000')]","[0.124, 0.345, 0.122, 0.231, 0.111, 0.789, 0.115, 0.191, 0.114, 0.8, 0.108, 0.198, 0.104, 0.8, 0.106, 0.194, 0.115, 0.797, 0.109]","[21.973461321287406, 22.505073361708238, 21.593189514611815, 21.9331296292578, 22.108520398469096, 21.606909948324947, 21.862670021514788, 21.77807593865988, 21.418453633347504, 21.93791609850004, 22.016011858547827, 22.13110503663207, 21.597222816735012, 21.262989608313347, 22.114233528524302, 21.544555037902114, 21.38392622683171, 21.94564135786171, 21.845809544955912, 21.295893879556317]","[2.7247092038396383, 7.764250309789341, 2.634369120782641, 5.066552944358552, 2.4540457642300697, 17.047851949228384, 2.514207052474201, 4.159612504284038, 2.4417037142016156, 17.55033287880003, 2.377729280723165, 4.381958797253151, 2.246111172940441, 17.010391686650678, 2.344108754023576, 4.179643677353011, 2.459151516085647, 17.490676162215784, 2.3811932404001945]",119.22859972963414,9.941785290805411
ADTC1_adz_raw_20260611_1032,2026-06-11 10:31:25.104,2026-06-11 10:31:35.197,"[Timestamp('2026-06-11 10:31:35.197000'), Timestamp('2026-06-11 10:31:35.297000'), Timestamp('2026-06-11 10:31:35.482000'), Timestamp('2026-06-11 10:31:35.582000')]","[0.1, 0.185, 0.1]","[21.03203871149097, 20.34939737930068, 21.196675664760775, 21.739989711592337]","[2.103203871149097, 3.764638515170626, 2.119667566476078]",7.987509952795801,9.977486849122169
ADTC1_adz_raw_20260611_1044,2026-06-11 10:42:53.590,2026-06-11 10:43:03.617,"[Timestamp('2026-06-11 10:43:03.617000'), Timestamp('2026-06-11 10:43:03.769000'), Timestamp('2026-06-11 10:43:04.104000'), Timestamp('2026-06-11 10:43:04.251000'), Timestamp('2026-06-11 10:43:04.520000'), Timestamp('2026-06-11 10:43:04.607000'), Timestamp('2026-06-11 10:43:05.132000'), Timestamp('2026-06-11 10:43:05.218000'), Timestamp('2026-06-11 10:43:05.832000'), Timestamp('2026-06-11 10:43:06.109000'), Timestamp('2026-06-11 10:43:06.636000'), Timestamp('2026-06-11 10:43:06.722000'), Timestamp('2026-06-11 10:43:07.245000'), Timestamp('2026-06-11 10:43:07.331000'), Timestamp('2026-06-11 10:43:07.625000'), Timestamp('2026-06-11 10:43:08.341000'), Timestamp('2026-06-11 10:43:08.973000'), Timestamp('2026-06-11 10:43:09.059000'), Timestamp('2026-06-11 10:43:09.269000'), Timestamp('2026-06-11 10:43:09.354000'), Timestamp('2026-06-11 10:43:09.990000'), Timestamp('2026-06-11 10:43:10.071000'), Timestamp('2026-06-11 10:43:10.787000'), Timestamp('2026-06-11 10:43:11.075000'), Timestamp('2026-06-11 10:43:11.595000'), Timestamp('2026-06-11 10:43:11.682000'), Timestamp('2026-06-11 10:43:12.288000'), Timestamp('2026-06-11 10:43:12.483000'), Timestamp('2026-06-11 10:43:12.568000'), Timestamp('2026-06-11 10:43:13.169000'), Timestamp('2026-06-11 10:43:13.771000'), Timestamp('2026-06-11 10:43:13.967000'), Timestamp('2026-06-11 10:43:14.053000'), Timestamp('2026-06-11 10:43:14.658000'), Timestamp('2026-06-11 10:43:15.259000'), Timestamp('2026-06-11 10:43:15.450000'), Timestamp('2026-06-11 10:43:15.541000'), Timestamp('2026-06-11 10:43:16.059000'), Timestamp('2026-06-11 10:43:16.142000'), Timestamp('2026-06-11 10:43:16.744000'), Timestamp('2026-06-11 10:43:16.933000'), Timestamp('2026-06-11 10:43:17.627000'), Timestamp('2026-06-11 10:43:18.225000'), Timestamp('2026-06-11 10:43:18.499000'), Timestamp('2026-06-11 10:43:19.099000'), Timestamp('2026-06-11 10:43:19.696000'), Timestamp('2026-06-11 10:43:19.968000'), Timestamp('2026-06-11 10:43:20.571000'), Timestamp('2026-06-11 10:43:21.360000'), Timestamp('2026-06-11 10:43:21.445000'), Timestamp('2026-06-11 10:43:22.046000'), Timestamp('2026-06-11 10:43:22.916000'), Timestamp('2026-06-11 10:43:23.432000'), Timestamp('2026-06-11 10:43:24.302000'), Timestamp('2026-06-11 10:43:24.387000'), Timestamp('2026-06-11 10:43:24.982000'), Timestamp('2026-06-11 10:43:25.488000'), Timestamp('2026-06-11 10:43:25.854000'), Timestamp('2026-06-11 10:43:26.450000'), Timestamp('2026-06-11 10:43:27.314000'), Timestamp('2026-06-11 10:43:28.016000'), Timestamp('2026-06-11 10:43:28.282000'), Timestamp('2026-06-11 10:43:28.875000')]","[0.152, 0.335, 0.147, 0.269, 0.087, 0.525, 0.086, 0.614, 0.277, 0.527, 0.086, 0.523, 0.086, 0.294, 0.716, 0.632, 0.086, 0.21, 0.085, 0.636, 0.081, 0.716, 0.288, 0.52, 0.087, 0.606, 0.195, 0.085, 0.601, 0.602, 0.196, 0.086, 0.605, 0.601, 0.191, 0.091, 0.518, 0.083, 0.602, 0.189, 0.694, 0.598, 0.274, 0.6, 0.597, 0.272, 0.603, 0.789, 0.085, 0.601, 0.87, 0.516, 0.87, 0.085, 0.595, 0.506, 0.366, 0.596, 0.864, 0.702, 0.266, 0.593]","[nan, nan, nan, nan, nan, nan, nan, nan, nan, nan, nan, nan, nan, nan, nan, nan, nan, nan, nan, nan, nan, nan, nan, nan, nan, nan, nan, nan, nan, nan, nan, nan, nan, nan, nan, nan, nan, nan, nan, nan, nan, nan, nan, nan, nan, nan, nan, nan, nan, nan, nan, nan, nan, nan, nan, nan, nan, nan, nan, nan, nan, nan, nan, nan]","[nan, nan, nan, nan, nan, nan, nan, nan, nan, nan, nan, nan, nan, nan, nan, nan, nan, nan, nan, nan, nan, nan, nan, nan, nan, nan, nan, nan, nan, nan, nan, nan, nan, nan, nan, nan, nan, nan, nan, nan, nan, nan, nan, nan, nan, nan, nan, nan, nan, nan, nan, nan, nan, nan, nan, nan, nan, nan, nan, nan, nan, nan]",,9.909957327300695
ADTC1_adz_raw_20260611_1105,2026-06-11 11:04:01.066,2026-06-11 11:04:11.088,"[Timestamp('2026-06-11 11:04:11.088000'), Timestamp('2026-06-11 11:04:11.208000'), Timestamp('2026-06-11 11:04:11.553000'), Timestamp('2026-06-11 11:04:11.672000'), Timestamp('2026-06-11 11:04:12.506000'), Timestamp('2026-06-11 11:04:12.963000'), Timestamp('2026-06-11 11:04:13.044000'), Timestamp('2026-06-11 11:04:13.221000'), Timestamp('2026-06-11 11:04:13.295000'), Timestamp('2026-06-11 11:04:13.833000'), Timestamp('2026-06-11 11:04:14.295000'), Timestamp('2026-06-11 11:04:14.371000'), Timestamp('2026-06-11 11:04:17.196000'), Timestamp('2026-06-11 11:04:17.270000'), Timestamp('2026-06-11 11:04:17.833000'), Timestamp('2026-06-11 11:04:17.907000'), Timestamp('2026-06-11 11:04:18.079000'), Timestamp('2026-06-11 11:04:18.157000'), Timestamp('2026-06-11 11:04:18.716000'), Timestamp('2026-06-11 11:04:18.793000'), Timestamp('2026-06-11 11:04:18.965000'), Timestamp('2026-06-11 11:04:19.041000'), Timestamp('2026-06-11 11:04:19.601000'), Timestamp('2026-06-11 11:04:19.677000'), Timestamp('2026-06-11 11:04:19.846000'), Timestamp('2026-06-11 11:04:19.925000'), Timestamp('2026-06-11 11:04:20.487000'), Timestamp('2026-06-11 11:04:20.562000'), Timestamp('2026-06-11 11:04:20.731000'), Timestamp('2026-06-11 11:04:20.812000'), Timestamp('2026-06-11 11:04:21.349000'), Timestamp('2026-06-11 11:04:21.814000'), Timestamp('2026-06-11 11:04:21.886000'), Timestamp('2026-06-11 11:04:22.060000'), Timestamp('2026-06-11 11:04:22.139000'), Timestamp('2026-06-11 11:04:22.692000'), Timestamp('2026-06-11 11:04:22.775000'), Timestamp('2026-06-11 11:04:23.018000'), Timestamp('2026-06-11 11:04:23.581000'), Timestamp('2026-06-11 11:04:23.657000'), Timestamp('2026-06-11 11:04:23.834000'), Timestamp('2026-06-11 11:04:23.912000'), Timestamp('2026-06-11 11:04:24.546000'), Timestamp('2026-06-11 11:04:25.108000'), Timestamp('2026-06-11 11:04:25.180000'), Timestamp('2026-06-11 11:04:25.362000'), Timestamp('2026-06-11 11:04:25.433000'), Timestamp('2026-06-11 11:04:25.994000'), Timestamp('2026-06-11 11:04:26.071000'), Timestamp('2026-06-11 11:04:26.237000'), Timestamp('2026-06-11 11:04:26.316000'), Timestamp('2026-06-11 11:04:26.878000'), Timestamp('2026-06-11 11:04:26.949000'), Timestamp('2026-06-11 11:04:27.120000'), Timestamp('2026-06-11 11:04:27.195000'), Timestamp('2026-06-11 11:04:27.759000'), Timestamp('2026-06-11 11:04:27.833000'), Timestamp('2026-06-11 11:04:28.004000'), Timestamp('2026-06-11 11:04:28.080000'), Timestamp('2026-06-11 11:04:28.637000'), Timestamp('2026-06-11 11:04:28.718000'), Timestamp('2026-06-11 11:04:28.887000'), Timestamp('2026-06-11 11:04:28.965000'), Timestamp('2026-06-11 11:04:29.429000'), Timestamp('2026-06-11 11:04:29.505000'), Timestamp('2026-06-11 11:04:30.041000'), Timestamp('2026-06-11 11:04:30.292000'), Timestamp('2026-06-11 11:04:30.853000'), Timestamp('2026-06-11 11:04:30.925000'), Timestamp('2026-06-11 11:04:31.177000'), Timestamp('2026-06-11 11:04:31.738000'), Timestamp('2026-06-11 11:04:31.810000')]","[0.12, 0.345, 0.119, 0.834, 0.457, 0.081, 0.177, 0.074, 0.538, 0.462, 0.076, 2.825, 0.074, 0.563, 0.074, 0.172, 0.078, 0.559, 0.077, 0.172, 0.076, 0.56, 0.076, 0.169, 0.079, 0.562, 0.075, 0.169, 0.081, 0.537, 0.465, 0.072, 0.174, 0.079, 0.553, 0.083, 0.243, 0.563, 0.076, 0.177, 0.078, 0.634, 0.562, 0.072, 0.182, 0.071, 0.561, 0.077, 0.166, 0.079, 0.562, 0.071, 0.171, 0.075, 0.564, 0.074, 0.171, 0.076, 0.557, 0.081, 0.169, 0.078, 0.464, 0.076, 0.536, 0.251, 0.561, 0.072, 0.252, 0.561, 0.072]","[nan, nan, nan, nan, nan, nan, nan, nan, nan, nan, nan, nan, nan, nan, nan, nan, nan, nan, nan, nan, nan, nan, nan, nan, nan, nan, nan, nan, nan, nan, nan, nan, nan, nan, nan, nan, nan, nan, nan, nan, nan, nan, nan, nan, nan, nan, nan, nan, nan, nan, nan, nan, nan, nan, nan, nan, nan, nan, nan, nan, nan, nan, nan, nan, nan, nan, nan, nan, nan, nan, nan, nan]","[nan, nan, nan, nan, nan, nan, nan, nan, nan, nan, nan, nan, nan, nan, nan, nan, nan, nan, nan, nan, nan, nan, nan, nan, nan, nan, nan, nan, nan, nan, nan, nan, nan, nan, nan, nan, nan, nan, nan, nan, nan, nan, nan, nan, nan, nan, nan, nan, nan, nan, nan, nan, nan, nan, nan, nan, nan, nan, nan, nan, nan, nan, nan, nan, nan, nan, nan, nan, nan, nan, nan]",,9.920390578757312
ADTC1_adz_raw_20260611_1115,2026-06-11 11:13:28.762,2026-06-11 11:13:38.794,"[Timestamp('2026-06-11 11:13:38.794000'), Timestamp('2026-06-11 11:13:38.900000'), Timestamp('2026-06-11 11:13:39.679000'), Timestamp('2026-06-11 11:13:39.787000'), Timestamp('2026-06-11 11:13:40.097000'), Timestamp('2026-06-11 11:13:40.217000'), Timestamp('2026-06-11 11:13:40.987000'), Timestamp('2026-06-11 11:13:41.098000'), Timestamp('2026-06-11 11:13:41.406000'), Timestamp('2026-06-11 11:13:41.524000'), Timestamp('2026-06-11 11:13:42.289000'), Timestamp('2026-06-11 11:13:42.409000'), Timestamp('2026-06-11 11:13:42.720000'), Timestamp('2026-06-11 11:13:42.833000'), Timestamp('2026-06-11 11:13:43.601000'), Timestamp('2026-06-11 11:13:43.726000'), Timestamp('2026-06-11 11:13:44.033000'), Timestamp('2026-06-11 11:13:44.138000'), Timestamp('2026-06-11 11:13:44.922000'), Timestamp('2026-06-11 11:13:45.027000'), Timestamp('2026-06-11 11:13:45.340000'), Timestamp('2026-06-11 11:13:45.455000'), Timestamp('2026-06-11 11:13:46.230000'), Timestamp('2026-06-11 11:13:46.347000'), Timestamp('2026-06-11 11:13:46.650000'), Timestamp('2026-06-11 11:13:46.773000'), Timestamp('2026-06-11 11:13:47.549000'), Timestamp('2026-06-11 11:13:47.662000'), Timestamp('2026-06-11 11:13:47.978000'), Timestamp('2026-06-11 11:13:48.079000'), Timestamp('2026-06-11 11:13:48.866000'), Timestamp('2026-06-11 11:13:48.973000'), Timestamp('2026-06-11 11:13:49.289000'), Timestamp('2026-06-11 11:13:49.408000'), Timestamp('2026-06-11 11:13:50.180000'), Timestamp('2026-06-11 11:13:50.295000'), Timestamp('2026-06-11 11:13:50.612000'), Timestamp('2026-06-11 11:13:50.718000'), Timestamp('2026-06-11 11:13:51.503000'), Timestamp('2026-06-11 11:13:51.609000'), Timestamp('2026-06-11 11:13:51.924000'), Timestamp('2026-06-11 11:13:52.047000'), Timestamp('2026-06-11 11:13:52.826000'), Timestamp('2026-06-11 11:13:52.939000'), Timestamp('2026-06-11 11:13:53.252000'), Timestamp('2026-06-11 11:13:53.362000'), Timestamp('2026-06-11 11:13:54.149000'), Timestamp('2026-06-11 11:13:54.255000'), Timestamp('2026-06-11 11:13:54.582000'), Timestamp('2026-06-11 11:13:54.685000'), Timestamp('2026-06-11 11:13:55.473000'), Timestamp('2026-06-11 11:13:55.580000')]","[0.106, 0.779, 0.108, 0.31, 0.12, 0.77, 0.111, 0.308, 0.118, 0.765, 0.12, 0.311, 0.113, 0.768, 0.125, 0.307, 0.105, 0.784, 0.105, 0.313, 0.115, 0.775, 0.117, 0.303, 0.123, 0.776, 0.113, 0.316, 0.101, 0.787, 0.107, 0.316, 0.119, 0.772, 0.115, 0.317, 0.106, 0.785, 0.106, 0.315, 0.123, 0.779, 0.113, 0.313, 0.11, 0.787, 0.106, 0.327, 0.103, 0.788, 0.107]","[21.71155027216207, 21.746267284736902, 21.54995724979596, 22.13242961418144, 22.09402715642414, 22.21500721500722, 21.85799601857996, 21.661499812293254, 22.015534221594194, 20.98507662911029, 20.625137143583913, 21.344356552069918, 21.79040939345564, 21.828572940507215, 21.154028762024673, 21.99678445353186, 21.46599739021152, 21.3780809843801, 21.596426490580697, 21.224310873881535, 21.54841913208157, 21.38740582164791, 21.125623426003653, 20.980700849596914, 20.879770347855455, 21.247334455187996, 20.97471799340808, 20.745413238786963, 21.246739722362875, 21.173583684830575, 20.989410675984285, 21.510393786247203, 21.18093102113287, 21.478804770547058, 20.648604269293923, 20.410806270016742, 20.539748269404726, 21.112450752939598, 20.36812090589207, 20.013103037522335, 20.157337128399753, 21.100427350427353, 20.957241745012606, 20.545943605737243, 20.568550328537448, 20.442497409628885, 20.08853404727669, 20.486707757193876, 21.282657744947493, 20.992067962188905, 19.914692600527104, 19.446298055242934]","[2.3014243288491794, 16.940342214810048, 2.3273953829779637, 6.8610531803962465, 2.6512832587708965, 17.105555555555558, 2.426237558062376, 6.671741942186322, 2.597833038148115, 16.05358362126937, 2.4750164572300695, 6.638094887693745, 2.4623162614604874, 16.76434401830954, 2.644253595253084, 6.75301282723428, 2.2539297259722093, 16.760415491754, 2.267624781510973, 6.6432093035249205, 2.4780682001893806, 16.57523951177713, 2.4716979408424273, 6.357152357427865, 2.568211752786221, 16.487931537225887, 2.3701431332551133, 6.5555505834566805, 2.1459207119586505, 16.663610359961663, 2.2458669423303186, 6.797284436454116, 2.5205307915148114, 16.581637282862328, 2.3745894909688015, 6.470225587595308, 2.1772133165569008, 16.573273841057585, 2.1590208160245594, 6.304127456819535, 2.4793524667931695, 16.43723290598291, 2.3681683171864245, 6.430880348595757, 2.2625405361391193, 16.088245461377934, 2.129384609011329, 6.699153436602398, 2.1921137477295916, 16.54174955420486, 2.1308721082564]",356.23565697391444,9.9253660934637
ADTC1_adz_raw_20260611_1124,2026-06-11 11:23:32.736,2026-06-11 11:23:42.767,"[Timestamp('2026-06-11 11:23:42.767000'), Timestamp('2026-06-11 11:23:42.885000'), Timestamp('2026-06-11 11:23:43.228000'), Timestamp('2026-06-11 11:23:43.342000'), Timestamp('2026-06-11 11:23:43.574000'), Timestamp('2026-06-11 11:23:43.679000'), Timestamp('2026-06-11 11:23:44.461000'), Timestamp('2026-06-11 11:23:44.568000'), Timestamp('2026-06-11 11:23:44.757000'), Timestamp('2026-06-11 11:23:44.868000'), Timestamp('2026-06-11 11:23:45.644000'), Timestamp('2026-06-11 11:23:45.756000'), Timestamp('2026-06-11 11:23:45.943000'), Timestamp('2026-06-11 11:23:46.055000'), Timestamp('2026-06-11 11:23:46.836000'), Timestamp('2026-06-11 11:23:46.948000'), Timestamp('2026-06-11 11:23:47.128000'), Timestamp('2026-06-11 11:23:47.245000'), Timestamp('2026-06-11 11:23:48.019000'), Timestamp('2026-06-11 11:23:48.128000')]","[0.118, 0.343, 0.114, 0.232, 0.105, 0.782, 0.107, 0.189, 0.111, 0.776, 0.112, 0.187, 0.112, 0.781, 0.112, 0.18, 0.117, 0.774, 0.109]","[22.600696186066497, 22.105201477853782, 22.74863370502242, 22.0686992692622, 22.512071009706098, 22.263832303750547, 22.52142503267192, 22.26690831702656, 21.8950966609568, 22.064431978752665, 21.945498629559353, 21.47684030429467, 21.40995543308386, 22.159589459969688, 22.058769322259785, 22.201765410593936, 21.108827223935137, 21.353496353496347, 22.039470528870353, 20.888576779026213]","[2.6668821499558466, 7.582084106903848, 2.593344242372556, 5.119938230468831, 2.3637674560191404, 17.41031686153293, 2.4097924784958953, 4.208445671918019, 2.430355729366205, 17.12199921551207, 2.4578958465106475, 4.016169136903103, 2.397915008505392, 17.306639368236326, 2.470582164093096, 3.9963177739069082, 2.469732785200411, 16.527606177606174, 2.4023022876468687]",117.95208669115428,9.92743123247728
ADTC1_adz_raw_20260611_1145,2026-06-11 11:43:41.312,2026-06-11 11:43:51.344,"[Timestamp('2026-06-11 11:43:51.344000'), Timestamp('2026-06-11 11:43:51.450000'), Timestamp('2026-06-11 11:43:52.237000'), Timestamp('2026-06-11 11:43:52.339000'), Timestamp('2026-06-11 11:43:52.657000'), Timestamp('2026-06-11 11:43:52.769000'), Timestamp('2026-06-11 11:43:53.553000'), Timestamp('2026-06-11 11:43:53.657000'), Timestamp('2026-06-11 11:43:53.969000'), Timestamp('2026-06-11 11:43:54.087000'), Timestamp('2026-06-11 11:43:54.865000'), Timestamp('2026-06-11 11:43:54.979000'), Timestamp('2026-06-11 11:43:55.293000'), Timestamp('2026-06-11 11:43:55.397000'), Timestamp('2026-06-11 11:43:56.188000'), Timestamp('2026-06-11 11:43:56.289000'), Timestamp('2026-06-11 11:43:56.601000'), Timestamp('2026-06-11 11:43:56.719000'), Timestamp('2026-06-11 11:43:57.492000'), Timestamp('2026-06-11 11:43:57.610000'), Timestamp('2026-06-11 11:43:57.927000'), Timestamp('2026-06-11 11:43:58.028000'), Timestamp('2026-06-11 11:43:58.819000'), Timestamp('2026-06-11 11:43:58.920000'), Timestamp('2026-06-11 11:43:59.233000'), Timestamp('2026-06-11 11:43:59.352000'), Timestamp('2026-06-11 11:44:00.132000'), Timestamp('2026-06-11 11:44:00.246000'), Timestamp('2026-06-11 11:44:00.554000'), Timestamp('2026-06-11 11:44:00.669000'), Timestamp('2026-06-11 11:44:01.447000'), Timestamp('2026-06-11 11:44:01.562000'), Timestamp('2026-06-11 11:44:01.878000'), Timestamp('2026-06-11 11:44:01.985000'), Timestamp('2026-06-11 11:44:02.771000'), Timestamp('2026-06-11 11:44:02.873000'), Timestamp('2026-06-11 11:44:03.189000'), Timestamp('2026-06-11 11:44:03.305000'), Timestamp('2026-06-11 11:44:04.084000'), Timestamp('2026-06-11 11:44:04.199000'), Timestamp('2026-06-11 11:44:04.505000'), Timestamp('2026-06-11 11:44:04.624000'), Timestamp('2026-06-11 11:44:05.396000'), Timestamp('2026-06-11 11:44:05.517000'), Timestamp('2026-06-11 11:44:05.822000'), Timestamp('2026-06-11 11:44:05.940000'), Timestamp('2026-06-11 11:44:06.721000'), Timestamp('2026-06-11 11:44:06.839000'), Timestamp('2026-06-11 11:44:07.151000'), Timestamp('2026-06-11 11:44:07.256000'), Timestamp('2026-06-11 11:44:08.042000'), Timestamp('2026-06-11 11:44:08.148000')]","[0.106, 0.787, 0.102, 0.318, 0.112, 0.784, 0.104, 0.312, 0.118, 0.778, 0.114, 0.314, 0.104, 0.791, 0.101, 0.312, 0.118, 0.773, 0.118, 0.317, 0.101, 0.791, 0.101, 0.313, 0.119, 0.78, 0.114, 0.308, 0.115, 0.778, 0.115, 0.316, 0.107, 0.786, 0.102, 0.316, 0.116, 0.779, 0.115, 0.306, 0.119, 0.772, 0.121, 0.305, 0.118, 0.781, 0.118, 0.312, 0.105, 0.786, 0.106]","[22.546304250140786, 22.13242961418144, 21.97802197802198, 22.483470830131637, 22.054504635149797, 22.794435835674673, 22.058874639418896, 22.210680350042843, 22.07356536870377, 21.86639723540092, 22.068509896786665, 21.996945809127084, 21.78009508257024, 22.179541897851756, 22.51086811563202, 22.253205158732193, 21.626102917677123, 21.84426478985921, 21.390063245207774, 21.51614771454333, 21.951577532678655, 22.242613920141384, 22.28127166579236, 21.65262172284644, 21.207266957806233, 21.58616939839888, 21.75966002990478, 21.386094991431687, 21.95835599411822, 21.377020498240455, 21.93184622057229, 21.64440201394421, 22.63903371782837, 22.564151828205443, 21.23267686351371, 21.466512929675183, 21.948895493121725, 22.174873737373744, 21.932783444357675, 21.228038669899135, 21.768225476302945, 21.890786177795057, 21.51715830262463, 21.468431377629955, 21.672794117647058, 21.71875, 21.89669621506029, 22.021282877455747, 22.254606962253135, 22.095150368360407, 21.150857936324265, 20.81557596014065]","[2.389908250514923, 17.418222106360794, 2.241758241758242, 7.14974372398186, 2.470104519136777, 17.870837695168944, 2.294122962499565, 6.929732269213367, 2.6046807135070447, 17.012057049141916, 2.5158101282336798, 6.907040984065905, 2.265129888587305, 17.54401764120074, 2.273597679678834, 6.943000009524444, 2.5518801442859003, 16.88561668256117, 2.524027462934517, 6.820618825510236, 2.2171093308005445, 17.593907610831835, 2.2504084382450285, 6.777270599250936, 2.5236647679789415, 16.837212130751126, 2.480601243409145, 6.58691725736096, 2.5252109393235957, 16.631321947631076, 2.5221623153658133, 6.83963103640637, 2.422376607807635, 17.73542333696948, 2.1657330400783983, 6.783418085777358, 2.5460718772021202, 17.27422664141415, 2.5222700961011326, 6.495779832989135, 2.5904188316800503, 16.899686929257786, 2.60357615461758, 6.547871570177136, 2.5573897058823527, 16.962343750000002, 2.5838101533771143, 6.870640257766193, 2.336733731036579, 17.36678818953128, 2.241990941250372]",368.9038743281373,9.918295963858352
ADTC1_adz_raw_20260611_1150,2026-06-11 11:49:15.552,2026-06-11 11:49:25.575,"[Timestamp('2026-06-11 11:49:25.575000'), Timestamp('2026-06-11 11:49:25.704000'), Timestamp('2026-06-11 11:49:26.062000'), Timestamp('2026-06-11 11:49:26.187000'), Timestamp('2026-06-11 11:49:26.407000'), Timestamp('2026-06-11 11:49:26.490000'), Timestamp('2026-06-11 11:49:26.942000'), Timestamp('2026-06-11 11:49:27.019000'), Timestamp('2026-06-11 11:49:27.180000'), Timestamp('2026-06-11 11:49:27.260000'), Timestamp('2026-06-11 11:49:27.709000'), Timestamp('2026-06-11 11:49:27.789000'), Timestamp('2026-06-11 11:49:27.947000'), Timestamp('2026-06-11 11:49:28.026000'), Timestamp('2026-06-11 11:49:28.475000'), Timestamp('2026-06-11 11:49:28.555000'), Timestamp('2026-06-11 11:49:28.713000'), Timestamp('2026-06-11 11:49:28.791000'), Timestamp('2026-06-11 11:49:29.238000'), Timestamp('2026-06-11 11:49:29.317000'), Timestamp('2026-06-11 11:49:29.474000'), Timestamp('2026-06-11 11:49:29.554000'), Timestamp('2026-06-11 11:49:29.997000'), Timestamp('2026-06-11 11:49:30.079000'), Timestamp('2026-06-11 11:49:30.235000'), Timestamp('2026-06-11 11:49:30.315000'), Timestamp('2026-06-11 11:49:30.758000'), Timestamp('2026-06-11 11:49:30.843000'), Timestamp('2026-06-11 11:49:30.996000'), Timestamp('2026-06-11 11:49:31.075000'), Timestamp('2026-06-11 11:49:31.523000'), Timestamp('2026-06-11 11:49:31.599000'), Timestamp('2026-06-11 11:49:31.756000'), Timestamp('2026-06-11 11:49:31.835000'), Timestamp('2026-06-11 11:49:32.281000'), Timestamp('2026-06-11 11:49:32.356000'), Timestamp('2026-06-11 11:49:32.510000'), Timestamp('2026-06-11 11:49:32.590000'), Timestamp('2026-06-11 11:49:33.033000'), Timestamp('2026-06-11 11:49:33.109000'), Timestamp('2026-06-11 11:49:33.265000'), Timestamp('2026-06-11 11:49:33.341000'), Timestamp('2026-06-11 11:49:33.787000'), Timestamp('2026-06-11 11:49:33.862000'), Timestamp('2026-06-11 11:49:34.015000'), Timestamp('2026-06-11 11:49:34.095000'), Timestamp('2026-06-11 11:49:34.537000'), Timestamp('2026-06-11 11:49:34.614000'), Timestamp('2026-06-11 11:49:34.767000'), Timestamp('2026-06-11 11:49:34.846000'), Timestamp('2026-06-11 11:49:35.288000'), Timestamp('2026-06-11 11:49:35.365000'), Timestamp('2026-06-11 11:49:35.518000'), Timestamp('2026-06-11 11:49:35.596000'), Timestamp('2026-06-11 11:49:36.036000'), Timestamp('2026-06-11 11:49:36.115000'), Timestamp('2026-06-11 11:49:36.270000'), Timestamp('2026-06-11 11:49:36.346000'), Timestamp('2026-06-11 11:49:36.785000'), Timestamp('2026-06-11 11:49:36.861000'), Timestamp('2026-06-11 11:49:37.015000'), Timestamp('2026-06-11 11:49:37.093000'), Timestamp('2026-06-11 11:49:37.531000'), Timestamp('2026-06-11 11:49:37.608000'), Timestamp('2026-06-11 11:49:37.761000'), Timestamp('2026-06-11 11:49:37.837000'), Timestamp('2026-06-11 11:49:38.278000'), Timestamp('2026-06-11 11:49:38.352000'), Timestamp('2026-06-11 11:49:38.504000'), Timestamp('2026-06-11 11:49:38.583000'), Timestamp('2026-06-11 11:49:39.018000'), Timestamp('2026-06-11 11:49:39.097000'), Timestamp('2026-06-11 11:49:39.246000'), Timestamp('2026-06-11 11:49:39.326000'), Timestamp('2026-06-11 11:49:39.762000'), Timestamp('2026-06-11 11:49:39.839000'), Timestamp('2026-06-11 11:49:39.984000'), Timestamp('2026-06-11 11:49:40.069000'), Timestamp('2026-06-11 11:49:40.501000'), Timestamp('2026-06-11 11:49:40.580000'), Timestamp('2026-06-11 11:49:40.727000'), Timestamp('2026-06-11 11:49:40.808000'), Timestamp('2026-06-11 11:49:41.242000'), Timestamp('2026-06-11 11:49:41.318000')]","[0.129, 0.358, 0.125, 0.22, 0.083, 0.452, 0.077, 0.161, 0.08, 0.449, 0.08, 0.158, 0.079, 0.449, 0.08, 0.158, 0.078, 0.447, 0.079, 0.157, 0.08, 0.443, 0.082, 0.156, 0.08, 0.443, 0.085, 0.153, 0.079, 0.448, 0.076, 0.157, 0.079, 0.446, 0.075, 0.154, 0.08, 0.443, 0.076, 0.156, 0.076, 0.446, 0.075, 0.153, 0.08, 0.442, 0.077, 0.153, 0.079, 0.442, 0.077, 0.153, 0.078, 0.44, 0.079, 0.155, 0.076, 0.439, 0.076, 0.154, 0.078, 0.438, 0.077, 0.153, 0.076, 0.441, 0.074, 0.152, 0.079, 0.435, 0.079, 0.149, 0.08, 0.436, 0.077, 0.145, 0.085, 0.432, 0.079, 0.147, 0.081, 0.434, 0.076]","[21.685622121066167, 22.368935837245694, 21.05886472235953, 20.982454933360852, 21.235648215520527, 21.318152819355156, 21.509379695949825, 21.42437961099933, 21.428571428571423, 21.7028354289754, 21.74359632108616, 21.75109660395463, 22.050360813125604, 21.822832199711147, 21.70600516252665, 22.12334451048786, 21.994528450110575, 22.084748837343966, 22.439864787628395, 22.266983298493194, 22.175937855316477, 22.272666764432998, 21.962754013028956, 22.56320005866285, 22.57183908045977, 22.526135566446396, 22.299027580717716, 22.90143859911302, 22.729745055606344, 22.60000535862605, 22.727179466135944, 23.262453347288975, 23.295898163342486, 23.147133626843573, 23.466780094915624, 23.274777022866463, 23.568222696632986, 23.28865001117036, 23.321313372094338, 23.26771433885066, 23.692620795900176, 23.583569173119503, 24.125901144303164, 23.87264041559978, 23.740545169116594, 23.799389174988104, 24.368460029897008, 24.29251137578848, 23.459941585541312, 24.187170776657638, 24.194439239961177, 24.49639865476116, 24.381085334080577, 24.631785486724027, 24.906435124788807, 24.64145413730747, 24.86076301865775, 24.837041657721393, 24.70225810512963, 25.08188031607732, 25.122312548680394, 25.51759870937709, 25.29948288778418, 25.751572441931312, 25.751572441931312, 25.572000572000576, 26.441330584070535, 25.923557678072772, 25.788636934147767, 25.982961992136303, 26.30482345015887, 26.247962657562518, 26.727033028873734, 26.723139589824996, 26.18909419596652, 26.785177351821584, 26.146626875049087, 25.915094956470988, 26.70133847330928, 27.26341811432962, 27.004739858753418, 27.234941418806336, 27.6909415901233, 27.824467672344092]","[2.7974452536175356, 8.008079029733958, 2.6323580902949413, 4.616140085339388, 1.762558801888204, 9.63580507434853, 1.6562222365881365, 3.4493251173708925, 1.714285714285714, 9.744573107609956, 1.7394877056868927, 3.4366732634248316, 1.7419785042369227, 9.798451657670306, 1.736480413002132, 3.495488432657082, 1.7155732191086248, 9.871882730292754, 1.7727493182226433, 3.4959163778634315, 1.7740750284253182, 9.866791376643818, 1.8009458290683744, 3.5198592091514045, 1.8057471264367817, 9.979078055935753, 1.895417344361006, 3.5039201056642924, 1.7956498593929011, 10.12480240066447, 1.7272656394263317, 3.652205175524369, 1.8403759549040564, 10.323621597572235, 1.7600085071186717, 3.584315661521435, 1.885457815730639, 10.31687195494847, 1.7724198162791696, 3.629763436860703, 1.8006391804884132, 10.5182718512113, 1.8094425858227372, 3.652513983586766, 1.8992436135293276, 10.519330015344742, 1.8763714223020695, 3.716754240495637, 1.8533353852577636, 10.690729483282675, 1.8629718214770106, 3.747948994178457, 1.901724656058285, 10.837985614158573, 1.9676083748583157, 3.8194253912826577, 1.889417989417989, 10.903461287739692, 1.877371615989852, 3.862609568675907, 1.9595403787970707, 11.176708234707165, 1.9480601823593817, 3.939990583615491, 1.9571195055867796, 11.277252252252254, 1.9566584632212194, 3.940380767067061, 2.0373023177976735, 11.302588466579293, 2.078081052562551, 3.910946435976815, 2.138162642309899, 11.651288861163698, 2.016560253089422, 3.8838507160141296, 2.2224632843791725, 11.195321021195467, 2.109405739391433, 4.007722462806454, 2.187383928559027, 11.81996457576195, 2.1045115608493705]",375.208486790074,9.916662694440474
ADTC1_adz_raw_20260611_1154,2026-06-11 11:52:44.467,2026-06-11 11:52:54.597,"[Timestamp('2026-06-11 11:52:54.597000'), Timestamp('2026-06-11 11:52:54.733000'), Timestamp('2026-06-11 11:52:55.240000'), Timestamp('2026-06-11 11:52:55.377000'), Timestamp('2026-06-11 11:52:55.531000'), Timestamp('2026-06-11 11:52:55.663000'), Timestamp('2026-06-11 11:52:56.389000'), Timestamp('2026-06-11 11:52:56.531000'), Timestamp('2026-06-11 11:52:57.244000'), Timestamp('2026-06-11 11:52:57.380000'), Timestamp('2026-06-11 11:52:58.111000'), Timestamp('2026-06-11 11:52:58.250000'), Timestamp('2026-06-11 11:52:58.974000'), Timestamp('2026-06-11 11:52:59.105000'), Timestamp('2026-06-11 11:52:59.819000'), Timestamp('2026-06-11 11:52:59.965000'), Timestamp('2026-06-11 11:53:00.686000'), Timestamp('2026-06-11 11:53:00.827000'), Timestamp('2026-06-11 11:53:01.543000'), Timestamp('2026-06-11 11:53:01.680000'), Timestamp('2026-06-11 11:53:02.404000'), Timestamp('2026-06-11 11:53:02.542000'), Timestamp('2026-06-11 11:53:02.691000'), Timestamp('2026-06-11 11:53:02.830000'), Timestamp('2026-06-11 11:53:03.332000'), Timestamp('2026-06-11 11:53:03.466000')]","[0.136, 0.507, 0.137, 0.154, 0.132, 0.726, 0.142, 0.713, 0.136, 0.731, 0.139, 0.724, 0.131, 0.714, 0.146, 0.721, 0.141, 0.716, 0.137, 0.724, 0.138, 0.149, 0.139, 0.502, 0.134]","[20.832884147134813, 21.932539068544017, 22.360679946376095, 22.28292534641593, 21.722721722721722, 22.098699481051366, 22.602276950103033, 21.6006216006216, 22.68069891046285, 22.001878859580962, 23.387654371696925, 22.090440653873493, 23.06279976019185, 22.308554288082675, 21.108184558522115, 22.251417626484447, 21.78190911067624, 22.471111443391344, 23.55099598625828, 22.081637802598628, 22.509679530292836, 21.941435741994688, 22.366925817263382, 22.177012177012177, 22.13395557443223, 21.38660784944196]","[2.8332722440103346, 11.119797307751817, 3.063413152653525, 3.4315705033480532, 2.8673992673992674, 16.04365582324329, 3.2095233269146304, 15.4012432012432, 3.084575051822948, 16.083373446353683, 3.250883957665873, 15.993479033404409, 3.0212267685851324, 15.928307761691029, 3.0817949455442286, 16.043272108695284, 3.071249184605349, 16.089315793468202, 3.2264864501173847, 15.987105769081406, 3.1063357751804115, 3.2692739255572083, 3.1090026885996105, 11.132860112860113, 2.965950046973919]",196.4143676467703,10.01974157209646
ADTC1_adz_raw_20260611_1200,2026-06-11 11:59:04.656,2026-06-11 11:59:14.774,"[Timestamp('2026-06-11 11:59:14.774000'), Timestamp('2026-06-11 11:59:16.145000'), Timestamp('2026-06-11 11:59:16.492000'), Timestamp('2026-06-11 11:59:16.960000'), Timestamp('2026-06-11 11:59:17.409000'), Timestamp('2026-06-11 11:59:17.866000')]","[1.371, 0.347, 0.468, 0.449, 0.457]","[11.479106305969175, 21.461930963717798, 12.575617438256174, 16.770901909150744, 14.715093131865771, 36.04482120605673, 19.4636678200692, 21.636127713117332]","[15.73785474548374, 7.447290044410075, 5.88538896110389, 7.530134957208684, 6.724797561262657]",43.32546626946904,9.91829422816446
ADTC1_adz_raw_20260611_1205,2026-06-11 12:03:22.029,2026-06-11 12:03:32.055,"[Timestamp('2026-06-11 12:03:32.055000'), Timestamp('2026-06-11 12:03:32.187000'), Timestamp('2026-06-11 12:03:32.486000'), Timestamp('2026-06-11 12:03:32.625000'), Timestamp('2026-06-11 12:03:35.161000'), Timestamp('2026-06-11 12:03:35.810000'), Timestamp('2026-06-11 12:03:36.906000'), Timestamp('2026-06-11 12:03:36.984000'), Timestamp('2026-06-11 12:03:37.456000'), Timestamp('2026-06-11 12:03:38.253000'), Timestamp('2026-06-11 12:03:38.334000'), Timestamp('2026-06-11 12:03:38.879000'), Timestamp('2026-06-11 12:03:41.166000'), Timestamp('2026-06-11 12:03:41.246000'), Timestamp('2026-06-11 12:03:41.815000'), Timestamp('2026-06-11 12:03:41.891000'), Timestamp('2026-06-11 12:03:42.461000'), Timestamp('2026-06-11 12:03:42.537000'), Timestamp('2026-06-11 12:03:42.726000'), Timestamp('2026-06-11 12:03:42.803000'), Timestamp('2026-06-11 12:03:43.449000'), Timestamp('2026-06-11 12:03:44.091000'), Timestamp('2026-06-11 12:03:47.390000'), Timestamp('2026-06-11 12:03:47.468000'), Timestamp('2026-06-11 12:03:48.035000'), Timestamp('2026-06-11 12:03:48.110000'), Timestamp('2026-06-11 12:03:52.125000'), Timestamp('2026-06-11 12:03:52.772000'), Timestamp('2026-06-11 12:03:53.856000'), Timestamp('2026-06-11 12:03:53.933000'), Timestamp('2026-06-11 12:03:54.578000'), Timestamp('2026-06-11 12:03:55.224000'), Timestamp('2026-06-11 12:03:55.486000'), Timestamp('2026-06-11 12:03:56.126000')]","[0.132, 0.299, 0.139, 2.536, 0.649, 1.096, 0.078, 0.472, 0.797, 0.081, 0.545, 2.287, 0.08, 0.569, 0.076, 0.57, 0.076, 0.189, 0.077, 0.646, 0.642, 3.299, 0.078, 0.567, 0.075, 4.015, 0.647, 1.084, 0.077, 0.645, 0.646, 0.262, 0.64]","[nan, nan, nan, nan, nan, nan, nan, nan, nan, nan, nan, nan, nan, nan, nan, nan, nan, nan, nan, nan, nan, nan, nan, nan, nan, nan, nan, nan, nan, nan, nan, nan, nan, nan, nan, nan, nan, nan, nan, nan, nan, nan, nan]","[nan, nan, nan, nan, nan, nan, nan, nan, nan, nan, nan, nan, nan, nan, nan, nan, nan, nan, nan, nan, nan, nan, nan, nan, nan, nan, nan, nan, nan, nan, nan, nan, nan]",,9.913555543418354
ADTC1_adz_raw_20260611_1228,2026-06-11 12:27:20.941,2026-06-11 12:27:30.964,"[Timestamp('2026-06-11 12:27:30.964000'), Timestamp('2026-06-11 12:27:31.071000'), Timestamp('2026-06-11 12:27:31.405000'), Timestamp('2026-06-11 12:27:31.513000'), Timestamp('2026-06-11 12:27:31.734000'), Timestamp('2026-06-11 12:27:31.833000'), Timestamp('2026-06-11 12:27:32.593000'), Timestamp('2026-06-11 12:27:32.690000'), Timestamp('2026-06-11 12:27:32.873000'), Timestamp('2026-06-11 12:27:32.985000'), Timestamp('2026-06-11 12:27:33.732000'), Timestamp('2026-06-11 12:27:33.840000'), Timestamp('2026-06-11 12:27:34.026000'), Timestamp('2026-06-11 12:27:34.136000'), Timestamp('2026-06-11 12:27:34.894000'), Timestamp('2026-06-11 12:27:35.004000'), Timestamp('2026-06-11 12:27:35.189000'), Timestamp('2026-06-11 12:27:35.292000'), Timestamp('2026-06-11 12:27:36.056000'), Timestamp('2026-06-11 12:27:36.167000')]","[0.107, 0.334, 0.108, 0.221, 0.099, 0.76, 0.097, 0.183, 0.112, 0.747, 0.108, 0.186, 0.11, 0.758, 0.11, 0.185, 0.103, 0.764, 0.111]","[23.881808798697513, 23.119015047879614, 23.029569609596972, 22.938011126987504, 22.236615994712487, 22.021803276664567, 23.969958108098872, 22.270665215198285, 22.201457103569826, 22.581628171690284, 21.943159286186383, 21.79234603362338, 22.423761073821336, 22.638794259104053, 22.437487622069362, 22.09648963617962, 22.20127734107997, 21.85050796687898, 21.74703643811747, 22.01975698026061]","[2.555353541460634, 7.721751025991791, 2.487193517836473, 5.069300459064238, 2.2014249834765365, 16.73657049026507, 2.3250859364855905, 4.075531734381286, 2.4865631955998206, 16.86847624425264, 2.369861202908129, 4.053376362253949, 2.466613718120347, 17.160206048400873, 2.4681236384276297, 4.087850582693229, 2.2867315661312366, 16.69378808669554, 2.413921044631039]",116.52772337907605,9.920311761364314
ADTC1_adz_raw_20260611_1243,2026-06-11 12:41:36.118,2026-06-11 12:41:46.209,"[Timestamp('2026-06-11 12:41:46.209000'), Timestamp('2026-06-11 12:41:46.310000'), Timestamp('2026-06-11 12:41:47.096000'), Timestamp('2026-06-11 12:41:47.200000'), Timestamp('2026-06-11 12:41:47.515000'), Timestamp('2026-06-11 12:41:47.628000'), Timestamp('2026-06-11 12:41:48.405000'), Timestamp('2026-06-11 12:41:48.521000'), Timestamp('2026-06-11 12:41:48.825000'), Timestamp('2026-06-11 12:41:48.942000'), Timestamp('2026-06-11 12:41:49.718000'), Timestamp('2026-06-11 12:41:49.832000'), Timestamp('2026-06-11 12:41:50.146000'), Timestamp('2026-06-11 12:41:50.248000'), Timestamp('2026-06-11 12:41:51.038000'), Timestamp('2026-06-11 12:41:51.140000'), Timestamp('2026-06-11 12:41:51.452000'), Timestamp('2026-06-11 12:41:51.569000'), Timestamp('2026-06-11 12:41:52.342000'), Timestamp('2026-06-11 12:41:52.459000'), Timestamp('2026-06-11 12:41:52.766000'), Timestamp('2026-06-11 12:41:52.889000'), Timestamp('2026-06-11 12:41:53.656000'), Timestamp('2026-06-11 12:41:53.772000'), Timestamp('2026-06-11 12:41:54.086000'), Timestamp('2026-06-11 12:41:54.193000'), Timestamp('2026-06-11 12:41:54.975000'), Timestamp('2026-06-11 12:41:55.083000'), Timestamp('2026-06-11 12:41:55.388000'), Timestamp('2026-06-11 12:41:55.509000'), Timestamp('2026-06-11 12:41:56.279000'), Timestamp('2026-06-11 12:41:56.401000'), Timestamp('2026-06-11 12:41:56.714000'), Timestamp('2026-06-11 12:41:56.820000'), Timestamp('2026-06-11 12:41:57.601000'), Timestamp('2026-06-11 12:41:57.704000'), Timestamp('2026-06-11 12:41:58.020000'), Timestamp('2026-06-11 12:41:58.138000'), Timestamp('2026-06-11 12:41:58.910000'), Timestamp('2026-06-11 12:41:59.024000'), Timestamp('2026-06-11 12:41:59.339000'), Timestamp('2026-06-11 12:41:59.441000'), Timestamp('2026-06-11 12:42:00.231000'), Timestamp('2026-06-11 12:42:00.336000'), Timestamp('2026-06-11 12:42:00.654000'), Timestamp('2026-06-11 12:42:00.755000'), Timestamp('2026-06-11 12:42:01.542000'), Timestamp('2026-06-11 12:42:01.644000')]","[0.101, 0.786, 0.104, 0.315, 0.113, 0.777, 0.116, 0.304, 0.117, 0.776, 0.114, 0.314, 0.102, 0.79, 0.102, 0.312, 0.117, 0.773, 0.117, 0.307, 0.123, 0.767, 0.116, 0.314, 0.107, 0.782, 0.108, 0.305, 0.121, 0.77, 0.122, 0.313, 0.106, 0.781, 0.103, 0.316, 0.118, 0.772, 0.114, 0.315, 0.102, 0.79, 0.105, 0.318, 0.101, 0.787, 0.102]","[22.205161917798346, 21.8207786711807, 22.534450909721016, 21.81705255654248, 21.908039288357465, 21.936768222250578, 22.217858139918302, 22.019583221767753, 21.95336371861184, 21.825095351793852, 22.349101698220068, 21.780377895485806, 22.058823529411764, 21.859736674453174, 22.8473048809567, 21.900137450148065, 21.56377130998201, 21.55073912732986, 21.95912208635388, 21.9220282184768, 21.257973974821766, 22.497101237406156, 22.03403967700416, 21.51614771454333, 21.856936293040157, 22.220542307855855, 21.75312307065824, 22.43277376872059, 21.600313352518864, 21.68859793293635, 21.509571833157892, 21.761952049936166, 21.651331994165055, 22.56836598218382, 22.42859184366124, 21.82826122894265, 21.821919432840936, 21.89669621506029, 21.654125841317956, 21.571750591943193, 21.821919432840936, 21.60120967014644, 22.39654026098173, 22.016597878666843, 22.07940487683878, 21.945742895199672, 21.66059959655916, 21.06311554797646]","[2.242721353697633, 17.15113203554803, 2.343582894610986, 6.872371555310882, 2.4756084395843936, 17.0448689086887, 2.5772715442305234, 6.693953299417397, 2.5685435550775852, 16.936273992992028, 2.547797593597088, 6.839038659182543, 2.25, 17.269191972818007, 2.3304250978575833, 6.832842884446197, 2.522961243267895, 16.65872134542598, 2.569217284103404, 6.730062663072378, 2.6147307989030772, 17.255276649090522, 2.5559486025324825, 6.756070382366605, 2.3386921833552967, 17.37646408474328, 2.34933729163109, 6.84199599945978, 2.6136379156547824, 16.70022040836099, 2.624167763645263, 6.81149099163002, 2.295041191381496, 17.625893832085563, 2.3101449598971078, 6.897730548345878, 2.5749864930752304, 16.904249478026546, 2.4685703459102473, 6.795101436462105, 2.225835782149775, 17.064955639415686, 2.3516367274030814, 7.001278125416056, 2.230019892560717, 17.271299658522143, 2.209381158849034]",338.52074466380316,9.98109055083702
ADTC1_adz_raw_20260611_1247,2026-06-11 12:45:42.662,2026-06-11 12:45:52.687,"[Timestamp('2026-06-11 12:45:52.687000'), Timestamp('2026-06-11 12:45:52.817000'), Timestamp('2026-06-11 12:45:53.100000'), Timestamp('2026-06-11 12:45:53.230000'), Timestamp('2026-06-11 12:45:53.533000'), Timestamp('2026-06-11 12:45:54.048000'), Timestamp('2026-06-11 12:45:54.494000'), Timestamp('2026-06-11 12:45:54.569000'), Timestamp('2026-06-11 12:45:54.734000'), Timestamp('2026-06-11 12:45:55.332000'), Timestamp('2026-06-11 12:45:55.860000'), Timestamp('2026-06-11 12:45:56.622000'), Timestamp('2026-06-11 12:45:57.150000'), Timestamp('2026-06-11 12:45:57.393000'), Timestamp('2026-06-11 12:45:57.923000'), Timestamp('2026-06-11 12:45:58.444000'), Timestamp('2026-06-11 12:45:58.687000'), Timestamp('2026-06-11 12:45:59.214000'), Timestamp('2026-06-11 12:45:59.918000'), Timestamp('2026-06-11 12:45:59.992000'), Timestamp('2026-06-11 12:46:00.448000'), Timestamp('2026-06-11 12:46:00.523000'), Timestamp('2026-06-11 12:46:01.054000'), Timestamp('2026-06-11 12:46:01.301000'), Timestamp('2026-06-11 12:46:01.831000'), Timestamp('2026-06-11 12:46:02.613000'), Timestamp('2026-06-11 12:46:03.151000'), Timestamp('2026-06-11 12:46:03.679000'), Timestamp('2026-06-11 12:46:03.858000'), Timestamp('2026-06-11 12:46:03.934000'), Timestamp('2026-06-11 12:46:04.491000'), Timestamp('2026-06-11 12:46:04.566000'), Timestamp('2026-06-11 12:46:05.202000'), Timestamp('2026-06-11 12:46:05.456000'), Timestamp('2026-06-11 12:46:05.992000'), Timestamp('2026-06-11 12:46:06.530000'), Timestamp('2026-06-11 12:46:06.713000'), Timestamp('2026-06-11 12:46:06.791000'), Timestamp('2026-06-11 12:46:07.355000'), Timestamp('2026-06-11 12:46:07.429000'), Timestamp('2026-06-11 12:46:07.990000'), Timestamp('2026-06-11 12:46:08.066000'), Timestamp('2026-06-11 12:46:08.250000'), Timestamp('2026-06-11 12:46:08.326000'), Timestamp('2026-06-11 12:46:08.887000'), Timestamp('2026-06-11 12:46:08.964000'), Timestamp('2026-06-11 12:46:09.525000'), Timestamp('2026-06-11 12:46:09.601000'), Timestamp('2026-06-11 12:46:09.779000'), Timestamp('2026-06-11 12:46:09.859000'), Timestamp('2026-06-11 12:46:10.322000'), Timestamp('2026-06-11 12:46:10.398000'), Timestamp('2026-06-11 12:46:10.859000'), Timestamp('2026-06-11 12:46:10.940000'), Timestamp('2026-06-11 12:46:12.448000'), Timestamp('2026-06-11 12:46:12.529000'), Timestamp('2026-06-11 12:46:12.994000'), Timestamp('2026-06-11 12:46:13.070000'), Timestamp('2026-06-11 12:46:13.863000'), Timestamp('2026-06-11 12:46:14.334000'), Timestamp('2026-06-11 12:46:14.409000'), Timestamp('2026-06-11 12:46:14.874000'), Timestamp('2026-06-11 12:46:14.950000'), Timestamp('2026-06-11 12:46:15.206000'), Timestamp('2026-06-11 12:46:15.577000'), Timestamp('2026-06-11 12:46:16.121000')]","[0.13, 0.283, 0.13, 0.303, 0.515, 0.446, 0.075, 0.165, 0.598, 0.528, 0.762, 0.528, 0.243, 0.53, 0.521, 0.243, 0.527, 0.704, 0.074, 0.456, 0.075, 0.531, 0.247, 0.53, 0.782, 0.538, 0.528, 0.179, 0.076, 0.557, 0.075, 0.636, 0.254, 0.536, 0.538, 0.183, 0.078, 0.564, 0.074, 0.561, 0.076, 0.184, 0.076, 0.561, 0.077, 0.561, 0.076, 0.178, 0.08, 0.463, 0.076, 0.461, 0.081, 1.508, 0.081, 0.465, 0.076, 0.793, 0.471, 0.075, 0.465, 0.076, 0.256, 0.371, 0.544]","[nan, nan, nan, nan, nan, nan, nan, nan, nan, nan, nan, nan, nan, nan, nan, nan, nan, nan, nan, nan, nan, nan, nan, nan, nan, nan, nan, nan, nan, nan, nan, nan, nan, nan, nan, nan, nan, nan, nan, nan, nan, nan, nan, nan, nan, nan, nan, nan, nan, nan, nan, nan, nan, nan, nan, nan, nan, nan, nan, nan, nan, nan]","[nan, nan, nan, nan, nan, nan, nan, nan, nan, nan, nan, nan, nan, nan, nan, nan, nan, nan, nan, nan, nan, nan, nan, nan, nan, nan, nan, nan, nan, nan, nan, nan, nan, nan, nan, nan, nan, nan, nan, nan, nan, nan, nan, nan, nan, nan, nan, nan, nan, nan, nan, nan, nan, nan, nan, nan, nan, nan, nan, nan, nan, nan]",,9.928404652257552
ADTC1_adz_raw_20260611_1252,2026-06-11 12:51:17.626,2026-06-11 12:51:27.673,"[Timestamp('2026-06-11 12:51:27.673000'), Timestamp('2026-06-11 12:51:27.796000'), Timestamp('2026-06-11 12:51:28.193000'), Timestamp('2026-06-11 12:51:28.328000'), Timestamp('2026-06-11 12:51:28.570000'), Timestamp('2026-06-11 12:51:28.658000'), Timestamp('2026-06-11 12:51:29.030000'), Timestamp('2026-06-11 12:51:29.113000'), Timestamp('2026-06-11 12:51:29.285000'), Timestamp('2026-06-11 12:51:29.377000'), Timestamp('2026-06-11 12:51:29.742000'), Timestamp('2026-06-11 12:51:29.832000'), Timestamp('2026-06-11 12:51:30.008000'), Timestamp('2026-06-11 12:51:30.096000'), Timestamp('2026-06-11 12:51:30.464000'), Timestamp('2026-06-11 12:51:30.552000'), Timestamp('2026-06-11 12:51:30.724000'), Timestamp('2026-06-11 12:51:30.811000'), Timestamp('2026-06-11 12:51:31.181000'), Timestamp('2026-06-11 12:51:31.265000'), Timestamp('2026-06-11 12:51:31.437000'), Timestamp('2026-06-11 12:51:31.523000'), Timestamp('2026-06-11 12:51:31.892000'), Timestamp('2026-06-11 12:51:31.974000'), Timestamp('2026-06-11 12:51:32.144000'), Timestamp('2026-06-11 12:51:32.230000'), Timestamp('2026-06-11 12:51:32.598000'), Timestamp('2026-06-11 12:51:32.681000'), Timestamp('2026-06-11 12:51:32.852000'), Timestamp('2026-06-11 12:51:32.936000'), Timestamp('2026-06-11 12:51:33.302000'), Timestamp('2026-06-11 12:51:33.384000'), Timestamp('2026-06-11 12:51:33.556000'), Timestamp('2026-06-11 12:51:33.643000'), Timestamp('2026-06-11 12:51:34.004000'), Timestamp('2026-06-11 12:51:34.089000'), Timestamp('2026-06-11 12:51:34.253000'), Timestamp('2026-06-11 12:51:34.341000'), Timestamp('2026-06-11 12:51:34.701000'), Timestamp('2026-06-11 12:51:34.785000'), Timestamp('2026-06-11 12:51:34.955000'), Timestamp('2026-06-11 12:51:35.037000'), Timestamp('2026-06-11 12:51:35.400000'), Timestamp('2026-06-11 12:51:35.482000'), Timestamp('2026-06-11 12:51:35.646000'), Timestamp('2026-06-11 12:51:35.735000'), Timestamp('2026-06-11 12:51:36.092000'), Timestamp('2026-06-11 12:51:36.175000'), Timestamp('2026-06-11 12:51:36.343000'), Timestamp('2026-06-11 12:51:36.425000'), Timestamp('2026-06-11 12:51:36.778000'), Timestamp('2026-06-11 12:51:36.868000'), Timestamp('2026-06-11 12:51:37.034000'), Timestamp('2026-06-11 12:51:37.117000'), Timestamp('2026-06-11 12:51:37.476000'), Timestamp('2026-06-11 12:51:37.558000'), Timestamp('2026-06-11 12:51:37.720000'), Timestamp('2026-06-11 12:51:37.810000'), Timestamp('2026-06-11 12:51:38.167000'), Timestamp('2026-06-11 12:51:38.249000'), Timestamp('2026-06-11 12:51:38.415000'), Timestamp('2026-06-11 12:51:38.496000'), Timestamp('2026-06-11 12:51:38.854000'), Timestamp('2026-06-11 12:51:38.937000'), Timestamp('2026-06-11 12:51:39.103000'), Timestamp('2026-06-11 12:51:39.183000'), Timestamp('2026-06-11 12:51:39.542000'), Timestamp('2026-06-11 12:51:39.623000'), Timestamp('2026-06-11 12:51:39.784000'), Timestamp('2026-06-11 12:51:39.869000'), Timestamp('2026-06-11 12:51:40.223000'), Timestamp('2026-06-11 12:51:40.304000'), Timestamp('2026-06-11 12:51:40.470000'), Timestamp('2026-06-11 12:51:40.553000'), Timestamp('2026-06-11 12:51:40.907000'), Timestamp('2026-06-11 12:51:40.987000'), Timestamp('2026-06-11 12:51:41.149000'), Timestamp('2026-06-11 12:51:41.233000'), Timestamp('2026-06-11 12:51:41.666000'), Timestamp('2026-06-11 12:51:41.827000'), Timestamp('2026-06-11 12:51:41.908000'), Timestamp('2026-06-11 12:51:42.260000'), Timestamp('2026-06-11 12:51:42.340000'), Timestamp('2026-06-11 12:51:42.501000'), Timestamp('2026-06-11 12:51:42.587000'), Timestamp('2026-06-11 12:51:42.937000'), Timestamp('2026-06-11 12:51:43.019000'), Timestamp('2026-06-11 12:51:43.175000'), Timestamp('2026-06-11 12:51:43.262000'), Timestamp('2026-06-11 12:51:43.612000'), Timestamp('2026-06-11 12:51:43.693000'), Timestamp('2026-06-11 12:51:43.852000'), Timestamp('2026-06-11 12:51:43.934000'), Timestamp('2026-06-11 12:51:44.285000'), Timestamp('2026-06-11 12:51:44.366000'), Timestamp('2026-06-11 12:51:44.521000'), Timestamp('2026-06-11 12:51:45.039000')]","[0.123, 0.397, 0.135, 0.242, 0.088, 0.372, 0.083, 0.172, 0.092, 0.365, 0.09, 0.176, 0.088, 0.368, 0.088, 0.172, 0.087, 0.37, 0.084, 0.172, 0.086, 0.369, 0.082, 0.17, 0.086, 0.368, 0.083, 0.171, 0.084, 0.366, 0.082, 0.172, 0.087, 0.361, 0.085, 0.164, 0.088, 0.36, 0.084, 0.17, 0.082, 0.363, 0.082, 0.164, 0.089, 0.357, 0.083, 0.168, 0.082, 0.353, 0.09, 0.166, 0.083, 0.359, 0.082, 0.162, 0.09, 0.357, 0.082, 0.166, 0.081, 0.358, 0.083, 0.166, 0.08, 0.359, 0.081, 0.161, 0.085, 0.354, 0.081, 0.166, 0.083, 0.354, 0.08, 0.162, 0.084, 0.433, 0.161, 0.081, 0.352, 0.08, 0.161, 0.086, 0.35, 0.082, 0.156, 0.087, 0.35, 0.081, 0.159, 0.082, 0.351, 0.081, 0.155, 0.518]","[nan, nan, nan, nan, nan, nan, nan, nan, nan, nan, nan, nan, nan, nan, nan, nan, nan, nan, nan, nan, nan, nan, nan, nan, nan, nan, nan, nan, nan, nan, nan, nan, nan, nan, nan, nan, nan, nan, nan, nan, nan, nan, nan, nan, nan, nan, nan, nan, nan, nan, nan, nan, nan, nan, nan, nan, nan, nan, nan, nan, nan, nan, nan, nan, nan, nan, nan, nan, nan, nan, nan, nan, nan, nan, nan, nan, nan, nan, nan, nan, nan, nan, nan, nan, nan, nan, nan, nan, nan, nan]","[nan, nan, nan, nan, nan, nan, nan, nan, nan, nan, nan, nan, nan, nan, nan, nan, nan, nan, nan, nan, nan, nan, nan, nan, nan, nan, nan, nan, nan, nan, nan, nan, nan, nan, nan, nan, nan, nan, nan, nan, nan, nan, nan, nan, nan, nan, nan, nan, nan, nan, nan, nan, nan, nan, nan, nan, nan, nan, nan, nan, nan, nan, nan, nan, nan, nan, nan, nan, nan, nan, nan, nan, nan, nan, nan, nan, nan, nan, nan, nan, nan, nan, nan, nan, nan, nan, nan, nan, nan, nan]",,9.922889287927664
ADTC1_adz_raw_20260611_1255,2026-06-11 12:54:01.536,2026-06-11 12:54:11.579,"[Timestamp('2026-06-11 12:54:11.579000'), Timestamp('2026-06-11 12:54:11.700000'), Timestamp('2026-06-11 12:54:12.448000'), Timestamp('2026-06-11 12:54:12.569000'), Timestamp('2026-06-11 12:54:12.783000'), Timestamp('2026-06-11 12:54:12.891000'), Timestamp('2026-06-11 12:54:13.673000'), Timestamp('2026-06-11 12:54:13.785000'), Timestamp('2026-06-11 12:54:14.001000'), Timestamp('2026-06-11 12:54:14.114000'), Timestamp('2026-06-11 12:54:14.888000'), Timestamp('2026-06-11 12:54:15.005000'), Timestamp('2026-06-11 12:54:15.214000'), Timestamp('2026-06-11 12:54:15.338000'), Timestamp('2026-06-11 12:54:16.084000'), Timestamp('2026-06-11 12:54:16.207000'), Timestamp('2026-06-11 12:54:16.518000'), Timestamp('2026-06-11 12:54:16.636000'), Timestamp('2026-06-11 12:54:17.391000'), Timestamp('2026-06-11 12:54:17.510000'), Timestamp('2026-06-11 12:54:17.725000'), Timestamp('2026-06-11 12:54:17.839000'), Timestamp('2026-06-11 12:54:18.735000'), Timestamp('2026-06-11 12:54:18.949000'), Timestamp('2026-06-11 12:54:19.064000'), Timestamp('2026-06-11 12:54:19.849000'), Timestamp('2026-06-11 12:54:19.965000'), Timestamp('2026-06-11 12:54:20.178000'), Timestamp('2026-06-11 12:54:20.290000'), Timestamp('2026-06-11 12:54:21.048000'), Timestamp('2026-06-11 12:54:21.169000')]","[0.121, 0.748, 0.121, 0.214, 0.108, 0.782, 0.112, 0.216, 0.113, 0.774, 0.117, 0.209, 0.124, 0.746, 0.123, 0.311, 0.118, 0.755, 0.119, 0.215, 0.114, 0.896, 0.214, 0.115, 0.785, 0.116, 0.213, 0.112, 0.758, 0.121]","[20.779968844915466, 21.08994965056145, 21.12660462699435, 21.276595744680854, 21.08969607116383, 21.08969607116383, 21.143299284396953, 20.74860873640918, 21.27347417840376, 21.089169404820773, 21.165413261910956, 21.31873024996662, 20.723919242649707, 22.49180230023564, 21.077131197531013, 21.79289669817212, 20.873695219528045, 22.25182623594887, 21.408306632760628, 20.748514876837206, 20.659042707772976, 20.98406649945334, 21.249582358837287, 21.17772644917939, 20.69359212216355, 20.65600649781951, 20.91091659140648, 20.681003130029282, 21.476814076572097, 20.76502789343803, 20.87163266286978, 20.516192765921993]","[2.514376230234771, 15.775282338619965, 2.5563191598663164, 4.553191489361703, 2.2776871756856933, 16.492142327650114, 2.368049519852459, 4.481699487064383, 2.403902582159625, 16.32301711933128, 2.476353351643582, 4.455614622243023, 2.5697659860885635, 16.778884515975786, 2.5924871372963145, 6.77759087313153, 2.463096035904309, 16.800128808141395, 2.547588489298515, 4.4609306985199995, 2.3551308686861194, 18.801723583510196, 4.547410624791179, 2.4354385416556297, 16.244469815898388, 2.3960967537470634, 4.45402523396958, 2.31627235056328, 16.27942507004165, 2.5125683751060017]",204.01066916603847,9.933468997387028
ADTC1_adz_raw_20260611_1317,2026-06-11 13:15:49.757,2026-06-11 13:15:59.779,"[Timestamp('2026-06-11 13:15:59.779000'), Timestamp('2026-06-11 13:15:59.885000'), Timestamp('2026-06-11 13:16:00.664000'), Timestamp('2026-06-11 13:16:00.770000'), Timestamp('2026-06-11 13:16:01.088000'), Timestamp('2026-06-11 13:16:01.193000'), Timestamp('2026-06-11 13:16:01.978000'), Timestamp('2026-06-11 13:16:02.083000'), Timestamp('2026-06-11 13:16:02.398000'), Timestamp('2026-06-11 13:16:02.514000'), Timestamp('2026-06-11 13:16:03.283000'), Timestamp('2026-06-11 13:16:03.401000'), Timestamp('2026-06-11 13:16:03.718000'), Timestamp('2026-06-11 13:16:03.818000'), Timestamp('2026-06-11 13:16:04.610000'), Timestamp('2026-06-11 13:16:04.707000'), Timestamp('2026-06-11 13:16:05.022000'), Timestamp('2026-06-11 13:16:05.142000'), Timestamp('2026-06-11 13:16:05.919000'), Timestamp('2026-06-11 13:16:06.034000'), Timestamp('2026-06-11 13:16:06.345000'), Timestamp('2026-06-11 13:16:06.455000'), Timestamp('2026-06-11 13:16:07.240000'), Timestamp('2026-06-11 13:16:07.347000'), Timestamp('2026-06-11 13:16:07.656000'), Timestamp('2026-06-11 13:16:07.773000'), Timestamp('2026-06-11 13:16:08.554000'), Timestamp('2026-06-11 13:16:08.669000'), Timestamp('2026-06-11 13:16:08.977000'), Timestamp('2026-06-11 13:16:09.091000'), Timestamp('2026-06-11 13:16:09.872000'), Timestamp('2026-06-11 13:16:09.988000'), Timestamp('2026-06-11 13:16:10.300000'), Timestamp('2026-06-11 13:16:10.405000'), Timestamp('2026-06-11 13:16:11.201000'), Timestamp('2026-06-11 13:16:11.307000'), Timestamp('2026-06-11 13:16:11.621000'), Timestamp('2026-06-11 13:16:11.739000'), Timestamp('2026-06-11 13:16:12.518000'), Timestamp('2026-06-11 13:16:12.634000'), Timestamp('2026-06-11 13:16:12.939000'), Timestamp('2026-06-11 13:16:13.062000'), Timestamp('2026-06-11 13:16:13.842000'), Timestamp('2026-06-11 13:16:13.959000'), Timestamp('2026-06-11 13:16:14.271000'), Timestamp('2026-06-11 13:16:14.385000'), Timestamp('2026-06-11 13:16:15.169000'), Timestamp('2026-06-11 13:16:15.284000'), Timestamp('2026-06-11 13:16:15.597000'), Timestamp('2026-06-11 13:16:15.705000'), Timestamp('2026-06-11 13:16:16.495000'), Timestamp('2026-06-11 13:16:16.606000')]","[0.106, 0.779, 0.106, 0.318, 0.105, 0.785, 0.105, 0.315, 0.116, 0.769, 0.118, 0.317, 0.1, 0.792, 0.097, 0.315, 0.12, 0.777, 0.115, 0.311, 0.11, 0.785, 0.107, 0.309, 0.117, 0.781, 0.115, 0.308, 0.114, 0.781, 0.116, 0.312, 0.105, 0.796, 0.106, 0.314, 0.118, 0.779, 0.116, 0.305, 0.123, 0.78, 0.117, 0.312, 0.114, 0.784, 0.115, 0.313, 0.108, 0.79, 0.111]","[22.046168442966493, 22.36913587038743, 21.621412547381446, 21.436032822765178, 21.97600852989458, 21.70131401269139, 21.85745908767491, 21.992604026255847, 22.097781532684238, 21.983818665166122, 21.38636898941524, 21.589419542085672, 22.058823529411764, 21.578396026822098, 22.341782934393123, 21.788714087669106, 21.38841731811204, 21.71181782489203, 21.770910672859394, 21.73616042214889, 21.30275035442221, 21.829700075921167, 21.809004244992714, 21.73957435685901, 21.454691798977628, 21.473588486284, 22.267878107294166, 22.13395557443223, 21.76306567982467, 21.473624579175144, 22.06916511161794, 22.00280922085433, 21.18010419994764, 21.77215072635581, 22.122567658242005, 22.11703052168646, 22.54648693325229, 22.128588352698813, 22.09893059818298, 21.959291683811735, 21.61626618198546, 21.559985509010133, 21.86950089634653, 21.77703191756648, 22.068448499119896, 21.895921822556215, 21.968219113625004, 21.551054309675, 21.390063245207774, 21.759179059559287, 20.8322031774403, 21.75573786826984]","[2.3368938549544485, 17.42555684303181, 2.2918697300224333, 6.816658437639327, 2.307480895638931, 17.035531499962744, 2.2950332042058657, 6.9276702682705915, 2.5633426577913716, 16.90555655351275, 2.523591540750998, 6.843845994841158, 2.2058823529411766, 17.0900896532431, 2.167152944636133, 6.8634449376157685, 2.566610078173445, 16.87008244994111, 2.5036547273788305, 6.7599458912883055, 2.343302538986443, 17.136314559598116, 2.3335634542142203, 6.717528476269433, 2.5101989404803824, 16.770872607787805, 2.560805982338829, 6.817258316925126, 2.4809894875000125, 16.770900796335788, 2.5600231529476813, 6.864876476906551, 2.223910940994502, 17.330631978179227, 2.3449921717736526, 6.944747583809548, 2.66048545812377, 17.238170326752375, 2.563475949389226, 6.697583963562579, 2.6588007403842115, 16.816788697027903, 2.558731604872544, 6.794433958280742, 2.5158031288996683, 17.166402708884075, 2.5263451980668754, 6.745479998928275, 2.3101268304824396, 17.189751457051837, 2.312374552695873]",366.7655665542899,9.896240918101034
ADTC1_adz_raw_20260611_1331,2026-06-11 13:29:41.078,2026-06-11 13:29:51.100,"[Timestamp('2026-06-11 13:29:51.100000'), Timestamp('2026-06-11 13:29:51.216000'), Timestamp('2026-06-11 13:29:51.565000'), Timestamp('2026-06-11 13:29:51.679000'), Timestamp('2026-06-11 13:29:51.907000'), Timestamp('2026-06-11 13:29:52.019000'), Timestamp('2026-06-11 13:29:52.804000'), Timestamp('2026-06-11 13:29:52.916000'), Timestamp('2026-06-11 13:29:53.104000'), Timestamp('2026-06-11 13:29:53.220000'), Timestamp('2026-06-11 13:29:54.005000'), Timestamp('2026-06-11 13:29:54.112000'), Timestamp('2026-06-11 13:29:54.307000'), Timestamp('2026-06-11 13:29:54.415000'), Timestamp('2026-06-11 13:29:55.196000'), Timestamp('2026-06-11 13:29:55.309000'), Timestamp('2026-06-11 13:29:55.501000'), Timestamp('2026-06-11 13:29:55.615000'), Timestamp('2026-06-11 13:29:56.394000'), Timestamp('2026-06-11 13:29:56.512000')]","[0.116, 0.349, 0.114, 0.228, 0.112, 0.785, 0.112, 0.188, 0.116, 0.785, 0.107, 0.195, 0.108, 0.781, 0.113, 0.192, 0.114, 0.779, 0.118]","[21.939371082736198, 22.38805970149254, 22.183627122136684, 22.477051085345863, 22.658408709822165, 23.073322262728844, 22.635730869541355, 22.957477305303392, 22.926359582231314, 21.946402795680754, 22.84627896138688, 22.131231368287047, 22.516285097921667, 22.44852893264053, 22.57906881772442, 21.74122160775249, 21.939562338801878, 21.54800834046117, 21.254285138132687, 22.788343586433484]","[2.544967045597399, 7.813432835820896, 2.528933491923582, 5.124767647458857, 2.5377417755000824, 18.112557976242144, 2.535201857388632, 4.316005733397038, 2.6594577115388325, 17.227926194609392, 2.444551848868396, 4.315590116815974, 2.43175879057554, 17.532301096392256, 2.5514347764028593, 4.1743145486884785, 2.5011101066234143, 16.78589849721925, 2.5080056462996567]",120.64595769736269,9.910134475529546
ADTC1_adz_raw_20260611_1338,2026-06-11 13:36:53.875,2026-06-11 13:37:03.910,"[Timestamp('2026-06-11 13:37:03.910000'), Timestamp('2026-06-11 13:37:04.019000'), Timestamp('2026-06-11 13:37:04.702000'), Timestamp('2026-06-11 13:37:04.810000'), Timestamp('2026-06-11 13:37:05.036000'), Timestamp('2026-06-11 13:37:05.148000'), Timestamp('2026-06-11 13:37:05.829000'), Timestamp('2026-06-11 13:37:05.944000'), Timestamp('2026-06-11 13:37:06.168000'), Timestamp('2026-06-11 13:37:06.278000'), Timestamp('2026-06-11 13:37:06.964000'), Timestamp('2026-06-11 13:37:07.070000'), Timestamp('2026-06-11 13:37:07.290000'), Timestamp('2026-06-11 13:37:07.412000'), Timestamp('2026-06-11 13:37:08.091000'), Timestamp('2026-06-11 13:37:08.205000'), Timestamp('2026-06-11 13:37:08.428000'), Timestamp('2026-06-11 13:37:08.540000'), Timestamp('2026-06-11 13:37:09.217000'), Timestamp('2026-06-11 13:37:09.332000'), Timestamp('2026-06-11 13:37:09.562000'), Timestamp('2026-06-11 13:37:09.671000'), Timestamp('2026-06-11 13:37:10.355000'), Timestamp('2026-06-11 13:37:10.463000'), Timestamp('2026-06-11 13:37:10.698000'), Timestamp('2026-06-11 13:37:10.802000'), Timestamp('2026-06-11 13:37:11.488000'), Timestamp('2026-06-11 13:37:11.599000'), Timestamp('2026-06-11 13:37:11.819000'), Timestamp('2026-06-11 13:37:11.942000'), Timestamp('2026-06-11 13:37:12.620000'), Timestamp('2026-06-11 13:37:12.738000')]","[0.109, 0.683, 0.108, 0.226, 0.112, 0.681, 0.115, 0.224, 0.11, 0.686, 0.106, 0.22, 0.122, 0.679, 0.114, 0.223, 0.112, 0.677, 0.115, 0.23, 0.109, 0.684, 0.108, 0.235, 0.104, 0.686, 0.111, 0.22, 0.123, 0.678, 0.118]","[22.220191551117683, 21.86147760758183, 22.57555625347281, 22.171436999257807, 22.13346305826527, 22.144023911305734, 22.376390548339625, 22.517150669799598, 22.47191011235955, 22.01639041871986, 22.208192581735474, 22.01929783771216, 20.889226211081038, 22.237290717156213, 22.319928654097453, 21.421966140275998, 22.14022140221402, 22.06258466450974, 21.70214262272024, 22.15905570697845, 22.381562099871957, 21.887114790722126, 22.19009603524893, 21.996945809127084, 22.574509982438443, 21.84640534565773, 22.150246371258767, 22.21127549504186, 21.668192023011727, 22.231810749011405, 21.848828973135134, 22.423479042482732]","[2.4220008790718275, 14.931389205978391, 2.4381600753750634, 5.010744761832265, 2.47894786252571, 15.080080283599205, 2.573284913059057, 5.04384175003511, 2.4719101123595504, 15.103243827241824, 2.3540684136639602, 4.844245524296675, 2.5484855977518865, 15.09912039694907, 2.5444718665671098, 4.777098449281548, 2.47970479704797, 14.936369817873095, 2.4957464016128275, 5.096582812605043, 2.439590268886043, 14.970786516853936, 2.3965303718068847, 5.169282265144864, 2.347749038173598, 14.986634067121203, 2.458677347209723, 4.886480608909209, 2.6651876188304424, 15.073167687829734, 2.5781618188299458]",194.7017453583228,9.914530254065424
ADTC1_adz_raw_20260611_1402,2026-06-11 14:01:02.422,2026-06-11 14:01:12.527,"[Timestamp('2026-06-11 14:01:12.527000'), Timestamp('2026-06-11 14:01:13.004000'), Timestamp('2026-06-11 14:01:13.450000'), Timestamp('2026-06-11 14:01:14.283000'), Timestamp('2026-06-11 14:01:15.674000')]","[0.477, 0.446, 0.833, 1.391]","[21.68354034025676, 17.801404603979712, 13.839078519893675, 13.185455401270886, 13.563280981313769, 12.791809641671824, 13.29160530191458, 17.598515228846985, 22.10184182015168]","[10.343048742302473, 7.939426453374952, 11.527952407071432, 18.3409684631678]",48.15139606591666,9.90864029063491
ADTC1_adz_raw_20260611_1407,2026-06-11 14:05:35.715,2026-06-11 14:05:45.743,"[Timestamp('2026-06-11 14:05:45.743000'), Timestamp('2026-06-11 14:05:45.890000'), Timestamp('2026-06-11 14:05:46.237000'), Timestamp('2026-06-11 14:05:46.387000'), Timestamp('2026-06-11 14:05:46.648000'), Timestamp('2026-06-11 14:05:46.726000'), Timestamp('2026-06-11 14:05:47.387000'), Timestamp('2026-06-11 14:05:47.471000'), Timestamp('2026-06-11 14:05:47.664000'), Timestamp('2026-06-11 14:05:47.737000'), Timestamp('2026-06-11 14:05:48.533000'), Timestamp('2026-06-11 14:05:48.617000'), Timestamp('2026-06-11 14:05:48.645000'), Timestamp('2026-06-11 14:05:48.791000'), Timestamp('2026-06-11 14:05:48.878000'), Timestamp('2026-06-11 14:05:49.522000'), Timestamp('2026-06-11 14:05:49.602000'), Timestamp('2026-06-11 14:05:49.768000'), Timestamp('2026-06-11 14:05:49.853000'), Timestamp('2026-06-11 14:05:50.488000'), Timestamp('2026-06-11 14:05:50.569000'), Timestamp('2026-06-11 14:05:50.733000'), Timestamp('2026-06-11 14:05:50.814000'), Timestamp('2026-06-11 14:05:51.446000'), Timestamp('2026-06-11 14:05:51.526000'), Timestamp('2026-06-11 14:05:51.697000'), Timestamp('2026-06-11 14:05:51.778000'), Timestamp('2026-06-11 14:05:52.389000'), Timestamp('2026-06-11 14:05:52.471000'), Timestamp('2026-06-11 14:05:52.634000'), Timestamp('2026-06-11 14:05:52.718000'), Timestamp('2026-06-11 14:05:53.340000'), Timestamp('2026-06-11 14:05:53.417000'), Timestamp('2026-06-11 14:05:53.586000'), Timestamp('2026-06-11 14:05:53.668000'), Timestamp('2026-06-11 14:05:54.459000'), Timestamp('2026-06-11 14:05:55.120000'), Timestamp('2026-06-11 14:05:56.029000'), Timestamp('2026-06-11 14:05:56.111000'), Timestamp('2026-06-11 14:05:56.598000'), Timestamp('2026-06-11 14:05:56.677000'), Timestamp('2026-06-11 14:05:56.873000'), Timestamp('2026-06-11 14:05:56.953000'), Timestamp('2026-06-11 14:05:57.442000'), Timestamp('2026-06-11 14:05:57.521000'), Timestamp('2026-06-11 14:05:57.699000'), Timestamp('2026-06-11 14:05:57.780000'), Timestamp('2026-06-11 14:05:58.124000'), Timestamp('2026-06-11 14:05:58.204000'), Timestamp('2026-06-11 14:05:59.039000'), Timestamp('2026-06-11 14:05:59.119000'), Timestamp('2026-06-11 14:05:59.741000'), Timestamp('2026-06-11 14:05:59.817000'), Timestamp('2026-06-11 14:05:59.988000'), Timestamp('2026-06-11 14:06:00.908000')]","[0.147, 0.347, 0.15, 0.261, 0.078, 0.661, 0.084, 0.193, 0.073, 0.796, 0.084, 0.028, 0.146, 0.087, 0.644, 0.08, 0.166, 0.085, 0.635, 0.081, 0.164, 0.081, 0.632, 0.08, 0.171, 0.081, 0.611, 0.082, 0.163, 0.084, 0.622, 0.077, 0.169, 0.082, 0.791, 0.661, 0.909, 0.082, 0.487, 0.079, 0.196, 0.08, 0.489, 0.079, 0.178, 0.081, 0.344, 0.08, 0.835, 0.08, 0.622, 0.076, 0.171, 0.92]","[nan, nan, nan, nan, nan, nan, nan, nan, nan, nan, nan, nan, nan, nan, nan, nan, nan, nan, nan, nan, nan, nan, nan, nan, nan, nan, nan, nan, nan, nan, nan, nan, nan, nan, nan, nan, nan, nan, nan, nan, nan, nan, nan, nan, nan, nan, nan, nan, nan, nan, nan, nan, nan]","[nan, nan, nan, nan, nan, nan, nan, nan, nan, nan, nan, nan, nan, nan, nan, nan, nan, nan, nan, nan, nan, nan, nan, nan, nan, nan, nan, nan, nan, nan, nan, nan, nan, nan, nan, nan, nan, nan, nan, nan, nan, nan, nan, nan, nan, nan, nan, nan, nan, nan, nan, nan, nan]",,9.904441456239908
ADTC1_adz_raw_20260611_1410,2026-06-11 14:08:53.318,2026-06-11 14:09:03.370,"[Timestamp('2026-06-11 14:09:03.370000'), Timestamp('2026-06-11 14:09:03.509000'), Timestamp('2026-06-11 14:09:03.799000'), Timestamp('2026-06-11 14:09:03.939000')]","[0.139, 0.29, 0.14]","[19.87279171745191, 19.607843137254907, 19.933554817275745, 19.572456950593747]","[2.762318048725816, 5.686274509803923, 2.7906976744186047]",11.239290232948344,9.929947147536035
ADTC1_adz_raw_20260611_1425,2026-06-11 14:23:56.506,2026-06-11 14:24:06.531,"[Timestamp('2026-06-11 14:24:06.531000'), Timestamp('2026-06-11 14:24:06.645000'), Timestamp('2026-06-11 14:24:07.002000'), Timestamp('2026-06-11 14:24:07.115000'), Timestamp('2026-06-11 14:24:07.351000'), Timestamp('2026-06-11 14:24:07.460000'), Timestamp('2026-06-11 14:24:08.250000'), Timestamp('2026-06-11 14:24:08.363000'), Timestamp('2026-06-11 14:24:08.564000'), Timestamp('2026-06-11 14:24:08.666000'), Timestamp('2026-06-11 14:24:09.465000'), Timestamp('2026-06-11 14:24:09.579000'), Timestamp('2026-06-11 14:24:09.767000'), Timestamp('2026-06-11 14:24:09.883000'), Timestamp('2026-06-11 14:24:10.676000'), Timestamp('2026-06-11 14:24:10.785000'), Timestamp('2026-06-11 14:24:10.985000'), Timestamp('2026-06-11 14:24:11.091000'), Timestamp('2026-06-11 14:24:11.882000'), Timestamp('2026-06-11 14:24:12.002000')]","[0.114, 0.357, 0.113, 0.236, 0.109, 0.79, 0.113, 0.201, 0.102, 0.799, 0.114, 0.188, 0.116, 0.793, 0.109, 0.2, 0.106, 0.791, 0.12]","[21.941436020858404, 21.81611087257287, 22.418965196846212, 21.90709617180205, 21.499195113647186, 21.896947817525433, 20.65975477508162, 21.534111573047323, 23.279602166527965, 21.262561876579248, 20.5153526898748, 22.59563128508762, 21.34207824057226, 21.687626999972252, 21.664321341689124, 21.75710188433368, 22.874115447423847, 21.042655646265608, 20.149924421618447, 22.022319604641034]","[2.501323706377858, 7.788351581508515, 2.533343067243622, 5.170074696545283, 2.3434122673875435, 17.298588775845094, 2.3345522895842232, 4.328356426182512, 2.3745194209858522, 16.98878693938682, 2.3387502066457273, 4.247978681596472, 2.4756810759063823, 17.198288210977996, 2.3614110262441144, 4.351420376866736, 2.4246562374269276, 16.644740616196096, 2.4179909305942138]",118.12222653350199,9.912102100610817
ADTC1_adz_raw_20260611_1429,2026-06-11 14:27:30.115,2026-06-11 14:27:40.185,"[Timestamp('2026-06-11 14:27:40.185000'), Timestamp('2026-06-11 14:27:40.290000'), Timestamp('2026-06-11 14:27:41.077000'), Timestamp('2026-06-11 14:27:41.181000'), Timestamp('2026-06-11 14:27:41.491000'), Timestamp('2026-06-11 14:27:41.611000'), Timestamp('2026-06-11 14:27:42.386000'), Timestamp('2026-06-11 14:27:42.503000'), Timestamp('2026-06-11 14:27:42.814000'), Timestamp('2026-06-11 14:27:42.929000'), Timestamp('2026-06-11 14:27:43.705000'), Timestamp('2026-06-11 14:27:43.823000'), Timestamp('2026-06-11 14:27:44.129000'), Timestamp('2026-06-11 14:27:44.248000'), Timestamp('2026-06-11 14:27:45.027000'), Timestamp('2026-06-11 14:27:45.142000'), Timestamp('2026-06-11 14:27:45.457000'), Timestamp('2026-06-11 14:27:45.559000'), Timestamp('2026-06-11 14:27:46.349000'), Timestamp('2026-06-11 14:27:46.454000'), Timestamp('2026-06-11 14:27:46.769000'), Timestamp('2026-06-11 14:27:46.885000'), Timestamp('2026-06-11 14:27:47.664000'), Timestamp('2026-06-11 14:27:47.777000'), Timestamp('2026-06-11 14:27:48.086000'), Timestamp('2026-06-11 14:27:48.205000'), Timestamp('2026-06-11 14:27:48.981000'), Timestamp('2026-06-11 14:27:49.095000'), Timestamp('2026-06-11 14:27:49.409000'), Timestamp('2026-06-11 14:27:49.514000'), Timestamp('2026-06-11 14:27:50.304000'), Timestamp('2026-06-11 14:27:50.408000'), Timestamp('2026-06-11 14:27:50.721000'), Timestamp('2026-06-11 14:27:50.834000'), Timestamp('2026-06-11 14:27:51.611000'), Timestamp('2026-06-11 14:27:51.727000'), Timestamp('2026-06-11 14:27:52.041000'), Timestamp('2026-06-11 14:27:52.144000'), Timestamp('2026-06-11 14:27:52.937000'), Timestamp('2026-06-11 14:27:53.038000'), Timestamp('2026-06-11 14:27:53.349000'), Timestamp('2026-06-11 14:27:53.466000'), Timestamp('2026-06-11 14:27:54.239000'), Timestamp('2026-06-11 14:27:54.358000'), Timestamp('2026-06-11 14:27:54.673000'), Timestamp('2026-06-11 14:27:54.772000'), Timestamp('2026-06-11 14:27:55.559000'), Timestamp('2026-06-11 14:27:55.666000'), Timestamp('2026-06-11 14:27:55.988000'), Timestamp('2026-06-11 14:27:56.089000'), Timestamp('2026-06-11 14:27:56.878000'), Timestamp('2026-06-11 14:27:56.982000')]","[0.105, 0.787, 0.104, 0.31, 0.12, 0.775, 0.117, 0.311, 0.115, 0.776, 0.118, 0.306, 0.119, 0.779, 0.115, 0.315, 0.102, 0.79, 0.105, 0.315, 0.116, 0.779, 0.113, 0.309, 0.119, 0.776, 0.114, 0.314, 0.105, 0.79, 0.104, 0.313, 0.113, 0.777, 0.116, 0.314, 0.103, 0.793, 0.101, 0.311, 0.117, 0.773, 0.119, 0.315, 0.099, 0.787, 0.107, 0.322, 0.101, 0.789, 0.104]","[21.621412547381446, 22.016424435779278, 21.819685320936884, 21.779284545241985, 21.89374477331399, 21.8958185558861, 21.474239827217026, 21.427454309844048, 21.853574739794155, 21.620550235040845, 21.94043081946247, 22.03291433186935, 21.740545080477535, 21.62701070064518, 22.012596065810285, 21.925364501955233, 22.201117075609062, 22.020144794979956, 21.78180504057594, 21.82736699683292, 22.16130287521092, 22.11002751894945, 22.575291269010634, 21.99678445353186, 22.18962239090972, 22.28895058174335, 22.39537852394643, 22.03778486353596, 22.475282978926806, 22.344284225601662, 22.152158663732894, 22.671216475095786, 22.59675423850502, 22.192171576692274, 22.21617918027964, 22.119243768483308, 22.24743756885404, 22.36690512552581, 22.484020433981293, 22.643068855449158, 22.46417797888386, 22.206318914334183, 22.544470741349876, 22.406171622334632, 22.44167473452422, 21.842293895900518, 22.334820314745507, 22.6847952957168, 22.848463924812823, 22.633568152611065, 22.513343280796413, 22.68867934157958]","[2.2702483174750516, 17.326926030958294, 2.269247273377436, 6.751578209025015, 2.627249372797679, 16.969259380811728, 2.512486059784392, 6.663938290361499, 2.513161095076328, 16.777546982391698, 2.5889708366965714, 6.742071785552021, 2.5871248645768263, 16.847441335802596, 2.531448547568183, 6.906489818115898, 2.2645139417121243, 17.395914388034164, 2.2870895292604736, 6.87562060400237, 2.5707111335244672, 17.223711437261624, 2.5510079133982018, 6.797006396141344, 2.6405650645182566, 17.29622565143284, 2.553073151729893, 6.9198644471502915, 2.3599047127873147, 17.651984538225314, 2.303824501028221, 7.096090756704981, 2.5534332289510675, 17.243317315089897, 2.577076784912438, 6.945442543303759, 2.291486069591966, 17.736955764541968, 2.2708860638321107, 7.041994414044688, 2.628308823529412, 17.165484520780325, 2.6827920182206353, 7.05794406103541, 2.2217257987178978, 17.189885296073708, 2.389825773677769, 7.30450408522081, 2.307694856406095, 17.857885272410133, 2.341387701202827]",371.48032675882615,9.941897998708844
ADTC1_adz_raw_20260611_1432,2026-06-11 14:31:03.702,2026-06-11 14:31:13.830,"[Timestamp('2026-06-11 14:31:13.830000'), Timestamp('2026-06-11 14:31:13.953000'), Timestamp('2026-06-11 14:31:14.596000'), Timestamp('2026-06-11 14:31:14.723000'), Timestamp('2026-06-11 14:31:15.393000'), Timestamp('2026-06-11 14:31:15.520000'), Timestamp('2026-06-11 14:31:16.194000'), Timestamp('2026-06-11 14:31:16.329000'), Timestamp('2026-06-11 14:31:16.998000'), Timestamp('2026-06-11 14:31:17.121000'), Timestamp('2026-06-11 14:31:17.802000'), Timestamp('2026-06-11 14:31:17.923000'), Timestamp('2026-06-11 14:31:18.610000'), Timestamp('2026-06-11 14:31:18.729000'), Timestamp('2026-06-11 14:31:19.407000'), Timestamp('2026-06-11 14:31:19.536000'), Timestamp('2026-06-11 14:31:20.216000'), Timestamp('2026-06-11 14:31:20.334000'), Timestamp('2026-06-11 14:31:21.013000'), Timestamp('2026-06-11 14:31:21.144000'), Timestamp('2026-06-11 14:31:21.821000'), Timestamp('2026-06-11 14:31:21.945000'), Timestamp('2026-06-11 14:31:22.596000'), Timestamp('2026-06-11 14:31:22.713000'), Timestamp('2026-06-11 14:31:23.082000'), Timestamp('2026-06-11 14:31:23.206000'), Timestamp('2026-06-11 14:31:23.850000'), Timestamp('2026-06-11 14:31:23.976000'), Timestamp('2026-06-11 14:31:24.660000'), Timestamp('2026-06-11 14:31:24.782000'), Timestamp('2026-06-11 14:31:25.468000'), Timestamp('2026-06-11 14:31:25.593000'), Timestamp('2026-06-11 14:31:26.270000'), Timestamp('2026-06-11 14:31:26.397000'), Timestamp('2026-06-11 14:31:27.082000'), Timestamp('2026-06-11 14:31:27.208000'), Timestamp('2026-06-11 14:31:27.886000'), Timestamp('2026-06-11 14:31:28.013000'), Timestamp('2026-06-11 14:31:28.695000'), Timestamp('2026-06-11 14:31:28.826000'), Timestamp('2026-06-11 14:31:29.507000'), Timestamp('2026-06-11 14:31:29.634000'), Timestamp('2026-06-11 14:31:30.315000'), Timestamp('2026-06-11 14:31:30.444000'), Timestamp('2026-06-11 14:31:31.132000'), Timestamp('2026-06-11 14:31:31.254000'), Timestamp('2026-06-11 14:31:31.903000'), Timestamp('2026-06-11 14:31:32.024000')]","[0.123, 0.643, 0.127, 0.67, 0.127, 0.674, 0.135, 0.669, 0.123, 0.681, 0.121, 0.687, 0.119, 0.678, 0.129, 0.68, 0.118, 0.679, 0.131, 0.677, 0.124, 0.651, 0.117, 0.369, 0.124, 0.644, 0.126, 0.684, 0.122, 0.686, 0.125, 0.677, 0.127, 0.685, 0.126, 0.678, 0.127, 0.682, 0.131, 0.681, 0.127, 0.681, 0.129, 0.688, 0.122, 0.649, 0.121]","[20.276193156139946, 20.826641488645723, 21.44945697577277, 22.217858139918302, 21.287780355396386, 21.38392622683171, 20.56704260651629, 21.994105584015415, 20.30258473920446, 21.786208749199265, 21.816767172486887, 21.739130434782606, 23.384982236377333, 21.716122456979342, 21.664875893517088, 22.6403073514183, 22.672430172905187, 21.46764662772439, 21.667408163443334, 22.370376371171293, 21.348096348096348, 22.35755897631072, 22.849127732812054, 20.851613968009467, 22.43215344011887, 22.294897246078303, 22.025516821055856, 22.095228918795613, 22.445684326262246, 22.00280922085433, 22.79327135900841, 22.181980546268484, 22.01133854477565, 22.261001239027934, 22.386092187914713, 22.35353988923814, 21.958633232012495, 22.3127330771672, 21.875101234853396, 22.07498383968972, 21.6710254322225, 22.098038495898308, 21.13136065703466, 21.616357152037015, 21.80436099333737, 21.606014887594917, 21.28753704521472, 22.029363807828936]","[2.4939717582052134, 13.3915304771992, 2.7240810359231418, 14.885964953745264, 2.703548105135341, 14.412766276884575, 2.7765507518796992, 14.714056635706314, 2.4972179229221485, 14.8364081582047, 2.639828827870913, 14.93478260869565, 2.7828128861289025, 14.723531025831996, 2.7947689902637043, 15.395408998964445, 2.675346760402812, 14.57653206022486, 2.838430469411077, 15.144744803282967, 2.647163947163947, 14.55477089357828, 2.6733479447390103, 7.6942455541954935, 2.7815870265747398, 14.357913826474428, 2.775215119453038, 15.1131365804562, 2.738373487803994, 15.093927125506072, 2.8491589198760514, 15.017200829823764, 2.795439995186508, 15.248785848734135, 2.8206476156772538, 15.155700044903458, 2.788746420465587, 15.21728395862803, 2.865638261765795, 15.033063994828701, 2.7522202298922576, 15.048764215706749, 2.725945524757471, 14.872053720601466, 2.660132041187159, 14.0223036620491, 2.575791982470981]",398.8208422793827,10.008203608395888
ADTC1_adz_raw_20260611_1452,2026-06-11 14:51:32.982,2026-06-11 14:51:43.008,"[Timestamp('2026-06-11 14:51:43.008000'), Timestamp('2026-06-11 14:51:43.124000'), Timestamp('2026-06-11 14:51:43.847000'), Timestamp('2026-06-11 14:51:43.959000'), Timestamp('2026-06-11 14:51:44.160000'), Timestamp('2026-06-11 14:51:44.273000'), Timestamp('2026-06-11 14:51:45.021000'), Timestamp('2026-06-11 14:51:45.128000'), Timestamp('2026-06-11 14:51:45.337000'), Timestamp('2026-06-11 14:51:45.446000'), Timestamp('2026-06-11 14:51:46.190000'), Timestamp('2026-06-11 14:51:46.304000'), Timestamp('2026-06-11 14:51:46.508000'), Timestamp('2026-06-11 14:51:46.621000'), Timestamp('2026-06-11 14:51:47.346000'), Timestamp('2026-06-11 14:51:47.462000'), Timestamp('2026-06-11 14:51:47.758000'), Timestamp('2026-06-11 14:51:47.872000'), Timestamp('2026-06-11 14:51:48.589000'), Timestamp('2026-06-11 14:51:48.708000'), Timestamp('2026-06-11 14:51:48.910000'), Timestamp('2026-06-11 14:51:49.023000'), Timestamp('2026-06-11 14:51:49.771000'), Timestamp('2026-06-11 14:51:49.880000'), Timestamp('2026-06-11 14:51:50.088000'), Timestamp('2026-06-11 14:51:50.198000'), Timestamp('2026-06-11 14:51:50.939000'), Timestamp('2026-06-11 14:51:51.053000'), Timestamp('2026-06-11 14:51:51.255000'), Timestamp('2026-06-11 14:51:51.374000'), Timestamp('2026-06-11 14:51:52.095000'), Timestamp('2026-06-11 14:51:52.207000')]","[0.116, 0.723, 0.112, 0.201, 0.113, 0.748, 0.107, 0.209, 0.109, 0.744, 0.114, 0.204, 0.113, 0.725, 0.116, 0.296, 0.114, 0.717, 0.119, 0.202, 0.113, 0.748, 0.109, 0.208, 0.11, 0.741, 0.114, 0.202, 0.119, 0.721, 0.112]","[21.911006490518503, 21.938210994672993, 22.339851160075877, 21.873159578276383, 22.095604346975804, 21.99136408428014, 22.018727301897524, 21.821669611510686, 22.257003701898988, 21.635164306745803, 21.896668637796836, 21.8978102189781, 21.83914174950677, 22.01647480631588, 21.899255978678365, 21.52870563934721, 21.898976982097185, 21.740493217379708, 21.401958911277543, 21.62083561909644, 21.580444355518907, 21.458344233418785, 21.746267284736902, 21.415518873910365, 21.899255978678365, 21.69777407900926, 21.345523769074415, 21.918655714166448, 21.433412879355807, 21.71453567706856, 21.50217421902201, 20.972064890196947]","[2.5416767529001465, 15.861326549148574, 2.5020633299284984, 4.396505075233553, 2.496803291208266, 16.449540335041544, 2.356003821303035, 4.560728948805733, 2.42601340350699, 16.096562244218877, 2.496220224708839, 4.467153284671532, 2.467823017694265, 15.961944234579013, 2.5403136935266906, 6.372496869246773, 2.496483375959079, 15.58793363686125, 2.5468331104420274, 4.367408795057481, 2.4385902121736365, 16.05084148659725, 2.370343134036322, 4.454427925773356, 2.4089181576546204, 16.07805059254586, 2.433389709674483, 4.427568454261623, 2.5505761326433407, 15.656180223166432, 2.4082435125304653]",200.26896353509954,9.91491428361442
ADTC1_adz_raw_20260611_1457,2026-06-11 14:55:19.040,2026-06-11 14:55:29.086,"[Timestamp('2026-06-11 14:55:29.086000'), Timestamp('2026-06-11 14:55:29.213000'), Timestamp('2026-06-11 14:55:29.615000'), Timestamp('2026-06-11 14:55:29.745000'), Timestamp('2026-06-11 14:55:30.044000'), Timestamp('2026-06-11 14:55:30.182000'), Timestamp('2026-06-11 14:55:30.574000'), Timestamp('2026-06-11 14:55:30.702000'), Timestamp('2026-06-11 14:55:30.959000'), Timestamp('2026-06-11 14:55:31.046000'), Timestamp('2026-06-11 14:55:31.813000'), Timestamp('2026-06-11 14:55:31.901000'), Timestamp('2026-06-11 14:55:32.085000'), Timestamp('2026-06-11 14:55:32.172000'), Timestamp('2026-06-11 14:55:32.835000'), Timestamp('2026-06-11 14:55:32.920000'), Timestamp('2026-06-11 14:55:33.094000'), Timestamp('2026-06-11 14:55:33.181000'), Timestamp('2026-06-11 14:55:33.842000'), Timestamp('2026-06-11 14:55:33.925000'), Timestamp('2026-06-11 14:55:34.104000'), Timestamp('2026-06-11 14:55:34.188000'), Timestamp('2026-06-11 14:55:34.849000'), Timestamp('2026-06-11 14:55:34.931000'), Timestamp('2026-06-11 14:55:35.105000'), Timestamp('2026-06-11 14:55:35.193000'), Timestamp('2026-06-11 14:55:35.854000'), Timestamp('2026-06-11 14:55:35.939000'), Timestamp('2026-06-11 14:55:36.112000'), Timestamp('2026-06-11 14:55:36.199000'), Timestamp('2026-06-11 14:55:36.856000'), Timestamp('2026-06-11 14:55:36.942000'), Timestamp('2026-06-11 14:55:37.113000'), Timestamp('2026-06-11 14:55:37.205000'), Timestamp('2026-06-11 14:55:37.860000'), Timestamp('2026-06-11 14:55:37.943000'), Timestamp('2026-06-11 14:55:38.114000'), Timestamp('2026-06-11 14:55:38.204000'), Timestamp('2026-06-11 14:55:38.859000'), Timestamp('2026-06-11 14:55:38.943000'), Timestamp('2026-06-11 14:55:39.116000'), Timestamp('2026-06-11 14:55:39.201000'), Timestamp('2026-06-11 14:55:39.855000'), Timestamp('2026-06-11 14:55:39.934000'), Timestamp('2026-06-11 14:55:40.112000'), Timestamp('2026-06-11 14:55:40.197000'), Timestamp('2026-06-11 14:55:40.852000'), Timestamp('2026-06-11 14:55:40.936000'), Timestamp('2026-06-11 14:55:41.110000'), Timestamp('2026-06-11 14:55:41.194000'), Timestamp('2026-06-11 14:55:41.847000'), Timestamp('2026-06-11 14:55:41.931000'), Timestamp('2026-06-11 14:55:42.106000'), Timestamp('2026-06-11 14:55:42.196000'), Timestamp('2026-06-11 14:55:42.988000'), Timestamp('2026-06-11 14:55:43.072000'), Timestamp('2026-06-11 14:55:43.333000'), Timestamp('2026-06-11 14:55:43.768000'), Timestamp('2026-06-11 14:55:44.018000'), Timestamp('2026-06-11 14:55:44.103000'), Timestamp('2026-06-11 14:55:44.580000'), Timestamp('2026-06-11 14:55:44.662000'), Timestamp('2026-06-11 14:55:44.830000'), Timestamp('2026-06-11 14:55:44.912000'), Timestamp('2026-06-11 14:55:45.392000'), Timestamp('2026-06-11 14:55:45.471000'), Timestamp('2026-06-11 14:55:45.641000'), Timestamp('2026-06-11 14:55:45.725000'), Timestamp('2026-06-11 14:55:46.202000'), Timestamp('2026-06-11 14:55:46.284000'), Timestamp('2026-06-11 14:55:49.461000'), Timestamp('2026-06-11 14:55:49.543000'), Timestamp('2026-06-11 14:55:49.919000'), Timestamp('2026-06-11 14:55:50'), Timestamp('2026-06-11 14:55:50.166000'), Timestamp('2026-06-11 14:55:50.248000'), Timestamp('2026-06-11 14:55:50.403000'), Timestamp('2026-06-11 14:55:50.485000'), Timestamp('2026-06-11 14:55:50.663000'), Timestamp('2026-06-11 14:55:50.747000'), Timestamp('2026-06-11 14:55:51.209000'), Timestamp('2026-06-11 14:55:51.285000'), Timestamp('2026-06-11 14:55:51.478000'), Timestamp('2026-06-11 14:55:51.561000'), Timestamp('2026-06-11 14:55:52.375000'), Timestamp('2026-06-11 14:55:52.456000'), Timestamp('2026-06-11 14:55:52.645000'), Timestamp('2026-06-11 14:55:52.728000'), Timestamp('2026-06-11 14:55:53.549000'), Timestamp('2026-06-11 14:55:53.637000'), Timestamp('2026-06-11 14:56:02.732000'), Timestamp('2026-06-11 14:56:02.818000'), Timestamp('2026-06-11 14:56:03.227000'), Timestamp('2026-06-11 14:56:03.310000')]","[0.127, 0.402, 0.13, 0.299, 0.138, 0.392, 0.128, 0.257, 0.087, 0.767, 0.088, 0.184, 0.087, 0.663, 0.085, 0.174, 0.087, 0.661, 0.083, 0.179, 0.084, 0.661, 0.082, 0.174, 0.088, 0.661, 0.085, 0.173, 0.087, 0.657, 0.086, 0.171, 0.092, 0.655, 0.083, 0.171, 0.09, 0.655, 0.084, 0.173, 0.085, 0.654, 0.079, 0.178, 0.085, 0.655, 0.084, 0.174, 0.084, 0.653, 0.084, 0.175, 0.09, 0.792, 0.084, 0.261, 0.435, 0.25, 0.085, 0.477, 0.082, 0.168, 0.082, 0.48, 0.079, 0.17, 0.084, 0.477, 0.082, 3.177, 0.082, 0.376, 0.081, 0.166, 0.082, 0.155, 0.082, 0.178, 0.084, 0.462, 0.076, 0.193, 0.083, 0.814, 0.081, 0.189, 0.083, 0.821, 0.088, 9.095, 0.086, 0.409, 0.083]","[nan, nan, nan, nan, nan, nan, nan, nan, nan, nan, nan, nan, nan, nan, nan, nan, nan, nan, nan, nan, nan, nan, nan, nan, nan, nan, nan, nan, nan, nan, nan, nan, nan, nan, nan, nan, nan, nan, nan, nan, nan, nan, nan, nan, nan, nan, nan, nan, nan, nan, nan, nan, nan, nan, nan, nan, nan, nan, nan, nan, nan, nan, nan, nan, nan, nan, nan, nan, nan, nan, nan, nan, nan, nan, nan, nan, nan, nan, nan, nan, nan, nan, nan, nan, nan, nan, nan, nan, nan, nan, nan, nan, nan, nan, nan, nan, nan, nan, nan, nan, nan, nan, nan, nan, nan, nan]","[nan, nan, nan, nan, nan, nan, nan, nan, nan, nan, nan, nan, nan, nan, nan, nan, nan, nan, nan, nan, nan, nan, nan, nan, nan, nan, nan, nan, nan, nan, nan, nan, nan, nan, nan, nan, nan, nan, nan, nan, nan, nan, nan, nan, nan, nan, nan, nan, nan, nan, nan, nan, nan, nan, nan, nan, nan, nan, nan, nan, nan, nan, nan, nan, nan, nan, nan, nan, nan, nan, nan, nan, nan, nan, nan, nan, nan, nan, nan, nan, nan, nan, nan, nan, nan, nan, nan, nan, nan, nan, nan, nan, nan]",,9.9202939934944
ADTC1_adz_raw_20260611_1505,2026-06-11 15:04:13.722,2026-06-11 15:04:23.736,"[Timestamp('2026-06-11 15:04:23.736000'), Timestamp('2026-06-11 15:04:25.079000'), Timestamp('2026-06-11 15:04:25.511000'), Timestamp('2026-06-11 15:04:26.006000'), Timestamp('2026-06-11 15:04:26.856000')]","[1.343, 0.432, 0.495, 0.85]","[22.499239890544228, 44.37311178247734, 24.242424242424242, 21.27450014773959, 21.308036121499594, 6.745135071329804, -9.097832860209099, 21.19679628330147]","[30.2164791730009, 19.16918429003021, 12.0, 18.083325125578654]",79.46898858860976,9.812520175808896
ADTC1_adz_raw_20260611_1517,2026-06-11 15:16:26.797,2026-06-11 15:16:36.881,"[Timestamp('2026-06-11 15:16:36.881000'), Timestamp('2026-06-11 15:16:36.996000'), Timestamp('2026-06-11 15:16:37.213000'), Timestamp('2026-06-11 15:16:37.331000')]","[0.115, 0.217, 0.118]","[21.363661356545126, 21.49195529353967, 21.677435864627984, 21.625100583803153]","[2.4568210560026897, 4.663754298698109, 2.557937432026102]",9.678512786726902,9.968483461515158
ADTC1_adz_raw_20260611_1525,2026-06-11 15:24:13.184,2026-06-11 15:24:23.223,"[Timestamp('2026-06-11 15:24:23.223000'), Timestamp('2026-06-11 15:24:23.344000'), Timestamp('2026-06-11 15:24:23.702000'), Timestamp('2026-06-11 15:24:23.822000'), Timestamp('2026-06-11 15:24:24.063000'), Timestamp('2026-06-11 15:24:24.173000'), Timestamp('2026-06-11 15:24:24.979000'), Timestamp('2026-06-11 15:24:25.094000'), Timestamp('2026-06-11 15:24:25.292000'), Timestamp('2026-06-11 15:24:25.409000'), Timestamp('2026-06-11 15:24:26.224000'), Timestamp('2026-06-11 15:24:26.332000'), Timestamp('2026-06-11 15:24:26.534000'), Timestamp('2026-06-11 15:24:26.640000'), Timestamp('2026-06-11 15:24:27.457000'), Timestamp('2026-06-11 15:24:27.570000'), Timestamp('2026-06-11 15:24:27.768000'), Timestamp('2026-06-11 15:24:27.884000'), Timestamp('2026-06-11 15:24:28.693000'), Timestamp('2026-06-11 15:24:28.807000')]","[0.121, 0.358, 0.12, 0.241, 0.11, 0.806, 0.115, 0.198, 0.117, 0.815, 0.108, 0.202, 0.106, 0.817, 0.113, 0.198, 0.116, 0.809, 0.114]","[21.227277157756223, 21.205700613081767, 21.282249774913737, 21.06460067838421, 22.356442577030812, 21.585199949645613, 20.723562152133574, 21.356361430380318, 21.174781848558126, 21.693346268898047, 22.189238582243554, 21.31445445597032, 20.65761851592851, 20.903794379942795, 21.011550240535357, 21.502153961415992, 21.315507867296592, 21.84222372991286, 21.048516700690612, 22.542434630696903]","[2.5685005360885027, 7.591640819483272, 2.553869972989648, 5.076568763490594, 2.4592086834733893, 17.397671159414365, 2.3832096474953612, 4.2285595632153035, 2.477449476281301, 17.680077209151907, 2.396437766882304, 4.305519800106005, 2.1897075626884224, 17.07840000841326, 2.3743051771804953, 4.257426484360367, 2.4725989126064047, 17.670358997499505, 2.39953090387873]",119.56104144469913,9.937589632966658
ADTC1_adz_raw_20260611_1533,2026-06-11 15:32:06.976,2026-06-11 15:32:17.044,"[Timestamp('2026-06-11 15:32:17.044000'), Timestamp('2026-06-11 15:32:17.150000'), Timestamp('2026-06-11 15:32:17.941000'), Timestamp('2026-06-11 15:32:18.042000'), Timestamp('2026-06-11 15:32:18.360000'), Timestamp('2026-06-11 15:32:18.469000'), Timestamp('2026-06-11 15:32:19.257000'), Timestamp('2026-06-11 15:32:19.358000'), Timestamp('2026-06-11 15:32:19.678000'), Timestamp('2026-06-11 15:32:19.794000'), Timestamp('2026-06-11 15:32:20.574000'), Timestamp('2026-06-11 15:32:20.687000'), Timestamp('2026-06-11 15:32:20.999000'), Timestamp('2026-06-11 15:32:21.105000'), Timestamp('2026-06-11 15:32:21.894000'), Timestamp('2026-06-11 15:32:22.002000'), Timestamp('2026-06-11 15:32:22.316000'), Timestamp('2026-06-11 15:32:22.437000'), Timestamp('2026-06-11 15:32:23.215000'), Timestamp('2026-06-11 15:32:23.331000'), Timestamp('2026-06-11 15:32:23.643000'), Timestamp('2026-06-11 15:32:23.750000'), Timestamp('2026-06-11 15:32:24.546000'), Timestamp('2026-06-11 15:32:24.645000'), Timestamp('2026-06-11 15:32:24.963000'), Timestamp('2026-06-11 15:32:25.080000'), Timestamp('2026-06-11 15:32:25.858000'), Timestamp('2026-06-11 15:32:25.979000'), Timestamp('2026-06-11 15:32:26.287000'), Timestamp('2026-06-11 15:32:26.403000'), Timestamp('2026-06-11 15:32:27.188000'), Timestamp('2026-06-11 15:32:27.304000'), Timestamp('2026-06-11 15:32:27.625000'), Timestamp('2026-06-11 15:32:27.725000'), Timestamp('2026-06-11 15:32:28.520000'), Timestamp('2026-06-11 15:32:28.626000'), Timestamp('2026-06-11 15:32:28.943000'), Timestamp('2026-06-11 15:32:29.062000'), Timestamp('2026-06-11 15:32:29.847000'), Timestamp('2026-06-11 15:32:29.964000'), Timestamp('2026-06-11 15:32:30.277000'), Timestamp('2026-06-11 15:32:30.392000'), Timestamp('2026-06-11 15:32:31.178000'), Timestamp('2026-06-11 15:32:31.295000'), Timestamp('2026-06-11 15:32:31.604000'), Timestamp('2026-06-11 15:32:31.723000'), Timestamp('2026-06-11 15:32:32.511000'), Timestamp('2026-06-11 15:32:32.627000'), Timestamp('2026-06-11 15:32:32.944000'), Timestamp('2026-06-11 15:32:33.052000'), Timestamp('2026-06-11 15:32:33.846000'), Timestamp('2026-06-11 15:32:33.957000')]","[0.106, 0.791, 0.101, 0.318, 0.109, 0.788, 0.101, 0.32, 0.116, 0.78, 0.113, 0.312, 0.106, 0.789, 0.108, 0.314, 0.121, 0.778, 0.116, 0.312, 0.107, 0.796, 0.099, 0.318, 0.117, 0.778, 0.121, 0.308, 0.116, 0.785, 0.116, 0.321, 0.1, 0.795, 0.106, 0.317, 0.119, 0.785, 0.117, 0.313, 0.115, 0.786, 0.117, 0.309, 0.119, 0.788, 0.116, 0.317, 0.108, 0.794, 0.111]","[22.245860854199474, 21.82512640603047, 21.81732874569909, 21.541486352246437, 21.38989269413962, 22.14022140221402, 21.78996502580138, 21.150245422164396, 22.26643025599735, 22.07356536870377, 21.91220757463952, 22.084050581218932, 21.441674500778625, 21.38469884105663, 21.31042538385764, 21.825902703702738, 22.19184276404649, 21.422289999616137, 21.90665887997466, 21.43070683962877, 21.146777750551337, 22.148883659530505, 22.18091697645601, 22.35669978951462, 22.15078234556092, 21.87522590905805, 21.043955968310307, 21.348096348096348, 22.37576064908722, 21.13256563335248, 22.351639962022965, 21.500406105088416, 22.186748770962218, 21.83066704603514, 21.594929353324847, 21.717805338494994, 21.68895205849425, 22.091960327254444, 22.126735527130712, 22.01036122039651, 22.376907005194177, 21.89669621506029, 22.13240343675126, 21.963442428400718, 22.171665564705176, 21.573262851374047, 21.807937505611925, 21.285140562248998, 21.685165551296514, 22.12421862557732, 21.47271718984866, 22.075144755547697]","[2.3580612505451444, 17.263674987170102, 2.2035502033156082, 6.850192660014367, 2.3314983036612182, 17.44649446494465, 2.2007864676059397, 6.768078535092607, 2.582905909695693, 17.21738098758894, 2.476079455934266, 6.890223781340307, 2.272817497082534, 16.87252738559368, 2.3015259414566254, 6.85333344896266, 2.6852129744496254, 16.666541619701356, 2.5411724300770606, 6.686380533964176, 2.262705219308993, 17.630511392986282, 2.1959107806691454, 7.10943053306565, 2.591641534430628, 17.018925757247164, 2.546318672165547, 6.575213675213675, 2.5955882352941178, 16.5890640221817, 2.592790235594664, 6.901630359733382, 2.218674877096222, 17.355380301597936, 2.2890625114524337, 6.884544292302913, 2.580985294960816, 17.34218885689474, 2.5888280566742936, 6.889243061984108, 2.5733443055973306, 17.21080322503739, 2.5894912020998975, 6.786703710375821, 2.6384282021999157, 16.99973112688275, 2.5297207506509833, 6.747389558232932, 2.3419978795400236, 17.566629588708395, 2.3834716080732012]",368.59478766644975,9.947343435607438
ADTC1_adz_raw_20260611_1537,2026-06-11 15:35:57.286,2026-06-11 15:36:07.363,"[Timestamp('2026-06-11 15:36:07.363000'), Timestamp('2026-06-11 15:36:07.507000'), Timestamp('2026-06-11 15:36:08.039000'), Timestamp('2026-06-11 15:36:08.182000'), Timestamp('2026-06-11 15:36:08.334000'), Timestamp('2026-06-11 15:36:08.486000'), Timestamp('2026-06-11 15:36:09.236000'), Timestamp('2026-06-11 15:36:09.382000'), Timestamp('2026-06-11 15:36:10.144000'), Timestamp('2026-06-11 15:36:10.283000'), Timestamp('2026-06-11 15:36:11.042000'), Timestamp('2026-06-11 15:36:11.188000'), Timestamp('2026-06-11 15:36:11.940000'), Timestamp('2026-06-11 15:36:12.088000'), Timestamp('2026-06-11 15:36:12.838000'), Timestamp('2026-06-11 15:36:12.991000'), Timestamp('2026-06-11 15:36:13.753000'), Timestamp('2026-06-11 15:36:13.896000'), Timestamp('2026-06-11 15:36:14.652000'), Timestamp('2026-06-11 15:36:14.795000'), Timestamp('2026-06-11 15:36:15.561000'), Timestamp('2026-06-11 15:36:15.703000'), Timestamp('2026-06-11 15:36:15.861000'), Timestamp('2026-06-11 15:36:16.005000'), Timestamp('2026-06-11 15:36:16.537000'), Timestamp('2026-06-11 15:36:16.687000')]","[0.144, 0.532, 0.143, 0.152, 0.152, 0.75, 0.146, 0.762, 0.139, 0.759, 0.146, 0.752, 0.148, 0.75, 0.153, 0.762, 0.143, 0.756, 0.143, 0.766, 0.142, 0.158, 0.144, 0.532, 0.15]","[21.202530551956876, 20.815345832805065, 20.863542996656655, 21.184147902871377, 20.835353145123783, 20.380054727880818, 20.58139378208512, 20.622217087950638, 21.45349467442147, 20.957266439571942, 20.989513626259768, 20.9179432805117, 20.848513902205177, 20.39944681078892, 21.802242072008397, 20.79652803337014, 20.8965135473645, 21.101710527578643, 21.276595744680854, 20.292853466312835, 21.022987848686064, 20.93853005119574, 20.72232941572514, 21.103633242951226, 20.585926835926834, 20.92557989309989]","[3.05316439948179, 11.073763983052295, 2.9834866485219016, 3.219990481236449, 3.166973678058815, 15.285041045910614, 3.004883492184427, 15.714129421018386, 2.982035759744585, 15.906565227635104, 3.064468989433926, 15.730293346944798, 3.085580057526366, 15.29958510809169, 3.3357430370172847, 15.846954361428047, 2.988201437273123, 15.952893158849454, 3.042553191489362, 15.544325755195631, 2.985264274513421, 3.3082877480889272, 2.98401543586442, 11.227132885250052, 3.087889025389025]",193.87322194919992,9.9581691349393
ADTC1_adz_raw_20260611_1546,2026-06-11 15:44:44.154,2026-06-11 15:44:54.178,"[Timestamp('2026-06-11 15:44:54.178000'), Timestamp('2026-06-11 15:44:54.323000'), Timestamp('2026-06-11 15:44:54.644000'), Timestamp('2026-06-11 15:44:54.787000')]","[0.145, 0.321, 0.143]","[20.41105275176981, 19.96099191975481, 20.320511341348045, 20.077813732481754]","[2.959602649006622, 6.407478406241294, 2.90583312181277]",12.272914177060684,9.909889330630577
ADTC1_adz_raw_20260611_1549,2026-06-11 15:48:12.077,2026-06-11 15:48:22.142,"[Timestamp('2026-06-11 15:48:22.142000'), Timestamp('2026-06-11 15:48:22.246000'), Timestamp('2026-06-11 15:48:23.049000'), Timestamp('2026-06-11 15:48:23.155000'), Timestamp('2026-06-11 15:48:23.477000'), Timestamp('2026-06-11 15:48:23.592000'), Timestamp('2026-06-11 15:48:24.390000'), Timestamp('2026-06-11 15:48:24.504000'), Timestamp('2026-06-11 15:48:24.821000'), Timestamp('2026-06-11 15:48:24.939000'), Timestamp('2026-06-11 15:48:25.730000'), Timestamp('2026-06-11 15:48:25.848000'), Timestamp('2026-06-11 15:48:26.162000'), Timestamp('2026-06-11 15:48:26.280000'), Timestamp('2026-06-11 15:48:27.071000'), Timestamp('2026-06-11 15:48:27.191000'), Timestamp('2026-06-11 15:48:27.513000'), Timestamp('2026-06-11 15:48:27.619000'), Timestamp('2026-06-11 15:48:28.423000'), Timestamp('2026-06-11 15:48:28.536000'), Timestamp('2026-06-11 15:48:28.854000'), Timestamp('2026-06-11 15:48:28.974000'), Timestamp('2026-06-11 15:48:29.769000'), Timestamp('2026-06-11 15:48:29.887000'), Timestamp('2026-06-11 15:48:30.206000'), Timestamp('2026-06-11 15:48:30.321000'), Timestamp('2026-06-11 15:48:31.117000'), Timestamp('2026-06-11 15:48:31.239000'), Timestamp('2026-06-11 15:48:31.560000'), Timestamp('2026-06-11 15:48:31.668000'), Timestamp('2026-06-11 15:48:32.473000'), Timestamp('2026-06-11 15:48:32.581000'), Timestamp('2026-06-11 15:48:32.905000'), Timestamp('2026-06-11 15:48:33.028000'), Timestamp('2026-06-11 15:48:33.822000'), Timestamp('2026-06-11 15:48:33.944000'), Timestamp('2026-06-11 15:48:34.265000'), Timestamp('2026-06-11 15:48:34.370000'), Timestamp('2026-06-11 15:48:35.185000'), Timestamp('2026-06-11 15:48:35.289000'), Timestamp('2026-06-11 15:48:35.610000'), Timestamp('2026-06-11 15:48:35.736000'), Timestamp('2026-06-11 15:48:36.529000'), Timestamp('2026-06-11 15:48:36.651000'), Timestamp('2026-06-11 15:48:36.978000'), Timestamp('2026-06-11 15:48:37.079000'), Timestamp('2026-06-11 15:48:37.897000'), Timestamp('2026-06-11 15:48:38.003000'), Timestamp('2026-06-11 15:48:38.334000'), Timestamp('2026-06-11 15:48:38.443000'), Timestamp('2026-06-11 15:48:39.253000'), Timestamp('2026-06-11 15:48:39.363000')]","[0.104, 0.803, 0.106, 0.322, 0.115, 0.798, 0.114, 0.317, 0.118, 0.791, 0.118, 0.314, 0.118, 0.791, 0.12, 0.322, 0.106, 0.804, 0.113, 0.318, 0.12, 0.795, 0.118, 0.319, 0.115, 0.796, 0.122, 0.321, 0.108, 0.805, 0.108, 0.324, 0.123, 0.794, 0.122, 0.321, 0.105, 0.815, 0.104, 0.321, 0.126, 0.793, 0.122, 0.327, 0.101, 0.818, 0.106, 0.331, 0.109, 0.81, 0.11]","[21.69603653677992, 21.893099408832107, 22.23147309589357, 21.47977658418086, 22.371054777577054, 21.697976251585366, 22.33319606628759, 22.095628829374963, 21.429382474443713, 21.878897360402178, 22.373375101381768, 21.61815264602577, 21.82923459519204, 21.634649654493096, 21.077402802338696, 21.08284755343579, 21.244046274577144, 21.338395219048394, 21.196992148776033, 21.761912852699854, 21.587103915871044, 21.621415411471734, 21.21807758048258, 21.188856973895412, 21.344994355573014, 21.21181973851824, 21.46891350521227, 21.058374535062246, 21.269399872233286, 21.387550015223567, 21.220483854492127, 21.643236224656548, 21.541633779033276, 21.43811709415216, 21.093751318992574, 21.365052250803856, 20.766488413547236, 21.50614454422969, 21.568627450980397, 21.171330848750202, 21.246861931814795, 21.67528771885557, 20.990158700856064, 21.121728490229586, 22.12376562681052, 20.960650612603942, 21.602502935995297, 21.508540324647207, 21.3668011377935, 21.549599494898345, 21.41012257917064, 21.308780112449142]","[2.2563877998251116, 17.580158825292184, 2.3565361481647185, 6.9164880601062375, 2.572671299421361, 17.314985048765124, 2.5459843515567857, 7.004314338911863, 2.528667131984358, 17.306207812078124, 2.6400582619630484, 6.788099930852092, 2.575849682232661, 17.11300787670404, 2.5292883362806435, 6.788676912206324, 2.251868905105177, 17.15606975611491, 2.395260112811692, 6.920288287158554, 2.590452469904525, 17.18902525212003, 2.503733154496944, 6.759245374672637, 2.4546743508908966, 16.88460851186052, 2.619207447635897, 6.759738225754981, 2.297095186201195, 17.216977762254974, 2.2918122562851497, 7.012408536788722, 2.649620954821093, 17.021864972756816, 2.573437660917094, 6.858181772508038, 2.1804812834224596, 17.5275078035472, 2.2431372549019613, 6.795997202448815, 2.6771046034086643, 17.18850316105247, 2.5607993615044395, 6.906805216305075, 2.234500328307863, 17.145812201110022, 2.289865311215501, 7.119326847458225, 2.328981324019492, 17.45517559086766, 2.3551134837087706]",370.23206374068326,9.93734289791828
ADTC1_adz_raw_20260611_1554,2026-06-11 15:53:12.890,2026-06-11 15:53:23.015,"[Timestamp('2026-06-11 15:53:23.015000'), Timestamp('2026-06-11 15:53:23.123000'), Timestamp('2026-06-11 15:53:23.806000'), Timestamp('2026-06-11 15:53:23.917000'), Timestamp('2026-06-11 15:53:24.145000'), Timestamp('2026-06-11 15:53:24.260000'), Timestamp('2026-06-11 15:53:24.941000'), Timestamp('2026-06-11 15:53:25.054000'), Timestamp('2026-06-11 15:53:25.281000'), Timestamp('2026-06-11 15:53:25.398000'), Timestamp('2026-06-11 15:53:26.074000'), Timestamp('2026-06-11 15:53:26.189000'), Timestamp('2026-06-11 15:53:26.413000'), Timestamp('2026-06-11 15:53:26.531000'), Timestamp('2026-06-11 15:53:27.216000'), Timestamp('2026-06-11 15:53:27.333000'), Timestamp('2026-06-11 15:53:27.556000'), Timestamp('2026-06-11 15:53:27.671000'), Timestamp('2026-06-11 15:53:28.353000'), Timestamp('2026-06-11 15:53:28.465000'), Timestamp('2026-06-11 15:53:28.693000'), Timestamp('2026-06-11 15:53:28.806000'), Timestamp('2026-06-11 15:53:29.488000'), Timestamp('2026-06-11 15:53:29.603000'), Timestamp('2026-06-11 15:53:29.832000'), Timestamp('2026-06-11 15:53:29.943000'), Timestamp('2026-06-11 15:53:30.629000'), Timestamp('2026-06-11 15:53:30.743000'), Timestamp('2026-06-11 15:53:30.972000'), Timestamp('2026-06-11 15:53:31.083000'), Timestamp('2026-06-11 15:53:31.771000'), Timestamp('2026-06-11 15:53:31.883000')]","[0.108, 0.683, 0.111, 0.228, 0.115, 0.681, 0.113, 0.227, 0.117, 0.676, 0.115, 0.224, 0.118, 0.685, 0.117, 0.223, 0.115, 0.682, 0.112, 0.228, 0.113, 0.682, 0.115, 0.229, 0.111, 0.686, 0.114, 0.229, 0.111, 0.688, 0.112]","[22.61052649745229, 21.992210783641163, 21.623106204010263, 21.62310034670211, 21.424004384362437, 22.049171255719344, 21.467811736215438, 21.99422547660602, 21.77812486994518, 21.338124361640602, 21.466973886328724, 21.429382474443713, 21.154663227415462, 22.38805970149254, 21.38330544796131, 21.87301988498806, 21.54377277414629, 21.502813733029555, 21.780052687525995, 21.68323209215402, 21.150920984183053, 21.6498778998779, 21.584962108665206, 21.505208739251295, 21.831837206904027, 21.18817095227201, 21.94800282580286, 21.798371427600408, 21.278692580158882, 21.400674090774526, 21.185297227681723, 21.445776957769574]","[2.4419368617248476, 15.020679965226915, 2.400164788645139, 4.9300668790480815, 2.4637605042016806, 15.015485625144875, 2.4258627261923444, 4.992689183189566, 2.548040609783586, 14.424572068469049, 2.4687019969278032, 4.800181674275392, 2.4962502608350245, 15.335820895522392, 2.5018467374114732, 4.877683434352337, 2.4775338690268236, 14.664918965926157, 2.4393659010029114, 4.943776917011117, 2.390054071212685, 14.765216727716728, 2.482270642496499, 4.924692801288547, 2.423333929966347, 14.5350852732586, 2.502072322141526, 4.991827056920494, 2.361934876397636, 14.723663774452874, 2.372753289500353]",192.1422446292698,10.011370915284196
ADTC1_adz_raw_20260611_1558,2026-06-11 15:56:54.086,2026-06-11 15:57:04.166,"[Timestamp('2026-06-11 15:57:04.166000'), Timestamp('2026-06-11 15:57:04.281000'), Timestamp('2026-06-11 15:57:05.005000'), Timestamp('2026-06-11 15:57:05.118000'), Timestamp('2026-06-11 15:57:05.322000'), Timestamp('2026-06-11 15:57:05.429000'), Timestamp('2026-06-11 15:57:06.178000'), Timestamp('2026-06-11 15:57:06.285000'), Timestamp('2026-06-11 15:57:06.493000'), Timestamp('2026-06-11 15:57:06.601000'), Timestamp('2026-06-11 15:57:07.347000'), Timestamp('2026-06-11 15:57:07.456000'), Timestamp('2026-06-11 15:57:07.661000'), Timestamp('2026-06-11 15:57:07.772000'), Timestamp('2026-06-11 15:57:08.496000'), Timestamp('2026-06-11 15:57:08.609000')]","[0.115, 0.724, 0.113, 0.204, 0.107, 0.749, 0.107, 0.208, 0.108, 0.746, 0.109, 0.205, 0.111, 0.724, 0.113]","[22.341726919020957, 22.184511858139672, 21.93572813412375, 22.309704110737485, 22.263842391147048, 22.059121690117998, 22.205603385378662, 21.934904379772505, 22.630082808058333, 22.14473425370612, 22.501035173944317, 22.503937961953227, 22.600663303675645, 22.173790596546375, 22.27145203578825, 22.045141978804303]","[2.56929859568741, 16.06158658529312, 2.478737279155984, 4.551179638590447, 2.382231135852734, 16.52228214589838, 2.375999562235517, 4.562460110992681, 2.4440489432703, 16.519971753264766, 2.4526128339599307, 4.613307282200411, 2.5086736267079965, 16.053824391899575, 2.5166740800440723]",98.61288796505333,9.96964120612896
ADTC1_adz_raw_20260611_1602,2026-06-11 16:01:11.309,2026-06-11 16:01:21.405,"[Timestamp('2026-06-11 16:01:21.405000'), Timestamp('2026-06-11 16:01:21.868000'), Timestamp('2026-06-11 16:01:22.321000'), Timestamp('2026-06-11 16:01:22.768000'), Timestamp('2026-06-11 16:01:23.114000'), Timestamp('2026-06-11 16:01:23.570000'), Timestamp('2026-06-11 16:01:24.012000'), Timestamp('2026-06-11 16:01:24.470000')]","[0.463, 0.453, 0.447, 0.346, 0.456, 0.442, 0.458]","[21.95779162782265, 22.284300402421444, 6.297336297336287, 21.88962973471414, 22.4110144389645, 22.51003924301537, 21.15755384426238, 22.344073021398657]","[10.166457523681888, 10.094788082296914, 2.8149093249093204, 7.573811888211092, 10.219422584167813, 9.949437345412793, 9.69015966067217]",60.508986409351984,9.898295927964002
ADTC1_adz_raw_20260611_1622,2026-06-11 16:21:12.941,2026-06-11 16:21:22.974,"[Timestamp('2026-06-11 16:21:22.974000'), Timestamp('2026-06-11 16:21:23.076000'), Timestamp('2026-06-11 16:21:23.871000'), Timestamp('2026-06-11 16:21:23.975000'), Timestamp('2026-06-11 16:21:24.300000'), Timestamp('2026-06-11 16:21:24.403000'), Timestamp('2026-06-11 16:21:25.199000'), Timestamp('2026-06-11 16:21:25.305000'), Timestamp('2026-06-11 16:21:25.625000'), Timestamp('2026-06-11 16:21:25.739000'), Timestamp('2026-06-11 16:21:26.524000'), Timestamp('2026-06-11 16:21:26.642000'), Timestamp('2026-06-11 16:21:26.961000'), Timestamp('2026-06-11 16:21:27.064000'), Timestamp('2026-06-11 16:21:27.861000'), Timestamp('2026-06-11 16:21:27.965000'), Timestamp('2026-06-11 16:21:28.285000'), Timestamp('2026-06-11 16:21:28.402000'), Timestamp('2026-06-11 16:21:29.182000'), Timestamp('2026-06-11 16:21:29.300000'), Timestamp('2026-06-11 16:21:29.619000'), Timestamp('2026-06-11 16:21:29.721000'), Timestamp('2026-06-11 16:21:30.522000'), Timestamp('2026-06-11 16:21:30.626000'), Timestamp('2026-06-11 16:21:30.941000'), Timestamp('2026-06-11 16:21:31.060000'), Timestamp('2026-06-11 16:21:31.843000'), Timestamp('2026-06-11 16:21:31.964000'), Timestamp('2026-06-11 16:21:32.267000'), Timestamp('2026-06-11 16:21:32.390000'), Timestamp('2026-06-11 16:21:33.173000'), Timestamp('2026-06-11 16:21:33.288000'), Timestamp('2026-06-11 16:21:33.606000'), Timestamp('2026-06-11 16:21:33.715000'), Timestamp('2026-06-11 16:21:34.505000'), Timestamp('2026-06-11 16:21:34.611000'), Timestamp('2026-06-11 16:21:34.927000'), Timestamp('2026-06-11 16:21:35.046000'), Timestamp('2026-06-11 16:21:35.831000'), Timestamp('2026-06-11 16:21:35.948000'), Timestamp('2026-06-11 16:21:36.258000'), Timestamp('2026-06-11 16:21:36.376000'), Timestamp('2026-06-11 16:21:37.161000'), Timestamp('2026-06-11 16:21:37.277000'), Timestamp('2026-06-11 16:21:37.585000'), Timestamp('2026-06-11 16:21:37.710000'), Timestamp('2026-06-11 16:21:38.488000'), Timestamp('2026-06-11 16:21:38.605000'), Timestamp('2026-06-11 16:21:38.920000'), Timestamp('2026-06-11 16:21:39.031000'), Timestamp('2026-06-11 16:21:39.824000'), Timestamp('2026-06-11 16:21:39.927000')]","[0.102, 0.795, 0.104, 0.325, 0.103, 0.796, 0.106, 0.32, 0.114, 0.785, 0.118, 0.319, 0.103, 0.797, 0.104, 0.32, 0.117, 0.78, 0.118, 0.319, 0.102, 0.801, 0.104, 0.315, 0.119, 0.783, 0.121, 0.303, 0.123, 0.783, 0.115, 0.318, 0.109, 0.79, 0.106, 0.316, 0.119, 0.785, 0.117, 0.31, 0.118, 0.785, 0.116, 0.308, 0.125, 0.778, 0.117, 0.315, 0.111, 0.793, 0.103]","[21.811346548188652, 21.735990364659415, 21.888362483796907, 21.646991523220137, 21.6955625951774, 21.850202354897476, 21.747076023391813, 21.91751380859249, 22.23478536309925, 21.291448172746648, 21.811346548188652, 21.890035867378177, 21.93115747218947, 21.780086216362008, 21.623376623376622, 21.67876880153095, 22.115524823401778, 21.995849839652898, 21.69603653677992, 21.671837042320814, 22.22227115300982, 21.50537634408602, 22.319412141436615, 21.995849839652898, 21.915446177438795, 22.05825186927892, 21.942784333950186, 22.24134389058343, 21.693754150501555, 22.15899045515392, 22.012515492380984, 22.181690737635456, 21.81977742937373, 22.472058307853665, 22.206858995358417, 22.063624850407244, 22.028813588460814, 21.741421838618677, 22.145324196812474, 21.79902362630536, 21.87522590905805, 21.70846394984326, 22.31443007841881, 21.88032031041285, 21.805214105594334, 22.7776503859971, 22.44074005112305, 22.328796036701924, 22.580235382028775, 22.86790422383643, 22.580019977041314, 22.470517049094745]","[2.2247573479152423, 17.280112339904235, 2.2763896983148784, 7.035272245046545, 2.234642947303272, 17.39276107449839, 2.305190058479532, 7.013604418749597, 2.5347655313933144, 16.71378681560612, 2.573738892686261, 6.982921441693639, 2.258909219635515, 17.35872871444052, 2.2488311688311686, 6.937206016489904, 2.5875164043380083, 17.15676287492926, 2.5601323113400305, 6.91331601650034, 2.2666716576070014, 17.225806451612904, 2.321218862709408, 6.928692699490663, 2.6079380951152165, 17.271611213645393, 2.6550769044079723, 6.739127198846779, 2.668331760511691, 17.35048952638552, 2.5314392816238134, 7.0537776545680755, 2.3783557398017363, 17.752926063204395, 2.353927053507992, 6.972105452728689, 2.6214288170268367, 17.067016143315662, 2.5910029310270595, 6.757697324154662, 2.5812766572688495, 17.04114420062696, 2.588473889096582, 6.7391386556071575, 2.725651763199292, 17.721012000305745, 2.6255665859813972, 7.033570751561106, 2.506406127405194, 18.13424804950229, 2.325742057635255]",372.726217107577,9.905621494821249
ADTC1_adz_raw_20260611_1627,2026-06-11 16:25:52.685,2026-06-11 16:26:02.754,"[Timestamp('2026-06-11 16:26:02.754000'), Timestamp('2026-06-11 16:26:02.867000'), Timestamp('2026-06-11 16:26:03.219000'), Timestamp('2026-06-11 16:26:03.336000'), Timestamp('2026-06-11 16:26:03.570000'), Timestamp('2026-06-11 16:26:03.681000'), Timestamp('2026-06-11 16:26:04.477000'), Timestamp('2026-06-11 16:26:04.588000'), Timestamp('2026-06-11 16:26:04.777000'), Timestamp('2026-06-11 16:26:04.892000'), Timestamp('2026-06-11 16:26:05.678000'), Timestamp('2026-06-11 16:26:05.796000'), Timestamp('2026-06-11 16:26:05.988000'), Timestamp('2026-06-11 16:26:06.105000'), Timestamp('2026-06-11 16:26:06.893000'), Timestamp('2026-06-11 16:26:07.006000'), Timestamp('2026-06-11 16:26:07.200000'), Timestamp('2026-06-11 16:26:07.313000'), Timestamp('2026-06-11 16:26:08.104000'), Timestamp('2026-06-11 16:26:08.220000')]","[0.113, 0.352, 0.117, 0.234, 0.111, 0.796, 0.111, 0.189, 0.115, 0.786, 0.118, 0.192, 0.117, 0.788, 0.113, 0.194, 0.113, 0.791, 0.116]","[21.822519604309356, 22.140221402214017, 21.31758715283796, 21.501963740230885, 21.592490572793054, 21.698723364019514, 21.850066364632752, 20.831455670165347, 21.094532301431364, 21.535330678695797, 20.47203136735085, 20.962677043307615, 21.301449094120777, 21.59362077398509, 21.389856782744104, 21.257973974821766, 21.18328489695599, 20.97620078492716, 21.024315227750943, 20.893067834925375]","[2.465944715286957, 7.793357933579333, 2.4941576968820414, 5.031459515214027, 2.396766453580029, 17.272183797759535, 2.4253573664742354, 3.9371451216612505, 2.425871214664607, 16.926769913454898, 2.4156997013474, 4.024833992315062, 2.492269544012131, 17.015773169900253, 2.4170538164500837, 4.124046951115423, 2.393711193356027, 16.592174820877382, 2.4388205664191096]",117.08339748434977,9.956469619608235
ADTC1_adz_raw_20260611_1642,2026-06-11 16:37:53.408,2026-06-11 16:38:03.454,"[Timestamp('2026-06-11 16:38:03.454000'), Timestamp('2026-06-11 16:38:03.577000'), Timestamp('2026-06-11 16:38:03.951000'), Timestamp('2026-06-11 16:38:04.074000'), Timestamp('2026-06-11 16:38:04.313000'), Timestamp('2026-06-11 16:38:04.393000'), Timestamp('2026-06-11 16:38:04.967000'), Timestamp('2026-06-11 16:38:05.538000'), Timestamp('2026-06-11 16:38:05.720000'), Timestamp('2026-06-11 16:38:05.805000'), Timestamp('2026-06-11 16:38:06.298000'), Timestamp('2026-06-11 16:38:06.377000'), Timestamp('2026-06-11 16:38:06.872000'), Timestamp('2026-06-11 16:38:06.949000'), Timestamp('2026-06-11 16:38:08.634000'), Timestamp('2026-06-11 16:38:09.207000'), Timestamp('2026-06-11 16:38:09.705000'), Timestamp('2026-06-11 16:38:09.972000'), Timestamp('2026-06-11 16:38:10.052000'), Timestamp('2026-06-11 16:38:10.549000'), Timestamp('2026-06-11 16:38:10.630000'), Timestamp('2026-06-11 16:38:11.207000'), Timestamp('2026-06-11 16:38:11.393000'), Timestamp('2026-06-11 16:38:11.469000'), Timestamp('2026-06-11 16:38:11.970000'), Timestamp('2026-06-11 16:38:12.051000'), Timestamp('2026-06-11 16:38:12.627000'), Timestamp('2026-06-11 16:38:12.817000'), Timestamp('2026-06-11 16:38:12.902000'), Timestamp('2026-06-11 16:38:13.505000'), Timestamp('2026-06-11 16:38:13.582000'), Timestamp('2026-06-11 16:38:14.269000'), Timestamp('2026-06-11 16:38:14.541000'), Timestamp('2026-06-11 16:38:15.118000'), Timestamp('2026-06-11 16:38:15.697000'), Timestamp('2026-06-11 16:38:15.884000'), Timestamp('2026-06-11 16:38:15.966000'), Timestamp('2026-06-11 16:38:16.545000'), Timestamp('2026-06-11 16:38:17.042000'), Timestamp('2026-06-11 16:38:17.123000'), Timestamp('2026-06-11 16:38:17.317000'), Timestamp('2026-06-11 16:38:17.399000'), Timestamp('2026-06-11 16:38:18.084000'), Timestamp('2026-06-11 16:38:19.629000'), Timestamp('2026-06-11 16:38:20.207000'), Timestamp('2026-06-11 16:38:20.396000'), Timestamp('2026-06-11 16:38:20.478000'), Timestamp('2026-06-11 16:38:21.057000'), Timestamp('2026-06-11 16:38:21.639000'), Timestamp('2026-06-11 16:38:21.907000'), Timestamp('2026-06-11 16:38:22.491000'), Timestamp('2026-06-11 16:38:23.075000'), Timestamp('2026-06-11 16:38:23.926000'), Timestamp('2026-06-11 16:38:24.509000'), Timestamp('2026-06-11 16:38:24.781000'), Timestamp('2026-06-11 16:38:25.366000'), Timestamp('2026-06-11 16:38:25.951000'), Timestamp('2026-06-11 16:38:26.219000'), Timestamp('2026-06-11 16:38:26.804000'), Timestamp('2026-06-11 16:38:27.393000')]","[0.123, 0.374, 0.123, 0.239, 0.08, 0.574, 0.571, 0.182, 0.085, 0.493, 0.079, 0.495, 0.077, 1.685, 0.573, 0.498, 0.267, 0.08, 0.497, 0.081, 0.577, 0.186, 0.076, 0.501, 0.081, 0.576, 0.19, 0.085, 0.603, 0.077, 0.687, 0.272, 0.577, 0.579, 0.187, 0.082, 0.579, 0.497, 0.081, 0.194, 0.082, 0.685, 1.545, 0.578, 0.189, 0.082, 0.579, 0.582, 0.268, 0.584, 0.584, 0.851, 0.583, 0.272, 0.585, 0.585, 0.268, 0.585, 0.589]","[nan, nan, nan, nan, nan, nan, nan, nan, nan, nan, nan, nan, nan, nan, nan, nan, nan, nan, nan, nan, nan, nan, nan, nan, nan, nan, nan, nan, nan, nan, nan, nan, nan, nan, nan, nan, nan, nan, nan, nan, nan, nan, nan, nan, nan, nan, nan, nan, nan, nan, nan, nan, nan, nan, nan, nan, nan, nan, nan, nan, nan]","[nan, nan, nan, nan, nan, nan, nan, nan, nan, nan, nan, nan, nan, nan, nan, nan, nan, nan, nan, nan, nan, nan, nan, nan, nan, nan, nan, nan, nan, nan, nan, nan, nan, nan, nan, nan, nan, nan, nan, nan, nan, nan, nan, nan, nan, nan, nan, nan, nan, nan, nan, nan, nan, nan, nan, nan, nan, nan, nan]",,9.93663594470046
ADTC1_adz_raw_20260611_1645,2026-06-11 16:43:56.659,2026-06-11 16:44:06.679,"[Timestamp('2026-06-11 16:44:06.679000'), Timestamp('2026-06-11 16:44:06.794000'), Timestamp('2026-06-11 16:44:07.150000'), Timestamp('2026-06-11 16:44:07.270000'), Timestamp('2026-06-11 16:44:07.928000'), Timestamp('2026-06-11 16:44:08.117000'), Timestamp('2026-06-11 16:44:08.193000'), Timestamp('2026-06-11 16:44:08.632000'), Timestamp('2026-06-11 16:44:08.709000'), Timestamp('2026-06-11 16:44:08.864000'), Timestamp('2026-06-11 16:44:08.940000'), Timestamp('2026-06-11 16:44:09.378000'), Timestamp('2026-06-11 16:44:09.455000'), Timestamp('2026-06-11 16:44:09.610000'), Timestamp('2026-06-11 16:44:09.686000'), Timestamp('2026-06-11 16:44:10.126000'), Timestamp('2026-06-11 16:44:10.202000'), Timestamp('2026-06-11 16:44:10.357000'), Timestamp('2026-06-11 16:44:10.433000'), Timestamp('2026-06-11 16:44:10.872000'), Timestamp('2026-06-11 16:44:10.949000'), Timestamp('2026-06-11 16:44:11.183000'), Timestamp('2026-06-11 16:44:11.637000'), Timestamp('2026-06-11 16:44:12.088000'), Timestamp('2026-06-11 16:44:12.382000'), Timestamp('2026-06-11 16:44:12.830000'), Timestamp('2026-06-11 16:44:13.063000'), Timestamp('2026-06-11 16:44:13.516000'), Timestamp('2026-06-11 16:44:13.781000'), Timestamp('2026-06-11 16:44:14.237000'), Timestamp('2026-06-11 16:44:14.469000'), Timestamp('2026-06-11 16:44:14.919000'), Timestamp('2026-06-11 16:44:15.213000'), Timestamp('2026-06-11 16:44:15.665000'), Timestamp('2026-06-11 16:44:16.114000'), Timestamp('2026-06-11 16:44:16.436000'), Timestamp('2026-06-11 16:44:16.884000'), Timestamp('2026-06-11 16:44:17.334000'), Timestamp('2026-06-11 16:44:17.651000'), Timestamp('2026-06-11 16:44:18.107000'), Timestamp('2026-06-11 16:44:18.554000'), Timestamp('2026-06-11 16:44:18.871000'), Timestamp('2026-06-11 16:44:19.328000'), Timestamp('2026-06-11 16:44:19.780000'), Timestamp('2026-06-11 16:44:20.098000'), Timestamp('2026-06-11 16:44:20.547000'), Timestamp('2026-06-11 16:44:20.998000'), Timestamp('2026-06-11 16:44:21.319000'), Timestamp('2026-06-11 16:44:21.765000'), Timestamp('2026-06-11 16:44:22.216000'), Timestamp('2026-06-11 16:44:22.531000'), Timestamp('2026-06-11 16:44:22.983000'), Timestamp('2026-06-11 16:44:23.435000'), Timestamp('2026-06-11 16:44:23.670000'), Timestamp('2026-06-11 16:44:23.747000'), Timestamp('2026-06-11 16:44:24.111000'), Timestamp('2026-06-11 16:44:24.187000'), Timestamp('2026-06-11 16:44:24.335000'), Timestamp('2026-06-11 16:44:24.415000'), Timestamp('2026-06-11 16:44:24.852000'), Timestamp('2026-06-11 16:44:24.925000'), Timestamp('2026-06-11 16:44:25.800000'), Timestamp('2026-06-11 16:44:26.056000'), Timestamp('2026-06-11 16:44:26.863000'), Timestamp('2026-06-11 16:44:26.938000'), Timestamp('2026-06-11 16:44:27.307000'), Timestamp('2026-06-11 16:44:27.384000'), Timestamp('2026-06-11 16:44:27.542000'), Timestamp('2026-06-11 16:44:27.622000'), Timestamp('2026-06-11 16:44:27.977000'), Timestamp('2026-06-11 16:44:28.055000'), Timestamp('2026-06-11 16:44:28.206000'), Timestamp('2026-06-11 16:44:28.286000'), Timestamp('2026-06-11 16:44:28.547000'), Timestamp('2026-06-11 16:44:28.622000')]","[0.115, 0.356, 0.12, 0.658, 0.189, 0.076, 0.439, 0.077, 0.155, 0.076, 0.438, 0.077, 0.155, 0.076, 0.44, 0.076, 0.155, 0.076, 0.439, 0.077, 0.234, 0.454, 0.451, 0.294, 0.448, 0.233, 0.453, 0.265, 0.456, 0.232, 0.45, 0.294, 0.452, 0.449, 0.322, 0.448, 0.45, 0.317, 0.456, 0.447, 0.317, 0.457, 0.452, 0.318, 0.449, 0.451, 0.321, 0.446, 0.451, 0.315, 0.452, 0.452, 0.235, 0.077, 0.364, 0.076, 0.148, 0.08, 0.437, 0.073, 0.875, 0.256, 0.807, 0.075, 0.369, 0.077, 0.158, 0.08, 0.355, 0.078, 0.151, 0.08, 0.261, 0.075]","[20.984033887259688, 22.383825880653976, 21.99979147117089, 21.739130434782606, 25.01887199396096, 19.385492556224268, 22.376174550087594, 21.869931460262638, 22.0807351493272, 23.06936738432132, 22.98123550495467, 23.82401060046782, 46.37314377163274, 98.3526984801141, 46.503003782540986, 59.707300201041946, -3.6417336946391927, -44.58403554466064, -4.5369705671213225, -38.34477524407491, -3.993422598073746, -206.0952380952381, -33.300744984804716, -32.906487451941985, -472.07678883071515, -33.11695126156244, -218.81091617933726, -32.373837251886016, -2470.961887477314, -33.02318712154775, -263.52491283320217, -31.743768182077485, -295.6446182252631, -33.58323919071581, -31.241204615817637, -148.99231549949238, -32.4301075268817, -32.286930793100936, -146.39753294084647, -30.02303283518132, -32.22912053720023, -155.97003965339977, -30.26979600789649, -31.41141979617481, -159.7479832773949, -30.229419703103925, -31.303389363461022, -178.2751810401578, -31.41141979617481, -30.816096174506704, -141.1889596602971, -31.46829248287837, -30.760839923643317, -470.6959706959707, -14.536150591146178, -68.2827087088703, -13.133337941522083, -61.12295664534471, -15.990846027318884, -34.22222222222219, -14.734816389251918, -65.16290726817041, -6.091118155261357, -4975.193798449613, -10.29369016823124, -70.48245614035088, -16.396924514676524, -66.59522959082432, -15.784706947858712, -76.55677655677657, -14.22297775888936, -69.85912386623662, -14.94266187883703, -66.89496241735047, -15.15350589059695, -741.8803418803412, 10.473827958605831]","[2.413163897034864, 7.968642013512815, 2.6399749765405067, 14.304347826086955, 4.7285668068586215, 1.4732974342730443, 9.823140627488455, 1.6839847224402231, 3.422513948145716, 1.7532719212084205, 10.065781151170146, 1.834448816236022, 7.1878372846030745, 7.474805084488671, 20.461321664318035, 4.537754815279188, -0.5644687226690749, -3.388386701394208, -1.9917300789662606, -2.952547693793768, -0.9344608879492566, -93.5672380952381, -15.018635988146928, -9.674507310870943, -211.4904013961604, -7.7162496439440496, -99.12134502923978, -8.579066871749795, -1126.7586206896553, -7.661379412199079, -118.58621077494098, -9.33266784553078, -133.63136743781894, -15.078874396631399, -10.05966788629328, -66.74855734377259, -14.593548387096765, -10.234957061412997, -66.75727502102599, -13.420295677326049, -10.216631210292473, -71.2783081216037, -13.681947795569213, -9.98883149518359, -71.72684449155031, -13.633468286099871, -10.048387985670988, -79.51073074391039, -14.16655032807484, -9.707070294969611, -63.81740976645428, -14.223668202261022, -7.228797382056179, -36.243589743589745, -5.291158815177209, -5.189485861874143, -1.943734015345268, -4.8898365316275765, -6.987999713938352, -2.49822222222222, -12.892964340595428, -16.681704260651628, -4.915532351295916, -373.13953488372096, -3.7983716720773275, -5.427149122807017, -2.5907140733188907, -5.327618367265946, -5.603570966489842, -5.971428571428572, -2.1476696415922936, -5.588729909298929, -3.9000347503764647, -5.017122181301285]",-2851.3644254638325,9.913124834259824
ADTC1_adz_raw_20260611_1652,2026-06-11 16:51:18.010,2026-06-11 16:51:28.039,"[Timestamp('2026-06-11 16:51:28.039000'), Timestamp('2026-06-11 16:51:28.178000'), Timestamp('2026-06-11 16:51:28.491000'), Timestamp('2026-06-11 16:51:28.627000'), Timestamp('2026-06-11 16:51:28.896000'), Timestamp('2026-06-11 16:51:29.017000'), Timestamp('2026-06-11 16:51:29.792000'), Timestamp('2026-06-11 16:51:29.912000'), Timestamp('2026-06-11 16:51:30.153000'), Timestamp('2026-06-11 16:51:30.256000'), Timestamp('2026-06-11 16:51:31.041000'), Timestamp('2026-06-11 16:51:31.156000'), Timestamp('2026-06-11 16:51:31.385000'), Timestamp('2026-06-11 16:51:31.503000'), Timestamp('2026-06-11 16:51:32.285000'), Timestamp('2026-06-11 16:51:32.404000'), Timestamp('2026-06-11 16:51:32.637000'), Timestamp('2026-06-11 16:51:32.751000'), Timestamp('2026-06-11 16:51:33.533000'), Timestamp('2026-06-11 16:51:33.649000'), Timestamp('2026-06-11 16:51:33.886000'), Timestamp('2026-06-11 16:51:34'), Timestamp('2026-06-11 16:51:34.784000'), Timestamp('2026-06-11 16:51:34.900000')]","[0.139, 0.313, 0.136, 0.269, 0.121, 0.775, 0.12, 0.241, 0.103, 0.785, 0.115, 0.229, 0.118, 0.782, 0.119, 0.233, 0.114, 0.782, 0.116, 0.237, 0.114, 0.784, 0.116]","[21.849511672641146, 22.062506508085995, 22.370884929024463, 21.999755206952116, 22.02954837213371, 22.185686653771768, 21.55812576843427, 21.995839100670356, 22.40339908474654, 22.261863515655218, 22.725755408755596, 22.03896896390721, 21.05060624825133, 21.85387711703501, 20.77272043025468, 21.740813555760177, 21.38165110077233, 22.526960721150974, 21.603907489354597, 21.286295005807204, 22.146834083330575, 22.29458835175713, 22.047278089215972, 21.438479157461508]","[3.0370821224971194, 6.905564537030917, 3.042440350347327, 5.91793415067012, 2.6655753530281787, 17.19390715667312, 2.5869750922121124, 5.300997223261556, 2.307550105728893, 17.475562859789346, 2.613461872006894, 5.046923892734751, 2.483971537293657, 17.08973190552138, 2.4719537312003066, 5.065609558492121, 2.437508225488046, 17.616083283940064, 2.5060532687651333, 5.044851916376307, 2.5247390854996854, 17.47895726777759, 2.557484258349053]",151.37091875468366,9.914549947164774
ADTC1_adz_raw_20260611_1658,2026-06-11 16:56:54.682,2026-06-11 16:57:04.753,"[Timestamp('2026-06-11 16:57:04.753000'), Timestamp('2026-06-11 16:57:04.861000'), Timestamp('2026-06-11 16:57:05.084000'), Timestamp('2026-06-11 16:57:05.199000'), Timestamp('2026-06-11 16:57:05.397000'), Timestamp('2026-06-11 16:57:05.479000'), Timestamp('2026-06-11 16:57:05.929000'), Timestamp('2026-06-11 16:57:06.011000'), Timestamp('2026-06-11 16:57:06.169000'), Timestamp('2026-06-11 16:57:06.249000'), Timestamp('2026-06-11 16:57:06.708000'), Timestamp('2026-06-11 16:57:06.788000'), Timestamp('2026-06-11 16:57:06.944000'), Timestamp('2026-06-11 16:57:07.028000'), Timestamp('2026-06-11 16:57:07.485000'), Timestamp('2026-06-11 16:57:07.565000'), Timestamp('2026-06-11 16:57:07.726000'), Timestamp('2026-06-11 16:57:07.806000'), Timestamp('2026-06-11 16:57:08.259000'), Timestamp('2026-06-11 16:57:08.344000'), Timestamp('2026-06-11 16:57:08.501000'), Timestamp('2026-06-11 16:57:08.583000'), Timestamp('2026-06-11 16:57:09.040000'), Timestamp('2026-06-11 16:57:09.120000'), Timestamp('2026-06-11 16:57:09.278000'), Timestamp('2026-06-11 16:57:09.358000'), Timestamp('2026-06-11 16:57:09.816000'), Timestamp('2026-06-11 16:57:09.895000'), Timestamp('2026-06-11 16:57:10.052000'), Timestamp('2026-06-11 16:57:10.134000'), Timestamp('2026-06-11 16:57:10.593000'), Timestamp('2026-06-11 16:57:10.673000')]","[0.108, 0.223, 0.115, 0.198, 0.082, 0.45, 0.082, 0.158, 0.08, 0.459, 0.08, 0.156, 0.084, 0.457, 0.08, 0.161, 0.08, 0.453, 0.085, 0.157, 0.082, 0.457, 0.08, 0.158, 0.08, 0.458, 0.079, 0.157, 0.082, 0.459, 0.08]","[21.210288324071854, 20.839443985656967, 20.61855670103093, 20.678053830227743, 20.318327009513084, 20.666166573639885, 20.908250923983623, 20.829391756534616, 20.60432073921283, 20.60206598828246, 20.602210028078144, 20.83297881391985, 19.831809488878996, 21.056779421000137, 20.313032195280194, 20.536996361013678, 20.905773846991856, 20.599808981496047, 20.6893104708591, 20.508619956880892, 20.9310496267018, 20.60175510388345, 21.125091127162058, 20.78399212727571, 20.887257265052344, 20.789645881869866, 21.468370087442523, 20.62896200021249, 21.326926571497953, 20.5640349224295, 20.89358010410642, 20.68428647376016]","[2.29071113899976, 4.647196008801504, 2.371134020618557, 4.094254658385093, 1.666102814780073, 9.299774958137949, 1.7144765757666571, 3.2910438975324694, 1.6483456591370265, 9.45634828862165, 1.6481768022462515, 3.249944694971497, 1.6658719970658358, 9.622948195397063, 1.6250425756224156, 3.3064564141232022, 1.6724619077593486, 9.331713468617709, 1.7585913900230234, 3.2198533332303, 1.7163460693895476, 9.415002082474736, 1.6900072901729646, 3.2838707561095624, 1.6709805812041876, 9.521657813896399, 1.6960012369079593, 3.2387470340333606, 1.7488079788628323, 9.438892029395141, 1.6714864083285137]",122.6722480806126,9.957037557874164
ADTC1_adz_raw_20260611_1705,2026-06-11 17:04:03.622,2026-06-11 17:04:13.642,"[Timestamp('2026-06-11 17:04:13.642000'), Timestamp('2026-06-11 17:04:13.754000'), Timestamp('2026-06-11 17:04:14.480000'), Timestamp('2026-06-11 17:04:14.594000'), Timestamp('2026-06-11 17:04:14.793000'), Timestamp('2026-06-11 17:04:14.906000'), Timestamp('2026-06-11 17:04:15.653000'), Timestamp('2026-06-11 17:04:15.760000'), Timestamp('2026-06-11 17:04:15.967000'), Timestamp('2026-06-11 17:04:16.077000'), Timestamp('2026-06-11 17:04:16.824000'), Timestamp('2026-06-11 17:04:16.931000'), Timestamp('2026-06-11 17:04:17.133000'), Timestamp('2026-06-11 17:04:17.250000'), Timestamp('2026-06-11 17:04:17.970000'), Timestamp('2026-06-11 17:04:18.087000'), Timestamp('2026-06-11 17:04:18.388000'), Timestamp('2026-06-11 17:04:18.496000'), Timestamp('2026-06-11 17:04:19.222000'), Timestamp('2026-06-11 17:04:19.332000'), Timestamp('2026-06-11 17:04:19.540000'), Timestamp('2026-06-11 17:04:19.648000'), Timestamp('2026-06-11 17:04:20.397000'), Timestamp('2026-06-11 17:04:20.504000'), Timestamp('2026-06-11 17:04:20.707000'), Timestamp('2026-06-11 17:04:20.825000'), Timestamp('2026-06-11 17:04:21.561000'), Timestamp('2026-06-11 17:04:21.673000'), Timestamp('2026-06-11 17:04:21.879000'), Timestamp('2026-06-11 17:04:21.987000'), Timestamp('2026-06-11 17:04:22.713000'), Timestamp('2026-06-11 17:04:22.831000')]","[0.112, 0.726, 0.114, 0.199, 0.113, 0.747, 0.107, 0.207, 0.11, 0.747, 0.107, 0.202, 0.117, 0.72, 0.117, 0.301, 0.108, 0.726, 0.11, 0.208, 0.108, 0.749, 0.107, 0.203, 0.118, 0.736, 0.112, 0.206, 0.108, 0.726, 0.118]","[22.436823942128903, 22.223146719279196, 22.301241194230123, 22.54431366935225, 22.057656766292677, 21.89541816154543, 22.14142734588831, 21.986074501951393, 22.743884688313837, 21.81818181818182, 22.388059701492537, 21.9351722755315, 21.938207777623838, 22.23212432099983, 21.97831687419493, 22.375557570336145, 22.850897115603, 22.269889910339344, 22.111802827738654, 21.853146853146853, 22.52818587231414, 21.985081530112563, 21.927016645326503, 22.610891593907336, 22.295459898506145, 22.802251657601147, 21.88962973471414, 21.939562338801878, 22.125233822180817, 22.197106027816822, 22.421019222318066, 22.65882372193905]","[2.5129242815184374, 16.134004518196697, 2.542341496142234, 4.486318420201098, 2.4925152145910725, 16.355877366674434, 2.369132726010049, 4.551117421903938, 2.501827315714522, 16.29818181818182, 2.3955223880597014, 4.430904799657363, 2.566770309981989, 16.007129511119878, 2.571463074280807, 6.73504282867118, 2.4678968884851242, 16.167940074906365, 2.4322983110512517, 4.545454545454545, 2.433044074209927, 16.46682606605431, 2.346190781049936, 4.590010993563189, 2.630864268023725, 16.782457219994445, 2.4516385302879837, 4.519549841793187, 2.3895252527955284, 16.115098976195014, 2.6456802682335314]",203.93554958300328,9.906408030794775
ADTC1_adz_raw_20260611_1708,2026-06-11 17:07:11.021,2026-06-11 17:07:21.143,"[Timestamp('2026-06-11 17:07:21.143000'), Timestamp('2026-06-11 17:07:21.536000'), Timestamp('2026-06-11 17:07:21.621000'), Timestamp('2026-06-11 17:07:22.090000'), Timestamp('2026-06-11 17:07:22.581000'), Timestamp('2026-06-11 17:07:22.940000'), Timestamp('2026-06-11 17:07:23.426000'), Timestamp('2026-06-11 17:07:23.898000'), Timestamp('2026-06-11 17:07:24.382000')]","[0.393, 0.085, 0.469, 0.491, 0.359, 0.486, 0.472, 0.484]","[20.654044750430295, 20.33898305084746, 11.3314447592068, 11.214953271028037, 12.6984126984127, 11.121408711770158, 12.371134020618557, 20.202020202020204, 20.58319039451115]","[8.117039586919105, 1.7288135593220342, 5.314447592067989, 5.506542056074766, 4.5587301587301585, 5.405004633920297, 5.8391752577319584, 9.777777777777779]",46.24753062254408,9.736400173594731
ADTC1_adz_raw_20260611_1715,2026-06-11 17:13:29.939,2026-06-11 17:13:39.986,"[Timestamp('2026-06-11 17:13:39.986000'), Timestamp('2026-06-11 17:13:40.091000'), Timestamp('2026-06-11 17:13:40.895000'), Timestamp('2026-06-11 17:13:41.002000'), Timestamp('2026-06-11 17:13:41.329000'), Timestamp('2026-06-11 17:13:41.433000'), Timestamp('2026-06-11 17:13:42.236000'), Timestamp('2026-06-11 17:13:42.346000'), Timestamp('2026-06-11 17:13:42.662000'), Timestamp('2026-06-11 17:13:42.783000'), Timestamp('2026-06-11 17:13:43.576000'), Timestamp('2026-06-11 17:13:43.694000'), Timestamp('2026-06-11 17:13:44.014000'), Timestamp('2026-06-11 17:13:44.123000'), Timestamp('2026-06-11 17:13:44.927000'), Timestamp('2026-06-11 17:13:45.033000'), Timestamp('2026-06-11 17:13:45.353000'), Timestamp('2026-06-11 17:13:45.470000'), Timestamp('2026-06-11 17:13:46.264000'), Timestamp('2026-06-11 17:13:46.380000'), Timestamp('2026-06-11 17:13:46.698000'), Timestamp('2026-06-11 17:13:46.809000'), Timestamp('2026-06-11 17:13:47.614000'), Timestamp('2026-06-11 17:13:47.716000'), Timestamp('2026-06-11 17:13:48.039000'), Timestamp('2026-06-11 17:13:48.160000'), Timestamp('2026-06-11 17:13:48.955000'), Timestamp('2026-06-11 17:13:49.071000'), Timestamp('2026-06-11 17:13:49.385000'), Timestamp('2026-06-11 17:13:49.507000'), Timestamp('2026-06-11 17:13:50.300000'), Timestamp('2026-06-11 17:13:50.421000'), Timestamp('2026-06-11 17:13:50.740000'), Timestamp('2026-06-11 17:13:50.849000'), Timestamp('2026-06-11 17:13:51.657000'), Timestamp('2026-06-11 17:13:51.762000'), Timestamp('2026-06-11 17:13:52.082000'), Timestamp('2026-06-11 17:13:52.211000'), Timestamp('2026-06-11 17:13:53.002000'), Timestamp('2026-06-11 17:13:53.122000'), Timestamp('2026-06-11 17:13:53.436000'), Timestamp('2026-06-11 17:13:53.557000'), Timestamp('2026-06-11 17:13:54.357000'), Timestamp('2026-06-11 17:13:54.475000'), Timestamp('2026-06-11 17:13:54.795000'), Timestamp('2026-06-11 17:13:54.912000'), Timestamp('2026-06-11 17:13:55.711000'), Timestamp('2026-06-11 17:13:55.836000'), Timestamp('2026-06-11 17:13:56.155000'), Timestamp('2026-06-11 17:13:56.262000'), Timestamp('2026-06-11 17:13:57.069000'), Timestamp('2026-06-11 17:13:57.177000')]","[0.105, 0.804, 0.107, 0.327, 0.104, 0.803, 0.11, 0.316, 0.121, 0.793, 0.118, 0.32, 0.109, 0.804, 0.106, 0.32, 0.117, 0.794, 0.116, 0.318, 0.111, 0.805, 0.102, 0.323, 0.121, 0.795, 0.116, 0.314, 0.122, 0.793, 0.121, 0.319, 0.109, 0.808, 0.105, 0.32, 0.129, 0.791, 0.12, 0.314, 0.121, 0.8, 0.118, 0.32, 0.117, 0.799, 0.125, 0.319, 0.107, 0.807, 0.108]","[21.126760563380287, 21.072430292031015, 21.325508997624503, 21.45808956080328, 21.17414775357014, 20.877284870202068, 21.114500138046115, 21.332833832833835, 20.46657524276884, 21.128081448796337, 21.239531252464396, 21.276595744680854, 20.85816399964422, 21.505376344086017, 21.389639599350566, 21.005982108556065, 21.400725200781658, 20.933346316763235, 21.01295210166178, 20.860289156452616, 20.71526315225384, 20.550310471148272, 20.760030643811298, 20.558195487627103, 20.826259196378047, 21.16456192384922, 21.056572296212426, 21.253633111242216, 20.89123542630366, 21.325472191701976, 20.86430810568742, 20.80918101580194, 21.07335834134583, 21.130421865715984, 20.998662354594554, 21.14799875892026, 21.100645256990283, 21.311317886379413, 20.745393862100777, 21.069805865344897, 21.31718859369842, 21.044885945548195, 20.855884147435667, 21.227166418697045, 21.269081076515988, 21.17791695696811, 21.366265628258247, 21.50280951226264, 21.168315085521513, 21.25311474632287, 20.8887951443466, 20.881638141700062]","[2.21830985915493, 16.942233954792936, 2.2818294627458218, 7.016795286382673, 2.2021113663712946, 16.76445975077226, 2.3225950151850725, 6.7411754911754915, 2.4764556043750297, 16.754568588895495, 2.5062646877907984, 6.808510638297873, 2.27353987596122, 17.29032258064516, 2.26730179753116, 6.721914274737941, 2.503884848491454, 16.621076975510007, 2.437502443792767, 6.633571951751932, 2.2993942099001763, 16.54299992927436, 2.117523125668752, 6.640297142503554, 2.5199773627617437, 16.825826729460132, 2.4425623863606414, 6.673640796930056, 2.5487307220090463, 16.91109944801967, 2.524581280788178, 6.638128744040819, 2.2969960592066956, 17.073380867498518, 2.204859547232428, 6.767359602854484, 2.7219832381517466, 16.85725244812612, 2.489447263452093, 6.615919041718298, 2.5793798198375084, 16.835908756438556, 2.4609943293974084, 6.792693253983055, 2.4884824859523706, 16.92115564861752, 2.670783203532281, 6.859396234411783, 2.2650097141508017, 17.151263600282554, 2.2559898755894325]",362.77744132251206,9.92956543502183
ADTC1_adz_raw_20260611_1727,2026-06-11 17:25:47.584,2026-06-11 17:25:57.636,"[Timestamp('2026-06-11 17:25:57.636000'), Timestamp('2026-06-11 17:25:57.747000'), Timestamp('2026-06-11 17:25:58.097000'), Timestamp('2026-06-11 17:25:58.209000'), Timestamp('2026-06-11 17:25:58.442000'), Timestamp('2026-06-11 17:25:58.549000'), Timestamp('2026-06-11 17:25:59.329000'), Timestamp('2026-06-11 17:25:59.439000'), Timestamp('2026-06-11 17:25:59.629000'), Timestamp('2026-06-11 17:25:59.741000'), Timestamp('2026-06-11 17:26:00.518000'), Timestamp('2026-06-11 17:26:00.634000'), Timestamp('2026-06-11 17:26:00.823000'), Timestamp('2026-06-11 17:26:00.936000'), Timestamp('2026-06-11 17:26:01.717000'), Timestamp('2026-06-11 17:26:01.829000'), Timestamp('2026-06-11 17:26:02.015000'), Timestamp('2026-06-11 17:26:02.130000'), Timestamp('2026-06-11 17:26:02.913000'), Timestamp('2026-06-11 17:26:03.024000')]","[0.111, 0.35, 0.112, 0.233, 0.107, 0.78, 0.11, 0.19, 0.112, 0.777, 0.116, 0.189, 0.113, 0.781, 0.112, 0.186, 0.115, 0.783, 0.111]","[22.16001833486771, 23.54536901720605, 22.62205686046181, 21.924164017372608, 22.983682098413784, 22.234373806665022, 21.752086364547715, 22.31729254630018, 22.184565269495867, 21.98455553473105, 21.73767516296499, 22.178416095622516, 22.056315973522395, 21.83860915204199, 22.587683853240666, 21.936408484153027, 21.815790244330998, 22.14479189185752, 21.909176437339404, 22.058376406202488]","[2.459762035170316, 8.240879156022118, 2.5336703683717228, 5.1083302160478175, 2.459253984530275, 17.34281156919872, 2.392729500100249, 4.240285583797034, 2.484671310183537, 17.081999650486026, 2.521570318903939, 4.191720642072656, 2.4923637050080307, 17.055953747744795, 2.5298205915629546, 4.080171978052463, 2.5088158780980647, 17.33937205132444, 2.431918584544674]",119.49610087121984,9.937372505477176
ADTC1_adz_raw_20260611_1738,2026-06-11 17:37:19.987,2026-06-11 17:37:30.064,"[Timestamp('2026-06-11 17:37:30.064000'), Timestamp('2026-06-11 17:37:30.173000'), Timestamp('2026-06-11 17:37:30.751000'), Timestamp('2026-06-11 17:37:30.875000'), Timestamp('2026-06-11 17:37:31.495000'), Timestamp('2026-06-11 17:37:31.615000'), Timestamp('2026-06-11 17:37:32.200000'), Timestamp('2026-06-11 17:37:32.307000')]","[0.109, 0.578, 0.124, 0.62, 0.12, 0.585, 0.107]","[21.94643875394862, 22.142646451536777, 21.28787878787879, 22.416152620613584, 22.193682004542985, 22.5492533366456, 22.30719697972072, 22.34712655765287]","[2.3921618241803997, 12.798449648988257, 2.6396969696969697, 13.898014624780423, 2.663241840545158, 13.191313201937675, 2.386870076830117]",49.969748186958995,9.973831478695248
ADTC1_adz_raw_20260611_1751,2026-06-11 17:50:15.622,2026-06-11 17:50:25.666,"[Timestamp('2026-06-11 17:50:25.666000'), Timestamp('2026-06-11 17:50:25.767000'), Timestamp('2026-06-11 17:50:26.553000'), Timestamp('2026-06-11 17:50:26.654000'), Timestamp('2026-06-11 17:50:26.970000'), Timestamp('2026-06-11 17:50:27.086000'), Timestamp('2026-06-11 17:50:27.859000'), Timestamp('2026-06-11 17:50:27.971000'), Timestamp('2026-06-11 17:50:28.278000'), Timestamp('2026-06-11 17:50:28.397000'), Timestamp('2026-06-11 17:50:29.171000'), Timestamp('2026-06-11 17:50:29.285000'), Timestamp('2026-06-11 17:50:29.592000'), Timestamp('2026-06-11 17:50:29.706000'), Timestamp('2026-06-11 17:50:30.484000'), Timestamp('2026-06-11 17:50:30.598000'), Timestamp('2026-06-11 17:50:30.909000'), Timestamp('2026-06-11 17:50:31.015000'), Timestamp('2026-06-11 17:50:31.801000'), Timestamp('2026-06-11 17:50:31.909000'), Timestamp('2026-06-11 17:50:32.221000'), Timestamp('2026-06-11 17:50:32.338000'), Timestamp('2026-06-11 17:50:33.109000'), Timestamp('2026-06-11 17:50:33.229000'), Timestamp('2026-06-11 17:50:33.540000'), Timestamp('2026-06-11 17:50:33.658000'), Timestamp('2026-06-11 17:50:34.433000'), Timestamp('2026-06-11 17:50:34.548000'), Timestamp('2026-06-11 17:50:34.864000'), Timestamp('2026-06-11 17:50:34.968000'), Timestamp('2026-06-11 17:50:35.757000'), Timestamp('2026-06-11 17:50:35.857000'), Timestamp('2026-06-11 17:50:36.172000'), Timestamp('2026-06-11 17:50:36.288000'), Timestamp('2026-06-11 17:50:37.064000'), Timestamp('2026-06-11 17:50:37.186000'), Timestamp('2026-06-11 17:50:37.501000'), Timestamp('2026-06-11 17:50:37.605000'), Timestamp('2026-06-11 17:50:38.398000'), Timestamp('2026-06-11 17:50:38.503000'), Timestamp('2026-06-11 17:50:38.813000'), Timestamp('2026-06-11 17:50:38.932000'), Timestamp('2026-06-11 17:50:39.716000'), Timestamp('2026-06-11 17:50:39.830000'), Timestamp('2026-06-11 17:50:40.149000'), Timestamp('2026-06-11 17:50:40.250000'), Timestamp('2026-06-11 17:50:41.048000'), Timestamp('2026-06-11 17:50:41.149000'), Timestamp('2026-06-11 17:50:41.471000'), Timestamp('2026-06-11 17:50:41.575000'), Timestamp('2026-06-11 17:50:42.370000'), Timestamp('2026-06-11 17:50:42.477000')]","[0.101, 0.786, 0.101, 0.316, 0.116, 0.773, 0.112, 0.307, 0.119, 0.774, 0.114, 0.307, 0.114, 0.778, 0.114, 0.311, 0.106, 0.786, 0.108, 0.312, 0.117, 0.771, 0.12, 0.311, 0.118, 0.775, 0.115, 0.316, 0.104, 0.789, 0.1, 0.315, 0.116, 0.776, 0.122, 0.315, 0.104, 0.793, 0.105, 0.31, 0.119, 0.784, 0.114, 0.319, 0.101, 0.798, 0.101, 0.322, 0.104, 0.795, 0.107]","[22.309099745561618, 21.639544070153445, 21.205182940825416, 21.34181607865819, 21.682225891113333, 21.63936311395051, 21.7332295660757, 21.4394582857929, 21.782099936748892, 21.28311277396707, 21.682225891113333, 21.432819822476617, 21.841311043943215, 21.019719915422105, 21.545777119780915, 21.301865096697753, 20.96574077136418, 21.629295493725273, 20.54617577457683, 21.700552880328157, 21.216343974161166, 20.933106886924477, 20.94283619656826, 21.01080882127893, 21.69777407900926, 21.706716011835212, 21.80419605108697, 21.246739722362875, 22.113487173291446, 21.58478471055443, 21.79442831642445, 21.377291752358573, 20.94658744995938, 21.220647542730987, 20.633321283256294, 21.47089111145594, 21.51614771454333, 21.171822131712595, 22.00609944225733, 21.94427934356682, 21.03001717447084, 20.776348001756723, 21.179350212335194, 20.740595611285272, 21.066648716949963, 21.35362850363279, 21.576002010639137, 20.7712298402507, 20.685073888735218, 21.200083086669782, 20.816993176350444, 21.40573160567908]","[2.2532190743017235, 17.008681639140608, 2.1417234770233673, 6.744013880855988, 2.5151382033691467, 16.727227687083744, 2.4341217114004783, 6.58191369373842, 2.592069892473118, 16.47312928705051, 2.47177375158692, 6.579875685500321, 2.4899094590095268, 16.353342094198396, 2.4562185916550243, 6.624880045073001, 2.222368521764603, 17.000626258068067, 2.2189869836542977, 6.770572498662385, 2.4823122449768564, 16.139425409818774, 2.5131403435881907, 6.534361543417747, 2.5603373413230925, 16.82270490917229, 2.5074825458750016, 6.713969752266669, 2.2998026660223103, 17.030395136627448, 2.179442831642445, 6.73384690199295, 2.4298041441952885, 16.467222493159245, 2.517265196557268, 6.763330700108622, 2.237679362312506, 16.78925495044809, 2.3106404414370196, 6.802726596505714, 2.50257204376203, 16.28865683337727, 2.414445924206212, 6.616250000000002, 2.1277315204119462, 17.040195545898968, 2.1791762030745527, 6.688336008560726, 2.1512476844284625, 16.85406605390248, 2.2274182698694975]",358.5850340345495,9.9233699732649
ADTC1_adz_raw_20260611_1755,2026-06-11 17:54:07.846,2026-06-11 17:54:17.871,"[Timestamp('2026-06-11 17:54:17.871000'), Timestamp('2026-06-11 17:54:17.987000'), Timestamp('2026-06-11 17:54:18.691000'), Timestamp('2026-06-11 17:54:18.803000'), Timestamp('2026-06-11 17:54:19'), Timestamp('2026-06-11 17:54:19.111000'), Timestamp('2026-06-11 17:54:19.845000'), Timestamp('2026-06-11 17:54:19.952000'), Timestamp('2026-06-11 17:54:20.156000'), Timestamp('2026-06-11 17:54:20.266000'), Timestamp('2026-06-11 17:54:20.994000'), Timestamp('2026-06-11 17:54:21.105000'), Timestamp('2026-06-11 17:54:21.305000'), Timestamp('2026-06-11 17:54:21.419000'), Timestamp('2026-06-11 17:54:22.132000'), Timestamp('2026-06-11 17:54:22.241000'), Timestamp('2026-06-11 17:54:22.536000'), Timestamp('2026-06-11 17:54:22.650000'), Timestamp('2026-06-11 17:54:23.362000'), Timestamp('2026-06-11 17:54:23.472000'), Timestamp('2026-06-11 17:54:23.674000'), Timestamp('2026-06-11 17:54:23.783000'), Timestamp('2026-06-11 17:54:24.518000'), Timestamp('2026-06-11 17:54:24.627000'), Timestamp('2026-06-11 17:54:24.833000'), Timestamp('2026-06-11 17:54:24.940000'), Timestamp('2026-06-11 17:54:25.677000'), Timestamp('2026-06-11 17:54:25.788000'), Timestamp('2026-06-11 17:54:25.985000'), Timestamp('2026-06-11 17:54:26.100000'), Timestamp('2026-06-11 17:54:26.817000'), Timestamp('2026-06-11 17:54:26.935000')]","[0.116, 0.704, 0.112, 0.197, 0.111, 0.734, 0.107, 0.204, 0.11, 0.728, 0.111, 0.2, 0.114, 0.713, 0.109, 0.295, 0.114, 0.712, 0.11, 0.202, 0.109, 0.735, 0.109, 0.206, 0.107, 0.737, 0.111, 0.197, 0.115, 0.717, 0.118]","[23.07783719548425, 23.030491166227577, 22.638723139918334, 22.408617204156236, 22.403052103530328, 22.906362984183993, 22.79974293193444, 22.4514100372838, 22.852123972796377, 22.812201873948748, 22.482965701867972, 22.39311127250632, 22.439094507694065, 22.474747474747474, 22.850180477828815, 22.303894063517, 22.85211667234139, 22.76728856580674, 22.636576441724785, 22.39274665473927, 22.636576441724785, 22.18013874358394, 22.605172605172605, 22.34613449605903, 22.854688622931853, 22.392725709946337, 21.928696559692867, 22.368448977484412, 22.02166986270407, 22.138988358681882, 22.221294014452194, 22.722502499599294]","[2.677029114676173, 16.21346578102421, 2.5355369916708534, 4.4144975892187786, 2.4867387834918664, 16.81327043039105, 2.439572493716985, 4.580087647605895, 2.5137336370076016, 16.607282964234688, 2.4956091929073447, 4.478622254501264, 2.5580567738771234, 16.024494949494947, 2.490669672083341, 6.579648748737514, 2.605141300646918, 16.2103094588544, 2.4900234085897264, 4.523334824257333, 2.4673868321480015, 16.302401976534195, 2.463963813963814, 4.60330370618816, 2.445451682653708, 16.50343884823045, 2.4340853181259083, 4.40658444856443, 2.5324920342109682, 15.873654653174908, 2.622112693705359]",204.39200202448788,9.917450581580118
ADTC1_adz_raw_20260611_1759,2026-06-11 17:57:38.733,2026-06-11 17:57:48.766,"[Timestamp('2026-06-11 17:57:48.766000'), Timestamp('2026-06-11 17:57:48.888000'), Timestamp('2026-06-11 17:57:49.258000'), Timestamp('2026-06-11 17:57:49.381000'), Timestamp('2026-06-11 17:57:49.607000'), Timestamp('2026-06-11 17:57:49.689000'), Timestamp('2026-06-11 17:57:50.392000'), Timestamp('2026-06-11 17:57:50.633000'), Timestamp('2026-06-11 17:57:51.259000'), Timestamp('2026-06-11 17:57:51.338000'), Timestamp('2026-06-11 17:57:51.578000'), Timestamp('2026-06-11 17:57:52.200000'), Timestamp('2026-06-11 17:57:52.277000'), Timestamp('2026-06-11 17:57:52.439000'), Timestamp('2026-06-11 17:57:52.512000'), Timestamp('2026-06-11 17:57:53.138000'), Timestamp('2026-06-11 17:57:53.217000'), Timestamp('2026-06-11 17:57:53.373000'), Timestamp('2026-06-11 17:57:53.452000'), Timestamp('2026-06-11 17:57:54.075000'), Timestamp('2026-06-11 17:57:54.152000'), Timestamp('2026-06-11 17:57:54.403000'), Timestamp('2026-06-11 17:57:54.482000'), Timestamp('2026-06-11 17:57:54.757000'), Timestamp('2026-06-11 17:57:54.913000'), Timestamp('2026-06-11 17:57:55.082000'), Timestamp('2026-06-11 17:57:55.161000'), Timestamp('2026-06-11 17:57:55.778000'), Timestamp('2026-06-11 17:57:55.854000'), Timestamp('2026-06-11 17:57:56.015000'), Timestamp('2026-06-11 17:57:56.094000'), Timestamp('2026-06-11 17:57:56.707000'), Timestamp('2026-06-11 17:57:56.786000'), Timestamp('2026-06-11 17:57:56.941000'), Timestamp('2026-06-11 17:57:57.028000'), Timestamp('2026-06-11 17:57:57.636000'), Timestamp('2026-06-11 17:57:57.712000'), Timestamp('2026-06-11 17:57:57.945000'), Timestamp('2026-06-11 17:57:58.635000'), Timestamp('2026-06-11 17:57:58.794000'), Timestamp('2026-06-11 17:57:58.871000'), Timestamp('2026-06-11 17:57:59.557000'), Timestamp('2026-06-11 17:57:59.711000'), Timestamp('2026-06-11 17:57:59.794000'), Timestamp('2026-06-11 17:58:00.404000'), Timestamp('2026-06-11 17:58:00.479000'), Timestamp('2026-06-11 17:58:00.712000'), Timestamp('2026-06-11 17:58:01.318000'), Timestamp('2026-06-11 17:58:01.401000'), Timestamp('2026-06-11 17:58:01.556000'), Timestamp('2026-06-11 17:58:01.630000'), Timestamp('2026-06-11 17:58:02.316000'), Timestamp('2026-06-11 17:58:02.471000'), Timestamp('2026-06-11 17:58:02.549000'), Timestamp('2026-06-11 17:58:03.230000'), Timestamp('2026-06-11 17:58:03.386000'), Timestamp('2026-06-11 17:58:03.464000'), Timestamp('2026-06-11 17:58:04.065000'), Timestamp('2026-06-11 17:58:04.144000')]","[0.122, 0.37, 0.123, 0.226, 0.082, 0.703, 0.241, 0.626, 0.079, 0.24, 0.622, 0.077, 0.162, 0.073, 0.626, 0.079, 0.156, 0.079, 0.623, 0.077, 0.251, 0.079, 0.275, 0.156, 0.169, 0.079, 0.617, 0.076, 0.161, 0.079, 0.613, 0.079, 0.155, 0.087, 0.608, 0.076, 0.233, 0.69, 0.159, 0.077, 0.686, 0.154, 0.083, 0.61, 0.075, 0.233, 0.606, 0.083, 0.155, 0.074, 0.686, 0.155, 0.078, 0.681, 0.156, 0.078, 0.601, 0.079]","[20.833333333333336, 20.761245674740486, 20.689655172413794, 21.05263157894737, 29.26829268292683, 14.388489208633093, 45.80152671755725, 20.905923344947738, 28.846153846153847, 46.15384615384615, 20.477815699658706, 20.61855670103093, 20.761245674740486, 20.61855670103093, 20.689655172413794, 20.408163265306122, 20.547945205479454, 16.0857908847185, 6.024096385542169, 9.74025974025974, 9.693053311793214, 9.287925696594426, 16.348773841961854, 20.33898305084746, 20.905923344947738, 20.61855670103093, 20.477815699658706, 20.0, 20.27027027027027, 20.0, 20.27027027027027, 20.066889632107024, 22.55639097744361, 19.16932907348243, 28.571428571428573, 64.51612903225806, 100.0, 15.345268542199488, 15.384615384615383, 42.25352112676057, 27.272727272727273, 19.480519480519476, 19.93355481727575, 19.54397394136808, 20.066889632107024, 26.905829596412556, 41.95804195804196, 26.548672566371682, 15.625, 40.0, 27.027027027027028, 19.999999999999996, 19.736842105263158, 19.736842105263158, 19.736842105263158, 19.48051948051948, 19.54397394136808, 19.54397394136808, 19.607843137254903, 19.54397394136808, 19.35483870967742]","[2.541666666666667, 7.68166089965398, 2.5448275862068965, 4.757894736842106, 2.4000000000000004, 10.115107913669064, 11.038167938931297, 13.087108013937284, 2.2788461538461537, 11.076923076923077, 12.737201365187715, 1.5876288659793816, 3.363321799307959, 1.5051546391752577, 12.951724137931034, 1.6122448979591837, 3.205479452054795, 1.2707774798927614, 3.753012048192771, 0.75, 2.4329563812600967, 0.7337461300309597, 4.49591280653951, 3.172881355932204, 3.533101045296168, 1.6288659793814435, 12.63481228668942, 1.52, 3.2635135135135136, 1.58, 12.425675675675675, 1.585284280936455, 3.4962406015037595, 1.6677316293929714, 17.371428571428574, 4.903225806451613, 23.3, 10.588235294117645, 2.446153846153846, 3.2535211267605635, 18.70909090909091, 2.999999999999999, 1.6544850498338872, 11.921824104234528, 1.5050167224080269, 6.2690582959641254, 25.426573426573427, 2.2035398230088497, 2.421875, 2.96, 18.540540540540544, 3.0999999999999996, 1.5394736842105263, 13.44078947368421, 3.0789473684210527, 1.5194805194805194, 11.745928338762216, 1.5439739413680784]",356.8726312010026,9.920065465083136
ADTC1_adz_raw_20260611_1804,2026-06-11 18:03:34.579,2026-06-11 18:03:44.679,"[Timestamp('2026-06-11 18:03:44.679000'), Timestamp('2026-06-11 18:03:45.149000'), Timestamp('2026-06-11 18:03:45.602000'), Timestamp('2026-06-11 18:03:46.064000'), Timestamp('2026-06-11 18:03:46.415000'), Timestamp('2026-06-11 18:03:46.884000'), Timestamp('2026-06-11 18:03:47.336000'), Timestamp('2026-06-11 18:03:47.807000')]","[0.47, 0.453, 0.462, 0.351, 0.469, 0.452, 0.471]","[21.432945499081445, 47.89873967840069, 28.518217683917385, 21.419334090566963, 20.698850638075026, 20.903571109172006, 21.520577739299362, 22.187217897928512]","[10.073484384568278, 21.698129074315514, 13.175416569969832, 7.518186265789003, 9.707760949257187, 9.448414141345747, 10.13619211521]",81.75758350045555,9.897519065585216
ADTC1_adz_raw_20260611_1809,2026-06-11 18:07:40.890,2026-06-11 18:07:50.947,"[Timestamp('2026-06-11 18:07:50.947000'), Timestamp('2026-06-11 18:07:51.075000'), Timestamp('2026-06-11 18:07:51.090000'), Timestamp('2026-06-11 18:07:51.410000'), Timestamp('2026-06-11 18:07:51.552000'), Timestamp('2026-06-11 18:07:51.808000'), Timestamp('2026-06-11 18:07:51.889000'), Timestamp('2026-06-11 18:07:52.364000'), Timestamp('2026-06-11 18:07:52.441000'), Timestamp('2026-06-11 18:07:52.636000'), Timestamp('2026-06-11 18:07:52.716000'), Timestamp('2026-06-11 18:07:53.190000'), Timestamp('2026-06-11 18:07:53.269000'), Timestamp('2026-06-11 18:07:53.460000'), Timestamp('2026-06-11 18:07:53.544000'), Timestamp('2026-06-11 18:07:54.016000'), Timestamp('2026-06-11 18:07:54.095000'), Timestamp('2026-06-11 18:07:54.288000'), Timestamp('2026-06-11 18:07:54.368000'), Timestamp('2026-06-11 18:07:54.841000'), Timestamp('2026-06-11 18:07:54.922000'), Timestamp('2026-06-11 18:07:55.096000'), Timestamp('2026-06-11 18:07:55.179000'), Timestamp('2026-06-11 18:07:55.671000'), Timestamp('2026-06-11 18:07:55.754000'), Timestamp('2026-06-11 18:07:55.930000'), Timestamp('2026-06-11 18:07:56.011000'), Timestamp('2026-06-11 18:07:56.480000'), Timestamp('2026-06-11 18:07:56.563000'), Timestamp('2026-06-11 18:07:56.738000'), Timestamp('2026-06-11 18:07:56.820000'), Timestamp('2026-06-11 18:07:57.277000'), Timestamp('2026-06-11 18:07:57.359000'), Timestamp('2026-06-11 18:07:57.520000'), Timestamp('2026-06-11 18:07:57.602000'), Timestamp('2026-06-11 18:07:58.060000'), Timestamp('2026-06-11 18:07:58.142000'), Timestamp('2026-06-11 18:07:58.305000'), Timestamp('2026-06-11 18:07:58.386000'), Timestamp('2026-06-11 18:07:58.844000'), Timestamp('2026-06-11 18:07:58.926000'), Timestamp('2026-06-11 18:07:59.088000'), Timestamp('2026-06-11 18:07:59.170000'), Timestamp('2026-06-11 18:07:59.652000'), Timestamp('2026-06-11 18:07:59.734000'), Timestamp('2026-06-11 18:07:59.902000'), Timestamp('2026-06-11 18:07:59.988000'), Timestamp('2026-06-11 18:08:00.460000'), Timestamp('2026-06-11 18:08:00.540000'), Timestamp('2026-06-11 18:08:00.726000'), Timestamp('2026-06-11 18:08:00.808000'), Timestamp('2026-06-11 18:08:01.278000'), Timestamp('2026-06-11 18:08:01.359000'), Timestamp('2026-06-11 18:08:01.545000'), Timestamp('2026-06-11 18:08:01.627000'), Timestamp('2026-06-11 18:08:02.100000'), Timestamp('2026-06-11 18:08:02.181000'), Timestamp('2026-06-11 18:08:02.363000'), Timestamp('2026-06-11 18:08:02.443000'), Timestamp('2026-06-11 18:08:02.905000'), Timestamp('2026-06-11 18:08:02.984000'), Timestamp('2026-06-11 18:08:03.170000'), Timestamp('2026-06-11 18:08:03.252000'), Timestamp('2026-06-11 18:08:03.728000'), Timestamp('2026-06-11 18:08:03.809000'), Timestamp('2026-06-11 18:08:03.984000'), Timestamp('2026-06-11 18:08:04.067000'), Timestamp('2026-06-11 18:08:04.529000'), Timestamp('2026-06-11 18:08:04.611000'), Timestamp('2026-06-11 18:08:04.784000'), Timestamp('2026-06-11 18:08:04.869000'), Timestamp('2026-06-11 18:08:05.340000'), Timestamp('2026-06-11 18:08:05.424000'), Timestamp('2026-06-11 18:08:05.597000'), Timestamp('2026-06-11 18:08:05.679000'), Timestamp('2026-06-11 18:08:06.153000'), Timestamp('2026-06-11 18:08:06.233000'), Timestamp('2026-06-11 18:08:06.395000'), Timestamp('2026-06-11 18:08:06.476000'), Timestamp('2026-06-11 18:08:06.952000'), Timestamp('2026-06-11 18:08:07.035000'), Timestamp('2026-06-11 18:08:07.210000'), Timestamp('2026-06-11 18:08:07.291000'), Timestamp('2026-06-11 18:08:07.768000'), Timestamp('2026-06-11 18:08:07.847000')]","[0.128, 0.015, 0.32, 0.142, 0.256, 0.081, 0.475, 0.077, 0.195, 0.08, 0.474, 0.079, 0.191, 0.084, 0.472, 0.079, 0.193, 0.08, 0.473, 0.081, 0.174, 0.083, 0.492, 0.083, 0.176, 0.081, 0.469, 0.083, 0.175, 0.082, 0.457, 0.082, 0.161, 0.082, 0.458, 0.082, 0.163, 0.081, 0.458, 0.082, 0.162, 0.082, 0.482, 0.082, 0.168, 0.086, 0.472, 0.08, 0.186, 0.082, 0.47, 0.081, 0.186, 0.082, 0.473, 0.081, 0.182, 0.08, 0.462, 0.079, 0.186, 0.082, 0.476, 0.081, 0.175, 0.083, 0.462, 0.082, 0.173, 0.085, 0.471, 0.084, 0.173, 0.082, 0.474, 0.08, 0.162, 0.081, 0.476, 0.083, 0.175, 0.081, 0.477, 0.079]","[18.06744203057567, 20.175763182238672, 20.429230084034263, 19.393346379647745, 19.639188495120706, 19.684684122919048, 20.055764080308098, 20.04982417353552, 19.250259801066605, 20.267417311752286, 19.856514695672296, 19.837305551591264, 19.480656293375603, 20.760512683437184, 18.50643145845487, 19.562917173838684, 19.077294057088125, 19.639188495120706, 19.089500681966435, 19.464303442065713, 19.64681994667003, 19.857478709052806, 20.268564030701157, 19.66713384074486, 19.2308932541429, 19.8098279046718, 19.301263754829, 19.006923556402022, 19.2525767800194, 19.314696543263324, 18.512486190740262, 18.795797265062056, 19.16739319965126, 19.65502631962228, 18.37174023718643, 18.540066150987656, 19.08450173992464, 19.08450173992464, 18.68509429088091, 18.825840244434737, 18.963603437681325, 18.851003790245336, 18.832895874070314, 18.73298548094374, 18.98930810568742, 19.08317948652431, 18.844230856775077, 19.18682795698925, 18.75938983512828, 19.110343227004304, 18.86761719751331, 19.110343227004304, 18.803697267913, 18.771635441164815, 18.996731607280182, 19.538112522866875, 18.746176064654733, 19.232948537243075, 18.283707176487656, 18.492646927349004, 19.173695428742697, 18.90203019232672, 18.549249628689118, 18.409193126479806, 18.44101557384659, 18.169277666306527, 18.2062333965037, 18.496294479161286, 17.945916991670288, 18.21892976307428, 17.756020723434187, 18.441447983174562, 17.867530810481306, 18.28573729363572, 18.094753792694306, 18.17454938888097, 18.35810001239483, 19.0660033316825, 19.995252317339357, 18.54098315458632, 18.078174937169294, 18.353110368368103, 18.7192118226601, 18.239314564853363]","[2.3126325799136858, 0.30263644773358006, 6.537353626890964, 2.7538551859099796, 5.027632254750901, 1.594459413956443, 9.526487938146346, 1.543836461362235, 3.753800661207988, 1.621393384940183, 9.411987965748668, 1.5671471385757099, 3.7208053520347404, 1.7438830654087236, 8.735035648390697, 1.545470456733256, 3.6819177530180083, 1.5711350796096566, 9.029333822570123, 1.5766085788073227, 3.4185466707205845, 1.648170732851383, 9.972133503104969, 1.6323721087818235, 3.38463721272915, 1.6045960602784157, 9.052292701014801, 1.5775746551813679, 3.3692009365033946, 1.5838051165475926, 8.4602061891683, 1.5412553757350886, 3.0859503051438533, 1.611712158209027, 8.414257028631384, 1.5202854243809878, 3.1107737836077165, 1.545844640933896, 8.557773185223457, 1.5437189000436484, 3.0721037569043745, 1.5457823108001176, 9.07745581130189, 1.5361048094373866, 3.190203761755487, 1.6411534358410904, 8.894476964397835, 1.5349462365591402, 3.4892465093338605, 1.567048144614353, 8.867780082831256, 1.5479378013873486, 3.497487691831818, 1.5392741061755149, 8.985454050243526, 1.582587114352217, 3.4118040437671615, 1.538635882979446, 8.447072715537297, 1.4609191072605714, 3.5663073497461415, 1.5499664757707912, 8.82944282325602, 1.4911446432448643, 3.2271777254231533, 1.5080500463034419, 8.411279829184709, 1.5166961472912255, 3.1046436395589594, 1.5486090298613138, 8.363085760737501, 1.5490816305866633, 3.091082830213266, 1.499430458078129, 8.5769132977371, 1.4539639511104776, 2.9740122020079625, 1.5443462698662824, 9.517740103053534, 1.5389016018306647, 3.163680614004626, 1.4866019398378163, 8.929064039408868, 1.4409058506234156]",320.5021221005488,9.935060614396702
ADTC1_adz_raw_20260611_1813,2026-06-11 18:12:00.205,2026-06-11 18:12:10.245,"[Timestamp('2026-06-11 18:12:10.245000'), Timestamp('2026-06-11 18:12:10.394000'), Timestamp('2026-06-11 18:12:10.715000'), Timestamp('2026-06-11 18:12:10.864000'), Timestamp('2026-06-11 18:12:11.123000'), Timestamp('2026-06-11 18:12:11.215000'), Timestamp('2026-06-11 18:12:11.840000'), Timestamp('2026-06-11 18:12:11.917000'), Timestamp('2026-06-11 18:12:12.115000'), Timestamp('2026-06-11 18:12:12.199000'), Timestamp('2026-06-11 18:12:12.799000'), Timestamp('2026-06-11 18:12:14.395000'), Timestamp('2026-06-11 18:12:15.018000'), Timestamp('2026-06-11 18:12:15.101000'), Timestamp('2026-06-11 18:12:15.302000'), Timestamp('2026-06-11 18:12:15.386000'), Timestamp('2026-06-11 18:12:16.016000'), Timestamp('2026-06-11 18:12:16.096000'), Timestamp('2026-06-11 18:12:16.379000'), Timestamp('2026-06-11 18:12:17.282000'), Timestamp('2026-06-11 18:12:17.366000'), Timestamp('2026-06-11 18:12:17.968000'), Timestamp('2026-06-11 18:12:18.486000'), Timestamp('2026-06-11 18:12:18.572000'), Timestamp('2026-06-11 18:12:18.765000'), Timestamp('2026-06-11 18:12:18.850000'), Timestamp('2026-06-11 18:12:19.565000'), Timestamp('2026-06-11 18:12:19.843000'), Timestamp('2026-06-11 18:12:20.474000'), Timestamp('2026-06-11 18:12:20.558000'), Timestamp('2026-06-11 18:12:22.247000'), Timestamp('2026-06-11 18:12:22.334000'), Timestamp('2026-06-11 18:12:23.742000'), Timestamp('2026-06-11 18:12:23.829000'), Timestamp('2026-06-11 18:12:24.462000'), Timestamp('2026-06-11 18:12:24.548000'), Timestamp('2026-06-11 18:12:24.743000'), Timestamp('2026-06-11 18:12:24.828000'), Timestamp('2026-06-11 18:12:25.462000'), Timestamp('2026-06-11 18:12:25.545000'), Timestamp('2026-06-11 18:12:25.836000'), Timestamp('2026-06-11 18:12:27.243000'), Timestamp('2026-06-11 18:12:27.329000'), Timestamp('2026-06-11 18:12:27.966000'), Timestamp('2026-06-11 18:12:28.052000'), Timestamp('2026-06-11 18:12:28.250000'), Timestamp('2026-06-11 18:12:28.331000'), Timestamp('2026-06-11 18:12:28.862000'), Timestamp('2026-06-11 18:12:28.947000'), Timestamp('2026-06-11 18:12:29.558000'), Timestamp('2026-06-11 18:12:29.755000'), Timestamp('2026-06-11 18:12:29.842000'), Timestamp('2026-06-11 18:12:30.767000'), Timestamp('2026-06-11 18:12:30.852000'), Timestamp('2026-06-11 18:12:31.578000'), Timestamp('2026-06-11 18:12:31.775000'), Timestamp('2026-06-11 18:12:32.782000'), Timestamp('2026-06-11 18:12:32.868000'), Timestamp('2026-06-11 18:12:33.513000'), Timestamp('2026-06-11 18:12:33.598000')]","[0.149, 0.321, 0.149, 0.259, 0.092, 0.625, 0.077, 0.198, 0.084, 0.6, 1.596, 0.623, 0.083, 0.201, 0.084, 0.63, 0.08, 0.283, 0.903, 0.084, 0.602, 0.518, 0.086, 0.193, 0.085, 0.715, 0.278, 0.631, 0.084, 1.689, 0.087, 1.408, 0.087, 0.633, 0.086, 0.195, 0.085, 0.634, 0.083, 0.291, 1.407, 0.086, 0.637, 0.086, 0.198, 0.081, 0.531, 0.085, 0.611, 0.197, 0.087, 0.925, 0.085, 0.726, 0.197, 1.007, 0.086, 0.645, 0.085]","[nan, nan, nan, nan, nan, nan, nan, nan, nan, nan, nan, nan, nan, nan, nan, nan, nan, nan, nan, nan, nan, nan, nan, nan, nan, nan, nan, nan, nan, nan, nan, nan, nan, nan, nan, nan, nan, nan, nan, nan, nan, nan, nan, nan, nan, nan, nan, nan, nan, nan, nan, nan, nan, nan, nan, nan, nan, nan, nan, nan, nan, nan, nan, nan, nan, nan, nan, nan]","[nan, nan, nan, nan, nan, nan, nan, nan, nan, nan, nan, nan, nan, nan, nan, nan, nan, nan, nan, nan, nan, nan, nan, nan, nan, nan, nan, nan, nan, nan, nan, nan, nan, nan, nan, nan, nan, nan, nan, nan, nan, nan, nan, nan, nan, nan, nan, nan, nan, nan, nan, nan, nan, nan, nan, nan, nan, nan, nan]",,9.92339953898698
ADTC1_adz_raw_20260611_1826,2026-06-11 18:24:58.458,2026-06-11 18:25:08.538,"[Timestamp('2026-06-11 18:25:08.538000'), Timestamp('2026-06-11 18:25:08.643000'), Timestamp('2026-06-11 18:25:09.419000'), Timestamp('2026-06-11 18:25:09.526000'), Timestamp('2026-06-11 18:25:09.848000'), Timestamp('2026-06-11 18:25:09.951000'), Timestamp('2026-06-11 18:25:10.736000'), Timestamp('2026-06-11 18:25:10.844000'), Timestamp('2026-06-11 18:25:11.149000'), Timestamp('2026-06-11 18:25:11.268000'), Timestamp('2026-06-11 18:25:12.050000'), Timestamp('2026-06-11 18:25:12.164000'), Timestamp('2026-06-11 18:25:12.483000'), Timestamp('2026-06-11 18:25:12.586000'), Timestamp('2026-06-11 18:25:13.373000'), Timestamp('2026-06-11 18:25:13.484000'), Timestamp('2026-06-11 18:25:13.792000'), Timestamp('2026-06-11 18:25:13.911000'), Timestamp('2026-06-11 18:25:14.698000'), Timestamp('2026-06-11 18:25:14.813000'), Timestamp('2026-06-11 18:25:15.131000'), Timestamp('2026-06-11 18:25:15.238000'), Timestamp('2026-06-11 18:25:16.034000'), Timestamp('2026-06-11 18:25:16.134000'), Timestamp('2026-06-11 18:25:16.449000'), Timestamp('2026-06-11 18:25:16.575000'), Timestamp('2026-06-11 18:25:17.352000'), Timestamp('2026-06-11 18:25:17.473000'), Timestamp('2026-06-11 18:25:17.786000'), Timestamp('2026-06-11 18:25:17.906000'), Timestamp('2026-06-11 18:25:18.692000'), Timestamp('2026-06-11 18:25:18.803000'), Timestamp('2026-06-11 18:25:19.125000'), Timestamp('2026-06-11 18:25:19.229000'), Timestamp('2026-06-11 18:25:20.028000'), Timestamp('2026-06-11 18:25:20.132000'), Timestamp('2026-06-11 18:25:20.453000'), Timestamp('2026-06-11 18:25:20.568000'), Timestamp('2026-06-11 18:25:21.350000'), Timestamp('2026-06-11 18:25:21.470000'), Timestamp('2026-06-11 18:25:21.784000'), Timestamp('2026-06-11 18:25:21.899000'), Timestamp('2026-06-11 18:25:22.687000'), Timestamp('2026-06-11 18:25:22.800000'), Timestamp('2026-06-11 18:25:23.107000'), Timestamp('2026-06-11 18:25:23.237000'), Timestamp('2026-06-11 18:25:24.016000'), Timestamp('2026-06-11 18:25:24.130000'), Timestamp('2026-06-11 18:25:24.451000'), Timestamp('2026-06-11 18:25:24.552000'), Timestamp('2026-06-11 18:25:25.350000'), Timestamp('2026-06-11 18:25:25.452000')]","[0.105, 0.776, 0.107, 0.322, 0.103, 0.785, 0.108, 0.305, 0.119, 0.782, 0.114, 0.319, 0.103, 0.787, 0.111, 0.308, 0.119, 0.787, 0.115, 0.318, 0.107, 0.796, 0.1, 0.315, 0.126, 0.777, 0.121, 0.313, 0.12, 0.786, 0.111, 0.322, 0.104, 0.799, 0.104, 0.321, 0.115, 0.782, 0.12, 0.314, 0.115, 0.788, 0.113, 0.307, 0.13, 0.779, 0.114, 0.321, 0.101, 0.798, 0.102]","[22.0588300109942, 22.602551430689786, 22.639423741008287, 22.25640121757425, 22.60499734183945, 22.78201381896966, 22.54115553072262, 22.49094991030475, 22.875971092424678, 22.133084552259724, 21.538549697394465, 21.71549180280535, 21.97379537268968, 22.127685926518645, 22.089843551453164, 21.80419605108697, 21.623376623376622, 20.897720169639143, 22.73121244952231, 21.882874037172368, 21.18162736140264, 21.77932539707585, 21.541486352246437, 21.62701070064518, 20.674132116615382, 22.139303482587067, 21.39107979956123, 21.7371025879305, 21.49437445718663, 21.373866483044537, 21.58478471055443, 21.29550103570996, 21.677471184852106, 21.724016811404624, 21.275671597090128, 21.75835558906639, 21.80993911031934, 21.14287091985576, 21.247351997171755, 20.790164346407703, 22.371062453257565, 21.468431377629955, 21.99107786175285, 21.53890646108545, 20.11245939817368, 22.058570049641478, 21.75183295871215, 21.65809467599749, 22.79022198377037, 21.518753580993746, 20.992811086664226, 21.678230630656223]","[2.316177151154391, 17.539579910215274, 2.4224183402878867, 7.166561192058909, 2.3283147262094634, 17.883880847891184, 2.4344447973180428, 6.859739722642948, 2.7222405599985366, 17.308072119867106, 2.4553946655029693, 6.927241885094906, 2.2633009233870367, 17.414488824170174, 2.4519726342113013, 6.715692383734786, 2.573181818181818, 16.446505773506008, 2.614089431695066, 6.958753943820813, 2.2664341276700823, 17.33634301607238, 2.1541486352246437, 6.812508370703232, 2.6049406466935383, 17.20223880597015, 2.5883206557469087, 6.8037131100222465, 2.5793249348623957, 16.799859055673007, 2.395911102871542, 6.857151333498607, 2.2544570032246187, 17.357489432312295, 2.212669846097373, 6.984432144090311, 2.508142997686724, 16.533725059327203, 2.5496822396606107, 6.528111604772019, 2.57267218212462, 16.917123925572405, 2.484991798378072, 6.612444283553233, 2.6146197217625784, 17.183626068670712, 2.479708957293185, 6.952248390995194, 2.3018124203608075, 17.17196535763301, 2.141266730839751]",368.5641356103121,9.966015242491476
ADTC1_adz_raw_20260611_1831,2026-06-11 18:29:39.130,2026-06-11 18:29:49.172,"[Timestamp('2026-06-11 18:29:49.172000'), Timestamp('2026-06-11 18:29:49.314000'), Timestamp('2026-06-11 18:29:49.817000'), Timestamp('2026-06-11 18:29:49.956000'), Timestamp('2026-06-11 18:29:50.106000'), Timestamp('2026-06-11 18:29:50.244000'), Timestamp('2026-06-11 18:29:50.966000'), Timestamp('2026-06-11 18:29:51.110000'), Timestamp('2026-06-11 18:29:51.824000'), Timestamp('2026-06-11 18:29:51.971000'), Timestamp('2026-06-11 18:29:52.689000'), Timestamp('2026-06-11 18:29:52.829000'), Timestamp('2026-06-11 18:29:53.552000'), Timestamp('2026-06-11 18:29:53.697000'), Timestamp('2026-06-11 18:29:54.413000'), Timestamp('2026-06-11 18:29:54.555000'), Timestamp('2026-06-11 18:29:55.282000'), Timestamp('2026-06-11 18:29:55.415000'), Timestamp('2026-06-11 18:29:56.138000'), Timestamp('2026-06-11 18:29:56.277000'), Timestamp('2026-06-11 18:29:57.011000'), Timestamp('2026-06-11 18:29:57.146000'), Timestamp('2026-06-11 18:29:57.297000'), Timestamp('2026-06-11 18:29:57.436000'), Timestamp('2026-06-11 18:29:57.948000'), Timestamp('2026-06-11 18:29:58.083000')]","[0.142, 0.503, 0.139, 0.15, 0.138, 0.722, 0.144, 0.714, 0.147, 0.718, 0.14, 0.723, 0.145, 0.716, 0.142, 0.727, 0.133, 0.723, 0.139, 0.734, 0.135, 0.151, 0.139, 0.512, 0.135]","[21.818562456194975, 22.12190555439983, 22.21461232652125, 22.14022140221402, 22.437840449833068, 21.98931596961845, 22.69199398877022, 22.571229774989384, 22.20656857071881, 22.122253455745827, 22.72877443222263, 22.163284476717315, 22.53515242872908, 24.588994596734537, 22.533885125664202, 22.01133854477565, 23.04536078760829, 22.515061974749607, 21.851432880844648, 22.414238311297638, 23.31441107911696, 23.677704783695567, 23.30885791252814, 23.621648629077164, 23.80414915475454, 23.951379790795844]","[3.0982358687796863, 11.127318493863115, 3.0878311133864544, 3.321033210332103, 3.0964219820769636, 15.87628613006452, 3.2676471343829117, 16.11585805934242, 3.264365579895665, 15.883777981225503, 3.1820284205111684, 16.02405467666662, 3.2675971021657166, 17.60572013126193, 3.1998116878443166, 16.002243122051897, 3.0650329847519027, 16.278389807743967, 3.0373491704374063, 16.452050920492464, 3.14744549568079, 3.5753334223380304, 3.239931249841412, 12.094284098087508, 3.2135601358918633]",201.52360797911635,9.92590576993548
ADTC1_adz_raw_20260611_1835,2026-06-11 18:33:57.242,2026-06-11 18:34:07.264,"[Timestamp('2026-06-11 18:34:07.264000'), Timestamp('2026-06-11 18:34:07.380000'), Timestamp('2026-06-11 18:34:07.733000'), Timestamp('2026-06-11 18:34:07.849000'), Timestamp('2026-06-11 18:34:08.088000'), Timestamp('2026-06-11 18:34:08.193000'), Timestamp('2026-06-11 18:34:08.980000'), Timestamp('2026-06-11 18:34:09.091000'), Timestamp('2026-06-11 18:34:09.285000'), Timestamp('2026-06-11 18:34:09.398000'), Timestamp('2026-06-11 18:34:10.191000'), Timestamp('2026-06-11 18:34:10.298000'), Timestamp('2026-06-11 18:34:10.492000'), Timestamp('2026-06-11 18:34:10.607000'), Timestamp('2026-06-11 18:34:11.394000'), Timestamp('2026-06-11 18:34:11.506000'), Timestamp('2026-06-11 18:34:11.699000'), Timestamp('2026-06-11 18:34:11.807000'), Timestamp('2026-06-11 18:34:12.593000'), Timestamp('2026-06-11 18:34:12.700000')]","[0.116, 0.353, 0.116, 0.239, 0.105, 0.787, 0.111, 0.194, 0.113, 0.793, 0.107, 0.194, 0.115, 0.787, 0.112, 0.193, 0.108, 0.786, 0.107]","[22.347569628688134, 22.2650185133565, 21.81611087257287, 21.935818937240324, 22.525252525252526, 22.019893772099287, 22.099227569639936, 22.193675889328055, 22.09834283363695, 21.956565843675854, 22.469159413588564, 22.017823119407666, 22.471910112359545, 23.017640404126915, 22.506639901234294, 21.858546858546852, 23.545390356904115, 21.57414519092066, 22.4051812801427, 22.23212432099983]","[2.592318076927824, 7.859551535214845, 2.5306688612184534, 5.242660726000437, 2.3651515151515152, 17.32965639864214, 2.453014260230033, 4.305573122529643, 2.497112740200975, 17.411556714034955, 2.404200057253976, 4.271457685165087, 2.584269662921348, 18.114882998047882, 2.520743668938241, 4.218699543699542, 2.5429021585456444, 16.95727812006364, 2.3973543969752686]",120.59905224176147,9.91324175518603
ADTC1_adz_raw_20260611_1843,2026-06-11 18:41:38.451,2026-06-11 18:41:48.502,"[Timestamp('2026-06-11 18:41:48.502000'), Timestamp('2026-06-11 18:41:48.609000'), Timestamp('2026-06-11 18:41:49.398000'), Timestamp('2026-06-11 18:41:49.504000'), Timestamp('2026-06-11 18:41:49.819000'), Timestamp('2026-06-11 18:41:49.936000'), Timestamp('2026-06-11 18:41:50.717000'), Timestamp('2026-06-11 18:41:50.832000'), Timestamp('2026-06-11 18:41:51.151000'), Timestamp('2026-06-11 18:41:51.255000'), Timestamp('2026-06-11 18:41:52.052000'), Timestamp('2026-06-11 18:41:52.153000'), Timestamp('2026-06-11 18:41:52.473000'), Timestamp('2026-06-11 18:41:52.591000'), Timestamp('2026-06-11 18:41:53.367000'), Timestamp('2026-06-11 18:41:53.493000'), Timestamp('2026-06-11 18:41:53.800000'), Timestamp('2026-06-11 18:41:53.915000'), Timestamp('2026-06-11 18:41:54.698000'), Timestamp('2026-06-11 18:41:54.816000'), Timestamp('2026-06-11 18:41:55.136000'), Timestamp('2026-06-11 18:41:55.236000'), Timestamp('2026-06-11 18:41:56.038000'), Timestamp('2026-06-11 18:41:56.139000'), Timestamp('2026-06-11 18:41:56.461000'), Timestamp('2026-06-11 18:41:56.569000'), Timestamp('2026-06-11 18:41:57.363000'), Timestamp('2026-06-11 18:41:57.471000')]","[0.107, 0.789, 0.106, 0.315, 0.117, 0.781, 0.115, 0.319, 0.104, 0.797, 0.101, 0.32, 0.118, 0.776, 0.126, 0.307, 0.115, 0.783, 0.118, 0.32, 0.1, 0.802, 0.101, 0.322, 0.108, 0.794, 0.108]","[21.928763259491795, 22.505413959686816, 22.33472304943418, 22.15659325650977, 21.965502817351933, 22.116779056111625, 22.562507748724826, 21.894169660127105, 22.192056411814896, 22.29220286047611, 22.482521185263955, 21.630865590920948, 22.293213294911084, 22.124882018960015, 21.70850232862523, 22.629570676394138, 22.04688616143906, 22.30310419996131, 21.944433229709176, 21.901942595219907, 22.033121282321517, 21.690361908989658, 21.896069875995067, 21.420503856492328, 21.694716672103944, 22.253401346051916, 21.464324046250557, 21.796406991185567]","[2.346377668765622, 17.7567716141929, 2.367480643240023, 6.979326875800577, 2.569963829630176, 17.27320444282318, 2.594688391103355, 6.984240121580546, 2.3079738668287493, 17.76688567979946, 2.2707346397116597, 6.921876989094703, 2.630599168799508, 17.168908446712972, 2.735271293406779, 6.9472781976530005, 2.535391908565492, 17.463330588569708, 2.5894431211056825, 7.008621630470371, 2.203312128232152, 17.395670251009708, 2.211503057475502, 6.897402241790529, 2.343029400587226, 17.66920066876522, 2.31814699699506]",198.2566338627099,9.941058757516622
ADTC1_adz_raw_20260611_1847,2026-06-11 18:45:42.656,2026-06-11 18:45:52.763,"[Timestamp('2026-06-11 18:45:52.763000'), Timestamp('2026-06-11 18:45:52.867000'), Timestamp('2026-06-11 18:45:53.454000'), Timestamp('2026-06-11 18:45:53.582000'), Timestamp('2026-06-11 18:45:54.203000'), Timestamp('2026-06-11 18:45:54.329000'), Timestamp('2026-06-11 18:45:54.909000'), Timestamp('2026-06-11 18:45:55.018000')]","[0.104, 0.587, 0.128, 0.621, 0.126, 0.58, 0.109]","[22.248006782133615, 21.586908085656525, 21.511092699990797, 22.20969660519568, 21.623869001930544, 22.574203693138337, 21.664869411934646, 21.80326437985511]","[2.313792705341896, 12.67151504628038, 2.753419865598822, 13.792221591826518, 2.7246074942432483, 13.093038142020234, 2.3614707659008762]",49.710065611211974,9.865572389903628
ADTC1_adz_raw_20260611_1849,2026-06-11 18:48:29.325,2026-06-11 18:48:39.351,"[Timestamp('2026-06-11 18:48:39.351000'), Timestamp('2026-06-11 18:48:39.468000'), Timestamp('2026-06-11 18:48:39.829000'), Timestamp('2026-06-11 18:48:39.952000')]","[0.117, 0.361, 0.123]","[21.771820856489043, 21.86689701230008, 21.016714836939556, 21.712474019111543]","[2.547303040209218, 7.893949821440328, 2.5850559249435654]",13.026308786593113,9.9190526649261
ADTC1_adz_raw_20260611_1857,2026-06-11 18:56:27.725,2026-06-11 18:56:37.752,"[Timestamp('2026-06-11 18:56:37.752000'), Timestamp('2026-06-11 18:56:37.865000'), Timestamp('2026-06-11 18:56:38.590000'), Timestamp('2026-06-11 18:56:38.702000'), Timestamp('2026-06-11 18:56:38.904000'), Timestamp('2026-06-11 18:56:39.021000'), Timestamp('2026-06-11 18:56:39.766000'), Timestamp('2026-06-11 18:56:39.875000'), Timestamp('2026-06-11 18:56:40.083000'), Timestamp('2026-06-11 18:56:40.192000'), Timestamp('2026-06-11 18:56:40.940000'), Timestamp('2026-06-11 18:56:41.049000'), Timestamp('2026-06-11 18:56:41.256000'), Timestamp('2026-06-11 18:56:41.367000'), Timestamp('2026-06-11 18:56:42.092000'), Timestamp('2026-06-11 18:56:42.206000')]","[0.113, 0.725, 0.112, 0.202, 0.117, 0.745, 0.109, 0.208, 0.109, 0.748, 0.109, 0.207, 0.111, 0.725, 0.114]","[22.82619034408415, 22.552416767576382, 22.86087294026322, 22.61904761904762, 22.624382518460514, 22.971226415941985, 22.912215964264906, 22.647932835174977, 23.139774758026796, 22.635730869541355, 22.797912171010164, 22.71378047240116, 22.900763358778622, 22.939165816535926, 23.066142484830717, 22.590156121630002]","[2.579359508881509, 16.350502156492876, 2.5604177693094807, 4.56904761904762, 2.6470527546598803, 17.11356367987678, 2.497431540104875, 4.710770029716395, 2.5222354486249206, 16.931526690416934, 2.484972426640108, 4.7017525577870405, 2.541984732824427, 16.630895216988545, 2.629540243270702]",101.47105237464211,9.911913959700884
ADTC1_adz_raw_20260611_1901,2026-06-11 19:00:20.378,2026-06-11 19:00:30.485,"[Timestamp('2026-06-11 19:00:30.485000'), Timestamp('2026-06-11 19:00:30.890000'), Timestamp('2026-06-11 19:00:31.289000'), Timestamp('2026-06-11 19:00:31.689000'), Timestamp('2026-06-11 19:00:31.930000'), Timestamp('2026-06-11 19:00:32.416000'), Timestamp('2026-06-11 19:00:32.822000'), Timestamp('2026-06-11 19:00:33.239000')]","[0.405, 0.399, 0.4, 0.241, 0.486, 0.406, 0.417]","[24.152789477094537, 20.89077412513256, 10.595792417746225, 16.936141304347828, 22.871166356877325, 23.673151750972764, 23.769925944521148, 23.121473121473123, 23.166368515205725, 23.217867728511123]","[9.781879738223289, 8.33541887592789, 4.23831696709849, 4.081610054347826, 11.115386849442379, 9.611299610894942, 9.912059118865319]",57.075971214800134,9.93675078378778
ADTC1_adz_raw_20260611_1915,2026-06-11 19:13:57.626,2026-06-11 19:14:07.689,"[Timestamp('2026-06-11 19:14:07.689000'), Timestamp('2026-06-11 19:14:07.797000'), Timestamp('2026-06-11 19:14:08.596000'), Timestamp('2026-06-11 19:14:08.698000'), Timestamp('2026-06-11 19:14:09.020000'), Timestamp('2026-06-11 19:14:09.130000'), Timestamp('2026-06-11 19:14:09.922000'), Timestamp('2026-06-11 19:14:10.031000'), Timestamp('2026-06-11 19:14:10.353000'), Timestamp('2026-06-11 19:14:10.474000'), Timestamp('2026-06-11 19:14:11.256000'), Timestamp('2026-06-11 19:14:11.371000'), Timestamp('2026-06-11 19:14:11.694000'), Timestamp('2026-06-11 19:14:11.794000'), Timestamp('2026-06-11 19:14:12.594000'), Timestamp('2026-06-11 19:14:12.698000'), Timestamp('2026-06-11 19:14:13.014000'), Timestamp('2026-06-11 19:14:13.140000'), Timestamp('2026-06-11 19:14:13.924000'), Timestamp('2026-06-11 19:14:14.041000'), Timestamp('2026-06-11 19:14:14.362000'), Timestamp('2026-06-11 19:14:14.462000'), Timestamp('2026-06-11 19:14:15.264000'), Timestamp('2026-06-11 19:14:15.370000'), Timestamp('2026-06-11 19:14:15.686000'), Timestamp('2026-06-11 19:14:15.800000'), Timestamp('2026-06-11 19:14:16.590000'), Timestamp('2026-06-11 19:14:16.707000'), Timestamp('2026-06-11 19:14:17.019000'), Timestamp('2026-06-11 19:14:17.136000'), Timestamp('2026-06-11 19:14:17.920000'), Timestamp('2026-06-11 19:14:18.038000'), Timestamp('2026-06-11 19:14:18.358000'), Timestamp('2026-06-11 19:14:18.465000'), Timestamp('2026-06-11 19:14:19.260000'), Timestamp('2026-06-11 19:14:19.365000'), Timestamp('2026-06-11 19:14:19.685000'), Timestamp('2026-06-11 19:14:19.800000'), Timestamp('2026-06-11 19:14:20.586000'), Timestamp('2026-06-11 19:14:20.705000'), Timestamp('2026-06-11 19:14:21.018000'), Timestamp('2026-06-11 19:14:21.138000'), Timestamp('2026-06-11 19:14:21.917000'), Timestamp('2026-06-11 19:14:22.037000'), Timestamp('2026-06-11 19:14:22.347000'), Timestamp('2026-06-11 19:14:22.464000'), Timestamp('2026-06-11 19:14:23.252000'), Timestamp('2026-06-11 19:14:23.366000'), Timestamp('2026-06-11 19:14:23.688000'), Timestamp('2026-06-11 19:14:23.791000'), Timestamp('2026-06-11 19:14:24.592000'), Timestamp('2026-06-11 19:14:24.693000')]","[0.108, 0.799, 0.102, 0.322, 0.11, 0.792, 0.109, 0.322, 0.121, 0.782, 0.115, 0.323, 0.1, 0.8, 0.104, 0.316, 0.126, 0.784, 0.117, 0.321, 0.1, 0.802, 0.106, 0.316, 0.114, 0.79, 0.117, 0.312, 0.117, 0.784, 0.118, 0.32, 0.107, 0.795, 0.105, 0.32, 0.115, 0.786, 0.119, 0.313, 0.12, 0.779, 0.12, 0.31, 0.117, 0.788, 0.114, 0.322, 0.103, 0.801, 0.101]","[21.62099384714226, 22.20095693779904, 21.666200359919728, 20.851932309645683, 21.394180119815594, 20.561780537649188, 20.94561143322332, 21.88542504426981, 22.28045473508552, 22.266809194154114, 21.731060845390786, 21.278724692676036, 21.700755190472496, 21.200658793942377, 21.57193913009521, 21.49143247487838, 20.203678076670997, 21.677947223306013, 21.23173499787204, 21.734479955504213, 21.55840160531158, 21.42608412385494, 21.580415001467635, 21.524517553916894, 21.66714864083285, 20.14709093010612, 21.00403799451062, 21.840968020743304, 21.45589527405967, 20.752493692346317, 21.021846809954063, 20.80821759208372, 20.95035332043058, 21.228855732323844, 21.1243501894363, 21.527356309965008, 21.798061835977755, 20.913116752725188, 21.522318093828794, 20.777266577557544, 20.899299500199717, 21.90417109771949, 21.75175667393566, 21.52014652014652, 21.99867062071786, 21.14065766593071, 22.13684513927835, 20.44590114781886, 20.946130539404606, 22.080932220744096, 22.14217670874018, 21.413146210824394]","[2.335067335491364, 17.738564593301437, 2.209952436711812, 6.71432220370591, 2.3533598131797153, 16.28493018581816, 2.283071646221342, 7.047106864254879, 2.695935022945348, 17.412644789828516, 2.4990719972199407, 6.87302807573436, 2.17007551904725, 16.960527035153902, 2.243481669529902, 6.791292662061568, 2.545663437660546, 16.995510623071915, 2.4841129947510288, 6.976768065716852, 2.155840160531158, 17.183719467331663, 2.2875239901555693, 6.801747547037738, 2.4700549450549447, 15.916201834783836, 2.457472445357743, 6.814382022471911, 2.5103397470649815, 16.269955054799514, 2.4805779235745793, 6.658629629466791, 2.241687805286072, 16.876940307197458, 2.2180567698908114, 6.888754019188802, 2.506777111137442, 16.437709767641998, 2.5611558531656264, 6.503284438775511, 2.507915940023966, 17.063349285123483, 2.610210800872279, 6.671245421245421, 2.5738444626239896, 16.6588382407534, 2.523600345877732, 6.583580169597672, 2.1574514455586744, 17.68682670881602, 2.2363598475827584]",363.12852047939526,9.95327729256558
ADTC1_adz_raw_20260611_1919,2026-06-11 19:18:22.579,2026-06-11 19:18:32.604,"[Timestamp('2026-06-11 19:18:32.604000'), Timestamp('2026-06-11 19:18:32.735000'), Timestamp('2026-06-11 19:18:33.116000'), Timestamp('2026-06-11 19:18:33.246000'), Timestamp('2026-06-11 19:18:33.482000'), Timestamp('2026-06-11 19:18:33.566000'), Timestamp('2026-06-11 19:18:34.034000'), Timestamp('2026-06-11 19:18:34.117000'), Timestamp('2026-06-11 19:18:34.281000'), Timestamp('2026-06-11 19:18:34.368000'), Timestamp('2026-06-11 19:18:34.844000'), Timestamp('2026-06-11 19:18:34.927000'), Timestamp('2026-06-11 19:18:35.096000'), Timestamp('2026-06-11 19:18:35.177000'), Timestamp('2026-06-11 19:18:35.552000'), Timestamp('2026-06-11 19:18:35.636000'), Timestamp('2026-06-11 19:18:35.797000'), Timestamp('2026-06-11 19:18:35.884000'), Timestamp('2026-06-11 19:18:36.196000'), Timestamp('2026-06-11 19:18:36.277000'), Timestamp('2026-06-11 19:18:36.442000'), Timestamp('2026-06-11 19:18:36.526000'), Timestamp('2026-06-11 19:18:36.808000'), Timestamp('2026-06-11 19:18:36.889000'), Timestamp('2026-06-11 19:18:37.157000'), Timestamp('2026-06-11 19:18:37.931000'), Timestamp('2026-06-11 19:18:38.013000'), Timestamp('2026-06-11 19:18:38.386000'), Timestamp('2026-06-11 19:18:38.467000'), Timestamp('2026-06-11 19:18:40.001000'), Timestamp('2026-06-11 19:18:40.082000'), Timestamp('2026-06-11 19:18:40.408000'), Timestamp('2026-06-11 19:18:40.494000'), Timestamp('2026-06-11 19:18:40.658000'), Timestamp('2026-06-11 19:18:40.738000'), Timestamp('2026-06-11 19:18:41.098000'), Timestamp('2026-06-11 19:18:41.177000'), Timestamp('2026-06-11 19:18:41.341000'), Timestamp('2026-06-11 19:18:41.424000'), Timestamp('2026-06-11 19:18:41.784000'), Timestamp('2026-06-11 19:18:41.863000'), Timestamp('2026-06-11 19:18:42.028000'), Timestamp('2026-06-11 19:18:42.111000'), Timestamp('2026-06-11 19:18:42.510000'), Timestamp('2026-06-11 19:18:42.591000'), Timestamp('2026-06-11 19:18:42.756000'), Timestamp('2026-06-11 19:18:42.840000'), Timestamp('2026-06-11 19:18:43.239000'), Timestamp('2026-06-11 19:18:43.320000'), Timestamp('2026-06-11 19:18:43.481000'), Timestamp('2026-06-11 19:18:43.570000'), Timestamp('2026-06-11 19:18:43.925000'), Timestamp('2026-06-11 19:18:44.005000'), Timestamp('2026-06-11 19:18:44.251000'), Timestamp('2026-06-11 19:18:44.688000'), Timestamp('2026-06-11 19:18:45.001000'), Timestamp('2026-06-11 19:18:45.434000'), Timestamp('2026-06-11 19:18:45.755000'), Timestamp('2026-06-11 19:18:46.188000'), Timestamp('2026-06-11 19:18:46.506000'), Timestamp('2026-06-11 19:18:46.936000')]","[0.131, 0.381, 0.13, 0.236, 0.084, 0.468, 0.083, 0.164, 0.087, 0.476, 0.083, 0.169, 0.081, 0.375, 0.084, 0.161, 0.087, 0.312, 0.081, 0.165, 0.084, 0.282, 0.081, 0.268, 0.774, 0.082, 0.373, 0.081, 1.534, 0.081, 0.326, 0.086, 0.164, 0.08, 0.36, 0.079, 0.164, 0.083, 0.36, 0.079, 0.165, 0.083, 0.399, 0.081, 0.165, 0.084, 0.399, 0.081, 0.161, 0.089, 0.355, 0.08, 0.246, 0.437, 0.313, 0.433, 0.321, 0.433, 0.318, 0.43]","[20.166929844349198, 19.875394875394875, 19.70793486689067, 20.48951048951049, 19.740259740259738, 20.135135135135137, 20.135135135135137, 20.06711409395973, 19.93905670376259, 20.271195726612795, 20.20408163265306, 20.271195726612795, 33.07692307692308, 14.89026521936166, 21.957424019279692, 19.340176859810775, 12.669280114041339, 9.358430540827147, 21.028624037495817, 19.30994223915448, 13.318502185297476, 10.408945892816861, 22.67066681761576, 13.659977117412414, 18.646992534159743, 33.711472602739725, 17.04125615763547, 33.94465894465895, 25.580095051719322, 30.10204081632653, 26.10221539811363, 7.167094644167277, 103.86597938144321, 13.32258475115618, 17.01124961994527, 14.98950406717397, 16.82419094335108, 13.297583491718708, 16.79571173317451, 15.193736730360936, 16.46551724137931, 13.424931233150412, 28.695991671004684, 72.92865362485608, 31.027932174769575, 8.59483033719817, 30.63131662744012, 92.99719887955175, 31.000420344682638, 8.553967179834206, 29.931006493506494, 104.7468354430379, 30.27504105090312, 9.906431686046513, 29.249011857707508, 18.668279041644624, 7.758804569370053, 12.417153996101362, 7.845792704947634, 11.585016473284627, 8.098525603353073, 20.370370370370367, 15.169154910286263, 14.165474749697438]","[2.641867809609745, 7.5725254475254475, 2.562031532695787, 4.835524475524475, 1.6581818181818182, 9.423243243243245, 1.6712162162162165, 3.291006711409396, 1.7346979332273451, 9.64908916586769, 1.676938775510204, 3.425832077797563, 2.6792307692307697, 5.583849457260623, 1.8444236176194944, 3.113768474429535, 1.1022273699215963, 2.91983032873807, 1.7033185470371612, 3.1861404694604896, 1.1187541835649881, 2.9353227417743546, 1.8363240122268767, 3.660873867466527, 14.432772221439642, 2.7643407534246576, 6.35638854679803, 2.749517374517375, 39.23986580933744, 2.438265306122449, 8.509322219785043, 0.6163701393983858, 17.03402061855669, 1.0658067800924944, 6.124049863180297, 1.1841708213067437, 2.759167314709577, 1.1036994298126528, 6.0464562239428234, 1.2003052016985138, 2.716810344827586, 1.1142692923514843, 11.44970067673087, 5.907220943613343, 5.11960880883698, 0.7219657483246463, 12.22189533434861, 7.532773109243692, 4.9910676754939045, 0.7613030790052443, 10.625507305194805, 8.379746835443031, 7.447660098522167, 4.329110646802326, 9.15494071146245, 8.083364825032122, 2.490576266767787, 5.3766276803118895, 2.4949620801733476, 4.9815570835123895]",311.3514062156609,9.907695668796768
ADTC1_adz_raw_20260611_1924,2026-06-11 19:23:20.954,2026-06-11 19:23:30.985,"[Timestamp('2026-06-11 19:23:30.985000'), Timestamp('2026-06-11 19:23:31.126000'), Timestamp('2026-06-11 19:23:31.454000'), Timestamp('2026-06-11 19:23:31.595000'), Timestamp('2026-06-11 19:23:34.503000'), Timestamp('2026-06-11 19:23:34.744000'), Timestamp('2026-06-11 19:23:36.627000'), Timestamp('2026-06-11 19:23:38.239000'), Timestamp('2026-06-11 19:23:40.095000'), Timestamp('2026-06-11 19:23:40.254000'), Timestamp('2026-06-11 19:23:41.032000'), Timestamp('2026-06-11 19:23:41.955000'), Timestamp('2026-06-11 19:23:42.188000'), Timestamp('2026-06-11 19:23:45.643000'), Timestamp('2026-06-11 19:23:51.252000'), Timestamp('2026-06-11 19:23:51.402000'), Timestamp('2026-06-11 19:23:51.420000'), Timestamp('2026-06-11 19:23:53.987000')]","[0.141, 0.328, 0.141, 2.908, 0.241, 1.883, 1.612, 1.8559999999999999, 0.159, 0.778, 0.923, 0.233, 3.455, 5.609, 0.15, 0.018, 2.567]","[nan, nan, nan, nan, nan, nan, nan, nan, nan, nan, nan, nan, nan, nan, nan, nan, nan, nan, nan, nan, nan, nan]","[nan, nan, nan, nan, nan, nan, nan, nan, nan, nan, nan, nan, nan, nan, nan, nan, nan]",,9.920536404098504
ADTC1_adz_raw_20260611_1928,2026-06-11 19:27:20.442,2026-06-11 19:27:30.473,"[Timestamp('2026-06-11 19:27:30.473000'), Timestamp('2026-06-11 19:27:30.587000'), Timestamp('2026-06-11 19:27:30.943000'), Timestamp('2026-06-11 19:27:31.057000'), Timestamp('2026-06-11 19:27:31.289000'), Timestamp('2026-06-11 19:27:31.401000'), Timestamp('2026-06-11 19:27:32.191000'), Timestamp('2026-06-11 19:27:32.306000'), Timestamp('2026-06-11 19:27:32.500000'), Timestamp('2026-06-11 19:27:32.610000'), Timestamp('2026-06-11 19:27:33.406000'), Timestamp('2026-06-11 19:27:33.516000'), Timestamp('2026-06-11 19:27:33.710000'), Timestamp('2026-06-11 19:27:33.821000'), Timestamp('2026-06-11 19:27:34.615000'), Timestamp('2026-06-11 19:27:34.727000'), Timestamp('2026-06-11 19:27:34.921000'), Timestamp('2026-06-11 19:27:35.030000'), Timestamp('2026-06-11 19:27:35.823000'), Timestamp('2026-06-11 19:27:35.935000')]","[0.114, 0.356, 0.114, 0.232, 0.112, 0.79, 0.115, 0.194, 0.11, 0.796, 0.11, 0.194, 0.111, 0.794, 0.112, 0.194, 0.109, 0.793, 0.112]","[22.14293496023532, 22.380684922293426, 21.97772381731574, 21.608625719267287, 22.184511858139672, 21.857707509881422, 21.110751389608087, 22.17914438502674, 22.347656729912014, 22.180715355578414, 22.515692508355748, 22.720849326060012, 22.687166847750788, 21.832327723086696, 22.80252922597836, 21.28426640099123, 22.54559790450677, 22.18538694213496, 22.63421333188775, 22.10190136660725]","[2.5242945854668264, 7.967523832336459, 2.505460515173995, 5.013201166870011, 2.4846653281116433, 17.267588932806323, 2.42773640980493, 4.302754010695187, 2.4582422402903217, 17.65584942304042, 2.4767261759191324, 4.407844769255642, 2.5182755201003375, 17.334868212130836, 2.5538832733095767, 4.129147681792299, 2.457470171591238, 17.593011845113026, 2.535031893171428]",120.61357598697964,9.917929825780858
ADTC1_adz_raw_20260611_1939,2026-06-11 19:38:13.542,2026-06-11 19:38:23.586,"[Timestamp('2026-06-11 19:38:23.586000'), Timestamp('2026-06-11 19:38:23.692000'), Timestamp('2026-06-11 19:38:24.281000'), Timestamp('2026-06-11 19:38:24.398000'), Timestamp('2026-06-11 19:38:25.015000'), Timestamp('2026-06-11 19:38:25.136000'), Timestamp('2026-06-11 19:38:25.722000'), Timestamp('2026-06-11 19:38:25.827000')]","[0.106, 0.589, 0.117, 0.617, 0.121, 0.586, 0.105]","[22.492140462558872, 21.97772381731574, 22.575679161861324, 22.392570220261803, 22.215390208030037, 22.813688212927755, 22.343511448186455, 22.463518793018338]","[2.38416688903124, 12.94487932839897, 2.641354461937775, 13.816215825901532, 2.6880622151716342, 13.368821292775664, 2.346068702059578]",50.18956871527639,9.93535317424852
ADTC1_adz_raw_20260611_1943,2026-06-11 19:41:46.579,2026-06-11 19:41:56.592,"[Timestamp('2026-06-11 19:41:56.592000'), Timestamp('2026-06-11 19:41:56.710000'), Timestamp('2026-06-11 19:41:57.072000'), Timestamp('2026-06-11 19:41:57.180000')]","[0.118, 0.362, 0.108]","[20.52950111269413, 21.735393639975232, 22.828659199811856, 22.04227249290671]","[2.4224811312979075, 7.868212497671034, 2.4654951935796805]",12.756188822548623,9.90670261520663
ADTC1_adz_raw_20260611_1946,2026-06-11 19:45:28.640,2026-06-11 19:45:38.659,"[Timestamp('2026-06-11 19:45:38.659000'), Timestamp('2026-06-11 19:45:38.783000'), Timestamp('2026-06-11 19:45:39.305000'), Timestamp('2026-06-11 19:45:39.423000'), Timestamp('2026-06-11 19:45:39.705000'), Timestamp('2026-06-11 19:45:39.788000'), Timestamp('2026-06-11 19:45:40.357000'), Timestamp('2026-06-11 19:45:40.443000'), Timestamp('2026-06-11 19:45:40.745000'), Timestamp('2026-06-11 19:45:40.833000'), Timestamp('2026-06-11 19:45:41.410000'), Timestamp('2026-06-11 19:45:41.495000'), Timestamp('2026-06-11 19:45:41.803000'), Timestamp('2026-06-11 19:45:42.222000'), Timestamp('2026-06-11 19:45:42.528000'), Timestamp('2026-06-11 19:45:42.945000')]","[0.124, 0.522, 0.118, 0.282, 0.083, 0.569, 0.086, 0.302, 0.088, 0.577, 0.085, 0.308, 0.419, 0.306, 0.417]","[21.46519749004895, 21.38605753060061, 21.737399301388187, 21.047788486194918, 21.167381190317208, 21.00100497427858, 21.397243107769427, 20.946010652012173, 20.51714382192694, 21.043171121122448, 20.66274403992685, 20.271579523808846, 20.44941039765881, 20.54171503554717, 19.826689364921734, 20.483711454983688]","[2.66168448876607, 11.16352203097352, 2.565013117563806, 5.935476353106966, 1.7568926387963284, 11.94957183036451, 1.8401629072681704, 6.325695216907676, 1.8055086563295706, 12.141909736887651, 1.7563332433937824, 6.243646493333125, 8.568302956619041, 6.285764800877434, 8.267729465172362]",89.26721393636002,9.901511194437438
ADTC1_adz_raw_20260611_1951,2026-06-11 19:49:56.474,2026-06-11 19:50:06.553,"[Timestamp('2026-06-11 19:50:06.553000'), Timestamp('2026-06-11 19:50:06.703000'), Timestamp('2026-06-11 19:50:07.256000'), Timestamp('2026-06-11 19:50:07.401000'), Timestamp('2026-06-11 19:50:07.567000'), Timestamp('2026-06-11 19:50:07.714000'), Timestamp('2026-06-11 19:50:08.504000'), Timestamp('2026-06-11 19:50:08.656000'), Timestamp('2026-06-11 19:50:09.460000'), Timestamp('2026-06-11 19:50:09.599000'), Timestamp('2026-06-11 19:50:10.411000'), Timestamp('2026-06-11 19:50:10.565000'), Timestamp('2026-06-11 19:50:11.375000'), Timestamp('2026-06-11 19:50:11.543000'), Timestamp('2026-06-11 19:50:12.363000'), Timestamp('2026-06-11 19:50:12.522000'), Timestamp('2026-06-11 19:50:13.368000'), Timestamp('2026-06-11 19:50:13.521000'), Timestamp('2026-06-11 19:50:14.379000'), Timestamp('2026-06-11 19:50:14.538000'), Timestamp('2026-06-11 19:50:15.411000'), Timestamp('2026-06-11 19:50:15.575000'), Timestamp('2026-06-11 19:50:15.759000'), Timestamp('2026-06-11 19:50:15.925000'), Timestamp('2026-06-11 19:50:16.550000'), Timestamp('2026-06-11 19:50:16.715000')]","[0.15, 0.553, 0.145, 0.166, 0.147, 0.79, 0.152, 0.804, 0.139, 0.812, 0.154, 0.81, 0.168, 0.82, 0.159, 0.846, 0.153, 0.858, 0.159, 0.873, 0.164, 0.184, 0.166, 0.625, 0.165]","[nan, nan, nan, nan, nan, nan, nan, nan, nan, nan, nan, nan, nan, nan, nan, nan, nan, nan, nan, nan, nan, nan, nan, nan, nan, nan, nan]","[nan, nan, nan, nan, nan, nan, nan, nan, nan, nan, nan, nan, nan, nan, nan, nan, nan, nan, nan, nan, nan, nan, nan, nan, nan]",,9.969195691766254
ADTC1_adz_raw_20260611_1958,2026-06-11 19:56:38.438,2026-06-11 19:56:48.528,"[Timestamp('2026-06-11 19:56:48.528000'), Timestamp('2026-06-11 19:56:48.635000'), Timestamp('2026-06-11 19:56:49.422000'), Timestamp('2026-06-11 19:56:49.531000'), Timestamp('2026-06-11 19:56:49.844000'), Timestamp('2026-06-11 19:56:49.947000'), Timestamp('2026-06-11 19:56:50.743000'), Timestamp('2026-06-11 19:56:50.842000'), Timestamp('2026-06-11 19:56:51.155000'), Timestamp('2026-06-11 19:56:51.273000'), Timestamp('2026-06-11 19:56:52.051000'), Timestamp('2026-06-11 19:56:52.166000'), Timestamp('2026-06-11 19:56:52.479000'), Timestamp('2026-06-11 19:56:52.583000'), Timestamp('2026-06-11 19:56:53.370000'), Timestamp('2026-06-11 19:56:53.474000'), Timestamp('2026-06-11 19:56:53.787000'), Timestamp('2026-06-11 19:56:53.906000'), Timestamp('2026-06-11 19:56:54.679000'), Timestamp('2026-06-11 19:56:54.798000'), Timestamp('2026-06-11 19:56:55.114000'), Timestamp('2026-06-11 19:56:55.217000'), Timestamp('2026-06-11 19:56:56.004000'), Timestamp('2026-06-11 19:56:56.107000'), Timestamp('2026-06-11 19:56:56.424000'), Timestamp('2026-06-11 19:56:56.538000'), Timestamp('2026-06-11 19:56:57.316000'), Timestamp('2026-06-11 19:56:57.432000'), Timestamp('2026-06-11 19:56:57.742000'), Timestamp('2026-06-11 19:56:57.859000'), Timestamp('2026-06-11 19:56:58.634000'), Timestamp('2026-06-11 19:56:58.743000'), Timestamp('2026-06-11 19:56:59.063000'), Timestamp('2026-06-11 19:56:59.167000'), Timestamp('2026-06-11 19:56:59.951000'), Timestamp('2026-06-11 19:57:00.055000'), Timestamp('2026-06-11 19:57:00.369000'), Timestamp('2026-06-11 19:57:00.485000'), Timestamp('2026-06-11 19:57:01.262000'), Timestamp('2026-06-11 19:57:01.377000'), Timestamp('2026-06-11 19:57:01.681000'), Timestamp('2026-06-11 19:57:01.798000'), Timestamp('2026-06-11 19:57:02.578000'), Timestamp('2026-06-11 19:57:02.694000'), Timestamp('2026-06-11 19:57:02.995000'), Timestamp('2026-06-11 19:57:03.112000'), Timestamp('2026-06-11 19:57:03.882000'), Timestamp('2026-06-11 19:57:04.009000'), Timestamp('2026-06-11 19:57:04.325000'), Timestamp('2026-06-11 19:57:04.424000'), Timestamp('2026-06-11 19:57:05.214000'), Timestamp('2026-06-11 19:57:05.316000')]","[0.107, 0.787, 0.109, 0.313, 0.103, 0.796, 0.099, 0.313, 0.118, 0.778, 0.115, 0.313, 0.104, 0.787, 0.104, 0.313, 0.119, 0.773, 0.119, 0.316, 0.103, 0.787, 0.103, 0.317, 0.114, 0.778, 0.116, 0.31, 0.117, 0.775, 0.109, 0.32, 0.104, 0.784, 0.104, 0.314, 0.116, 0.777, 0.115, 0.304, 0.117, 0.78, 0.116, 0.301, 0.117, 0.77, 0.127, 0.316, 0.099, 0.79, 0.102]","[21.757410132436412, 21.79031528574138, 21.77611121273093, 22.032656097311957, 21.66324046816647, 21.393752233168293, 21.455373894398292, 20.90592334494774, 21.45393868008709, 21.193677005045696, 21.359740886778788, 21.27804154037356, 20.653398092422485, 20.67562651293605, 20.556084531773614, 21.15885419930251, 20.937095773587473, 20.774063000211413, 20.162750462702178, 21.056580171907022, 20.50122491400856, 21.148856686951724, 20.976372721863903, 20.874235310855028, 21.08413974085616, 21.193752080684327, 20.275925475815576, 21.5039199098436, 21.39633364907784, 20.921482108317218, 21.63699377608368, 19.3573199141964, 20.67967900105634, 21.301385952548745, 20.725634883409278, 19.80320493364926, 20.630737395955165, 20.01126925163822, 19.501483032138424, 21.441758605542425, 20.37040920099391, 20.42606516290727, 19.89219266214571, 20.609992723744845, 19.292881269557164, 20.234052874120792, 20.087153624967215, 19.777368074086915, 20.55954558890496, 19.790356087427217, 20.528949471685255, 20.10631904346065]","[2.328042884170696, 17.148978129878465, 2.3735961221876716, 6.896221358458643, 2.2313137682211464, 17.029426777601962, 2.124082015545431, 6.543554006968643, 2.5315647642502768, 16.488680709925553, 2.456370201979561, 6.660027002136925, 2.147953401611938, 16.27171806568067, 2.1378327913044557, 6.622721364381686, 2.491514397056909, 16.058350699163423, 2.399367305061559, 6.653879334322619, 2.1116261661428815, 16.644150212631008, 2.160566390351982, 6.617132593541044, 2.403591930457602, 16.488739118772408, 2.352007355194607, 6.6662151720515155, 2.503371036942107, 16.214148633945843, 2.358432321593121, 6.194342372542848, 2.150686616109859, 16.700286586798217, 2.155466027874565, 6.218206349165867, 2.3931655379307992, 15.548756208522896, 2.242670548695919, 6.518294616084897, 2.3833378765162876, 15.932330827067672, 2.3074943488089024, 6.203607809847198, 2.2572671085381883, 15.58022071307301, 2.551068510370836, 6.249648311411465, 2.0353950133015912, 15.634381309067502, 2.093952846111896]",349.46575556937285,9.984061648154675
ADTC1_adz_raw_20260611_2000,2026-06-11 19:59:34.925,2026-06-11 19:59:45.038,"[Timestamp('2026-06-11 19:59:45.038000'), Timestamp('2026-06-11 19:59:45.515000'), Timestamp('2026-06-11 19:59:45.980000'), Timestamp('2026-06-11 19:59:46.449000'), Timestamp('2026-06-11 19:59:46.815000'), Timestamp('2026-06-11 19:59:47.296000'), Timestamp('2026-06-11 19:59:47.758000'), Timestamp('2026-06-11 19:59:48.235000')]","[0.477, 0.465, 0.469, 0.366, 0.481, 0.462, 0.477]","[20.80028839221341, 16.012909632571997, 9.451427053412807, 10.706415441664529, 25.623612380828, 12.441149470949178, 15.932253641181484, 20.174962701749628, 20.166929844349198]","[9.921737563085797, 7.446002979145979, 4.432719288050606, 3.9185480516492173, 12.324957555178267, 5.74781105557852, 7.599684986843568]",51.391461479531955,9.907548087903796
ADTC1_adz_raw_20260611_2009,2026-06-11 20:07:28.109,2026-06-11 20:07:38.160,"[Timestamp('2026-06-11 20:07:38.160000'), Timestamp('2026-06-11 20:07:38.276000'), Timestamp('2026-06-11 20:07:38.631000'), Timestamp('2026-06-11 20:07:38.743000'), Timestamp('2026-06-11 20:07:39.585000'), Timestamp('2026-06-11 20:07:45.614000'), Timestamp('2026-06-11 20:07:45.688000'), Timestamp('2026-06-11 20:07:46.230000'), Timestamp('2026-06-11 20:07:46.767000'), Timestamp('2026-06-11 20:07:46.942000'), Timestamp('2026-06-11 20:07:47.019000'), Timestamp('2026-06-11 20:07:47.484000'), Timestamp('2026-06-11 20:07:47.557000'), Timestamp('2026-06-11 20:07:48.023000'), Timestamp('2026-06-11 20:07:48.098000'), Timestamp('2026-06-11 20:07:48.273000'), Timestamp('2026-06-11 20:07:48.347000'), Timestamp('2026-06-11 20:07:48.811000'), Timestamp('2026-06-11 20:07:48.885000'), Timestamp('2026-06-11 20:07:49.350000'), Timestamp('2026-06-11 20:07:49.424000'), Timestamp('2026-06-11 20:07:49.597000'), Timestamp('2026-06-11 20:07:49.675000'), Timestamp('2026-06-11 20:07:50.214000'), Timestamp('2026-06-11 20:07:50.753000'), Timestamp('2026-06-11 20:07:51'), Timestamp('2026-06-11 20:07:51.463000'), Timestamp('2026-06-11 20:07:52.326000'), Timestamp('2026-06-11 20:07:52.791000'), Timestamp('2026-06-11 20:07:53.652000'), Timestamp('2026-06-11 20:07:54.196000'), Timestamp('2026-06-11 20:07:54.723000'), Timestamp('2026-06-11 20:07:54.903000'), Timestamp('2026-06-11 20:07:54.977000'), Timestamp('2026-06-11 20:07:55.442000'), Timestamp('2026-06-11 20:07:55.513000'), Timestamp('2026-06-11 20:07:56.053000'), Timestamp('2026-06-11 20:07:56.302000'), Timestamp('2026-06-11 20:07:56.766000'), Timestamp('2026-06-11 20:07:56.842000'), Timestamp('2026-06-11 20:07:57.381000')]","[0.116, 0.355, 0.112, 0.842, 6.029, 0.074, 0.542, 0.537, 0.175, 0.077, 0.465, 0.073, 0.466, 0.075, 0.175, 0.074, 0.464, 0.074, 0.465, 0.074, 0.173, 0.078, 0.539, 0.539, 0.247, 0.463, 0.863, 0.465, 0.861, 0.544, 0.527, 0.18, 0.074, 0.465, 0.071, 0.54, 0.249, 0.464, 0.076, 0.539]","[nan, nan, nan, nan, nan, nan, nan, nan, nan, nan, nan, nan, nan, nan, nan, nan, nan, nan, nan, nan, nan, nan, nan, nan, nan, nan, nan, nan, nan, nan, nan, nan, nan, nan, nan, nan, nan, nan, nan, nan, nan, nan, nan, nan, nan, nan, nan, nan, nan, nan, nan, nan]","[nan, nan, nan, nan, nan, nan, nan, nan, nan, nan, nan, nan, nan, nan, nan, nan, nan, nan, nan, nan, nan, nan, nan, nan, nan, nan, nan, nan, nan, nan, nan, nan, nan, nan, nan, nan, nan, nan, nan, nan]",,9.948292315743586
ADTC1_adz_raw_20260611_2017,2026-06-11 20:15:20.902,2026-06-11 20:15:30.964,"[Timestamp('2026-06-11 20:15:30.964000'), Timestamp('2026-06-11 20:15:31.114000'), Timestamp('2026-06-11 20:15:31.570000'), Timestamp('2026-06-11 20:15:31.717000'), Timestamp('2026-06-11 20:15:32.013000'), Timestamp('2026-06-11 20:15:32.112000'), Timestamp('2026-06-11 20:15:32.930000'), Timestamp('2026-06-11 20:15:33.753000'), Timestamp('2026-06-11 20:15:34.090000'), Timestamp('2026-06-11 20:15:34.900000'), Timestamp('2026-06-11 20:15:35.618000'), Timestamp('2026-06-11 20:15:35.710000'), Timestamp('2026-06-11 20:15:35.948000'), Timestamp('2026-06-11 20:15:36.046000'), Timestamp('2026-06-11 20:15:36.764000'), Timestamp('2026-06-11 20:15:36.850000'), Timestamp('2026-06-11 20:15:37.560000'), Timestamp('2026-06-11 20:15:37.653000'), Timestamp('2026-06-11 20:15:37.981000'), Timestamp('2026-06-11 20:15:38.685000'), Timestamp('2026-06-11 20:15:38.781000'), Timestamp('2026-06-11 20:15:39.479000'), Timestamp('2026-06-11 20:15:39.574000'), Timestamp('2026-06-11 20:15:39.806000'), Timestamp('2026-06-11 20:15:39.901000'), Timestamp('2026-06-11 20:15:40.589000'), Timestamp('2026-06-11 20:15:40.687000'), Timestamp('2026-06-11 20:15:41.380000'), Timestamp('2026-06-11 20:15:41.471000'), Timestamp('2026-06-11 20:15:41.795000'), Timestamp('2026-06-11 20:15:42.572000'), Timestamp('2026-06-11 20:15:43.254000'), Timestamp('2026-06-11 20:15:43.345000'), Timestamp('2026-06-11 20:15:43.663000'), Timestamp('2026-06-11 20:15:44.431000'), Timestamp('2026-06-11 20:15:45.195000'), Timestamp('2026-06-11 20:15:45.511000'), Timestamp('2026-06-11 20:15:46.268000'), Timestamp('2026-06-11 20:15:47.246000'), Timestamp('2026-06-11 20:15:47.333000'), Timestamp('2026-06-11 20:15:47.993000'), Timestamp('2026-06-11 20:15:48.084000'), Timestamp('2026-06-11 20:15:48.739000'), Timestamp('2026-06-11 20:15:48.828000'), Timestamp('2026-06-11 20:15:49.043000'), Timestamp('2026-06-11 20:15:49.132000'), Timestamp('2026-06-11 20:15:49.786000'), Timestamp('2026-06-11 20:15:49.880000'), Timestamp('2026-06-11 20:15:50.526000'), Timestamp('2026-06-11 20:15:50.611000'), Timestamp('2026-06-11 20:15:50.831000'), Timestamp('2026-06-11 20:15:50.917000'), Timestamp('2026-06-11 20:15:51.651000'), Timestamp('2026-06-11 20:15:52.293000'), Timestamp('2026-06-11 20:15:52.376000'), Timestamp('2026-06-11 20:15:52.679000'), Timestamp('2026-06-11 20:15:53.406000'), Timestamp('2026-06-11 20:15:54.041000'), Timestamp('2026-06-11 20:15:54.129000'), Timestamp('2026-06-11 20:15:55.147000'), Timestamp('2026-06-11 20:15:55.780000'), Timestamp('2026-06-11 20:15:55.866000'), Timestamp('2026-06-11 20:15:56.156000'), Timestamp('2026-06-11 20:15:56.876000'), Timestamp('2026-06-11 20:15:57.592000'), Timestamp('2026-06-11 20:15:57.801000'), Timestamp('2026-06-11 20:15:57.891000'), Timestamp('2026-06-11 20:15:58.607000'), Timestamp('2026-06-11 20:15:59.323000'), Timestamp('2026-06-11 20:15:59.533000'), Timestamp('2026-06-11 20:16:00.253000'), Timestamp('2026-06-11 20:16:00.335000'), Timestamp('2026-06-11 20:16:00.972000'), Timestamp('2026-06-11 20:16:01.057000'), Timestamp('2026-06-11 20:16:01.265000'), Timestamp('2026-06-11 20:16:01.348000'), Timestamp('2026-06-11 20:16:02.072000'), Timestamp('2026-06-11 20:16:02.709000'), Timestamp('2026-06-11 20:16:02.792000'), Timestamp('2026-06-11 20:16:03.007000'), Timestamp('2026-06-11 20:16:03.092000'), Timestamp('2026-06-11 20:16:03.730000'), Timestamp('2026-06-11 20:16:03.817000'), Timestamp('2026-06-11 20:16:04.542000'), Timestamp('2026-06-11 20:16:04.756000'), Timestamp('2026-06-11 20:16:04.841000'), Timestamp('2026-06-11 20:16:05.484000'), Timestamp('2026-06-11 20:16:05.570000'), Timestamp('2026-06-11 20:16:06.214000'), Timestamp('2026-06-11 20:16:06.297000'), Timestamp('2026-06-11 20:16:06.599000'), Timestamp('2026-06-11 20:16:07.244000'), Timestamp('2026-06-11 20:16:07.331000'), Timestamp('2026-06-11 20:16:07.977000'), Timestamp('2026-06-11 20:16:08.066000')]","[0.15, 0.456, 0.147, 0.296, 0.099, 0.818, 0.823, 0.337, 0.81, 0.718, 0.092, 0.238, 0.098, 0.718, 0.086, 0.71, 0.093, 0.328, 0.704, 0.096, 0.698, 0.095, 0.232, 0.095, 0.688, 0.098, 0.693, 0.091, 0.324, 0.777, 0.682, 0.091, 0.318, 0.768, 0.764, 0.316, 0.757, 0.978, 0.087, 0.66, 0.091, 0.655, 0.089, 0.215, 0.089, 0.654, 0.094, 0.646, 0.085, 0.22, 0.086, 0.734, 0.642, 0.083, 0.303, 0.727, 0.635, 0.088, 1.018, 0.633, 0.086, 0.29, 0.72, 0.716, 0.209, 0.09, 0.716, 0.716, 0.21, 0.72, 0.082, 0.637, 0.085, 0.208, 0.083, 0.724, 0.637, 0.083, 0.215, 0.085, 0.638, 0.087, 0.725, 0.214, 0.085, 0.643, 0.086, 0.644, 0.083, 0.302, 0.645, 0.087, 0.646, 0.089]","[nan, nan, nan, nan, nan, nan, nan, nan, nan, nan, nan, nan, nan, nan, nan, nan, nan, nan, nan, nan, nan, nan, nan, nan, nan, nan, nan, nan, nan, nan, nan, nan, nan, nan, nan, nan, nan, nan, nan, nan, nan, nan, nan, nan, nan, nan, nan, nan, nan, nan, nan, nan, nan, nan, nan, nan, nan, nan, nan, nan, nan, nan, nan, nan, nan, nan, nan, nan, nan, nan, nan, nan, nan, nan, nan, nan, nan, nan, nan, nan, nan, nan, nan, nan, nan, nan, nan, nan, nan, nan, nan, nan, nan, nan, nan, nan, nan, nan, nan, nan, nan, nan, nan]","[nan, nan, nan, nan, nan, nan, nan, nan, nan, nan, nan, nan, nan, nan, nan, nan, nan, nan, nan, nan, nan, nan, nan, nan, nan, nan, nan, nan, nan, nan, nan, nan, nan, nan, nan, nan, nan, nan, nan, nan, nan, nan, nan, nan, nan, nan, nan, nan, nan, nan, nan, nan, nan, nan, nan, nan, nan, nan, nan, nan, nan, nan, nan, nan, nan, nan, nan, nan, nan, nan, nan, nan, nan, nan, nan, nan, nan, nan, nan, nan, nan, nan, nan, nan, nan, nan, nan, nan, nan, nan, nan, nan, nan, nan]",,9.937927671984834
ADTC1_adz_raw_20260611_2020,2026-06-11 20:19:11.008,2026-06-11 20:19:21.052,"[Timestamp('2026-06-11 20:19:21.052000'), Timestamp('2026-06-11 20:19:21.169000'), Timestamp('2026-06-11 20:19:21.522000'), Timestamp('2026-06-11 20:19:21.641000'), Timestamp('2026-06-11 20:19:28.872000')]","[0.117, 0.353, 0.119, 7.231]","[21.72593206729294, 21.265340668641553, 21.502542886505573, 21.406217678813316, 13.610057670594077, 30.26691359382927, 31.619019907373726, 22.416526052052976, 21.36601076155689, 20.242343940332955, 13.647246608140463, 30.31243594623876, 14.053667695188434, 23.48881326202801, 37.50689464975179, 31.081353915999586, 23.135715761206367, 30.797101449275363, 20.108569376676595, 21.143824622353172, 30.855855855855854, 30.913978494623656, 14.341639689829105, 24.638014249597795, 14.849170751577265, 22.943188295648866, 24.091850178806702, 15.345361764169859, 14.35495898583147, 2.9885330537608876, 7.234581298607344, -0.4057988657921676, 7.158025776215583, 27.136267812138406, 28.301886792452834, 31.490490933215398]","[2.5419340518732745, 7.506665256030468, 2.558802603494163, 154.7883600354991]",167.395761946897,9.941173199447084
ADTC1_adz_raw_20260611_2025,2026-06-11 20:23:48.198,2026-06-11 20:23:58.228,"[Timestamp('2026-06-11 20:23:58.228000'), Timestamp('2026-06-11 20:23:58.348000'), Timestamp('2026-06-11 20:23:58.705000'), Timestamp('2026-06-11 20:23:58.823000'), Timestamp('2026-06-11 20:23:59.054000'), Timestamp('2026-06-11 20:23:59.171000'), Timestamp('2026-06-11 20:23:59.965000'), Timestamp('2026-06-11 20:24:00.078000'), Timestamp('2026-06-11 20:24:00.282000'), Timestamp('2026-06-11 20:24:00.387000'), Timestamp('2026-06-11 20:24:01.193000'), Timestamp('2026-06-11 20:24:01.303000'), Timestamp('2026-06-11 20:24:01.503000'), Timestamp('2026-06-11 20:24:01.613000'), Timestamp('2026-06-11 20:24:02.416000'), Timestamp('2026-06-11 20:24:02.529000'), Timestamp('2026-06-11 20:24:02.723000'), Timestamp('2026-06-11 20:24:02.834000'), Timestamp('2026-06-11 20:24:03.642000'), Timestamp('2026-06-11 20:24:03.750000')]","[0.12, 0.357, 0.118, 0.231, 0.117, 0.794, 0.113, 0.204, 0.105, 0.806, 0.11, 0.2, 0.11, 0.803, 0.113, 0.194, 0.111, 0.808, 0.108]","[21.389337148624442, 21.740272015963868, 21.85727647949639, 21.541458225518944, 21.970397779833483, 21.815662023195724, 20.993616901090206, 20.26106387617179, 21.066742203686665, 21.158904533498372, 22.548441700772667, 20.246358593173554, 22.426188832148362, 21.39093203907447, 20.724886101584453, 21.271806512042957, 21.232400015365737, 20.68755966949367, 21.24753370428111, 19.996716109790317]","[2.5667204578349327, 7.7612771096991, 2.579158624580574, 4.976076850094876, 2.570536540240518, 17.321635646417405, 2.372278709823193, 4.133257030739045, 2.2120079313870997, 17.054077053999688, 2.4803285870849936, 4.049271718634711, 2.46688077153632, 17.1769184273768, 2.3419121294790433, 4.126730463336334, 2.356796401705597, 16.715548212950885, 2.29473364006236]",117.55614630698349,9.918284379099312
ADTC1_adz_raw_20260611_2030,2026-06-11 20:28:36.205,2026-06-11 20:28:46.228,"[Timestamp('2026-06-11 20:28:46.228000'), Timestamp('2026-06-11 20:28:46.364000'), Timestamp('2026-06-11 20:28:46.674000'), Timestamp('2026-06-11 20:28:46.812000'), Timestamp('2026-06-11 20:28:47.050000'), Timestamp('2026-06-11 20:28:47.128000'), Timestamp('2026-06-11 20:28:47.541000'), Timestamp('2026-06-11 20:28:47.619000'), Timestamp('2026-06-11 20:28:47.794000'), Timestamp('2026-06-11 20:28:47.870000'), Timestamp('2026-06-11 20:28:48.286000'), Timestamp('2026-06-11 20:28:48.364000'), Timestamp('2026-06-11 20:28:48.539000'), Timestamp('2026-06-11 20:28:48.614000'), Timestamp('2026-06-11 20:28:49.034000'), Timestamp('2026-06-11 20:28:49.113000'), Timestamp('2026-06-11 20:28:49.288000'), Timestamp('2026-06-11 20:28:49.366000'), Timestamp('2026-06-11 20:28:49.886000'), Timestamp('2026-06-11 20:28:50.061000'), Timestamp('2026-06-11 20:28:50.139000'), Timestamp('2026-06-11 20:28:50.581000'), Timestamp('2026-06-11 20:28:50.660000'), Timestamp('2026-06-11 20:28:50.831000'), Timestamp('2026-06-11 20:28:50.910000'), Timestamp('2026-06-11 20:28:51.354000'), Timestamp('2026-06-11 20:28:51.426000'), Timestamp('2026-06-11 20:28:51.606000'), Timestamp('2026-06-11 20:28:51.682000'), Timestamp('2026-06-11 20:28:52.100000'), Timestamp('2026-06-11 20:28:52.178000'), Timestamp('2026-06-11 20:28:52.352000'), Timestamp('2026-06-11 20:28:52.429000'), Timestamp('2026-06-11 20:28:52.874000'), Timestamp('2026-06-11 20:28:52.953000'), Timestamp('2026-06-11 20:28:53.128000'), Timestamp('2026-06-11 20:28:53.208000'), Timestamp('2026-06-11 20:28:53.657000'), Timestamp('2026-06-11 20:28:53.735000'), Timestamp('2026-06-11 20:28:53.909000'), Timestamp('2026-06-11 20:28:53.986000'), Timestamp('2026-06-11 20:28:54.432000'), Timestamp('2026-06-11 20:28:54.508000'), Timestamp('2026-06-11 20:28:54.684000'), Timestamp('2026-06-11 20:28:54.761000'), Timestamp('2026-06-11 20:28:55.201000'), Timestamp('2026-06-11 20:28:55.284000'), Timestamp('2026-06-11 20:28:55.458000'), Timestamp('2026-06-11 20:28:55.535000'), Timestamp('2026-06-11 20:28:55.981000'), Timestamp('2026-06-11 20:28:56.058000'), Timestamp('2026-06-11 20:28:56.235000'), Timestamp('2026-06-11 20:28:56.311000'), Timestamp('2026-06-11 20:28:56.761000'), Timestamp('2026-06-11 20:28:56.836000'), Timestamp('2026-06-11 20:28:57.012000'), Timestamp('2026-06-11 20:28:57.091000'), Timestamp('2026-06-11 20:28:57.541000'), Timestamp('2026-06-11 20:28:57.619000'), Timestamp('2026-06-11 20:28:57.795000'), Timestamp('2026-06-11 20:28:57.874000'), Timestamp('2026-06-11 20:28:58.325000'), Timestamp('2026-06-11 20:28:58.402000'), Timestamp('2026-06-11 20:28:58.576000'), Timestamp('2026-06-11 20:28:58.656000'), Timestamp('2026-06-11 20:28:59.104000'), Timestamp('2026-06-11 20:28:59.182000'), Timestamp('2026-06-11 20:28:59.360000'), Timestamp('2026-06-11 20:28:59.436000'), Timestamp('2026-06-11 20:28:59.853000'), Timestamp('2026-06-11 20:28:59.930000'), Timestamp('2026-06-11 20:29:00.108000'), Timestamp('2026-06-11 20:29:00.185000'), Timestamp('2026-06-11 20:29:00.604000'), Timestamp('2026-06-11 20:29:00.683000')]","[0.136, 0.31, 0.138, 0.238, 0.078, 0.413, 0.078, 0.175, 0.076, 0.416, 0.078, 0.175, 0.075, 0.42, 0.079, 0.175, 0.078, 0.52, 0.175, 0.078, 0.442, 0.079, 0.171, 0.079, 0.444, 0.072, 0.18, 0.076, 0.418, 0.078, 0.174, 0.077, 0.445, 0.079, 0.175, 0.08, 0.449, 0.078, 0.174, 0.077, 0.446, 0.076, 0.176, 0.077, 0.44, 0.083, 0.174, 0.077, 0.446, 0.077, 0.177, 0.076, 0.45, 0.075, 0.176, 0.079, 0.45, 0.078, 0.176, 0.079, 0.451, 0.077, 0.174, 0.08, 0.448, 0.078, 0.178, 0.076, 0.417, 0.077, 0.178, 0.077, 0.419, 0.079]","[21.822525546048546, 21.195496032584835, 21.51149016820659, 21.739130434782602, 22.151736884524553, 22.22703990947643, 22.38805970149254, 22.142302142302142, 21.902420792363866, 22.063536142958526, 22.234990667358147, 22.46682570083615, 22.073434839392284, 21.584955813597006, 21.673298701612858, 22.32512363239273, 21.769323671497588, 22.27114349065569, 22.288018260739413, 22.64963598956845, 22.723575510665988, 22.8473048809567, 22.5989069418143, 22.341747899473816, 22.131680112621154, 22.024152534621223, 22.013359461684388, 22.024152534621223, 22.460450247232643, 22.277570654895676, 22.485506017005143, 22.677568447622605, 22.664396893570434, 22.923719677786345, 22.643068855449155, 23.003283760312634, 22.2624654864382, 22.317566712159348, 22.57990792796227, 22.134609576470048, 23.039646989814962, 22.386248736097066, 22.815264473547007, 22.679733743641457, 23.673541336153708, 22.60691696904253, 22.52087740172748, 22.880188998786423, 23.29551025501609, 23.60271859657886, 22.71787763114864, 23.3591720833838, 23.09464728819568, 23.079600835460663, 22.8486452920221, 23.616137960400252, 23.119273593820616, 23.367330645483207, 23.184308232795168, 23.367330645483207, 23.67887794024158, 23.648761443487587, 23.426785917481116, 23.77938517179023, 23.39587290180176, 23.352937155339944, 23.17379702795141, 24.117213427621557, 24.029562636663123, 24.0073619070845, 24.20084387931184, 24.341786897880787, 23.897303016426953, 23.79566439181051, 24.271088158013953, 23.74508767874245]","[2.9678634742626024, 6.5706037701012985, 2.9685856432125095, 5.173913043478259, 1.7278354769929152, 9.179767482613766, 1.746268656716418, 3.8749028749028747, 1.6645839802196538, 9.178431035470746, 1.7343292720539354, 3.931694497646326, 1.6555076129544213, 9.065681441710742, 1.7121905974274159, 3.9068966356687276, 1.6980072463768119, 11.580994615140959, 3.900403195629397, 1.766671607186339, 10.043820375714366, 1.8049370855955793, 3.8644130870502456, 1.7649980840584314, 9.826465970003794, 1.585738982492728, 3.9624047031031897, 1.673835592631213, 9.388468203343244, 1.7376505110818627, 3.9124780469588947, 1.7461727704669405, 10.085656617638843, 1.8109738545451213, 3.962537049703602, 1.8402627008250108, 9.995847003410752, 1.7407702035484292, 3.928903979465435, 1.7043649373881937, 10.275682557457474, 1.701354903943377, 4.015486547344273, 1.7463394982603921, 10.416358187907631, 1.87637410843053, 3.918632667900581, 1.7617745529065545, 10.389797573737177, 1.8174093319365723, 4.021064340713309, 1.7752970783371689, 10.392591279688057, 1.7309700626595497, 4.0213615713958895, 1.8656748988716199, 10.403673117219277, 1.8226517903476902, 4.080438248971949, 1.8460191209931733, 10.679173951048954, 1.820954631148544, 4.076260749641714, 1.9023508137432186, 10.481351060007189, 1.8215290981165158, 4.12493587097535, 1.8329082204992384, 10.020327619488521, 1.8485668668455066, 4.307750210517507, 1.8743175911368206, 10.012969963882894, 1.8798574869530305]",328.94803749181915,9.9117652315691
ADTC1_adz_raw_20260611_2037,2026-06-11 20:36:17.133,2026-06-11 20:36:27.177,"[Timestamp('2026-06-11 20:36:27.177000'), Timestamp('2026-06-11 20:36:27.289000'), Timestamp('2026-06-11 20:36:28.098000'), Timestamp('2026-06-11 20:36:28.202000'), Timestamp('2026-06-11 20:36:28.532000'), Timestamp('2026-06-11 20:36:28.636000'), Timestamp('2026-06-11 20:36:29.448000'), Timestamp('2026-06-11 20:36:29.556000'), Timestamp('2026-06-11 20:36:29.878000'), Timestamp('2026-06-11 20:36:29.999000'), Timestamp('2026-06-11 20:36:30.792000'), Timestamp('2026-06-11 20:36:30.913000'), Timestamp('2026-06-11 20:36:31.238000'), Timestamp('2026-06-11 20:36:31.340000'), Timestamp('2026-06-11 20:36:32.154000'), Timestamp('2026-06-11 20:36:32.255000'), Timestamp('2026-06-11 20:36:32.582000'), Timestamp('2026-06-11 20:36:32.698000'), Timestamp('2026-06-11 20:36:33.498000'), Timestamp('2026-06-11 20:36:33.615000'), Timestamp('2026-06-11 20:36:33.937000'), Timestamp('2026-06-11 20:36:34.049000'), Timestamp('2026-06-11 20:36:34.851000'), Timestamp('2026-06-11 20:36:34.954000'), Timestamp('2026-06-11 20:36:35.277000'), Timestamp('2026-06-11 20:36:35.396000'), Timestamp('2026-06-11 20:36:36.197000'), Timestamp('2026-06-11 20:36:36.309000'), Timestamp('2026-06-11 20:36:36.619000'), Timestamp('2026-06-11 20:36:36.751000'), Timestamp('2026-06-11 20:36:37.533000'), Timestamp('2026-06-11 20:36:37.652000'), Timestamp('2026-06-11 20:36:37.974000'), Timestamp('2026-06-11 20:36:38.088000'), Timestamp('2026-06-11 20:36:38.889000'), Timestamp('2026-06-11 20:36:38.992000'), Timestamp('2026-06-11 20:36:39.317000'), Timestamp('2026-06-11 20:36:39.435000'), Timestamp('2026-06-11 20:36:40.225000'), Timestamp('2026-06-11 20:36:40.345000'), Timestamp('2026-06-11 20:36:40.666000'), Timestamp('2026-06-11 20:36:40.780000'), Timestamp('2026-06-11 20:36:41.569000'), Timestamp('2026-06-11 20:36:41.693000'), Timestamp('2026-06-11 20:36:42.006000'), Timestamp('2026-06-11 20:36:42.122000'), Timestamp('2026-06-11 20:36:42.911000'), Timestamp('2026-06-11 20:36:43.031000'), Timestamp('2026-06-11 20:36:43.349000'), Timestamp('2026-06-11 20:36:43.458000'), Timestamp('2026-06-11 20:36:44.258000'), Timestamp('2026-06-11 20:36:44.367000')]","[0.112, 0.809, 0.104, 0.33, 0.104, 0.812, 0.108, 0.322, 0.121, 0.793, 0.121, 0.325, 0.102, 0.814, 0.101, 0.327, 0.116, 0.8, 0.117, 0.322, 0.112, 0.802, 0.103, 0.323, 0.119, 0.801, 0.112, 0.31, 0.132, 0.782, 0.119, 0.322, 0.114, 0.801, 0.103, 0.325, 0.118, 0.79, 0.12, 0.321, 0.114, 0.789, 0.124, 0.313, 0.116, 0.789, 0.12, 0.318, 0.109, 0.8, 0.109]","[20.55906869790169, 21.2774068037226, 21.234900106595003, 21.20704947614889, 21.292727953311896, 20.903833797387023, 20.635811126694712, 21.399543547080913, 20.365833616791964, 21.403344695617932, 22.399897131322547, 21.237208678725185, 21.16180247252176, 21.306501514319425, 20.995172262453373, 21.17772644917939, 21.35879340253026, 20.24853801169591, 21.17941433226322, 21.210928520932818, 21.5934065934066, 22.43604669048097, 21.51413452429557, 22.1661315695059, 21.647320614522606, 21.113518258924145, 22.980686966156608, 21.64960643221513, 21.17164628383262, 23.21586879432624, 21.24499934790587, 21.431828545371637, 21.972361695082842, 21.6041780474481, 21.75079723108034, 21.682418895271727, 22.40619740619741, 21.097011555026818, 22.427902405881856, 21.328647586560734, 22.719109846034417, 21.71875, 20.98592274236302, 21.23267686351371, 22.491698838144227, 21.445366076676905, 20.713044018128763, 21.937800226512365, 20.754034726344607, 21.5415633152153, 20.47265940274415, 21.51385103526828]","[2.3026156941649893, 17.213422104211585, 2.2084296110858803, 6.998326327129134, 2.214443707144437, 16.973913043478262, 2.228667601683029, 6.890653022160055, 2.4642658676318274, 16.97285234362502, 2.710387552890028, 6.902092820585685, 2.1585038521972195, 17.34349223265601, 2.120512398507791, 6.92511654888166, 2.47762003469351, 16.198830409356727, 2.477991476874797, 6.8299189837403675, 2.418461538461539, 17.99370944576574, 2.2159558560024437, 7.159660496950406, 2.57603115312819, 16.91192812539824, 2.57383694020954, 6.71137799398669, 2.7946573094659057, 18.15480939716312, 2.5281549224007986, 6.901048791609667, 2.5048492332394443, 17.30494661600593, 2.240332114801275, 7.046786140963311, 2.6439312939312942, 16.666639128471186, 2.6913482887058224, 6.846495875285996, 2.5899785224479235, 17.13609375, 2.6022544200530144, 6.645827858279791, 2.6090370652247303, 16.92039383449808, 2.4855652821754513, 6.976220472030932, 2.262189785171562, 17.23325065217224, 2.2315198748991123]",369.1893478115974,9.92706383528045
ADTC1_adz_raw_20260611_2059,2026-06-11 20:58:05.146,2026-06-11 20:58:15.258,"[Timestamp('2026-06-11 20:58:15.258000'), Timestamp('2026-06-11 20:58:15.726000'), Timestamp('2026-06-11 20:58:16.185000'), Timestamp('2026-06-11 20:58:16.566000'), Timestamp('2026-06-11 20:58:16.661000'), Timestamp('2026-06-11 20:58:17.018000'), Timestamp('2026-06-11 20:58:17.487000'), Timestamp('2026-06-11 20:58:17.943000'), Timestamp('2026-06-11 20:58:18.419000')]","[0.468, 0.459, 0.381, 0.095, 0.357, 0.469, 0.456, 0.476]","[6.535947712418302, -43.911325620460396, -2.488555715997421, -17.07955070010771, -4.772301933873983, -20.72196197299531, 7.655502392344502, 3.799859664273752, 20.760743321718937, 21.086458088859207, 21.162854780931387]","[3.058823529411766, -20.15529845979132, -0.9481397277950175, -1.6225573165102325, -1.703711790393012, -9.7186001653348, 3.490909090909093, 1.808733200194306]",-25.78984163930922,9.89913192686022
ADTC1_adz_raw_20260611_2102,2026-06-11 21:01:17.235,2026-06-11 21:01:27.260,"[Timestamp('2026-06-11 21:01:27.260000'), Timestamp('2026-06-11 21:01:27.396000'), Timestamp('2026-06-11 21:01:27.736000'), Timestamp('2026-06-11 21:01:27.876000'), Timestamp('2026-06-11 21:01:28.122000'), Timestamp('2026-06-11 21:01:28.205000'), Timestamp('2026-06-11 21:01:28.650000'), Timestamp('2026-06-11 21:01:28.732000'), Timestamp('2026-06-11 21:01:28.903000'), Timestamp('2026-06-11 21:01:28.985000'), Timestamp('2026-06-11 21:01:29.458000'), Timestamp('2026-06-11 21:01:29.540000'), Timestamp('2026-06-11 21:01:29.715000'), Timestamp('2026-06-11 21:01:29.793000'), Timestamp('2026-06-11 21:01:30.274000'), Timestamp('2026-06-11 21:01:30.355000'), Timestamp('2026-06-11 21:01:30.541000'), Timestamp('2026-06-11 21:01:30.625000'), Timestamp('2026-06-11 21:01:31.105000'), Timestamp('2026-06-11 21:01:31.188000'), Timestamp('2026-06-11 21:01:31.375000'), Timestamp('2026-06-11 21:01:31.459000'), Timestamp('2026-06-11 21:01:31.942000'), Timestamp('2026-06-11 21:01:32.024000'), Timestamp('2026-06-11 21:01:32.202000'), Timestamp('2026-06-11 21:01:32.287000'), Timestamp('2026-06-11 21:01:32.769000'), Timestamp('2026-06-11 21:01:32.851000'), Timestamp('2026-06-11 21:01:33.026000'), Timestamp('2026-06-11 21:01:33.112000'), Timestamp('2026-06-11 21:01:33.597000'), Timestamp('2026-06-11 21:01:33.683000'), Timestamp('2026-06-11 21:01:33.858000'), Timestamp('2026-06-11 21:01:33.941000'), Timestamp('2026-06-11 21:01:34.425000'), Timestamp('2026-06-11 21:01:34.512000'), Timestamp('2026-06-11 21:01:34.675000'), Timestamp('2026-06-11 21:01:34.761000'), Timestamp('2026-06-11 21:01:35.247000'), Timestamp('2026-06-11 21:01:35.333000'), Timestamp('2026-06-11 21:01:35.510000'), Timestamp('2026-06-11 21:01:35.598000'), Timestamp('2026-06-11 21:01:36.091000'), Timestamp('2026-06-11 21:01:36.178000'), Timestamp('2026-06-11 21:01:36.371000'), Timestamp('2026-06-11 21:01:36.460000'), Timestamp('2026-06-11 21:01:36.960000'), Timestamp('2026-06-11 21:01:37.044000'), Timestamp('2026-06-11 21:01:37.230000'), Timestamp('2026-06-11 21:01:37.320000'), Timestamp('2026-06-11 21:01:37.822000'), Timestamp('2026-06-11 21:01:37.908000'), Timestamp('2026-06-11 21:01:38.096000'), Timestamp('2026-06-11 21:01:38.184000'), Timestamp('2026-06-11 21:01:38.692000'), Timestamp('2026-06-11 21:01:38.783000'), Timestamp('2026-06-11 21:01:38.982000'), Timestamp('2026-06-11 21:01:39.074000'), Timestamp('2026-06-11 21:01:39.560000'), Timestamp('2026-06-11 21:01:39.650000'), Timestamp('2026-06-11 21:01:39.843000'), Timestamp('2026-06-11 21:01:39.937000'), Timestamp('2026-06-11 21:01:40.463000'), Timestamp('2026-06-11 21:01:40.559000'), Timestamp('2026-06-11 21:01:40.754000'), Timestamp('2026-06-11 21:01:40.849000'), Timestamp('2026-06-11 21:01:41.385000'), Timestamp('2026-06-11 21:01:41.479000'), Timestamp('2026-06-11 21:01:41.678000'), Timestamp('2026-06-11 21:01:41.770000'), Timestamp('2026-06-11 21:01:42.317000'), Timestamp('2026-06-11 21:01:42.415000'), Timestamp('2026-06-11 21:01:42.610000'), Timestamp('2026-06-11 21:01:42.703000'), Timestamp('2026-06-11 21:01:43.259000'), Timestamp('2026-06-11 21:01:43.358000'), Timestamp('2026-06-11 21:01:43.565000'), Timestamp('2026-06-11 21:01:43.664000'), Timestamp('2026-06-11 21:01:44.219000'), Timestamp('2026-06-11 21:01:44.313000'), Timestamp('2026-06-11 21:01:44.545000'), Timestamp('2026-06-11 21:01:44.647000'), Timestamp('2026-06-11 21:01:45.188000'), Timestamp('2026-06-11 21:01:45.295000')]","[0.136, 0.34, 0.14, 0.246, 0.083, 0.445, 0.082, 0.171, 0.082, 0.473, 0.082, 0.175, 0.078, 0.481, 0.081, 0.186, 0.084, 0.48, 0.083, 0.187, 0.084, 0.483, 0.082, 0.178, 0.085, 0.482, 0.082, 0.175, 0.086, 0.485, 0.086, 0.175, 0.083, 0.484, 0.087, 0.163, 0.086, 0.486, 0.086, 0.177, 0.088, 0.493, 0.087, 0.193, 0.089, 0.5, 0.084, 0.186, 0.09, 0.502, 0.086, 0.188, 0.088, 0.508, 0.091, 0.199, 0.092, 0.486, 0.09, 0.193, 0.094, 0.526, 0.096, 0.195, 0.095, 0.536, 0.094, 0.199, 0.092, 0.547, 0.098, 0.195, 0.093, 0.556, 0.099, 0.207, 0.099, 0.555, 0.094, 0.232, 0.102, 0.541, 0.107]","[20.975299497385002, 20.593205421580706, 20.760530239493065, 20.559533876383043, 20.68797302543655, 20.795835781969817, 20.726655567511155, 20.69449586572874, 20.56302653511736, 20.268332469119315, 20.1010972025463, 20.526138139231485, 20.67795050622883, 20.201890034364258, 20.383195497171464, 20.570262764926255, 20.252986744234647, 20.180649672061694, 20.11585054351043, 20.48829487171575, 20.246874732687306, 20.2508566730968, 20.344500449002062, 20.341938099743203, 20.40816326530612, 20.422478269658377, 20.351866774106902, 20.2197761550985, 20.664740053777937, 20.028194685728934, 20.01223072571007, 20.11706533890834, 20.023107849452458, 19.82007128440761, 19.806402961999908, 20.16583233358279, 20.40611077466159, 20.20322123777214, 19.745437886079934, 19.770875561772364, 19.849325931800163, 20.068672156299286, 19.49657636605712, 19.62442113242761, 19.136256801782405, 19.461593289105764, 19.83269917449985, 19.220542339557387, 19.200079004542758, 19.437279990085074, 18.862346263008515, 19.00270414817752, 19.167001780892747, 18.764213528808554, 18.69223453891646, 18.87598893377949, 18.504737460929494, 18.938859857063544, 17.986213083531197, 18.370431214964707, 18.265630402697987, 17.834222244476173, 17.894145957621937, 17.765567765567766, 17.480685631762025, 17.559150634035696, 17.68612577524475, 17.54769158854507, 17.604343431749903, 17.45462018799615, 17.075414304139393, 17.372633910592025, 17.68184125721369, 17.007210098929264, 16.72042944629881, 16.95087420435318, 16.724331425468947, 16.614967851976957, 16.612785400609013, 16.02778816496803, 16.283894132389577, 16.612793802249747, 15.535272159649459, 16.189171107749146]","[2.8526407316443607, 7.001689843337441, 2.9064742335290292, 5.057645333590228, 1.7171017611112336, 9.254146922976568, 1.699585756535915, 3.538758793039615, 1.6861681758796234, 9.586921257893435, 1.6482899706087966, 3.5920741743655094, 1.6128801394858487, 9.717109106529207, 1.6510388352708887, 3.8260688742762836, 1.7012508865157105, 9.686711842589613, 1.6696155951113658, 3.831311141010845, 1.7007374775457338, 9.781163773105753, 1.6682490368181693, 3.62086498175429, 1.7346938775510201, 9.843634525975338, 1.668853075476766, 3.5384608271422375, 1.7771676446249025, 9.713674422578533, 1.7210518424110657, 3.520486434308959, 1.6619179515045541, 9.592914501653283, 1.7231570576939919, 3.287030670373995, 1.7549255266208967, 9.81876552155726, 1.6981076582028742, 3.4994449744337084, 1.7467406819984141, 9.893855373055548, 1.6962021438469692, 3.787513278558529, 1.703126855358634, 9.730796644552882, 1.6659467306579876, 3.5750208751576737, 1.7280071104088481, 9.757514555022707, 1.6221617786187321, 3.572508379857374, 1.6866961567185617, 9.532220472634746, 1.7009933430413977, 3.7563217978221184, 1.7024358464055134, 9.204285890532882, 1.6187591775178076, 3.5454932244881885, 1.7169692578536107, 9.380800900594467, 1.717838011931706, 3.4642857142857144, 1.6606651350173924, 9.411704739843133, 1.6624958228730067, 3.491990626120469, 1.619599595720991, 9.547677242833894, 1.6733906018056606, 3.387663612565445, 1.6444112369208732, 9.45600881500467, 1.6553225151835822, 3.508830960301108, 1.6557088111214258, 9.221307157847212, 1.5616018276572472, 3.718446854272583, 1.6609572015037368, 8.987521447017114, 1.662274121082492]",344.25685768224776,9.904745639181286
ADTC1_adz_raw_20260611_2112,2026-06-11 21:11:33.920,2026-06-11 21:11:43.997,"[Timestamp('2026-06-11 21:11:43.997000'), Timestamp('2026-06-11 21:11:44.107000'), Timestamp('2026-06-11 21:11:44.688000'), Timestamp('2026-06-11 21:11:44.805000'), Timestamp('2026-06-11 21:11:45.423000'), Timestamp('2026-06-11 21:11:45.549000'), Timestamp('2026-06-11 21:11:46.126000'), Timestamp('2026-06-11 21:11:46.234000')]","[0.11, 0.581, 0.117, 0.618, 0.126, 0.577, 0.108]","[22.324292399254915, 22.761409839178892, 22.385627590088554, 22.38568767650063, 22.232919276656133, 22.799716425230024, 22.501270852616525, 22.26233477680004]","[2.4556721639180408, 13.224379116562936, 2.6191184280403608, 13.83435498407739, 2.8013478288586726, 13.155436377357722, 2.430137252082585]",50.52044615089771,9.960331448373788
ADTC1_adz_raw_20260611_2118,2026-06-11 21:17:23.085,2026-06-11 21:17:33.111,"[Timestamp('2026-06-11 21:17:33.111000'), Timestamp('2026-06-11 21:17:33.211000'), Timestamp('2026-06-11 21:17:34.003000'), Timestamp('2026-06-11 21:17:34.104000'), Timestamp('2026-06-11 21:17:34.422000'), Timestamp('2026-06-11 21:17:34.536000'), Timestamp('2026-06-11 21:17:35.313000'), Timestamp('2026-06-11 21:17:35.431000'), Timestamp('2026-06-11 21:17:35.738000'), Timestamp('2026-06-11 21:17:35.854000'), Timestamp('2026-06-11 21:17:36.630000'), Timestamp('2026-06-11 21:17:36.751000'), Timestamp('2026-06-11 21:17:37.054000'), Timestamp('2026-06-11 21:17:37.174000'), Timestamp('2026-06-11 21:17:37.950000'), Timestamp('2026-06-11 21:17:38.071000'), Timestamp('2026-06-11 21:17:38.389000'), Timestamp('2026-06-11 21:17:38.487000'), Timestamp('2026-06-11 21:17:39.281000'), Timestamp('2026-06-11 21:17:39.385000'), Timestamp('2026-06-11 21:17:39.699000'), Timestamp('2026-06-11 21:17:39.823000'), Timestamp('2026-06-11 21:17:40.601000'), Timestamp('2026-06-11 21:17:40.714000'), Timestamp('2026-06-11 21:17:41.032000'), Timestamp('2026-06-11 21:17:41.144000'), Timestamp('2026-06-11 21:17:41.926000'), Timestamp('2026-06-11 21:17:42.036000'), Timestamp('2026-06-11 21:17:42.353000'), Timestamp('2026-06-11 21:17:42.461000'), Timestamp('2026-06-11 21:17:43.257000'), Timestamp('2026-06-11 21:17:43.364000'), Timestamp('2026-06-11 21:17:43.674000'), Timestamp('2026-06-11 21:17:43.794000'), Timestamp('2026-06-11 21:17:44.578000'), Timestamp('2026-06-11 21:17:44.700000'), Timestamp('2026-06-11 21:17:45.009000'), Timestamp('2026-06-11 21:17:45.115000'), Timestamp('2026-06-11 21:17:45.910000'), Timestamp('2026-06-11 21:17:46.017000'), Timestamp('2026-06-11 21:17:46.333000'), Timestamp('2026-06-11 21:17:46.450000'), Timestamp('2026-06-11 21:17:47.238000'), Timestamp('2026-06-11 21:17:47.358000'), Timestamp('2026-06-11 21:17:47.672000'), Timestamp('2026-06-11 21:17:47.778000'), Timestamp('2026-06-11 21:17:48.573000'), Timestamp('2026-06-11 21:17:48.678000'), Timestamp('2026-06-11 21:17:49'), Timestamp('2026-06-11 21:17:49.108000'), Timestamp('2026-06-11 21:17:49.908000'), Timestamp('2026-06-11 21:17:50.010000')]","[0.1, 0.792, 0.101, 0.318, 0.114, 0.777, 0.118, 0.307, 0.116, 0.776, 0.121, 0.303, 0.12, 0.776, 0.121, 0.318, 0.098, 0.794, 0.104, 0.314, 0.124, 0.778, 0.113, 0.318, 0.112, 0.782, 0.11, 0.317, 0.108, 0.796, 0.107, 0.31, 0.12, 0.784, 0.122, 0.309, 0.106, 0.795, 0.107, 0.316, 0.117, 0.788, 0.12, 0.314, 0.106, 0.795, 0.105, 0.322, 0.108, 0.8, 0.102]","[22.059220997627556, 21.77611121273093, 21.92146143076205, 21.984303406977272, 21.898694677725647, 21.70813815408108, 21.889690213235724, 21.396353152181575, 21.385930572466336, 21.32730604709599, 21.54405507851783, 21.70017551119419, 21.032568962623493, 21.263830450366214, 21.233732967518023, 21.064866487572452, 21.7394158188382, 21.060788194381065, 21.660649819494584, 21.633186147035037, 21.022109459949256, 21.477385010330043, 21.089779785431958, 21.242816193497667, 21.911799928245102, 21.073634394802273, 21.674183144698517, 20.857395321653698, 21.254272043745726, 21.194425749237894, 21.194425749237894, 22.357856178070307, 20.74842297616275, 21.47072608453915, 21.587151420841366, 21.549199277205943, 21.426312334925576, 21.063619135834557, 21.2392086959561, 21.61528816486863, 21.051384240360612, 21.341955745330075, 21.85698418575131, 21.52449106939965, 21.362271362271365, 21.35893499990863, 21.784090274450556, 20.82743545179266, 21.320916371318702, 20.727272727272727, 21.828675173884882, 20.705641407559114]","[2.2059220997627556, 17.2466800804829, 2.214067604506967, 6.9910084834187725, 2.496451193260724, 16.867223345721, 2.5829834451618154, 6.568680417719744, 2.480767946406095, 16.54998949254649, 2.606830664500657, 6.5751531798918395, 2.523908275514819, 16.500732429484184, 2.5692816890696806, 6.6986275430480395, 2.1304627502461435, 16.722265826338568, 2.2527075812274364, 6.7928204501690015, 2.6067415730337076, 16.709405538036773, 2.3831451157538113, 6.755215549532259, 2.4541215919634514, 16.479582096735378, 2.384160145916837, 6.611794316964223, 2.2954613807245385, 16.870762896393366, 2.2678035551684546, 6.9309354152017955, 2.48981075713953, 16.833049250278695, 2.6336324733426464, 6.658702576656636, 2.271189107502111, 16.745577212988472, 2.2725953304673028, 6.830431060098487, 2.463011956122192, 16.8174611273201, 2.622838102290157, 6.75869019579149, 2.2644007644007647, 16.98035332492736, 2.287329478817308, 6.706434215477237, 2.3026589681024197, 16.581818181818182, 2.226524867736258]",361.07220262517956,9.912679451967742
ADTC1_adz_raw_20260611_2126,2026-06-11 21:24:40.288,2026-06-11 21:24:50.349,"[Timestamp('2026-06-11 21:24:50.349000'), Timestamp('2026-06-11 21:24:50.474000'), Timestamp('2026-06-11 21:24:50.840000'), Timestamp('2026-06-11 21:24:50.956000'), Timestamp('2026-06-11 21:24:51.198000'), Timestamp('2026-06-11 21:24:51.314000'), Timestamp('2026-06-11 21:24:52.143000'), Timestamp('2026-06-11 21:24:52.257000'), Timestamp('2026-06-11 21:24:52.455000'), Timestamp('2026-06-11 21:24:52.580000'), Timestamp('2026-06-11 21:24:53.408000'), Timestamp('2026-06-11 21:24:53.519000'), Timestamp('2026-06-11 21:24:53.716000'), Timestamp('2026-06-11 21:24:53.833000'), Timestamp('2026-06-11 21:24:54.664000'), Timestamp('2026-06-11 21:24:54.778000'), Timestamp('2026-06-11 21:24:54.980000'), Timestamp('2026-06-11 21:24:55.097000'), Timestamp('2026-06-11 21:24:55.923000'), Timestamp('2026-06-11 21:24:56.039000')]","[0.125, 0.366, 0.116, 0.242, 0.116, 0.829, 0.114, 0.198, 0.125, 0.828, 0.111, 0.197, 0.117, 0.831, 0.114, 0.202, 0.117, 0.826, 0.116]","[21.097606674946718, 20.572778127065497, 21.5304329493868, 21.315795126631677, 20.585536364038965, 20.879880742842772, 21.092555697566603, 21.29130544968418, 20.427896508337035, 22.851924723703256, 21.312451423786456, 21.893099408832107, 20.832307363997508, 20.64467200742093, 21.665776317782793, 21.62157479561123, 21.019887078793108, 20.401477448480172, 21.89774979036143, 21.556995798741298]","[2.6372008343683397, 7.529636794505972, 2.497530222128869, 5.1584224206448654, 2.3879222182285202, 17.309421135816656, 2.4045513495225928, 4.215678479037468, 2.5534870635421294, 18.921393671226294, 2.3656821080402968, 4.312940583539925, 2.4373799615877085, 17.15572243816679, 2.4698985002272384, 4.367558108713469, 2.4593267882187937, 16.85162037244462, 2.540138975681926]",120.57551202564248,9.9545714072934
ADTC1_adz_raw_20260611_2129,2026-06-11 21:28:01.933,2026-06-11 21:28:11.984,"[Timestamp('2026-06-11 21:28:11.984000'), Timestamp('2026-06-11 21:28:12.088000'), Timestamp('2026-06-11 21:28:12.439000'), Timestamp('2026-06-11 21:28:12.551000'), Timestamp('2026-06-11 21:28:12.815000'), Timestamp('2026-06-11 21:28:12.932000'), Timestamp('2026-06-11 21:28:13.283000'), Timestamp('2026-06-11 21:28:13.397000')]","[0.104, 0.351, 0.112, 0.264, 0.117, 0.351, 0.114]","[23.67818584923848, 22.727272727272723, 22.23661011493244, 22.352879730055335, 22.139916566451905, 22.39456536679348, 22.55454117473856, 22.440222780582005]","[2.462531328320802, 7.977272727272726, 2.490500332872433, 5.901160248734609, 2.5903702382748732, 7.86049244374451, 2.571217693920196]",31.85354501314015,9.93065126642862
ADTC1_adz_raw_20260611_2144,2026-06-11 21:42:36.448,2026-06-11 21:42:46.472,"[Timestamp('2026-06-11 21:42:46.472000'), Timestamp('2026-06-11 21:42:46.589000'), Timestamp('2026-06-11 21:42:46.938000'), Timestamp('2026-06-11 21:42:47.052000'), Timestamp('2026-06-11 21:42:47.265000'), Timestamp('2026-06-11 21:42:47.343000'), Timestamp('2026-06-11 21:42:47.752000'), Timestamp('2026-06-11 21:42:47.827000'), Timestamp('2026-06-11 21:42:47.978000'), Timestamp('2026-06-11 21:42:48.055000'), Timestamp('2026-06-11 21:42:48.465000'), Timestamp('2026-06-11 21:42:48.538000'), Timestamp('2026-06-11 21:42:48.690000'), Timestamp('2026-06-11 21:42:48.768000'), Timestamp('2026-06-11 21:42:49.176000'), Timestamp('2026-06-11 21:42:49.256000'), Timestamp('2026-06-11 21:42:49.403000'), Timestamp('2026-06-11 21:42:49.478000'), Timestamp('2026-06-11 21:42:49.888000'), Timestamp('2026-06-11 21:42:49.963000'), Timestamp('2026-06-11 21:42:50.114000'), Timestamp('2026-06-11 21:42:50.190000'), Timestamp('2026-06-11 21:42:50.597000'), Timestamp('2026-06-11 21:42:50.674000'), Timestamp('2026-06-11 21:42:50.823000'), Timestamp('2026-06-11 21:42:50.902000'), Timestamp('2026-06-11 21:42:51.314000'), Timestamp('2026-06-11 21:42:51.386000'), Timestamp('2026-06-11 21:42:51.535000'), Timestamp('2026-06-11 21:42:51.614000'), Timestamp('2026-06-11 21:42:52.023000'), Timestamp('2026-06-11 21:42:52.097000'), Timestamp('2026-06-11 21:42:52.248000'), Timestamp('2026-06-11 21:42:52.323000'), Timestamp('2026-06-11 21:42:52.730000'), Timestamp('2026-06-11 21:42:52.807000'), Timestamp('2026-06-11 21:42:52.957000'), Timestamp('2026-06-11 21:42:53.034000'), Timestamp('2026-06-11 21:42:53.437000'), Timestamp('2026-06-11 21:42:53.518000'), Timestamp('2026-06-11 21:42:53.665000'), Timestamp('2026-06-11 21:42:53.743000'), Timestamp('2026-06-11 21:42:54.151000'), Timestamp('2026-06-11 21:42:54.228000'), Timestamp('2026-06-11 21:42:54.376000'), Timestamp('2026-06-11 21:42:54.455000'), Timestamp('2026-06-11 21:42:54.862000'), Timestamp('2026-06-11 21:42:54.936000'), Timestamp('2026-06-11 21:42:55.086000'), Timestamp('2026-06-11 21:42:55.167000'), Timestamp('2026-06-11 21:42:55.574000'), Timestamp('2026-06-11 21:42:55.648000'), Timestamp('2026-06-11 21:42:55.799000'), Timestamp('2026-06-11 21:42:55.876000'), Timestamp('2026-06-11 21:42:56.282000'), Timestamp('2026-06-11 21:42:56.358000'), Timestamp('2026-06-11 21:42:56.507000'), Timestamp('2026-06-11 21:42:56.586000'), Timestamp('2026-06-11 21:42:56.993000'), Timestamp('2026-06-11 21:42:57.068000'), Timestamp('2026-06-11 21:42:57.215000'), Timestamp('2026-06-11 21:42:57.294000'), Timestamp('2026-06-11 21:42:57.702000'), Timestamp('2026-06-11 21:42:57.777000'), Timestamp('2026-06-11 21:42:57.929000'), Timestamp('2026-06-11 21:42:58.005000'), Timestamp('2026-06-11 21:42:58.415000'), Timestamp('2026-06-11 21:42:58.490000'), Timestamp('2026-06-11 21:42:58.640000'), Timestamp('2026-06-11 21:42:58.715000'), Timestamp('2026-06-11 21:42:59.122000'), Timestamp('2026-06-11 21:42:59.201000'), Timestamp('2026-06-11 21:42:59.348000'), Timestamp('2026-06-11 21:42:59.426000'), Timestamp('2026-06-11 21:42:59.833000'), Timestamp('2026-06-11 21:42:59.910000'), Timestamp('2026-06-11 21:43:00.060000'), Timestamp('2026-06-11 21:43:00.136000'), Timestamp('2026-06-11 21:43:00.545000'), Timestamp('2026-06-11 21:43:00.618000'), Timestamp('2026-06-11 21:43:00.768000'), Timestamp('2026-06-11 21:43:00.845000'), Timestamp('2026-06-11 21:43:01.253000'), Timestamp('2026-06-11 21:43:01.328000')]","[0.117, 0.349, 0.114, 0.213, 0.078, 0.409, 0.075, 0.151, 0.077, 0.41, 0.073, 0.152, 0.078, 0.408, 0.08, 0.147, 0.075, 0.41, 0.075, 0.151, 0.076, 0.407, 0.077, 0.149, 0.079, 0.412, 0.072, 0.149, 0.079, 0.409, 0.074, 0.151, 0.075, 0.407, 0.077, 0.15, 0.077, 0.403, 0.081, 0.147, 0.078, 0.408, 0.077, 0.148, 0.079, 0.407, 0.074, 0.15, 0.081, 0.407, 0.074, 0.151, 0.077, 0.406, 0.076, 0.149, 0.079, 0.407, 0.075, 0.147, 0.079, 0.408, 0.075, 0.152, 0.076, 0.41, 0.075, 0.15, 0.075, 0.407, 0.079, 0.147, 0.078, 0.407, 0.077, 0.15, 0.076, 0.409, 0.073, 0.15, 0.077, 0.408, 0.075]","[21.6656525525848, 21.697205229349102, 20.87233281379373, 20.464690526730553, 21.495147274706646, 21.449939640003592, 21.749818190560333, 21.44662071938827, 21.658312447786127, 21.496883730926285, 22.2027972027972, 21.569963411559208, 21.78746694383412, 21.933159895937564, 21.938587728061414, 22.343907613775194, 22.049783952331843, 21.83105248614767, 22.201455940367467, 21.717443544046635, 22.329137247824058, 21.979357320974664, 22.195040310388126, 22.12739094942537, 22.719180152456776, 22.012578616352204, 22.212140732033156, 22.46785974780793, 22.300691952571455, 22.824676570839937, 23.08806368069634, 22.205110380758683, 22.94707732142378, 22.431313198092727, 22.450608419620593, 22.342015729352475, 22.848520119114585, 22.19526930165882, 22.192171576692274, 21.931664170925288, 22.253435640922092, 22.636366932705908, 22.264716804443296, 22.305901150612335, 22.986565771602805, 22.33328043976752, 22.467166979362098, 22.319128938149234, 22.79117254378387, 22.93234624612924, 23.031461165335408, 22.790241225193796, 23.158959286140387, 23.429587900631482, 23.47086517967651, 23.241716555217337, 23.978123011535324, 22.670994821759713, 24.2007611562231, 23.907089817278127, 22.764621230310496, 24.112055949128553, 23.411091681223624, 24.157300723357128, 24.335911204197977, 24.018877039269498, 24.366651312759096, 23.991450884594187, 24.383890610869642, 24.120299007176833, 23.683080572778415, 23.754409165251587, 24.826175356404587, 23.735600201989833, 24.637812990824795, 24.394575520546006, 25.27396362137759, 24.430212544530285, 24.069997735446407, 23.529985635422307, 24.145263239946054, 24.086471048159368, 24.607919215237605, 24.454772511783652]","[2.5348813486524215, 7.572324625042836, 2.3794459407724853, 4.358979082193608, 1.6766214874271184, 8.773025312761469, 1.631236364292025, 3.238439728627629, 1.6676900584795318, 8.813722329679777, 1.6208041958041954, 3.2786344385569994, 1.6994224216190612, 8.948729237542526, 1.7550870182449132, 3.2845544192249534, 1.6537337964248882, 8.950731519320543, 1.6651091955275599, 3.2793339751510415, 1.6970144308346282, 8.945598429636687, 1.7090181038998857, 3.2969812514643797, 1.7948152320440853, 9.069182389937108, 1.599274132706387, 3.347711102423381, 1.761754664253145, 9.335292717473534, 1.708516712371529, 3.352971667494561, 1.7210307991067835, 9.12954447162374, 1.7286968483107856, 3.351302359402871, 1.759336049171823, 8.944693528568504, 1.7975658977120743, 3.223954633126017, 1.7357679799919232, 9.23563770854401, 1.7143831939421337, 3.3012733702906254, 1.8159386959566217, 9.08964513898538, 1.6625703564727952, 3.347869340722385, 1.8460849760464935, 9.333464922174599, 1.70432812623482, 3.441326425004263, 1.7832398650328098, 9.512412687656383, 1.783785753655415, 3.4630157667273833, 1.8942717179112907, 9.227094892456202, 1.8150570867167324, 3.5143422031398845, 1.7984050771945292, 9.83771882724445, 1.7558318760917717, 3.6719097099502833, 1.8495292515190462, 9.847739586100493, 1.8274988484569321, 3.598717632689128, 1.828791795815223, 9.81696169592097, 1.8709633652494948, 3.491898147291983, 1.9364416777995577, 9.660389282209861, 1.8971116002935091, 3.659186328081901, 1.9208212352246967, 9.991956930712886, 1.7571098346875875, 3.529497845313346, 1.8591852694758462, 9.827280187649022, 1.8455939411428202]",338.3588120706849,9.921566797305925
ADTC1_adz_raw_20260611_2149,2026-06-11 21:48:11.206,2026-06-11 21:48:21.272,"[Timestamp('2026-06-11 21:48:21.272000'), Timestamp('2026-06-11 21:48:21.394000'), Timestamp('2026-06-11 21:48:22.042000'), Timestamp('2026-06-11 21:48:22.165000'), Timestamp('2026-06-11 21:48:22.846000'), Timestamp('2026-06-11 21:48:22.974000'), Timestamp('2026-06-11 21:48:23.651000'), Timestamp('2026-06-11 21:48:23.776000'), Timestamp('2026-06-11 21:48:24.455000'), Timestamp('2026-06-11 21:48:24.582000'), Timestamp('2026-06-11 21:48:25.263000'), Timestamp('2026-06-11 21:48:25.390000'), Timestamp('2026-06-11 21:48:26.071000'), Timestamp('2026-06-11 21:48:26.196000'), Timestamp('2026-06-11 21:48:26.877000'), Timestamp('2026-06-11 21:48:27.002000'), Timestamp('2026-06-11 21:48:27.685000'), Timestamp('2026-06-11 21:48:27.813000'), Timestamp('2026-06-11 21:48:28.497000'), Timestamp('2026-06-11 21:48:28.620000'), Timestamp('2026-06-11 21:48:29.304000'), Timestamp('2026-06-11 21:48:29.429000'), Timestamp('2026-06-11 21:48:30.077000'), Timestamp('2026-06-11 21:48:30.201000'), Timestamp('2026-06-11 21:48:30.572000'), Timestamp('2026-06-11 21:48:30.698000'), Timestamp('2026-06-11 21:48:31.345000'), Timestamp('2026-06-11 21:48:31.474000'), Timestamp('2026-06-11 21:48:32.157000'), Timestamp('2026-06-11 21:48:32.282000'), Timestamp('2026-06-11 21:48:32.965000'), Timestamp('2026-06-11 21:48:33.092000'), Timestamp('2026-06-11 21:48:33.783000'), Timestamp('2026-06-11 21:48:33.902000'), Timestamp('2026-06-11 21:48:34.588000'), Timestamp('2026-06-11 21:48:34.719000'), Timestamp('2026-06-11 21:48:35.405000'), Timestamp('2026-06-11 21:48:35.532000'), Timestamp('2026-06-11 21:48:36.215000'), Timestamp('2026-06-11 21:48:36.343000'), Timestamp('2026-06-11 21:48:37.028000'), Timestamp('2026-06-11 21:48:37.159000'), Timestamp('2026-06-11 21:48:37.837000'), Timestamp('2026-06-11 21:48:37.968000'), Timestamp('2026-06-11 21:48:38.657000'), Timestamp('2026-06-11 21:48:38.789000'), Timestamp('2026-06-11 21:48:39.435000'), Timestamp('2026-06-11 21:48:39.563000')]","[0.122, 0.648, 0.123, 0.681, 0.128, 0.677, 0.125, 0.679, 0.127, 0.681, 0.127, 0.681, 0.125, 0.681, 0.125, 0.683, 0.128, 0.684, 0.123, 0.684, 0.125, 0.648, 0.124, 0.371, 0.126, 0.647, 0.129, 0.683, 0.125, 0.683, 0.127, 0.691, 0.119, 0.686, 0.131, 0.686, 0.127, 0.683, 0.128, 0.685, 0.131, 0.678, 0.131, 0.689, 0.132, 0.646, 0.128]","[21.61556261165383, 21.933398345353744, 21.352313167259787, 21.51291856164883, 21.670817414887928, 21.699024555260664, 21.74342705962524, 21.37874916385529, 21.44842496634707, 21.38592454476931, 21.54461665173003, 21.741699161054, 21.15527595081499, 21.432663194709907, 21.810490613650792, 22.146234380276937, 21.978021978021975, 21.681460292138347, 21.819611908061614, 21.280661190344958, 21.112918990073616, 21.21354469654971, 21.39341980738184, 22.454224038510702, 21.66586991521466, 21.405134870038943, 20.95613045825881, 22.238402607944803, 21.554729574573013, 21.495934136383575, 21.401578273264377, 21.626452806228084, 21.752550690946663, 21.798489162474972, 21.577733156747982, 21.748802206773185, 20.92604097644331, 21.263291919326985, 21.38558320929001, 21.364690393462496, 20.874369493441925, 21.78275558059358, 21.690553990758907, 21.14022150311861, 21.354199533034645, 21.778705687555117, 20.641136932411808, 21.689248251748246]","[2.637098638621767, 14.212842127789227, 2.626334519572954, 14.650297540482855, 2.773864629105655, 14.69023962391147, 2.717928382453155, 14.516170682257743, 2.723949970726078, 14.563814614987901, 2.736166314769714, 14.806097128677775, 2.6444094938518736, 14.595643635597447, 2.726311326706349, 15.12587808172915, 2.813186813186813, 14.83011883982263, 2.6838122646915785, 14.555972254195952, 2.639114873759202, 13.746376963364213, 2.652784056115348, 8.33051711828747, 2.729899609317047, 13.849122260915196, 2.7033408291153864, 15.188828981226301, 2.6943411968216266, 14.681723015149982, 2.718000440704576, 14.943878889103605, 2.5885535322226527, 14.953763565457832, 2.826683043533986, 14.919678313846406, 2.6576072040083005, 14.522828380900332, 2.7373546507891215, 14.63481291952181, 2.7345424036408925, 14.768708283642448, 2.841462572789417, 14.565612615648721, 2.818754338360573, 14.069043874160606, 2.6420655273487115]",394.78953634288985,9.954116734731972
ADTC1_adz_raw_20260611_2215,2026-06-11 22:14:20.006,2026-06-11 22:14:30.078,"[Timestamp('2026-06-11 22:14:30.078000'), Timestamp('2026-06-11 22:14:30.187000'), Timestamp('2026-06-11 22:14:30.969000'), Timestamp('2026-06-11 22:14:31.077000'), Timestamp('2026-06-11 22:14:31.393000'), Timestamp('2026-06-11 22:14:31.508000'), Timestamp('2026-06-11 22:14:32.285000'), Timestamp('2026-06-11 22:14:32.402000'), Timestamp('2026-06-11 22:14:32.708000'), Timestamp('2026-06-11 22:14:32.826000'), Timestamp('2026-06-11 22:14:33.608000'), Timestamp('2026-06-11 22:14:33.723000'), Timestamp('2026-06-11 22:14:34.033000'), Timestamp('2026-06-11 22:14:34.140000'), Timestamp('2026-06-11 22:14:34.930000'), Timestamp('2026-06-11 22:14:35.035000'), Timestamp('2026-06-11 22:14:35.351000'), Timestamp('2026-06-11 22:14:35.466000'), Timestamp('2026-06-11 22:14:36.244000'), Timestamp('2026-06-11 22:14:36.360000'), Timestamp('2026-06-11 22:14:36.664000'), Timestamp('2026-06-11 22:14:36.783000'), Timestamp('2026-06-11 22:14:37.560000'), Timestamp('2026-06-11 22:14:37.678000'), Timestamp('2026-06-11 22:14:37.992000'), Timestamp('2026-06-11 22:14:38.098000'), Timestamp('2026-06-11 22:14:38.891000'), Timestamp('2026-06-11 22:14:38.994000'), Timestamp('2026-06-11 22:14:39.303000'), Timestamp('2026-06-11 22:14:39.423000'), Timestamp('2026-06-11 22:14:40.201000'), Timestamp('2026-06-11 22:14:40.314000'), Timestamp('2026-06-11 22:14:40.631000'), Timestamp('2026-06-11 22:14:40.737000'), Timestamp('2026-06-11 22:14:41.520000'), Timestamp('2026-06-11 22:14:41.625000'), Timestamp('2026-06-11 22:14:41.943000'), Timestamp('2026-06-11 22:14:42.054000'), Timestamp('2026-06-11 22:14:42.832000'), Timestamp('2026-06-11 22:14:42.948000'), Timestamp('2026-06-11 22:14:43.261000'), Timestamp('2026-06-11 22:14:43.369000'), Timestamp('2026-06-11 22:14:44.155000'), Timestamp('2026-06-11 22:14:44.258000'), Timestamp('2026-06-11 22:14:44.580000'), Timestamp('2026-06-11 22:14:44.684000'), Timestamp('2026-06-11 22:14:45.468000'), Timestamp('2026-06-11 22:14:45.571000')]","[0.109, 0.782, 0.108, 0.316, 0.115, 0.777, 0.117, 0.306, 0.118, 0.782, 0.115, 0.31, 0.107, 0.79, 0.105, 0.316, 0.115, 0.778, 0.116, 0.304, 0.119, 0.777, 0.118, 0.314, 0.106, 0.793, 0.103, 0.309, 0.12, 0.778, 0.113, 0.317, 0.106, 0.783, 0.105, 0.318, 0.111, 0.778, 0.116, 0.313, 0.108, 0.786, 0.103, 0.322, 0.104, 0.784, 0.103]","[21.528891352194805, 21.74375360496574, 21.618918595402356, 21.590358025490847, 22.146752094767233, 21.861201330907317, 21.38679614434426, 21.740569899414666, 21.584142343429637, 21.61968466316292, 21.8963801290983, 21.8981018981019, 21.18702553485162, 21.697860962566843, 21.819335898758283, 22.260900956654027, 22.168086702213536, 21.544705044874867, 21.815815976399918, 21.15136565230882, 21.14277655237821, 21.592490572793054, 21.79351717129726, 21.561235421197058, 21.507407015190555, 21.5419030638992, 21.866718515958055, 21.945742895199672, 21.725465545690263, 21.72253034322, 21.651331994165055, 20.82812538293753, 21.67057693373483, 21.901526104685253, 21.258202608953027, 21.977333488907718, 22.287667338286013, 21.404632819438717, 21.52449106939965, 21.495059586699035, 21.30527980453219, 21.56759796903068, 21.811023622047244, 22.005401498725703, 21.576676732318752, 21.69176395390371, 21.56777270629263, 21.333627670167395]","[2.346649157389234, 17.00361531908321, 2.3348432083034543, 6.822553136055108, 2.546876490898232, 16.986153434114986, 2.5022551488882785, 6.652614389220887, 2.546928796524697, 16.906593406593405, 2.5180837148463047, 6.788411588411589, 2.267011732229123, 17.141310160427807, 2.2910302693696196, 7.034444702302673, 2.549329970754557, 16.76178052491265, 2.5306346532623905, 6.430015158301881, 2.5159904097330066, 16.777365175060204, 2.5716350262130767, 6.770227922255876, 2.279785143610199, 17.082729129672064, 2.2522720071436795, 6.781234554616699, 2.6070558654828315, 16.90012860702516, 2.446600515340651, 6.602515746391196, 2.2970811549758916, 17.148894939968553, 2.2321112739400677, 6.9887920494726545, 2.4739310745497476, 16.652804333523324, 2.4968409640503597, 6.727953650636798, 2.3009702188894767, 16.952132003658114, 2.246535433070866, 7.085739282589676, 2.2439743801611503, 17.00634293986051, 2.2214805887481406]",335.62425935253,9.959081381482465
ADTC1_adz_raw_20260611_2219,2026-06-11 22:17:42.445,2026-06-11 22:17:52.493,"[Timestamp('2026-06-11 22:17:52.493000'), Timestamp('2026-06-11 22:17:52.599000'), Timestamp('2026-06-11 22:17:53.186000'), Timestamp('2026-06-11 22:17:53.305000'), Timestamp('2026-06-11 22:17:53.928000'), Timestamp('2026-06-11 22:17:54.051000'), Timestamp('2026-06-11 22:17:54.641000'), Timestamp('2026-06-11 22:17:54.745000')]","[0.106, 0.587, 0.119, 0.623, 0.123, 0.59, 0.104]","[22.33605508529819, 21.81818181818182, 22.258859669380602, 21.462412957334664, 21.096740045058493, 21.44994593507179, 21.698723364019514, 21.41806608251754]","[2.3676218390416084, 12.807272727272728, 2.6488043006562916, 13.371083272419495, 2.5948990255421944, 12.655468101692355, 2.2566672298580293]",48.70181649648271,9.933245492357935
ADTC1_adz_raw_20260611_2233,2026-06-11 22:31:50.733,2026-06-11 22:32:00.785,"[Timestamp('2026-06-11 22:32:00.785000'), Timestamp('2026-06-11 22:32:00.897000'), Timestamp('2026-06-11 22:32:01.258000'), Timestamp('2026-06-11 22:32:01.370000'), Timestamp('2026-06-11 22:32:01.604000'), Timestamp('2026-06-11 22:32:01.718000'), Timestamp('2026-06-11 22:32:02.514000'), Timestamp('2026-06-11 22:32:02.625000'), Timestamp('2026-06-11 22:32:02.816000'), Timestamp('2026-06-11 22:32:02.930000'), Timestamp('2026-06-11 22:32:03.721000'), Timestamp('2026-06-11 22:32:03.838000'), Timestamp('2026-06-11 22:32:04.034000'), Timestamp('2026-06-11 22:32:04.143000'), Timestamp('2026-06-11 22:32:04.935000'), Timestamp('2026-06-11 22:32:05.050000'), Timestamp('2026-06-11 22:32:05.243000'), Timestamp('2026-06-11 22:32:05.356000'), Timestamp('2026-06-11 22:32:06.153000'), Timestamp('2026-06-11 22:32:06.261000')]","[0.112, 0.361, 0.112, 0.234, 0.114, 0.796, 0.111, 0.191, 0.114, 0.791, 0.117, 0.196, 0.109, 0.792, 0.115, 0.193, 0.113, 0.797, 0.108]","[21.622548013347775, 21.218806770380695, 22.058823529411764, 21.584955813597006, 22.453075807595113, 21.26438460190432, 22.06694271911663, 21.739124139714406, 21.42633107590174, 21.39093203907447, 21.116702329933897, 21.46599739021152, 21.547388781431337, 22.255431725058948, 21.108480865726477, 21.69486215538847, 21.369800462633517, 21.18010419994764, 21.157905163210824, 22.97517231087773]","[2.4217253774949508, 7.659989244107431, 2.4705882352941178, 5.0508796603817, 2.559650642065843, 16.92645014311584, 2.449430641821946, 4.152172710685451, 2.442601742652798, 16.920227242907906, 2.470654172602266, 4.207335488481458, 2.3486653771760158, 17.626301926246686, 2.427475299558545, 4.187108395989975, 2.4147874522775874, 16.88054304735827, 2.285053757626769]",117.90164055784558,9.939830811390443
ADTC1_adz_raw_20260611_2256,2026-06-11 22:55:12.026,2026-06-11 22:55:22.075,"[Timestamp('2026-06-11 22:55:22.075000'), Timestamp('2026-06-11 22:55:22.182000'), Timestamp('2026-06-11 22:55:23.005000'), Timestamp('2026-06-11 22:55:23.126000'), Timestamp('2026-06-11 22:55:23.954000'), Timestamp('2026-06-11 22:55:24.073000'), Timestamp('2026-06-11 22:55:24.898000'), Timestamp('2026-06-11 22:55:25.011000')]","[0.107, 0.823, 0.121, 0.828, 0.119, 0.825, 0.113]","[20.23346497030707, 20.83632691509404, 20.451758473537062, 20.617816091954023, 20.700781914799027, 20.403262302175857, 20.883541129762477, 21.08996339206199]","[2.1649807518228568, 17.148297051122395, 2.4746627752979844, 17.07155172413793, 2.463393047861084, 16.832691399295083, 2.35984014766316]",60.515416897200495,9.92997091802338
ADTC1_adz_raw_20260611_2313,2026-06-11 23:12:30.042,2026-06-11 23:12:40.146,"[Timestamp('2026-06-11 23:12:40.146000'), Timestamp('2026-06-11 23:12:40.599000'), Timestamp('2026-06-11 23:12:41.033000'), Timestamp('2026-06-11 23:12:41.483000')]","[0.453, 0.434, 0.45]","[21.805763784774275, 21.37004710128692, 21.937843045896173, 18.320136026320917]","[9.878010994502747, 9.274600441958524, 9.872029370653278]",29.02464080711455,9.884209293043224
ADTC1_adz_raw_20260611_2319,2026-06-11 23:16:30.278,2026-06-11 23:16:40.301,"[Timestamp('2026-06-11 23:16:40.301000'), Timestamp('2026-06-11 23:16:40.438000'), Timestamp('2026-06-11 23:16:40.740000'), Timestamp('2026-06-11 23:16:40.878000'), Timestamp('2026-06-11 23:16:41.118000'), Timestamp('2026-06-11 23:16:41.196000'), Timestamp('2026-06-11 23:16:41.647000'), Timestamp('2026-06-11 23:16:41.721000'), Timestamp('2026-06-11 23:16:41.903000'), Timestamp('2026-06-11 23:16:41.982000'), Timestamp('2026-06-11 23:16:42.418000'), Timestamp('2026-06-11 23:16:42.496000'), Timestamp('2026-06-11 23:16:42.674000'), Timestamp('2026-06-11 23:16:42.755000'), Timestamp('2026-06-11 23:16:43.204000'), Timestamp('2026-06-11 23:16:43.284000'), Timestamp('2026-06-11 23:16:43.450000'), Timestamp('2026-06-11 23:16:43.528000'), Timestamp('2026-06-11 23:16:44.063000'), Timestamp('2026-06-11 23:16:44.214000'), Timestamp('2026-06-11 23:16:44.299000'), Timestamp('2026-06-11 23:16:44.748000'), Timestamp('2026-06-11 23:16:44.829000'), Timestamp('2026-06-11 23:16:44.995000'), Timestamp('2026-06-11 23:16:45.078000'), Timestamp('2026-06-11 23:16:45.527000'), Timestamp('2026-06-11 23:16:45.607000'), Timestamp('2026-06-11 23:16:45.785000'), Timestamp('2026-06-11 23:16:45.864000'), Timestamp('2026-06-11 23:16:46.317000'), Timestamp('2026-06-11 23:16:46.396000'), Timestamp('2026-06-11 23:16:46.570000'), Timestamp('2026-06-11 23:16:46.651000'), Timestamp('2026-06-11 23:16:47.102000'), Timestamp('2026-06-11 23:16:47.187000'), Timestamp('2026-06-11 23:16:47.363000'), Timestamp('2026-06-11 23:16:47.445000'), Timestamp('2026-06-11 23:16:47.883000'), Timestamp('2026-06-11 23:16:47.960000'), Timestamp('2026-06-11 23:16:48.127000'), Timestamp('2026-06-11 23:16:48.208000'), Timestamp('2026-06-11 23:16:48.662000'), Timestamp('2026-06-11 23:16:48.739000'), Timestamp('2026-06-11 23:16:48.907000'), Timestamp('2026-06-11 23:16:48.986000'), Timestamp('2026-06-11 23:16:49.426000'), Timestamp('2026-06-11 23:16:49.505000'), Timestamp('2026-06-11 23:16:49.684000'), Timestamp('2026-06-11 23:16:49.762000'), Timestamp('2026-06-11 23:16:50.188000'), Timestamp('2026-06-11 23:16:50.267000'), Timestamp('2026-06-11 23:16:50.446000'), Timestamp('2026-06-11 23:16:50.522000'), Timestamp('2026-06-11 23:16:50.950000'), Timestamp('2026-06-11 23:16:51.028000'), Timestamp('2026-06-11 23:16:51.197000'), Timestamp('2026-06-11 23:16:51.277000'), Timestamp('2026-06-11 23:16:51.732000'), Timestamp('2026-06-11 23:16:51.811000'), Timestamp('2026-06-11 23:16:51.979000'), Timestamp('2026-06-11 23:16:52.056000'), Timestamp('2026-06-11 23:16:52.515000'), Timestamp('2026-06-11 23:16:52.592000'), Timestamp('2026-06-11 23:16:52.773000'), Timestamp('2026-06-11 23:16:52.853000'), Timestamp('2026-06-11 23:16:53.307000'), Timestamp('2026-06-11 23:16:53.386000'), Timestamp('2026-06-11 23:16:53.566000'), Timestamp('2026-06-11 23:16:53.644000'), Timestamp('2026-06-11 23:16:54.085000'), Timestamp('2026-06-11 23:16:54.164000'), Timestamp('2026-06-11 23:16:54.332000'), Timestamp('2026-06-11 23:16:54.411000'), Timestamp('2026-06-11 23:16:54.867000'), Timestamp('2026-06-11 23:16:54.947000'), Timestamp('2026-06-11 23:16:55.115000'), Timestamp('2026-06-11 23:16:55.193000'), Timestamp('2026-06-11 23:16:55.623000'), Timestamp('2026-06-11 23:16:55.701000'), Timestamp('2026-06-11 23:16:55.879000'), Timestamp('2026-06-11 23:16:55.962000'), Timestamp('2026-06-11 23:16:56.419000'), Timestamp('2026-06-11 23:16:56.499000')]","[0.137, 0.302, 0.138, 0.24, 0.078, 0.451, 0.074, 0.182, 0.079, 0.436, 0.078, 0.178, 0.081, 0.449, 0.08, 0.166, 0.078, 0.535, 0.151, 0.085, 0.449, 0.081, 0.166, 0.083, 0.449, 0.08, 0.178, 0.079, 0.453, 0.079, 0.174, 0.081, 0.451, 0.085, 0.176, 0.082, 0.438, 0.077, 0.167, 0.081, 0.454, 0.077, 0.168, 0.079, 0.44, 0.079, 0.179, 0.078, 0.426, 0.079, 0.179, 0.076, 0.428, 0.078, 0.169, 0.08, 0.455, 0.079, 0.168, 0.077, 0.459, 0.077, 0.181, 0.08, 0.454, 0.079, 0.18, 0.078, 0.441, 0.079, 0.168, 0.079, 0.456, 0.08, 0.168, 0.078, 0.43, 0.078, 0.178, 0.083, 0.457, 0.08]","[21.21706583725204, 21.734756364272588, 22.042128432928195, 20.93195536857509, 21.556995798741298, 21.665260642602952, 21.217999336240148, 21.8594077612208, 21.33354689609409, 21.928665081513977, 21.81818181818182, 21.808563979141596, 21.612284209143844, 21.26268543104448, 21.096525858665615, 21.71312719474321, 21.420055110773685, 21.30338436744561, 21.618510417865778, 21.87651159482145, 21.811567500607616, 22.006486729207875, 22.29305648758536, 22.521383871232207, 21.851432880844648, 22.114625406176927, 22.14705024205588, 22.047511312217196, 21.260873635420893, 21.728428288673207, 22.044808653731703, 22.2765092879257, 21.96222836268265, 21.851432880844648, 21.78081695144976, 22.025343383382413, 22.281787979462393, 21.903821543621202, 20.984988557168904, 21.724930667055904, 21.679374138457305, 21.633410880458126, 21.820943091865917, 22.08630636546455, 22.275432900432904, 22.26388888888889, 21.576544943820224, 22.334395164583842, 22.50717360114778, 22.117806886105036, 21.982566032547986, 22.287123142601846, 21.6835445702977, 21.403998931550284, 21.279614727566983, 21.812713602187287, 21.92503346720214, 22.077276608532706, 21.329276538201484, 22.051525113601606, 21.37445887445888, 22.315277369641166, 21.886164759488427, 22.006849239727053, 21.51336424894572, 21.512103281334056, 22.45420714320236, 22.030028491229668, 21.932658100876836, 22.050056982554565, 21.349765514232736, 22.150682298673843, 21.720448768908653, 22.207792207792203, 21.683476985145788, 22.299934938191278, 22.19638078246464, 22.594818632606092, 21.66250952776419, 22.220048234178215, 21.56674854717175, 22.037920213757538, 21.363288064131574, 22.253705890069526]","[2.9067380197035297, 6.5638964220103215, 3.041813723744091, 5.023669288458021, 1.6814456723018212, 9.771032549813931, 1.5701319508817708, 3.9784122125421857, 1.6853502047914333, 9.560897975540094, 1.701818181818182, 3.881924388287204, 1.7505950209406513, 9.546945758538973, 1.6877220686932493, 3.6043791143273727, 1.6707642986403475, 11.397310636583402, 3.2643950730977322, 1.8595034855598236, 9.79339380777282, 1.782525425065838, 3.70064737693917, 1.8692748613122732, 9.811293363499248, 1.7691700324941542, 3.9421749430859463, 1.7417533936651586, 9.631175756845664, 1.7165458348051834, 3.835796705749316, 1.8043972523219816, 9.904964991569877, 1.8573717948717952, 3.833423783455158, 1.806078157437358, 9.759423135004528, 1.6865942588588325, 3.504493089047207, 1.7597193840315284, 9.842435858859616, 1.6657726377952757, 3.6659184394334745, 1.7448182028716996, 9.801190476190477, 1.7588472222222222, 3.86220154494382, 1.7420828228375398, 9.588055954088954, 1.7473067440022978, 3.934879319826089, 1.6938213588377402, 9.280557076087415, 1.669511916660922, 3.5962548889588204, 1.745017088174983, 9.975890227576974, 1.7441048520740838, 3.5833184584178492, 1.6979674337473236, 9.810876623376627, 1.7182763574623698, 3.961395821467405, 1.7605479391781642, 9.767067369021357, 1.6994561592253905, 4.041757285776424, 1.7183422223159142, 9.672302222486685, 1.7419545016218108, 3.5867606063911, 1.7499039015952336, 9.904524638622346, 1.7766233766233763, 3.6428241335044924, 1.7393949251789196, 9.544443736459796, 1.762395853343275, 3.8559266959420255, 1.8442640034367919, 9.856004086057489, 1.7630336171006031]",352.91699199390234,9.911548711756833
ADTC1_adz_raw_20260611_2331,2026-06-11 23:30:32.800,2026-06-11 23:30:42.829,"[Timestamp('2026-06-11 23:30:42.829000'), Timestamp('2026-06-11 23:30:42.944000'), Timestamp('2026-06-11 23:30:43.663000'), Timestamp('2026-06-11 23:30:43.776000'), Timestamp('2026-06-11 23:30:43.978000'), Timestamp('2026-06-11 23:30:44.096000'), Timestamp('2026-06-11 23:30:44.835000'), Timestamp('2026-06-11 23:30:44.947000'), Timestamp('2026-06-11 23:30:45.154000'), Timestamp('2026-06-11 23:30:45.263000'), Timestamp('2026-06-11 23:30:46.005000'), Timestamp('2026-06-11 23:30:46.118000'), Timestamp('2026-06-11 23:30:46.323000'), Timestamp('2026-06-11 23:30:46.435000'), Timestamp('2026-06-11 23:30:47.159000'), Timestamp('2026-06-11 23:30:47.271000')]","[0.115, 0.719, 0.113, 0.202, 0.118, 0.739, 0.112, 0.207, 0.109, 0.742, 0.113, 0.205, 0.112, 0.724, 0.112]","[22.797912171010164, 22.344322344322343, 22.059707972497424, 22.182749160633463, 21.405752520860432, 22.1001221001221, 21.982436430862506, 22.081710961412384, 22.195341527041105, 21.98833151665822, 21.619066424345906, 21.912111639809666, 21.988643228222784, 21.65067677933378, 22.73106863854194, 21.255881664803596]","[2.621759899666169, 16.065567765567764, 2.492747000892209, 4.48091533044796, 2.5258787974615307, 16.331990231990233, 2.4620328802566007, 4.570914169012363, 2.4192922264474803, 16.3153419853604, 2.4429545059510875, 4.491982886160981, 2.462728041560952, 15.675089988237655, 2.5458796875166976]",97.9050753965301,9.917279877195716
ADTC1_adz_raw_20260611_2335,2026-06-11 23:33:45.824,2026-06-11 23:33:55.864,"[Timestamp('2026-06-11 23:33:55.864000'), Timestamp('2026-06-11 23:33:56'), Timestamp('2026-06-11 23:33:56.298000'), Timestamp('2026-06-11 23:33:56.435000')]","[0.136, 0.298, 0.137]","[22.49347658329001, 22.627189615465138, 22.703421662763, 22.706529507562884]","[3.059112815327442, 6.742902505408611, 3.110368767798531]",12.912384088534585,9.934632994499957
ADTC1_adz_raw_20260611_2342,2026-06-11 23:40:51.379,2026-06-11 23:41:01.473,"[Timestamp('2026-06-11 23:41:01.473000'), Timestamp('2026-06-11 23:41:01.579000'), Timestamp('2026-06-11 23:41:02.162000'), Timestamp('2026-06-11 23:41:02.284000'), Timestamp('2026-06-11 23:41:02.904000'), Timestamp('2026-06-11 23:41:03.023000'), Timestamp('2026-06-11 23:41:03.603000'), Timestamp('2026-06-11 23:41:03.711000')]","[0.106, 0.583, 0.122, 0.62, 0.119, 0.58, 0.108]","[22.506639901234294, 22.34824550109439, 22.295146346379738, 22.29775960522825, 22.31322403309585, 22.82256504786214, 21.899255978678365, 22.439513932095316]","[2.385703829530835, 13.029027127138027, 2.720007854258328, 13.824610955241516, 2.655273659938406, 13.23708772776004, 2.3651196456972636]",50.21683079956442,9.986098699235429
ADTC1_adz_raw_20260611_2345,2026-06-11 23:43:44.819,2026-06-11 23:43:54.889,"[Timestamp('2026-06-11 23:43:54.889000'), Timestamp('2026-06-11 23:43:54.996000'), Timestamp('2026-06-11 23:43:55.778000'), Timestamp('2026-06-11 23:43:55.881000'), Timestamp('2026-06-11 23:43:56.195000'), Timestamp('2026-06-11 23:43:56.309000'), Timestamp('2026-06-11 23:43:57.084000'), Timestamp('2026-06-11 23:43:57.194000'), Timestamp('2026-06-11 23:43:57.496000'), Timestamp('2026-06-11 23:43:57.616000'), Timestamp('2026-06-11 23:43:58.385000'), Timestamp('2026-06-11 23:43:58.499000'), Timestamp('2026-06-11 23:43:58.798000'), Timestamp('2026-06-11 23:43:58.913000'), Timestamp('2026-06-11 23:43:59.681000'), Timestamp('2026-06-11 23:43:59.795000'), Timestamp('2026-06-11 23:44:00.107000'), Timestamp('2026-06-11 23:44:00.210000'), Timestamp('2026-06-11 23:44:00.991000'), Timestamp('2026-06-11 23:44:01.095000'), Timestamp('2026-06-11 23:44:01.405000'), Timestamp('2026-06-11 23:44:01.519000'), Timestamp('2026-06-11 23:44:02.285000'), Timestamp('2026-06-11 23:44:02.402000'), Timestamp('2026-06-11 23:44:02.697000'), Timestamp('2026-06-11 23:44:02.816000'), Timestamp('2026-06-11 23:44:03.584000'), Timestamp('2026-06-11 23:44:03.697000'), Timestamp('2026-06-11 23:44:04.006000'), Timestamp('2026-06-11 23:44:04.111000'), Timestamp('2026-06-11 23:44:04.883000'), Timestamp('2026-06-11 23:44:04.988000'), Timestamp('2026-06-11 23:44:05.290000'), Timestamp('2026-06-11 23:44:05.416000'), Timestamp('2026-06-11 23:44:06.179000'), Timestamp('2026-06-11 23:44:06.294000'), Timestamp('2026-06-11 23:44:06.598000'), Timestamp('2026-06-11 23:44:06.702000'), Timestamp('2026-06-11 23:44:07.481000'), Timestamp('2026-06-11 23:44:07.585000'), Timestamp('2026-06-11 23:44:07.893000'), Timestamp('2026-06-11 23:44:08.008000'), Timestamp('2026-06-11 23:44:08.772000'), Timestamp('2026-06-11 23:44:08.887000'), Timestamp('2026-06-11 23:44:09.193000'), Timestamp('2026-06-11 23:44:09.292000'), Timestamp('2026-06-11 23:44:10.068000'), Timestamp('2026-06-11 23:44:10.173000'), Timestamp('2026-06-11 23:44:10.491000'), Timestamp('2026-06-11 23:44:10.589000'), Timestamp('2026-06-11 23:44:11.369000'), Timestamp('2026-06-11 23:44:11.469000')]","[0.107, 0.782, 0.103, 0.314, 0.114, 0.775, 0.11, 0.302, 0.12, 0.769, 0.114, 0.299, 0.115, 0.768, 0.114, 0.312, 0.103, 0.781, 0.104, 0.31, 0.114, 0.766, 0.117, 0.295, 0.119, 0.768, 0.113, 0.309, 0.105, 0.772, 0.105, 0.302, 0.126, 0.763, 0.115, 0.304, 0.104, 0.779, 0.104, 0.308, 0.115, 0.764, 0.115, 0.306, 0.099, 0.776, 0.105, 0.318, 0.098, 0.78, 0.1]","[21.366546354740002, 21.586109631585657, 21.46228786315774, 20.896715323250664, 21.071767700020505, 21.357102399897684, 22.216868329942535, 20.978192974853883, 21.61626618198546, 22.259523496885073, 22.462312849344052, 22.352464340739864, 21.06164165984172, 21.418453633347504, 22.08079621999409, 21.085760153376185, 21.456352636127914, 21.78179846314592, 21.947496947496944, 22.027010251090037, 21.569434026181433, 21.243654284557238, 21.7319593823229, 22.108005938716737, 21.664875893517088, 21.453675988098773, 22.038517710327234, 20.4400238693597, 21.8225594630089, 21.668011698292325, 22.105672105672106, 21.92146143076205, 21.184390046247152, 23.538730772773327, 22.693209927252482, 22.28823807771176, 21.617352933748172, 22.126976925071297, 22.409209015650497, 22.856085768654054, 22.8675096782583, 22.431846008757468, 22.609860926580428, 22.833596678749576, 22.265636513691163, 21.49618917334376, 22.107308452417143, 23.072859055031543, 22.797237526189186, 22.579621121980033, 23.651514887497683, 22.93990776407538]","[2.28622045995718, 16.880337731899985, 2.210615649905247, 6.561568611500708, 2.4021815178023376, 16.551754359920707, 2.443855516293679, 6.335414278405873, 2.593951941838255, 17.11757356910462, 2.560703664825222, 6.683386837881219, 2.422088790881798, 16.449372390410883, 2.5172107690793264, 6.57875716785337, 2.210004321521175, 17.01158459971696, 2.282539682539682, 6.8283731778379115, 2.4589154789846837, 16.272639181970845, 2.5426392477317794, 6.521861751921437, 2.5781202313285334, 16.47642315885986, 2.4903525012669774, 6.315967375632147, 2.2913687436159345, 16.727705031081676, 2.321095571095571, 6.62028135209014, 2.669233145827141, 17.96005157962605, 2.6097191416340357, 6.775624375624375, 2.24820470510981, 17.23691502463054, 2.3305577376276516, 7.039674416745449, 2.629763612999705, 17.137930350690706, 2.600134006556749, 6.98708058369737, 2.2042980148554254, 16.681042798514756, 2.3212673875038, 7.337169179500031, 2.2341292775665402, 17.612104475144427, 2.365151488749768]",363.5249159673601,9.966279282213414
