file,timestamp_raw,timestamp,timestamp_serie,delta_t,velocity,length,total_length,first_peak_raw
ADTC_8_adz_raw_20260307_0010,2026-03-07 00:06:59.822,2026-03-07 00:07:09.868,"[Timestamp('2026-03-07 00:07:09.868000'), Timestamp('2026-03-07 00:07:09.976000'), Timestamp('2026-03-07 00:07:10.692000'), Timestamp('2026-03-07 00:07:10.800000'), Timestamp('2026-03-07 00:07:10.978000'), Timestamp('2026-03-07 00:07:11.098000'), Timestamp('2026-03-07 00:07:11.886000'), Timestamp('2026-03-07 00:07:11.996000'), Timestamp('2026-03-07 00:07:12.173000'), Timestamp('2026-03-07 00:07:12.292000'), Timestamp('2026-03-07 00:07:13.122000'), Timestamp('2026-03-07 00:07:13.239000'), Timestamp('2026-03-07 00:07:13.423000'), Timestamp('2026-03-07 00:07:13.550000'), Timestamp('2026-03-07 00:07:14.423000'), Timestamp('2026-03-07 00:07:14.550000'), Timestamp('2026-03-07 00:07:14.742000'), Timestamp('2026-03-07 00:07:14.880000'), Timestamp('2026-03-07 00:07:15.812000'), Timestamp('2026-03-07 00:07:15.948000'), Timestamp('2026-03-07 00:07:16.174000'), Timestamp('2026-03-07 00:07:16.317000'), Timestamp('2026-03-07 00:07:17.264000'), Timestamp('2026-03-07 00:07:17.405000')]","[0.108, 0.716, 0.108, 0.178, 0.12, 0.788, 0.11, 0.177, 0.119, 0.83, 0.117, 0.184, 0.127, 0.873, 0.127, 0.192, 0.138, 0.932, 0.136, 0.226, 0.143, 0.947, 0.141]","[21.968998743192294, 21.851176665561816, 21.47651006711409, 21.309892189132192, 21.10144927536232, 21.11613876319759, 20.67603282793156, 20.490951834235418, 20.14745910520335, 20.20556130985579, 19.612032987212444, 19.356805736795245, 19.183135704874832, 19.15858841507091, 18.533094812164578, 18.32067741054357, 17.89451740671253, 17.868644684078205, 17.143349139484233, 16.81260945709282, 16.60904625497257, 16.63116844157792, 15.960199004975124, 15.560628709086753]","[2.3726518642647676, 15.64544249254226, 2.3194630872483217, 3.79316080966553, 2.5321739130434784, 16.639517345399703, 2.274363611072472, 3.6268984746596686, 2.3975476335191983, 16.770615887180302, 2.294607859503856, 3.561652255570325, 2.4362582345191037, 16.725447686356905, 2.3537030411449016, 3.517570062824366, 2.4694434021263296, 16.653576845560888, 2.331495482969856, 3.799649737302977, 2.3750936144610773, 15.74971651417429, 2.2503880597014922]",144.89043791481205,9.921816128464428
ADTC_8_adz_raw_20260307_0030,2026-03-07 00:22:18.308,2026-03-07 00:22:28.359,"[Timestamp('2026-03-07 00:22:28.359000'), Timestamp('2026-03-07 00:22:28.475000'), Timestamp('2026-03-07 00:22:29.300000'), Timestamp('2026-03-07 00:22:29.422000'), Timestamp('2026-03-07 00:22:29.657000'), Timestamp('2026-03-07 00:22:29.793000'), Timestamp('2026-03-07 00:22:30.644000'), Timestamp('2026-03-07 00:22:30.780000'), Timestamp('2026-03-07 00:22:31.025000'), Timestamp('2026-03-07 00:22:31.163000'), Timestamp('2026-03-07 00:22:32.070000'), Timestamp('2026-03-07 00:22:32.208000'), Timestamp('2026-03-07 00:22:32.472000'), Timestamp('2026-03-07 00:22:32.618000'), Timestamp('2026-03-07 00:22:33.577000'), Timestamp('2026-03-07 00:22:33.731000')]","[0.116, 0.825, 0.122, 0.235, 0.136, 0.851, 0.136, 0.245, 0.138, 0.907, 0.138, 0.264, 0.146, 0.959, 0.154]","[19.698296181561048, 19.454505137112868, 19.0354910977479, 18.77049869649315, 18.640846982173557, 18.77585633902889, 18.079673135852907, 17.950196592398427, 17.731933443850924, 17.675874545195846, 17.13063189262155, 16.84957321804678, 16.64278052693726, 16.689020190669517, 15.867811946757588, 15.718010488320555]","[2.2850023570610816, 16.049966738118115, 2.322329913925244, 4.41106719367589, 2.5351551895756037, 15.978253744513585, 2.4588355464759957, 4.397798165137615, 2.4470068152514277, 16.032018212492634, 2.3640272011817745, 4.44828732956435, 2.4298459569328394, 16.004770362852067, 2.4436430398006683]",96.60800776655888,9.921816128464428
ADTC_8_adz_raw_20260307_0040,2026-03-07 00:37:18.034,2026-03-07 00:37:28.083,"[Timestamp('2026-03-07 00:37:28.083000'), Timestamp('2026-03-07 00:37:28.201000'), Timestamp('2026-03-07 00:37:28.999000'), Timestamp('2026-03-07 00:37:29.119000'), Timestamp('2026-03-07 00:37:29.343000'), Timestamp('2026-03-07 00:37:29.473000'), Timestamp('2026-03-07 00:37:30.299000'), Timestamp('2026-03-07 00:37:30.424000'), Timestamp('2026-03-07 00:37:30.664000'), Timestamp('2026-03-07 00:37:30.798000'), Timestamp('2026-03-07 00:37:31.668000'), Timestamp('2026-03-07 00:37:31.795000'), Timestamp('2026-03-07 00:37:32.052000'), Timestamp('2026-03-07 00:37:32.190000'), Timestamp('2026-03-07 00:37:33.110000'), Timestamp('2026-03-07 00:37:33.247000')]","[0.118, 0.798, 0.12, 0.224, 0.13, 0.826, 0.125, 0.24, 0.134, 0.87, 0.127, 0.257, 0.138, 0.92, 0.137]","[20.14799154334038, 19.94253319872641, 19.572048481221007, 19.454505137112868, 19.146854593033893, 19.229411953418243, 18.586658269983356, 18.604651162790695, 18.285780628682552, 18.237318958238617, 17.712237415876064, 17.518481518481515, 17.504038933322697, 17.33665393191034, 16.739332688764435, 16.48128172027799]","[2.3774630021141645, 15.914141492583674, 2.3486458177465206, 4.357809150713282, 2.489091097094406, 15.883494273523468, 2.3233322837479196, 4.4651162790697665, 2.4502946042434623, 15.866467493667598, 2.24945415181626, 4.502249750249749, 2.415557372798532, 15.949721617357515, 2.2932885783607277]",95.88612696508704,9.921816128464428
ADTC_8_adz_raw_20260307_0150,2026-03-07 01:44:59.109,2026-03-07 01:45:09.160,"[Timestamp('2026-03-07 01:45:09.160000'), Timestamp('2026-03-07 01:45:09.261000'), Timestamp('2026-03-07 01:45:09.971000'), Timestamp('2026-03-07 01:45:10.080000'), Timestamp('2026-03-07 01:45:10.283000'), Timestamp('2026-03-07 01:45:10.391000'), Timestamp('2026-03-07 01:45:11.117000'), Timestamp('2026-03-07 01:45:11.229000'), Timestamp('2026-03-07 01:45:11.442000'), Timestamp('2026-03-07 01:45:11.552000'), Timestamp('2026-03-07 01:45:12.310000'), Timestamp('2026-03-07 01:45:12.419000'), Timestamp('2026-03-07 01:45:12.633000'), Timestamp('2026-03-07 01:45:12.753000'), Timestamp('2026-03-07 01:45:13.539000'), Timestamp('2026-03-07 01:45:13.653000')]","[0.101, 0.71, 0.109, 0.203, 0.108, 0.726, 0.112, 0.213, 0.11, 0.758, 0.109, 0.214, 0.12, 0.786, 0.114]","[22.920049915383167, 22.777371235575572, 22.387475538160473, 22.19753930280246, 22.12733414059015, 22.088693297224104, 21.537765034331848, 21.50835465903959, 21.517424173970664, 21.35706340378198, 21.01662762456347, 20.763770027217372, 20.62320017721332, 20.67795038256434, 20.008684324793748, 19.879951980792317]","[2.3149250414537, 16.171933577258656, 2.4402348336594915, 4.5061004784689, 2.3897520871837363, 16.0363913337847, 2.412229683845167, 4.581279542375433, 2.366916659136773, 16.18865406006674, 2.290812411077418, 4.443446785824517, 2.4747840212655983, 16.252869000695572, 2.2809900130264875]",97.15131952912289,9.921816128464428
ADTC_8_adz_raw_20260307_0250,2026-03-07 02:45:05.274,2026-03-07 02:45:15.333,"[Timestamp('2026-03-07 02:45:15.333000'), Timestamp('2026-03-07 02:45:15.463000'), Timestamp('2026-03-07 02:45:16.334000'), Timestamp('2026-03-07 02:45:16.459000'), Timestamp('2026-03-07 02:45:16.712000'), Timestamp('2026-03-07 02:45:16.849000'), Timestamp('2026-03-07 02:45:17.747000'), Timestamp('2026-03-07 02:45:17.880000'), Timestamp('2026-03-07 02:45:18.137000'), Timestamp('2026-03-07 02:45:18.285000'), Timestamp('2026-03-07 02:45:19.216000'), Timestamp('2026-03-07 02:45:19.358000'), Timestamp('2026-03-07 02:45:19.630000'), Timestamp('2026-03-07 02:45:19.780000'), Timestamp('2026-03-07 02:45:20.775000'), Timestamp('2026-03-07 02:45:20.926000')]","[0.13, 0.871, 0.125, 0.253, 0.137, 0.898, 0.133, 0.257, 0.148, 0.931, 0.142, 0.272, 0.15, 0.995, 0.151]","[18.501505772437127, 18.268332428028245, 18.233634677960477, 17.87709497206704, 17.843927819985282, 17.899368183998163, 17.550508848448388, 17.281742173828505, 17.220409660418156, 17.198947841149675, 16.68146162068153, 16.42574866075349, 16.37096352122259, 16.14215952251763, 15.3364416576709, 15.087407407407408]","[2.405195750416827, 15.911717544812602, 2.2792043347450597, 4.5229050279329615, 2.444618111337984, 16.07363262923035, 2.3342176768436356, 4.4414077386739255, 2.5486206297418867, 16.012220440110347, 2.368767550136777, 4.46780363572495, 2.455644528183388, 16.06144872490504, 2.3158026903083058]",96.64320701310403,9.921816128464428
ADTC_8_adz_raw_20260307_0350,2026-03-07 03:44:52.608,2026-03-07 03:45:02.660,"[Timestamp('2026-03-07 03:45:02.660000'), Timestamp('2026-03-07 03:45:02.774000'), Timestamp('2026-03-07 03:45:03.561000'), Timestamp('2026-03-07 03:45:03.679000'), Timestamp('2026-03-07 03:45:03.907000'), Timestamp('2026-03-07 03:45:04.033000'), Timestamp('2026-03-07 03:45:04.846000'), Timestamp('2026-03-07 03:45:04.968000'), Timestamp('2026-03-07 03:45:05.210000'), Timestamp('2026-03-07 03:45:05.339000'), Timestamp('2026-03-07 03:45:06.195000'), Timestamp('2026-03-07 03:45:06.321000'), Timestamp('2026-03-07 03:45:06.572000'), Timestamp('2026-03-07 03:45:06.708000'), Timestamp('2026-03-07 03:45:07.619000'), Timestamp('2026-03-07 03:45:07.750000')]","[0.114, 0.787, 0.118, 0.228, 0.126, 0.813, 0.122, 0.242, 0.129, 0.856, 0.126, 0.251, 0.136, 0.911, 0.131]","[20.560139048763368, 20.386668590390997, 19.89742003659888, 19.75442459141333, 19.696969696969695, 19.7438173747622, 19.085562511857333, 18.86233092458773, 18.735719725818736, 18.755795362183903, 18.130715783766817, 17.92731153097734, 17.76171209102672, 17.66869171221326, 17.05285476298652, 16.652324356852716]","[2.343855851559024, 16.044308180637714, 2.3478955643186676, 4.504008806842239, 2.4818181818181815, 16.05172352568167, 2.3284386264465944, 4.5646840837502305, 2.416907844630617, 16.054960830029422, 2.284470188754619, 4.499755194275313, 2.415592844379634, 16.09617814982628, 2.233923973951234]",96.66852184690144,9.921816128464428
ADTC_8_adz_raw_20260307_0450,2026-03-07 04:44:02.446,2026-03-07 04:44:12.550,"[Timestamp('2026-03-07 04:44:12.550000'), Timestamp('2026-03-07 04:44:12.648000'), Timestamp('2026-03-07 04:44:13.316000'), Timestamp('2026-03-07 04:44:13.414000'), Timestamp('2026-03-07 04:44:13.607000'), Timestamp('2026-03-07 04:44:13.624000'), Timestamp('2026-03-07 04:44:13.707000'), Timestamp('2026-03-07 04:44:14.374000'), Timestamp('2026-03-07 04:44:14.477000'), Timestamp('2026-03-07 04:44:14.659000'), Timestamp('2026-03-07 04:44:14.766000'), Timestamp('2026-03-07 04:44:15.437000'), Timestamp('2026-03-07 04:44:15.537000'), Timestamp('2026-03-07 04:44:15.726000'), Timestamp('2026-03-07 04:44:15.826000'), Timestamp('2026-03-07 04:44:16.495000'), Timestamp('2026-03-07 04:44:16.593000'), Timestamp('2026-03-07 04:44:16.788000'), Timestamp('2026-03-07 04:44:16.890000'), Timestamp('2026-03-07 04:44:17.552000'), Timestamp('2026-03-07 04:44:17.652000'), Timestamp('2026-03-07 04:44:17.843000'), Timestamp('2026-03-07 04:44:17.944000'), Timestamp('2026-03-07 04:44:18.611000'), Timestamp('2026-03-07 04:44:18.708000'), Timestamp('2026-03-07 04:44:18.893000'), Timestamp('2026-03-07 04:44:18.999000'), Timestamp('2026-03-07 04:44:19.668000'), Timestamp('2026-03-07 04:44:19.770000'), Timestamp('2026-03-07 04:44:19.956000'), Timestamp('2026-03-07 04:44:20.056000'), Timestamp('2026-03-07 04:44:20.723000'), Timestamp('2026-03-07 04:44:20.820000')]","[0.098, 0.668, 0.098, 0.193, 0.017, 0.083, 0.667, 0.103, 0.182, 0.107, 0.671, 0.1, 0.189, 0.1, 0.669, 0.098, 0.195, 0.102, 0.662, 0.1, 0.191, 0.101, 0.667, 0.097, 0.185, 0.106, 0.669, 0.102, 0.186, 0.1, 0.667, 0.097]","[23.762376237623766, 23.823686981581716, 24.000150000937502, 23.82148662627457, 24.181973922147137, 23.901895206243037, 23.958177744585516, 23.646611295479502, 23.94014962593516, 23.881188118811885, 23.947446999104216, 24.00135007594177, 24.063929235563155, 24.304420558770932, 24.12441043320137, 24.000150000937502, 24.000150000937502, 23.884291894367458, 24.304420558770932, 24.428113567936805, 24.00060001500038, 24.489955291774855, 24.304420558770932, 24.24628964672717, 24.00540121527344, 24.24304262428896, 24.437607280500046, 24.304420558770932, 24.371134020618562, 24.55242966751918, 24.679315608953388, 24.36799381523]","[2.328712871287129, 15.914222903696587, 2.352014700091875, 4.597546918870992, 0.4110935566765013, 1.9838573021181722, 15.98010455563854, 2.4356009634343887, 4.357107231920199, 2.555287128712872, 16.06873693639893, 2.400135007594177, 4.548082625521436, 2.4304420558770934, 16.139230579811716, 2.352014700091875, 4.680029250182813, 2.4361977732254805, 16.08952640990636, 2.4428113567936807, 4.584114602865073, 2.4734854844692604, 16.211048512700213, 2.3518900957325357, 4.440999224825586, 2.5697625181746298, 16.348759270654533, 2.479050896994635, 4.5330309278350525, 2.455242966751918, 16.46110351117191, 2.3636954000773103]",199.77493824010344,9.921816128464428
ADTC_8_adz_raw_20260307_0500,2026-03-07 04:56:05.856,2026-03-07 04:56:15.939,"[Timestamp('2026-03-07 04:56:15.939000'), Timestamp('2026-03-07 04:56:16.096000'), Timestamp('2026-03-07 04:56:17.214000'), Timestamp('2026-03-07 04:56:17.383000'), Timestamp('2026-03-07 04:56:17.711000'), Timestamp('2026-03-07 04:56:17.886000'), Timestamp('2026-03-07 04:56:19.051000'), Timestamp('2026-03-07 04:56:19.229000'), Timestamp('2026-03-07 04:56:19.570000'), Timestamp('2026-03-07 04:56:19.755000'), Timestamp('2026-03-07 04:56:20.988000'), Timestamp('2026-03-07 04:56:21.176000'), Timestamp('2026-03-07 04:56:21.536000'), Timestamp('2026-03-07 04:56:21.737000'), Timestamp('2026-03-07 04:56:23.027000'), Timestamp('2026-03-07 04:56:23.232000')]","[0.157, 1.1179999999999999, 0.169, 0.328, 0.175, 1.165, 0.178, 0.341, 0.185, 1.233, 0.188, 0.36, 0.201, 1.29, 0.205]","[14.470115177536972, 14.22236258602766, 13.965298349555649, 13.759116893356989, 13.924370172161357, 13.722681359044994, 13.269142595139844, 13.064706960622571, 12.955843115113872, 12.878785155899003, 12.469635627530364, 12.30868363822859, 12.307712537331588, 12.207756931375021, 11.955168119551681, 11.663445508328293]","[2.2718080828733047, 15.900601371178922, 2.360135421074905, 4.5129903410210925, 2.4367647801282373, 15.986923783287418, 2.361907381934892, 4.455065073572297, 2.3968309762960662, 15.87954209722347, 2.3442914979757083, 4.4311261097622925, 2.473850220003649, 15.748006441473779, 2.4508094645080947]",96.01065304231413,9.921816128464428
ADTC_8_adz_raw_20260307_0540,2026-03-07 05:39:28.758,2026-03-07 05:39:38.804,"[Timestamp('2026-03-07 05:39:38.804000'), Timestamp('2026-03-07 05:39:38.903000'), Timestamp('2026-03-07 05:39:39.593000'), Timestamp('2026-03-07 05:39:39.697000'), Timestamp('2026-03-07 05:39:39.892000'), Timestamp('2026-03-07 05:39:39.999000'), Timestamp('2026-03-07 05:39:40.708000'), Timestamp('2026-03-07 05:39:40.810000'), Timestamp('2026-03-07 05:39:41.015000'), Timestamp('2026-03-07 05:39:41.119000'), Timestamp('2026-03-07 05:39:41.850000'), Timestamp('2026-03-07 05:39:41.954000'), Timestamp('2026-03-07 05:39:42.164000'), Timestamp('2026-03-07 05:39:42.274000'), Timestamp('2026-03-07 05:39:43.029000'), Timestamp('2026-03-07 05:39:43.141000')]","[0.099, 0.69, 0.104, 0.195, 0.107, 0.709, 0.102, 0.205, 0.104, 0.731, 0.104, 0.21, 0.11, 0.755, 0.112]","[23.386981911408633, 23.19503697175906, 23.049252905368014, 22.804909013965293, 22.722689075630253, 22.541297601790248, 22.432968076916772, 22.197273456295108, 22.099307012524633, 22.115710892432983, 21.79816286765843, 21.554930599655265, 21.45468347350127, 21.391457114356747, 20.964296612755568, 20.767460569889053]","[2.3153112092294545, 16.00457551051375, 2.3971223021582735, 4.446957257723232, 2.431327731092437, 15.981779999669286, 2.2881627438455108, 4.550441058540497, 2.2983279293025616, 16.16658466236851, 2.2670089382364766, 4.526535425927605, 2.3600151820851396, 16.150550121339343, 2.348001220628624]",96.53270129266068,9.921816128464428
ADTC_8_adz_raw_20260307_0550,2026-03-07 05:45:20.469,2026-03-07 05:45:30.514,"[Timestamp('2026-03-07 05:45:30.514000'), Timestamp('2026-03-07 05:45:30.605000'), Timestamp('2026-03-07 05:45:31.227000'), Timestamp('2026-03-07 05:45:31.321000'), Timestamp('2026-03-07 05:45:31.473000'), Timestamp('2026-03-07 05:45:31.571000'), Timestamp('2026-03-07 05:45:32.229000'), Timestamp('2026-03-07 05:45:32.323000'), Timestamp('2026-03-07 05:45:32.466000'), Timestamp('2026-03-07 05:45:32.564000'), Timestamp('2026-03-07 05:45:33.229000'), Timestamp('2026-03-07 05:45:33.319000'), Timestamp('2026-03-07 05:45:33.457000'), Timestamp('2026-03-07 05:45:33.558000'), Timestamp('2026-03-07 05:45:34.220000'), Timestamp('2026-03-07 05:45:34.310000'), Timestamp('2026-03-07 05:45:34.452000'), Timestamp('2026-03-07 05:45:34.552000'), Timestamp('2026-03-07 05:45:35.210000'), Timestamp('2026-03-07 05:45:35.305000'), Timestamp('2026-03-07 05:45:35.456000'), Timestamp('2026-03-07 05:45:35.557000'), Timestamp('2026-03-07 05:45:36.177000'), Timestamp('2026-03-07 05:45:36.271000')]","[0.091, 0.622, 0.094, 0.152, 0.098, 0.658, 0.094, 0.143, 0.098, 0.665, 0.09, 0.138, 0.101, 0.662, 0.09, 0.142, 0.1, 0.658, 0.095, 0.151, 0.101, 0.62, 0.094]","[25.403225806451612, 25.01085540599219, 25.232095490716183, 25.06954671903126, 25.055124540628825, 25.274359827070167, 24.838666488151027, 25.163870223028404, 24.928934215312488, 25.135196265909975, 25.464907651715038, 25.370758273984073, 25.196850393700785, 25.207964327312073, 25.364382643658907, 24.84764876846631, 25.06954671903126, 25.1015134736065, 24.97969790482378, 25.163870223028404, 25.16421602308644, 25.274359827070167, 25.4658035462989, 25.296837895263096]","[2.3116935483870966, 15.556752062527142, 2.371816976127321, 3.810571101292751, 2.455402204981625, 16.63052876621217, 2.3348346498861967, 3.5984334418930612, 2.443035553100624, 16.714905516830136, 2.2918416886543533, 3.5011646418098024, 2.5448818897637793, 16.687672384680592, 2.2827944379293017, 3.528366125122216, 2.506954671903126, 16.516795865633078, 2.373071300958259, 3.799744403677289, 2.5415858183317304, 15.670103092783505, 2.3937855333520965]",144.86673567583725,9.921816128464428
ADTC_8_adz_raw_20260307_0600,2026-03-07 05:53:00.565,2026-03-07 05:53:10.618,"[Timestamp('2026-03-07 05:53:10.618000'), Timestamp('2026-03-07 05:53:10.730000'), Timestamp('2026-03-07 05:53:11.541000'), Timestamp('2026-03-07 05:53:11.665000'), Timestamp('2026-03-07 05:53:11.896000'), Timestamp('2026-03-07 05:53:12.029000'), Timestamp('2026-03-07 05:53:12.896000'), Timestamp('2026-03-07 05:53:13.024000'), Timestamp('2026-03-07 05:53:13.286000'), Timestamp('2026-03-07 05:53:13.426000'), Timestamp('2026-03-07 05:53:14.372000'), Timestamp('2026-03-07 05:53:14.517000'), Timestamp('2026-03-07 05:53:14.803000'), Timestamp('2026-03-07 05:53:14.958000'), Timestamp('2026-03-07 05:53:15.999000'), Timestamp('2026-03-07 05:53:16.155000')]","[0.112, 0.811, 0.124, 0.231, 0.133, 0.867, 0.128, 0.262, 0.14, 0.946, 0.145, 0.286, 0.155, 1.041, 0.156]","[20.10737972418149, 19.79684424016429, 19.047694033816903, 18.865171011941303, 18.556978290427168, 18.54449851764838, 17.712418300653592, 17.314597970335676, 17.14728612938929, 17.000150443809236, 15.936781894228702, 15.68627450980392, 15.374515315019593, 15.303089577945668, 14.81485009633177, 14.568063279334046]","[2.2520265291083272, 16.05524067877324, 2.3619140601932958, 4.357854503758441, 2.4680781126268134, 16.078080214801144, 2.26718954248366, 4.536424668227947, 2.4006200581145007, 16.082142319843538, 2.3108333746631615, 4.486274509803921, 2.383049873828037, 15.930516250641439, 2.3111166150277564]",96.28136131189522,9.921816128464428
ADTC_8_adz_raw_20260307_0610,2026-03-07 06:07:59.624,2026-03-07 06:08:09.680,"[Timestamp('2026-03-07 06:08:09.680000'), Timestamp('2026-03-07 06:08:09.814000'), Timestamp('2026-03-07 06:08:10.716000'), Timestamp('2026-03-07 06:08:10.851000'), Timestamp('2026-03-07 06:08:11.103000'), Timestamp('2026-03-07 06:08:11.258000'), Timestamp('2026-03-07 06:08:12.204000'), Timestamp('2026-03-07 06:08:12.351000'), Timestamp('2026-03-07 06:08:12.626000'), Timestamp('2026-03-07 06:08:12.791000'), Timestamp('2026-03-07 06:08:13.822000'), Timestamp('2026-03-07 06:08:13.980000'), Timestamp('2026-03-07 06:08:14.296000'), Timestamp('2026-03-07 06:08:14.464000'), Timestamp('2026-03-07 06:08:15.639000'), Timestamp('2026-03-07 06:08:15.821000')]","[0.134, 0.902, 0.135, 0.252, 0.155, 0.946, 0.147, 0.275, 0.165, 1.031, 0.158, 0.316, 0.168, 1.175, 0.182]","[17.944489476479298, 17.79500288612188, 17.220852934173354, 17.158848409726925, 17.16674550312576, 16.7979131201548, 16.244398952085092, 16.28556135574881, 15.815872326566058, 15.622964104682756, 14.816085055303096, 14.724064925899789, 14.256734110674028, 14.150586783574404, 13.018295485887652, 12.956315056142937]","[2.404561589848226, 16.051092603281933, 2.3248151461134032, 4.324029799251186, 2.660845552984493, 15.890825811666438, 2.3879266459565085, 4.4785293728309234, 2.6096189338833997, 16.10727599192792, 2.340941438737889, 4.652804516584333, 2.395131330593237, 16.626939470699927, 2.3693297784315526]",97.62466798279135,9.921816128464428
ADTC_8_adz_raw_20260307_0630,2026-03-07 06:23:00.853,2026-03-07 06:23:10.892,"[Timestamp('2026-03-07 06:23:10.892000'), Timestamp('2026-03-07 06:23:10.986000'), Timestamp('2026-03-07 06:23:11.593000'), Timestamp('2026-03-07 06:23:11.684000'), Timestamp('2026-03-07 06:23:11.834000'), Timestamp('2026-03-07 06:23:11.937000'), Timestamp('2026-03-07 06:23:12.608000'), Timestamp('2026-03-07 06:23:12.698000'), Timestamp('2026-03-07 06:23:12.849000'), Timestamp('2026-03-07 06:23:12.946000'), Timestamp('2026-03-07 06:23:13.644000'), Timestamp('2026-03-07 06:23:13.744000'), Timestamp('2026-03-07 06:23:13.897000'), Timestamp('2026-03-07 06:23:13.998000'), Timestamp('2026-03-07 06:23:14.720000'), Timestamp('2026-03-07 06:23:14.823000'), Timestamp('2026-03-07 06:23:14.985000'), Timestamp('2026-03-07 06:23:15.098000'), Timestamp('2026-03-07 06:23:15.868000'), Timestamp('2026-03-07 06:23:15.980000'), Timestamp('2026-03-07 06:23:16.163000'), Timestamp('2026-03-07 06:23:16.282000'), Timestamp('2026-03-07 06:23:17.068000'), Timestamp('2026-03-07 06:23:17.189000')]","[0.094, 0.607, 0.091, 0.15, 0.103, 0.671, 0.09, 0.151, 0.097, 0.698, 0.1, 0.153, 0.101, 0.722, 0.103, 0.162, 0.113, 0.77, 0.112, 0.183, 0.119, 0.786, 0.121]","[25.880711545169163, 25.964912280701753, 25.203100775193796, 24.96854580137181, 24.96854580137181, 24.98274111675127, 24.65612512693368, 24.334639850928486, 24.27963012699996, 24.196712568805587, 23.650485436893206, 23.588505191982616, 23.446054750402578, 23.290829529948713, 22.456416822614003, 22.122751963298654, 22.018348623853214, 21.81097976109426, 21.030809098761875, 20.51881622214103, 20.36717062634989, 20.368605592016543, 18.940879798262817, 18.568734847804613]","[2.432786885245901, 15.760701754385964, 2.2934821705426356, 3.7452818702057713, 2.5717602175412964, 16.763419289340103, 2.219051261424031, 3.6745306174902015, 2.3551241223189963, 16.8893053730263, 2.3650485436893205, 3.6090412943733403, 2.3680515297906606, 16.81597892062297, 2.313010932729242, 3.583885818054382, 2.488073394495413, 16.79445441604258, 2.35545061906133, 3.7549433686518086, 2.423693304535637, 16.009723995325004, 2.2918464555898006]",145.87864615448268,9.921816128464428
ADTC_8_adz_raw_20260307_0640,2026-03-07 06:30:52.826,2026-03-07 06:30:55.493,"[Timestamp('2026-03-07 06:30:55.493000'), Timestamp('2026-03-07 06:30:55.593000'), Timestamp('2026-03-07 06:30:56.249000'), Timestamp('2026-03-07 06:30:56.348000'), Timestamp('2026-03-07 06:30:56.529000'), Timestamp('2026-03-07 06:30:56.632000'), Timestamp('2026-03-07 06:30:57.288000'), Timestamp('2026-03-07 06:30:57.381000'), Timestamp('2026-03-07 06:30:57.571000'), Timestamp('2026-03-07 06:30:57.665000'), Timestamp('2026-03-07 06:30:58.320000'), Timestamp('2026-03-07 06:30:58.412000'), Timestamp('2026-03-07 06:30:58.597000'), Timestamp('2026-03-07 06:30:58.694000'), Timestamp('2026-03-07 06:30:59.343000'), Timestamp('2026-03-07 06:30:59.438000'), Timestamp('2026-03-07 06:30:59.615000'), Timestamp('2026-03-07 06:30:59.717000'), Timestamp('2026-03-07 06:31:00.360000'), Timestamp('2026-03-07 06:31:00.455000'), Timestamp('2026-03-07 06:31:00.641000'), Timestamp('2026-03-07 06:31:00.735000'), Timestamp('2026-03-07 06:31:01.375000'), Timestamp('2026-03-07 06:31:01.387000'), Timestamp('2026-03-07 06:31:01.475000'), Timestamp('2026-03-07 06:31:01.656000'), Timestamp('2026-03-07 06:31:01.752000'), Timestamp('2026-03-07 06:31:02.395000'), Timestamp('2026-03-07 06:31:02.489000'), Timestamp('2026-03-07 06:31:02.664000'), Timestamp('2026-03-07 06:31:02.763000'), Timestamp('2026-03-07 06:31:03.403000'), Timestamp('2026-03-07 06:31:03.497000')]","[0.1, 0.656, 0.099, 0.181, 0.103, 0.656, 0.093, 0.19, 0.094, 0.655, 0.092, 0.185, 0.097, 0.649, 0.095, 0.177, 0.102, 0.643, 0.095, 0.186, 0.094, 0.64, 0.012, 0.088, 0.181, 0.096, 0.643, 0.094, 0.175, 0.099, 0.64, 0.094]","[24.003750586029064, 24.00960384153662, 24.242424242424246, 24.24257883493288, 24.12075528872559, 24.181973922147137, 24.427639075934948, 24.30519946672137, 24.558212568288134, 24.558212568288134, 24.743747301292057, 24.616031979802237, 24.68013111980544, 24.80686408706974, 25.068008426908836, 24.871134020618562, 25.06544502617802, 25.131062272568407, 25.14191690662279, 25.00610500610501, 25.263332848565433, 25.737450405382084, 25.375039230044983, 26.03174603174603, 25.137091467427073, 25.199627958248648, 25.543478260869563, 25.475662548833277, 25.546551541101948, 25.611656149287498, 25.683322007224863, 25.74911012835724]","[2.4003750586029065, 15.750300120048024, 2.4000000000000004, 4.387906769122851, 2.4844377947387355, 15.863374892928523, 2.27177043406195, 4.61798789867706, 2.3084719814190846, 16.08562923222873, 2.2764247517188694, 4.553965916263413, 2.3939727186211277, 16.09965479250826, 2.3814608005563396, 4.402190721649485, 2.5566753926701575, 16.159273041261486, 2.3884821061291652, 4.651135531135532, 2.374753287765151, 16.471968259444534, 0.3045004707605398, 2.290793650793651, 4.5498135556043, 2.4191642839918703, 16.424456521739128, 2.394712279590328, 4.47064651969284, 2.535553958779462, 16.437326084623912, 2.4204163520655806]",199.527595179193,9.921816128464428
ADTC_8_adz_raw_20260307_0700,2026-03-07 06:55:19.917,2026-03-07 06:55:29.978,"[Timestamp('2026-03-07 06:55:29.978000'), Timestamp('2026-03-07 06:55:30.095000'), Timestamp('2026-03-07 06:55:30.858000'), Timestamp('2026-03-07 06:55:30.970000'), Timestamp('2026-03-07 06:55:31.184000'), Timestamp('2026-03-07 06:55:31.305000'), Timestamp('2026-03-07 06:55:32.095000'), Timestamp('2026-03-07 06:55:32.210000'), Timestamp('2026-03-07 06:55:32.433000'), Timestamp('2026-03-07 06:55:32.560000'), Timestamp('2026-03-07 06:55:33.374000'), Timestamp('2026-03-07 06:55:33.500000'), Timestamp('2026-03-07 06:55:33.732000'), Timestamp('2026-03-07 06:55:33.865000'), Timestamp('2026-03-07 06:55:34.724000'), Timestamp('2026-03-07 06:55:34.857000')]","[0.117, 0.763, 0.112, 0.214, 0.121, 0.79, 0.115, 0.223, 0.127, 0.814, 0.126, 0.232, 0.133, 0.859, 0.133]","[21.052732825161705, 20.872031194611836, 20.690520096429413, 20.51291416883158, 20.232384607184734, 20.32258064516129, 20.02453475321692, 19.71784652369203, 19.492405877405627, 19.53368218851427, 19.009975531714662, 18.695388349514566, 18.586658269983356, 18.594325400694515, 17.844852605829427, 17.883296504306742]","[2.4631697405439197, 15.925359801488831, 2.3173382508000944, 4.389763632129958, 2.4481185374693526, 16.05483870967742, 2.302821496619946, 4.3970797747833235, 2.475535546430515, 15.900417301450615, 2.3952569169960474, 4.33733009708738, 2.4720255499077863, 15.972525519196589, 2.373365396575314]",96.22494627115708,9.921816128464428
ADTC_8_adz_raw_20260307_0710,2026-03-07 07:07:14.021,2026-03-07 07:07:24.068,"[Timestamp('2026-03-07 07:07:24.068000'), Timestamp('2026-03-07 07:07:24.171000'), Timestamp('2026-03-07 07:07:24.877000'), Timestamp('2026-03-07 07:07:24.982000'), Timestamp('2026-03-07 07:07:25.185000'), Timestamp('2026-03-07 07:07:25.293000'), Timestamp('2026-03-07 07:07:26.023000'), Timestamp('2026-03-07 07:07:26.134000'), Timestamp('2026-03-07 07:07:26.339000'), Timestamp('2026-03-07 07:07:26.455000'), Timestamp('2026-03-07 07:07:27.217000'), Timestamp('2026-03-07 07:07:27.332000'), Timestamp('2026-03-07 07:07:27.555000'), Timestamp('2026-03-07 07:07:27.677000'), Timestamp('2026-03-07 07:07:28.492000'), Timestamp('2026-03-07 07:07:28.614000')]","[0.103, 0.706, 0.105, 0.203, 0.108, 0.73, 0.111, 0.205, 0.116, 0.762, 0.115, 0.223, 0.122, 0.815, 0.122]","[22.32666814501517, 22.537198280612813, 21.993386868209733, 22.222698531775805, 21.89307260245475, 22.02020202020202, 21.333438683647817, 21.481778133760514, 21.265614114276183, 21.169948942377825, 20.452503471371394, 20.513663447709057, 20.063243592655354, 19.94253319872641, 19.071969696969695, 19.150967413441954]","[2.299646818936562, 15.911261986112645, 2.309305621162022, 4.511207801950489, 2.364451841065113, 16.074747474747475, 2.368011693884908, 4.403764517420905, 2.4668112372560373, 16.131501094091902, 2.3520378992077102, 4.57454694883912, 2.4477157183039533, 16.253164556962023, 2.326780303030303]",96.79495551297117,9.921816128464428
ADTC_8_adz_raw_20260307_0730,2026-03-07 07:23:10.560,2026-03-07 07:23:20.609,"[Timestamp('2026-03-07 07:23:20.609000'), Timestamp('2026-03-07 07:23:20.720000'), Timestamp('2026-03-07 07:23:21.487000'), Timestamp('2026-03-07 07:23:21.602000'), Timestamp('2026-03-07 07:23:21.820000'), Timestamp('2026-03-07 07:23:21.941000'), Timestamp('2026-03-07 07:23:22.731000'), Timestamp('2026-03-07 07:23:22.854000'), Timestamp('2026-03-07 07:23:23.083000'), Timestamp('2026-03-07 07:23:23.206000'), Timestamp('2026-03-07 07:23:24.029000'), Timestamp('2026-03-07 07:23:24.153000'), Timestamp('2026-03-07 07:23:24.393000'), Timestamp('2026-03-07 07:23:24.522000'), Timestamp('2026-03-07 07:23:25.394000'), Timestamp('2026-03-07 07:23:25.524000')]","[0.111, 0.767, 0.115, 0.218, 0.121, 0.79, 0.123, 0.229, 0.123, 0.823, 0.124, 0.24, 0.129, 0.872, 0.13]","[21.075766338924232, 20.872031194611836, 20.512820512820515, 20.341265672767427, 20.12799774949012, 20.072361176655654, 19.69249413012194, 19.63855421686747, 19.49690721649484, 19.465375987115117, 18.9352058978, 18.623134412608096, 18.408589498455655, 18.36107779175565, 17.648549732858868, 17.42567994939911]","[2.3394100636205897, 16.00884792626728, 2.3589743589743595, 4.434395916663299, 2.4354877276883045, 15.857165329557967, 2.4221767780049985, 4.49722891566265, 2.3981195876288655, 16.02000443739574, 2.3479655313272, 4.469552259025943, 2.3747080453007796, 16.010859834410926, 2.2943114652716528]",96.26920817680055,9.921816128464428
ADTC_8_adz_raw_20260307_0740,2026-03-07 07:37:01.098,2026-03-07 07:37:11.146,"[Timestamp('2026-03-07 07:37:11.146000'), Timestamp('2026-03-07 07:37:11.251000'), Timestamp('2026-03-07 07:37:11.971000'), Timestamp('2026-03-07 07:37:12.077000'), Timestamp('2026-03-07 07:37:12.277000'), Timestamp('2026-03-07 07:37:12.393000'), Timestamp('2026-03-07 07:37:13.129000'), Timestamp('2026-03-07 07:37:13.241000'), Timestamp('2026-03-07 07:37:13.452000'), Timestamp('2026-03-07 07:37:13.560000'), Timestamp('2026-03-07 07:37:14.325000'), Timestamp('2026-03-07 07:37:14.439000'), Timestamp('2026-03-07 07:37:14.662000'), Timestamp('2026-03-07 07:37:14.769000'), Timestamp('2026-03-07 07:37:15.568000'), Timestamp('2026-03-07 07:37:15.683000')]","[0.105, 0.72, 0.106, 0.2, 0.116, 0.736, 0.112, 0.211, 0.108, 0.765, 0.114, 0.223, 0.107, 0.799, 0.115]","[22.196798785377485, 22.325702140087287, 21.695607763023492, 21.89512228105398, 21.76881941587824, 21.45275500114854, 20.872031194611836, 21.030203564538883, 20.67603282793156, 20.801757895033383, 20.255418404547495, 20.385473726922292, 19.84013117442099, 20.404401799750637, 19.626777152212775, 19.692328407446055]","[2.330663872464636, 16.074505540862845, 2.29973442288049, 4.379024456210796, 2.525183052241876, 15.789227680845324, 2.3376674937965256, 4.4373729521177045, 2.2330115454166086, 15.913344789700538, 2.3091176981184143, 4.5459606411036715, 2.122894035663046, 16.30311703800076, 2.257079372504469]",95.85790459192772,9.921816128464428
ADTC_8_adz_raw_20260307_0800,2026-03-07 07:53:11.402,2026-03-07 07:53:21.452,"[Timestamp('2026-03-07 07:53:21.452000'), Timestamp('2026-03-07 07:53:21.558000'), Timestamp('2026-03-07 07:53:22.303000'), Timestamp('2026-03-07 07:53:22.415000'), Timestamp('2026-03-07 07:53:22.631000'), Timestamp('2026-03-07 07:53:22.745000'), Timestamp('2026-03-07 07:53:23.518000'), Timestamp('2026-03-07 07:53:23.635000'), Timestamp('2026-03-07 07:53:23.838000'), Timestamp('2026-03-07 07:53:23.859000'), Timestamp('2026-03-07 07:53:23.978000'), Timestamp('2026-03-07 07:53:24.787000'), Timestamp('2026-03-07 07:53:24.907000'), Timestamp('2026-03-07 07:53:25.135000'), Timestamp('2026-03-07 07:53:25.270000'), Timestamp('2026-03-07 07:53:26.123000'), Timestamp('2026-03-07 07:53:26.251000')]","[0.106, 0.745, 0.112, 0.216, 0.114, 0.773, 0.117, 0.203, 0.021, 0.119, 0.809, 0.12, 0.228, 0.135, 0.853, 0.128]","[21.744751585298282, 21.747429345483653, 21.26248454761297, 21.17612724354297, 20.82782314045697, 21.039203932382204, 20.189475360242017, 20.147104162078833, 19.611869287592334, 19.977848539388066, 19.239713235737092, 19.143504711916975, 18.93962682646847, 18.993771187931824, 18.292350966336997, 17.956221222323613]","[2.3049436680416178, 16.201834862385322, 2.381398269332653, 4.574043484605282, 2.374371838012095, 16.263304639731444, 2.362168617148316, 4.089862144902003, 0.41184925503943903, 2.37736397618718, 15.564928007711309, 2.297220565430037, 4.318234916434811, 2.564159110370796, 15.603375374285458, 2.2983963164574224]",95.9874550460752,9.921816128464428
ADTC_8_adz_raw_20260307_0810,2026-03-07 08:07:45.907,2026-03-07 08:07:55.987,"[Timestamp('2026-03-07 08:07:55.987000'), Timestamp('2026-03-07 08:07:56.084000'), Timestamp('2026-03-07 08:07:56.779000'), Timestamp('2026-03-07 08:07:56.884000'), Timestamp('2026-03-07 08:07:57.082000'), Timestamp('2026-03-07 08:07:57.190000'), Timestamp('2026-03-07 08:07:57.908000'), Timestamp('2026-03-07 08:07:58.016000'), Timestamp('2026-03-07 08:07:58.224000'), Timestamp('2026-03-07 08:07:58.333000'), Timestamp('2026-03-07 08:07:59.071000'), Timestamp('2026-03-07 08:07:59.186000'), Timestamp('2026-03-07 08:07:59.392000'), Timestamp('2026-03-07 08:07:59.509000'), Timestamp('2026-03-07 08:08:00.273000'), Timestamp('2026-03-07 08:08:00.386000')]","[0.097, 0.695, 0.105, 0.198, 0.108, 0.718, 0.108, 0.208, 0.109, 0.738, 0.115, 0.206, 0.117, 0.764, 0.113]","[22.97492270697355, 23.16127680379968, 22.434315417039777, 22.537198280612813, 22.27390180878553, 22.044354456009366, 21.597983540344377, 21.794792504174655, 21.42899850523169, 21.430279837359485, 21.10053186093358, 20.960798615580437, 20.869663845292273, 20.802343926076176, 20.339348235927822, 20.339348235927822]","[2.2285675025764347, 16.097087378640776, 2.3556031187891766, 4.462365259561337, 2.4055813953488374, 15.827846499414724, 2.3325822223571926, 4.533316840868328, 2.335760837070254, 15.8155465199713, 2.426561164007362, 4.31792451480957, 2.441750669899196, 15.892990759522199, 2.298346350659844]",95.77183103349654,9.921816128464428
ADTC_8_adz_raw_20260307_0830,2026-03-07 08:24:06.819,2026-03-07 08:24:16.874,"[Timestamp('2026-03-07 08:24:16.874000'), Timestamp('2026-03-07 08:24:16.973000'), Timestamp('2026-03-07 08:24:17.654000'), Timestamp('2026-03-07 08:24:17.759000'), Timestamp('2026-03-07 08:24:17.925000'), Timestamp('2026-03-07 08:24:18.035000'), Timestamp('2026-03-07 08:24:18.792000'), Timestamp('2026-03-07 08:24:18.902000'), Timestamp('2026-03-07 08:24:19.067000'), Timestamp('2026-03-07 08:24:19.186000'), Timestamp('2026-03-07 08:24:19.991000'), Timestamp('2026-03-07 08:24:20.103000'), Timestamp('2026-03-07 08:24:20.283000'), Timestamp('2026-03-07 08:24:20.406000'), Timestamp('2026-03-07 08:24:21.265000'), Timestamp('2026-03-07 08:24:21.382000'), Timestamp('2026-03-07 08:24:21.582000'), Timestamp('2026-03-07 08:24:21.720000'), Timestamp('2026-03-07 08:24:22.636000'), Timestamp('2026-03-07 08:24:22.767000'), Timestamp('2026-03-07 08:24:22.990000'), Timestamp('2026-03-07 08:24:23.134000'), Timestamp('2026-03-07 08:24:24.052000'), Timestamp('2026-03-07 08:24:24.190000')]","[0.099, 0.681, 0.105, 0.166, 0.11, 0.757, 0.11, 0.165, 0.119, 0.805, 0.112, 0.18, 0.123, 0.859, 0.117, 0.2, 0.138, 0.916, 0.131, 0.223, 0.144, 0.918, 0.138]","[23.366517230556028, 23.30769910722178, 22.626172894342346, 22.541297601790248, 22.275700557215536, 22.115710892432983, 21.479197533336006, 21.239873712034065, 20.961098398169337, 21.17612724354297, 20.383635748901156, 20.007033722793167, 19.776974387697948, 19.747991543340376, 18.772364437104322, 18.625657701601067, 18.415902770625195, 18.34733893557423, 17.696589125160553, 17.33055265901981, 17.15819064656274, 17.13903487816531, 16.6974702727556, 16.258353170619785]","[2.313285205825047, 15.872543092018033, 2.3757481539059464, 3.7418554018971815, 2.450327061293709, 16.74159314557177, 2.3627117286669606, 3.504579162485621, 2.494370709382151, 17.046782431052094, 2.2829672038769298, 3.60126607010277, 2.4325678496868477, 16.963524735729383, 2.196366639141206, 3.7251315403202137, 2.541394582346277, 16.806162464985995, 2.3182531753960327, 3.8647132429614173, 2.4707794531050347, 15.733634018155756, 2.304250897640273]",146.14480796554665,9.921816128464428
ADTC_8_adz_raw_20260307_0840,2026-03-07 08:38:21.338,2026-03-07 08:38:31.391,"[Timestamp('2026-03-07 08:38:31.391000'), Timestamp('2026-03-07 08:38:31.510000'), Timestamp('2026-03-07 08:38:32.330000'), Timestamp('2026-03-07 08:38:32.454000'), Timestamp('2026-03-07 08:38:32.693000'), Timestamp('2026-03-07 08:38:32.819000'), Timestamp('2026-03-07 08:38:33.674000'), Timestamp('2026-03-07 08:38:33.798000'), Timestamp('2026-03-07 08:38:34.047000'), Timestamp('2026-03-07 08:38:34.185000'), Timestamp('2026-03-07 08:38:35.072000'), Timestamp('2026-03-07 08:38:35.209000'), Timestamp('2026-03-07 08:38:35.470000'), Timestamp('2026-03-07 08:38:35.607000'), Timestamp('2026-03-07 08:38:36.548000'), Timestamp('2026-03-07 08:38:36.686000')]","[0.119, 0.82, 0.124, 0.239, 0.126, 0.855, 0.124, 0.249, 0.138, 0.887, 0.137, 0.261, 0.137, 0.941, 0.138]","[19.495781686830448, 19.49690721649484, 18.955838323353294, 18.992603029235646, 18.60639820306426, 18.669912380837182, 18.051490859736184, 18.28996120641165, 17.944928356550633, 17.793398868691305, 17.39701382778952, 17.521982414068745, 17.101956902459452, 17.100980298848388, 16.40371920362815, 16.497231859452278]","[2.319998020732823, 15.987463917525767, 2.3505239520958083, 4.539232123987319, 2.344406173586097, 15.96277508561579, 2.2383848666072867, 4.554200340396501, 2.4764001132039875, 15.782744796529188, 2.3833908944071647, 4.573237410071942, 2.342968095636945, 16.09202246121633, 2.2637132501006847]",96.21146150171363,9.921816128464428
ADTC_8_adz_raw_20260307_0900,2026-03-07 08:54:55.066,2026-03-07 08:55:05.108,"[Timestamp('2026-03-07 08:55:05.108000'), Timestamp('2026-03-07 08:55:05.215000'), Timestamp('2026-03-07 08:55:05.968000'), Timestamp('2026-03-07 08:55:06.082000'), Timestamp('2026-03-07 08:55:06.296000'), Timestamp('2026-03-07 08:55:06.413000'), Timestamp('2026-03-07 08:55:07.190000'), Timestamp('2026-03-07 08:55:07.303000'), Timestamp('2026-03-07 08:55:07.521000'), Timestamp('2026-03-07 08:55:07.648000'), Timestamp('2026-03-07 08:55:08.450000'), Timestamp('2026-03-07 08:55:08.571000'), Timestamp('2026-03-07 08:55:08.804000'), Timestamp('2026-03-07 08:55:08.931000'), Timestamp('2026-03-07 08:55:09.766000'), Timestamp('2026-03-07 08:55:09.891000')]","[0.107, 0.753, 0.114, 0.214, 0.117, 0.777, 0.113, 0.218, 0.127, 0.802, 0.121, 0.233, 0.127, 0.835, 0.125]","[21.50274402785163, 21.28979912964374, 20.937865684847445, 20.869663845292273, 20.667599810899247, 20.633484162895925, 20.27728708313259, 19.981806367771277, 19.917355371900825, 20.07639659799131, 19.374389051808404, 19.106009838169246, 19.028909546672537, 19.13109756097561, 18.677113495713396, 18.27865823170069]","[2.3007936109801244, 16.031218744621736, 2.386916688072609, 4.4661080628925465, 2.418109177875212, 16.032217194570134, 2.291333440393983, 4.356033788174138, 2.5295041322314047, 16.10127007158903, 2.3443010752688167, 4.451700292293435, 2.416671512427412, 15.974466463414634, 2.3346391869641745]",96.43528344176939,9.921816128464428
ADTC_8_adz_raw_20260307_0910,2026-03-07 09:09:00.656,2026-03-07 09:09:10.737,"[Timestamp('2026-03-07 09:09:10.737000'), Timestamp('2026-03-07 09:09:10.850000'), Timestamp('2026-03-07 09:09:11.635000'), Timestamp('2026-03-07 09:09:11.753000'), Timestamp('2026-03-07 09:09:11.979000'), Timestamp('2026-03-07 09:09:12.105000'), Timestamp('2026-03-07 09:09:12.938000'), Timestamp('2026-03-07 09:09:13.066000'), Timestamp('2026-03-07 09:09:13.309000'), Timestamp('2026-03-07 09:09:13.451000'), Timestamp('2026-03-07 09:09:14.353000'), Timestamp('2026-03-07 09:09:14.494000'), Timestamp('2026-03-07 09:09:14.756000'), Timestamp('2026-03-07 09:09:14.906000'), Timestamp('2026-03-07 09:09:15.869000'), Timestamp('2026-03-07 09:09:16.010000')]","[0.113, 0.785, 0.118, 0.226, 0.126, 0.833, 0.128, 0.243, 0.142, 0.902, 0.141, 0.262, 0.15, 0.963, 0.141]","[20.38961038961039, 20.556839440959614, 19.88267983945662, 19.79457179783688, 19.673452932876437, 19.479108359948636, 18.6526620789569, 18.570402298850574, 18.32488197237279, 17.914438502673796, 17.247696952493996, 16.99120366889707, 16.901408450704224, 16.612178911442427, 16.13814614741315, 16.271373414230553]","[2.304025974025974, 16.1371189611533, 2.3461562210558813, 4.473573226311135, 2.478855069542431, 16.226097263837215, 2.3875407461064833, 4.512607758620689, 2.602133240076936, 16.158823529411766, 2.431925270301653, 4.451695361251033, 2.5352112676056335, 15.997528291719057, 2.2754786067852537]",97.31877078780444,9.921816128464428
ADTC_8_adz_raw_20260307_0930,2026-03-07 09:24:31.750,2026-03-07 09:24:41.802,"[Timestamp('2026-03-07 09:24:41.802000'), Timestamp('2026-03-07 09:24:41.921000'), Timestamp('2026-03-07 09:24:42.732000'), Timestamp('2026-03-07 09:24:42.853000'), Timestamp('2026-03-07 09:24:43.090000'), Timestamp('2026-03-07 09:24:43.214000'), Timestamp('2026-03-07 09:24:44.056000'), Timestamp('2026-03-07 09:24:44.183000'), Timestamp('2026-03-07 09:24:44.426000'), Timestamp('2026-03-07 09:24:44.560000'), Timestamp('2026-03-07 09:24:45.443000'), Timestamp('2026-03-07 09:24:45.579000'), Timestamp('2026-03-07 09:24:45.834000'), Timestamp('2026-03-07 09:24:45.980000'), Timestamp('2026-03-07 09:24:46.910000'), Timestamp('2026-03-07 09:24:47.053000')]","[0.119, 0.811, 0.121, 0.237, 0.124, 0.842, 0.127, 0.243, 0.134, 0.883, 0.136, 0.255, 0.146, 0.93, 0.143]","[19.917098177967738, 19.757185143152356, 19.39465177784308, 19.202765198188537, 19.220779220779217, 18.949360139846526, 18.516341668464634, 18.409266409266408, 18.167364915673005, 18.145860850319494, 17.512887883726343, 17.31358429444022, 17.158300270254728, 17.17497937544367, 16.523284749377886, 16.28921766161994]","[2.3701346831781605, 16.02307715109656, 2.346752865119013, 4.551055351970683, 2.383376623376623, 15.955361237750774, 2.3515753918950084, 4.473451737451737, 2.434426898700183, 16.02279513083211, 2.3817527521867827, 4.414963995082256, 2.5051118394571903, 15.972730819162614, 2.3628297191610375]",96.54939619642074,9.921816128464428
ADTC_8_adz_raw_20260307_0940,2026-03-07 09:37:37.734,2026-03-07 09:37:47.796,"[Timestamp('2026-03-07 09:37:47.796000'), Timestamp('2026-03-07 09:37:47.926000'), Timestamp('2026-03-07 09:37:48.786000'), Timestamp('2026-03-07 09:37:48.911000'), Timestamp('2026-03-07 09:37:49.158000'), Timestamp('2026-03-07 09:37:49.296000'), Timestamp('2026-03-07 09:37:50.168000'), Timestamp('2026-03-07 09:37:50.302000'), Timestamp('2026-03-07 09:37:50.549000'), Timestamp('2026-03-07 09:37:50.689000'), Timestamp('2026-03-07 09:37:51.586000'), Timestamp('2026-03-07 09:37:51.723000'), Timestamp('2026-03-07 09:37:51.981000'), Timestamp('2026-03-07 09:37:52.120000'), Timestamp('2026-03-07 09:37:53.052000'), Timestamp('2026-03-07 09:37:53.194000')]","[0.13, 0.86, 0.125, 0.247, 0.138, 0.872, 0.134, 0.247, 0.14, 0.897, 0.137, 0.258, 0.139, 0.932, 0.142]","[18.431603773584904, 18.39107457428068, 18.20037665866387, 18.323013039994173, 18.081404628890667, 17.860851505711317, 17.846887472140157, 17.76572578988455, 17.889254024492235, 17.843866171003715, 17.474608947985608, 17.457373260462028, 17.3353542267638, 17.366726858757946, 16.85087041274162, 16.857099728598232]","[2.3961084905660375, 15.816324133881384, 2.275047082332984, 4.525784220878561, 2.495233838786912, 15.574662512980268, 2.391482921266781, 4.388134270101483, 2.504495563428913, 16.005947955390333, 2.3940214258740284, 4.504002301199203, 2.409614237520169, 16.185789432362405, 2.39282359860931]",96.25947198517878,9.921816128464428
ADTC_8_adz_raw_20260307_1000,2026-03-07 09:52:51.862,2026-03-07 09:53:01.900,"[Timestamp('2026-03-07 09:53:01.900000'), Timestamp('2026-03-07 09:53:01.998000'), Timestamp('2026-03-07 09:53:02.639000'), Timestamp('2026-03-07 09:53:02.732000'), Timestamp('2026-03-07 09:53:02.918000'), Timestamp('2026-03-07 09:53:03.018000'), Timestamp('2026-03-07 09:53:03.690000'), Timestamp('2026-03-07 09:53:03.791000'), Timestamp('2026-03-07 09:53:03.983000'), Timestamp('2026-03-07 09:53:04.089000'), Timestamp('2026-03-07 09:53:04.799000'), Timestamp('2026-03-07 09:53:04.909000'), Timestamp('2026-03-07 09:53:05.116000'), Timestamp('2026-03-07 09:53:05.223000'), Timestamp('2026-03-07 09:53:05.985000'), Timestamp('2026-03-07 09:53:06.095000')]","[0.098, 0.641, 0.093, 0.186, 0.1, 0.672, 0.101, 0.192, 0.106, 0.71, 0.11, 0.207, 0.107, 0.762, 0.11]","[24.96753246753247, 24.91215315642797, 24.407830974995157, 24.007352251627058, 24.002400240024006, 23.873957367933272, 23.166131060500213, 22.94172062904718, 22.67358206458089, 22.637736226377363, 21.822239672666406, 21.66056166056166, 21.528559935639585, 21.338496722663752, 20.699269503150617, 20.28651760610523]","[2.4468181818181822, 15.968690173270328, 2.2699282806745495, 4.4653675188026325, 2.4002400240024007, 16.04329935125116, 2.3397792371105215, 4.404810360777058, 2.4033996988455746, 16.07279272072793, 2.4004463639933045, 4.483736263736263, 2.3035559131134353, 16.25993450266978, 2.276919645346568]",96.53971823613969,9.921816128464428
ADTC_8_adz_raw_20260307_1020,2026-03-07 10:10:13.971,2026-03-07 10:10:24.023,"[Timestamp('2026-03-07 10:10:24.023000'), Timestamp('2026-03-07 10:10:24.145000'), Timestamp('2026-03-07 10:10:24.982000'), Timestamp('2026-03-07 10:10:25.111000'), Timestamp('2026-03-07 10:10:25.356000'), Timestamp('2026-03-07 10:10:25.493000'), Timestamp('2026-03-07 10:10:26.372000'), Timestamp('2026-03-07 10:10:26.507000'), Timestamp('2026-03-07 10:10:26.766000'), Timestamp('2026-03-07 10:10:26.909000'), Timestamp('2026-03-07 10:10:27.854000'), Timestamp('2026-03-07 10:10:27.998000'), Timestamp('2026-03-07 10:10:28.282000'), Timestamp('2026-03-07 10:10:28.437000'), Timestamp('2026-03-07 10:10:29.465000'), Timestamp('2026-03-07 10:10:29.620000')]","[0.122, 0.837, 0.129, 0.245, 0.137, 0.879, 0.135, 0.259, 0.143, 0.945, 0.144, 0.284, 0.155, 1.028, 0.155]","[19.127225099720185, 18.975963623152737, 18.32121121620588, 18.160167355039427, 18.219533275713047, 18.20794298522903, 17.360763653844266, 17.03032457136387, 16.997593261131165, 16.881924806453107, 16.026711185308848, 15.765077053755611, 15.712326418652491, 15.599256123135362, 14.701378254211331, 14.436906377204885]","[2.3335214621658626, 15.88288155257884, 2.3634362468905588, 4.449241001984659, 2.4960760587726876, 16.004781884016317, 2.343703093268976, 4.410854063983242, 2.4306558363417565, 15.953418942098185, 2.307846410684474, 4.477281883266593, 2.435410594891136, 16.03603529458315, 2.2787136294027563]",96.2038579549292,9.921816128464428
ADTC_8_adz_raw_20260307_1030,2026-03-07 10:24:02.250,2026-03-07 10:24:12.304,"[Timestamp('2026-03-07 10:24:12.304000'), Timestamp('2026-03-07 10:24:12.406000'), Timestamp('2026-03-07 10:24:13.087000'), Timestamp('2026-03-07 10:24:13.189000'), Timestamp('2026-03-07 10:24:13.364000'), Timestamp('2026-03-07 10:24:13.470000'), Timestamp('2026-03-07 10:24:14.222000'), Timestamp('2026-03-07 10:24:14.325000'), Timestamp('2026-03-07 10:24:14.493000'), Timestamp('2026-03-07 10:24:14.606000'), Timestamp('2026-03-07 10:24:15.377000'), Timestamp('2026-03-07 10:24:15.487000'), Timestamp('2026-03-07 10:24:15.655000'), Timestamp('2026-03-07 10:24:15.771000'), Timestamp('2026-03-07 10:24:16.568000'), Timestamp('2026-03-07 10:24:16.681000'), Timestamp('2026-03-07 10:24:16.856000'), Timestamp('2026-03-07 10:24:16.978000'), Timestamp('2026-03-07 10:24:17.804000'), Timestamp('2026-03-07 10:24:17.921000'), Timestamp('2026-03-07 10:24:18.120000'), Timestamp('2026-03-07 10:24:18.240000'), Timestamp('2026-03-07 10:24:19.062000'), Timestamp('2026-03-07 10:24:19.191000')]","[0.102, 0.681, 0.102, 0.175, 0.106, 0.752, 0.103, 0.168, 0.113, 0.771, 0.11, 0.168, 0.116, 0.797, 0.113, 0.175, 0.122, 0.826, 0.117, 0.199, 0.12, 0.822, 0.129]","[23.090265732324987, 22.809156169578763, 22.643524699599467, 22.429906542056077, 22.51129853421449, 22.45749047600828, 22.22519949195869, 21.84325785108564, 21.896261157231134, 21.854756927916558, 21.692093464522344, 21.483391323938015, 21.15368748028247, 21.13564363150195, 20.96319711641611, 20.77717879604672, 20.541549953314657, 20.466805921351373, 19.977848539388066, 19.74582075543492, 19.6437314051143, 19.443784558672945, 18.6526620789569, 18.32847990681421]","[2.3552071046971483, 15.53303535148314, 2.3096395193591457, 3.925233644859813, 2.3861976446267357, 16.888032837958228, 2.289195547671745, 3.6696673189823876, 2.474277510767118, 16.850017591423665, 2.386130281097458, 3.6092097424215868, 2.453827747712767, 16.845107974307055, 2.3688412741550207, 3.6360062893081757, 2.506069094304388, 16.905581691036232, 2.337408279108404, 3.9294183303315493, 2.357247768613716, 15.98279090722916, 2.40619340818544]",146.40433685964004,9.921816128464428
ADTC_8_adz_raw_20260307_1040,2026-03-07 10:37:01.232,2026-03-07 10:37:11.276,"[Timestamp('2026-03-07 10:37:11.276000'), Timestamp('2026-03-07 10:37:11.377000'), Timestamp('2026-03-07 10:37:12.042000'), Timestamp('2026-03-07 10:37:12.139000'), Timestamp('2026-03-07 10:37:12.338000'), Timestamp('2026-03-07 10:37:12.436000'), Timestamp('2026-03-07 10:37:13.124000'), Timestamp('2026-03-07 10:37:13.224000'), Timestamp('2026-03-07 10:37:13.422000'), Timestamp('2026-03-07 10:37:13.528000'), Timestamp('2026-03-07 10:37:14.241000'), Timestamp('2026-03-07 10:37:14.345000'), Timestamp('2026-03-07 10:37:14.552000'), Timestamp('2026-03-07 10:37:14.661000'), Timestamp('2026-03-07 10:37:15.412000'), Timestamp('2026-03-07 10:37:15.527000')]","[0.101, 0.665, 0.097, 0.199, 0.098, 0.688, 0.1, 0.198, 0.106, 0.713, 0.104, 0.207, 0.109, 0.751, 0.115]","[23.587793172145247, 23.707317073170735, 23.24509717702928, 23.616557734204797, 22.85766117145514, 23.280423280423282, 22.503293807641636, 22.904722904722902, 22.29968164895052, 22.54527412552716, 21.489523656904773, 21.699597474510124, 21.382488479262673, 21.34608827991046, 20.70350263999405, 20.55189720387958]","[2.38236711038667, 15.76536585365854, 2.2547744261718403, 4.699694989106755, 2.240050794802604, 16.016931216931216, 2.2503293807641636, 4.5351351351351346, 2.363766254788755, 16.074780451500864, 2.2349104603180963, 4.4918166772235955, 2.3306912442396315, 16.030912298212755, 2.380902803599316]",96.05242909683993,9.921816128464428
ADTC_8_adz_raw_20260307_1100,2026-03-07 10:53:37.958,2026-03-07 10:53:48.018,"[Timestamp('2026-03-07 10:53:48.018000'), Timestamp('2026-03-07 10:53:48.137000'), Timestamp('2026-03-07 10:53:48.980000'), Timestamp('2026-03-07 10:53:49.102000'), Timestamp('2026-03-07 10:53:49.341000'), Timestamp('2026-03-07 10:53:49.477000'), Timestamp('2026-03-07 10:53:50.339000'), Timestamp('2026-03-07 10:53:50.464000'), Timestamp('2026-03-07 10:53:50.715000'), Timestamp('2026-03-07 10:53:50.854000'), Timestamp('2026-03-07 10:53:51.737000'), Timestamp('2026-03-07 10:53:51.873000'), Timestamp('2026-03-07 10:53:52.136000'), Timestamp('2026-03-07 10:53:52.276000'), Timestamp('2026-03-07 10:53:53.204000'), Timestamp('2026-03-07 10:53:53.344000')]","[0.119, 0.843, 0.122, 0.239, 0.136, 0.862, 0.125, 0.251, 0.139, 0.883, 0.136, 0.263, 0.14, 0.928, 0.14]","[19.23126283367556, 18.90027438882602, 18.786764705882355, 18.471375288615235, 18.37335716692796, 18.586466841176936, 18.234029351072888, 17.97979797979798, 17.930688096433954, 18.00134967945113, 17.486860965121835, 17.268924283454176, 17.197513519755198, 17.16674550312576, 16.623389084454253, 16.459996003714195]","[2.288520277207392, 15.932931309780335, 2.291985294117647, 4.414658693979041, 2.4987765747022026, 16.021534417094518, 2.279253668884111, 4.512929292929293, 2.4923656454043197, 15.89519176695535, 2.3782130912565695, 4.541727086548448, 2.407651892765728, 15.930739826900707, 2.327274471823596]",96.21375331034926,9.921816128464428
ADTC_8_adz_raw_20260307_1110,2026-03-07 11:07:40.701,2026-03-07 11:07:50.753,"[Timestamp('2026-03-07 11:07:50.753000'), Timestamp('2026-03-07 11:07:50.865000'), Timestamp('2026-03-07 11:07:51.635000'), Timestamp('2026-03-07 11:07:51.752000'), Timestamp('2026-03-07 11:07:51.978000'), Timestamp('2026-03-07 11:07:52.098000'), Timestamp('2026-03-07 11:07:52.891000'), Timestamp('2026-03-07 11:07:53.008000'), Timestamp('2026-03-07 11:07:53.237000'), Timestamp('2026-03-07 11:07:53.364000'), Timestamp('2026-03-07 11:07:54.188000'), Timestamp('2026-03-07 11:07:54.313000'), Timestamp('2026-03-07 11:07:54.552000'), Timestamp('2026-03-07 11:07:54.685000'), Timestamp('2026-03-07 11:07:55.545000'), Timestamp('2026-03-07 11:07:55.670000')]","[0.112, 0.77, 0.117, 0.226, 0.12, 0.793, 0.117, 0.229, 0.127, 0.824, 0.125, 0.239, 0.133, 0.86, 0.125]","[20.537601932950768, 20.712191034771678, 20.360757500787187, 20.339348235927822, 19.834795415252604, 19.89810383785966, 19.434472584214408, 19.672213753920957, 19.335523913837164, 19.257792693821372, 18.825338844564072, 18.842455621301777, 18.514964179704066, 18.37456865919864, 17.911445279866328, 18.216581150418584]","[2.300211416490486, 15.948387096774193, 2.382208627592101, 4.596692701319688, 2.3801754498303125, 15.779196343422713, 2.273833292353086, 4.5049369496479, 2.4556115370573197, 15.86842117970881, 2.353167355570509, 4.503346893491124, 2.462490235900641, 15.802129046910832, 2.238930659983291]",95.84973878605301,9.921816128464428
ADTC_8_adz_raw_20260307_1130,2026-03-07 11:24:32.547,2026-03-07 11:24:42.588,"[Timestamp('2026-03-07 11:24:42.588000'), Timestamp('2026-03-07 11:24:42.699000'), Timestamp('2026-03-07 11:24:43.462000'), Timestamp('2026-03-07 11:24:43.579000'), Timestamp('2026-03-07 11:24:43.804000'), Timestamp('2026-03-07 11:24:43.925000'), Timestamp('2026-03-07 11:24:44.739000'), Timestamp('2026-03-07 11:24:44.860000'), Timestamp('2026-03-07 11:24:45.103000'), Timestamp('2026-03-07 11:24:45.227000'), Timestamp('2026-03-07 11:24:46.103000'), Timestamp('2026-03-07 11:24:46.236000'), Timestamp('2026-03-07 11:24:46.494000'), Timestamp('2026-03-07 11:24:46.642000'), Timestamp('2026-03-07 11:24:47.590000'), Timestamp('2026-03-07 11:24:47.738000')]","[0.111, 0.763, 0.117, 0.225, 0.121, 0.814, 0.121, 0.243, 0.124, 0.876, 0.133, 0.258, 0.148, 0.948, 0.148]","[21.239042011130522, 21.036866359447004, 20.27728708313259, 20.10737972418149, 19.856942400492827, 19.859210914359714, 18.979744936234056, 18.74471376212501, 18.597533531370964, 18.42688358055136, 17.346832272205404, 17.213644178087694, 17.097725758873345, 16.954474097331236, 15.811476876528413, 15.557666769894551]","[2.357533663235488, 16.051129032258064, 2.3724425887265133, 4.524160437940836, 2.402690030459632, 16.165397684288806, 2.2965491372843205, 4.554965444196377, 2.3060941578899996, 16.141950016562994, 2.3071286922033187, 4.441120197946625, 2.530463412313255, 16.07284144427001, 2.340098577726205]",96.86456451730245,9.921816128464428
ADTC_8_adz_raw_20260307_1140,2026-03-07 11:30:47.549,2026-03-07 11:30:52.315,"[Timestamp('2026-03-07 11:30:52.315000'), Timestamp('2026-03-07 11:30:52.413000'), Timestamp('2026-03-07 11:30:53.073000'), Timestamp('2026-03-07 11:30:53.172000'), Timestamp('2026-03-07 11:30:53.362000'), Timestamp('2026-03-07 11:30:53.461000'), Timestamp('2026-03-07 11:30:54.125000'), Timestamp('2026-03-07 11:30:54.220000'), Timestamp('2026-03-07 11:30:54.409000'), Timestamp('2026-03-07 11:30:54.510000'), Timestamp('2026-03-07 11:30:55.174000'), Timestamp('2026-03-07 11:30:55.271000'), Timestamp('2026-03-07 11:30:55.459000'), Timestamp('2026-03-07 11:30:55.558000'), Timestamp('2026-03-07 11:30:56.219000'), Timestamp('2026-03-07 11:30:56.321000'), Timestamp('2026-03-07 11:30:56.507000'), Timestamp('2026-03-07 11:30:56.609000'), Timestamp('2026-03-07 11:30:57.270000'), Timestamp('2026-03-07 11:30:57.369000'), Timestamp('2026-03-07 11:30:57.555000'), Timestamp('2026-03-07 11:30:57.659000'), Timestamp('2026-03-07 11:30:58.322000'), Timestamp('2026-03-07 11:30:58.421000'), Timestamp('2026-03-07 11:30:58.608000'), Timestamp('2026-03-07 11:30:58.709000'), Timestamp('2026-03-07 11:30:59.376000'), Timestamp('2026-03-07 11:30:59.473000'), Timestamp('2026-03-07 11:30:59.664000'), Timestamp('2026-03-07 11:30:59.763000'), Timestamp('2026-03-07 11:31:00.430000'), Timestamp('2026-03-07 11:31:00.528000')]","[0.098, 0.66, 0.099, 0.19, 0.099, 0.664, 0.095, 0.189, 0.101, 0.664, 0.097, 0.188, 0.099, 0.661, 0.102, 0.186, 0.102, 0.661, 0.099, 0.186, 0.104, 0.663, 0.099, 0.187, 0.101, 0.667, 0.097, 0.191, 0.099, 0.667, 0.098]","[24.435233160621767, 24.22298587247041, 24.18888042650419, 24.15281592971885, 24.181360201511332, 24.23995414888875, 24.530075187969928, 24.309406432504854, 24.193794119140726, 24.181973922147137, 24.257893259143934, 24.131710086418977, 24.463402282731487, 24.535519839145593, 24.530075187969928, 24.521432765707576, 24.467532467532468, 24.476115001364114, 24.530075187969928, 24.25232213943044, 24.225760873715966, 24.388105124700182, 24.343399282656485, 24.345903135807866, 24.203473787825864, 24.290192566054635, 24.68127292554773, 24.257893259143934, 24.568500009817974, 24.53872370431308, 24.631578947368425, 24.542248922554528]","[2.3946528497409334, 15.987170675830471, 2.394699162223915, 4.589035026646582, 2.393954659949622, 16.09532955486213, 2.3303571428571432, 4.594477815743417, 2.4435732060332134, 16.056830684305698, 2.353015646136962, 4.5367614962467675, 2.421876825990417, 16.21797861367524, 2.5020676691729324, 4.560986494421609, 2.4956883116883115, 16.17871201590168, 2.428477443609023, 4.5109319179340615, 2.5194791308664604, 16.169313697676223, 2.409996528982992, 4.552683886396071, 2.4445508525704125, 16.201558441558443, 2.39408347377813, 4.633257612496491, 2.4322815009719796, 16.367328710776828, 2.4138947368421055]",200.02500578588626,9.921816128464428
ADTC_8_adz_raw_20260307_1200,2026-03-07 11:53:00.800,2026-03-07 11:53:10.853,"[Timestamp('2026-03-07 11:53:10.853000'), Timestamp('2026-03-07 11:53:10.961000'), Timestamp('2026-03-07 11:53:11.725000'), Timestamp('2026-03-07 11:53:11.842000'), Timestamp('2026-03-07 11:53:12.060000'), Timestamp('2026-03-07 11:53:12.183000'), Timestamp('2026-03-07 11:53:12.977000'), Timestamp('2026-03-07 11:53:13.091000'), Timestamp('2026-03-07 11:53:13.324000'), Timestamp('2026-03-07 11:53:13.449000'), Timestamp('2026-03-07 11:53:14.274000'), Timestamp('2026-03-07 11:53:14.399000'), Timestamp('2026-03-07 11:53:14.647000'), Timestamp('2026-03-07 11:53:14.776000'), Timestamp('2026-03-07 11:53:15.663000'), Timestamp('2026-03-07 11:53:15.796000')]","[0.108, 0.764, 0.117, 0.218, 0.123, 0.794, 0.114, 0.233, 0.125, 0.825, 0.125, 0.248, 0.129, 0.887, 0.133]","[21.11123999536017, 20.948827292110874, 20.494873547505122, 20.36717062634989, 20.23454157782516, 20.236446905953777, 19.79684424016429, 19.539344547419685, 19.490659901821893, 19.446970627995576, 18.6682188239385, 18.525714030504012, 18.210979811129413, 18.107416879795394, 17.12296319847389, 16.85594519232545]","[2.280013919498898, 16.00490405117271, 2.3979002050580993, 4.440043196544276, 2.4888486140724946, 16.067738843327298, 2.256840243378729, 4.552667279548786, 2.4363324877277366, 16.04375076809635, 2.3335273529923124, 4.594377079564995, 2.349216395635694, 16.061278772378515, 2.2773541053970274]",96.5847933143939,9.921816128464428
ADTC_8_adz_raw_20260307_1210,2026-03-07 12:00:48.429,2026-03-07 12:00:48.541,"[Timestamp('2026-03-07 12:00:48.541000'), Timestamp('2026-03-07 12:00:49.309000'), Timestamp('2026-03-07 12:00:49.453000'), Timestamp('2026-03-07 12:00:49.724000'), Timestamp('2026-03-07 12:00:49.872000'), Timestamp('2026-03-07 12:00:50.817000'), Timestamp('2026-03-07 12:00:50.962000')]","[0.768, 0.144, 0.271, 0.148, 0.945, 0.145]","[20.97759965648035, 20.929337836104814, 20.51881622214103, 20.334059549745824, 20.20806587276993, 20.25937983668677, 19.890185312285517, 19.92258064516129, 19.619238476953903, 19.767884805851132, 19.255876772679038, 19.066665616855765, 18.957759877732116, 18.94717192458465, 18.560487302369324, 18.317880650284764, 18.178300406303073, 18.09147662122563, 17.646106524202686, 17.480028736107847, 17.404429860541427, 17.282132754678962, 16.974695407685097, 16.94645080946451, 16.904444788601516, 17.005774376789823, 16.961606416692376, 16.953266491159283, 16.961606416692376, 16.978748491058646, 17.005494333381364, 16.862310815799184]","[16.11079653617691, 3.013824648399093, 5.5605991962002195, 3.0094408133623816, 19.09662224976758, 2.937610076319581]",49.72889352022576,9.921816128464428
ADTC_8_adz_raw_20260307_1230,2026-03-07 12:23:38.570,2026-03-07 12:23:48.622,"[Timestamp('2026-03-07 12:23:48.622000'), Timestamp('2026-03-07 12:23:48.751000'), Timestamp('2026-03-07 12:23:49.576000'), Timestamp('2026-03-07 12:23:49.703000'), Timestamp('2026-03-07 12:23:49.910000'), Timestamp('2026-03-07 12:23:50.045000'), Timestamp('2026-03-07 12:23:50.953000'), Timestamp('2026-03-07 12:23:51.080000'), Timestamp('2026-03-07 12:23:51.290000'), Timestamp('2026-03-07 12:23:51.423000'), Timestamp('2026-03-07 12:23:52.364000'), Timestamp('2026-03-07 12:23:52.500000'), Timestamp('2026-03-07 12:23:52.713000'), Timestamp('2026-03-07 12:23:52.869000'), Timestamp('2026-03-07 12:23:53.838000'), Timestamp('2026-03-07 12:23:53.979000'), Timestamp('2026-03-07 12:23:54.202000'), Timestamp('2026-03-07 12:23:54.365000'), Timestamp('2026-03-07 12:23:55.394000'), Timestamp('2026-03-07 12:23:55.548000'), Timestamp('2026-03-07 12:23:55.801000'), Timestamp('2026-03-07 12:23:55.967000'), Timestamp('2026-03-07 12:23:57.021000'), Timestamp('2026-03-07 12:23:57.188000')]","[0.129, 0.825, 0.127, 0.207, 0.135, 0.908, 0.127, 0.21, 0.133, 0.941, 0.136, 0.213, 0.156, 0.969, 0.141, 0.223, 0.163, 1.029, 0.154, 0.253, 0.166, 1.054, 0.167]","[18.935574229691877, 18.94736842105263, 18.731867780425958, 18.40886025680625, 18.533094812164578, 18.482200431369932, 18.05759457933371, 17.961481108100728, 17.914438502673796, 17.753977090320422, 17.499402342816158, 17.19387362425922, 17.176217544937778, 17.379483425703228, 16.78085956105961, 16.45777143159342, 16.355530788520475, 16.41456582633053, 15.573925664163564, 15.328389020567322, 15.126550868486351, 14.98678581336604, 14.198140844577754, 13.838484546360917]","[2.4426890756302524, 15.63157894736842, 2.3789472081140968, 3.8106340731588935, 2.5019677996422183, 16.7818379916839, 2.2933145115753812, 3.7719110327011527, 2.382620320855615, 16.706492441991518, 2.3799187186229975, 3.6622950819672133, 2.679489937010293, 16.840719439506426, 2.366101198109405, 3.6700830292453333, 2.6659515185288374, 16.890588235294114, 2.398384552281189, 3.8780824222035326, 2.5110074441687344, 15.796072247287807, 2.371089521044485]",146.81177674799184,9.921816128464428
ADTC_8_adz_raw_20260307_1250,2026-03-07 12:37:09.427,2026-03-07 12:37:19.474,"[Timestamp('2026-03-07 12:37:19.474000'), Timestamp('2026-03-07 12:37:19.591000'), Timestamp('2026-03-07 12:37:20.376000'), Timestamp('2026-03-07 12:37:20.492000'), Timestamp('2026-03-07 12:37:20.725000'), Timestamp('2026-03-07 12:37:20.848000'), Timestamp('2026-03-07 12:37:21.656000'), Timestamp('2026-03-07 12:37:21.780000'), Timestamp('2026-03-07 12:37:22.015000'), Timestamp('2026-03-07 12:37:22.145000'), Timestamp('2026-03-07 12:37:22.990000'), Timestamp('2026-03-07 12:37:23.121000'), Timestamp('2026-03-07 12:37:23.366000'), Timestamp('2026-03-07 12:37:23.500000'), Timestamp('2026-03-07 12:37:24.383000'), Timestamp('2026-03-07 12:37:24.525000')]","[0.117, 0.785, 0.116, 0.233, 0.123, 0.808, 0.124, 0.235, 0.13, 0.845, 0.131, 0.245, 0.134, 0.883, 0.142]","[20.42784380305602, 20.49113854845323, 19.93823219862316, 19.93943629163755, 19.532550110528796, 19.698296181561048, 19.086694098255684, 19.200691224884096, 18.824180767500607, 18.663986275591565, 18.151599309450027, 18.30795409921899, 17.9135030130863, 17.947938398314236, 17.46285835240577, 17.281854182734996]","[2.3900577249575545, 16.085543760535785, 2.312834935040287, 4.645888655951549, 2.402503663595042, 15.916223314701329, 2.3667500681837046, 4.5121624378477625, 2.447143499775079, 15.771068402874873, 2.3778595095379536, 4.485448754308652, 2.400409403753564, 15.84802960571147, 2.4797258860416194]",96.44164962281623,9.921816128464428
ADTC_8_adz_raw_20260307_1300,2026-03-07 12:53:02.886,2026-03-07 12:53:12.966,"[Timestamp('2026-03-07 12:53:12.966000'), Timestamp('2026-03-07 12:53:13.088000'), Timestamp('2026-03-07 12:53:13.890000'), Timestamp('2026-03-07 12:53:14.015000'), Timestamp('2026-03-07 12:53:14.245000'), Timestamp('2026-03-07 12:53:14.374000'), Timestamp('2026-03-07 12:53:15.222000'), Timestamp('2026-03-07 12:53:15.351000'), Timestamp('2026-03-07 12:53:15.603000'), Timestamp('2026-03-07 12:53:15.747000'), Timestamp('2026-03-07 12:53:16.659000'), Timestamp('2026-03-07 12:53:16.801000'), Timestamp('2026-03-07 12:53:17.065000'), Timestamp('2026-03-07 12:53:17.218000'), Timestamp('2026-03-07 12:53:18.185000'), Timestamp('2026-03-07 12:53:18.330000')]","[0.122, 0.802, 0.125, 0.23, 0.129, 0.848, 0.129, 0.252, 0.144, 0.912, 0.142, 0.264, 0.153, 0.967, 0.145]","[19.878844002006403, 19.825410898179086, 19.316599190283398, 19.13633926975996, 18.79705874464033, 18.859456333140542, 18.0042606146253, 17.629873740181758, 17.48816485658591, 17.517083676779492, 16.76393413646296, 16.517931116108414, 16.245815809801734, 16.373351463961022, 15.966272795838249, 15.663746469433672]","[2.425218968244781, 15.899979540339627, 2.4145748987854248, 4.401358032044791, 2.4248205780586027, 15.99281897050318, 2.3225496192866637, 4.442728182525803, 2.518295739348371, 15.975580313222897, 2.3804786473777404, 4.3607338146526216, 2.485609818899665, 15.833030865650308, 2.3151095553965457]",96.19288754433701,9.921816128464428
ADTC_8_adz_raw_20260307_1310,2026-03-07 13:01:24.205,2026-03-07 13:01:34.251,"[Timestamp('2026-03-07 13:01:34.251000'), Timestamp('2026-03-07 13:01:34.344000'), Timestamp('2026-03-07 13:01:34.971000'), Timestamp('2026-03-07 13:01:35.068000'), Timestamp('2026-03-07 13:01:35.250000'), Timestamp('2026-03-07 13:01:35.344000'), Timestamp('2026-03-07 13:01:35.972000'), Timestamp('2026-03-07 13:01:36.067000'), Timestamp('2026-03-07 13:01:36.244000'), Timestamp('2026-03-07 13:01:36.341000'), Timestamp('2026-03-07 13:01:36.970000'), Timestamp('2026-03-07 13:01:37.066000'), Timestamp('2026-03-07 13:01:37.244000'), Timestamp('2026-03-07 13:01:37.341000'), Timestamp('2026-03-07 13:01:37.970000'), Timestamp('2026-03-07 13:01:38.063000'), Timestamp('2026-03-07 13:01:38.240000'), Timestamp('2026-03-07 13:01:38.338000'), Timestamp('2026-03-07 13:01:38.969000'), Timestamp('2026-03-07 13:01:39.064000'), Timestamp('2026-03-07 13:01:39.242000'), Timestamp('2026-03-07 13:01:39.337000'), Timestamp('2026-03-07 13:01:39.969000'), Timestamp('2026-03-07 13:01:40.065000'), Timestamp('2026-03-07 13:01:40.242000'), Timestamp('2026-03-07 13:01:40.335000'), Timestamp('2026-03-07 13:01:40.967000'), Timestamp('2026-03-07 13:01:41.063000'), Timestamp('2026-03-07 13:01:41.238000'), Timestamp('2026-03-07 13:01:41.336000'), Timestamp('2026-03-07 13:01:41.968000'), Timestamp('2026-03-07 13:01:42.063000')]","[0.093, 0.627, 0.097, 0.182, 0.094, 0.628, 0.095, 0.177, 0.097, 0.629, 0.096, 0.178, 0.097, 0.629, 0.093, 0.177, 0.098, 0.631, 0.095, 0.178, 0.095, 0.632, 0.096, 0.177, 0.093, 0.632, 0.096, 0.175, 0.098, 0.632, 0.095]","[25.201190607430277, 25.14191690662279, 25.100140812336804, 25.100140812336804, 25.186713430988235, 24.98274111675127, 24.972599959407347, 24.85663754756418, 25.079122558114154, 24.890680100755667, 24.921212121212122, 24.796032634778438, 24.843524313914298, 25.200231194781605, 25.06135490669295, 24.881153815163973, 25.038205269270737, 24.954148236055666, 25.03327448051066, 24.915390813859794, 24.93741419688282, 24.960207192381365, 25.038665038665034, 24.910153945180497, 25.12711169427587, 24.93741419688282, 24.930457569038502, 24.90167917209165, 24.85069541865405, 25.020958974497663, 24.987846378220713, 24.890601790517486]","[2.343710726491016, 15.763981900452489, 2.43471365879667, 4.568225627845298, 2.367551062512894, 15.689161421319799, 2.372396996143698, 4.39962484591886, 2.432674888137073, 15.656237783375314, 2.3924363636363637, 4.413693808990562, 2.409821858449687, 15.850945421517629, 2.3307060063224445, 4.403964225284023, 2.4537441163885325, 15.746067536951125, 2.3781610756485128, 4.434939564867043, 2.3690543487038678, 15.774850945585023, 2.4037118437118434, 4.4090972482969475, 2.3368213875676562, 15.760445772429943, 2.3933239266276964, 4.3577938551160385, 2.4353681510280967, 15.813246071882523, 2.3738454059309677]",195.2703178459296,9.921816128464428
ADTC_8_adz_raw_20260307_1330,2026-03-07 13:22:59.853,2026-03-07 13:23:09.900,"[Timestamp('2026-03-07 13:23:09.900000'), Timestamp('2026-03-07 13:23:10.011000'), Timestamp('2026-03-07 13:23:10.760000'), Timestamp('2026-03-07 13:23:10.872000'), Timestamp('2026-03-07 13:23:11.089000'), Timestamp('2026-03-07 13:23:11.203000'), Timestamp('2026-03-07 13:23:11.967000'), Timestamp('2026-03-07 13:23:12.080000'), Timestamp('2026-03-07 13:23:12.301000'), Timestamp('2026-03-07 13:23:12.416000'), Timestamp('2026-03-07 13:23:13.203000'), Timestamp('2026-03-07 13:23:13.322000'), Timestamp('2026-03-07 13:23:13.551000'), Timestamp('2026-03-07 13:23:13.672000'), Timestamp('2026-03-07 13:23:14.493000'), Timestamp('2026-03-07 13:23:14.613000')]","[0.111, 0.749, 0.112, 0.217, 0.114, 0.764, 0.113, 0.221, 0.115, 0.787, 0.119, 0.229, 0.121, 0.821, 0.12]","[21.45254074784276, 21.364703086474762, 21.149068322981368, 21.013003807744806, 21.129502464914914, 20.905368516833484, 20.759692532121413, 20.51881622214103, 20.466805921351373, 20.38961038961039, 20.02261852979556, 19.92936514773021, 19.8080457422912, 19.747991543340376, 19.298841099743008, 19.060300102029963]","[2.3812320230105466, 16.002162611769595, 2.3686956521739133, 4.559821826280623, 2.4087632810003003, 15.971701546860782, 2.34584525612972, 4.534658385093167, 2.353682680955408, 16.046623376623376, 2.3826916050456717, 4.5638246188302185, 2.396773534817235, 16.213101057082447, 2.3158609319691608]",96.84543838764216,9.921816128464428
ADTC_8_adz_raw_20260307_1340,2026-03-07 13:37:18.253,2026-03-07 13:37:28.335,"[Timestamp('2026-03-07 13:37:28.335000'), Timestamp('2026-03-07 13:37:28.443000'), Timestamp('2026-03-07 13:37:29.173000'), Timestamp('2026-03-07 13:37:29.280000'), Timestamp('2026-03-07 13:37:29.496000'), Timestamp('2026-03-07 13:37:29.610000'), Timestamp('2026-03-07 13:37:30.364000'), Timestamp('2026-03-07 13:37:30.478000'), Timestamp('2026-03-07 13:37:30.697000'), Timestamp('2026-03-07 13:37:30.810000'), Timestamp('2026-03-07 13:37:31.588000'), Timestamp('2026-03-07 13:37:31.706000'), Timestamp('2026-03-07 13:37:31.923000'), Timestamp('2026-03-07 13:37:32.049000'), Timestamp('2026-03-07 13:37:32.857000'), Timestamp('2026-03-07 13:37:32.974000')]","[0.108, 0.73, 0.107, 0.216, 0.114, 0.754, 0.114, 0.219, 0.113, 0.778, 0.118, 0.217, 0.126, 0.808, 0.117]","[21.478229968016894, 21.770498547296427, 21.238938053097346, 21.28979912964374, 21.173037642252698, 20.84712672947967, 20.53666215177362, 20.869959734588555, 20.470572188501666, 20.360757500787187, 19.793814432989684, 19.95850622406639, 19.83775937153104, 19.896907216494842, 19.298841099743008, 19.277808020322986]","[2.3196488365458245, 15.892463939526392, 2.272566371681416, 4.598596612003048, 2.4137262912168076, 15.71873355402767, 2.3411794853021926, 4.570521181874893, 2.313174657300688, 15.840669335612432, 2.3356701030927827, 4.330995850622407, 2.4995576808129107, 16.076701030927833, 2.257964408669932]",95.78216933921723,9.921816128464428
ADTC_8_adz_raw_20260307_1400,2026-03-07 13:53:15.373,2026-03-07 13:53:25.435,"[Timestamp('2026-03-07 13:53:25.435000'), Timestamp('2026-03-07 13:53:25.542000'), Timestamp('2026-03-07 13:53:26.286000'), Timestamp('2026-03-07 13:53:26.397000'), Timestamp('2026-03-07 13:53:26.613000'), Timestamp('2026-03-07 13:53:26.732000'), Timestamp('2026-03-07 13:53:27.496000'), Timestamp('2026-03-07 13:53:27.609000'), Timestamp('2026-03-07 13:53:27.835000'), Timestamp('2026-03-07 13:53:27.950000'), Timestamp('2026-03-07 13:53:28.748000'), Timestamp('2026-03-07 13:53:28.870000'), Timestamp('2026-03-07 13:53:29.103000'), Timestamp('2026-03-07 13:53:29.227000'), Timestamp('2026-03-07 13:53:30.053000'), Timestamp('2026-03-07 13:53:30.182000')]","[0.107, 0.744, 0.111, 0.216, 0.119, 0.764, 0.113, 0.226, 0.115, 0.798, 0.122, 0.233, 0.124, 0.826, 0.129]","[21.67937686065006, 21.523258616534104, 21.202385073302484, 21.07249446423414, 20.972796611382204, 21.035673187571923, 20.492933706561065, 20.331689825190495, 20.1682450663986, 20.171090925125668, 19.66932581724841, 19.57824694609087, 19.507042834627477, 19.321984577331587, 18.818253029628146, 18.773202963868307]","[2.319693324089556, 16.013304410701373, 2.3534647431365756, 4.551658804274574, 2.495762796754482, 16.071254315304948, 2.3157015088414004, 4.594961900493052, 2.319348182635839, 16.096530558250283, 2.399657749704306, 4.561731538439173, 2.4188733114938072, 15.959959260875891, 2.4275546408220308]",96.89945704581731,9.921816128464428
ADTC_8_adz_raw_20260307_1410,2026-03-07 14:08:06.490,2026-03-07 14:08:16.531,"[Timestamp('2026-03-07 14:08:16.531000'), Timestamp('2026-03-07 14:08:16.633000'), Timestamp('2026-03-07 14:08:17.314000'), Timestamp('2026-03-07 14:08:17.416000'), Timestamp('2026-03-07 14:08:17.611000'), Timestamp('2026-03-07 14:08:17.716000'), Timestamp('2026-03-07 14:08:18.409000'), Timestamp('2026-03-07 14:08:18.517000'), Timestamp('2026-03-07 14:08:18.712000'), Timestamp('2026-03-07 14:08:18.824000'), Timestamp('2026-03-07 14:08:19.545000'), Timestamp('2026-03-07 14:08:19.657000'), Timestamp('2026-03-07 14:08:19.871000'), Timestamp('2026-03-07 14:08:19.980000'), Timestamp('2026-03-07 14:08:20.753000'), Timestamp('2026-03-07 14:08:20.871000')]","[0.102, 0.681, 0.102, 0.195, 0.105, 0.693, 0.108, 0.195, 0.112, 0.721, 0.112, 0.214, 0.109, 0.773, 0.118]","[23.216750497134168, 23.305913687038917, 22.80297901150982, 22.91495761553186, 22.614872364039954, 22.641509433962266, 22.406205063401455, 22.276779945729423, 22.22650974339186, 22.171018945212495, 21.481778133760514, 21.501881113619262, 20.894278135657444, 21.169331310537984, 20.043937650381842, 20.108438174448594]","[2.368108550707685, 15.871327220873503, 2.3259038591740016, 4.468416735028713, 2.374561598224195, 15.690566037735849, 2.419870146847357, 4.343972089417238, 2.489369091259888, 15.985304659498208, 2.4059591509811775, 4.601402558314522, 2.2774763167866614, 16.36389310304586, 2.3651846427450574]",96.3513157606399,9.921816128464428
ADTC_8_adz_raw_20260307_1430,2026-03-07 14:23:03.251,2026-03-07 14:23:13.302,"[Timestamp('2026-03-07 14:23:13.302000'), Timestamp('2026-03-07 14:23:13.422000'), Timestamp('2026-03-07 14:23:14.202000'), Timestamp('2026-03-07 14:23:14.325000'), Timestamp('2026-03-07 14:23:14.523000'), Timestamp('2026-03-07 14:23:14.655000'), Timestamp('2026-03-07 14:23:15.529000'), Timestamp('2026-03-07 14:23:15.651000'), Timestamp('2026-03-07 14:23:15.852000'), Timestamp('2026-03-07 14:23:15.985000'), Timestamp('2026-03-07 14:23:16.894000'), Timestamp('2026-03-07 14:23:17.026000'), Timestamp('2026-03-07 14:23:17.235000'), Timestamp('2026-03-07 14:23:17.371000'), Timestamp('2026-03-07 14:23:18.333000'), Timestamp('2026-03-07 14:23:18.472000'), Timestamp('2026-03-07 14:23:18.691000'), Timestamp('2026-03-07 14:23:18.846000'), Timestamp('2026-03-07 14:23:19.850000'), Timestamp('2026-03-07 14:23:19.994000'), Timestamp('2026-03-07 14:23:20.238000'), Timestamp('2026-03-07 14:23:20.396000'), Timestamp('2026-03-07 14:23:21.384000'), Timestamp('2026-03-07 14:23:21.542000')]","[0.12, 0.78, 0.123, 0.198, 0.132, 0.874, 0.122, 0.201, 0.133, 0.909, 0.132, 0.209, 0.136, 0.962, 0.139, 0.219, 0.155, 1.004, 0.144, 0.244, 0.158, 0.988, 0.158]","[20.02453475321692, 19.86850215738648, 19.517355371900827, 19.27741935483871, 19.106766583754492, 18.987816307403932, 18.671747414262384, 18.49001201227922, 18.395125174363116, 18.500475285171103, 17.901981230448385, 17.553148816686722, 17.69767157362476, 17.577057089252214, 16.875926841324763, 16.788347947316282, 16.55251141552511, 16.70668352011225, 16.12419192887846, 15.925697684655336, 15.811476876528413, 15.836370559756295, 15.401320495468838, 15.229468599033817]","[2.4029441703860304, 15.497431682761455, 2.4006347107438017, 3.8169290322580647, 2.522093189055593, 16.595351452671036, 2.277953184540011, 3.7164924144681235, 2.4465516481902947, 16.81693203422053, 2.363061522419187, 3.6686081026875246, 2.4068833340129676, 16.90912891986063, 2.345753830944142, 3.6766482004622656, 2.565639269406392, 16.7735102541927, 2.321883637758498, 3.885870235055902, 2.4982133464914895, 15.64633411303922, 2.4334086382840763]",145.98825692390997,9.921816128464428
ADTC_8_adz_raw_20260307_1440,2026-03-07 14:37:10.515,2026-03-07 14:37:20.565,"[Timestamp('2026-03-07 14:37:20.565000'), Timestamp('2026-03-07 14:37:20.681000'), Timestamp('2026-03-07 14:37:21.474000'), Timestamp('2026-03-07 14:37:21.594000'), Timestamp('2026-03-07 14:37:21.827000'), Timestamp('2026-03-07 14:37:21.949000'), Timestamp('2026-03-07 14:37:22.772000'), Timestamp('2026-03-07 14:37:22.898000'), Timestamp('2026-03-07 14:37:23.133000'), Timestamp('2026-03-07 14:37:23.265000'), Timestamp('2026-03-07 14:37:24.125000'), Timestamp('2026-03-07 14:37:24.256000'), Timestamp('2026-03-07 14:37:24.509000'), Timestamp('2026-03-07 14:37:25.555000'), Timestamp('2026-03-07 14:37:25.690000')]","[0.116, 0.793, 0.12, 0.233, 0.122, 0.823, 0.126, 0.235, 0.132, 0.86, 0.131, 0.253, 1.046, 0.135]","[20.253164556962027, 20.253164556962027, 19.672131147540984, 19.712525667351123, 19.35483870967742, 19.315895372233395, 18.64077669902913, 18.7866927592955, 18.497109826589597, 18.75, 17.87709497206704, 18.045112781954884, 17.61467889908257, 17.58241758241758, 17.05150976909414, 17.081850533807827]","[2.349367088607595, 16.060759493670886, 2.360655737704918, 4.593018480492812, 2.361290322580645, 15.896981891348084, 2.34873786407767, 4.414872798434443, 2.4416184971098267, 16.125, 2.3418994413407828, 4.565413533834586, 18.42495412844037, 2.3736263736263736]",96.658195651269,9.921816128464428
ADTC_8_adz_raw_20260307_1500,2026-03-07 14:53:47.446,2026-03-07 14:53:57.482,"[Timestamp('2026-03-07 14:53:57.482000'), Timestamp('2026-03-07 14:53:57.600000'), Timestamp('2026-03-07 14:53:58.393000'), Timestamp('2026-03-07 14:53:58.514000'), Timestamp('2026-03-07 14:53:58.745000'), Timestamp('2026-03-07 14:53:58.875000'), Timestamp('2026-03-07 14:53:59.692000'), Timestamp('2026-03-07 14:53:59.821000'), Timestamp('2026-03-07 14:54:00.063000'), Timestamp('2026-03-07 14:54:00.195000'), Timestamp('2026-03-07 14:54:01.066000'), Timestamp('2026-03-07 14:54:01.196000'), Timestamp('2026-03-07 14:54:01.456000'), Timestamp('2026-03-07 14:54:01.596000'), Timestamp('2026-03-07 14:54:02.528000'), Timestamp('2026-03-07 14:54:02.674000')]","[0.118, 0.793, 0.121, 0.231, 0.13, 0.817, 0.129, 0.242, 0.132, 0.871, 0.13, 0.26, 0.14, 0.932, 0.146]","[20.255418404547495, 20.32749858836815, 19.81476905774195, 19.659431043589805, 19.467455621301777, 19.615447164642156, 18.774804811464318, 18.714551459701603, 18.61031276415892, 18.42657792649519, 17.731733914940023, 17.499767784397765, 17.182800579152435, 17.18582169709989, 16.543385490753913, 16.341844710786866]","[2.390139371736604, 16.119706380575945, 2.3975870559867762, 4.541328571069245, 2.530769230769231, 16.02582033351264, 2.421949820678897, 4.528921453247788, 2.4565612848689775, 16.04954937397731, 2.305125408942203, 4.549939623943419, 2.405592081081341, 16.017185821697097, 2.415334281650071]",97.15551009373755,9.921816128464428
ADTC_8_adz_raw_20260307_1510,2026-03-07 15:07:17.184,2026-03-07 15:07:27.273,"[Timestamp('2026-03-07 15:07:27.273000'), Timestamp('2026-03-07 15:07:27.394000'), Timestamp('2026-03-07 15:07:28.245000'), Timestamp('2026-03-07 15:07:28.371000'), Timestamp('2026-03-07 15:07:28.614000'), Timestamp('2026-03-07 15:07:28.753000'), Timestamp('2026-03-07 15:07:29.636000'), Timestamp('2026-03-07 15:07:29.768000'), Timestamp('2026-03-07 15:07:30.029000'), Timestamp('2026-03-07 15:07:30.171000'), Timestamp('2026-03-07 15:07:31.102000'), Timestamp('2026-03-07 15:07:31.245000'), Timestamp('2026-03-07 15:07:31.522000'), Timestamp('2026-03-07 15:07:31.674000'), Timestamp('2026-03-07 15:07:32.672000'), Timestamp('2026-03-07 15:07:32.824000')]","[0.121, 0.851, 0.126, 0.243, 0.139, 0.883, 0.132, 0.261, 0.142, 0.931, 0.143, 0.277, 0.152, 0.998, 0.152]","[19.181297755634866, 19.35483870967742, 18.44395721214537, 18.623134412608096, 18.291089626339165, 18.11423933011492, 17.614738202973495, 17.713684597550888, 17.129214019673384, 17.112353838332485, 16.710296684118674, 16.768674066525502, 16.285936285936288, 16.148034971564382, 15.610127546164094, 15.699950790560344]","[2.3209370284318185, 16.470967741935485, 2.323938608730317, 4.525421662263767, 2.542461458061144, 15.994873328491474, 2.3251454427925013, 4.623271679960782, 2.4323483907936203, 15.931601423487544, 2.38957242582897, 4.644922716427565, 2.4754623154623157, 16.115738901621253, 2.372739387016942]",97.48940251130549,9.921816128464428
ADTC_8_adz_raw_20260307_1530,2026-03-07 15:24:29.805,2026-03-07 15:24:39.842,"[Timestamp('2026-03-07 15:24:39.842000'), Timestamp('2026-03-07 15:24:39.955000'), Timestamp('2026-03-07 15:24:40.717000'), Timestamp('2026-03-07 15:24:40.832000'), Timestamp('2026-03-07 15:24:41.051000'), Timestamp('2026-03-07 15:24:41.171000'), Timestamp('2026-03-07 15:24:41.955000'), Timestamp('2026-03-07 15:24:42.074000'), Timestamp('2026-03-07 15:24:42.302000'), Timestamp('2026-03-07 15:24:42.426000'), Timestamp('2026-03-07 15:24:43.242000'), Timestamp('2026-03-07 15:24:43.367000'), Timestamp('2026-03-07 15:24:43.603000'), Timestamp('2026-03-07 15:24:43.733000'), Timestamp('2026-03-07 15:24:44.589000'), Timestamp('2026-03-07 15:24:44.716000')]","[0.113, 0.762, 0.115, 0.219, 0.12, 0.784, 0.119, 0.228, 0.124, 0.816, 0.125, 0.236, 0.13, 0.856, 0.127]","[21.2987012987013, 21.190351030897727, 20.791007064404678, 20.708507670850768, 20.5368243984495, 20.60152174513069, 20.171090925125668, 19.875648733364162, 19.843181468764413, 19.805379679598865, 19.356725146198833, 19.130407195317336, 19.064505833540196, 19.015109997651294, 18.400528750826172, 18.189379490341732]","[2.406753246753247, 16.147047485544068, 2.390965812406538, 4.535163179916318, 2.46441892781394, 16.151593048182463, 2.4003598200899545, 4.531647911207029, 2.4605545021267874, 16.16118981855267, 2.419590643274854, 4.514776098094891, 2.4783857583602256, 16.27693415798951, 2.336867151354924]",97.67624756166741,9.921816128464428
ADTC_8_adz_raw_20260307_1540,2026-03-07 15:38:37.875,2026-03-07 15:38:47.920,"[Timestamp('2026-03-07 15:38:47.920000'), Timestamp('2026-03-07 15:38:48.041000'), Timestamp('2026-03-07 15:38:48.847000'), Timestamp('2026-03-07 15:38:48.974000'), Timestamp('2026-03-07 15:38:49.204000'), Timestamp('2026-03-07 15:38:49.332000'), Timestamp('2026-03-07 15:38:50.167000'), Timestamp('2026-03-07 15:38:50.290000'), Timestamp('2026-03-07 15:38:50.532000'), Timestamp('2026-03-07 15:38:50.669000'), Timestamp('2026-03-07 15:38:51.546000'), Timestamp('2026-03-07 15:38:51.676000'), Timestamp('2026-03-07 15:38:51.933000'), Timestamp('2026-03-07 15:38:52.074000'), Timestamp('2026-03-07 15:38:53.001000'), Timestamp('2026-03-07 15:38:53.138000')]","[0.121, 0.806, 0.127, 0.23, 0.128, 0.835, 0.123, 0.242, 0.137, 0.877, 0.13, 0.257, 0.141, 0.927, 0.137]","[19.83606557377049, 19.92121407814013, 19.493370275084107, 19.244737264984735, 19.104496526815204, 18.919359724131503, 18.446680793567584, 18.604651162790695, 18.23560821439395, 18.176476910400172, 17.582948404431967, 17.600322645694696, 17.375921375921376, 17.219855600314027, 16.611432933674614, 16.652324356852716]","[2.4001639344262293, 16.056498546980947, 2.4756580249356817, 4.426289570946489, 2.445375555432346, 15.797665369649804, 2.2689417376088126, 4.502325581395348, 2.498278325371971, 15.94077025042095, 2.2857832925761556, 4.523282919943537, 2.450004914004914, 15.962806141491104, 2.275766311913422]",96.30961047709769,9.921816128464428
ADTC_8_adz_raw_20260307_1600,2026-03-07 15:52:53.549,2026-03-07 15:53:03.597,"[Timestamp('2026-03-07 15:53:03.597000'), Timestamp('2026-03-07 15:53:03.703000'), Timestamp('2026-03-07 15:53:04.424000'), Timestamp('2026-03-07 15:53:04.530000'), Timestamp('2026-03-07 15:53:04.730000'), Timestamp('2026-03-07 15:53:04.841000'), Timestamp('2026-03-07 15:53:05.568000'), Timestamp('2026-03-07 15:53:05.676000'), Timestamp('2026-03-07 15:53:05.886000'), Timestamp('2026-03-07 15:53:05.996000'), Timestamp('2026-03-07 15:53:06.751000'), Timestamp('2026-03-07 15:53:06.855000'), Timestamp('2026-03-07 15:53:07.068000'), Timestamp('2026-03-07 15:53:07.181000'), Timestamp('2026-03-07 15:53:07.954000'), Timestamp('2026-03-07 15:53:08.068000')]","[0.106, 0.721, 0.106, 0.2, 0.111, 0.727, 0.108, 0.21, 0.11, 0.755, 0.104, 0.213, 0.113, 0.773, 0.114]","[22.285778919643864, 22.17669654289373, 22.203208556149733, 22.02993747236784, 21.877076411960136, 21.966986757045127, 21.771506150491632, 21.597327664743396, 21.36153023642628, 21.542966686289603, 21.2987012987013, 21.02357676825762, 20.874399081072646, 20.907746558980776, 20.32950287732382, 20.282413350449296]","[2.3622925654822495, 15.989398207426378, 2.3535401069518715, 4.405987494473568, 2.428355481727575, 15.969999372371808, 2.351322664253096, 4.535438809596113, 2.349768326006891, 16.26493984814865, 2.215064935064935, 4.478021851638873, 2.358807096161209, 16.16168809009214, 2.3175633280149155]",96.54218817741027,9.921816128464428
ADTC_8_adz_raw_20260307_1610,2026-03-07 16:03:17.722,2026-03-07 16:03:27.762,"[Timestamp('2026-03-07 16:03:27.762000'), Timestamp('2026-03-07 16:03:27.853000'), Timestamp('2026-03-07 16:03:28.442000'), Timestamp('2026-03-07 16:03:28.533000'), Timestamp('2026-03-07 16:03:28.700000'), Timestamp('2026-03-07 16:03:28.789000'), Timestamp('2026-03-07 16:03:29.379000'), Timestamp('2026-03-07 16:03:29.469000'), Timestamp('2026-03-07 16:03:29.629000'), Timestamp('2026-03-07 16:03:29.721000'), Timestamp('2026-03-07 16:03:30.309000'), Timestamp('2026-03-07 16:03:30.399000'), Timestamp('2026-03-07 16:03:30.557000'), Timestamp('2026-03-07 16:03:30.652000'), Timestamp('2026-03-07 16:03:31.236000'), Timestamp('2026-03-07 16:03:31.326000'), Timestamp('2026-03-07 16:03:31.481000'), Timestamp('2026-03-07 16:03:31.577000'), Timestamp('2026-03-07 16:03:32.160000'), Timestamp('2026-03-07 16:03:32.249000'), Timestamp('2026-03-07 16:03:32.407000'), Timestamp('2026-03-07 16:03:32.501000'), Timestamp('2026-03-07 16:03:33.083000'), Timestamp('2026-03-07 16:03:33.171000'), Timestamp('2026-03-07 16:03:33.329000'), Timestamp('2026-03-07 16:03:33.420000'), Timestamp('2026-03-07 16:03:34.003000'), Timestamp('2026-03-07 16:03:34.092000'), Timestamp('2026-03-07 16:03:34.248000'), Timestamp('2026-03-07 16:03:34.339000'), Timestamp('2026-03-07 16:03:34.919000'), Timestamp('2026-03-07 16:03:35.004000')]","[0.091, 0.589, 0.091, 0.167, 0.089, 0.59, 0.09, 0.16, 0.092, 0.588, 0.09, 0.158, 0.095, 0.584, 0.09, 0.155, 0.096, 0.583, 0.089, 0.158, 0.094, 0.582, 0.088, 0.158, 0.091, 0.583, 0.089, 0.156, 0.091, 0.58, 0.085]","[27.234535709111977, 27.119509703779357, 27.273607748184013, 27.197431781701436, 27.430586736984758, 27.240674254986878, 27.549407114624504, 27.278231177197107, 27.314230208839238, 27.358421629521374, 27.588257153474547, 27.594409753196544, 27.469216662300234, 27.52976557300269, 27.676969092721826, 27.609004661002935, 27.278231177197107, 27.5254682878738, 27.76886035313001, 27.693535514764555, 27.63556836820915, 27.637554910282184, 27.865652554351477, 27.82830486290566, 27.698831746559684, 27.551498704822993, 28.079524492723916, 27.8860645454622, 27.82830486290566, 27.776478840308627, 28.028600612870267, 27.80512305374183]","[2.47834274952919, 15.973391215526041, 2.481898305084745, 4.54197110754414, 2.4413222195916435, 16.07199781044226, 2.479446640316205, 4.364516988351538, 2.5129091792132097, 16.086751918158566, 2.482943143812709, 4.359916741005054, 2.6095755829185223, 16.077383094633568, 2.4909272183449644, 4.279395722455455, 2.6187101930109224, 16.047348011830422, 2.4714285714285706, 4.3755786113327995, 2.59774342661166, 16.08505695778423, 2.45217742478293, 4.396872168339095, 2.520593688936931, 16.062523744911804, 2.4990776798524283, 4.350226069092104, 2.532375742524415, 16.110357727379004, 2.382431052093973]",199.2351907068391,9.921816128464428
ADTC_8_adz_raw_20260307_1630,2026-03-07 16:25:08.448,2026-03-07 16:25:18.491,"[Timestamp('2026-03-07 16:25:18.491000'), Timestamp('2026-03-07 16:25:18.616000'), Timestamp('2026-03-07 16:25:19.442000'), Timestamp('2026-03-07 16:25:19.572000'), Timestamp('2026-03-07 16:25:19.783000'), Timestamp('2026-03-07 16:25:19.920000'), Timestamp('2026-03-07 16:25:20.835000'), Timestamp('2026-03-07 16:25:20.965000'), Timestamp('2026-03-07 16:25:21.175000'), Timestamp('2026-03-07 16:25:21.313000'), Timestamp('2026-03-07 16:25:22.262000'), Timestamp('2026-03-07 16:25:22.395000'), Timestamp('2026-03-07 16:25:22.613000'), Timestamp('2026-03-07 16:25:22.758000'), Timestamp('2026-03-07 16:25:23.735000'), Timestamp('2026-03-07 16:25:23.874000'), Timestamp('2026-03-07 16:25:24.098000'), Timestamp('2026-03-07 16:25:24.255000'), Timestamp('2026-03-07 16:25:25.261000'), Timestamp('2026-03-07 16:25:25.407000'), Timestamp('2026-03-07 16:25:25.652000'), Timestamp('2026-03-07 16:25:25.811000'), Timestamp('2026-03-07 16:25:26.797000'), Timestamp('2026-03-07 16:25:26.951000')]","[0.125, 0.826, 0.13, 0.211, 0.137, 0.915, 0.13, 0.21, 0.138, 0.949, 0.133, 0.218, 0.145, 0.977, 0.139, 0.224, 0.157, 1.006, 0.146, 0.245, 0.159, 0.986, 0.154]","[18.89763779527559, 18.752575274314403, 18.44463803209946, 18.115529224108464, 18.06338327338639, 18.070548236294094, 17.76171209102672, 17.48633879781421, 17.638722043003497, 17.476808905380334, 17.235188509874327, 17.008455266180817, 16.99120366889707, 17.03639318241941, 16.681159420289852, 16.439561212910263, 16.53846153846154, 16.50186071238703, 16.136687233032745, 15.90730622443096, 15.818963645050598, 15.72718929623726, 15.385603221771614, 15.153916306606664]","[2.3622047244094486, 15.489627176583696, 2.3978029441729296, 3.822376666286886, 2.4746835084539356, 16.5345516362091, 2.3090225718334736, 3.6721311475409837, 2.4341436419344826, 16.58549165120594, 2.2922800718132854, 3.707843248027418, 2.463724531990075, 16.644556139223763, 2.3186811594202896, 3.682461711691899, 2.596538461538462, 16.60087187666135, 2.3559563360227807, 3.897290024985585, 2.515215219563045, 15.507008646089938, 2.3693828961528287]",145.0338459918116,9.921816128464428
ADTC_8_adz_raw_20260307_1640,2026-03-07 16:37:57.171,2026-03-07 16:38:07.218,"[Timestamp('2026-03-07 16:38:07.218000'), Timestamp('2026-03-07 16:38:07.338000'), Timestamp('2026-03-07 16:38:08.166000'), Timestamp('2026-03-07 16:38:08.287000'), Timestamp('2026-03-07 16:38:08.526000'), Timestamp('2026-03-07 16:38:08.656000'), Timestamp('2026-03-07 16:38:09.515000'), Timestamp('2026-03-07 16:38:09.646000'), Timestamp('2026-03-07 16:38:09.888000'), Timestamp('2026-03-07 16:38:10.035000'), Timestamp('2026-03-07 16:38:10.927000'), Timestamp('2026-03-07 16:38:11.063000'), Timestamp('2026-03-07 16:38:11.328000'), Timestamp('2026-03-07 16:38:11.469000'), Timestamp('2026-03-07 16:38:12.416000'), Timestamp('2026-03-07 16:38:12.558000')]","[0.12, 0.828, 0.121, 0.239, 0.13, 0.859, 0.131, 0.242, 0.147, 0.892, 0.136, 0.265, 0.141, 0.947, 0.142]","[19.49401325988719, 19.532226683776955, 18.823818897637793, 19.036987539797963, 18.65933268858801, 18.715228164047062, 18.04919423240034, 18.131621187800963, 17.956221222323613, 17.58619301329969, 17.238744620146043, 17.267080745341616, 17.021758198228788, 16.94627944659105, 16.29885852646143, 16.440718225725572]","[2.3392815911864626, 16.17268369416732, 2.2776820866141727, 4.549840022011713, 2.4257132495164413, 16.076380992916427, 2.3644444444444446, 4.387852327447833, 2.639564519681571, 15.686884167863326, 2.344469268339862, 4.575776397515528, 2.4000679059502588, 16.048126635921722, 2.314437910757523]",96.6032052143346,9.921816128464428
ADTC_8_adz_raw_20260307_1700,2026-03-07 16:54:10.266,2026-03-07 16:54:20.325,"[Timestamp('2026-03-07 16:54:20.325000'), Timestamp('2026-03-07 16:54:20.439000'), Timestamp('2026-03-07 16:54:21.257000'), Timestamp('2026-03-07 16:54:21.378000'), Timestamp('2026-03-07 16:54:21.612000'), Timestamp('2026-03-07 16:54:21.744000'), Timestamp('2026-03-07 16:54:22.587000'), Timestamp('2026-03-07 16:54:22.715000'), Timestamp('2026-03-07 16:54:22.959000'), Timestamp('2026-03-07 16:54:23.102000'), Timestamp('2026-03-07 16:54:23.982000'), Timestamp('2026-03-07 16:54:24.118000'), Timestamp('2026-03-07 16:54:24.380000'), Timestamp('2026-03-07 16:54:24.520000'), Timestamp('2026-03-07 16:54:25.458000'), Timestamp('2026-03-07 16:54:25.603000')]","[0.114, 0.818, 0.121, 0.234, 0.132, 0.843, 0.128, 0.244, 0.143, 0.88, 0.136, 0.262, 0.14, 0.938, 0.145]","[19.84013117442099, 19.738810701153795, 19.19478423445377, 18.957759877732116, 18.938521400778207, 18.86530725482036, 18.355908966273653, 18.206265774089864, 18.10618827193413, 18.15752813002322, 17.571641011213377, 17.40249845652659, 17.308310782934683, 17.127061290630063, 16.481670331224983, 16.312400470816307]","[2.2617749538839926, 16.146347153543804, 2.3225688923689063, 4.436115811389316, 2.4998848249027232, 15.903454015813564, 2.3495563476830275, 4.442328848877927, 2.5891849228865804, 15.978624754420434, 2.3897431775250193, 4.559454595609967, 2.423163509610856, 16.065183490611, 2.3898421980276225]",96.75722749715473,9.921816128464428
ADTC_8_adz_raw_20260307_1710,2026-03-07 17:09:35.680,2026-03-07 17:09:45.723,"[Timestamp('2026-03-07 17:09:45.723000'), Timestamp('2026-03-07 17:09:45.820000'), Timestamp('2026-03-07 17:09:46.492000'), Timestamp('2026-03-07 17:09:46.592000'), Timestamp('2026-03-07 17:09:46.782000'), Timestamp('2026-03-07 17:09:46.890000'), Timestamp('2026-03-07 17:09:47.581000'), Timestamp('2026-03-07 17:09:47.687000'), Timestamp('2026-03-07 17:09:47.881000'), Timestamp('2026-03-07 17:09:47.992000'), Timestamp('2026-03-07 17:09:48.710000'), Timestamp('2026-03-07 17:09:48.822000'), Timestamp('2026-03-07 17:09:49.032000'), Timestamp('2026-03-07 17:09:49.143000'), Timestamp('2026-03-07 17:09:49.902000'), Timestamp('2026-03-07 17:09:50.018000')]","[0.097, 0.672, 0.1, 0.19, 0.108, 0.691, 0.106, 0.194, 0.111, 0.718, 0.112, 0.21, 0.111, 0.759, 0.116]","[23.244688335443932, 23.473145535415377, 23.021715126978286, 23.139113465291334, 23.063877897117017, 22.77583276108566, 22.351601886485607, 22.37871674491393, 22.32558139534884, 22.145358180521704, 21.623376623376625, 21.548848692497607, 21.075766338924232, 21.216738952057202, 20.513195141996164, 20.579936583796698]","[2.2547347685380617, 15.773953799799134, 2.3021715126978286, 4.396431558405354, 2.490898812888638, 15.73810043791019, 2.369269799967474, 4.341471048513303, 2.4781395348837214, 15.900367173614583, 2.421818181818182, 4.525258225424498, 2.3394100636205897, 16.103504864611416, 2.379530636471555]",95.81506041916454,9.921816128464428
ADTC_8_adz_raw_20260307_1730,2026-03-07 17:24:20.998,2026-03-07 17:24:31.043,"[Timestamp('2026-03-07 17:24:31.043000'), Timestamp('2026-03-07 17:24:31.148000'), Timestamp('2026-03-07 17:24:31.865000'), Timestamp('2026-03-07 17:24:31.972000'), Timestamp('2026-03-07 17:24:32.181000'), Timestamp('2026-03-07 17:24:32.295000'), Timestamp('2026-03-07 17:24:33.053000'), Timestamp('2026-03-07 17:24:33.170000'), Timestamp('2026-03-07 17:24:33.392000'), Timestamp('2026-03-07 17:24:33.511000'), Timestamp('2026-03-07 17:24:34.318000'), Timestamp('2026-03-07 17:24:34.441000'), Timestamp('2026-03-07 17:24:34.675000'), Timestamp('2026-03-07 17:24:34.806000'), Timestamp('2026-03-07 17:24:35.664000'), Timestamp('2026-03-07 17:24:35.797000')]","[0.105, 0.717, 0.107, 0.209, 0.114, 0.758, 0.117, 0.222, 0.119, 0.807, 0.123, 0.234, 0.131, 0.858, 0.133]","[22.56546237984753, 22.39514510840307, 21.681476836486546, 21.396129198786834, 21.177981437160703, 21.207899377441763, 20.393288832762043, 20.098548058603242, 20.04603473530027, 19.92566590956019, 19.241258811479526, 19.14059552226357, 18.881264939545606, 18.76172607879925, 17.840233010780892, 17.629873740181758]","[2.3693735498839907, 16.057319042725002, 2.3199180215040602, 4.471791002546448, 2.4142898838363203, 16.075587728100857, 2.386014793433159, 4.46187766900992, 2.3854781335007322, 16.080012389015074, 2.3666748338119814, 4.478899352209676, 2.4734457070804745, 16.097560975609756, 2.372750990433859]",96.81099407270132,9.921816128464428
ADTC_8_adz_raw_20260307_1740,2026-03-07 17:31:38.797,2026-03-07 17:31:48.842,"[Timestamp('2026-03-07 17:31:48.842000'), Timestamp('2026-03-07 17:31:48.926000'), Timestamp('2026-03-07 17:31:49.505000'), Timestamp('2026-03-07 17:31:49.592000'), Timestamp('2026-03-07 17:31:49.752000'), Timestamp('2026-03-07 17:31:49.842000'), Timestamp('2026-03-07 17:31:50.415000'), Timestamp('2026-03-07 17:31:50.503000'), Timestamp('2026-03-07 17:31:50.658000'), Timestamp('2026-03-07 17:31:50.752000'), Timestamp('2026-03-07 17:31:51.330000'), Timestamp('2026-03-07 17:31:51.414000'), Timestamp('2026-03-07 17:31:51.572000'), Timestamp('2026-03-07 17:31:51.661000'), Timestamp('2026-03-07 17:31:52.235000'), Timestamp('2026-03-07 17:31:52.323000'), Timestamp('2026-03-07 17:31:52.479000'), Timestamp('2026-03-07 17:31:52.570000'), Timestamp('2026-03-07 17:31:53.148000'), Timestamp('2026-03-07 17:31:53.235000'), Timestamp('2026-03-07 17:31:53.393000'), Timestamp('2026-03-07 17:31:53.489000'), Timestamp('2026-03-07 17:31:54.062000'), Timestamp('2026-03-07 17:31:54.147000'), Timestamp('2026-03-07 17:31:54.300000'), Timestamp('2026-03-07 17:31:54.310000'), Timestamp('2026-03-07 17:31:54.396000'), Timestamp('2026-03-07 17:31:54.973000'), Timestamp('2026-03-07 17:31:55.059000'), Timestamp('2026-03-07 17:31:55.214000'), Timestamp('2026-03-07 17:31:55.305000'), Timestamp('2026-03-07 17:31:55.885000'), Timestamp('2026-03-07 17:31:55.972000')]","[0.084, 0.579, 0.087, 0.16, 0.09, 0.573, 0.088, 0.155, 0.094, 0.578, 0.084, 0.158, 0.089, 0.574, 0.088, 0.156, 0.091, 0.578, 0.087, 0.158, 0.096, 0.573, 0.085, 0.153, 0.01, 0.086, 0.577, 0.086, 0.155, 0.091, 0.58, 0.087]","[28.099244285066288, 28.370874803562074, 27.990832696715046, 28.283248414266396, 28.11079241405882, 28.323744565641842, 28.343247315386563, 28.32855280312907, 28.45841482559924, 28.73070325900514, 28.543195934500275, 28.30605926581159, 28.512593061935686, 28.492400094834174, 28.157080006517845, 28.335941575378193, 28.492400094834174, 28.427672955974835, 28.63636363636363, 28.31465352718692, 28.521126760563376, 28.296398891966753, 28.974808861898747, 28.971826895149576, 29.019607843137248, 29.10554234497896, 28.817169511175823, 28.333333333333325, 28.739689547010308, 28.81860932620167, 28.75508892221984, 28.81720430107526]","[2.360336519945568, 16.42673651126244, 2.435202444614209, 4.525319746282624, 2.529971317265294, 16.229505636112773, 2.4942057637540174, 4.390925684485006, 2.6750909936063287, 16.606346483704968, 2.397628458498023, 4.472357363998231, 2.537620782512276, 16.354637654434814, 2.47782304057357, 4.420406885758998, 2.5928084086299097, 16.431194968553452, 2.491363636363636, 4.473715257295534, 2.7380281690140844, 16.213836565096948, 2.462858753261394, 4.432689514957885, 0.29019607843137246, 2.50307664166819, 16.62750680794845, 2.4366666666666656, 4.4546518797865975, 2.622493448684352, 16.677951574887505, 2.5070967741935477]",203.29025043224865,9.921816128464428
ADTC_8_adz_raw_20260307_1800,2026-03-07 17:53:48.070,2026-03-07 17:53:58.120,"[Timestamp('2026-03-07 17:53:58.120000'), Timestamp('2026-03-07 17:53:58.235000'), Timestamp('2026-03-07 17:53:59.048000'), Timestamp('2026-03-07 17:53:59.173000'), Timestamp('2026-03-07 17:53:59.407000'), Timestamp('2026-03-07 17:53:59.539000'), Timestamp('2026-03-07 17:54:00.383000'), Timestamp('2026-03-07 17:54:00.512000'), Timestamp('2026-03-07 17:54:00.757000'), Timestamp('2026-03-07 17:54:00.896000'), Timestamp('2026-03-07 17:54:01.784000'), Timestamp('2026-03-07 17:54:01.918000'), Timestamp('2026-03-07 17:54:02.177000'), Timestamp('2026-03-07 17:54:02.318000'), Timestamp('2026-03-07 17:54:03.261000'), Timestamp('2026-03-07 17:54:03.403000')]","[0.115, 0.813, 0.125, 0.234, 0.132, 0.844, 0.129, 0.245, 0.139, 0.888, 0.134, 0.259, 0.141, 0.943, 0.142]","[19.927391118977788, 19.75609756097561, 19.453067257945303, 19.085562511857333, 18.979744936234056, 18.906502599411496, 18.46836847946726, 18.326016867338204, 18.098081023454156, 18.1318622577162, 17.64998124283933, 17.3353542267638, 17.251801906533366, 16.980265316645575, 16.453420746536956, 16.08924997122508]","[2.291649978682446, 16.06170731707317, 2.431633407243163, 4.466021627774616, 2.5053263315828955, 15.957088193903303, 2.3824195338512766, 4.48987413249786, 2.515633262260128, 16.101093684851985, 2.3650974865404706, 4.489856744731824, 2.4325040688212045, 16.012390193596776, 2.3363857460082476]",96.83868170941936,9.921816128464428
ADTC_8_adz_raw_20260307_1810,2026-03-07 18:00:50.406,2026-03-07 18:00:52.499,"[Timestamp('2026-03-07 18:00:52.499000'), Timestamp('2026-03-07 18:00:52.606000'), Timestamp('2026-03-07 18:00:53.349000'), Timestamp('2026-03-07 18:00:53.460000'), Timestamp('2026-03-07 18:00:53.669000'), Timestamp('2026-03-07 18:00:53.783000'), Timestamp('2026-03-07 18:00:54.526000'), Timestamp('2026-03-07 18:00:54.641000'), Timestamp('2026-03-07 18:00:54.847000'), Timestamp('2026-03-07 18:00:54.962000'), Timestamp('2026-03-07 18:00:55.710000'), Timestamp('2026-03-07 18:00:55.816000'), Timestamp('2026-03-07 18:00:56.025000'), Timestamp('2026-03-07 18:00:56.141000'), Timestamp('2026-03-07 18:00:56.886000'), Timestamp('2026-03-07 18:00:56.997000'), Timestamp('2026-03-07 18:00:57.203000'), Timestamp('2026-03-07 18:00:57.318000'), Timestamp('2026-03-07 18:00:58.062000'), Timestamp('2026-03-07 18:00:58.173000'), Timestamp('2026-03-07 18:00:58.387000'), Timestamp('2026-03-07 18:00:58.497000'), Timestamp('2026-03-07 18:00:59.246000'), Timestamp('2026-03-07 18:00:59.356000'), Timestamp('2026-03-07 18:00:59.569000'), Timestamp('2026-03-07 18:00:59.679000'), Timestamp('2026-03-07 18:01:00.426000'), Timestamp('2026-03-07 18:01:00.540000'), Timestamp('2026-03-07 18:01:00.752000'), Timestamp('2026-03-07 18:01:00.860000'), Timestamp('2026-03-07 18:01:01.608000'), Timestamp('2026-03-07 18:01:01.721000')]","[0.107, 0.743, 0.111, 0.209, 0.114, 0.743, 0.115, 0.206, 0.115, 0.748, 0.106, 0.209, 0.116, 0.745, 0.111, 0.206, 0.115, 0.744, 0.111, 0.214, 0.11, 0.749, 0.11, 0.213, 0.11, 0.747, 0.114, 0.212, 0.108, 0.748, 0.113]","[16.502386250125518, 16.36791220276979, 16.405216405216407, 16.372803858319504, 16.339188522471865, 16.526706866574003, 16.465749090333805, 16.54029945842625, 16.491830377010615, 16.738543604744955, 16.57293919730834, 16.602633007311546, 16.496983807810352, 16.6345832943972, 16.610107800841426, 16.571167359435297, 16.47224664021604, 16.615404263471014, 16.570814938551486, 16.571167359435297, 16.59624001403218, 16.602633007311546, 16.850708634031825, 16.6035799063322, 16.59647580612938, 16.705516705516708, 16.56472986748216, 16.558073092337604, 16.71858774662513, 16.744907188078727, 16.56638074510306, 16.797559550853506]","[1.7657553287634304, 12.161358766657955, 1.8209790209790213, 3.421916006388776, 1.8626674915617927, 12.279343201864483, 1.8935611453883876, 3.4073016884358074, 1.8965604933562208, 12.520430616349225, 1.756731554914684, 3.4699502985281128, 1.913650121706001, 12.392764554325913, 1.8437219658933983, 3.413660476043671, 1.8943083636248446, 12.361860772022434, 1.839360458179215, 3.5462298149191533, 1.8255864015435397, 12.435372122476348, 1.8535779497435008, 3.5365625200487587, 1.8256123386742318, 12.47902097902098, 1.8883792048929664, 3.510311495575572, 1.805607476635514, 12.525190576682888, 1.8720010241966458]",153.01933422939348,9.921816128464428
ADTC_8_adz_raw_20260307_1820,2026-03-07 18:12:17.158,2026-03-07 18:12:26.707,"[Timestamp('2026-03-07 18:12:26.707000'), Timestamp('2026-03-07 18:12:27.219000'), Timestamp('2026-03-07 18:12:27.373000'), Timestamp('2026-03-07 18:12:27.818000'), Timestamp('2026-03-07 18:12:27.961000'), Timestamp('2026-03-07 18:12:28.245000'), Timestamp('2026-03-07 18:12:28.384000'), Timestamp('2026-03-07 18:12:29.402000'), Timestamp('2026-03-07 18:12:29.537000'), Timestamp('2026-03-07 18:12:29.796000'), Timestamp('2026-03-07 18:12:29.940000'), Timestamp('2026-03-07 18:12:30.958000'), Timestamp('2026-03-07 18:12:31.094000'), Timestamp('2026-03-07 18:12:31.353000'), Timestamp('2026-03-07 18:12:31.503000'), Timestamp('2026-03-07 18:12:32.527000'), Timestamp('2026-03-07 18:12:32.666000'), Timestamp('2026-03-07 18:12:32.959000'), Timestamp('2026-03-07 18:12:33.119000'), Timestamp('2026-03-07 18:12:33.578000'), Timestamp('2026-03-07 18:12:33.727000'), Timestamp('2026-03-07 18:12:34.019000'), Timestamp('2026-03-07 18:12:34.164000'), Timestamp('2026-03-07 18:12:35.219000'), Timestamp('2026-03-07 18:12:35.361000'), Timestamp('2026-03-07 18:12:35.629000'), Timestamp('2026-03-07 18:12:35.780000'), Timestamp('2026-03-07 18:12:36.849000'), Timestamp('2026-03-07 18:12:36.995000'), Timestamp('2026-03-07 18:12:37.270000'), Timestamp('2026-03-07 18:12:37.421000'), Timestamp('2026-03-07 18:12:38.507000'), Timestamp('2026-03-07 18:12:38.655000')]","[0.512, 0.154, 0.445, 0.143, 0.284, 0.139, 1.018, 0.135, 0.259, 0.144, 1.018, 0.136, 0.259, 0.15, 1.024, 0.139, 0.293, 0.16, 0.459, 0.149, 0.292, 0.145, 1.055, 0.142, 0.268, 0.151, 1.069, 0.146, 0.275, 0.151, 1.086, 0.148]","[17.112299465240643, 17.17352415026834, 17.021276595744677, 16.991150442477878, 17.05150976909414, 17.05150976909414, 16.871704745166962, 17.142857142857142, 16.63778162911612, 16.871704745166962, 16.666666666666664, 16.961130742049466, 16.842105263157894, 16.63778162911612, 16.580310880829018, 16.608996539792386, 16.46655231560892, 16.49484536082474, 16.38225255972696, 16.75392670157068, 16.16161616161616, 16.271186440677962, 16.08040201005025, 16.216216216216214, 15.841584158415838, 16.026711185308848, 15.789473684210524, 15.92039800995025, 15.763546798029557, 15.946843853820596, 15.533980582524268, 15.635179153094459]","[8.761497326203209, 2.644722719141324, 7.574468085106381, 2.429734513274336, 4.842628774422735, 2.3701598579040857, 17.175395430579968, 2.3142857142857145, 4.309185441941075, 2.4295254833040425, 16.966666666666665, 2.3067137809187277, 4.362105263157894, 2.495667244367418, 16.978238341968915, 2.3086505190311417, 4.824699828473413, 2.6391752577319587, 7.519453924914675, 2.4963350785340315, 4.7191919191919185, 2.3593220338983043, 16.964824120603012, 2.3027027027027023, 4.245544554455445, 2.420033388981636, 16.87894736842105, 2.324378109452736, 4.334975369458128, 2.40797342192691, 16.869902912621356, 2.31400651465798]",195.89111166829895,9.921816128464428
ADTC_8_adz_raw_20260307_1830,2026-03-07 18:21:33.581,2026-03-07 18:21:43.624,"[Timestamp('2026-03-07 18:21:43.624000'), Timestamp('2026-03-07 18:21:43.784000'), Timestamp('2026-03-07 18:21:44.774000'), Timestamp('2026-03-07 18:21:44.936000'), Timestamp('2026-03-07 18:21:45.214000'), Timestamp('2026-03-07 18:21:45.378000'), Timestamp('2026-03-07 18:21:46.364000'), Timestamp('2026-03-07 18:21:46.518000'), Timestamp('2026-03-07 18:21:46.802000'), Timestamp('2026-03-07 18:21:46.962000'), Timestamp('2026-03-07 18:21:47.950000'), Timestamp('2026-03-07 18:21:48.106000'), Timestamp('2026-03-07 18:21:48.386000'), Timestamp('2026-03-07 18:21:48.552000'), Timestamp('2026-03-07 18:21:49.535000'), Timestamp('2026-03-07 18:21:49.694000'), Timestamp('2026-03-07 18:21:49.980000'), Timestamp('2026-03-07 18:21:50.138000'), Timestamp('2026-03-07 18:21:51.126000'), Timestamp('2026-03-07 18:21:51.283000'), Timestamp('2026-03-07 18:21:51.560000'), Timestamp('2026-03-07 18:21:51.724000'), Timestamp('2026-03-07 18:21:52.697000'), Timestamp('2026-03-07 18:21:52.848000'), Timestamp('2026-03-07 18:21:53.118000'), Timestamp('2026-03-07 18:21:53.280000'), Timestamp('2026-03-07 18:21:54.220000'), Timestamp('2026-03-07 18:21:54.377000'), Timestamp('2026-03-07 18:21:54.836000'), Timestamp('2026-03-07 18:21:54.984000'), Timestamp('2026-03-07 18:21:55.907000'), Timestamp('2026-03-07 18:21:56.049000'), Timestamp('2026-03-07 18:21:56.306000'), Timestamp('2026-03-07 18:21:56.457000'), Timestamp('2026-03-07 18:21:57.344000'), Timestamp('2026-03-07 18:21:57.487000'), Timestamp('2026-03-07 18:21:57.730000'), Timestamp('2026-03-07 18:21:57.877000'), Timestamp('2026-03-07 18:21:58.737000'), Timestamp('2026-03-07 18:21:58.871000'), Timestamp('2026-03-07 18:21:59.113000'), Timestamp('2026-03-07 18:21:59.250000'), Timestamp('2026-03-07 18:22:00.086000'), Timestamp('2026-03-07 18:22:00.218000'), Timestamp('2026-03-07 18:22:00.445000'), Timestamp('2026-03-07 18:22:00.584000'), Timestamp('2026-03-07 18:22:01.397000'), Timestamp('2026-03-07 18:22:01.523000'), Timestamp('2026-03-07 18:22:01.746000'), Timestamp('2026-03-07 18:22:01.878000'), Timestamp('2026-03-07 18:22:02.663000'), Timestamp('2026-03-07 18:22:02.791000'), Timestamp('2026-03-07 18:22:03.011000'), Timestamp('2026-03-07 18:22:03.138000'), Timestamp('2026-03-07 18:22:03.909000'), Timestamp('2026-03-07 18:22:04.028000')]","[0.16, 0.99, 0.162, 0.278, 0.164, 0.986, 0.154, 0.284, 0.16, 0.988, 0.156, 0.28, 0.166, 0.983, 0.159, 0.286, 0.158, 0.988, 0.157, 0.277, 0.164, 0.973, 0.151, 0.27, 0.162, 0.94, 0.157, 0.459, 0.148, 0.923, 0.142, 0.257, 0.151, 0.887, 0.143, 0.243, 0.147, 0.86, 0.134, 0.242, 0.137, 0.836, 0.132, 0.227, 0.139, 0.813, 0.126, 0.223, 0.132, 0.785, 0.128, 0.22, 0.127, 0.771, 0.119]","[16.681260152537153, 16.62348877374784, 16.78321678321678, 16.75392670157068, 16.739332688764435, 16.670736670736673, 16.827357360125355, 16.539541399307886, 16.783268079331748, 16.74085966576662, 16.76918570591681, 16.494894057976577, 16.595248767368894, 16.70292694587586, 16.666867607875286, 16.42526784146127, 16.66792262871853, 16.63903107202076, 16.78342196955804, 16.62398723815121, 16.753977729587483, 16.87253857202428, 17.251356238698012, 17.007280944012052, 17.17401879208377, 17.220852934173354, 17.439397039315203, 17.5026425480146, 17.695987822115907, 17.68339637362824, 18.06223229140855, 17.96072666176625, 18.164633098470528, 18.34548919114265, 18.731867780425958, 18.696097394470364, 18.824687408683346, 18.917743538767397, 19.315895372233395, 19.12418897200341, 19.43327801339971, 19.498193695254123, 19.958419958419952, 19.896907216494842, 19.875861595967216, 20.1769723944259, 20.578990901571544, 20.492819129547275, 20.623009829710647, 20.735211793245007, 21.09930876577738, 21.149068322981368, 21.192052980132445, 21.2406015037594, 21.721235948154067, 21.623376623376625]","[2.6690016244059445, 16.457253886010363, 2.7188811188811184, 4.65759162303665, 2.7452505609573676, 16.43734635734636, 2.5914130334593044, 4.69722975740344, 2.6853228926930797, 16.539969349777422, 2.6159929701230227, 4.618570336233442, 2.7548112953832367, 16.41897718779597, 2.6500319496521705, 4.697626602657923, 2.6335317753375276, 16.43936269915651, 2.6349972492206124, 4.6048444649678855, 2.7476523476523473, 16.416980030579623, 2.6049547920433995, 4.591965854883254, 2.782191044317571, 16.187601758122952, 2.7379853351724868, 8.033712929538702, 2.619006197673154, 16.321774852858866, 2.5648369853800137, 4.6159067520739265, 2.7428595978690495, 16.27244891254353, 2.6786570926009117, 4.543151666856298, 2.7672290490764517, 16.269259443339962, 2.588329979879275, 4.628053731224825, 2.662359087835761, 16.300489929232448, 2.6345114345114338, 4.516597938144329, 2.762744761839443, 16.403878556668253, 2.5929528535980144, 4.569898665889043, 2.7222372975218057, 16.27714125769733, 2.7007115220195046, 4.652795031055901, 2.6913907284768204, 16.3765037593985, 2.584827077830334]",367.43160498990494,9.921816128464428
ADTC_8_adz_raw_20260307_1840,2026-03-07 18:31:13.581,2026-03-07 18:31:18.158,"[Timestamp('2026-03-07 18:31:18.158000'), Timestamp('2026-03-07 18:31:18.301000'), Timestamp('2026-03-07 18:31:19.280000'), Timestamp('2026-03-07 18:31:19.421000'), Timestamp('2026-03-07 18:31:19.691000'), Timestamp('2026-03-07 18:31:19.854000'), Timestamp('2026-03-07 18:31:20.817000'), Timestamp('2026-03-07 18:31:20.961000'), Timestamp('2026-03-07 18:31:21.232000'), Timestamp('2026-03-07 18:31:21.396000'), Timestamp('2026-03-07 18:31:22.358000'), Timestamp('2026-03-07 18:31:22.505000'), Timestamp('2026-03-07 18:31:22.784000'), Timestamp('2026-03-07 18:31:22.931000'), Timestamp('2026-03-07 18:31:23.908000'), Timestamp('2026-03-07 18:31:24.042000'), Timestamp('2026-03-07 18:31:24.326000'), Timestamp('2026-03-07 18:31:24.474000'), Timestamp('2026-03-07 18:31:25.438000'), Timestamp('2026-03-07 18:31:25.585000'), Timestamp('2026-03-07 18:31:25.841000'), Timestamp('2026-03-07 18:31:25.852000'), Timestamp('2026-03-07 18:31:25.864000'), Timestamp('2026-03-07 18:31:26.008000'), Timestamp('2026-03-07 18:31:26.975000'), Timestamp('2026-03-07 18:31:27.118000'), Timestamp('2026-03-07 18:31:27.398000'), Timestamp('2026-03-07 18:31:27.546000'), Timestamp('2026-03-07 18:31:28.511000'), Timestamp('2026-03-07 18:31:28.654000'), Timestamp('2026-03-07 18:31:28.928000'), Timestamp('2026-03-07 18:31:29.081000'), Timestamp('2026-03-07 18:31:30.045000'), Timestamp('2026-03-07 18:31:30.191000')]","[0.143, 0.979, 0.141, 0.27, 0.163, 0.963, 0.144, 0.271, 0.164, 0.962, 0.147, 0.279, 0.147, 0.977, 0.134, 0.284, 0.148, 0.964, 0.147, 0.256, 0.011, 0.012, 0.144, 0.967, 0.143, 0.28, 0.148, 0.965, 0.143, 0.274, 0.153, 0.964, 0.146]","[16.271373414230553, 16.12346431109757, 16.299563281013533, 16.217373066353915, 16.19550219769278, 16.193475162779585, 16.356670149773596, 16.16716045532512, 16.32124801386682, 16.178550132038502, 16.356670149773596, 16.301818905197244, 16.162028416192637, 16.293532338308456, 16.42440243766794, 16.329553344133302, 16.340721425467187, 16.33451493887, 16.42440243766794, 16.29015544041451, 16.32709680775433, 16.27338179062317, 16.28509271728996, 16.450704225352112, 16.264697274871317, 16.43739307726559, 16.27193436067156, 16.302617921808324, 16.28556135574881, 16.293532338308456, 16.400560224089634, 16.225290349104114]","[2.326806398234969, 15.784871560564522, 2.298238422622908, 4.378690727915557, 2.639866858223923, 15.59431658175674, 2.3553605015673975, 4.381300483393108, 2.676684674274159, 15.563765227021038, 2.4044305120167184, 4.548207474550032, 2.3758181771803177, 15.918781094527361, 2.200869926647504, 4.637593149733857, 2.4184267709691434, 15.74647240107068, 2.414387158337187, 4.170279792746114, 0.17959806488529761, 0.19528058148747804, 2.345053351289754, 15.907830985915492, 2.325851710306598, 4.6024700616343655, 2.4082462853793905, 15.732026294545031, 2.32883527387208, 4.464427860696517, 2.509285714285714, 15.641179896536364]",193.47525397418727,9.921816128464428
ADTC_8_adz_raw_20260307_1850,2026-03-07 18:43:18.586,2026-03-07 18:43:28.640,"[Timestamp('2026-03-07 18:43:28.640000'), Timestamp('2026-03-07 18:43:28.778000'), Timestamp('2026-03-07 18:43:29.577000'), Timestamp('2026-03-07 18:43:29.709000'), Timestamp('2026-03-07 18:43:29.908000'), Timestamp('2026-03-07 18:43:30.036000'), Timestamp('2026-03-07 18:43:30.900000'), Timestamp('2026-03-07 18:43:31.017000'), Timestamp('2026-03-07 18:43:31.211000'), Timestamp('2026-03-07 18:43:31.335000'), Timestamp('2026-03-07 18:43:32.202000'), Timestamp('2026-03-07 18:43:32.320000'), Timestamp('2026-03-07 18:43:32.513000'), Timestamp('2026-03-07 18:43:32.639000'), Timestamp('2026-03-07 18:43:33.504000'), Timestamp('2026-03-07 18:43:33.622000'), Timestamp('2026-03-07 18:43:33.814000'), Timestamp('2026-03-07 18:43:33.940000'), Timestamp('2026-03-07 18:43:34.804000'), Timestamp('2026-03-07 18:43:34.923000'), Timestamp('2026-03-07 18:43:35.121000'), Timestamp('2026-03-07 18:43:35.261000'), Timestamp('2026-03-07 18:43:36.057000'), Timestamp('2026-03-07 18:43:36.193000'), Timestamp('2026-03-07 18:43:36.605000'), Timestamp('2026-03-07 18:43:36.744000'), Timestamp('2026-03-07 18:43:37.541000'), Timestamp('2026-03-07 18:43:37.674000'), Timestamp('2026-03-07 18:43:37.873000'), Timestamp('2026-03-07 18:43:37.998000'), Timestamp('2026-03-07 18:43:38.858000'), Timestamp('2026-03-07 18:43:38.981000'), Timestamp('2026-03-07 18:43:39.174000'), Timestamp('2026-03-07 18:43:39.298000'), Timestamp('2026-03-07 18:43:40.158000'), Timestamp('2026-03-07 18:43:40.279000'), Timestamp('2026-03-07 18:43:40.469000'), Timestamp('2026-03-07 18:43:40.596000'), Timestamp('2026-03-07 18:43:41.455000'), Timestamp('2026-03-07 18:43:41.578000'), Timestamp('2026-03-07 18:43:41.769000'), Timestamp('2026-03-07 18:43:41.894000'), Timestamp('2026-03-07 18:43:42.755000'), Timestamp('2026-03-07 18:43:42.877000'), Timestamp('2026-03-07 18:43:43.069000'), Timestamp('2026-03-07 18:43:43.212000'), Timestamp('2026-03-07 18:43:44.003000'), Timestamp('2026-03-07 18:43:44.139000')]","[0.138, 0.799, 0.132, 0.199, 0.128, 0.864, 0.117, 0.194, 0.124, 0.867, 0.118, 0.193, 0.126, 0.865, 0.118, 0.192, 0.126, 0.864, 0.119, 0.198, 0.14, 0.796, 0.136, 0.412, 0.139, 0.797, 0.133, 0.199, 0.125, 0.86, 0.123, 0.193, 0.124, 0.86, 0.121, 0.19, 0.127, 0.859, 0.123, 0.191, 0.125, 0.861, 0.122, 0.192, 0.143, 0.791, 0.136]","[19.222474324335156, 19.20768307322929, 19.282084375252076, 19.05129406576445, 19.202765198188537, 19.261853881131806, 19.298841099743008, 19.14944394062336, 19.209297299893148, 19.16865742952699, 19.325362107514337, 19.24960921332331, 19.21106557377049, 19.258295380611578, 19.39097468509233, 19.192790719969324, 19.268027539557913, 19.248554913294797, 19.36436283779662, 19.24021378015311, 19.229411953418243, 19.321984577331587, 19.325362107514337, 19.253632362693672, 19.32912007778318, 19.293662312530234, 19.263373988648716, 19.192790719969324, 19.308671922377194, 19.325811811026803, 19.351852603714143, 19.195402298850574, 19.315231370265224, 19.386485101398343, 19.377703908293206, 19.219661271870528, 19.27640959953597, 19.408588577338733, 19.37760197292117, 19.339634101897524, 19.27594490517751, 19.421229733863566, 19.504716689539208, 19.368903070234197, 19.368366302033387, 19.52747596986134, 19.453605710066455, 19.35562310030395]","[2.6527014567582516, 15.346938775510203, 2.545235137533274, 3.7912075190871253, 2.457953945368133, 16.64224175329788, 2.257964408669932, 3.714992124480932, 2.3819528651867503, 16.6192259913999, 2.280392728686692, 3.715174578171399, 2.420594262295082, 16.658425504229015, 2.288135012840895, 3.68501581823411, 2.427771469984297, 16.630751445086705, 2.3043591776977976, 3.809562328470316, 2.6921176734785544, 15.380299723555945, 2.6282492466219503, 7.932496533429792, 2.6867476908118624, 15.377048863086598, 2.5620287404902795, 3.819365353273896, 2.413583990297149, 16.62019815748305, 2.3802778702568395, 3.7047126436781608, 2.3950886899128876, 16.672377187202574, 2.344702172903478, 3.6517356416554003, 2.448104019141068, 16.67197758793397, 2.3834450426693037, 3.693870113462427, 2.409493113147189, 16.72167880085653, 2.3795754361237833, 3.718829389484966, 2.769676381190774, 15.446233492160319, 2.6456903765690383]",299.1802002338665,9.921816128464428
ADTC_8_adz_raw_20260307_1900,2026-03-07 18:51:11.123,2026-03-07 18:51:21.188,"[Timestamp('2026-03-07 18:51:21.188000'), Timestamp('2026-03-07 18:51:21.331000'), Timestamp('2026-03-07 18:51:22.455000'), Timestamp('2026-03-07 18:51:22.599000'), Timestamp('2026-03-07 18:51:23.060000'), Timestamp('2026-03-07 18:51:23.199000'), Timestamp('2026-03-07 18:51:24.330000'), Timestamp('2026-03-07 18:51:24.470000'), Timestamp('2026-03-07 18:51:24.923000'), Timestamp('2026-03-07 18:51:25.082000'), Timestamp('2026-03-07 18:51:26.193000'), Timestamp('2026-03-07 18:51:26.352000'), Timestamp('2026-03-07 18:51:26.800000'), Timestamp('2026-03-07 18:51:26.943000'), Timestamp('2026-03-07 18:51:28.067000'), Timestamp('2026-03-07 18:51:28.212000'), Timestamp('2026-03-07 18:51:28.665000'), Timestamp('2026-03-07 18:51:28.820000'), Timestamp('2026-03-07 18:51:29.926000'), Timestamp('2026-03-07 18:51:30.096000'), Timestamp('2026-03-07 18:51:30.550000'), Timestamp('2026-03-07 18:51:30.688000'), Timestamp('2026-03-07 18:51:31.817000'), Timestamp('2026-03-07 18:51:31.961000'), Timestamp('2026-03-07 18:51:32.414000'), Timestamp('2026-03-07 18:51:32.579000'), Timestamp('2026-03-07 18:51:33.717000'), Timestamp('2026-03-07 18:51:33.881000'), Timestamp('2026-03-07 18:51:34.337000'), Timestamp('2026-03-07 18:51:34.500000'), Timestamp('2026-03-07 18:51:35.641000'), Timestamp('2026-03-07 18:51:35.808000'), Timestamp('2026-03-07 18:51:36.273000'), Timestamp('2026-03-07 18:51:36.419000'), Timestamp('2026-03-07 18:51:37.582000'), Timestamp('2026-03-07 18:51:37.729000'), Timestamp('2026-03-07 18:51:38.192000'), Timestamp('2026-03-07 18:51:38.362000'), Timestamp('2026-03-07 18:51:39.505000'), Timestamp('2026-03-07 18:51:39.677000'), Timestamp('2026-03-07 18:51:40.137000'), Timestamp('2026-03-07 18:51:40.299000'), Timestamp('2026-03-07 18:51:41.444000'), Timestamp('2026-03-07 18:51:41.616000'), Timestamp('2026-03-07 18:51:42.083000'), Timestamp('2026-03-07 18:51:42.229000'), Timestamp('2026-03-07 18:51:43.399000'), Timestamp('2026-03-07 18:51:43.548000')]","[0.143, 1.124, 0.144, 0.461, 0.139, 1.131, 0.14, 0.453, 0.159, 1.111, 0.159, 0.448, 0.143, 1.124, 0.145, 0.453, 0.155, 1.106, 0.17, 0.454, 0.138, 1.129, 0.144, 0.453, 0.165, 1.138, 0.164, 0.456, 0.163, 1.141, 0.167, 0.465, 0.146, 1.163, 0.147, 0.463, 0.17, 1.143, 0.172, 0.46, 0.162, 1.145, 0.172, 0.467, 0.146, 1.17, 0.149]","[15.63534504710975, 15.5008210180624, 15.605736470961098, 15.561160151324081, 15.732508697332815, 15.622467625327717, 15.557666769894551, 15.603511106885954, 15.730397393297508, 15.535444947209651, 15.605736470961098, 15.48403209190522, 15.587044534412954, 15.513784461152882, 15.581625560774238, 15.481054108841416, 15.702134488846092, 15.434243176178658, 15.509897268854921, 15.446750341742263, 15.637833879851005, 15.496620406801918, 15.416022270337148, 15.449390196535386, 15.311043731303801, 15.213984327908381, 15.18, 14.988372603220569, 15.156635514018692, 14.988372603220569, 15.060389207705407, 15.060389207705407, 15.09448888976791, 14.908915662650603, 15.011957335054799, 15.025277266136303, 15.121147778461296, 14.9885187478366, 15.09493670886076, 14.941715681049603, 15.118447680647595, 14.919504808458637, 14.989030276437035, 14.979552093476146, 15.098072186668514, 15.024394067049396, 14.966026070980725, 14.884615384615387]","[2.235854341736694, 17.422922824302137, 2.247226051818398, 7.173694829760402, 2.1868187089292617, 17.669010884245647, 2.1780733477852374, 7.068390531419337, 2.5011331855343037, 17.259879336349922, 2.481312098882815, 6.936846377173539, 2.228947368421052, 17.437493734335842, 2.2593357063122643, 7.012917511305162, 2.433830845771144, 17.070272952853596, 2.636682535705337, 7.012824655150988, 2.158021075419439, 17.495684439279366, 2.219907206928549, 6.99857375903053, 2.5263222156651275, 17.313514165159738, 2.48952, 6.83469790706858, 2.4705315887850468, 17.101733140274668, 2.5150849976868033, 7.003080981583015, 2.203795377906115, 17.33906891566265, 2.2067577282530553, 6.956703374221108, 2.5705951223384207, 17.131876928777235, 2.5963291139240505, 6.873189213282817, 2.4491885242649105, 17.08283300568514, 2.5781132075471698, 6.995450827653361, 2.204318539253603, 17.578541058447794, 2.229937884576128]",341.5768381264676,9.921816128464428
ADTC_8_adz_raw_20260307_1910,2026-03-07 19:08:15.213,2026-03-07 19:08:25.257,"[Timestamp('2026-03-07 19:08:25.257000'), Timestamp('2026-03-07 19:08:25.365000'), Timestamp('2026-03-07 19:08:26.074000'), Timestamp('2026-03-07 19:08:26.185000'), Timestamp('2026-03-07 19:08:26.390000'), Timestamp('2026-03-07 19:08:26.489000'), Timestamp('2026-03-07 19:08:27.208000'), Timestamp('2026-03-07 19:08:27.313000'), Timestamp('2026-03-07 19:08:27.515000'), Timestamp('2026-03-07 19:08:27.619000'), Timestamp('2026-03-07 19:08:28.341000'), Timestamp('2026-03-07 19:08:28.444000'), Timestamp('2026-03-07 19:08:28.642000'), Timestamp('2026-03-07 19:08:28.753000'), Timestamp('2026-03-07 19:08:29.471000'), Timestamp('2026-03-07 19:08:29.576000')]","[0.108, 0.709, 0.111, 0.205, 0.099, 0.719, 0.105, 0.202, 0.104, 0.722, 0.103, 0.198, 0.111, 0.718, 0.105]","[21.943573667711597, 22.095092804474955, 21.968423533108158, 22.01846445198453, 21.968998743192294, 22.070015220700157, 21.8443887588792, 22.018811943690427, 21.76881941587824, 21.94426157559798, 21.818294515984064, 21.843710200151172, 21.868902818713938, 21.746313531928866, 21.626997214428144, 21.84325785108564]","[2.3699059561128526, 15.665420798372743, 2.4384950121750055, 4.5137852126568285, 2.1749308755760373, 15.868340943683412, 2.2936608196823163, 4.447800012625467, 2.263957219251337, 15.843756857581742, 2.2472843351463583, 4.325054619629932, 2.427448212877247, 15.613853115924925, 2.270834707514955]",94.76452869881116,9.921816128464428
ADTC_8_adz_raw_20260307_1920,2026-03-07 19:10:49.830,2026-03-07 19:10:57.115,"[Timestamp('2026-03-07 19:10:57.115000'), Timestamp('2026-03-07 19:10:57.219000'), Timestamp('2026-03-07 19:10:57.529000'), Timestamp('2026-03-07 19:10:57.633000'), Timestamp('2026-03-07 19:10:57.831000'), Timestamp('2026-03-07 19:10:57.926000'), Timestamp('2026-03-07 19:10:58.637000'), Timestamp('2026-03-07 19:10:58.730000'), Timestamp('2026-03-07 19:10:58.905000'), Timestamp('2026-03-07 19:10:59.006000'), Timestamp('2026-03-07 19:10:59.714000'), Timestamp('2026-03-07 19:10:59.809000'), Timestamp('2026-03-07 19:10:59.984000'), Timestamp('2026-03-07 19:11:00.082000'), Timestamp('2026-03-07 19:11:00.795000'), Timestamp('2026-03-07 19:11:00.888000')]","[0.104, 0.31, 0.104, 0.198, 0.095, 0.711, 0.093, 0.175, 0.101, 0.708, 0.095, 0.175, 0.098, 0.713, 0.093]","[24.903771096336573, 24.796032634778438, 24.9709105669057, 24.826258954346205, 24.921212121212122, 24.78611977292716, 24.74637753373328, 24.762170678686104, 24.74489795918368, 24.890680100755667, 24.972599959407347, 24.91483660746745, 24.743747301292057, 24.78611977292716, 24.94112248547463, 24.81216565486566]","[2.5899921940190036, 7.686770116781315, 2.596974698958193, 4.915599272960549, 2.3675151515151516, 17.62293115855121, 2.301413110637195, 4.333379868770068, 2.499234693877552, 17.62260151133501, 2.372396996143698, 4.360096406306804, 2.4248872355266218, 17.672503398097067, 2.3195243911491406]",93.68582020462858,9.921816128464428
ADTC_8_adz_raw_20260307_1930,2026-03-07 19:22:21.235,2026-03-07 19:22:30.731,"[Timestamp('2026-03-07 19:22:30.731000'), Timestamp('2026-03-07 19:22:31.021000'), Timestamp('2026-03-07 19:22:31.318000'), Timestamp('2026-03-07 19:22:32.384000'), Timestamp('2026-03-07 19:22:32.670000'), Timestamp('2026-03-07 19:22:34.218000'), Timestamp('2026-03-07 19:22:34.513000'), Timestamp('2026-03-07 19:22:36.069000'), Timestamp('2026-03-07 19:22:36.348000'), Timestamp('2026-03-07 19:22:37.721000'), Timestamp('2026-03-07 19:22:37.994000'), Timestamp('2026-03-07 19:22:38.408000'), Timestamp('2026-03-07 19:22:38.693000'), Timestamp('2026-03-07 19:22:40.059000'), Timestamp('2026-03-07 19:22:40.341000'), Timestamp('2026-03-07 19:22:41.902000'), Timestamp('2026-03-07 19:22:42.187000'), Timestamp('2026-03-07 19:22:43.737000'), Timestamp('2026-03-07 19:22:44.026000'), Timestamp('2026-03-07 19:22:45.402000'), Timestamp('2026-03-07 19:22:45.694000'), Timestamp('2026-03-07 19:22:46.507000'), Timestamp('2026-03-07 19:22:46.791000'), Timestamp('2026-03-07 19:22:47.097000'), Timestamp('2026-03-07 19:22:48.179000'), Timestamp('2026-03-07 19:22:48.464000'), Timestamp('2026-03-07 19:22:50.028000'), Timestamp('2026-03-07 19:22:50.314000'), Timestamp('2026-03-07 19:22:51.875000'), Timestamp('2026-03-07 19:22:52.168000'), Timestamp('2026-03-07 19:22:53.555000'), Timestamp('2026-03-07 19:22:53.831000'), Timestamp('2026-03-07 19:22:54.243000'), Timestamp('2026-03-07 19:22:54.537000'), Timestamp('2026-03-07 19:22:55.920000'), Timestamp('2026-03-07 19:22:56.208000'), Timestamp('2026-03-07 19:22:57.786000'), Timestamp('2026-03-07 19:22:58.079000'), Timestamp('2026-03-07 19:22:58.382000'), Timestamp('2026-03-07 19:22:59.656000'), Timestamp('2026-03-07 19:22:59.946000'), Timestamp('2026-03-07 19:23:01.340000'), Timestamp('2026-03-07 19:23:01.628000')]","[0.29, 0.297, 1.066, 0.286, 1.548, 0.295, 1.556, 0.279, 1.373, 0.273, 0.414, 0.285, 1.366, 0.282, 1.561, 0.285, 1.55, 0.289, 1.376, 0.292, 0.813, 0.284, 0.306, 1.082, 0.285, 1.564, 0.286, 1.561, 0.293, 1.387, 0.276, 0.412, 0.294, 1.383, 0.288, 1.5779999999999998, 0.293, 0.303, 1.274, 0.29, 1.3940000000000001, 0.288]","[9.542743538767395, 9.677429188984851, 9.53327653128846, 9.553383291877246, 9.495586121745358, 9.411800891199121, 9.384890601348562, 9.554092821655942, 9.441581952374321, 9.533417551499802, 9.313065447206109, 9.486619893662208, 9.368136340657426, 9.514968807004205, 9.339086986145809, 9.347694174757281, 9.338954420928616, 9.461443452727739, 9.257783402908679, 9.39626110940852, 9.320467418424702, 9.43203928472158, 9.258713292566672, 9.34025372235914, 9.267108640859473, 9.320950646471273, 9.248769513067803, 9.43739498232806, 9.187620889748548, 9.338839534117877, 9.250237642585551, 9.296805348138024]","[2.7673956262425445, 2.8741964691285005, 10.162472782353499, 2.732267621476892, 14.699167316461814, 2.7764812629037405, 14.602889775698364, 2.6655918972420083, 12.963292020609943, 2.6026229915594463, 3.8556090951433286, 2.703686669693729, 12.796874241338044, 2.6832212035751857, 14.578314785373607, 2.664092839805825, 14.475379352439354, 2.7343571578383163, 12.738709962402341, 2.743708243947288, 7.577540011179282, 2.678699156860928, 2.8331662675254012, 10.10615452759259, 2.6411259626449493, 14.57796681108107, 2.6451480807373913, 14.731773567414102, 2.6919729206963243, 12.952970433821495, 2.5530655893536123, 3.8302838034328657]",220.64019844757377,9.921816128464428
ADTC_8_adz_raw_20260307_1940,2026-03-07 19:38:33.382,2026-03-07 19:38:43.442,"[Timestamp('2026-03-07 19:38:43.442000'), Timestamp('2026-03-07 19:38:43.593000'), Timestamp('2026-03-07 19:38:44.587000'), Timestamp('2026-03-07 19:38:44.734000'), Timestamp('2026-03-07 19:38:45.015000'), Timestamp('2026-03-07 19:38:45.177000'), Timestamp('2026-03-07 19:38:46.152000'), Timestamp('2026-03-07 19:38:46.298000'), Timestamp('2026-03-07 19:38:46.584000'), Timestamp('2026-03-07 19:38:46.733000'), Timestamp('2026-03-07 19:38:47.714000'), Timestamp('2026-03-07 19:38:47.864000'), Timestamp('2026-03-07 19:38:48.140000'), Timestamp('2026-03-07 19:38:48.299000'), Timestamp('2026-03-07 19:38:49.276000'), Timestamp('2026-03-07 19:38:49.426000')]","[0.151, 0.994, 0.147, 0.281, 0.162, 0.975, 0.146, 0.286, 0.149, 0.981, 0.15, 0.276, 0.159, 0.977, 0.15]","[15.738381655755148, 15.989881507122885, 15.880307106765532, 15.920792079207917, 15.970704886022315, 15.72786457634487, 15.920441794459965, 16.01736661935376, 15.777788581522355, 16.072899678878258, 15.92394533571004, 15.974483354375703, 16.027827948357746, 15.86815876901556, 15.999999999999996, 16.121190928728137]","[2.3764956300190274, 15.893942218080147, 2.334405144694533, 4.473742574257425, 2.587254191535615, 15.33466796193625, 2.3243845019911547, 4.580966853135174, 2.3508904986468306, 15.76751458497957, 2.388591800356506, 4.408957405807694, 2.5484246437888816, 15.503191117328202, 2.3999999999999995]",95.27342912655702,9.921816128464428
ADTC_8_adz_raw_20260307_1950,2026-03-07 19:40:52.954,2026-03-07 19:40:53.370,"[Timestamp('2026-03-07 19:40:53.370000'), Timestamp('2026-03-07 19:40:53.457000'), Timestamp('2026-03-07 19:40:53.598000'), Timestamp('2026-03-07 19:40:53.698000'), Timestamp('2026-03-07 19:40:54.278000'), Timestamp('2026-03-07 19:40:54.376000')]","[0.087, 0.141, 0.1, 0.58, 0.098]","[26.230291447682745, 26.447083823473605, 26.593614033472228, 26.486840302619758, 26.55728672441764, 26.60586379234897, 26.519539387834527, 26.41115299032741, 26.59463441586346, 26.751117734724282, 26.746135220711484, 26.63834110746778, 26.751117734724282, 26.68334375651449, 26.751117734724282, 26.832600735460602, 26.78454689786134, 26.79330478785519, 26.86497064579256, 26.789967773574325, 26.855720925865057, 27.11972459518041, 27.010684606252468, 27.073188169779392]","[2.282035355948399, 3.729038819109778, 2.659361403347223, 15.362367375519458, 2.602614098992929]",26.635417052917788,9.921816128464428
ADTC_8_adz_raw_20260307_2000,2026-03-07 19:53:47.923,2026-03-07 19:53:57.979,"[Timestamp('2026-03-07 19:53:57.979000'), Timestamp('2026-03-07 19:53:58.114000'), Timestamp('2026-03-07 19:53:59.007000'), Timestamp('2026-03-07 19:53:59.136000'), Timestamp('2026-03-07 19:53:59.393000'), Timestamp('2026-03-07 19:53:59.538000'), Timestamp('2026-03-07 19:54:00.454000'), Timestamp('2026-03-07 19:54:00.591000'), Timestamp('2026-03-07 19:54:00.850000'), Timestamp('2026-03-07 19:54:01.003000'), Timestamp('2026-03-07 19:54:01.947000'), Timestamp('2026-03-07 19:54:02.090000'), Timestamp('2026-03-07 19:54:02.360000'), Timestamp('2026-03-07 19:54:02.514000'), Timestamp('2026-03-07 19:54:03.493000'), Timestamp('2026-03-07 19:54:03.639000')]","[0.135, 0.893, 0.129, 0.257, 0.145, 0.916, 0.137, 0.259, 0.153, 0.944, 0.143, 0.27, 0.154, 0.979, 0.146]","[17.960852398420656, 17.854290899662953, 17.715132015729537, 17.457373260462028, 17.470442126179833, 17.310126787719835, 17.207008978044747, 16.7753278148121, 16.83108070731842, 16.85127750701521, 16.555710501042164, 16.27123318366327, 16.16532721010333, 16.27497349282654, 15.987575572688446, 15.718010488320555]","[2.4247150737867886, 15.943881773399017, 2.2852520300291106, 4.486544927938741, 2.5332141082960757, 15.85607613755137, 2.3573602299921306, 4.344809904036334, 2.5751553482197185, 15.90760596662236, 2.367466601649029, 4.393232959589083, 2.489460390355913, 15.933199049477182, 2.334186033612513]",96.23216053455536,9.921816128464428
ADTC_8_adz_raw_20260307_2010,2026-03-07 20:00:51.456,2026-03-07 20:00:52.010,"[Timestamp('2026-03-07 20:00:52.010000'), Timestamp('2026-03-07 20:00:52.107000'), Timestamp('2026-03-07 20:00:52.285000'), Timestamp('2026-03-07 20:00:52.385000'), Timestamp('2026-03-07 20:00:53.023000'), Timestamp('2026-03-07 20:00:53.118000'), Timestamp('2026-03-07 20:00:53.295000'), Timestamp('2026-03-07 20:00:53.395000'), Timestamp('2026-03-07 20:00:54.035000'), Timestamp('2026-03-07 20:00:54.133000'), Timestamp('2026-03-07 20:00:54.309000'), Timestamp('2026-03-07 20:00:54.407000'), Timestamp('2026-03-07 20:00:55.047000'), Timestamp('2026-03-07 20:00:55.142000'), Timestamp('2026-03-07 20:00:55.320000'), Timestamp('2026-03-07 20:00:55.418000'), Timestamp('2026-03-07 20:00:56.058000'), Timestamp('2026-03-07 20:00:56.151000')]","[0.097, 0.178, 0.1, 0.638, 0.095, 0.177, 0.1, 0.64, 0.098, 0.176, 0.098, 0.64, 0.095, 0.178, 0.098, 0.64, 0.093]","[24.870466321243523, 24.827586206896544, 24.870466321243523, 24.956672443674176, 24.913494809688576, 24.913494809688576, 24.78485370051635, 24.742268041237107, 24.913494809688576, 24.742268041237107, 24.913494809688576, 18.997361477572557, 21.396731054977707, 11.793611793611792, 21.396731054977707, 18.89763779527559, 21.428571428571427, 11.8129614438064, 21.396731054977707, 19.047619047619044, 21.33333333333333, 11.83237469186524, 21.238938053097346, 18.997361477572557, 21.27031019202363, 11.842105263157894, 21.33333333333333, 18.972332015810274, 25.17482517482517, 24.956672443674176, 25.043478260869566]","[2.412435233160622, 4.419310344827585, 2.4870466321243523, 15.922357019064124, 2.3667820069204146, 4.409688581314878, 2.478485370051635, 15.83505154639175, 2.4415224913494806, 4.354639175257731, 2.4415224913494806, 12.158311345646437, 2.032689450222882, 2.0992628992628988, 2.0968796433878154, 12.094488188976378, 1.9928571428571427]",92.04332956216562,9.921816128464428
ADTC_8_adz_raw_20260307_2030,2026-03-07 20:25:59.590,2026-03-07 20:26:09.631,"[Timestamp('2026-03-07 20:26:09.631000'), Timestamp('2026-03-07 20:26:09.741000'), Timestamp('2026-03-07 20:26:10.472000'), Timestamp('2026-03-07 20:26:10.582000'), Timestamp('2026-03-07 20:26:10.765000'), Timestamp('2026-03-07 20:26:10.887000'), Timestamp('2026-03-07 20:26:11.697000'), Timestamp('2026-03-07 20:26:11.809000'), Timestamp('2026-03-07 20:26:11.990000'), Timestamp('2026-03-07 20:26:12.119000'), Timestamp('2026-03-07 20:26:12.971000'), Timestamp('2026-03-07 20:26:13.091000'), Timestamp('2026-03-07 20:26:13.281000'), Timestamp('2026-03-07 20:26:13.416000'), Timestamp('2026-03-07 20:26:14.320000'), Timestamp('2026-03-07 20:26:14.447000'), Timestamp('2026-03-07 20:26:14.655000'), Timestamp('2026-03-07 20:26:14.792000'), Timestamp('2026-03-07 20:26:15.760000'), Timestamp('2026-03-07 20:26:15.893000'), Timestamp('2026-03-07 20:26:16.129000'), Timestamp('2026-03-07 20:26:16.281000'), Timestamp('2026-03-07 20:26:17.247000'), Timestamp('2026-03-07 20:26:17.394000')]","[0.11, 0.731, 0.11, 0.183, 0.122, 0.81, 0.112, 0.181, 0.129, 0.852, 0.12, 0.19, 0.135, 0.904, 0.127, 0.208, 0.137, 0.968, 0.133, 0.236, 0.152, 0.966, 0.147]","[21.621621621621625, 21.380952380952383, 20.939857851019493, 20.801757895033383, 20.6023763470572, 20.711299989305854, 20.14958902661416, 19.81476905774195, 19.59583588487446, 19.771921125901063, 18.93608991841515, 18.671747414262384, 18.462630924906797, 18.385479283347507, 17.83075681380766, 17.550508848448388, 17.44043297472114, 17.26083163710381, 16.682670531751064, 16.452744180035598, 16.216216216216214, 16.220844607322668, 15.597332868749898, 15.30231211229824]","[2.3783783783783785, 15.629476190476192, 2.3033843636121443, 3.806721694791109, 2.5134899143409783, 16.776152991337742, 2.256753970980786, 3.586473199451293, 2.5278628291488054, 16.845676799267704, 2.2723307902098178, 3.547632008709853, 2.492455174862418, 16.620473272146146, 2.264506115353573, 3.6505058404772646, 2.3893393175367965, 16.708485024716488, 2.218795180722892, 3.882847626488401, 2.4648648648648646, 15.669335890673697, 2.292807931706235]",145.09874937025359,9.921816128464428
ADTC_8_adz_raw_20260307_2040,2026-03-07 20:37:40.390,2026-03-07 20:37:50.455,"[Timestamp('2026-03-07 20:37:50.455000'), Timestamp('2026-03-07 20:37:50.595000'), Timestamp('2026-03-07 20:37:51.588000'), Timestamp('2026-03-07 20:37:51.736000'), Timestamp('2026-03-07 20:37:52.025000'), Timestamp('2026-03-07 20:37:52.182000'), Timestamp('2026-03-07 20:37:53.218000'), Timestamp('2026-03-07 20:37:53.376000'), Timestamp('2026-03-07 20:37:53.677000'), Timestamp('2026-03-07 20:37:53.851000'), Timestamp('2026-03-07 20:37:54.946000'), Timestamp('2026-03-07 20:37:55.108000'), Timestamp('2026-03-07 20:37:55.431000'), Timestamp('2026-03-07 20:37:55.614000'), Timestamp('2026-03-07 20:37:56.762000'), Timestamp('2026-03-07 20:37:56.937000')]","[0.14, 0.993, 0.148, 0.289, 0.157, 1.036, 0.158, 0.301, 0.174, 1.095, 0.162, 0.323, 0.183, 1.148, 0.175]","[16.08044712801059, 16.274178533255178, 15.635842750278526, 15.664061668192753, 15.434721920655107, 15.386037910309755, 14.976635514018692, 14.885474161970885, 14.687690076264447, 14.701412731468455, 14.07624633431085, 14.2072770261395, 13.894334690594683, 13.61726785455599, 13.334259323564137, 13.355003482702577]","[2.2512625979214826, 16.160259283522393, 2.314104727041222, 4.526913822107705, 2.423251341542852, 15.939935275080906, 2.3663084112149533, 4.480527722753236, 2.555658073270014, 16.098046940957957, 2.2803519061583577, 4.588950479443059, 2.542663248378827, 15.632623497030275, 2.333495381623724]",96.49435270804696,9.921816128464428
ADTC_8_adz_raw_20260307_2100,2026-03-07 20:54:26.310,2026-03-07 20:54:36.355,"[Timestamp('2026-03-07 20:54:36.355000'), Timestamp('2026-03-07 20:54:36.470000'), Timestamp('2026-03-07 20:54:37.248000'), Timestamp('2026-03-07 20:54:37.364000'), Timestamp('2026-03-07 20:54:37.584000'), Timestamp('2026-03-07 20:54:37.702000'), Timestamp('2026-03-07 20:54:38.505000'), Timestamp('2026-03-07 20:54:38.622000'), Timestamp('2026-03-07 20:54:38.849000'), Timestamp('2026-03-07 20:54:38.974000'), Timestamp('2026-03-07 20:54:39.800000'), Timestamp('2026-03-07 20:54:39.932000'), Timestamp('2026-03-07 20:54:40.165000'), Timestamp('2026-03-07 20:54:40.297000'), Timestamp('2026-03-07 20:54:41.167000'), Timestamp('2026-03-07 20:54:41.301000')]","[0.115, 0.778, 0.116, 0.22, 0.118, 0.803, 0.117, 0.227, 0.125, 0.826, 0.132, 0.233, 0.132, 0.87, 0.134]","[20.669633141793494, 20.645876645876644, 20.334059549745824, 20.114438164776914, 19.91966766150326, 19.894560884659896, 19.722587830312847, 19.411764705882355, 19.347610774651322, 19.404421962959944, 18.84724758976256, 18.841694091594135, 18.46017437564652, 18.339962410944533, 17.580473289502784, 17.12296319847389]","[2.377007811306252, 16.06249203049203, 2.3587509077705158, 4.425176396250921, 2.3505207840573847, 15.975332390381897, 2.307542776146603, 4.406470588235295, 2.4184513468314153, 16.028052541404914, 2.487836681848658, 4.3901147233414335, 2.4367430175853406, 15.955767297521744, 2.355783420793373]",96.3360427139678,9.921816128464428
ADTC_8_adz_raw_20260307_2110,2026-03-07 21:07:01.504,2026-03-07 21:07:11.557,"[Timestamp('2026-03-07 21:07:11.557000'), Timestamp('2026-03-07 21:07:11.677000'), Timestamp('2026-03-07 21:07:12.531000'), Timestamp('2026-03-07 21:07:12.660000'), Timestamp('2026-03-07 21:07:12.906000'), Timestamp('2026-03-07 21:07:13.044000'), Timestamp('2026-03-07 21:07:13.947000'), Timestamp('2026-03-07 21:07:14.084000'), Timestamp('2026-03-07 21:07:14.346000'), Timestamp('2026-03-07 21:07:14.501000'), Timestamp('2026-03-07 21:07:15.474000'), Timestamp('2026-03-07 21:07:15.627000'), Timestamp('2026-03-07 21:07:15.914000'), Timestamp('2026-03-07 21:07:16.083000'), Timestamp('2026-03-07 21:07:17.162000'), Timestamp('2026-03-07 21:07:17.320000')]","[0.12, 0.854, 0.129, 0.246, 0.138, 0.903, 0.137, 0.262, 0.155, 0.973, 0.153, 0.287, 0.169, 1.079, 0.158]","[18.733864887711043, 18.86233092458773, 18.287373004354137, 18.234424041271332, 18.064022771204623, 17.82731341945362, 17.021330105786006, 17.189022826365736, 16.880516205592226, 16.552954292084728, 15.833269881326618, 15.831633901623295, 15.446990291262134, 15.178102737157857, 14.254282501818823, 14.479769772388611]","[2.248063786525325, 16.10843060959792, 2.3590711175616836, 4.485668314152748, 2.4928351424262383, 16.09806401776662, 2.331922224492683, 4.503523980507823, 2.616480011866795, 16.10602452619844, 2.4224902918429727, 4.5436789297658855, 2.610541359223301, 16.37717285339333, 2.252176635287374]",97.55614380060915,9.921816128464428
ADTC_8_adz_raw_20260307_2130,2026-03-07 21:23:59.635,2026-03-07 21:24:09.678,"[Timestamp('2026-03-07 21:24:09.678000'), Timestamp('2026-03-07 21:24:09.789000'), Timestamp('2026-03-07 21:24:10.560000'), Timestamp('2026-03-07 21:24:10.676000'), Timestamp('2026-03-07 21:24:10.898000'), Timestamp('2026-03-07 21:24:11.017000'), Timestamp('2026-03-07 21:24:11.820000'), Timestamp('2026-03-07 21:24:11.938000'), Timestamp('2026-03-07 21:24:12.166000'), Timestamp('2026-03-07 21:24:12.295000'), Timestamp('2026-03-07 21:24:13.126000'), Timestamp('2026-03-07 21:24:13.250000'), Timestamp('2026-03-07 21:24:13.493000'), Timestamp('2026-03-07 21:24:13.623000'), Timestamp('2026-03-07 21:24:14.500000'), Timestamp('2026-03-07 21:24:14.631000')]","[0.111, 0.771, 0.116, 0.222, 0.119, 0.803, 0.118, 0.228, 0.129, 0.831, 0.124, 0.243, 0.13, 0.877, 0.131]","[21.030809098761875, 20.829097481079863, 20.427011463030368, 20.23562023562023, 20.085088502547404, 20.15864621893178, 19.738810701153795, 19.49964118680557, 19.31785054902342, 19.33852140077821, 18.753505408344303, 18.588051823416507, 18.461606736711307, 18.37699212309947, 17.92731153097734, 17.58619301329969]","[2.334419809962568, 16.059234157912574, 2.3695333297115226, 4.4923076923076914, 2.390125531803141, 16.18739291380222, 2.3291796627361476, 4.44591819059167, 2.492002720824021, 16.070311284046692, 2.3254346706346936, 4.516896593090211, 2.40000887577247, 16.116622091958234, 2.3484778105580317]",96.87786533571189,9.921816128464428
ADTC_8_adz_raw_20260307_2140,2026-03-07 21:37:32.557,2026-03-07 21:37:42.611,"[Timestamp('2026-03-07 21:37:42.611000'), Timestamp('2026-03-07 21:37:42.740000'), Timestamp('2026-03-07 21:37:43.607000'), Timestamp('2026-03-07 21:37:43.727000'), Timestamp('2026-03-07 21:37:43.988000'), Timestamp('2026-03-07 21:37:44.126000'), Timestamp('2026-03-07 21:37:45.038000'), Timestamp('2026-03-07 21:37:45.182000'), Timestamp('2026-03-07 21:37:45.453000'), Timestamp('2026-03-07 21:37:45.593000'), Timestamp('2026-03-07 21:37:46.573000'), Timestamp('2026-03-07 21:37:46.717000'), Timestamp('2026-03-07 21:37:47.004000'), Timestamp('2026-03-07 21:37:47.162000'), Timestamp('2026-03-07 21:37:48.201000'), Timestamp('2026-03-07 21:37:48.364000')]","[0.129, 0.867, 0.12, 0.261, 0.138, 0.912, 0.144, 0.271, 0.14, 0.98, 0.144, 0.287, 0.158, 1.039, 0.163]","[18.677325581395348, 18.46181156525984, 18.080699165768117, 18.342254568790747, 17.844852605829427, 17.81131244148262, 17.063622357487432, 16.96197789848286, 16.640230713770727, 16.637831603229525, 15.81552892131318, 15.976960567124499, 15.687782370470053, 15.534143276078757, 14.95689989904481, 15.024394067049396]","[2.409375, 16.006390627080282, 2.1696838998921737, 4.787328442454385, 2.462589659604461, 16.24391694663215, 2.4571616194781902, 4.596696010488856, 2.3296322999279018, 16.305074971164935, 2.2774361646690977, 4.585387682764731, 2.4786696145342684, 16.139974863845826, 2.4379746835443044]",97.68729248608156,9.921816128464428
ADTC_8_adz_raw_20260307_2200,2026-03-07 21:52:34.304,2026-03-07 21:52:44.357,"[Timestamp('2026-03-07 21:52:44.357000'), Timestamp('2026-03-07 21:52:44.475000'), Timestamp('2026-03-07 21:52:45.279000'), Timestamp('2026-03-07 21:52:45.393000'), Timestamp('2026-03-07 21:52:45.626000'), Timestamp('2026-03-07 21:52:45.757000'), Timestamp('2026-03-07 21:52:46.592000'), Timestamp('2026-03-07 21:52:46.724000'), Timestamp('2026-03-07 21:52:46.965000'), Timestamp('2026-03-07 21:52:47.103000'), Timestamp('2026-03-07 21:52:48.004000'), Timestamp('2026-03-07 21:52:48.139000'), Timestamp('2026-03-07 21:52:48.409000'), Timestamp('2026-03-07 21:52:48.554000'), Timestamp('2026-03-07 21:52:49.509000'), Timestamp('2026-03-07 21:52:49.655000')]","[0.118, 0.804, 0.114, 0.233, 0.131, 0.835, 0.132, 0.241, 0.138, 0.901, 0.135, 0.27, 0.145, 0.955, 0.146]","[20.0836820083682, 19.949074273876825, 19.492405877405627, 19.18175720992622, 19.06971239199905, 19.046720151014625, 18.21631878557875, 18.05027867803763, 17.877652933832707, 17.72762582280551, 17.036715103645054, 16.79945618558279, 16.6958541653434, 16.584317937701393, 16.107790668539753, 15.843137254901958]","[2.3698744769874476, 16.03905571619697, 2.2221342700242417, 4.46934942991281, 2.498132323351876, 15.904011326097212, 2.404554079696395, 4.350117161407068, 2.467116104868914, 15.972590866347765, 2.2999565389920824, 4.5358531701073534, 2.4208988539747924, 15.838023630504829, 2.3517374376068036]",96.14340538607655,9.921816128464428
ADTC_8_adz_raw_20260307_2210,2026-03-07 22:07:09.165,2026-03-07 22:07:19.217,"[Timestamp('2026-03-07 22:07:19.217000'), Timestamp('2026-03-07 22:07:19.332000'), Timestamp('2026-03-07 22:07:20.139000'), Timestamp('2026-03-07 22:07:20.261000'), Timestamp('2026-03-07 22:07:20.499000'), Timestamp('2026-03-07 22:07:20.617000'), Timestamp('2026-03-07 22:07:21.457000'), Timestamp('2026-03-07 22:07:21.578000'), Timestamp('2026-03-07 22:07:21.819000'), Timestamp('2026-03-07 22:07:21.952000'), Timestamp('2026-03-07 22:07:22.832000'), Timestamp('2026-03-07 22:07:22.964000'), Timestamp('2026-03-07 22:07:23.221000'), Timestamp('2026-03-07 22:07:23.358000'), Timestamp('2026-03-07 22:07:24.270000'), Timestamp('2026-03-07 22:07:24.412000')]","[0.115, 0.807, 0.122, 0.238, 0.118, 0.84, 0.121, 0.241, 0.133, 0.88, 0.132, 0.257, 0.137, 0.912, 0.142]","[20.04734563622333, 20.27457382182139, 19.64011530367624, 19.61432506887052, 19.067455621301775, 19.184054811585177, 18.555730687921596, 18.89771102405227, 18.69524654697704, 18.28571428571429, 17.72086370138274, 17.960852398420656, 17.598666523282073, 17.550274223034737, 17.21974479257157, 17.219855600314027]","[2.3054447481656832, 16.361581074209862, 2.396094067048501, 4.668209366391184, 2.2499597633136093, 16.114606041731548, 2.245243413238513, 4.554348356796597, 2.4864677907479464, 16.091428571428573, 2.339154008582522, 4.615939066394109, 2.4110173136896442, 16.00585009140768, 2.445203760545163]",97.29054743369113,9.921816128464428
ADTC_8_adz_raw_20260307_2230,2026-03-07 22:23:07.494,2026-03-07 22:23:17.557,"[Timestamp('2026-03-07 22:23:17.557000'), Timestamp('2026-03-07 22:23:17.698000'), Timestamp('2026-03-07 22:23:18.667000'), Timestamp('2026-03-07 22:23:18.818000'), Timestamp('2026-03-07 22:23:19.074000'), Timestamp('2026-03-07 22:23:19.230000'), Timestamp('2026-03-07 22:23:20.314000'), Timestamp('2026-03-07 22:23:20.465000'), Timestamp('2026-03-07 22:23:20.710000'), Timestamp('2026-03-07 22:23:20.886000'), Timestamp('2026-03-07 22:23:22.025000'), Timestamp('2026-03-07 22:23:22.187000'), Timestamp('2026-03-07 22:23:22.453000'), Timestamp('2026-03-07 22:23:22.639000'), Timestamp('2026-03-07 22:23:23.850000'), Timestamp('2026-03-07 22:23:24.021000'), Timestamp('2026-03-07 22:23:24.298000'), Timestamp('2026-03-07 22:23:24.501000'), Timestamp('2026-03-07 22:23:25.776000'), Timestamp('2026-03-07 22:23:25.956000'), Timestamp('2026-03-07 22:23:26.270000'), Timestamp('2026-03-07 22:23:26.481000'), Timestamp('2026-03-07 22:23:27.742000'), Timestamp('2026-03-07 22:23:27.946000')]","[0.141, 0.969, 0.151, 0.256, 0.156, 1.084, 0.151, 0.245, 0.176, 1.139, 0.162, 0.266, 0.186, 1.211, 0.171, 0.277, 0.203, 1.275, 0.18, 0.314, 0.211, 1.2610000000000001, 0.204]","[16.231327284888607, 16.001600160015997, 15.585442412454437, 15.469206118556768, 15.374515315019593, 15.325420567415645, 14.838031533683708, 14.63754776448275, 14.488075700013429, 14.407176568072918, 13.966303119564252, 13.560647626268167, 13.752368764304874, 13.646889561552047, 13.269598908719924, 12.965543404512989, 12.870505989019382, 12.903435604767246, 12.516488746855238, 12.185115564339595, 12.245396018098665, 12.221559525970491, 11.829836829836829, 11.68646418664201]","[2.2886171471692935, 15.5055505550555, 2.35340180428062, 3.9601167663505326, 2.3984243891430563, 16.61275589507856, 2.24054276158624, 3.586199202298274, 2.5499013232023633, 16.409774111035055, 2.262541105369409, 3.607132268587333, 2.5579405901607064, 16.52638325903953, 2.269101413391107, 3.591455523050098, 2.6127127157709347, 16.451880396078238, 2.252967974433943, 3.8261262872026327, 2.583778559818818, 15.411386562248792, 2.413286713286713]",144.27197732363777,9.921816128464428
ADTC_8_adz_raw_20260307_2240,2026-03-07 22:37:11.264,2026-03-07 22:37:21.323,"[Timestamp('2026-03-07 22:37:21.323000'), Timestamp('2026-03-07 22:37:21.445000'), Timestamp('2026-03-07 22:37:22.295000'), Timestamp('2026-03-07 22:37:22.425000'), Timestamp('2026-03-07 22:37:22.670000'), Timestamp('2026-03-07 22:37:22.807000'), Timestamp('2026-03-07 22:37:23.704000'), Timestamp('2026-03-07 22:37:23.838000'), Timestamp('2026-03-07 22:37:24.089000'), Timestamp('2026-03-07 22:37:24.242000'), Timestamp('2026-03-07 22:37:25.192000'), Timestamp('2026-03-07 22:37:25.336000'), Timestamp('2026-03-07 22:37:25.615000'), Timestamp('2026-03-07 22:37:25.771000'), Timestamp('2026-03-07 22:37:26.803000'), Timestamp('2026-03-07 22:37:26.954000')]","[0.122, 0.85, 0.13, 0.245, 0.137, 0.897, 0.134, 0.251, 0.153, 0.95, 0.144, 0.279, 0.156, 1.032, 0.151]","[18.78784397081634, 18.773512769536627, 18.234424041271332, 18.338527108587613, 18.00134967945113, 17.745462497266562, 17.143349139484233, 17.127905422181477, 17.062060213465166, 16.842312616960502, 16.12091816592409, 16.216216216216214, 15.85597381342062, 15.802479840457815, 15.011737089201878, 14.98829953198128]","[2.2921169644395936, 15.957485854106132, 2.370475125365273, 4.492939141603965, 2.466184906084805, 15.917679860048107, 2.2972087846908873, 4.2991042609675505, 2.6104952126601706, 16.000196986112478, 2.3214122158930683, 4.524324324324324, 2.473531914893617, 16.308159195352466, 2.2667723004694835]",96.59808704701192,9.921816128464428
ADTC_8_adz_raw_20260307_2300,2026-03-07 22:52:56.058,2026-03-07 22:53:06.107,"[Timestamp('2026-03-07 22:53:06.107000'), Timestamp('2026-03-07 22:53:06.221000'), Timestamp('2026-03-07 22:53:06.989000'), Timestamp('2026-03-07 22:53:07.101000'), Timestamp('2026-03-07 22:53:07.324000'), Timestamp('2026-03-07 22:53:07.442000'), Timestamp('2026-03-07 22:53:08.236000'), Timestamp('2026-03-07 22:53:08.356000'), Timestamp('2026-03-07 22:53:08.587000'), Timestamp('2026-03-07 22:53:08.708000'), Timestamp('2026-03-07 22:53:09.546000'), Timestamp('2026-03-07 22:53:09.680000'), Timestamp('2026-03-07 22:53:09.920000'), Timestamp('2026-03-07 22:53:10.058000'), Timestamp('2026-03-07 22:53:10.965000'), Timestamp('2026-03-07 22:53:11.105000')]","[0.114, 0.768, 0.112, 0.223, 0.118, 0.794, 0.12, 0.231, 0.121, 0.838, 0.134, 0.24, 0.138, 0.907, 0.14]","[20.972796611382204, 20.916073968705547, 20.473644003055767, 20.216260789764185, 20.21948786165613, 20.13493569470799, 19.49481705054303, 19.269889589524293, 19.286518236426055, 19.17461227806055, 18.358929354980255, 18.107862100352712, 17.83690904197691, 17.82849582403043, 16.611629576453694, 16.259379087216907]","[2.3908988136975715, 16.06354480796586, 2.293048128342246, 4.508226156117414, 2.3858995676754233, 15.987138941598145, 2.3393780460651636, 4.451344495180112, 2.3336687066075528, 16.068325089014742, 2.4600965335673544, 4.345886904084651, 2.461493447792814, 16.1704457123956, 2.3256281407035173]",96.58502349080817,9.921816128464428
ADTC_8_adz_raw_20260307_2310,2026-03-07 23:09:36.813,2026-03-07 23:09:46.864,"[Timestamp('2026-03-07 23:09:46.864000'), Timestamp('2026-03-07 23:09:46.991000'), Timestamp('2026-03-07 23:09:47.862000'), Timestamp('2026-03-07 23:09:47.991000'), Timestamp('2026-03-07 23:09:48.246000'), Timestamp('2026-03-07 23:09:48.382000'), Timestamp('2026-03-07 23:09:49.289000'), Timestamp('2026-03-07 23:09:49.424000'), Timestamp('2026-03-07 23:09:49.688000'), Timestamp('2026-03-07 23:09:49.837000'), Timestamp('2026-03-07 23:09:50.786000'), Timestamp('2026-03-07 23:09:50.933000'), Timestamp('2026-03-07 23:09:51.208000'), Timestamp('2026-03-07 23:09:51.368000'), Timestamp('2026-03-07 23:09:52.383000'), Timestamp('2026-03-07 23:09:52.529000')]","[0.127, 0.871, 0.129, 0.255, 0.136, 0.907, 0.135, 0.264, 0.149, 0.949, 0.147, 0.275, 0.16, 1.015, 0.146]","[18.533440172931073, 18.58749437696806, 18.011257035647283, 18.096151796183776, 17.744916820702404, 17.63158249794244, 17.097074999524235, 17.250799186283057, 16.89471142535197, 16.813073563331205, 16.4126063780043, 16.340437367451237, 16.121190928728137, 15.907742998352552, 15.375146180833383, 15.434123494699946]","[2.3537469019622463, 16.18970760233918, 2.3234521575984997, 4.614518708026863, 2.413308687615527, 15.991845325633793, 2.308105124935772, 4.554210985178727, 2.5173120023774436, 15.955606811601312, 2.4126531375666316, 4.49362027604909, 2.579390548596502, 16.14635914332784, 2.2447713424016738]",97.09860875521112,9.921816128464428
ADTC_8_adz_raw_20260307_2330,2026-03-07 23:24:01.901,2026-03-07 23:24:11.952,"[Timestamp('2026-03-07 23:24:11.952000'), Timestamp('2026-03-07 23:24:12.063000'), Timestamp('2026-03-07 23:24:12.822000'), Timestamp('2026-03-07 23:24:12.937000'), Timestamp('2026-03-07 23:24:13.156000'), Timestamp('2026-03-07 23:24:13.274000'), Timestamp('2026-03-07 23:24:14.060000'), Timestamp('2026-03-07 23:24:14.174000'), Timestamp('2026-03-07 23:24:14.401000'), Timestamp('2026-03-07 23:24:14.523000'), Timestamp('2026-03-07 23:24:15.339000'), Timestamp('2026-03-07 23:24:15.465000'), Timestamp('2026-03-07 23:24:15.706000'), Timestamp('2026-03-07 23:24:15.833000'), Timestamp('2026-03-07 23:24:16.693000'), Timestamp('2026-03-07 23:24:16.823000')]","[0.111, 0.759, 0.115, 0.219, 0.118, 0.786, 0.114, 0.227, 0.122, 0.816, 0.126, 0.241, 0.127, 0.86, 0.13]","[21.215314365999298, 21.08193231782785, 20.66131003073277, 20.607778534484346, 20.45751633986928, 20.44446454004928, 19.95337995337995, 19.66932581724841, 19.546791499233606, 19.508012926201935, 18.991079379462263, 18.768328445747798, 18.687228273218913, 18.685733741913513, 18.14391776127927, 17.832919768403638]","[2.354899894625922, 16.001186629231338, 2.3760506535342687, 4.513103499052072, 2.413986928104575, 16.069349128478738, 2.2746853146853145, 4.464936960515389, 2.3847085629065, 15.918538547780779, 2.3928760018122452, 4.523167155425219, 2.373277990698802, 16.06973101804562, 2.358709308966305]",96.48920759386307,9.921816128464428
ADTC_8_adz_raw_20260307_2340,2026-03-07 23:37:11.693,2026-03-07 23:37:21.747,"[Timestamp('2026-03-07 23:37:21.747000'), Timestamp('2026-03-07 23:37:21.861000'), Timestamp('2026-03-07 23:37:22.671000'), Timestamp('2026-03-07 23:37:22.791000'), Timestamp('2026-03-07 23:37:23.026000'), Timestamp('2026-03-07 23:37:23.153000'), Timestamp('2026-03-07 23:37:24.001000'), Timestamp('2026-03-07 23:37:24.131000'), Timestamp('2026-03-07 23:37:24.380000'), Timestamp('2026-03-07 23:37:24.514000'), Timestamp('2026-03-07 23:37:25.421000'), Timestamp('2026-03-07 23:37:25.565000'), Timestamp('2026-03-07 23:37:25.833000'), Timestamp('2026-03-07 23:37:25.981000'), Timestamp('2026-03-07 23:37:26.975000'), Timestamp('2026-03-07 23:37:27.123000')]","[0.114, 0.81, 0.12, 0.235, 0.127, 0.848, 0.13, 0.249, 0.134, 0.907, 0.144, 0.268, 0.148, 0.994, 0.148]","[20.01468090743644, 19.814431408634306, 19.378809112537887, 19.142591311401105, 18.917155903457274, 18.825338844564072, 18.23639774859287, 17.944928356550633, 17.79439149585306, 17.637412693592466, 16.768571742393732, 16.62368815592204, 16.299986162999858, 16.216956581290233, 15.348908542508049, 15.070643642072213]","[2.281673623447754, 16.049689440993788, 2.3254570935045464, 4.49850895817926, 2.402478799739074, 15.963887340190333, 2.3707317073170735, 4.468287160781108, 2.38444846044431, 15.997133313088368, 2.414674330904697, 4.455148425787107, 2.4123979521239787, 16.119654841802493, 2.271638464291191]",96.41580991259508,9.921816128464428
ADTC_8_adz_raw_20260307_0000,2026-03-07 23:53:28.141,2026-03-07 23:53:38.235,"[Timestamp('2026-03-07 23:53:38.235000'), Timestamp('2026-03-07 23:53:38.382000'), Timestamp('2026-03-07 23:53:38.824000'), Timestamp('2026-03-07 23:53:38.966000'), Timestamp('2026-03-07 23:53:39.253000'), Timestamp('2026-03-07 23:53:39.393000'), Timestamp('2026-03-07 23:53:40.428000'), Timestamp('2026-03-07 23:53:40.569000'), Timestamp('2026-03-07 23:53:40.836000'), Timestamp('2026-03-07 23:53:40.992000'), Timestamp('2026-03-07 23:53:42.072000'), Timestamp('2026-03-07 23:53:42.226000'), Timestamp('2026-03-07 23:53:42.509000'), Timestamp('2026-03-07 23:53:42.668000'), Timestamp('2026-03-07 23:53:43.817000'), Timestamp('2026-03-07 23:53:43.979000')]","[0.147, 0.442, 0.142, 0.287, 0.14, 1.035, 0.141, 0.267, 0.156, 1.08, 0.154, 0.283, 0.159, 1.149, 0.162]","[17.827436374922407, 17.728909745716468, 17.66869171221326, 17.472178060413356, 17.36445467866862, 17.253206420908285, 16.81343455256499, 16.623389084454253, 16.480795982363897, 16.507321223867542, 15.869329406075046, 15.777021552422621, 15.649179491539833, 15.591359577312168, 14.930051663087017, 14.735651682216568]","[2.6206331471135935, 7.8361781076066785, 2.5089542231342827, 5.014515103338633, 2.4310236550136066, 17.857068645640073, 2.3706942719116633, 4.438444885549286, 2.571004173248768, 17.827906921776947, 2.443876728535557, 4.464897099335602, 2.4882195391548336, 17.914472154331683, 2.418668369420097]",95.20655702511131,9.921816128464428
