file,timestamp_raw,timestamp,timestamp_serie,delta_t,velocity,length,total_length,first_peak_raw
ADTC_8_adz_raw_20260309_0010,2026-03-09 00:07:20.748,2026-03-09 00:07:30.800,"[Timestamp('2026-03-09 00:07:30.800000'), Timestamp('2026-03-09 00:07:30.927000'), Timestamp('2026-03-09 00:07:31.790000'), Timestamp('2026-03-09 00:07:31.918000'), Timestamp('2026-03-09 00:07:32.172000'), Timestamp('2026-03-09 00:07:32.309000'), Timestamp('2026-03-09 00:07:33.216000'), Timestamp('2026-03-09 00:07:33.354000'), Timestamp('2026-03-09 00:07:33.619000'), Timestamp('2026-03-09 00:07:33.766000'), Timestamp('2026-03-09 00:07:34.732000'), Timestamp('2026-03-09 00:07:34.875000'), Timestamp('2026-03-09 00:07:35.163000'), Timestamp('2026-03-09 00:07:35.321000'), Timestamp('2026-03-09 00:07:36.354000'), Timestamp('2026-03-09 00:07:36.508000')]","[0.127, 0.863, 0.128, 0.254, 0.137, 0.907, 0.138, 0.265, 0.147, 0.966, 0.143, 0.288, 0.158, 1.033, 0.154]","[18.713734729162315, 18.533094812164578, 18.028947888158452, 17.79463604691913, 17.71706227462945, 17.567242071457244, 16.97645910989918, 16.769595039910172, 16.58154742017087, 16.430654625953125, 15.90730622443096, 15.67398119122257, 15.509897268854921, 15.393510488216656, 14.8151323545172, 14.469129071827723]","[2.376644310603614, 15.99406082289803, 2.307705329684282, 4.5198375559174595, 2.4272375316242347, 15.933488558811721, 2.342751357166087, 4.443942685576196, 2.437487470765118, 15.872012368670719, 2.274744790093627, 4.5141065830721, 2.4505637684790775, 15.901496334327804, 2.2815303825956486]",96.07760985028571,9.916598508801512
ADTC_8_adz_raw_20260309_0030,2026-03-09 00:22:07.505,2026-03-09 00:22:17.540,"[Timestamp('2026-03-09 00:22:17.540000'), Timestamp('2026-03-09 00:22:17.650000'), Timestamp('2026-03-09 00:22:18.412000'), Timestamp('2026-03-09 00:22:18.526000'), Timestamp('2026-03-09 00:22:18.741000'), Timestamp('2026-03-09 00:22:18.863000'), Timestamp('2026-03-09 00:22:19.644000'), Timestamp('2026-03-09 00:22:19.765000'), Timestamp('2026-03-09 00:22:19.991000'), Timestamp('2026-03-09 00:22:20.114000'), Timestamp('2026-03-09 00:22:20.930000'), Timestamp('2026-03-09 00:22:21.055000'), Timestamp('2026-03-09 00:22:21.284000'), Timestamp('2026-03-09 00:22:21.420000'), Timestamp('2026-03-09 00:22:22.277000'), Timestamp('2026-03-09 00:22:22.403000')]","[0.11, 0.762, 0.114, 0.215, 0.122, 0.781, 0.121, 0.226, 0.123, 0.816, 0.125, 0.229, 0.136, 0.857, 0.126]","[21.24268118354319, 21.014714898835074, 20.757945524418638, 20.62586541124342, 20.27457382182139, 20.58920887123469, 20.001388985346203, 19.843181468764413, 19.673452932876437, 19.68039522105157, 19.167862266857963, 18.922886905455478, 18.716935238674367, 18.816374484553897, 18.25629530541044, 17.92098966659353]","[2.336694930189751, 16.013212752912327, 2.366405789783725, 4.434561063417336, 2.4734980062622096, 16.080172128434292, 2.4201680672268906, 4.484559011940758, 2.419834710743802, 16.059202500378078, 2.3959827833572453, 4.333341101349305, 2.545503192459714, 16.12563293326269, 2.3002932084817154]",96.78906218019983,9.916598508801512
ADTC_8_adz_raw_20260309_0310,2026-03-09 03:02:50.168,2026-03-09 03:03:00.355,"[Timestamp('2026-03-09 03:03:00.355000'), Timestamp('2026-03-09 03:03:00.475000'), Timestamp('2026-03-09 03:03:00.708000'), Timestamp('2026-03-09 03:03:00.829000'), Timestamp('2026-03-09 03:03:01.027000'), Timestamp('2026-03-09 03:03:01.130000'), Timestamp('2026-03-09 03:03:01.643000'), Timestamp('2026-03-09 03:03:01.744000'), Timestamp('2026-03-09 03:03:01.927000'), Timestamp('2026-03-09 03:03:02.713000'), Timestamp('2026-03-09 03:03:03.035000'), Timestamp('2026-03-09 03:03:03.476000'), Timestamp('2026-03-09 03:03:03.804000'), Timestamp('2026-03-09 03:03:04.244000'), Timestamp('2026-03-09 03:03:04.571000'), Timestamp('2026-03-09 03:03:05.013000'), Timestamp('2026-03-09 03:03:05.337000'), Timestamp('2026-03-09 03:03:05.778000'), Timestamp('2026-03-09 03:03:06.105000'), Timestamp('2026-03-09 03:03:06.548000'), Timestamp('2026-03-09 03:03:06.871000'), Timestamp('2026-03-09 03:03:07.311000'), Timestamp('2026-03-09 03:03:07.632000'), Timestamp('2026-03-09 03:03:08.073000')]","[0.12, 0.233, 0.121, 0.198, 0.103, 0.513, 0.101, 0.183, 0.786, 0.322, 0.441, 0.328, 0.44, 0.327, 0.442, 0.324, 0.441, 0.327, 0.443, 0.323, 0.44, 0.321, 0.441]","[22.787376388169307, 22.677376171352073, 22.698206859544783, 22.536328919307643, 22.830771319013202, 22.64163537755528, 22.799188640973632, 22.722689075630253, 24.638079171407274, 25.010771219302026, 23.05005015392065, 22.999586833769452, 22.994308793831465, 23.110348903231788, 22.912216545053745, 22.839296625704392, 22.7221798951284, 23.026349847284777, 23.077456487067472, 23.16127680379968, 22.884418683941355, 22.723452889172744, 23.049252905368014, 23.13373902540995]","[2.7344851665803165, 5.283828647925033, 2.7464830300049186, 4.462193126022913, 2.3515694458583596, 11.615158948685858, 2.302718052738337, 4.158252100840336, 19.36553022872612, 8.053468332615253, 10.165072117879006, 7.543864481476381, 10.117495869285845, 7.557084091356795, 10.127199712913756, 7.399932106728223, 10.020481333751624, 7.529616400062123, 10.22331322377089, 7.481092407627297, 10.069144220934197, 7.294228377424451, 10.164720531267294]",178.76693195447533,9.916598508801512
ADTC_8_adz_raw_20260309_0450,2026-03-09 04:44:06.406,2026-03-09 04:44:16.600,"[Timestamp('2026-03-09 04:44:16.600000'), Timestamp('2026-03-09 04:44:16.710000'), Timestamp('2026-03-09 04:44:17.430000'), Timestamp('2026-03-09 04:44:17.529000'), Timestamp('2026-03-09 04:44:17.737000'), Timestamp('2026-03-09 04:44:17.840000'), Timestamp('2026-03-09 04:44:18.556000'), Timestamp('2026-03-09 04:44:18.663000'), Timestamp('2026-03-09 04:44:18.865000'), Timestamp('2026-03-09 04:44:18.969000'), Timestamp('2026-03-09 04:44:19.683000'), Timestamp('2026-03-09 04:44:19.793000'), Timestamp('2026-03-09 04:44:19.995000'), Timestamp('2026-03-09 04:44:20.099000'), Timestamp('2026-03-09 04:44:20.814000'), Timestamp('2026-03-09 04:44:20.922000')]","[0.11, 0.72, 0.099, 0.208, 0.103, 0.716, 0.107, 0.202, 0.104, 0.714, 0.11, 0.202, 0.104, 0.715, 0.108]","[22.09439059272207, 22.155969163933726, 22.56197251557598, 22.196798785377485, 22.509070918086863, 22.22519949195869, 22.56695836648104, 22.383581894864996, 22.482435597189692, 22.620144539792847, 22.515755089471313, 22.56197251557598, 22.561723280861642, 22.431865828092246, 22.590236366958454, 22.32860040567951]","[2.4303829651994278, 15.952297798032282, 2.2336352790420224, 4.616934147358517, 2.3184343045629467, 15.913242836242421, 2.414664545213471, 4.52148354276273, 2.338173302107728, 16.150783201412093, 2.476733059841844, 4.557518448146348, 2.3464192212096107, 16.038784067085956, 2.439745527631513]",96.74923224584893,9.916598508801512
ADTC_8_adz_raw_20260309_0510,2026-03-09 05:00:24.483,2026-03-09 05:00:34.738,"[Timestamp('2026-03-09 05:00:34.738000'), Timestamp('2026-03-09 05:00:34.873000'), Timestamp('2026-03-09 05:00:35.781000'), Timestamp('2026-03-09 05:00:35.914000'), Timestamp('2026-03-09 05:00:36.168000'), Timestamp('2026-03-09 05:00:36.311000'), Timestamp('2026-03-09 05:00:37.217000'), Timestamp('2026-03-09 05:00:37.352000'), Timestamp('2026-03-09 05:00:37.609000'), Timestamp('2026-03-09 05:00:37.755000'), Timestamp('2026-03-09 05:00:38.661000'), Timestamp('2026-03-09 05:00:38.794000'), Timestamp('2026-03-09 05:00:39.051000'), Timestamp('2026-03-09 05:00:39.191000'), Timestamp('2026-03-09 05:00:40.101000'), Timestamp('2026-03-09 05:00:40.235000')]","[0.135, 0.908, 0.133, 0.254, 0.143, 0.906, 0.135, 0.257, 0.146, 0.906, 0.133, 0.257, 0.14, 0.91, 0.134]","[17.696228338430174, 17.476808905380334, 17.664026000406256, 17.407200394542166, 17.44112366670187, 17.546553784727557, 17.598548240750077, 17.47055784439705, 17.518773206347092, 17.67767116604326, 17.679617972650313, 17.438821572820146, 17.47055784439705, 17.47368281582277, 17.598548240750077, 17.45506477878681]","[2.3889908256880736, 15.868942486085345, 2.3493154580540323, 4.42142890021371, 2.494080684338367, 15.897177728963166, 2.3758040125012605, 4.489933366010042, 2.557740888126675, 16.015970076435195, 2.3513891903624917, 4.481777144214778, 2.445878098215587, 15.901051362398722, 2.3582054642605104]",96.39768568586796,9.916598508801512
ADTC_8_adz_raw_20260309_0540,2026-03-09 05:37:27.547,2026-03-09 05:37:37.606,"[Timestamp('2026-03-09 05:37:37.606000'), Timestamp('2026-03-09 05:37:37.745000'), Timestamp('2026-03-09 05:37:38.696000'), Timestamp('2026-03-09 05:37:38.839000'), Timestamp('2026-03-09 05:37:39.115000'), Timestamp('2026-03-09 05:37:39.268000'), Timestamp('2026-03-09 05:37:40.284000'), Timestamp('2026-03-09 05:37:40.439000'), Timestamp('2026-03-09 05:37:40.737000'), Timestamp('2026-03-09 05:37:40.911000'), Timestamp('2026-03-09 05:37:42.016000'), Timestamp('2026-03-09 05:37:42.184000'), Timestamp('2026-03-09 05:37:42.513000'), Timestamp('2026-03-09 05:37:42.698000'), Timestamp('2026-03-09 05:37:43.879000'), Timestamp('2026-03-09 05:37:44.057000')]","[0.139, 0.951, 0.143, 0.276, 0.153, 1.016, 0.155, 0.298, 0.174, 1.105, 0.168, 0.329, 0.185, 1.181, 0.178]","[17.021758198228788, 16.861584011843078, 16.340437367451237, 16.08044712801059, 15.920573149434139, 15.68966760400894, 14.953416149068325, 14.702619537353442, 14.534851735709964, 14.480823965436041, 13.764296697062136, 13.588661689927513, 13.494547178757704, 13.414519906323186, 13.115145723841376, 12.88599890814942]","[2.3660243895538016, 16.035366395262766, 2.3366825435455265, 4.438203407330923, 2.4358476918634233, 15.940702285673083, 2.3177795031055903, 4.381380622131325, 2.5290642020135334, 16.001310481806826, 2.312401845106439, 4.470669695986152, 2.4964912280701754, 15.842548009367682, 2.334495938843765]",96.238968239661,9.916598508801512
ADTC_8_adz_raw_20260309_0550,2026-03-09 05:45:42.606,2026-03-09 05:45:52.667,"[Timestamp('2026-03-09 05:45:52.667000'), Timestamp('2026-03-09 05:45:52.758000'), Timestamp('2026-03-09 05:45:53.313000'), Timestamp('2026-03-09 05:45:53.398000'), Timestamp('2026-03-09 05:45:53.562000'), Timestamp('2026-03-09 05:45:53.652000'), Timestamp('2026-03-09 05:45:54.247000'), Timestamp('2026-03-09 05:45:54.336000'), Timestamp('2026-03-09 05:45:54.503000'), Timestamp('2026-03-09 05:45:54.592000'), Timestamp('2026-03-09 05:45:55.186000'), Timestamp('2026-03-09 05:45:55.269000'), Timestamp('2026-03-09 05:45:55.440000'), Timestamp('2026-03-09 05:45:55.534000'), Timestamp('2026-03-09 05:45:56.114000'), Timestamp('2026-03-09 05:45:56.210000'), Timestamp('2026-03-09 05:45:56.371000'), Timestamp('2026-03-09 05:45:56.461000'), Timestamp('2026-03-09 05:45:57.048000'), Timestamp('2026-03-09 05:45:57.137000'), Timestamp('2026-03-09 05:45:57.300000'), Timestamp('2026-03-09 05:45:57.395000'), Timestamp('2026-03-09 05:45:57.981000'), Timestamp('2026-03-09 05:45:58.065000'), Timestamp('2026-03-09 05:45:58.224000'), Timestamp('2026-03-09 05:45:58.320000'), Timestamp('2026-03-09 05:45:58.905000'), Timestamp('2026-03-09 05:45:58.994000'), Timestamp('2026-03-09 05:45:59.152000'), Timestamp('2026-03-09 05:45:59.245000'), Timestamp('2026-03-09 05:45:59.791000'), Timestamp('2026-03-09 05:45:59.875000')]","[0.091, 0.555, 0.085, 0.164, 0.09, 0.595, 0.089, 0.167, 0.089, 0.594, 0.083, 0.171, 0.094, 0.58, 0.096, 0.161, 0.09, 0.587, 0.089, 0.163, 0.095, 0.586, 0.084, 0.159, 0.096, 0.585, 0.089, 0.158, 0.093, 0.546, 0.084]","[26.778711484593835, 26.855720925865057, 26.968207248652618, 26.77829476665473, 26.78246252976607, 26.633830998922576, 26.896032144650924, 26.778711484593835, 26.855720925865057, 26.78246252976607, 27.351315372939276, 27.004700185158804, 26.928947989613654, 27.509196006305828, 27.390837159324015, 27.3921750598349, 27.132500878229482, 27.23409734741179, 27.272727272727266, 27.08044879446168, 27.217309592077683, 27.351315372939276, 27.66662514015199, 27.234535709111977, 27.203326563541058, 27.436634439508744, 27.627329192546583, 27.428795337104795, 27.390837159324015, 27.507163323782237, 27.70614692653673, 27.35242548217416]","[2.436862745098039, 14.904925113855109, 2.292297616135473, 4.391640341731376, 2.4104216276789465, 15.847129444358933, 2.3937468608739323, 4.472044817927171, 2.39015916240199, 15.908782742681046, 2.27015917595396, 4.617803731662156, 2.5313211110236833, 15.95533368365738, 2.6295203672951053, 4.410140184633419, 2.4419250790406535, 15.98641514293072, 2.427272727272727, 4.414113153497254, 2.58564441124738, 16.027870808542414, 2.3239965117727674, 4.330291177748805, 2.6115193500999414, 16.050431147112615, 2.4588322981366457, 4.333749663262558, 2.5473478558171334, 15.018911174785103, 2.327316341829085]",195.74792557006356,9.916598508801512
ADTC_8_adz_raw_20260309_0600,2026-03-09 05:54:06.278,2026-03-09 05:54:16.362,"[Timestamp('2026-03-09 05:54:16.362000'), Timestamp('2026-03-09 05:54:16.491000'), Timestamp('2026-03-09 05:54:17.341000'), Timestamp('2026-03-09 05:54:17.471000'), Timestamp('2026-03-09 05:54:17.715000'), Timestamp('2026-03-09 05:54:17.858000'), Timestamp('2026-03-09 05:54:18.758000'), Timestamp('2026-03-09 05:54:18.886000'), Timestamp('2026-03-09 05:54:19.159000'), Timestamp('2026-03-09 05:54:19.299000'), Timestamp('2026-03-09 05:54:20.247000'), Timestamp('2026-03-09 05:54:20.391000'), Timestamp('2026-03-09 05:54:20.679000'), Timestamp('2026-03-09 05:54:20.835000'), Timestamp('2026-03-09 05:54:21.863000'), Timestamp('2026-03-09 05:54:22.016000')]","[0.129, 0.85, 0.13, 0.244, 0.143, 0.9, 0.128, 0.273, 0.14, 0.948, 0.144, 0.288, 0.156, 1.028, 0.153]","[18.916274518939574, 18.735719725818736, 18.252006072435478, 17.994771903195886, 17.696589125160553, 17.805402952440545, 17.235688499226406, 17.05172495385926, 16.90329460488301, 16.834184755546538, 16.13559322033898, 15.86885245901639, 15.636672325976228, 15.707932634418096, 14.897285011220156, 14.4836249112523]","[2.440199412943205, 15.925361766945926, 2.372760789416612, 4.390724344379796, 2.530612244897959, 16.02486265719649, 2.20616812790098, 4.655120912403579, 2.3664612446836215, 15.958807148258117, 2.323525423728813, 4.57022950819672, 2.4393208828522916, 16.147754748181804, 2.2792846067166836]",96.6311938187026,9.916598508801512
ADTC_8_adz_raw_20260309_0610,2026-03-09 06:00:50.557,2026-03-09 06:00:53.656,"[Timestamp('2026-03-09 06:00:53.656000'), Timestamp('2026-03-09 06:00:53.754000'), Timestamp('2026-03-09 06:00:54.404000'), Timestamp('2026-03-09 06:00:54.499000'), Timestamp('2026-03-09 06:00:54.682000'), Timestamp('2026-03-09 06:00:54.777000'), Timestamp('2026-03-09 06:00:55.436000'), Timestamp('2026-03-09 06:00:55.531000'), Timestamp('2026-03-09 06:00:55.712000'), Timestamp('2026-03-09 06:00:55.813000'), Timestamp('2026-03-09 06:00:56.466000'), Timestamp('2026-03-09 06:00:56.563000'), Timestamp('2026-03-09 06:00:56.741000'), Timestamp('2026-03-09 06:00:56.843000'), Timestamp('2026-03-09 06:00:57.493000'), Timestamp('2026-03-09 06:00:57.587000'), Timestamp('2026-03-09 06:00:57.778000'), Timestamp('2026-03-09 06:00:57.875000'), Timestamp('2026-03-09 06:00:58.528000'), Timestamp('2026-03-09 06:00:58.622000'), Timestamp('2026-03-09 06:00:58.812000'), Timestamp('2026-03-09 06:00:58.906000'), Timestamp('2026-03-09 06:00:59.544000'), Timestamp('2026-03-09 06:00:59.556000'), Timestamp('2026-03-09 06:00:59.570000'), Timestamp('2026-03-09 06:00:59.655000'), Timestamp('2026-03-09 06:00:59.832000'), Timestamp('2026-03-09 06:00:59.937000'), Timestamp('2026-03-09 06:01:00.588000'), Timestamp('2026-03-09 06:01:00.682000'), Timestamp('2026-03-09 06:01:00.861000'), Timestamp('2026-03-09 06:01:00.965000'), Timestamp('2026-03-09 06:01:01.617000'), Timestamp('2026-03-09 06:01:01.711000')]","[0.098, 0.65, 0.095, 0.183, 0.095, 0.659, 0.095, 0.181, 0.101, 0.653, 0.097, 0.178, 0.102, 0.65, 0.094, 0.191, 0.097, 0.653, 0.094, 0.19, 0.094, 0.638, 0.012, 0.014, 0.085, 0.177, 0.105, 0.651, 0.094, 0.179, 0.104, 0.652, 0.094]","[24.521432765707576, 24.191183471389124, 24.46530834859169, 24.309406432504854, 24.213740458015266, 24.277767120659888, 24.679315608953388, 24.427639075934948, 24.96955921746895, 24.686657147390136, 24.928934215312488, 24.647023927229583, 24.495534668159458, 24.49123035371449, 24.691880454906116, 24.583907141451903, 24.75032393102761, 24.936579046796574, 24.78611977292716, 25.10769230769231, 24.725209159252728, 24.647023927229583, 24.921212121212122, 25.082373165790067, 24.9031007751938, 25.499132250645516, 25.300000000000004, 24.974627532172292, 25.29859452252653, 25.39842519685039, 25.569584338204002, 25.39753639417694]","[2.4031004110393424, 15.72426925640293, 2.324204293116211, 4.448621377148388, 2.30030534351145, 15.999048532514868, 2.344534982850572, 4.421402672744225, 2.5219254809643643, 16.12038711724576, 2.4181066188853113, 4.387170259046866, 2.4985445361522647, 15.919299729914417, 2.321036762761175, 4.695526264017314, 2.400781421309678, 16.283586117558162, 2.3298952586551533, 4.770461538461539, 2.3241696609697566, 15.724801265572474, 0.29905454545454546, 0.35115322432106094, 2.116763565891473, 4.5133464083642565, 2.6565000000000003, 16.25848252344416, 2.3780678851174937, 4.54631811023622, 2.6592367711732163, 16.559193729003365]",197.01929566384803,9.916598508801512
ADTC_8_adz_raw_20260309_0630,2026-03-09 06:23:13.579,2026-03-09 06:23:23.670,"[Timestamp('2026-03-09 06:23:23.670000'), Timestamp('2026-03-09 06:23:23.807000'), Timestamp('2026-03-09 06:23:24.208000'), Timestamp('2026-03-09 06:23:24.347000'), Timestamp('2026-03-09 06:23:24.605000'), Timestamp('2026-03-09 06:23:24.734000'), Timestamp('2026-03-09 06:23:25.693000'), Timestamp('2026-03-09 06:23:25.822000'), Timestamp('2026-03-09 06:23:26.071000'), Timestamp('2026-03-09 06:23:26.216000'), Timestamp('2026-03-09 06:23:27.227000'), Timestamp('2026-03-09 06:23:27.365000'), Timestamp('2026-03-09 06:23:27.627000'), Timestamp('2026-03-09 06:23:27.781000'), Timestamp('2026-03-09 06:23:28.857000'), Timestamp('2026-03-09 06:23:29.010000')]","[0.137, 0.401, 0.139, 0.258, 0.129, 0.959, 0.129, 0.249, 0.145, 1.011, 0.138, 0.262, 0.154, 1.076, 0.153]","[19.27741935483871, 19.28091790849146, 18.805977022079986, 18.67767906823576, 18.58958497356878, 18.514706155589828, 17.911445279866328, 17.64759552186857, 17.502409838790093, 17.599478892108507, 16.768674066525502, 16.580756013745702, 16.299563281013533, 16.35493692909961, 15.598321058050207, 15.392363430803226]","[2.6410064516129035, 7.731648081305076, 2.614030806069118, 4.818841199604827, 2.3980564615903726, 17.755603203210644, 2.3105764411027563, 4.394251284945274, 2.5378494266245633, 17.7930731599217, 2.3140770211805197, 4.344158075601374, 2.510132745276084, 17.59791213571118, 2.3865431218816817]",94.14775961563808,9.916598508801512
ADTC_8_adz_raw_20260309_0640,2026-03-09 06:37:22.693,2026-03-09 06:37:32.738,"[Timestamp('2026-03-09 06:37:32.738000'), Timestamp('2026-03-09 06:37:32.833000'), Timestamp('2026-03-09 06:37:33.508000'), Timestamp('2026-03-09 06:37:33.611000'), Timestamp('2026-03-09 06:37:33.801000'), Timestamp('2026-03-09 06:37:33.905000'), Timestamp('2026-03-09 06:37:34.597000'), Timestamp('2026-03-09 06:37:34.698000'), Timestamp('2026-03-09 06:37:34.895000'), Timestamp('2026-03-09 06:37:35.002000'), Timestamp('2026-03-09 06:37:35.715000'), Timestamp('2026-03-09 06:37:35.821000'), Timestamp('2026-03-09 06:37:36.026000'), Timestamp('2026-03-09 06:37:36.135000'), Timestamp('2026-03-09 06:37:36.880000'), Timestamp('2026-03-09 06:37:36.991000'), Timestamp('2026-03-09 06:37:37.212000'), Timestamp('2026-03-09 06:37:37.325000'), Timestamp('2026-03-09 06:37:38.115000'), Timestamp('2026-03-09 06:37:38.234000'), Timestamp('2026-03-09 06:37:38.466000'), Timestamp('2026-03-09 06:37:38.592000'), Timestamp('2026-03-09 06:37:39.446000'), Timestamp('2026-03-09 06:37:39.575000'), Timestamp('2026-03-09 06:37:39.820000'), Timestamp('2026-03-09 06:37:39.963000'), Timestamp('2026-03-09 06:37:40.882000'), Timestamp('2026-03-09 06:37:41.026000'), Timestamp('2026-03-09 06:37:41.305000'), Timestamp('2026-03-09 06:37:41.453000'), Timestamp('2026-03-09 06:37:42.473000'), Timestamp('2026-03-09 06:37:42.609000')]","[0.095, 0.675, 0.103, 0.19, 0.104, 0.692, 0.101, 0.197, 0.107, 0.713, 0.106, 0.205, 0.109, 0.745, 0.111, 0.221, 0.113, 0.79, 0.119, 0.232, 0.126, 0.854, 0.129, 0.245, 0.143, 0.919, 0.144, 0.279, 0.148, 1.02, 0.136]","[23.39392356370285, 23.851851851851855, 23.244552058111378, 23.36112163698371, 23.077456487067472, 23.049252905368014, 22.70125223613596, 22.9666386222764, 22.677376171352073, 22.756993596225147, 21.927066222368232, 22.146065263202708, 21.79816286765843, 21.827314113859618, 21.081456340635604, 21.174479343988015, 20.587315889156535, 20.697442092790926, 19.76145296828409, 19.795160899455375, 19.49690721649484, 19.2, 18.24232143501642, 18.168275704013524, 18.046706878822896, 17.855957517424493, 17.00158919722032, 17.14624400130012, 16.394474558489243, 16.305579666471537, 15.202575825100276, 15.624205441139079]","[2.2224227385517707, 16.1, 2.3941888619854717, 4.438613111026905, 2.400055474655017, 15.950083010514664, 2.2928264758497323, 4.524427808588451, 2.4264792503346717, 16.22573643410853, 2.3242690195710325, 4.539943378956555, 2.375999752574769, 16.261349014825417, 2.340041653810552, 4.679559935021351, 2.3263666954746887, 16.350979253304832, 2.3516129032258064, 4.592477328673647, 2.45661030927835, 16.3968, 2.3532594651171186, 4.451227547483313, 2.580679083671674, 16.40962495851311, 2.448228844399726, 4.783802076362734, 2.426382234656408, 16.63169125980097, 2.067550312213638]",200.12328819255086,9.916598508801512
ADTC_8_adz_raw_20260309_0700,2026-03-09 06:55:25.778,2026-03-09 06:55:35.847,"[Timestamp('2026-03-09 06:55:35.847000'), Timestamp('2026-03-09 06:55:35.934000'), Timestamp('2026-03-09 06:55:36.550000'), Timestamp('2026-03-09 06:55:36.647000'), Timestamp('2026-03-09 06:55:36.829000'), Timestamp('2026-03-09 06:55:36.916000'), Timestamp('2026-03-09 06:55:37.553000'), Timestamp('2026-03-09 06:55:37.649000'), Timestamp('2026-03-09 06:55:37.837000'), Timestamp('2026-03-09 06:55:37.931000'), Timestamp('2026-03-09 06:55:38.604000'), Timestamp('2026-03-09 06:55:38.701000'), Timestamp('2026-03-09 06:55:38.893000'), Timestamp('2026-03-09 06:55:38.995000'), Timestamp('2026-03-09 06:55:39.695000'), Timestamp('2026-03-09 06:55:39.810000'), Timestamp('2026-03-09 06:55:40.008000'), Timestamp('2026-03-09 06:55:40.127000'), Timestamp('2026-03-09 06:55:40.890000'), Timestamp('2026-03-09 06:55:40.992000'), Timestamp('2026-03-09 06:55:41.223000'), Timestamp('2026-03-09 06:55:41.332000'), Timestamp('2026-03-09 06:55:42.153000'), Timestamp('2026-03-09 06:55:42.269000'), Timestamp('2026-03-09 06:55:42.513000'), Timestamp('2026-03-09 06:55:42.639000'), Timestamp('2026-03-09 06:55:43.532000'), Timestamp('2026-03-09 06:55:43.660000'), Timestamp('2026-03-09 06:55:43.931000'), Timestamp('2026-03-09 06:55:44.064000'), Timestamp('2026-03-09 06:55:45.049000'), Timestamp('2026-03-09 06:55:45.185000')]","[0.087, 0.616, 0.097, 0.182, 0.087, 0.637, 0.096, 0.188, 0.094, 0.673, 0.097, 0.192, 0.102, 0.7, 0.115, 0.198, 0.119, 0.763, 0.102, 0.231, 0.109, 0.821, 0.116, 0.244, 0.126, 0.893, 0.128, 0.271, 0.133, 0.985, 0.136]","[26.22970400507633, 26.016260162601625, 25.60163850486431, 25.499132250645516, 25.641903457719955, 25.267532467532465, 24.74489795918368, 24.495534668159458, 24.373175588161377, 24.371134020618562, 23.74348815026781, 23.33703537418181, 23.216750497134168, 22.97492270697355, 22.06908214602799, 21.920664793372914, 21.524663677130047, 21.489523656904773, 20.765518015489953, 20.384462797994736, 20.23292380673187, 20.03447015198203, 19.298841099743008, 18.805111085530104, 18.46707038720919, 18.420781514460224, 17.380704272428776, 17.251356238698012, 17.038646886516112, 16.782499297675614, 15.822743564679046, 15.347731629392971]","[2.2819842484416406, 16.026016260162603, 2.483358934971838, 4.6408420696174835, 2.230845600821636, 16.095418181818182, 2.3755102040816336, 4.605160517613978, 2.2910785052871696, 16.401773195876295, 2.3031183505759776, 4.480710791842908, 2.368108550707685, 16.082445894881484, 2.5379444467932193, 4.3402916290878375, 2.5614349775784753, 16.39650655021834, 2.118082837579975, 4.708810906336784, 2.2053886949337738, 16.448299994777248, 2.238665567570189, 4.588447104869346, 2.326850868788358, 16.44975789241298, 2.2247301468708836, 4.675117540687162, 2.266140035906643, 16.530761808210478, 2.1518931247963504]",199.43549543411856,9.916598508801512
ADTC_8_adz_raw_20260309_0710,2026-03-09 07:06:51.054,2026-03-09 07:07:01.118,"[Timestamp('2026-03-09 07:07:01.118000'), Timestamp('2026-03-09 07:07:01.227000'), Timestamp('2026-03-09 07:07:01.542000'), Timestamp('2026-03-09 07:07:01.649000'), Timestamp('2026-03-09 07:07:01.843000'), Timestamp('2026-03-09 07:07:01.934000'), Timestamp('2026-03-09 07:07:02.564000'), Timestamp('2026-03-09 07:07:02.652000'), Timestamp('2026-03-09 07:07:02.860000'), Timestamp('2026-03-09 07:07:02.952000'), Timestamp('2026-03-09 07:07:03.576000'), Timestamp('2026-03-09 07:07:03.666000'), Timestamp('2026-03-09 07:07:03.869000'), Timestamp('2026-03-09 07:07:03.959000'), Timestamp('2026-03-09 07:07:04.598000'), Timestamp('2026-03-09 07:07:04.688000'), Timestamp('2026-03-09 07:07:04.879000'), Timestamp('2026-03-09 07:07:04.970000'), Timestamp('2026-03-09 07:07:05.612000'), Timestamp('2026-03-09 07:07:05.702000'), Timestamp('2026-03-09 07:07:05.896000'), Timestamp('2026-03-09 07:07:05.985000'), Timestamp('2026-03-09 07:07:06.625000'), Timestamp('2026-03-09 07:07:06.713000'), Timestamp('2026-03-09 07:07:06.910000'), Timestamp('2026-03-09 07:07:07.005000'), Timestamp('2026-03-09 07:07:07.624000'), Timestamp('2026-03-09 07:07:07.714000'), Timestamp('2026-03-09 07:07:07.918000'), Timestamp('2026-03-09 07:07:08.011000'), Timestamp('2026-03-09 07:07:08.628000'), Timestamp('2026-03-09 07:07:08.717000'), Timestamp('2026-03-09 07:07:08.924000'), Timestamp('2026-03-09 07:07:09.014000'), Timestamp('2026-03-09 07:07:09.631000'), Timestamp('2026-03-09 07:07:09.719000'), Timestamp('2026-03-09 07:07:09.914000'), Timestamp('2026-03-09 07:07:10.005000'), Timestamp('2026-03-09 07:07:10.635000'), Timestamp('2026-03-09 07:07:10.722000')]","[0.109, 0.315, 0.107, 0.194, 0.091, 0.63, 0.088, 0.208, 0.092, 0.624, 0.09, 0.203, 0.09, 0.639, 0.09, 0.191, 0.091, 0.642, 0.09, 0.194, 0.089, 0.64, 0.088, 0.197, 0.095, 0.619, 0.09, 0.204, 0.093, 0.617, 0.089, 0.207, 0.09, 0.617, 0.088, 0.195, 0.091, 0.63, 0.087]","[25.815592583221886, 25.703225806451606, 25.94613547213639, 25.772972972972966, 25.84160568074777, 26.055445894587983, 25.573575107478824, 25.91135588775242, 25.84235468023129, 25.94613547213639, 25.84160568074777, 26.122497334439043, 25.80813008130081, 26.194943268113995, 25.910978363808546, 26.2654390298675, 26.30215956943725, 26.669959254228907, 25.98148365170514, 26.30215956943725, 25.982244880021092, 26.40995368268095, 26.093893107217767, 26.447083823473605, 26.556473829201096, 26.488856412130065, 26.2654390298675, 26.556473829201096, 26.55728672441764, 26.704220121017034, 26.558506160557123, 26.85319938031078, 26.55728672441764, 26.81585168886496, 26.522575327410927, 26.89265536723163, 26.890967296466002, 26.966504911823883, 26.707939947376563, 27.08044879446168]","[2.8138995915711855, 8.096516129032256, 2.7762364955185936, 4.999956756756755, 2.351586116948047, 16.414930913590428, 2.2504746094581365, 5.389562024652504, 2.3774966305812786, 16.190388534613106, 2.325744511267299, 5.302866958891126, 2.322731707317073, 16.738568748324845, 2.331988052742769, 5.016698854704693, 2.3934965208187897, 17.122113841214958, 2.3383335286534623, 5.102618956470827, 2.312419794321877, 16.902370356915807, 2.2962625934351633, 5.2100755132243, 2.522865013774104, 16.39660211910851, 2.363889512688075, 5.417520661157023, 2.4698276653708406, 16.47650381466751, 2.3637070482895837, 5.558612271724331, 2.3901558051975873, 16.54538049202968, 2.3339866288121613, 5.244067796610168, 2.4470780239784062, 16.988898094449045, 2.323590775421761]",253.22002346430415,9.916598508801512
ADTC_8_adz_raw_20260309_0730,2026-03-09 07:27:05.525,2026-03-09 07:27:15.591,"[Timestamp('2026-03-09 07:27:15.591000'), Timestamp('2026-03-09 07:27:15.704000'), Timestamp('2026-03-09 07:27:16.043000'), Timestamp('2026-03-09 07:27:16.158000'), Timestamp('2026-03-09 07:27:16.379000'), Timestamp('2026-03-09 07:27:16.482000'), Timestamp('2026-03-09 07:27:17.272000'), Timestamp('2026-03-09 07:27:17.377000'), Timestamp('2026-03-09 07:27:17.574000'), Timestamp('2026-03-09 07:27:17.688000'), Timestamp('2026-03-09 07:27:18.492000'), Timestamp('2026-03-09 07:27:18.597000'), Timestamp('2026-03-09 07:27:18.802000'), Timestamp('2026-03-09 07:27:18.916000'), Timestamp('2026-03-09 07:27:19.736000'), Timestamp('2026-03-09 07:27:19.848000'), Timestamp('2026-03-09 07:27:20.081000'), Timestamp('2026-03-09 07:27:20.207000'), Timestamp('2026-03-09 07:27:20.574000'), Timestamp('2026-03-09 07:27:20.699000'), Timestamp('2026-03-09 07:27:20.936000'), Timestamp('2026-03-09 07:27:21.049000'), Timestamp('2026-03-09 07:27:21.916000'), Timestamp('2026-03-09 07:27:22.028000'), Timestamp('2026-03-09 07:27:22.251000'), Timestamp('2026-03-09 07:27:22.370000'), Timestamp('2026-03-09 07:27:23.262000'), Timestamp('2026-03-09 07:27:23.383000'), Timestamp('2026-03-09 07:27:23.613000'), Timestamp('2026-03-09 07:27:23.741000'), Timestamp('2026-03-09 07:27:24.671000'), Timestamp('2026-03-09 07:27:24.803000'), Timestamp('2026-03-09 07:27:25.076000'), Timestamp('2026-03-09 07:27:25.224000'), Timestamp('2026-03-09 07:27:25.647000'), Timestamp('2026-03-09 07:27:25.794000'), Timestamp('2026-03-09 07:27:26.067000'), Timestamp('2026-03-09 07:27:26.216000'), Timestamp('2026-03-09 07:27:27.242000'), Timestamp('2026-03-09 07:27:27.387000'), Timestamp('2026-03-09 07:27:27.665000'), Timestamp('2026-03-09 07:27:27.815000'), Timestamp('2026-03-09 07:27:28.946000'), Timestamp('2026-03-09 07:27:29.102000'), Timestamp('2026-03-09 07:27:29.410000'), Timestamp('2026-03-09 07:27:29.590000'), Timestamp('2026-03-09 07:27:30.916000'), Timestamp('2026-03-09 07:27:31.116000')]","[0.113, 0.339, 0.115, 0.221, 0.103, 0.79, 0.105, 0.197, 0.114, 0.804, 0.105, 0.205, 0.114, 0.82, 0.112, 0.233, 0.126, 0.367, 0.125, 0.237, 0.113, 0.867, 0.112, 0.223, 0.119, 0.892, 0.121, 0.23, 0.128, 0.93, 0.132, 0.273, 0.148, 0.423, 0.147, 0.273, 0.149, 1.026, 0.145, 0.278, 0.15, 1.131, 0.156, 0.308, 0.18, 1.326, 0.2]","[22.939100843886674, 22.75200916550132, 22.64201321674121, 22.668525229997215, 22.77839700070929, 22.563218771749575, 22.509070918086863, 22.27390180878553, 22.17137370989679, 22.197985500737794, 21.89284488407651, 21.769714920399856, 21.81818181818182, 21.827314113859618, 21.45254074784276, 21.3371266002845, 21.081456340635604, 21.266866198910748, 21.053036569647773, 20.671432147525934, 20.734437975817286, 20.60854543360589, 20.382257482870536, 20.15065415620457, 20.125874617629478, 19.99739888151905, 19.637157665326676, 19.38149370492605, 19.23847695390781, 19.226173770097432, 18.623554913294797, 18.395125174363116, 18.291089626339165, 18.4294304916873, 17.812293456708524, 17.599731137623927, 17.316062378421282, 17.295193617435295, 16.445299666776172, 16.327286190299887, 15.955473098330238, 15.930255597384582, 14.56873423988762, 14.235025655230633, 13.903326076287076, 13.666822597401017, 12.023603002763721, 11.649285165528994]","[2.5921183953591944, 7.712931107104948, 2.603831519925239, 5.009744075829385, 2.3461748910730567, 17.824942829682165, 2.3634524463991204, 4.38795865633075, 2.5275366029282345, 17.847180342593187, 2.2987487128280333, 4.46279155868197, 2.4872727272727277, 17.898397573364885, 2.402684563758389, 4.971550497866288, 2.656263498920086, 7.804939895000245, 2.6316295712059716, 4.899129418963646, 2.3429914912673535, 17.867608890936307, 2.2828128380815, 4.493595876833619, 2.3949790794979076, 17.837679802314995, 2.3760960775045277, 4.457743552132992, 2.4625250501002, 17.880341606190612, 2.4583092485549134, 5.021869172601131, 2.7070812646981963, 7.795649097983727, 2.6184071381361527, 4.804726600571333, 2.580093294384771, 17.744868651488613, 2.384568451682545, 4.538985560903369, 2.3933209647495355, 18.01711908064196, 2.2727225414224685, 4.384387901811035, 2.5025986937316738, 18.12220676415375, 2.4047206005527446]",294.8772881780155,9.916598508801512
ADTC_8_adz_raw_20260309_0740,2026-03-09 07:32:19.645,2026-03-09 07:32:29.704,"[Timestamp('2026-03-09 07:32:29.704000'), Timestamp('2026-03-09 07:32:29.855000'), Timestamp('2026-03-09 07:32:30.880000'), Timestamp('2026-03-09 07:32:31.032000'), Timestamp('2026-03-09 07:32:31.324000'), Timestamp('2026-03-09 07:32:31.487000'), Timestamp('2026-03-09 07:32:32.511000'), Timestamp('2026-03-09 07:32:32.659000'), Timestamp('2026-03-09 07:32:32.951000'), Timestamp('2026-03-09 07:32:33.111000'), Timestamp('2026-03-09 07:32:34.135000'), Timestamp('2026-03-09 07:32:34.285000'), Timestamp('2026-03-09 07:32:34.576000'), Timestamp('2026-03-09 07:32:34.736000'), Timestamp('2026-03-09 07:32:35.761000'), Timestamp('2026-03-09 07:32:35.913000'), Timestamp('2026-03-09 07:32:36.206000'), Timestamp('2026-03-09 07:32:36.368000'), Timestamp('2026-03-09 07:32:37.392000'), Timestamp('2026-03-09 07:32:37.544000'), Timestamp('2026-03-09 07:32:37.838000'), Timestamp('2026-03-09 07:32:38.002000'), Timestamp('2026-03-09 07:32:39.023000'), Timestamp('2026-03-09 07:32:39.177000'), Timestamp('2026-03-09 07:32:39.472000'), Timestamp('2026-03-09 07:32:39.632000'), Timestamp('2026-03-09 07:32:40.660000'), Timestamp('2026-03-09 07:32:40.810000'), Timestamp('2026-03-09 07:32:41.106000'), Timestamp('2026-03-09 07:32:41.269000'), Timestamp('2026-03-09 07:32:42.288000'), Timestamp('2026-03-09 07:32:42.440000'), Timestamp('2026-03-09 07:32:42.731000'), Timestamp('2026-03-09 07:32:42.894000'), Timestamp('2026-03-09 07:32:43.915000'), Timestamp('2026-03-09 07:32:44.068000'), Timestamp('2026-03-09 07:32:44.365000'), Timestamp('2026-03-09 07:32:44.527000'), Timestamp('2026-03-09 07:32:45.548000'), Timestamp('2026-03-09 07:32:45.698000'), Timestamp('2026-03-09 07:32:45.989000'), Timestamp('2026-03-09 07:32:46.155000'), Timestamp('2026-03-09 07:32:47.173000'), Timestamp('2026-03-09 07:32:47.322000'), Timestamp('2026-03-09 07:32:47.616000'), Timestamp('2026-03-09 07:32:47.774000'), Timestamp('2026-03-09 07:32:48.795000'), Timestamp('2026-03-09 07:32:48.950000')]","[0.151, 1.025, 0.152, 0.292, 0.163, 1.024, 0.148, 0.292, 0.16, 1.024, 0.15, 0.291, 0.16, 1.025, 0.152, 0.293, 0.162, 1.024, 0.152, 0.294, 0.164, 1.021, 0.154, 0.295, 0.16, 1.028, 0.15, 0.296, 0.163, 1.019, 0.152, 0.291, 0.163, 1.021, 0.153, 0.297, 0.162, 1.021, 0.15, 0.291, 0.166, 1.018, 0.149, 0.294, 0.158, 1.021, 0.155]","[15.509532944446619, 15.364759387867984, 15.459097545100704, 15.396962587973821, 15.522650269795456, 15.525897414442305, 15.63621604844935, 15.286973058637084, 15.446750341742263, 15.48451548451548, 15.459097545100704, 15.397754751345401, 15.399180850844875, 15.414115172883033, 15.36062917137086, 15.28666296468154, 15.324873872496557, 15.374515315019593, 15.372780700944645, 15.26235972095845, 15.275246080933282, 15.43508099850333, 15.360983102918587, 15.250670018018564, 15.311004784688995, 15.40052796517282, 15.372544192987583, 15.205341332624364, 15.311160572337043, 15.41252628540799, 15.375146180833383, 15.23824881077159, 15.337968209243208, 15.40052796517282, 15.352047860101244, 15.264790420069922, 15.43603862111753, 15.450110313539042, 15.500013031353435, 15.250670018018564, 15.365664398523872, 15.460901678458058, 15.43603862111753, 15.289105295191721, 15.425279286348527, 15.360039321700663, 15.465714760086335, 15.32331210191083]","[2.3419394746114395, 15.748878372564683, 2.349782826855307, 4.495913075688356, 2.5301919939766595, 15.89851895238892, 2.3141599751705035, 4.463796133122028, 2.471480054678762, 15.856143856143852, 2.3188646317651056, 4.4807466326415115, 2.46386893613518, 15.799468052205107, 2.3348156340483706, 4.478992248651691, 2.4826295673444423, 15.743503682580064, 2.336662666543586, 4.487133757961784, 2.5051403572730586, 15.759217699471899, 2.3655913978494625, 4.498947655315476, 2.449760765550239, 15.831742748197659, 2.3058816289481374, 4.5007810344568115, 2.495719173290938, 15.705364284830742, 2.3370222194866743, 4.434330403934533, 2.5000888181066427, 15.723939052441448, 2.3488633225954905, 4.533642754760766, 2.50063825662104, 15.774562630123361, 2.325001954703015, 4.4379449752434015, 2.550700290154963, 15.739197908670302, 2.299969754546512, 4.494996956786366, 2.437194127243067, 15.682600147456375, 2.397185787813382]",296.3335166309492,9.916598508801512
ADTC_8_adz_raw_20260309_0800,2026-03-09 07:53:40.733,2026-03-09 07:53:50.782,"[Timestamp('2026-03-09 07:53:50.782000'), Timestamp('2026-03-09 07:53:50.896000'), Timestamp('2026-03-09 07:53:51.672000'), Timestamp('2026-03-09 07:53:51.790000'), Timestamp('2026-03-09 07:53:52.013000'), Timestamp('2026-03-09 07:53:52.132000'), Timestamp('2026-03-09 07:53:52.938000'), Timestamp('2026-03-09 07:53:53.060000'), Timestamp('2026-03-09 07:53:53.295000'), Timestamp('2026-03-09 07:53:53.416000'), Timestamp('2026-03-09 07:53:54.259000'), Timestamp('2026-03-09 07:53:54.385000'), Timestamp('2026-03-09 07:53:54.630000'), Timestamp('2026-03-09 07:53:54.765000'), Timestamp('2026-03-09 07:53:55.643000'), Timestamp('2026-03-09 07:53:55.775000'), Timestamp('2026-03-09 07:53:56.035000'), Timestamp('2026-03-09 07:53:56.172000'), Timestamp('2026-03-09 07:53:57.107000'), Timestamp('2026-03-09 07:53:57.246000'), Timestamp('2026-03-09 07:53:57.517000'), Timestamp('2026-03-09 07:53:57.676000'), Timestamp('2026-03-09 07:53:58.669000'), Timestamp('2026-03-09 07:53:58.820000'), Timestamp('2026-03-09 07:53:59.113000'), Timestamp('2026-03-09 07:53:59.275000'), Timestamp('2026-03-09 07:54:00.357000'), Timestamp('2026-03-09 07:54:00.520000'), Timestamp('2026-03-09 07:54:00.840000'), Timestamp('2026-03-09 07:54:01.016000'), Timestamp('2026-03-09 07:54:02.198000'), Timestamp('2026-03-09 07:54:02.379000')]","[0.114, 0.776, 0.118, 0.223, 0.119, 0.806, 0.122, 0.235, 0.121, 0.843, 0.126, 0.245, 0.135, 0.878, 0.132, 0.26, 0.137, 0.935, 0.139, 0.271, 0.159, 0.993, 0.151, 0.293, 0.162, 1.082, 0.163, 0.32, 0.176, 1.182, 0.181]","[20.824392998306042, 20.601712204175048, 20.253525138869108, 20.104734085945104, 19.93943629163755, 19.941328731665227, 19.452907506713416, 19.162363740676994, 19.200307204915276, 19.04829394465507, 18.64077669902913, 18.32121121620588, 18.3039609143256, 18.25629530541044, 17.64711845506615, 17.39153265507056, 17.32902801174297, 17.136087438376578, 16.609792018391463, 16.340437367451237, 16.204481872517903, 16.01389028014291, 15.373490268482193, 15.154671544123879, 14.976927120855159, 14.78446436192915, 14.148865458052576, 13.905601006922591, 13.68530146924343, 13.57542033434869, 12.852234785554138, 12.508573329983228]","[2.373980801806889, 15.986928670439838, 2.3899159663865546, 4.483355701165758, 2.372792918704868, 16.072710957722173, 2.3732547158190367, 4.503155479059093, 2.3232371717947484, 16.057711795344225, 2.34873786407767, 4.488696747970441, 2.4710347234339562, 16.029027278150366, 2.3294196360687316, 4.5217984903183455, 2.3740768376087873, 16.0222417548821, 2.3087610905564135, 4.4282585265792855, 2.5765126177303466, 15.90179304818191, 2.321397030540811, 4.440318762428296, 2.426262193578536, 15.996790439607341, 2.30626506966257, 4.449792322215229, 2.4086130585868437, 16.04614683520015, 2.326254496185299]",197.4592430018066,9.916598508801512
ADTC_8_adz_raw_20260309_0810,2026-03-09 08:07:49.450,2026-03-09 08:07:59.088,"[Timestamp('2026-03-09 08:07:59.088000'), Timestamp('2026-03-09 08:07:59.504000'), Timestamp('2026-03-09 08:07:59.608000'), Timestamp('2026-03-09 08:07:59.922000'), Timestamp('2026-03-09 08:08:00.022000'), Timestamp('2026-03-09 08:08:00.215000'), Timestamp('2026-03-09 08:08:00.306000'), Timestamp('2026-03-09 08:08:00.921000'), Timestamp('2026-03-09 08:08:01.010000'), Timestamp('2026-03-09 08:08:01.207000'), Timestamp('2026-03-09 08:08:01.297000'), Timestamp('2026-03-09 08:08:01.922000'), Timestamp('2026-03-09 08:08:02.011000'), Timestamp('2026-03-09 08:08:02.198000'), Timestamp('2026-03-09 08:08:02.287000'), Timestamp('2026-03-09 08:08:02.912000'), Timestamp('2026-03-09 08:08:02.999000'), Timestamp('2026-03-09 08:08:03.187000'), Timestamp('2026-03-09 08:08:03.278000'), Timestamp('2026-03-09 08:08:03.899000'), Timestamp('2026-03-09 08:08:03.987000'), Timestamp('2026-03-09 08:08:04.177000'), Timestamp('2026-03-09 08:08:04.264000'), Timestamp('2026-03-09 08:08:04.884000'), Timestamp('2026-03-09 08:08:04.969000'), Timestamp('2026-03-09 08:08:05.163000'), Timestamp('2026-03-09 08:08:05.251000'), Timestamp('2026-03-09 08:08:05.856000'), Timestamp('2026-03-09 08:08:05.940000'), Timestamp('2026-03-09 08:08:06.145000'), Timestamp('2026-03-09 08:08:06.232000'), Timestamp('2026-03-09 08:08:06.834000'), Timestamp('2026-03-09 08:08:06.921000'), Timestamp('2026-03-09 08:08:07.121000'), Timestamp('2026-03-09 08:08:07.210000'), Timestamp('2026-03-09 08:08:07.810000'), Timestamp('2026-03-09 08:08:07.898000'), Timestamp('2026-03-09 08:08:08.086000'), Timestamp('2026-03-09 08:08:08.175000'), Timestamp('2026-03-09 08:08:08.789000'), Timestamp('2026-03-09 08:08:08.876000')]","[0.416, 0.104, 0.314, 0.1, 0.193, 0.091, 0.615, 0.089, 0.197, 0.09, 0.625, 0.089, 0.187, 0.089, 0.625, 0.087, 0.188, 0.091, 0.621, 0.088, 0.19, 0.087, 0.62, 0.085, 0.194, 0.088, 0.605, 0.084, 0.205, 0.087, 0.602, 0.087, 0.2, 0.089, 0.6, 0.088, 0.188, 0.089, 0.614, 0.087]","[25.87601078167116, 26.666666666666657, 25.87601078167116, 25.668449197860955, 26.016260162601625, 26.446280991735538, 26.740947075208915, 26.086956521739122, 26.592797783933516, 26.966292134831452, 26.666666666666657, 27.118644067796602, 26.2295081967213, 27.118644067796602, 26.81564245810055, 27.118644067796602, 26.966292134831452, 27.195467422096318, 27.04225352112676, 27.507163323782237, 27.350427350427353, 27.586206896551715, 27.586206896551715, 28.31858407079646, 28.31858407079646, 28.1524926686217, 27.988338192419825, 28.23529411764705, 28.402366863905318, 28.571428571428562, 28.402366863905318, 28.65671641791045, 28.65671641791045, 29.003021148036257, 28.82882882882883, 29.090909090909083, 29.44785276073619, 29.179331306990886, 29.44785276073619, 29.44785276073619]","[10.7644204851752, 2.773333333333332, 8.125067385444744, 2.566844919786096, 5.021138211382114, 2.406611570247934, 16.445682451253482, 2.3217391304347816, 5.238781163434903, 2.4269662921348307, 16.66666666666666, 2.4135593220338976, 4.904918032786884, 2.4135593220338976, 16.759776536312845, 2.3593220338983043, 5.069662921348313, 2.4747875354107647, 16.793239436619718, 2.4206303724928366, 5.196581196581197, 2.399999999999999, 17.103448275862064, 2.4070796460176993, 5.493805309734514, 2.4774193548387093, 16.932944606413994, 2.3717647058823523, 5.8224852071005895, 2.485714285714285, 17.098224852071002, 2.493134328358209, 5.73134328358209, 2.5812688821752268, 17.2972972972973, 2.559999999999999, 5.536196319018404, 2.596960486322189, 18.08098159509202, 2.5619631901840485]",269.5953199444774,9.916598508801512
ADTC_8_adz_raw_20260309_0830,2026-03-09 08:26:17.802,2026-03-09 08:26:27.883,"[Timestamp('2026-03-09 08:26:27.883000'), Timestamp('2026-03-09 08:26:27.993000'), Timestamp('2026-03-09 08:26:28.311000'), Timestamp('2026-03-09 08:26:28.415000'), Timestamp('2026-03-09 08:26:28.620000'), Timestamp('2026-03-09 08:26:28.721000'), Timestamp('2026-03-09 08:26:29.462000'), Timestamp('2026-03-09 08:26:29.563000'), Timestamp('2026-03-09 08:26:29.754000'), Timestamp('2026-03-09 08:26:29.849000'), Timestamp('2026-03-09 08:26:30.615000'), Timestamp('2026-03-09 08:26:30.722000'), Timestamp('2026-03-09 08:26:30.917000'), Timestamp('2026-03-09 08:26:31.023000'), Timestamp('2026-03-09 08:26:31.818000'), Timestamp('2026-03-09 08:26:31.925000'), Timestamp('2026-03-09 08:26:32.156000'), Timestamp('2026-03-09 08:26:32.275000'), Timestamp('2026-03-09 08:26:32.639000'), Timestamp('2026-03-09 08:26:32.766000'), Timestamp('2026-03-09 08:26:33'), Timestamp('2026-03-09 08:26:33.116000'), Timestamp('2026-03-09 08:26:33.989000'), Timestamp('2026-03-09 08:26:34.112000'), Timestamp('2026-03-09 08:26:34.341000'), Timestamp('2026-03-09 08:26:34.467000'), Timestamp('2026-03-09 08:26:35.409000'), Timestamp('2026-03-09 08:26:35.536000'), Timestamp('2026-03-09 08:26:35.783000'), Timestamp('2026-03-09 08:26:35.927000'), Timestamp('2026-03-09 08:26:36.947000'), Timestamp('2026-03-09 08:26:37.092000')]","[0.11, 0.318, 0.104, 0.205, 0.101, 0.741, 0.101, 0.191, 0.095, 0.766, 0.107, 0.195, 0.106, 0.795, 0.107, 0.231, 0.119, 0.364, 0.127, 0.234, 0.116, 0.873, 0.123, 0.229, 0.126, 0.942, 0.127, 0.247, 0.144, 1.02, 0.145]","[24.647023927229583, 24.558212568288134, 24.273421217506936, 23.974558832699383, 24.182741116751274, 24.060754913723244, 23.733330073708274, 23.476935035427065, 23.443537999141263, 23.19057066168748, 22.832579185520363, 23.13306739596216, 22.74894290864372, 22.643524699599467, 22.09439059272207, 21.744751585298282, 21.62557077625571, 21.525637609536112, 21.17612724354297, 20.939857851019493, 20.82468696621917, 20.739081746920494, 19.75383911900316, 19.537888198757763, 19.375967413441952, 19.209297299893148, 18.355707642362024, 17.96072666176625, 17.647297352094398, 17.788087060058814, 16.50933352260629, 16.250354445389632]","[2.7111726319952543, 7.809511596715627, 2.5244358066207213, 4.9147845607033736, 2.442456852791879, 17.829019391068922, 2.397066337444536, 4.48409459176657, 2.22713610991842, 17.76397712685261, 2.4430859728506786, 4.510948142212621, 2.4113879483162344, 18.001602136181578, 2.3640997934212615, 5.023037616203903, 2.5734429223744293, 7.8353320898711445, 2.6893681599299573, 4.8999267371385615, 2.4156636880814237, 18.105218365061592, 2.429722211637389, 4.474176397515528, 2.441371894093686, 18.095158056499344, 2.331174870579977, 4.4362994854562645, 2.541210818701593, 18.143848801259992, 2.393853360777912]",195.66358447404298,9.916598508801512
ADTC_8_adz_raw_20260309_0900,2026-03-09 08:55:34.666,2026-03-09 08:55:44.715,"[Timestamp('2026-03-09 08:55:44.715000'), Timestamp('2026-03-09 08:55:44.822000'), Timestamp('2026-03-09 08:55:45.553000'), Timestamp('2026-03-09 08:55:45.664000'), Timestamp('2026-03-09 08:55:45.876000'), Timestamp('2026-03-09 08:55:45.988000'), Timestamp('2026-03-09 08:55:46.743000'), Timestamp('2026-03-09 08:55:46.856000'), Timestamp('2026-03-09 08:55:47.075000'), Timestamp('2026-03-09 08:55:47.192000'), Timestamp('2026-03-09 08:55:47.986000'), Timestamp('2026-03-09 08:55:48.107000'), Timestamp('2026-03-09 08:55:48.338000'), Timestamp('2026-03-09 08:55:48.465000'), Timestamp('2026-03-09 08:55:49.315000'), Timestamp('2026-03-09 08:55:49.443000')]","[0.107, 0.731, 0.111, 0.212, 0.112, 0.755, 0.113, 0.219, 0.117, 0.794, 0.121, 0.231, 0.127, 0.85, 0.128]","[21.99454125551123, 21.89307260245475, 21.501233973394328, 21.333438683647817, 21.14547703951677, 21.198664359355575, 20.645256770756255, 20.382533121165537, 20.31930333817126, 20.318029115341545, 19.492405877405627, 19.200307204915276, 19.089184060721063, 18.916274518939574, 18.045367818528725, 17.7625633301383]","[2.3534159143397018, 16.003836072394424, 2.3866369710467703, 4.522689000933337, 2.3682934284258783, 16.00499159131346, 2.332914015095457, 4.463774753535253, 2.3773584905660377, 16.13251511758119, 2.358581111166081, 4.435270964335429, 2.424326375711575, 16.078833341098637, 2.3098070807716766]",96.55324422831491,9.916598508801512
ADTC_8_adz_raw_20260309_0910,2026-03-09 09:07:18.787,2026-03-09 09:07:28.836,"[Timestamp('2026-03-09 09:07:28.836000'), Timestamp('2026-03-09 09:07:28.941000'), Timestamp('2026-03-09 09:07:29.669000'), Timestamp('2026-03-09 09:07:29.776000'), Timestamp('2026-03-09 09:07:29.983000'), Timestamp('2026-03-09 09:07:30.095000'), Timestamp('2026-03-09 09:07:30.836000'), Timestamp('2026-03-09 09:07:30.948000'), Timestamp('2026-03-09 09:07:31.159000'), Timestamp('2026-03-09 09:07:31.274000'), Timestamp('2026-03-09 09:07:32.040000'), Timestamp('2026-03-09 09:07:32.156000'), Timestamp('2026-03-09 09:07:32.381000'), Timestamp('2026-03-09 09:07:32.494000'), Timestamp('2026-03-09 09:07:33.292000'), Timestamp('2026-03-09 09:07:33.411000'), Timestamp('2026-03-09 09:07:33.643000'), Timestamp('2026-03-09 09:07:33.765000'), Timestamp('2026-03-09 09:07:34.594000'), Timestamp('2026-03-09 09:07:34.715000'), Timestamp('2026-03-09 09:07:34.952000'), Timestamp('2026-03-09 09:07:35.087000'), Timestamp('2026-03-09 09:07:35.954000'), Timestamp('2026-03-09 09:07:36.081000'), Timestamp('2026-03-09 09:07:36.330000'), Timestamp('2026-03-09 09:07:36.471000'), Timestamp('2026-03-09 09:07:37.380000'), Timestamp('2026-03-09 09:07:37.522000'), Timestamp('2026-03-09 09:07:37.795000'), Timestamp('2026-03-09 09:07:37.941000'), Timestamp('2026-03-09 09:07:38.902000'), Timestamp('2026-03-09 09:07:39.052000'), Timestamp('2026-03-09 09:07:39.345000'), Timestamp('2026-03-09 09:07:39.501000'), Timestamp('2026-03-09 09:07:40.550000'), Timestamp('2026-03-09 09:07:40.703000'), Timestamp('2026-03-09 09:07:41.020000'), Timestamp('2026-03-09 09:07:41.199000'), Timestamp('2026-03-09 09:07:42.338000'), Timestamp('2026-03-09 09:07:42.516000'), Timestamp('2026-03-09 09:07:42.852000'), Timestamp('2026-03-09 09:07:43.049000'), Timestamp('2026-03-09 09:07:44.333000'), Timestamp('2026-03-09 09:07:44.345000'), Timestamp('2026-03-09 09:07:44.531000'), Timestamp('2026-03-09 09:07:44.920000'), Timestamp('2026-03-09 09:07:45.143000'), Timestamp('2026-03-09 09:07:46.638000'), Timestamp('2026-03-09 09:07:46.889000')]","[0.105, 0.728, 0.107, 0.207, 0.112, 0.741, 0.112, 0.211, 0.115, 0.766, 0.116, 0.225, 0.113, 0.798, 0.119, 0.232, 0.122, 0.829, 0.121, 0.237, 0.135, 0.867, 0.127, 0.249, 0.141, 0.909, 0.142, 0.273, 0.146, 0.961, 0.15, 0.293, 0.156, 1.049, 0.153, 0.317, 0.179, 1.139, 0.178, 0.336, 0.197, 1.284, 0.012, 0.186, 0.389, 0.223, 1.495, 0.251]","[21.623376623376625, 21.918265221017517, 21.383498035480415, 21.575757575757578, 21.200421200421204, 21.286135693215343, 20.960698689956335, 21.053036569647773, 20.77961019490255, 20.780778529527524, 20.21133252960783, 20.427011463030368, 19.83606557377049, 20.1712721815132, 19.395918367346937, 19.59706044093386, 19.089184060721063, 19.126238252476504, 18.53530534351145, 18.79252221881704, 18.500948766603415, 18.356244515940332, 17.812293456708524, 17.95151413472024, 17.53716914460964, 17.454776261504282, 16.993758929242798, 16.9066488075306, 16.44144144144144, 16.38397017707362, 13.120936280884266, 13.075565073944375, 12.002424732269143, 12.751641137855582, 9.429846166837907, 12.20614828209765, 11.086302021060517, 11.907278235750017, 8.641359827172804, 11.18365561838118, 10.088047510627796, 10.725909426933821, 7.7967334903402445, 11.612042638334717, 11.809565312125503, 11.38804457953394, 11.201882229919612, 10.11601257839288, 9.928471200246415]","[2.2704545454545455, 15.956497080900752, 2.2880342897964043, 4.466181818181818, 2.374447174447175, 15.773026548672568, 2.3475982532751094, 4.44219071619568, 2.3896551724137933, 15.918076353618083, 2.3445145734345085, 4.596077579181833, 2.2414754098360654, 16.096675200847535, 2.3081142857142853, 4.546518022296656, 2.32888045540797, 15.855651511303021, 2.2427719465648854, 4.453827765859638, 2.497628083491461, 15.914863995320268, 2.2621612690019828, 4.46992701954534, 2.4727408493899588, 15.866391621707393, 2.4131137679524772, 4.615515124455855, 2.40045045045045, 15.74499534016775, 1.9681404421326398, 3.831140566665702, 1.8723782582339863, 13.376471553610505, 1.4427664635261996, 3.8693490054249553, 1.9844480617698323, 13.562389910519268, 1.5381620492367591, 3.757708287776077, 1.9873453595936759, 13.772067704183026, 0.09356080188408293, 2.1598399307302576, 4.5939209064168205, 2.5395339412360687, 16.746813933729822, 2.539119157176613]",285.5336125587316,9.916598508801512
ADTC_8_adz_raw_20260309_0930,2026-03-09 09:23:55.811,2026-03-09 09:24:05.928,"[Timestamp('2026-03-09 09:24:05.928000'), Timestamp('2026-03-09 09:24:06.055000'), Timestamp('2026-03-09 09:24:06.436000'), Timestamp('2026-03-09 09:24:06.559000'), Timestamp('2026-03-09 09:24:06.807000'), Timestamp('2026-03-09 09:24:06.925000'), Timestamp('2026-03-09 09:24:07.804000'), Timestamp('2026-03-09 09:24:07.925000'), Timestamp('2026-03-09 09:24:08.149000'), Timestamp('2026-03-09 09:24:08.278000'), Timestamp('2026-03-09 09:24:09.199000'), Timestamp('2026-03-09 09:24:09.325000'), Timestamp('2026-03-09 09:24:09.561000'), Timestamp('2026-03-09 09:24:09.698000'), Timestamp('2026-03-09 09:24:10.670000'), Timestamp('2026-03-09 09:24:10.803000')]","[0.127, 0.381, 0.123, 0.248, 0.118, 0.879, 0.121, 0.224, 0.129, 0.921, 0.126, 0.236, 0.137, 0.972, 0.133]","[20.579369164032055, 20.556839440959614, 20.534970762374513, 20.21052631578947, 20.296799570892187, 20.21361390084489, 19.861360718870344, 19.594774726739537, 19.378809112537887, 19.375967413441952, 18.84724758976256, 18.551157580283792, 18.355707642362024, 18.383727322704786, 17.699235344095158, 17.443886981779773]","[2.613579883832071, 7.832155827005613, 2.525801403772065, 5.012210526315788, 2.395022349365278, 17.76776661884266, 2.4032246469833116, 4.389229538789657, 2.4998663755173873, 17.84526598778004, 2.3747531963100825, 4.378073188946975, 2.5147319470035976, 17.86898295766905, 2.353998300764656]",94.77466274889822,9.916598508801512
ADTC_8_adz_raw_20260309_0940,2026-03-09 09:36:59.085,2026-03-09 09:37:09.131,"[Timestamp('2026-03-09 09:37:09.131000'), Timestamp('2026-03-09 09:37:09.233000'), Timestamp('2026-03-09 09:37:09.915000'), Timestamp('2026-03-09 09:37:10.016000'), Timestamp('2026-03-09 09:37:10.214000'), Timestamp('2026-03-09 09:37:10.318000'), Timestamp('2026-03-09 09:37:11.027000'), Timestamp('2026-03-09 09:37:11.130000'), Timestamp('2026-03-09 09:37:11.330000'), Timestamp('2026-03-09 09:37:11.445000'), Timestamp('2026-03-09 09:37:12.180000'), Timestamp('2026-03-09 09:37:12.293000'), Timestamp('2026-03-09 09:37:12.507000'), Timestamp('2026-03-09 09:37:12.618000'), Timestamp('2026-03-09 09:37:13.395000'), Timestamp('2026-03-09 09:37:13.507000')]","[0.102, 0.682, 0.101, 0.198, 0.104, 0.709, 0.103, 0.2, 0.115, 0.735, 0.113, 0.214, 0.111, 0.777, 0.112]","[23.24509717702928, 23.301108145844008, 22.74894290864372, 23.05084745762712, 22.77583276108566, 22.670800526397965, 22.07468177781537, 22.095092804474955, 21.86969720557328, 21.947701762086915, 21.239353891336272, 21.26311038725312, 20.869663845292273, 20.964296612755568, 20.08799001904261, 20.275116415993146]","[2.3709999120569862, 15.891355755465614, 2.297643233773016, 4.56406779661017, 2.3686866071529087, 16.073597573216155, 2.273692223114983, 4.419018560894991, 2.5150151786409274, 16.131560795133883, 2.4000469897209986, 4.550305622872168, 2.3165326868274425, 16.289258468111075, 2.2498548821327726]",96.7116362857241,9.916598508801512
ADTC_8_adz_raw_20260309_1000,2026-03-09 09:55:19.731,2026-03-09 09:55:29.781,"[Timestamp('2026-03-09 09:55:29.781000'), Timestamp('2026-03-09 09:55:29.887000'), Timestamp('2026-03-09 09:55:30.621000'), Timestamp('2026-03-09 09:55:30.734000'), Timestamp('2026-03-09 09:55:30.946000'), Timestamp('2026-03-09 09:55:31.054000'), Timestamp('2026-03-09 09:55:31.805000'), Timestamp('2026-03-09 09:55:31.919000'), Timestamp('2026-03-09 09:55:32.140000'), Timestamp('2026-03-09 09:55:32.257000'), Timestamp('2026-03-09 09:55:33.036000'), Timestamp('2026-03-09 09:55:33.153000'), Timestamp('2026-03-09 09:55:33.385000'), Timestamp('2026-03-09 09:55:33.503000'), Timestamp('2026-03-09 09:55:34.318000'), Timestamp('2026-03-09 09:55:34.449000')]","[0.106, 0.734, 0.113, 0.212, 0.108, 0.751, 0.114, 0.221, 0.117, 0.779, 0.117, 0.232, 0.118, 0.815, 0.131]","[21.96807842151565, 21.801534273694628, 21.554930599655265, 21.44395692062226, 21.483391323938015, 21.177981437160703, 20.735888930875703, 20.47140986468791, 20.58163903084672, 20.65561040545787, 20.000086805932312, 19.76145296828409, 19.80400163331972, 19.68610148124803, 19.09303346262885, 18.8693234476367]","[2.328616312680659, 16.002326156891858, 2.435707157761045, 4.546118867171919, 2.3202062629853057, 15.904664059307688, 2.36389133811983, 4.5241815800960286, 2.4080517666090664, 16.09072050585168, 2.3400101562940807, 4.584657088641909, 2.336872192731727, 16.044172707217143, 2.501187383604379]",96.73138353596431,9.916598508801512
ADTC_8_adz_raw_20260309_1010,2026-03-09 10:04:42.509,2026-03-09 10:04:52.561,"[Timestamp('2026-03-09 10:04:52.561000'), Timestamp('2026-03-09 10:04:52.650000'), Timestamp('2026-03-09 10:04:53.233000'), Timestamp('2026-03-09 10:04:53.326000'), Timestamp('2026-03-09 10:04:53.490000'), Timestamp('2026-03-09 10:04:53.579000'), Timestamp('2026-03-09 10:04:54.172000'), Timestamp('2026-03-09 10:04:54.253000'), Timestamp('2026-03-09 10:04:54.424000'), Timestamp('2026-03-09 10:04:54.512000'), Timestamp('2026-03-09 10:04:55.101000'), Timestamp('2026-03-09 10:04:55.193000'), Timestamp('2026-03-09 10:04:55.350000'), Timestamp('2026-03-09 10:04:55.445000'), Timestamp('2026-03-09 10:04:56.035000'), Timestamp('2026-03-09 10:04:56.119000')]","[0.089, 0.583, 0.093, 0.164, 0.089, 0.593, 0.081, 0.171, 0.088, 0.589, 0.092, 0.157, 0.095, 0.59, 0.084]","[27.080879778463885, 27.314230208839238, 26.967143262948575, 26.89075630252101, 26.971612567180436, 27.197431781701436, 27.23409734741179, 26.778711484593835, 27.29938683017862, 27.124055199495576, 27.389499389499385, 27.197431781701436, 26.93742621015348, 27.21315688038031, 27.318210521202698, 26.853619605020185]","[2.4101983002832856, 15.924196211753275, 2.5079443234542174, 4.410084033613446, 2.4004735184790587, 16.128077046548952, 2.205961885140355, 4.579159663865546, 2.4023460410557185, 15.976068512502893, 2.519833943833943, 4.269996789727125, 2.5590554899645803, 16.055762559424384, 2.2947296837810267]",96.6438880034278,9.916598508801512
ADTC_8_adz_raw_20260309_1020,2026-03-09 10:12:02.304,2026-03-09 10:12:12.356,"[Timestamp('2026-03-09 10:12:12.356000'), Timestamp('2026-03-09 10:12:12.497000'), Timestamp('2026-03-09 10:12:13.447000'), Timestamp('2026-03-09 10:12:13.587000'), Timestamp('2026-03-09 10:12:13.861000'), Timestamp('2026-03-09 10:12:14.009000'), Timestamp('2026-03-09 10:12:14.962000'), Timestamp('2026-03-09 10:12:15.106000'), Timestamp('2026-03-09 10:12:15.379000'), Timestamp('2026-03-09 10:12:15.539000'), Timestamp('2026-03-09 10:12:16.519000'), Timestamp('2026-03-09 10:12:16.668000'), Timestamp('2026-03-09 10:12:16.952000'), Timestamp('2026-03-09 10:12:17.112000'), Timestamp('2026-03-09 10:12:18.141000'), Timestamp('2026-03-09 10:12:18.295000')]","[0.141, 0.95, 0.14, 0.274, 0.148, 0.953, 0.144, 0.273, 0.16, 0.98, 0.149, 0.284, 0.16, 1.029, 0.154]","[16.871913194154878, 16.66912853038794, 16.6974702727556, 16.539541399307886, 16.581126271929037, 16.63536034278924, 16.368298341192272, 16.121190928728137, 16.162028416192637, 16.189307146753954, 15.67398119122257, 15.471404082904783, 15.52224447221336, 15.501709900742345, 15.108918541412821, 14.908593710437028]","[2.3789397603758378, 15.835672103868543, 2.337645838185784, 4.531834343410361, 2.454006688245497, 15.853498406678145, 2.357034961131687, 4.4010851235427815, 2.585924546590822, 15.865521003818875, 2.3354231974921627, 4.393878759544958, 2.483559115554138, 15.95125948786387, 2.3267734553775745]",96.09205679168105,9.916598508801512
ADTC_8_adz_raw_20260309_1030,2026-03-09 10:24:59.002,2026-03-09 10:25:09.078,"[Timestamp('2026-03-09 10:25:09.078000'), Timestamp('2026-03-09 10:25:09.197000'), Timestamp('2026-03-09 10:25:09.566000'), Timestamp('2026-03-09 10:25:09.686000'), Timestamp('2026-03-09 10:25:09.913000'), Timestamp('2026-03-09 10:25:10.032000'), Timestamp('2026-03-09 10:25:10.884000'), Timestamp('2026-03-09 10:25:11'), Timestamp('2026-03-09 10:25:11.218000'), Timestamp('2026-03-09 10:25:11.338000'), Timestamp('2026-03-09 10:25:12.227000'), Timestamp('2026-03-09 10:25:12.349000'), Timestamp('2026-03-09 10:25:12.577000'), Timestamp('2026-03-09 10:25:12.704000'), Timestamp('2026-03-09 10:25:13.633000'), Timestamp('2026-03-09 10:25:13.763000')]","[0.119, 0.369, 0.12, 0.227, 0.119, 0.852, 0.116, 0.218, 0.12, 0.889, 0.122, 0.228, 0.127, 0.929, 0.13]","[21.441498033233124, 21.266866198910748, 21.387636017207754, 21.14547703951677, 21.080033552193907, 21.118895319321755, 20.469176213857068, 20.385473726922292, 20.08930916732335, 20.1682450663986, 19.661079481138003, 19.520259212114198, 19.742576264315396, 19.495798319327733, 18.62481652929886, 18.415201949118597]","[2.5515382659547416, 7.847473627398066, 2.5665163220649303, 4.800023287970307, 2.508523992711075, 17.993298812062136, 2.37442444080742, 4.44403327246906, 2.4107171000788017, 17.929569864028355, 2.3986516966988365, 4.4506191003620375, 2.507307185568055, 18.111596638655463, 2.4212261488088522]",95.31551975563814,9.916598508801512
ADTC_8_adz_raw_20260309_1040,2026-03-09 10:36:07.405,2026-03-09 10:36:17.444,"[Timestamp('2026-03-09 10:36:17.444000'), Timestamp('2026-03-09 10:36:17.526000'), Timestamp('2026-03-09 10:36:18.094000'), Timestamp('2026-03-09 10:36:18.180000'), Timestamp('2026-03-09 10:36:18.331000'), Timestamp('2026-03-09 10:36:18.418000'), Timestamp('2026-03-09 10:36:18.983000'), Timestamp('2026-03-09 10:36:19.069000'), Timestamp('2026-03-09 10:36:19.231000'), Timestamp('2026-03-09 10:36:19.315000'), Timestamp('2026-03-09 10:36:19.882000'), Timestamp('2026-03-09 10:36:19.964000'), Timestamp('2026-03-09 10:36:20.124000'), Timestamp('2026-03-09 10:36:20.211000'), Timestamp('2026-03-09 10:36:20.775000'), Timestamp('2026-03-09 10:36:20.855000')]","[0.082, 0.568, 0.086, 0.151, 0.087, 0.565, 0.086, 0.162, 0.084, 0.567, 0.082, 0.16, 0.087, 0.564, 0.08]","[28.237492538346412, 27.947657468302932, 28.11133405360909, 28.074015801894852, 28.074015801894852, 27.472365512159172, 28.05077805077805, 28.111816155033438, 27.91287369728935, 28.204110510966537, 28.284300963290807, 28.030690537084396, 28.36196062002513, 28.363445928253466, 28.44750381934079, 28.12146165723108]","[2.315474388144406, 15.874269441996065, 2.4175747286103815, 4.239176386086123, 2.442439374764852, 15.52188651436993, 2.4123669123669123, 4.554114217115417, 2.3446813905723056, 15.991730659718025, 2.319312678989846, 4.484910485933503, 2.467490573942186, 15.996983503534953, 2.2758003055472633]",95.65821156169217,9.916598508801512
ADTC_8_adz_raw_20260309_1050,2026-03-09 10:41:11.069,2026-03-09 10:41:21.110,"[Timestamp('2026-03-09 10:41:21.110000'), Timestamp('2026-03-09 10:41:21.212000'), Timestamp('2026-03-09 10:41:21.900000'), Timestamp('2026-03-09 10:41:22.004000'), Timestamp('2026-03-09 10:41:22.204000'), Timestamp('2026-03-09 10:41:22.307000'), Timestamp('2026-03-09 10:41:23.016000'), Timestamp('2026-03-09 10:41:23.122000'), Timestamp('2026-03-09 10:41:23.329000'), Timestamp('2026-03-09 10:41:23.435000'), Timestamp('2026-03-09 10:41:24.176000'), Timestamp('2026-03-09 10:41:24.286000'), Timestamp('2026-03-09 10:41:24.501000'), Timestamp('2026-03-09 10:41:24.613000'), Timestamp('2026-03-09 10:41:25.397000'), Timestamp('2026-03-09 10:41:25.511000')]","[0.102, 0.688, 0.104, 0.2, 0.103, 0.709, 0.106, 0.207, 0.106, 0.741, 0.11, 0.215, 0.112, 0.784, 0.114]","[23.50346414786757, 23.110348903231788, 22.901596833629043, 22.703156011517063, 22.867643305599508, 22.79584915439478, 22.148894045515508, 21.913586673607497, 21.875145984833146, 21.840292858472424, 21.28148475475033, 20.84086799276673, 20.879432624113477, 20.70350263999405, 20.086580086580085, 19.93151127479485]","[2.397353343082492, 15.89992004542347, 2.38176607069742, 4.5406312023034126, 2.3553672604767493, 16.162257050465897, 2.347782768824644, 4.536112441436751, 2.3187654743923134, 16.183657008128066, 2.340963323022536, 4.480786618444847, 2.3384964539007096, 16.231546069755336, 2.28987012987013]",96.80527526022476,9.916598508801512
ADTC_8_adz_raw_20260309_1100,2026-03-09 10:54:04.698,2026-03-09 10:54:14.747,"[Timestamp('2026-03-09 10:54:14.747000'), Timestamp('2026-03-09 10:54:14.859000'), Timestamp('2026-03-09 10:54:15.617000'), Timestamp('2026-03-09 10:54:15.736000'), Timestamp('2026-03-09 10:54:15.960000'), Timestamp('2026-03-09 10:54:16.080000'), Timestamp('2026-03-09 10:54:16.900000'), Timestamp('2026-03-09 10:54:17.028000'), Timestamp('2026-03-09 10:54:17.268000'), Timestamp('2026-03-09 10:54:17.399000'), Timestamp('2026-03-09 10:54:18.279000'), Timestamp('2026-03-09 10:54:18.415000'), Timestamp('2026-03-09 10:54:18.677000'), Timestamp('2026-03-09 10:54:18.817000'), Timestamp('2026-03-09 10:54:19.762000'), Timestamp('2026-03-09 10:54:19.906000')]","[0.112, 0.758, 0.119, 0.224, 0.12, 0.82, 0.128, 0.24, 0.131, 0.88, 0.136, 0.262, 0.14, 0.945, 0.144]","[21.268327150680093, 21.21860437853521, 20.1712721815132, 20.04603473530027, 19.77395377252825, 19.652942038389885, 18.791298452062193, 18.594325400694515, 18.340936462172913, 18.2537848145152, 17.600322645694696, 17.240745577125836, 17.16542881613765, 17.121493425570332, 16.331254122739, 16.13329269531647]","[2.3820526408761706, 16.08370211892969, 2.4003813896000707, 4.490311780707261, 2.3728744527033903, 16.115412471479704, 2.405286201863961, 4.462638096166684, 2.4026626765446517, 16.063330636773376, 2.393643879814479, 4.5170753412069695, 2.403160034259271, 16.179811287163965, 2.351700593674416]",97.02404360176408,9.916598508801512
ADTC_8_adz_raw_20260309_1110,2026-03-09 11:07:25.430,2026-03-09 11:07:35.468,"[Timestamp('2026-03-09 11:07:35.468000'), Timestamp('2026-03-09 11:07:35.572000'), Timestamp('2026-03-09 11:07:36.285000'), Timestamp('2026-03-09 11:07:36.396000'), Timestamp('2026-03-09 11:07:36.604000'), Timestamp('2026-03-09 11:07:36.715000'), Timestamp('2026-03-09 11:07:37.476000'), Timestamp('2026-03-09 11:07:37.590000'), Timestamp('2026-03-09 11:07:37.814000'), Timestamp('2026-03-09 11:07:37.931000'), Timestamp('2026-03-09 11:07:38.750000'), Timestamp('2026-03-09 11:07:38.873000'), Timestamp('2026-03-09 11:07:39.111000'), Timestamp('2026-03-09 11:07:39.243000'), Timestamp('2026-03-09 11:07:40.128000'), Timestamp('2026-03-09 11:07:40.264000')]","[0.104, 0.713, 0.111, 0.208, 0.111, 0.761, 0.114, 0.224, 0.117, 0.819, 0.123, 0.238, 0.132, 0.885, 0.136]","[22.72189349112426, 22.561692126909517, 21.7687074829932, 21.57303370786517, 21.35706340378198, 21.192052980132452, 20.36055143160127, 20.210526315789473, 20.020855057351405, 19.651995905834184, 18.991097922848663, 18.75, 18.408437200383506, 18.250950570342205, 17.188898836168306, 16.856892010535557]","[2.363076923076923, 16.086486486486486, 2.4163265306122454, 4.487191011235955, 2.3706340378197996, 16.127152317880796, 2.3211028632025448, 4.527157894736842, 2.3424400417101143, 16.094984646878196, 2.3359050445103855, 4.4624999999999995, 2.4299137104506228, 16.15209125475285, 2.3376902417188896]",96.85465300507265,9.916598508801512
ADTC_8_adz_raw_20260309_1130,2026-03-09 11:24:18.902,2026-03-09 11:24:28.987,"[Timestamp('2026-03-09 11:24:28.987000'), Timestamp('2026-03-09 11:24:29.092000'), Timestamp('2026-03-09 11:24:29.431000'), Timestamp('2026-03-09 11:24:29.546000'), Timestamp('2026-03-09 11:24:29.761000'), Timestamp('2026-03-09 11:24:29.865000'), Timestamp('2026-03-09 11:24:30.660000'), Timestamp('2026-03-09 11:24:30.769000'), Timestamp('2026-03-09 11:24:30.978000'), Timestamp('2026-03-09 11:24:31.085000'), Timestamp('2026-03-09 11:24:31.928000'), Timestamp('2026-03-09 11:24:32.040000'), Timestamp('2026-03-09 11:24:32.257000'), Timestamp('2026-03-09 11:24:32.378000'), Timestamp('2026-03-09 11:24:33.270000'), Timestamp('2026-03-09 11:24:33.394000')]","[0.105, 0.339, 0.115, 0.215, 0.104, 0.795, 0.109, 0.209, 0.107, 0.843, 0.112, 0.217, 0.121, 0.892, 0.124]","[23.33345146542864, 22.870107770845152, 22.698206859544786, 22.67535248973764, 22.506629770552287, 22.150308707685756, 21.796814597185712, 21.746313531928866, 21.36026136026136, 21.32880927957074, 20.648599142417048, 20.406614258606666, 20.274754683318463, 20.33661217865373, 19.347610774651322, 19.23774372141539]","[2.4500124038700073, 7.752966534316507, 2.6102937888476507, 4.875200785293592, 2.3406894961374376, 17.609495422610177, 2.3758527910932425, 4.544979528173132, 2.285547965547966, 17.980186222678135, 2.3126431039507094, 4.428235294117647, 2.453245316681534, 18.140258063359127, 2.3991037360567637]",94.5587104527336,9.916598508801512
ADTC_8_adz_raw_20260309_1140,2026-03-09 11:37:18.390,2026-03-09 11:37:28.439,"[Timestamp('2026-03-09 11:37:28.439000'), Timestamp('2026-03-09 11:37:28.547000'), Timestamp('2026-03-09 11:37:29.301000'), Timestamp('2026-03-09 11:37:29.417000'), Timestamp('2026-03-09 11:37:29.634000'), Timestamp('2026-03-09 11:37:29.751000'), Timestamp('2026-03-09 11:37:30.532000'), Timestamp('2026-03-09 11:37:30.650000'), Timestamp('2026-03-09 11:37:30.876000'), Timestamp('2026-03-09 11:37:31.001000'), Timestamp('2026-03-09 11:37:31.811000'), Timestamp('2026-03-09 11:37:31.933000'), Timestamp('2026-03-09 11:37:32.170000'), Timestamp('2026-03-09 11:37:32.294000'), Timestamp('2026-03-09 11:37:33.146000'), Timestamp('2026-03-09 11:37:33.279000')]","[0.108, 0.754, 0.116, 0.217, 0.117, 0.781, 0.118, 0.226, 0.125, 0.81, 0.122, 0.237, 0.124, 0.852, 0.133]","[21.309655937846834, 21.192052980132452, 20.66738428417653, 20.600858369098713, 20.490928495197437, 20.36055143160127, 19.91701244813278, 19.732785200411097, 19.571865443425075, 19.591836734693878, 18.991097922848663, 18.860510805500983, 18.786692759295498, 18.604651162790695, 18.11320754716981, 17.87709497206704]","[2.301442841287458, 15.978807947019869, 2.3974165769644777, 4.470386266094421, 2.3974386339381004, 15.901590668080592, 2.350207468879668, 4.459609455292908, 2.4464831804281344, 15.869387755102043, 2.316913946587537, 4.469941060903733, 2.3295499021526416, 15.851162790697671, 2.409056603773585]",95.94939509720282,9.916598508801512
ADTC_8_adz_raw_20260309_1200,2026-03-09 11:52:45.283,2026-03-09 11:52:55.330,"[Timestamp('2026-03-09 11:52:55.330000'), Timestamp('2026-03-09 11:52:55.436000'), Timestamp('2026-03-09 11:52:56.174000'), Timestamp('2026-03-09 11:52:56.287000'), Timestamp('2026-03-09 11:52:56.500000'), Timestamp('2026-03-09 11:52:56.613000'), Timestamp('2026-03-09 11:52:57.382000'), Timestamp('2026-03-09 11:52:57.496000'), Timestamp('2026-03-09 11:52:57.716000'), Timestamp('2026-03-09 11:52:57.839000'), Timestamp('2026-03-09 11:52:58.649000'), Timestamp('2026-03-09 11:52:58.774000'), Timestamp('2026-03-09 11:52:59.017000'), Timestamp('2026-03-09 11:52:59.143000'), Timestamp('2026-03-09 11:53:00.021000'), Timestamp('2026-03-09 11:53:00.150000')]","[0.106, 0.738, 0.113, 0.213, 0.113, 0.769, 0.114, 0.22, 0.123, 0.81, 0.125, 0.243, 0.126, 0.878, 0.129]","[21.744082248283927, 21.55210643015521, 21.12213777412015, 20.984834730092594, 20.869959734588555, 20.814658210007046, 20.211959629270105, 19.985442445669126, 19.69481454049641, 19.667016145942544, 18.793890146769805, 18.649284808980624, 18.534545413885258, 18.30723462682664, 17.456622936944562, 17.09245742092457]","[2.304872718318096, 15.905454545454544, 2.386801568475577, 4.469769797509723, 2.358305450008507, 16.00647216349542, 2.304163397736792, 4.396797338047207, 2.422462188481058, 15.930283078213462, 2.3492362683462256, 4.531776208582292, 2.3353527221495427, 16.073752002353793, 2.2519043588658487]",96.02740380603807,9.916598508801512
ADTC_8_adz_raw_20260309_1210,2026-03-09 12:07:35.152,2026-03-09 12:07:45.198,"[Timestamp('2026-03-09 12:07:45.198000'), Timestamp('2026-03-09 12:07:45.299000'), Timestamp('2026-03-09 12:07:46.007000'), Timestamp('2026-03-09 12:07:46.111000'), Timestamp('2026-03-09 12:07:46.310000'), Timestamp('2026-03-09 12:07:46.419000'), Timestamp('2026-03-09 12:07:47.130000'), Timestamp('2026-03-09 12:07:47.234000'), Timestamp('2026-03-09 12:07:47.434000'), Timestamp('2026-03-09 12:07:47.544000'), Timestamp('2026-03-09 12:07:48.257000'), Timestamp('2026-03-09 12:07:48.366000'), Timestamp('2026-03-09 12:07:48.570000'), Timestamp('2026-03-09 12:07:48.681000'), Timestamp('2026-03-09 12:07:49.414000'), Timestamp('2026-03-09 12:07:49.522000')]","[0.101, 0.708, 0.104, 0.199, 0.109, 0.711, 0.104, 0.2, 0.11, 0.713, 0.109, 0.204, 0.111, 0.733, 0.108]","[22.197985500737794, 22.614872364039954, 22.12028542303772, 22.430028987406033, 22.102820080755414, 22.1455938697318, 21.843710200151172, 22.24824104409474, 21.968998743192294, 22.043889527465225, 21.97532804274377, 22.11993310504101, 21.796814597185712, 21.843710200151172, 21.36301078249849, 21.550151669370848]","[2.2419965355745175, 16.011329633740285, 2.300509683995923, 4.463575768493801, 2.40920738880234, 15.745517241379309, 2.271745860815722, 4.449648208818949, 2.4165898617511523, 15.717293233082705, 2.395310756659071, 4.5124663534283656, 2.4194464202876143, 16.01143957671081, 2.3072051645098366]",95.6732816880504,9.916598508801512
ADTC_8_adz_raw_20260309_1230,2026-03-09 12:23:32.944,2026-03-09 12:23:43.023,"[Timestamp('2026-03-09 12:23:43.023000'), Timestamp('2026-03-09 12:23:43.142000'), Timestamp('2026-03-09 12:23:43.498000'), Timestamp('2026-03-09 12:23:43.608000'), Timestamp('2026-03-09 12:23:43.830000'), Timestamp('2026-03-09 12:23:43.937000'), Timestamp('2026-03-09 12:23:44.756000'), Timestamp('2026-03-09 12:23:44.870000'), Timestamp('2026-03-09 12:23:45.086000'), Timestamp('2026-03-09 12:23:45.202000'), Timestamp('2026-03-09 12:23:46.056000'), Timestamp('2026-03-09 12:23:46.171000'), Timestamp('2026-03-09 12:23:46.399000'), Timestamp('2026-03-09 12:23:46.515000'), Timestamp('2026-03-09 12:23:47.424000'), Timestamp('2026-03-09 12:23:47.545000')]","[0.119, 0.356, 0.11, 0.222, 0.107, 0.819, 0.114, 0.216, 0.116, 0.854, 0.115, 0.228, 0.116, 0.909, 0.121]","[22.404008496269267, 22.236639625099862, 22.57294429708223, 21.993386868209733, 21.968423533108158, 21.702923355165684, 21.078814172089658, 21.105425659906935, 21.08694603848194, 21.047980404399404, 20.27638258200926, 20.12897100130553, 20.04603473530027, 19.817808417626054, 19.27408051809966, 19.036987539797963]","[2.666077011056043, 7.916243706535551, 2.4830238726790452, 4.88253188474256, 2.350621318042573, 17.774694227880694, 2.402984815618221, 4.558771942539898, 2.4460857404639054, 17.97497526535709, 2.331783996931065, 4.589405388297661, 2.3253400292948316, 18.014387851622082, 2.3321637426900588]",95.04909079375128,9.916598508801512
ADTC_8_adz_raw_20260309_1240,2026-03-09 12:37:16.538,2026-03-09 12:37:26.594,"[Timestamp('2026-03-09 12:37:26.594000'), Timestamp('2026-03-09 12:37:26.720000'), Timestamp('2026-03-09 12:37:27.578000'), Timestamp('2026-03-09 12:37:27.710000'), Timestamp('2026-03-09 12:37:27.959000'), Timestamp('2026-03-09 12:37:28.104000'), Timestamp('2026-03-09 12:37:28.995000'), Timestamp('2026-03-09 12:37:29.139000'), Timestamp('2026-03-09 12:37:29.400000'), Timestamp('2026-03-09 12:37:29.545000'), Timestamp('2026-03-09 12:37:30.495000'), Timestamp('2026-03-09 12:37:30.634000'), Timestamp('2026-03-09 12:37:30.919000'), Timestamp('2026-03-09 12:37:31.071000'), Timestamp('2026-03-09 12:37:32.075000'), Timestamp('2026-03-09 12:37:32.229000')]","[0.126, 0.858, 0.132, 0.249, 0.145, 0.891, 0.144, 0.261, 0.145, 0.95, 0.139, 0.285, 0.152, 1.004, 0.154]","[18.60716700473293, 18.640846982173557, 18.233634677960477, 18.268729358595515, 17.961103877010963, 17.72086370138274, 17.33128684413769, 17.360763653844266, 17.09870199078832, 16.76918570591681, 16.329553344133302, 16.410256410256412, 15.974483354375703, 15.908529251857587, 15.471645186928265, 15.459939421600762]","[2.344503042596349, 15.993846710704911, 2.406839777490783, 4.548913610290283, 2.6043600621665894, 15.78928955793202, 2.4957053055558274, 4.531159313653354, 2.4793117886643063, 15.93072642062097, 2.269807914834529, 4.676923076923077, 2.428121469865107, 15.972163368865017, 2.382633358786953]",96.85430477895007,9.916598508801512
ADTC_8_adz_raw_20260309_1300,2026-03-09 12:54:02.938,2026-03-09 12:54:12.979,"[Timestamp('2026-03-09 12:54:12.979000'), Timestamp('2026-03-09 12:54:13.103000'), Timestamp('2026-03-09 12:54:13.946000'), Timestamp('2026-03-09 12:54:14.075000'), Timestamp('2026-03-09 12:54:14.331000'), Timestamp('2026-03-09 12:54:14.468000'), Timestamp('2026-03-09 12:54:15.371000'), Timestamp('2026-03-09 12:54:15.512000'), Timestamp('2026-03-09 12:54:15.779000'), Timestamp('2026-03-09 12:54:15.921000'), Timestamp('2026-03-09 12:54:16.855000'), Timestamp('2026-03-09 12:54:16.994000'), Timestamp('2026-03-09 12:54:17.263000'), Timestamp('2026-03-09 12:54:17.413000'), Timestamp('2026-03-09 12:54:18.368000'), Timestamp('2026-03-09 12:54:18.510000')]","[0.124, 0.843, 0.129, 0.256, 0.137, 0.903, 0.141, 0.267, 0.142, 0.934, 0.139, 0.269, 0.15, 0.955, 0.142]","[19.20768307322929, 19.00271758283928, 18.176476910400172, 17.85003317850033, 17.807117070654975, 17.753977090320422, 17.30184708908113, 16.94012199676335, 17.087260565521433, 16.906434705029554, 17.013261000602775, 16.78085956105961, 16.843192973391886, 16.79327681749789, 16.3153091753399, 15.964464481055455]","[2.381752701080432, 16.019290922333514, 2.344765521441622, 4.569608493696085, 2.439575038679732, 16.03184131255934, 2.439560439560439, 4.523012573135814, 2.426391000304043, 15.790610014497604, 2.364843279083786, 4.514051221925036, 2.526478946008783, 16.037579360710485, 2.316773902898266]",96.72613472791497,9.916598508801512
ADTC_8_adz_raw_20260309_1310,2026-03-09 13:07:04.390,2026-03-09 13:07:14.445,"[Timestamp('2026-03-09 13:07:14.445000'), Timestamp('2026-03-09 13:07:14.578000'), Timestamp('2026-03-09 13:07:15.471000'), Timestamp('2026-03-09 13:07:15.606000'), Timestamp('2026-03-09 13:07:15.865000'), Timestamp('2026-03-09 13:07:16.007000'), Timestamp('2026-03-09 13:07:16.927000'), Timestamp('2026-03-09 13:07:17.064000'), Timestamp('2026-03-09 13:07:17.330000'), Timestamp('2026-03-09 13:07:17.483000'), Timestamp('2026-03-09 13:07:18.433000'), Timestamp('2026-03-09 13:07:18.581000'), Timestamp('2026-03-09 13:07:18.858000'), Timestamp('2026-03-09 13:07:19.013000'), Timestamp('2026-03-09 13:07:20.011000'), Timestamp('2026-03-09 13:07:20.162000')]","[0.133, 0.893, 0.135, 0.259, 0.142, 0.92, 0.137, 0.266, 0.153, 0.95, 0.148, 0.277, 0.155, 0.998, 0.151]","[17.877652933832707, 17.945492662473793, 17.519706672794303, 17.56634590272616, 17.26641046543224, 17.22584133686948, 16.84630517303483, 16.97773329997498, 16.696106661504583, 16.37096352122259, 16.23049219687875, 16.244398952085092, 15.960640150363469, 15.829051463991515, 15.459297983569826, 15.546568897420968]","[2.37772784019975, 16.025324947589098, 2.365160400827231, 4.549683588806075, 2.451830286091378, 15.847774029919922, 2.3079438087057715, 4.5160770577933445, 2.554504319210201, 15.552415345161458, 2.402112845138055, 4.499698509727571, 2.4738992233063377, 15.797393361063532, 2.3343539955190438]",96.05589955905876,9.916598508801512
ADTC_8_adz_raw_20260309_1330,2026-03-09 13:23:17.414,2026-03-09 13:23:27.503,"[Timestamp('2026-03-09 13:23:27.503000'), Timestamp('2026-03-09 13:23:27.612000'), Timestamp('2026-03-09 13:23:27.941000'), Timestamp('2026-03-09 13:23:28.053000'), Timestamp('2026-03-09 13:23:28.269000'), Timestamp('2026-03-09 13:23:28.368000'), Timestamp('2026-03-09 13:23:29.145000'), Timestamp('2026-03-09 13:23:29.250000'), Timestamp('2026-03-09 13:23:29.450000'), Timestamp('2026-03-09 13:23:29.557000'), Timestamp('2026-03-09 13:23:30.360000'), Timestamp('2026-03-09 13:23:30.471000'), Timestamp('2026-03-09 13:23:30.688000'), Timestamp('2026-03-09 13:23:30.802000'), Timestamp('2026-03-09 13:23:31.659000'), Timestamp('2026-03-09 13:23:31.770000')]","[0.109, 0.329, 0.112, 0.216, 0.099, 0.777, 0.105, 0.2, 0.107, 0.803, 0.111, 0.217, 0.114, 0.857, 0.111]","[23.79478107032287, 23.564277711518308, 23.446054750402578, 23.341723685609956, 23.421461342092577, 23.26760563380282, 22.804909013965293, 22.510308428170873, 22.22650974339186, 22.387475538160473, 21.54906584436786, 21.081456340635604, 21.393686718284695, 21.29650124691959, 20.82782314045697, 20.064140323319585]","[2.5936311366651927, 7.752647367089524, 2.625958132045089, 5.04181231609175, 2.318724672867165, 18.07892957746479, 2.3945154464663556, 4.502061685634175, 2.3782365425429286, 17.977142857142862, 2.3919463087248323, 4.574676025917926, 2.4388802858844554, 18.25110156861009, 2.311888368590724]",95.63215229173784,9.916598508801512
ADTC_8_adz_raw_20260309_1340,2026-03-09 13:37:14.918,2026-03-09 13:37:24.962,"[Timestamp('2026-03-09 13:37:24.962000'), Timestamp('2026-03-09 13:37:25.102000'), Timestamp('2026-03-09 13:37:26.024000'), Timestamp('2026-03-09 13:37:26.162000'), Timestamp('2026-03-09 13:37:26.435000'), Timestamp('2026-03-09 13:37:26.585000'), Timestamp('2026-03-09 13:37:27.543000'), Timestamp('2026-03-09 13:37:27.696000'), Timestamp('2026-03-09 13:37:27.976000'), Timestamp('2026-03-09 13:37:28.131000'), Timestamp('2026-03-09 13:37:29.152000'), Timestamp('2026-03-09 13:37:29.305000'), Timestamp('2026-03-09 13:37:29.607000'), Timestamp('2026-03-09 13:37:29.771000'), Timestamp('2026-03-09 13:37:30.854000'), Timestamp('2026-03-09 13:37:31.015000')]","[0.14, 0.922, 0.138, 0.273, 0.15, 0.958, 0.153, 0.28, 0.155, 1.021, 0.153, 0.302, 0.164, 1.083, 0.161]","[17.486396814863966, 17.394957983193276, 17.0063202555718, 17.127905422181477, 16.732051546767394, 16.584317937701393, 16.25881948029599, 16.085863121968742, 15.816172818395746, 15.784268691399387, 15.131611633892108, 15.343137254901961, 14.913880445795343, 14.839981364011038, 14.362316375582989, 14.405424998761724]","[2.4480955540809552, 16.0381512605042, 2.346872195268909, 4.675918180255544, 2.509807732015109, 15.887776584317933, 2.4875993804852863, 4.504041674151249, 2.4515067868513407, 16.115738333918774, 2.3151365799854924, 4.633627450980392, 2.4458763931104364, 16.071699817223955, 2.312332936468861]",97.24418085961844,9.916598508801512
ADTC_8_adz_raw_20260309_1400,2026-03-09 13:53:00.554,2026-03-09 13:53:10.601,"[Timestamp('2026-03-09 13:53:10.601000'), Timestamp('2026-03-09 13:53:10.712000'), Timestamp('2026-03-09 13:53:11.482000'), Timestamp('2026-03-09 13:53:11.595000'), Timestamp('2026-03-09 13:53:11.823000'), Timestamp('2026-03-09 13:53:11.937000'), Timestamp('2026-03-09 13:53:12.727000'), Timestamp('2026-03-09 13:53:12.849000'), Timestamp('2026-03-09 13:53:13.081000'), Timestamp('2026-03-09 13:53:13.211000'), Timestamp('2026-03-09 13:53:14.028000'), Timestamp('2026-03-09 13:53:14.149000'), Timestamp('2026-03-09 13:53:14.386000'), Timestamp('2026-03-09 13:53:14.515000'), Timestamp('2026-03-09 13:53:15.374000'), Timestamp('2026-03-09 13:53:15.504000')]","[0.111, 0.77, 0.113, 0.228, 0.114, 0.79, 0.122, 0.232, 0.13, 0.817, 0.121, 0.237, 0.129, 0.859, 0.13]","[20.9842331581462, 20.805860805860803, 20.320213595190523, 20.168067226890756, 20.213751557035135, 20.043937650381842, 19.69249413012194, 19.65201649401589, 19.523809523809526, 19.509296625485877, 19.13839115516584, 18.84724758976256, 18.49820861720099, 18.6526620789569, 18.191214470284237, 17.900612396688473]","[2.329249880554228, 16.02051282051282, 2.2961841362565294, 4.598319327731092, 2.304367677502005, 15.834710743801656, 2.402484283874877, 4.559267826611687, 2.5380952380952384, 15.939095343021961, 2.3157453297750665, 4.466797678773727, 2.3862689116189277, 16.02263672582398, 2.3648578811369507]",96.37859380509074,9.916598508801512
ADTC_8_adz_raw_20260309_1410,2026-03-09 14:07:30.176,2026-03-09 14:07:40.217,"[Timestamp('2026-03-09 14:07:40.217000'), Timestamp('2026-03-09 14:07:40.349000'), Timestamp('2026-03-09 14:07:41.242000'), Timestamp('2026-03-09 14:07:41.377000'), Timestamp('2026-03-09 14:07:41.634000'), Timestamp('2026-03-09 14:07:41.778000'), Timestamp('2026-03-09 14:07:42.704000'), Timestamp('2026-03-09 14:07:42.840000'), Timestamp('2026-03-09 14:07:43.114000'), Timestamp('2026-03-09 14:07:43.266000'), Timestamp('2026-03-09 14:07:44.228000'), Timestamp('2026-03-09 14:07:44.375000'), Timestamp('2026-03-09 14:07:44.656000'), Timestamp('2026-03-09 14:07:44.816000'), Timestamp('2026-03-09 14:07:45.825000'), Timestamp('2026-03-09 14:07:45.978000')]","[0.132, 0.893, 0.135, 0.257, 0.144, 0.926, 0.136, 0.274, 0.152, 0.962, 0.147, 0.281, 0.16, 1.009, 0.153]","[17.877156966098873, 17.927186497419445, 17.455988098189934, 17.48633879781421, 17.282078204903847, 17.223734769931838, 16.66792262871853, 16.753977729587483, 16.509626475024398, 16.31606307399064, 15.960993084233044, 15.909665088588406, 15.737747212435401, 15.637211597386369, 15.29904761904762, 15.286779248440592]","[2.3597847195250514, 16.008977542195566, 2.356558393255641, 4.493989071038252, 2.488619261506154, 15.949178396956883, 2.26683747750572, 4.590589897906971, 2.5094632242037083, 15.696052677178995, 2.3462659833822572, 4.470615889893343, 2.5180395539896643, 15.777946501762845, 2.340754285714286]",96.17367287601532,9.916598508801512
ADTC_8_adz_raw_20260309_1430,2026-03-09 14:22:49.456,2026-03-09 14:22:59.538,"[Timestamp('2026-03-09 14:22:59.538000'), Timestamp('2026-03-09 14:22:59.661000'), Timestamp('2026-03-09 14:23:00.015000'), Timestamp('2026-03-09 14:23:00.135000'), Timestamp('2026-03-09 14:23:00.362000'), Timestamp('2026-03-09 14:23:00.473000'), Timestamp('2026-03-09 14:23:01.313000'), Timestamp('2026-03-09 14:23:01.427000'), Timestamp('2026-03-09 14:23:01.643000'), Timestamp('2026-03-09 14:23:01.763000'), Timestamp('2026-03-09 14:23:02.642000'), Timestamp('2026-03-09 14:23:02.761000'), Timestamp('2026-03-09 14:23:02.989000'), Timestamp('2026-03-09 14:23:03.116000'), Timestamp('2026-03-09 14:23:04.046000'), Timestamp('2026-03-09 14:23:04.177000')]","[0.123, 0.354, 0.12, 0.227, 0.111, 0.84, 0.114, 0.216, 0.12, 0.879, 0.119, 0.228, 0.127, 0.93, 0.131]","[21.747429345483653, 21.7503309966849, 21.597983540344377, 21.497597851843313, 21.404921700223714, 21.309603496475965, 20.67795038256434, 20.591291553634647, 20.38961038961039, 20.299200643058096, 19.696969696969695, 19.48616600790514, 19.217295566009405, 19.031467872621064, 18.392492081377384, 18.15270231627109]","[2.6749338094944894, 7.699617172826454, 2.591758024841325, 4.879954712368432, 2.3759463087248323, 17.90006693703981, 2.357286343612335, 4.447718975585084, 2.4467532467532465, 17.842997365248067, 2.3439393939393938, 4.442845849802372, 2.4405965368831946, 17.69926512153759, 2.4094164626604373]",94.55309626131705,9.916598508801512
ADTC_8_adz_raw_20260309_1440,2026-03-09 14:36:56.349,2026-03-09 14:37:06.397,"[Timestamp('2026-03-09 14:37:06.397000'), Timestamp('2026-03-09 14:37:06.503000'), Timestamp('2026-03-09 14:37:07.240000'), Timestamp('2026-03-09 14:37:07.347000'), Timestamp('2026-03-09 14:37:07.561000'), Timestamp('2026-03-09 14:37:07.676000'), Timestamp('2026-03-09 14:37:08.438000'), Timestamp('2026-03-09 14:37:08.556000'), Timestamp('2026-03-09 14:37:08.774000'), Timestamp('2026-03-09 14:37:08.898000'), Timestamp('2026-03-09 14:37:09.697000'), Timestamp('2026-03-09 14:37:09.816000'), Timestamp('2026-03-09 14:37:10.049000'), Timestamp('2026-03-09 14:37:10.168000'), Timestamp('2026-03-09 14:37:11.008000'), Timestamp('2026-03-09 14:37:11.132000')]","[0.106, 0.737, 0.107, 0.214, 0.115, 0.762, 0.118, 0.218, 0.124, 0.799, 0.119, 0.233, 0.119, 0.84, 0.124]","[21.820999612553273, 21.69516455230741, 21.123364866042465, 21.145784816022356, 20.848896434634973, 20.80468838048011, 20.2963459604425, 20.31930333817126, 19.962647852251507, 19.917098177967738, 19.316599190283398, 19.374389051808404, 19.106009838169246, 19.067455621301775, 18.533440172931073, 18.497109826589597]","[2.313025958930647, 15.989336275050562, 2.2602000406665437, 4.525197950628784, 2.397623089983022, 15.853172545925842, 2.394968823332215, 4.429608127721335, 2.475368333679187, 15.913761444196224, 2.298675303643724, 4.514232649071358, 2.2736151707421404, 16.01666272189349, 2.298146581443453]",95.95359501690852,9.916598508801512
ADTC_8_adz_raw_20260309_1500,2026-03-09 14:53:26.461,2026-03-09 14:53:36.504,"[Timestamp('2026-03-09 14:53:36.504000'), Timestamp('2026-03-09 14:53:36.644000'), Timestamp('2026-03-09 14:53:37.565000'), Timestamp('2026-03-09 14:53:37.705000'), Timestamp('2026-03-09 14:53:37.977000'), Timestamp('2026-03-09 14:53:38.126000'), Timestamp('2026-03-09 14:53:39.080000'), Timestamp('2026-03-09 14:53:39.226000'), Timestamp('2026-03-09 14:53:39.513000'), Timestamp('2026-03-09 14:53:39.669000'), Timestamp('2026-03-09 14:53:40.672000'), Timestamp('2026-03-09 14:53:40.821000'), Timestamp('2026-03-09 14:53:41.110000'), Timestamp('2026-03-09 14:53:41.274000'), Timestamp('2026-03-09 14:53:42.312000'), Timestamp('2026-03-09 14:53:42.467000')]","[0.14, 0.921, 0.14, 0.272, 0.149, 0.954, 0.146, 0.287, 0.156, 1.003, 0.149, 0.289, 0.164, 1.038, 0.155]","[17.44112366670187, 17.290483230876973, 16.888124222526162, 16.74085966576662, 16.71688116441055, 16.588839389547886, 16.18960677752088, 15.960199004975124, 15.94284391228128, 15.901007787197432, 15.51572878806868, 15.42365538156836, 15.38781643740608, 15.328199486615327, 14.864133428493421, 14.614967838735222]","[2.441757313338262, 15.924535055637692, 2.364337391153663, 4.553513829088521, 2.490815293497172, 15.825752777628683, 2.363682589518048, 4.58057711442786, 2.4870836503158795, 15.948710810559023, 2.3118435894222333, 4.457436405273255, 2.5236018957345974, 15.91067106710671, 2.3039406814164805]",96.48825946411809,9.916598508801512
ADTC_8_adz_raw_20260309_1510,2026-03-09 15:07:30.118,2026-03-09 15:07:40.167,"[Timestamp('2026-03-09 15:07:40.167000'), Timestamp('2026-03-09 15:07:40.276000'), Timestamp('2026-03-09 15:07:41.012000'), Timestamp('2026-03-09 15:07:41.122000'), Timestamp('2026-03-09 15:07:41.335000'), Timestamp('2026-03-09 15:07:41.449000'), Timestamp('2026-03-09 15:07:42.206000'), Timestamp('2026-03-09 15:07:42.326000'), Timestamp('2026-03-09 15:07:42.545000'), Timestamp('2026-03-09 15:07:42.664000'), Timestamp('2026-03-09 15:07:43.450000'), Timestamp('2026-03-09 15:07:43.573000'), Timestamp('2026-03-09 15:07:43.803000'), Timestamp('2026-03-09 15:07:43.924000'), Timestamp('2026-03-09 15:07:44.748000'), Timestamp('2026-03-09 15:07:44.878000')]","[0.109, 0.736, 0.11, 0.213, 0.114, 0.757, 0.12, 0.219, 0.119, 0.786, 0.123, 0.23, 0.121, 0.824, 0.13]","[21.506627999157075, 21.712241247124968, 21.11123999536017, 21.21860437853521, 20.961098398169337, 20.943444705613658, 20.472433784244622, 20.482492254921134, 20.19108280254777, 20.13463542468198, 19.735307540185588, 19.698296181561048, 19.415156844300846, 19.31871095220935, 18.753505408344303, 18.754578754578752]","[2.3442224519081214, 15.980209557883976, 2.3222363994896185, 4.519562732628, 2.3895652173913047, 15.854187642149538, 2.4566920541093547, 4.485665803827728, 2.4027388535031844, 15.825823443800038, 2.4274428274428272, 4.530608121759041, 2.3492339781604024, 15.918617824620505, 2.4379557030847594]",96.2447626117584,9.916598508801512
ADTC_8_adz_raw_20260309_1530,2026-03-09 15:22:38.189,2026-03-09 15:22:47.747,"[Timestamp('2026-03-09 15:22:47.747000'), Timestamp('2026-03-09 15:22:48.230000'), Timestamp('2026-03-09 15:22:48.337000'), Timestamp('2026-03-09 15:22:48.589000'), Timestamp('2026-03-09 15:22:48.696000')]","[0.483, 0.107, 0.252, 0.107]","[20.870452902061047, 20.97069597069597, 20.785453182116413, 20.903189120030326]","[10.080428751695486, 2.243864468864469, 5.237934201893336, 2.236641235843245]",19.798868658296534,9.916598508801512
ADTC_8_adz_raw_20260309_1540,2026-03-09 15:37:02.912,2026-03-09 15:37:12.956,"[Timestamp('2026-03-09 15:37:12.956000'), Timestamp('2026-03-09 15:37:13.056000'), Timestamp('2026-03-09 15:37:13.744000'), Timestamp('2026-03-09 15:37:13.846000'), Timestamp('2026-03-09 15:37:14.045000'), Timestamp('2026-03-09 15:37:14.153000'), Timestamp('2026-03-09 15:37:14.872000'), Timestamp('2026-03-09 15:37:14.978000'), Timestamp('2026-03-09 15:37:15.185000'), Timestamp('2026-03-09 15:37:15.303000'), Timestamp('2026-03-09 15:37:16.063000'), Timestamp('2026-03-09 15:37:16.179000'), Timestamp('2026-03-09 15:37:16.404000'), Timestamp('2026-03-09 15:37:16.523000'), Timestamp('2026-03-09 15:37:17.331000'), Timestamp('2026-03-09 15:37:17.453000'), Timestamp('2026-03-09 15:37:17.695000'), Timestamp('2026-03-09 15:37:17.824000'), Timestamp('2026-03-09 15:37:18.689000'), Timestamp('2026-03-09 15:37:18.820000'), Timestamp('2026-03-09 15:37:19.077000'), Timestamp('2026-03-09 15:37:19.218000'), Timestamp('2026-03-09 15:37:20.156000'), Timestamp('2026-03-09 15:37:20.304000'), Timestamp('2026-03-09 15:37:20.581000'), Timestamp('2026-03-09 15:37:20.743000'), Timestamp('2026-03-09 15:37:21.760000'), Timestamp('2026-03-09 15:37:21.918000'), Timestamp('2026-03-09 15:37:22.229000'), Timestamp('2026-03-09 15:37:22.398000'), Timestamp('2026-03-09 15:37:23.516000'), Timestamp('2026-03-09 15:37:23.688000')]","[0.1, 0.688, 0.102, 0.199, 0.108, 0.719, 0.106, 0.207, 0.118, 0.76, 0.116, 0.225, 0.119, 0.808, 0.122, 0.242, 0.129, 0.865, 0.131, 0.257, 0.141, 0.938, 0.148, 0.277, 0.162, 1.017, 0.158, 0.311, 0.169, 1.1179999999999999, 0.172]","[23.50061199510404, 23.076923076923073, 22.775800711743774, 22.588235294117645, 22.535211267605632, 22.14532871972318, 21.476510067114095, 21.309655937846834, 20.892274211099018, 21.476510067114095, 20.29598308668076, 20.146904512067152, 20.020855057351405, 19.855222337125127, 18.93491124260355, 18.731707317073173, 18.658892128279884, 18.426103646833013, 17.598533455545372, 17.344173441734416, 16.916299559471366, 17.036379769299025, 15.828524319868094, 15.776499589153655, 15.686274509803921, 15.521422797089732, 14.65648854961832, 14.425244177310294, 14.328358208955224, 14.26448736998514, 13.259668508287293, 13.025780189959294]","[2.3500611995104044, 15.876923076923074, 2.3231316725978646, 4.495058823529412, 2.4338028169014083, 15.922491349480968, 2.276510067114094, 4.411098779134295, 2.465288356909684, 16.322147651006713, 2.354334038054968, 4.5330535152151095, 2.382481751824817, 16.043019648397102, 2.3100591715976333, 4.533073170731708, 2.406997084548105, 15.938579654510557, 2.3054078826764437, 4.457452574525745, 2.3851982378854624, 15.980124223602484, 2.342621599340478, 4.370090386195563, 2.541176470588235, 15.785286984640257, 2.3157251908396947, 4.486250939143502, 2.421492537313433, 15.947696879643384, 2.280662983425414]",196.997298717808,9.916598508801512
ADTC_8_adz_raw_20260309_1600,2026-03-09 15:54:02.131,2026-03-09 15:54:12.174,"[Timestamp('2026-03-09 15:54:12.174000'), Timestamp('2026-03-09 15:54:12.279000'), Timestamp('2026-03-09 15:54:12.982000'), Timestamp('2026-03-09 15:54:13.089000'), Timestamp('2026-03-09 15:54:13.290000'), Timestamp('2026-03-09 15:54:13.402000'), Timestamp('2026-03-09 15:54:14.133000'), Timestamp('2026-03-09 15:54:14.247000'), Timestamp('2026-03-09 15:54:14.458000'), Timestamp('2026-03-09 15:54:14.576000'), Timestamp('2026-03-09 15:54:15.344000'), Timestamp('2026-03-09 15:54:15.462000'), Timestamp('2026-03-09 15:54:15.686000'), Timestamp('2026-03-09 15:54:15.810000'), Timestamp('2026-03-09 15:54:16.626000'), Timestamp('2026-03-09 15:54:16.752000')]","[0.105, 0.703, 0.107, 0.201, 0.112, 0.731, 0.114, 0.211, 0.118, 0.768, 0.118, 0.224, 0.124, 0.816, 0.126]","[23.077056427147433, 22.939886716608807, 22.429906542056077, 22.2999222999223, 22.122751963298654, 22.100946305382177, 21.381800865113696, 21.359204078602186, 21.169331310537984, 21.215495516614894, 20.317483068764105, 20.214916480476646, 19.979209979209976, 19.961525991570298, 19.12350597609562, 18.902325581395345]","[2.4230909248504804, 16.12674036177599, 2.4000000000000004, 4.482284382284383, 2.4777482198894494, 16.15579174923437, 2.4375252986229614, 4.506792060585061, 2.497981094643482, 16.29350055676024, 2.397463002114164, 4.528141291626769, 2.477422037422037, 16.28860520912136, 2.409561752988048]",97.90264794191879,9.916598508801512
ADTC_8_adz_raw_20260309_1610,2026-03-09 16:07:38.483,2026-03-09 16:07:48.526,"[Timestamp('2026-03-09 16:07:48.526000'), Timestamp('2026-03-09 16:07:48.621000'), Timestamp('2026-03-09 16:07:49.272000'), Timestamp('2026-03-09 16:07:49.371000'), Timestamp('2026-03-09 16:07:49.561000'), Timestamp('2026-03-09 16:07:49.662000'), Timestamp('2026-03-09 16:07:50.331000'), Timestamp('2026-03-09 16:07:50.428000'), Timestamp('2026-03-09 16:07:50.615000'), Timestamp('2026-03-09 16:07:50.722000'), Timestamp('2026-03-09 16:07:51.414000'), Timestamp('2026-03-09 16:07:51.520000'), Timestamp('2026-03-09 16:07:51.718000'), Timestamp('2026-03-09 16:07:51.825000'), Timestamp('2026-03-09 16:07:52.550000'), Timestamp('2026-03-09 16:07:52.660000'), Timestamp('2026-03-09 16:07:52.874000'), Timestamp('2026-03-09 16:07:52.984000'), Timestamp('2026-03-09 16:07:53.755000'), Timestamp('2026-03-09 16:07:53.869000'), Timestamp('2026-03-09 16:07:54.095000'), Timestamp('2026-03-09 16:07:54.220000'), Timestamp('2026-03-09 16:07:55.024000'), Timestamp('2026-03-09 16:07:55.146000'), Timestamp('2026-03-09 16:07:55.383000'), Timestamp('2026-03-09 16:07:55.508000'), Timestamp('2026-03-09 16:07:56.361000'), Timestamp('2026-03-09 16:07:56.487000'), Timestamp('2026-03-09 16:07:56.736000'), Timestamp('2026-03-09 16:07:56.865000'), Timestamp('2026-03-09 16:07:57.763000'), Timestamp('2026-03-09 16:07:57.903000'), Timestamp('2026-03-09 16:07:58.168000'), Timestamp('2026-03-09 16:07:58.312000'), Timestamp('2026-03-09 16:07:59.277000'), Timestamp('2026-03-09 16:07:59.422000'), Timestamp('2026-03-09 16:07:59.710000'), Timestamp('2026-03-09 16:07:59.869000'), Timestamp('2026-03-09 16:08:00.912000'), Timestamp('2026-03-09 16:08:01.075000'), Timestamp('2026-03-09 16:08:01.389000'), Timestamp('2026-03-09 16:08:01.567000'), Timestamp('2026-03-09 16:08:02.702000'), Timestamp('2026-03-09 16:08:02.883000'), Timestamp('2026-03-09 16:08:03.225000'), Timestamp('2026-03-09 16:08:03.419000'), Timestamp('2026-03-09 16:08:04.683000'), Timestamp('2026-03-09 16:08:04.888000')]","[0.095, 0.651, 0.099, 0.19, 0.101, 0.669, 0.097, 0.187, 0.107, 0.692, 0.106, 0.198, 0.107, 0.725, 0.11, 0.214, 0.11, 0.771, 0.114, 0.226, 0.125, 0.804, 0.122, 0.237, 0.125, 0.853, 0.126, 0.249, 0.129, 0.898, 0.14, 0.265, 0.144, 0.965, 0.145, 0.288, 0.159, 1.043, 0.163, 0.314, 0.178, 1.135, 0.181, 0.342, 0.194, 1.264, 0.205]","[24.00060001500038, 24.307692307692314, 23.851851851851855, 23.940745163156027, 23.41588782266748, 23.30769910722178, 23.193277310924373, 23.2512315270936, 23.16451274886483, 22.939886716608807, 22.429906542056077, 22.48292883587001, 22.201546408290287, 22.32606438213915, 21.525637609536112, 21.580008183430067, 21.09930876577738, 21.265614114276183, 20.274754683318463, 20.448420727889733, 19.856942400492827, 19.698296181561048, 19.144874976140486, 19.220779220779217, 18.88433268858801, 18.9537693926873, 18.30356169163995, 18.461606736711307, 18.045176540422514, 18.114819759679577, 17.50555193553106, 17.39701382778952, 17.021490637928647, 16.902718235332408, 16.162028416192637, 16.121009085833204, 15.763546798029557, 15.560179055545046, 14.84919681693551, 14.872415183457175, 14.360902255639097, 14.139205580717373, 13.522092432706959, 13.417511837602163, 13.12401883830455, 12.888228138937695, 12.159989731906496, 12.009989547278224]","[2.2800570014250363, 15.824307692307697, 2.361333333333334, 4.548741580999645, 2.3650046700894154, 15.592850702731372, 2.249747899159664, 4.3479802955665035, 2.4786028641285367, 15.874401607893294, 2.377570093457944, 4.451619909502262, 2.375565465687061, 16.186396677050883, 2.367820137048972, 4.6181217512540345, 2.320923964235512, 16.395788482106937, 2.3113220338983047, 4.62134308450308, 2.4821178000616033, 15.837430129975084, 2.335674747089139, 4.555324675324674, 2.3605415860735013, 16.167565291962266, 2.3062487731466335, 4.596940077441116, 2.327827773714504, 16.26710814419226, 2.4507772709743487, 4.610208664364223, 2.451094651861725, 16.311123097095773, 2.3434941203479323, 4.642850616719962, 2.5064039408866994, 16.22926675493348, 2.4204190811604884, 4.669938367605553, 2.556240601503759, 16.04799833411422, 2.4474987303199596, 4.58878904845994, 2.5460596546310827, 16.290720367617247, 2.4927978950408316]",300.79195944299755,9.916598508801512
ADTC_8_adz_raw_20260309_1630,2026-03-09 16:23:45.101,2026-03-09 16:23:55.188,"[Timestamp('2026-03-09 16:23:55.188000'), Timestamp('2026-03-09 16:23:55.323000'), Timestamp('2026-03-09 16:23:55.719000'), Timestamp('2026-03-09 16:23:55.853000'), Timestamp('2026-03-09 16:23:56.115000'), Timestamp('2026-03-09 16:23:56.240000'), Timestamp('2026-03-09 16:23:57.172000'), Timestamp('2026-03-09 16:23:57.302000'), Timestamp('2026-03-09 16:23:57.539000'), Timestamp('2026-03-09 16:23:57.679000'), Timestamp('2026-03-09 16:23:58.646000'), Timestamp('2026-03-09 16:23:58.778000'), Timestamp('2026-03-09 16:23:59.028000'), Timestamp('2026-03-09 16:23:59.167000'), Timestamp('2026-03-09 16:24:00.181000'), Timestamp('2026-03-09 16:24:00.322000'), Timestamp('2026-03-09 16:24:00.615000'), Timestamp('2026-03-09 16:24:00.775000'), Timestamp('2026-03-09 16:24:01.237000'), Timestamp('2026-03-09 16:24:01.391000'), Timestamp('2026-03-09 16:24:01.691000'), Timestamp('2026-03-09 16:24:01.840000'), Timestamp('2026-03-09 16:24:02.947000'), Timestamp('2026-03-09 16:24:03.095000'), Timestamp('2026-03-09 16:24:03.380000'), Timestamp('2026-03-09 16:24:03.550000'), Timestamp('2026-03-09 16:24:04.710000'), Timestamp('2026-03-09 16:24:04.873000'), Timestamp('2026-03-09 16:24:05.182000'), Timestamp('2026-03-09 16:24:05.353000'), Timestamp('2026-03-09 16:24:06.614000'), Timestamp('2026-03-09 16:24:06.783000')]","[0.135, 0.396, 0.134, 0.262, 0.125, 0.932, 0.13, 0.237, 0.14, 0.967, 0.132, 0.25, 0.139, 1.014, 0.141, 0.293, 0.16, 0.462, 0.154, 0.3, 0.149, 1.107, 0.148, 0.285, 0.17, 1.16, 0.163, 0.309, 0.171, 1.2610000000000001, 0.169]","[19.247830279652845, 19.146854593033893, 19.009975531714662, 18.922886905455478, 18.945524610264492, 18.853349984967274, 18.408589498455655, 18.269126306412012, 18.13032778114634, 18.235294117647058, 17.632653061224488, 17.413383677255116, 17.251801906533366, 17.282343684737103, 16.87253857202428, 16.72600781299799, 16.73943447856491, 16.570458404074703, 16.411023672667874, 16.1399701613997, 16.136687233032745, 15.992543027397716, 15.560628709086753, 15.177950976618156, 15.011737089201878, 15.268008731506182, 14.37128969147713, 14.212637254257347, 14.244859948880183, 13.897099952444497, 13.264628420932096, 13.03837898044538]","[2.5984570877531343, 7.582154418841422, 2.547336721249765, 4.957796369229335, 2.3681905762830615, 17.5713221859895, 2.393116634799235, 4.329782934619646, 2.5382458893604882, 17.633529411764705, 2.3275102040816327, 4.353345919313779, 2.398000465008138, 17.524296496323423, 2.379027938655423, 4.900720289208412, 2.6783095165703856, 7.6555517826825135, 2.5272976455908527, 4.841991048419909, 2.404366397721879, 17.70374513132927, 2.3029730489448395, 4.325716028336174, 2.5519953051643194, 17.71089012854717, 2.342520219710772, 4.39170491156552, 2.4358710512585113, 17.524243040032513, 2.2417222031375243]",192.04173100149325,9.916598508801512
ADTC_8_adz_raw_20260309_1640,2026-03-09 16:37:04.032,2026-03-09 16:37:14.076,"[Timestamp('2026-03-09 16:37:14.076000'), Timestamp('2026-03-09 16:37:14.181000'), Timestamp('2026-03-09 16:37:14.888000'), Timestamp('2026-03-09 16:37:14.996000'), Timestamp('2026-03-09 16:37:15.197000'), Timestamp('2026-03-09 16:37:15.308000'), Timestamp('2026-03-09 16:37:16.049000'), Timestamp('2026-03-09 16:37:16.163000'), Timestamp('2026-03-09 16:37:16.378000'), Timestamp('2026-03-09 16:37:16.497000'), Timestamp('2026-03-09 16:37:17.276000'), Timestamp('2026-03-09 16:37:17.391000'), Timestamp('2026-03-09 16:37:17.618000'), Timestamp('2026-03-09 16:37:17.741000'), Timestamp('2026-03-09 16:37:18.569000'), Timestamp('2026-03-09 16:37:18.701000'), Timestamp('2026-03-09 16:37:18.944000'), Timestamp('2026-03-09 16:37:19.074000'), Timestamp('2026-03-09 16:37:19.946000'), Timestamp('2026-03-09 16:37:20.080000'), Timestamp('2026-03-09 16:37:20.348000'), Timestamp('2026-03-09 16:37:20.479000'), Timestamp('2026-03-09 16:37:21.406000'), Timestamp('2026-03-09 16:37:21.549000'), Timestamp('2026-03-09 16:37:21.816000'), Timestamp('2026-03-09 16:37:21.977000'), Timestamp('2026-03-09 16:37:22.955000'), Timestamp('2026-03-09 16:37:23.116000'), Timestamp('2026-03-09 16:37:23.410000'), Timestamp('2026-03-09 16:37:23.573000'), Timestamp('2026-03-09 16:37:24.656000'), Timestamp('2026-03-09 16:37:24.821000')]","[0.105, 0.707, 0.108, 0.201, 0.111, 0.741, 0.114, 0.215, 0.119, 0.779, 0.115, 0.227, 0.123, 0.828, 0.132, 0.243, 0.13, 0.872, 0.134, 0.268, 0.131, 0.927, 0.143, 0.267, 0.161, 0.978, 0.161, 0.294, 0.163, 1.083, 0.165]","[22.275700557215536, 22.358389276302233, 22.25158732716666, 22.30112563269623, 22.100946305382177, 22.14771529840023, 21.382543343998805, 21.31409308652197, 20.877557098889458, 20.961796725433608, 20.207398235567247, 20.35954510938672, 19.905799841853746, 19.788730002377633, 18.986866791744838, 18.86530725482036, 18.62731826181129, 18.508722398882583, 17.926421404682273, 18.173424801657596, 17.02213279678068, 17.618797690661715, 17.05285476298652, 16.96689348623653, 16.834184755546538, 16.33247762436689, 15.92898437865459, 15.954799145593604, 15.557666769894551, 15.229245702821544, 14.472307046122758, 14.418604651162791]","[2.338948558507631, 15.807381218345679, 2.403171431333999, 4.482526252171943, 2.4532050398974214, 16.41145703611457, 2.4376099412158636, 4.582530013602224, 2.4844292947678452, 16.329239649112782, 2.3238507970902336, 4.6216167398307855, 2.448413380548011, 16.38506844196868, 2.506266416510319, 4.584269662921348, 2.421551374035468, 16.139605931825614, 2.4021404682274246, 4.870477846844236, 2.2298993963782694, 16.33262545924341, 2.438558231107072, 4.530160560825154, 2.710303745642993, 15.97316311663082, 2.564566484963389, 4.6907109488045196, 2.535899683492812, 16.493273096155733, 2.387930662610255]",201.32085088072643,9.916598508801512
ADTC_8_adz_raw_20260309_1700,2026-03-09 16:54:16.032,2026-03-09 16:54:26.064,"[Timestamp('2026-03-09 16:54:26.064000'), Timestamp('2026-03-09 16:54:26.163000'), Timestamp('2026-03-09 16:54:26.812000'), Timestamp('2026-03-09 16:54:26.911000'), Timestamp('2026-03-09 16:54:27.094000'), Timestamp('2026-03-09 16:54:27.197000'), Timestamp('2026-03-09 16:54:27.866000'), Timestamp('2026-03-09 16:54:27.968000'), Timestamp('2026-03-09 16:54:28.161000'), Timestamp('2026-03-09 16:54:28.264000'), Timestamp('2026-03-09 16:54:28.966000'), Timestamp('2026-03-09 16:54:29.074000'), Timestamp('2026-03-09 16:54:29.276000'), Timestamp('2026-03-09 16:54:29.386000'), Timestamp('2026-03-09 16:54:30.126000'), Timestamp('2026-03-09 16:54:30.242000'), Timestamp('2026-03-09 16:54:30.462000'), Timestamp('2026-03-09 16:54:30.575000'), Timestamp('2026-03-09 16:54:31.369000'), Timestamp('2026-03-09 16:54:31.491000'), Timestamp('2026-03-09 16:54:31.724000'), Timestamp('2026-03-09 16:54:31.853000'), Timestamp('2026-03-09 16:54:32.707000'), Timestamp('2026-03-09 16:54:32.838000'), Timestamp('2026-03-09 16:54:33.096000'), Timestamp('2026-03-09 16:54:33.232000'), Timestamp('2026-03-09 16:54:34.181000'), Timestamp('2026-03-09 16:54:34.321000'), Timestamp('2026-03-09 16:54:34.607000'), Timestamp('2026-03-09 16:54:34.761000'), Timestamp('2026-03-09 16:54:35.821000'), Timestamp('2026-03-09 16:54:35.989000')]","[0.099, 0.649, 0.099, 0.183, 0.103, 0.669, 0.102, 0.193, 0.103, 0.702, 0.108, 0.202, 0.11, 0.74, 0.116, 0.22, 0.113, 0.794, 0.122, 0.233, 0.129, 0.854, 0.131, 0.258, 0.136, 0.949, 0.14, 0.286, 0.154, 1.06, 0.168]","[24.58584189194507, 24.407830974995157, 24.30519946672137, 23.82662142104906, 23.853913301149483, 23.635152322693962, 23.18854108929665, 22.82461371645433, 22.804909013965293, 22.61640798226164, 22.20510845847773, 22.085772764053498, 21.86969720557328, 21.764403820478584, 20.98663965289856, 20.746051305029688, 20.522190349162265, 20.319233195956556, 19.637157665326676, 19.0354910977479, 19.12965469607777, 18.971369712292528, 17.996289424860855, 17.623222772760805, 17.394957983193276, 17.11373662593175, 16.257700382007776, 15.936781894228702, 15.661352005173612, 15.496932898697132, 14.248624222925432, 13.791056588840522]","[2.433998347302562, 15.840682302771858, 2.4062147472054156, 4.360271720051978, 2.4569530700183964, 15.811916903882262, 2.365231191108258, 4.405150447275686, 2.348905628438425, 15.876718403547672, 2.398151713515595, 4.461326098338807, 2.4056666926130608, 16.10565882715415, 2.4344501997362333, 4.564131287106531, 2.319007509455336, 16.133471157589508, 2.3957332351698546, 4.435269425775261, 2.467725455794032, 16.201549734297817, 2.357513914656772, 4.546791475372288, 2.3657142857142857, 16.24093605800923, 2.276078053481089, 4.5579196217494085, 2.4118482087967363, 16.426748872618962, 2.3937688694514727]",198.20550345799896,9.916598508801512
ADTC_8_adz_raw_20260309_1710,2026-03-09 17:07:17.510,2026-03-09 17:07:27.562,"[Timestamp('2026-03-09 17:07:27.562000'), Timestamp('2026-03-09 17:07:27.675000'), Timestamp('2026-03-09 17:07:28.443000'), Timestamp('2026-03-09 17:07:28.557000'), Timestamp('2026-03-09 17:07:28.771000'), Timestamp('2026-03-09 17:07:28.895000'), Timestamp('2026-03-09 17:07:29.677000'), Timestamp('2026-03-09 17:07:29.795000'), Timestamp('2026-03-09 17:07:30.016000'), Timestamp('2026-03-09 17:07:30.142000'), Timestamp('2026-03-09 17:07:30.947000'), Timestamp('2026-03-09 17:07:31.072000'), Timestamp('2026-03-09 17:07:31.302000'), Timestamp('2026-03-09 17:07:31.430000'), Timestamp('2026-03-09 17:07:32.270000'), Timestamp('2026-03-09 17:07:32.394000'), Timestamp('2026-03-09 17:07:32.639000'), Timestamp('2026-03-09 17:07:32.775000'), Timestamp('2026-03-09 17:07:33.658000'), Timestamp('2026-03-09 17:07:33.791000'), Timestamp('2026-03-09 17:07:34.050000'), Timestamp('2026-03-09 17:07:34.188000'), Timestamp('2026-03-09 17:07:35.126000'), Timestamp('2026-03-09 17:07:35.267000'), Timestamp('2026-03-09 17:07:35.539000'), Timestamp('2026-03-09 17:07:35.701000'), Timestamp('2026-03-09 17:07:36.696000'), Timestamp('2026-03-09 17:07:36.844000'), Timestamp('2026-03-09 17:07:37.149000'), Timestamp('2026-03-09 17:07:37.308000'), Timestamp('2026-03-09 17:07:38.395000'), Timestamp('2026-03-09 17:07:38.560000')]","[0.113, 0.768, 0.114, 0.214, 0.124, 0.782, 0.118, 0.221, 0.126, 0.805, 0.125, 0.23, 0.128, 0.84, 0.124, 0.245, 0.136, 0.883, 0.133, 0.259, 0.138, 0.938, 0.141, 0.272, 0.162, 0.995, 0.148, 0.305, 0.159, 1.087, 0.165]","[20.556839440959614, 20.78165486671758, 20.384462797994736, 20.517410663317726, 20.372670807453414, 20.26407784284473, 19.94029644712094, 19.93788819875776, 19.888052499517464, 19.69282558384178, 19.126238252476504, 19.1076747575892, 18.940879798262817, 18.883163904748642, 18.479461089825776, 18.625657701601067, 18.220517530117228, 18.121013323646, 17.634199659946564, 17.66665763740282, 17.251356238698012, 17.285775409389707, 16.540228656907786, 16.62548281073819, 16.34782608695652, 15.907480931121396, 15.387144501068551, 15.561773399014779, 15.121147778461296, 14.918640089256822, 14.275732139856181, 14.196340743655322]","[2.3229228568284364, 15.960310937639102, 2.3238287589714, 4.390725881949994, 2.526211180124223, 15.84650887310458, 2.3529549807602708, 4.406273291925466, 2.5058946149392005, 15.852724594992635, 2.390779781559563, 4.394765194245516, 2.4244326141776407, 15.861857679988859, 2.291453175138396, 4.563286136892262, 2.477990384095943, 16.00085476477942, 2.345348554772893, 4.57566432808733, 2.380687160940326, 16.214057334007546, 2.3321722406239975, 4.522131324520788, 2.6483478260869564, 15.82794352646579, 2.2772973861581454, 4.746340886699508, 2.4042624967753463, 16.216561777022164, 2.35549580307627]",197.74008634735003,9.916598508801512
ADTC_8_adz_raw_20260309_1730,2026-03-09 17:24:26.189,2026-03-09 17:24:36.288,"[Timestamp('2026-03-09 17:24:36.288000'), Timestamp('2026-03-09 17:24:36.416000'), Timestamp('2026-03-09 17:24:36.792000'), Timestamp('2026-03-09 17:24:36.927000'), Timestamp('2026-03-09 17:24:37.163000'), Timestamp('2026-03-09 17:24:37.286000'), Timestamp('2026-03-09 17:24:38.182000'), Timestamp('2026-03-09 17:24:38.299000'), Timestamp('2026-03-09 17:24:38.528000'), Timestamp('2026-03-09 17:24:38.654000'), Timestamp('2026-03-09 17:24:39.580000'), Timestamp('2026-03-09 17:24:39.705000'), Timestamp('2026-03-09 17:24:39.942000'), Timestamp('2026-03-09 17:24:40.078000'), Timestamp('2026-03-09 17:24:41.043000'), Timestamp('2026-03-09 17:24:41.172000'), Timestamp('2026-03-09 17:24:41.425000'), Timestamp('2026-03-09 17:24:41.564000'), Timestamp('2026-03-09 17:24:42.576000'), Timestamp('2026-03-09 17:24:42.713000'), Timestamp('2026-03-09 17:24:42.976000'), Timestamp('2026-03-09 17:24:43.130000'), Timestamp('2026-03-09 17:24:44.198000'), Timestamp('2026-03-09 17:24:44.347000'), Timestamp('2026-03-09 17:24:44.634000'), Timestamp('2026-03-09 17:24:44.801000'), Timestamp('2026-03-09 17:24:45.960000'), Timestamp('2026-03-09 17:24:46.120000'), Timestamp('2026-03-09 17:24:46.470000'), Timestamp('2026-03-09 17:24:46.661000'), Timestamp('2026-03-09 17:24:47.220000'), Timestamp('2026-03-09 17:24:47.410000')]","[0.128, 0.376, 0.135, 0.236, 0.123, 0.896, 0.117, 0.229, 0.126, 0.926, 0.125, 0.237, 0.136, 0.965, 0.129, 0.253, 0.139, 1.012, 0.137, 0.263, 0.154, 1.068, 0.149, 0.287, 0.167, 1.159, 0.16, 0.35, 0.191, 0.559, 0.19]","[20.515162169690267, 20.56357388316151, 20.217784556450184, 20.09607055673675, 19.967050215989723, 19.901315789473685, 19.634857895727457, 19.325811811026803, 19.192790719969324, 19.35209659856786, 19.073724007561438, 18.821579438069037, 18.5530582578553, 18.579234972677597, 18.14738328857122, 17.843250848299263, 17.80733453331318, 17.762028076870656, 17.140672782874617, 16.95052363677094, 16.816287565860733, 16.895521836019494, 15.874013682044161, 15.700683033115627, 15.570672713529856, 15.576741749607123, 14.415940807764926, 14.243354749653257, 14.150741238579469, 14.071932640566098, 13.610258262597075, 13.33287070770156]","[2.6259407577203544, 7.731903780068728, 2.7294009151207748, 4.7426726513898725, 2.455947176566736, 17.83157894736842, 2.2972783738001126, 4.425610904725138, 2.418291630716135, 17.92004145027384, 2.3842155009451798, 4.4607143268223615, 2.5232159230683213, 17.92896174863388, 2.3410124442256874, 4.5143424646197134, 2.4752195001305326, 17.975172413793103, 2.348272171253823, 4.457987716470757, 2.589708285142553, 18.04441732086882, 2.36522803862458, 4.506096030504184, 2.6003023431594863, 18.053443687794655, 2.3065505292423882, 4.985174162378639, 2.7027915765686785, 7.86621034607645, 2.585949069893444]",195.1936521879674,9.916598508801512
ADTC_8_adz_raw_20260309_1740,2026-03-09 17:31:58.771,2026-03-09 17:32:08.810,"[Timestamp('2026-03-09 17:32:08.810000'), Timestamp('2026-03-09 17:32:08.900000'), Timestamp('2026-03-09 17:32:09.497000'), Timestamp('2026-03-09 17:32:09.588000'), Timestamp('2026-03-09 17:32:09.756000'), Timestamp('2026-03-09 17:32:09.846000'), Timestamp('2026-03-09 17:32:10.443000'), Timestamp('2026-03-09 17:32:10.533000'), Timestamp('2026-03-09 17:32:10.699000'), Timestamp('2026-03-09 17:32:10.793000'), Timestamp('2026-03-09 17:32:11.390000'), Timestamp('2026-03-09 17:32:11.481000'), Timestamp('2026-03-09 17:32:11.644000'), Timestamp('2026-03-09 17:32:11.738000'), Timestamp('2026-03-09 17:32:12.337000'), Timestamp('2026-03-09 17:32:12.425000'), Timestamp('2026-03-09 17:32:12.597000'), Timestamp('2026-03-09 17:32:12.687000'), Timestamp('2026-03-09 17:32:13.282000'), Timestamp('2026-03-09 17:32:13.371000'), Timestamp('2026-03-09 17:32:13.539000'), Timestamp('2026-03-09 17:32:13.630000'), Timestamp('2026-03-09 17:32:14.228000'), Timestamp('2026-03-09 17:32:14.325000'), Timestamp('2026-03-09 17:32:14.495000'), Timestamp('2026-03-09 17:32:14.585000'), Timestamp('2026-03-09 17:32:15.178000'), Timestamp('2026-03-09 17:32:15.277000'), Timestamp('2026-03-09 17:32:15.443000'), Timestamp('2026-03-09 17:32:15.532000'), Timestamp('2026-03-09 17:32:16.130000'), Timestamp('2026-03-09 17:32:16.224000')]","[0.09, 0.597, 0.091, 0.168, 0.09, 0.597, 0.09, 0.166, 0.094, 0.597, 0.091, 0.163, 0.094, 0.599, 0.088, 0.172, 0.09, 0.595, 0.089, 0.168, 0.091, 0.598, 0.097, 0.17, 0.09, 0.593, 0.099, 0.166, 0.089, 0.598, 0.094]","[26.894132603014917, 26.823176823176816, 26.931067044381486, 26.820874206915928, 26.9403948487043, 26.78704856787048, 26.85446009389671, 26.74426725643115, 26.853619605020185, 26.921173559561684, 27.122106943335986, 26.907857546636507, 26.932762528330393, 26.80123352957667, 26.98353795744345, 26.86497064579256, 26.971612567180436, 27.125777140124338, 26.971612567180436, 26.951851443511675, 26.907857546636507, 26.679841897233196, 26.61145617667357, 26.97309311013382, 27.200924677326135, 27.008060692271208, 26.93742621015348, 27.06372840976772, 27.251453523437313, 26.94487904208565, 27.09252153422389, 26.98412698412698]","[2.4204719342713426, 16.01343656343656, 2.4507271010387153, 4.505906866761876, 2.424635536383387, 15.991867995018676, 2.4169014084507037, 4.439548364567571, 2.5242402428718975, 16.071940615058324, 2.4681117318435746, 4.385980780101751, 2.531679677663057, 16.053938884216425, 2.3745513402550236, 4.62077495107632, 2.4274451310462393, 16.13983739837398, 2.4004735184790587, 4.527911042509961, 2.448615036743922, 15.95454545454545, 2.5813112491373364, 4.58542582872275, 2.448083220959352, 16.015779990516826, 2.6668051948051947, 4.492578916021442, 2.425379363585921, 16.113037667167216, 2.5466970242170457]",199.4686400298469,9.916598508801512
ADTC_8_adz_raw_20260309_1800,2026-03-09 17:54:29.978,2026-03-09 17:54:40.025,"[Timestamp('2026-03-09 17:54:40.025000'), Timestamp('2026-03-09 17:54:40.134000'), Timestamp('2026-03-09 17:54:40.869000'), Timestamp('2026-03-09 17:54:40.980000'), Timestamp('2026-03-09 17:54:41.191000'), Timestamp('2026-03-09 17:54:41.305000'), Timestamp('2026-03-09 17:54:42.066000'), Timestamp('2026-03-09 17:54:42.182000'), Timestamp('2026-03-09 17:54:42.399000'), Timestamp('2026-03-09 17:54:42.521000'), Timestamp('2026-03-09 17:54:43.330000'), Timestamp('2026-03-09 17:54:43.452000'), Timestamp('2026-03-09 17:54:43.685000'), Timestamp('2026-03-09 17:54:43.818000'), Timestamp('2026-03-09 17:54:44.686000'), Timestamp('2026-03-09 17:54:44.821000'), Timestamp('2026-03-09 17:54:45.076000'), Timestamp('2026-03-09 17:54:45.224000'), Timestamp('2026-03-09 17:54:46.178000'), Timestamp('2026-03-09 17:54:46.326000'), Timestamp('2026-03-09 17:54:46.611000'), Timestamp('2026-03-09 17:54:46.775000'), Timestamp('2026-03-09 17:54:47.839000'), Timestamp('2026-03-09 17:54:48.005000'), Timestamp('2026-03-09 17:54:48.327000'), Timestamp('2026-03-09 17:54:48.508000'), Timestamp('2026-03-09 17:54:49.652000'), Timestamp('2026-03-09 17:54:49.827000'), Timestamp('2026-03-09 17:54:50.157000'), Timestamp('2026-03-09 17:54:50.337000'), Timestamp('2026-03-09 17:54:51.521000'), Timestamp('2026-03-09 17:54:51.700000')]","[0.109, 0.735, 0.111, 0.211, 0.114, 0.761, 0.116, 0.217, 0.122, 0.809, 0.122, 0.233, 0.133, 0.868, 0.135, 0.255, 0.148, 0.954, 0.148, 0.285, 0.164, 1.064, 0.166, 0.322, 0.181, 1.144, 0.175, 0.33, 0.18, 1.184, 0.179]","[22.07188160676533, 21.819196140316436, 21.501881113619262, 21.333754740834387, 21.36301078249849, 21.14547703951677, 20.783992127275706, 20.403848759994577, 20.2575825702164, 19.97300944669366, 19.355546793383922, 18.992008390798304, 18.715228164047062, 18.718002318466013, 17.7625633301383, 17.438821572820146, 17.26668974240361, 17.00158919722032, 15.973421926910296, 15.561160151324081, 15.440828517125015, 15.017465582528548, 14.30751291021156, 14.087855297157622, 14.087491279295108, 14.028795409130502, 13.793359716106496, 13.780575961841445, 13.724656638325701, 13.726620469736922, 13.144941499312086, 12.817911990944175]","[2.405835095137421, 16.03710916313258, 2.386708803611738, 4.501422250316056, 2.435383229204828, 16.09170802707226, 2.410943086763982, 4.4276351809188235, 2.4714250735664005, 16.158164642375173, 2.3613767087928386, 4.425137955056005, 2.4891253458182594, 16.2472260124285, 2.3979460495686706, 4.4468995010691375, 2.5554700818757343, 16.219516094148183, 2.364066445182724, 4.4349306431273625, 2.5322958768085027, 15.978583379810376, 2.375047143095119, 4.536289405684754, 2.5498359215524142, 16.048941948045293, 2.4138379503186367, 4.547590067407677, 2.4704381948986263, 16.252318636168514, 2.3529445283768635]",199.32615244133348,9.916598508801512
ADTC_8_adz_raw_20260309_1810,2026-03-09 18:03:51.776,2026-03-09 18:04:01.816,"[Timestamp('2026-03-09 18:04:01.816000'), Timestamp('2026-03-09 18:04:01.909000'), Timestamp('2026-03-09 18:04:02.527000'), Timestamp('2026-03-09 18:04:02.615000'), Timestamp('2026-03-09 18:04:02.791000'), Timestamp('2026-03-09 18:04:02.885000'), Timestamp('2026-03-09 18:04:03.503000'), Timestamp('2026-03-09 18:04:03.594000'), Timestamp('2026-03-09 18:04:03.773000'), Timestamp('2026-03-09 18:04:03.861000'), Timestamp('2026-03-09 18:04:04.480000'), Timestamp('2026-03-09 18:04:04.569000'), Timestamp('2026-03-09 18:04:04.750000'), Timestamp('2026-03-09 18:04:04.839000'), Timestamp('2026-03-09 18:04:05.460000'), Timestamp('2026-03-09 18:04:05.549000'), Timestamp('2026-03-09 18:04:05.719000'), Timestamp('2026-03-09 18:04:05.815000'), Timestamp('2026-03-09 18:04:06.435000'), Timestamp('2026-03-09 18:04:06.525000'), Timestamp('2026-03-09 18:04:06.701000'), Timestamp('2026-03-09 18:04:06.794000'), Timestamp('2026-03-09 18:04:07.413000'), Timestamp('2026-03-09 18:04:07.504000'), Timestamp('2026-03-09 18:04:07.672000'), Timestamp('2026-03-09 18:04:07.771000'), Timestamp('2026-03-09 18:04:08.389000'), Timestamp('2026-03-09 18:04:08.479000'), Timestamp('2026-03-09 18:04:08.648000'), Timestamp('2026-03-09 18:04:08.745000'), Timestamp('2026-03-09 18:04:09.365000'), Timestamp('2026-03-09 18:04:09.454000')]","[0.093, 0.618, 0.088, 0.176, 0.094, 0.618, 0.091, 0.179, 0.088, 0.619, 0.089, 0.181, 0.089, 0.621, 0.089, 0.17, 0.096, 0.62, 0.09, 0.176, 0.093, 0.619, 0.091, 0.168, 0.099, 0.618, 0.09, 0.169, 0.097, 0.62, 0.089]","[25.807197571903444, 25.924576160002328, 26.062356338775274, 25.703225806451606, 25.70396283764409, 25.75577757158578, 25.849097629919548, 25.634590154583314, 25.738930419781482, 25.7083859125846, 25.56632008964666, 25.63788062468801, 26.051608342170375, 25.846849589076832, 26.383383542096084, 25.87901907356948, 25.668449197860955, 25.772229989766057, 25.87770285980004, 25.876762789075613, 25.91135588775242, 25.81111456428566, 26.016260162601625, 25.772972972972966, 25.668632707774798, 25.95523598658395, 26.051608342170375, 25.806638098610378, 25.774087528109327, 25.945945945945937, 25.738930419781482, 25.774087528109327]","[2.4000693741870203, 16.02138806688144, 2.293487357812224, 4.523767741935482, 2.4161725067385444, 15.917070539240013, 2.352267884322679, 4.5885916376704134, 2.2650258769407703, 15.913490879889867, 2.2754024879785524, 4.640456393068529, 2.3185931424531634, 16.050893594816714, 2.348121135246551, 4.399433242506812, 2.4641711229946517, 15.978782593654955, 2.3289932573820034, 4.5543102508773075, 2.409756097560975, 15.977079915292823, 2.3674796747967477, 4.329859459459459, 2.541194638069705, 16.04033583970888, 2.3446447507953336, 4.361321838665154, 2.5000864902266047, 16.086486486486482, 2.290764807360552]",197.29949908502047,9.916598508801512
ADTC_8_adz_raw_20260309_1830,2026-03-09 18:24:52.755,2026-03-09 18:25:02.855,"[Timestamp('2026-03-09 18:25:02.855000'), Timestamp('2026-03-09 18:25:02.976000'), Timestamp('2026-03-09 18:25:03.354000'), Timestamp('2026-03-09 18:25:03.470000'), Timestamp('2026-03-09 18:25:03.713000'), Timestamp('2026-03-09 18:25:03.830000'), Timestamp('2026-03-09 18:25:04.701000'), Timestamp('2026-03-09 18:25:04.821000'), Timestamp('2026-03-09 18:25:05.044000'), Timestamp('2026-03-09 18:25:05.171000'), Timestamp('2026-03-09 18:25:06.084000'), Timestamp('2026-03-09 18:25:06.195000'), Timestamp('2026-03-09 18:25:06.441000'), Timestamp('2026-03-09 18:25:06.569000'), Timestamp('2026-03-09 18:25:07.532000'), Timestamp('2026-03-09 18:25:07.657000'), Timestamp('2026-03-09 18:25:07.942000'), Timestamp('2026-03-09 18:25:08.095000'), Timestamp('2026-03-09 18:25:08.532000'), Timestamp('2026-03-09 18:25:08.687000'), Timestamp('2026-03-09 18:25:08.973000'), Timestamp('2026-03-09 18:25:09.115000'), Timestamp('2026-03-09 18:25:10.186000'), Timestamp('2026-03-09 18:25:10.337000'), Timestamp('2026-03-09 18:25:10.613000'), Timestamp('2026-03-09 18:25:10.777000'), Timestamp('2026-03-09 18:25:11.932000'), Timestamp('2026-03-09 18:25:12.089000'), Timestamp('2026-03-09 18:25:12.399000'), Timestamp('2026-03-09 18:25:12.574000'), Timestamp('2026-03-09 18:25:13.857000'), Timestamp('2026-03-09 18:25:14.039000')]","[0.121, 0.378, 0.116, 0.243, 0.117, 0.871, 0.12, 0.223, 0.127, 0.913, 0.111, 0.246, 0.128, 0.963, 0.125, 0.285, 0.153, 0.437, 0.155, 0.286, 0.142, 1.071, 0.151, 0.276, 0.164, 1.155, 0.157, 0.31, 0.175, 1.283, 0.182]","[21.076375835044388, 20.587315889156535, 20.895267869830892, 20.296799570892187, 20.388047453072225, 20.372670807453414, 19.876543209876544, 19.701447298628473, 19.55975624922273, 19.651503314937898, 18.852522140931846, 18.823818897637793, 18.720563806453825, 18.546365914786968, 18.014364174059992, 17.744977449774495, 17.492142409085933, 17.556517556517555, 17.3353542267638, 17.054146156758804, 16.88718361284733, 16.742997901651307, 16.01389028014291, 15.810276679841895, 15.510342577487766, 15.5250926818563, 14.63754776448275, 14.312376686396846, 14.169934640522875, 13.923476332106668, 13.120263480701045, 12.810043073769835]","[2.550241476040371, 7.78200540610117, 2.4238510729003835, 4.932122295726801, 2.3854015520094505, 17.744596273291922, 2.3851851851851853, 4.393422747594149, 2.4840890436512866, 17.941822526538303, 2.092629957643435, 4.630659448818897, 2.39623216722609, 17.86015037593985, 2.251795521757499, 5.05731857318573, 2.6762977885901478, 7.672198172198171, 2.686979905148389, 4.877485800833018, 2.397980073024321, 17.93175075266855, 2.4180974323015794, 4.363636363636363, 2.543696182707994, 17.931482047544026, 2.298094999023792, 4.436836772783022, 2.479738562091503, 17.863820134092855, 2.38788795348759]",194.27750656374187,9.916598508801512
ADTC_8_adz_raw_20260309_1840,2026-03-09 18:37:38.003,2026-03-09 18:37:48.051,"[Timestamp('2026-03-09 18:37:48.051000'), Timestamp('2026-03-09 18:37:48.168000'), Timestamp('2026-03-09 18:37:48.936000'), Timestamp('2026-03-09 18:37:49.051000'), Timestamp('2026-03-09 18:37:49.270000'), Timestamp('2026-03-09 18:37:49.390000'), Timestamp('2026-03-09 18:37:50.185000'), Timestamp('2026-03-09 18:37:50.304000'), Timestamp('2026-03-09 18:37:50.536000'), Timestamp('2026-03-09 18:37:50.659000'), Timestamp('2026-03-09 18:37:51.488000'), Timestamp('2026-03-09 18:37:51.613000'), Timestamp('2026-03-09 18:37:51.848000'), Timestamp('2026-03-09 18:37:51.985000'), Timestamp('2026-03-09 18:37:52.850000'), Timestamp('2026-03-09 18:37:52.976000'), Timestamp('2026-03-09 18:37:53.237000'), Timestamp('2026-03-09 18:37:53.371000'), Timestamp('2026-03-09 18:37:54.288000'), Timestamp('2026-03-09 18:37:54.421000'), Timestamp('2026-03-09 18:37:54.690000'), Timestamp('2026-03-09 18:37:54.839000'), Timestamp('2026-03-09 18:37:55.812000'), Timestamp('2026-03-09 18:37:55.959000'), Timestamp('2026-03-09 18:37:56.249000'), Timestamp('2026-03-09 18:37:56.407000'), Timestamp('2026-03-09 18:37:57.467000'), Timestamp('2026-03-09 18:37:57.625000'), Timestamp('2026-03-09 18:37:57.938000'), Timestamp('2026-03-09 18:37:58.108000'), Timestamp('2026-03-09 18:37:59.271000'), Timestamp('2026-03-09 18:37:59.449000')]","[0.117, 0.768, 0.115, 0.219, 0.12, 0.795, 0.119, 0.232, 0.123, 0.829, 0.125, 0.235, 0.137, 0.865, 0.126, 0.261, 0.134, 0.917, 0.133, 0.269, 0.149, 0.973, 0.147, 0.29, 0.158, 1.06, 0.158, 0.313, 0.17, 1.163, 0.178]","[20.984834730092594, 20.983631620689323, 20.493752904830902, 20.538729783904003, 20.317483068764105, 20.298251260594355, 19.734473637508344, 19.917355371900825, 19.537888198757763, 19.55850622406639, 18.986866791744838, 19.0329476861167, 19.0354910977479, 18.5720700493938, 18.18455517085654, 18.40980797375911, 17.8354321200621, 17.85003317850033, 17.124542124542124, 17.359912101710876, 17.103042148414197, 16.920095408467503, 16.08044712801059, 16.25881948029599, 15.803336259877085, 15.71299987141571, 14.806569915949598, 14.9000115593573, 14.60144441411473, 14.414544405165573, 13.506625085089205, 13.457714766234684]","[2.455225663420834, 16.1154290846894, 2.356781584055554, 4.497981822674976, 2.4380979682516926, 16.137109752172513, 2.3484023628634927, 4.620826446280992, 2.4031602484472048, 16.214001659751037, 2.3733583489681047, 4.472742706237424, 2.6078622803914624, 16.064840592725638, 2.291253951527924, 4.804959881151128, 2.389947904088322, 16.3684804246848, 2.2775641025641025, 4.669816355360226, 2.5483532801137154, 16.46325283243888, 2.3638257278175567, 4.7150576492858365, 2.4969271290605795, 16.65577986370065, 2.3394380467200366, 4.663703618078834, 2.4822455503995045, 16.76411514320756, 2.404179265145878]",201.80472124627585,9.916598508801512
ADTC_8_adz_raw_20260309_1900,2026-03-09 18:55:14.368,2026-03-09 18:55:24.419,"[Timestamp('2026-03-09 18:55:24.419000'), Timestamp('2026-03-09 18:55:24.519000'), Timestamp('2026-03-09 18:55:25.231000'), Timestamp('2026-03-09 18:55:25.335000'), Timestamp('2026-03-09 18:55:25.540000'), Timestamp('2026-03-09 18:55:25.651000'), Timestamp('2026-03-09 18:55:26.389000'), Timestamp('2026-03-09 18:55:26.501000'), Timestamp('2026-03-09 18:55:26.713000'), Timestamp('2026-03-09 18:55:26.830000'), Timestamp('2026-03-09 18:55:27.602000'), Timestamp('2026-03-09 18:55:27.720000'), Timestamp('2026-03-09 18:55:27.947000'), Timestamp('2026-03-09 18:55:28.065000'), Timestamp('2026-03-09 18:55:28.887000'), Timestamp('2026-03-09 18:55:29.006000'), Timestamp('2026-03-09 18:55:29.245000'), Timestamp('2026-03-09 18:55:29.377000'), Timestamp('2026-03-09 18:55:30.243000'), Timestamp('2026-03-09 18:55:30.377000'), Timestamp('2026-03-09 18:55:30.632000'), Timestamp('2026-03-09 18:55:30.778000'), Timestamp('2026-03-09 18:55:31.707000'), Timestamp('2026-03-09 18:55:31.851000'), Timestamp('2026-03-09 18:55:32.127000'), Timestamp('2026-03-09 18:55:32.285000'), Timestamp('2026-03-09 18:55:33.289000'), Timestamp('2026-03-09 18:55:33.444000'), Timestamp('2026-03-09 18:55:33.744000'), Timestamp('2026-03-09 18:55:33.912000'), Timestamp('2026-03-09 18:55:35.009000'), Timestamp('2026-03-09 18:55:35.180000')]","[0.1, 0.712, 0.104, 0.205, 0.111, 0.738, 0.112, 0.212, 0.117, 0.772, 0.118, 0.227, 0.118, 0.822, 0.119, 0.239, 0.132, 0.866, 0.134, 0.255, 0.146, 0.929, 0.144, 0.276, 0.158, 1.004, 0.155, 0.3, 0.168, 1.097, 0.171]","[22.918091070696022, 22.649572649572654, 22.17137370989679, 21.921921921921925, 21.796814597185712, 21.769155221440066, 21.056277056277057, 21.036866359447004, 20.826744974023043, 20.694365078258926, 20.147104162078833, 19.98873337088876, 19.87611719570482, 19.722587830312847, 19.126238252476504, 18.867793390248703, 18.604930667187475, 18.58229156136627, 17.780765629341012, 17.521982414068745, 17.298701298701296, 17.317593218576107, 16.410687986534818, 16.13559322033898, 16.016564253272776, 15.948646681225597, 15.178102737157857, 14.896782861187756, 14.746578574799436, 14.67591619367949, 13.853275389238139, 13.640326799496238]","[2.2918091070696023, 16.12649572649573, 2.305822865829266, 4.493993993993994, 2.4194464202876143, 16.065636553422767, 2.3583030303030306, 4.459815668202765, 2.436729161960696, 15.976049840415891, 2.377358291125302, 4.537442475191749, 2.3453818290931685, 16.211967196517158, 2.276022352044704, 4.50940262026944, 2.4558508480687467, 16.092264492143187, 2.382622594331696, 4.46810551558753, 2.525610389610389, 16.088044100057203, 2.3631390700610138, 4.453423728813559, 2.530617152017099, 16.0124412679505, 2.3526059242594677, 4.469034858356326, 2.4774252005663056, 16.0994800644664, 2.368910091559722]",198.33125243007203,9.916598508801512
ADTC_8_adz_raw_20260309_1910,2026-03-09 19:07:48.301,2026-03-09 19:07:58.366,"[Timestamp('2026-03-09 19:07:58.366000'), Timestamp('2026-03-09 19:07:58.463000'), Timestamp('2026-03-09 19:07:59.097000'), Timestamp('2026-03-09 19:07:59.194000'), Timestamp('2026-03-09 19:07:59.351000'), Timestamp('2026-03-09 19:07:59.453000'), Timestamp('2026-03-09 19:08:00.150000'), Timestamp('2026-03-09 19:08:00.249000'), Timestamp('2026-03-09 19:08:00.401000'), Timestamp('2026-03-09 19:08:00.503000'), Timestamp('2026-03-09 19:08:01.226000'), Timestamp('2026-03-09 19:08:01.327000'), Timestamp('2026-03-09 19:08:01.480000'), Timestamp('2026-03-09 19:08:01.494000'), Timestamp('2026-03-09 19:08:01.595000'), Timestamp('2026-03-09 19:08:02.354000'), Timestamp('2026-03-09 19:08:02.453000'), Timestamp('2026-03-09 19:08:02.624000'), Timestamp('2026-03-09 19:08:02.736000'), Timestamp('2026-03-09 19:08:03.528000'), Timestamp('2026-03-09 19:08:03.639000'), Timestamp('2026-03-09 19:08:03.826000'), Timestamp('2026-03-09 19:08:03.948000'), Timestamp('2026-03-09 19:08:04.728000'), Timestamp('2026-03-09 19:08:04.852000'), Timestamp('2026-03-09 19:08:05.181000'), Timestamp('2026-03-09 19:08:05.307000'), Timestamp('2026-03-09 19:08:06.143000'), Timestamp('2026-03-09 19:08:06.275000'), Timestamp('2026-03-09 19:08:06.491000'), Timestamp('2026-03-09 19:08:06.636000'), Timestamp('2026-03-09 19:08:07.597000'), Timestamp('2026-03-09 19:08:07.735000'), Timestamp('2026-03-09 19:08:07.956000'), Timestamp('2026-03-09 19:08:08.120000'), Timestamp('2026-03-09 19:08:09.169000'), Timestamp('2026-03-09 19:08:09.315000'), Timestamp('2026-03-09 19:08:09.558000'), Timestamp('2026-03-09 19:08:09.737000'), Timestamp('2026-03-09 19:08:10.917000'), Timestamp('2026-03-09 19:08:11.093000'), Timestamp('2026-03-09 19:08:11.377000'), Timestamp('2026-03-09 19:08:11.576000'), Timestamp('2026-03-09 19:08:12.917000'), Timestamp('2026-03-09 19:08:13.118000'), Timestamp('2026-03-09 19:08:13.464000'), Timestamp('2026-03-09 19:08:13.691000'), Timestamp('2026-03-09 19:08:15.239000'), Timestamp('2026-03-09 19:08:15.521000')]","[0.097, 0.634, 0.097, 0.157, 0.102, 0.697, 0.099, 0.152, 0.102, 0.723, 0.101, 0.153, 0.014, 0.101, 0.759, 0.099, 0.171, 0.112, 0.792, 0.111, 0.187, 0.122, 0.78, 0.124, 0.329, 0.126, 0.836, 0.132, 0.216, 0.145, 0.961, 0.138, 0.221, 0.164, 1.049, 0.146, 0.243, 0.179, 1.18, 0.176, 0.284, 0.199, 1.341, 0.201, 0.346, 0.227, 1.548, 0.282]","[25.196850393700785, 25.46419098143236, 24.06015037593985, 24.489795918367353, 24.806201550387595, 24.365482233502544, 23.529411764705888, 23.244552058111378, 23.645320197044338, 23.414634146341466, 22.911694510739853, 22.966507177033495, 22.966507177033495, 22.85714285714286, 22.11981566820277, 22.222222222222225, 21.67042889390519, 21.238938053097346, 20.824295010845983, 20.824295010845983, 20.734341252699778, 20.425531914893618, 20.0, 20.0836820083682, 19.315895372233395, 19.35483870967742, 18.64077669902913, 18.426103646833017, 18.079096045197744, 18.28571428571429, 16.961130742049466, 17.17352415026834, 16.63778162911612, 16.49484536082474, 15.711947626841244, 15.737704918032783, 15.458937198067632, 15.262321144674086, 14.222222222222221, 13.793103448275863, 13.52112676056338, 13.694721825962908, 12.182741116751268, 11.985018726591761, 11.636363636363637, 11.538461538461537, 9.785932721712538, 9.275362318840578]","[2.444094488188976, 16.144297082228118, 2.3338345864661654, 3.8448979591836743, 2.5302325581395344, 16.98274111675127, 2.329411764705883, 3.533171912832929, 2.4118226600985224, 16.92878048780488, 2.3140811455847254, 3.5138755980861247, 0.32153110047846895, 2.308571428571429, 16.7889400921659, 2.2, 3.7056433408577876, 2.3787610619469026, 16.49284164859002, 2.311496746203904, 3.8773218142548584, 2.4919148936170212, 15.600000000000001, 2.490376569037657, 6.354929577464787, 2.438709677419355, 15.58368932038835, 2.4322456813819584, 3.9050847457627125, 2.6514285714285717, 16.299646643109536, 2.369946332737031, 3.6769497400346625, 2.7051546391752574, 16.481833060556465, 2.297704918032786, 3.7565217391304344, 2.731955484896661, 16.78222222222222, 2.4275862068965517, 3.8399999999999994, 2.725249643366619, 16.33705583756345, 2.408988764044944, 4.026181818181818, 2.619230769230769, 15.148623853211008, 2.615652173913043]",298.8952314759438,9.916598508801512
ADTC_8_adz_raw_20260309_1930,2026-03-09 19:25:56.685,2026-03-09 19:26:06.786,"[Timestamp('2026-03-09 19:26:06.786000'), Timestamp('2026-03-09 19:26:06.892000'), Timestamp('2026-03-09 19:26:07.213000'), Timestamp('2026-03-09 19:26:07.322000'), Timestamp('2026-03-09 19:26:07.528000'), Timestamp('2026-03-09 19:26:07.628000'), Timestamp('2026-03-09 19:26:08.378000'), Timestamp('2026-03-09 19:26:08.481000'), Timestamp('2026-03-09 19:26:08.676000'), Timestamp('2026-03-09 19:26:08.780000'), Timestamp('2026-03-09 19:26:09.564000'), Timestamp('2026-03-09 19:26:09.672000'), Timestamp('2026-03-09 19:26:09.877000'), Timestamp('2026-03-09 19:26:09.988000'), Timestamp('2026-03-09 19:26:10.816000'), Timestamp('2026-03-09 19:26:10.932000'), Timestamp('2026-03-09 19:26:11.173000'), Timestamp('2026-03-09 19:26:11.304000'), Timestamp('2026-03-09 19:26:11.684000'), Timestamp('2026-03-09 19:26:11.816000'), Timestamp('2026-03-09 19:26:12.065000'), Timestamp('2026-03-09 19:26:12.188000'), Timestamp('2026-03-09 19:26:13.119000'), Timestamp('2026-03-09 19:26:13.243000'), Timestamp('2026-03-09 19:26:13.487000'), Timestamp('2026-03-09 19:26:13.623000'), Timestamp('2026-03-09 19:26:14.631000'), Timestamp('2026-03-09 19:26:14.768000'), Timestamp('2026-03-09 19:26:15.033000'), Timestamp('2026-03-09 19:26:15.184000'), Timestamp('2026-03-09 19:26:16.281000'), Timestamp('2026-03-09 19:26:16.438000')]","[0.106, 0.321, 0.109, 0.206, 0.1, 0.75, 0.103, 0.195, 0.104, 0.784, 0.108, 0.205, 0.111, 0.828, 0.116, 0.241, 0.131, 0.38, 0.132, 0.249, 0.123, 0.931, 0.124, 0.244, 0.136, 1.008, 0.137, 0.265, 0.151, 1.097, 0.157]","[24.43001172029294, 24.21651334122228, 24.00540121527344, 23.95504695054791, 23.70890730475824, 23.62844702467344, 23.037613369550208, 23.193277310924373, 22.94853487176558, 22.810755961440893, 22.044354456009366, 21.80355761794277, 21.69826740764956, 21.658137571089924, 20.872031194611836, 20.6800601035116, 20.43302433214533, 20.41602256393567, 19.79793856515971, 19.812765957446807, 19.358694459012796, 19.299598328724542, 18.431603773584904, 18.269655597001414, 17.94900469693581, 17.761984487648206, 17.010056875965198, 16.66912853038794, 16.44144144144144, 16.314047726898963, 15.378459075938066, 15.172276041146509]","[2.5895812423510516, 7.773500782532352, 2.616588732464805, 4.934739671812869, 2.3708907304758244, 17.72133526850508, 2.372874177063671, 4.522689075630253, 2.3866476266636205, 17.88363267376966, 2.3807902812490114, 4.469729311678267, 2.4085076822491014, 17.932937908862456, 2.421155618574973, 4.983894484946296, 2.676726187511038, 7.758088574295555, 2.613327890601082, 4.933378723404255, 2.381119418458574, 17.96792604404255, 2.285518867924528, 4.457795965668345, 2.44106463878327, 17.904080363549394, 2.330377792007232, 4.4173190605528045, 2.4826576576576573, 17.89651035640816, 2.4144180749222763]",194.729804884616,9.916598508801512
ADTC_8_adz_raw_20260309_1940,2026-03-09 19:32:59.853,2026-03-09 19:33:09.886,"[Timestamp('2026-03-09 19:33:09.886000'), Timestamp('2026-03-09 19:33:09.974000'), Timestamp('2026-03-09 19:33:10.550000'), Timestamp('2026-03-09 19:33:10.636000'), Timestamp('2026-03-09 19:33:10.791000'), Timestamp('2026-03-09 19:33:10.883000'), Timestamp('2026-03-09 19:33:11.466000'), Timestamp('2026-03-09 19:33:11.550000'), Timestamp('2026-03-09 19:33:11.706000'), Timestamp('2026-03-09 19:33:11.796000'), Timestamp('2026-03-09 19:33:12.372000'), Timestamp('2026-03-09 19:33:12.458000'), Timestamp('2026-03-09 19:33:12.614000'), Timestamp('2026-03-09 19:33:12.705000'), Timestamp('2026-03-09 19:33:13.281000'), Timestamp('2026-03-09 19:33:13.367000')]","[0.088, 0.576, 0.086, 0.155, 0.092, 0.583, 0.084, 0.156, 0.09, 0.576, 0.086, 0.156, 0.091, 0.576, 0.086]","[27.58643468782772, 27.509196006305828, 27.705685395878795, 27.546685110166976, 27.38994529825475, 27.472365512159172, 27.83754706831629, 27.54804604515587, 27.472365512159172, 27.638773819386905, 27.66938277142359, 27.559392401726576, 27.51281040599132, 27.642438102813955, 27.76050546585096, 27.684329499368385]","[2.427606252528839, 15.845296899632157, 2.3826889440455763, 4.269736192075881, 2.519874967439437, 16.016389093588796, 2.3383539537385687, 4.297495183044316, 2.4725128960943255, 15.919933719966856, 2.3795669183424284, 4.2992652146693455, 2.50366574694521, 15.922044347220837, 2.3874034700631825]",95.98183379939577,9.916598508801512
ADTC_8_adz_raw_20260309_2000,2026-03-09 19:52:47.034,2026-03-09 19:52:57.085,"[Timestamp('2026-03-09 19:52:57.085000'), Timestamp('2026-03-09 19:52:57.205000'), Timestamp('2026-03-09 19:52:58.011000'), Timestamp('2026-03-09 19:52:58.132000'), Timestamp('2026-03-09 19:52:58.363000'), Timestamp('2026-03-09 19:52:58.493000'), Timestamp('2026-03-09 19:52:59.332000'), Timestamp('2026-03-09 19:52:59.455000'), Timestamp('2026-03-09 19:52:59.699000'), Timestamp('2026-03-09 19:52:59.834000'), Timestamp('2026-03-09 19:53:00.711000'), Timestamp('2026-03-09 19:53:00.846000'), Timestamp('2026-03-09 19:53:01.105000'), Timestamp('2026-03-09 19:53:01.242000'), Timestamp('2026-03-09 19:53:02.181000'), Timestamp('2026-03-09 19:53:02.321000')]","[0.12, 0.806, 0.121, 0.231, 0.13, 0.839, 0.123, 0.244, 0.135, 0.877, 0.135, 0.259, 0.137, 0.939, 0.14]","[20.08587974209814, 19.967050215989723, 19.437101157028856, 19.286518236426055, 19.146854593033893, 19.11570846644419, 18.658786499552775, 18.317145039834116, 18.22288017462153, 18.221464193959285, 17.67120503962609, 17.400955555190702, 17.256817256817257, 17.240823900059915, 16.482264073152415, 16.252775112078723]","[2.4103055690517765, 16.093442474087716, 2.3518892400004914, 4.455185712614419, 2.489091097094406, 16.038079403346675, 2.295030739444991, 4.469383389719525, 2.4600888235739067, 15.980224098102292, 2.3856126803495226, 4.506847488794392, 2.3641839641839644, 16.18913364215626, 2.307516970241338]",96.79601529276168,9.916598508801512
ADTC_8_adz_raw_20260309_2010,2026-03-09 20:07:09.715,2026-03-09 20:07:19.768,"[Timestamp('2026-03-09 20:07:19.768000'), Timestamp('2026-03-09 20:07:19.899000'), Timestamp('2026-03-09 20:07:20.780000'), Timestamp('2026-03-09 20:07:20.909000'), Timestamp('2026-03-09 20:07:21.162000'), Timestamp('2026-03-09 20:07:21.309000'), Timestamp('2026-03-09 20:07:22.229000'), Timestamp('2026-03-09 20:07:22.367000'), Timestamp('2026-03-09 20:07:22.644000'), Timestamp('2026-03-09 20:07:22.790000'), Timestamp('2026-03-09 20:07:23.777000'), Timestamp('2026-03-09 20:07:23.932000'), Timestamp('2026-03-09 20:07:24.223000'), Timestamp('2026-03-09 20:07:24.388000'), Timestamp('2026-03-09 20:07:25.459000'), Timestamp('2026-03-09 20:07:25.635000')]","[0.131, 0.881, 0.129, 0.253, 0.147, 0.92, 0.138, 0.277, 0.146, 0.987, 0.155, 0.291, 0.165, 1.071, 0.176]","[18.217958689828016, 18.216909117096357, 17.812293456708524, 17.998945703742752, 17.718208564890485, 17.423384015389072, 16.8295291124304, 17.007280944012052, 16.510017094421542, 16.5674975431073, 15.739227659757457, 15.740412218172432, 15.409349492950776, 15.130484030423919, 14.416494547815972, 14.282680259105872]","[2.3865525883674703, 16.04909693216189, 2.2977858559153996, 4.553733263046916, 2.604576659038901, 16.029513294157947, 2.322475017515395, 4.711016821491339, 2.410462495785545, 16.352120075046905, 2.4395802872624057, 4.580459955488178, 2.542542666336878, 16.204748396584016, 2.537303040415611]",98.02196734861481,9.916598508801512
ADTC_8_adz_raw_20260309_2030,2026-03-09 20:24:09.690,2026-03-09 20:24:19.748,"[Timestamp('2026-03-09 20:24:19.748000'), Timestamp('2026-03-09 20:24:19.872000'), Timestamp('2026-03-09 20:24:20.251000'), Timestamp('2026-03-09 20:24:20.380000'), Timestamp('2026-03-09 20:24:20.627000'), Timestamp('2026-03-09 20:24:20.754000'), Timestamp('2026-03-09 20:24:21.633000'), Timestamp('2026-03-09 20:24:21.748000'), Timestamp('2026-03-09 20:24:21.976000'), Timestamp('2026-03-09 20:24:22.096000'), Timestamp('2026-03-09 20:24:23'), Timestamp('2026-03-09 20:24:23.123000'), Timestamp('2026-03-09 20:24:23.358000'), Timestamp('2026-03-09 20:24:23.482000'), Timestamp('2026-03-09 20:24:24.432000'), Timestamp('2026-03-09 20:24:24.553000')]","[0.124, 0.379, 0.129, 0.247, 0.127, 0.879, 0.115, 0.228, 0.12, 0.904, 0.123, 0.235, 0.124, 0.95, 0.121]","[20.578990901571544, 20.470572188501666, 20.385473726922292, 20.214916480476646, 20.317483068764105, 20.418237543735927, 20.26407784284473, 19.794151032433323, 19.75342094567132, 19.705263157894734, 19.355546793383922, 19.12350597609562, 19.100283608833408, 19.028909546672537, 18.485488713443793, 18.113787910613016]","[2.5517948717948715, 7.758346859442132, 2.629726110772976, 4.993084370677732, 2.580320349733041, 17.94763080094388, 2.330368951927144, 4.513066435394798, 2.370410513480558, 17.81355789473684, 2.3807322555862225, 4.49402390438247, 2.3684351674953423, 18.07746406933891, 2.236744134326699]",95.04570669003363,9.916598508801512
ADTC_8_adz_raw_20260309_2040,2026-03-09 20:37:17.133,2026-03-09 20:37:27.167,"[Timestamp('2026-03-09 20:37:27.167000'), Timestamp('2026-03-09 20:37:27.297000'), Timestamp('2026-03-09 20:37:28.158000'), Timestamp('2026-03-09 20:37:28.289000'), Timestamp('2026-03-09 20:37:28.539000'), Timestamp('2026-03-09 20:37:28.676000'), Timestamp('2026-03-09 20:37:29.583000'), Timestamp('2026-03-09 20:37:29.720000'), Timestamp('2026-03-09 20:37:29.977000'), Timestamp('2026-03-09 20:37:30.130000'), Timestamp('2026-03-09 20:37:31.090000'), Timestamp('2026-03-09 20:37:31.239000'), Timestamp('2026-03-09 20:37:31.519000'), Timestamp('2026-03-09 20:37:31.680000'), Timestamp('2026-03-09 20:37:32.725000'), Timestamp('2026-03-09 20:37:32.880000')]","[0.13, 0.861, 0.131, 0.25, 0.137, 0.907, 0.137, 0.257, 0.153, 0.96, 0.149, 0.28, 0.161, 1.045, 0.155]","[18.44395721214537, 18.480693693026012, 18.113465481886532, 18.149069388455267, 17.877652933832707, 17.72866789441375, 16.993758929242798, 17.08206686930091, 17.051993942453304, 16.71303114602084, 16.08044712801059, 16.080808080808076, 15.815872326566058, 15.635842750278526, 14.860823556475733, 14.749362786745966]","[2.397714437578898, 15.911877269695395, 2.372863978127136, 4.537267347113817, 2.449238451935081, 16.07990178023327, 2.3281449733062636, 4.390091185410334, 2.6089550731953555, 16.044509900180003, 2.3959866220735777, 4.502626262626261, 2.5463554445771353, 16.33945567404106, 2.3034276512537386]",97.20841605134734,9.916598508801512
ADTC_8_adz_raw_20260309_2100,2026-03-09 20:54:32.397,2026-03-09 20:54:42.447,"[Timestamp('2026-03-09 20:54:42.447000'), Timestamp('2026-03-09 20:54:42.562000'), Timestamp('2026-03-09 20:54:43.351000'), Timestamp('2026-03-09 20:54:43.468000'), Timestamp('2026-03-09 20:54:43.692000'), Timestamp('2026-03-09 20:54:43.820000'), Timestamp('2026-03-09 20:54:44.644000'), Timestamp('2026-03-09 20:54:44.771000'), Timestamp('2026-03-09 20:54:45.007000'), Timestamp('2026-03-09 20:54:45.141000'), Timestamp('2026-03-09 20:54:46.020000'), Timestamp('2026-03-09 20:54:46.156000'), Timestamp('2026-03-09 20:54:46.421000'), Timestamp('2026-03-09 20:54:46.563000'), Timestamp('2026-03-09 20:54:47.527000'), Timestamp('2026-03-09 20:54:47.672000')]","[0.115, 0.789, 0.117, 0.224, 0.128, 0.824, 0.127, 0.236, 0.134, 0.879, 0.136, 0.265, 0.142, 0.964, 0.145]","[20.667408231368185, 20.476623612879752, 20.043151356652494, 19.93788819875776, 19.573512906846236, 19.650391802290535, 18.84289115410397, 18.79252221881704, 18.268464736300825, 18.31354748603352, 17.47368281582277, 17.251022002932004, 16.886556597935595, 16.92587782796995, 15.895608311859199, 15.459297983569826]","[2.3767519466073415, 16.156056030562127, 2.345048708728342, 4.466086956521739, 2.5054096520763185, 16.1919228450874, 2.3930471765712045, 4.435035243640821, 2.4479742746643107, 16.097608240223465, 2.376420862951897, 4.571520830776981, 2.3978910369068545, 16.31654622616303, 2.3048632052195837]",97.38218323670142,9.916598508801512
ADTC_8_adz_raw_20260309_2110,2026-03-09 21:07:54.221,2026-03-09 21:08:04.306,"[Timestamp('2026-03-09 21:08:04.306000'), Timestamp('2026-03-09 21:08:04.449000'), Timestamp('2026-03-09 21:08:05.393000'), Timestamp('2026-03-09 21:08:05.536000'), Timestamp('2026-03-09 21:08:05.816000'), Timestamp('2026-03-09 21:08:05.971000'), Timestamp('2026-03-09 21:08:06.979000'), Timestamp('2026-03-09 21:08:07.130000'), Timestamp('2026-03-09 21:08:07.429000'), Timestamp('2026-03-09 21:08:07.603000'), Timestamp('2026-03-09 21:08:08.680000'), Timestamp('2026-03-09 21:08:08.843000'), Timestamp('2026-03-09 21:08:09.155000'), Timestamp('2026-03-09 21:08:09.334000'), Timestamp('2026-03-09 21:08:10.491000'), Timestamp('2026-03-09 21:08:10.658000')]","[0.143, 0.944, 0.143, 0.28, 0.155, 1.008, 0.151, 0.299, 0.174, 1.077, 0.163, 0.312, 0.179, 1.157, 0.167]","[17.19779515446737, 16.905652889692227, 16.4704774460872, 16.50073980443174, 16.134863960950916, 16.058002148227708, 15.386551664795917, 15.459939421600762, 15.16648239337315, 14.797046480642763, 14.349904034569896, 14.414446911882404, 14.28650519644166, 14.055908077516722, 13.448016072325466, 13.636363636363637]","[2.459284707088834, 15.958936327869461, 2.3552782747904697, 4.6202071452408875, 2.500903913947392, 16.186466165413528, 2.3233693013841834, 4.622521887058627, 2.6389679364469276, 15.936419059652255, 2.339034357634893, 4.4973074365073105, 2.557284430163057, 16.262685645686847, 2.245818684078353]",97.50448527296301,9.916598508801512
ADTC_8_adz_raw_20260309_2130,2026-03-09 21:23:12.595,2026-03-09 21:23:22.637,"[Timestamp('2026-03-09 21:23:22.637000'), Timestamp('2026-03-09 21:23:22.757000'), Timestamp('2026-03-09 21:23:23.641000'), Timestamp('2026-03-09 21:23:23.758000'), Timestamp('2026-03-09 21:23:23.986000'), Timestamp('2026-03-09 21:23:24.111000'), Timestamp('2026-03-09 21:23:25.035000'), Timestamp('2026-03-09 21:23:25.158000'), Timestamp('2026-03-09 21:23:25.399000'), Timestamp('2026-03-09 21:23:25.528000'), Timestamp('2026-03-09 21:23:26.508000'), Timestamp('2026-03-09 21:23:26.646000'), Timestamp('2026-03-09 21:23:26.931000'), Timestamp('2026-03-09 21:23:27.088000'), Timestamp('2026-03-09 21:23:27.540000'), Timestamp('2026-03-09 21:23:27.696000')]","[0.12, 0.884, 0.117, 0.228, 0.125, 0.924, 0.123, 0.241, 0.129, 0.98, 0.138, 0.285, 0.157, 0.452, 0.156]","[20.404954869487433, 20.282715784964658, 19.836827746967735, 19.533035270740186, 19.452907506713416, 19.32371845497734, 18.73258098414584, 18.533094812164578, 18.373222566537002, 18.131103802994744, 17.598548240750077, 17.238744620146043, 17.249421761136542, 17.209878603847955, 16.980919612136375, 16.71303114602084]","[2.4485945843384918, 17.929920753908757, 2.320908846395225, 4.453532041728763, 2.431613438339177, 17.855115852399063, 2.3041074610499384, 4.466475849731663, 2.3701457110832735, 17.768481726934848, 2.428599657223511, 4.913042216741622, 2.708159216498437, 7.778865128939276, 2.6490234594932747]",94.82658594480532,9.916598508801512
ADTC_8_adz_raw_20260309_2140,2026-03-09 21:37:09.882,2026-03-09 21:37:19.939,"[Timestamp('2026-03-09 21:37:19.939000'), Timestamp('2026-03-09 21:37:20.077000'), Timestamp('2026-03-09 21:37:21.006000'), Timestamp('2026-03-09 21:37:21.143000'), Timestamp('2026-03-09 21:37:21.414000'), Timestamp('2026-03-09 21:37:21.568000'), Timestamp('2026-03-09 21:37:22.534000'), Timestamp('2026-03-09 21:37:22.687000'), Timestamp('2026-03-09 21:37:22.977000'), Timestamp('2026-03-09 21:37:23.129000'), Timestamp('2026-03-09 21:37:24.160000'), Timestamp('2026-03-09 21:37:24.315000'), Timestamp('2026-03-09 21:37:24.616000'), Timestamp('2026-03-09 21:37:24.788000'), Timestamp('2026-03-09 21:37:25.882000'), Timestamp('2026-03-09 21:37:26.053000')]","[0.138, 0.929, 0.137, 0.271, 0.154, 0.966, 0.153, 0.29, 0.152, 1.031, 0.155, 0.301, 0.172, 1.094, 0.171]","[17.329423264907135, 17.33055265901981, 16.84397163120567, 16.992481203007518, 16.732051546767394, 16.443177418787172, 16.387024608501115, 15.946843853820596, 15.53804894401609, 15.792207792207789, 15.07068078310759, 15.149342891278375, 14.978385325388482, 14.746856948691812, 14.222253437044582, 14.191384550885653]","[2.3914604105571846, 16.100083420229403, 2.307624113475177, 4.604962406015038, 2.576735938202179, 15.884109386548408, 2.5072147651006707, 4.624584717607973, 2.361783439490446, 16.281766233766227, 2.3359555213816767, 4.5599522102747905, 2.5762822759668187, 16.133061501868845, 2.4320053377346236]",97.67758167821945,9.916598508801512
ADTC_8_adz_raw_20260309_2200,2026-03-09 21:53:08.429,2026-03-09 21:53:18.496,"[Timestamp('2026-03-09 21:53:18.496000'), Timestamp('2026-03-09 21:53:18.630000'), Timestamp('2026-03-09 21:53:19.577000'), Timestamp('2026-03-09 21:53:19.716000'), Timestamp('2026-03-09 21:53:19.985000'), Timestamp('2026-03-09 21:53:20.139000'), Timestamp('2026-03-09 21:53:21.136000'), Timestamp('2026-03-09 21:53:21.280000'), Timestamp('2026-03-09 21:53:21.567000'), Timestamp('2026-03-09 21:53:21.735000'), Timestamp('2026-03-09 21:53:22.798000'), Timestamp('2026-03-09 21:53:22.958000'), Timestamp('2026-03-09 21:53:23.272000'), Timestamp('2026-03-09 21:53:23.444000'), Timestamp('2026-03-09 21:53:24.607000'), Timestamp('2026-03-09 21:53:24.785000')]","[0.134, 0.947, 0.139, 0.269, 0.154, 0.997, 0.144, 0.287, 0.168, 1.063, 0.16, 0.314, 0.172, 1.163, 0.178]","[17.204356330071334, 16.990592079319477, 16.541897948885392, 16.400560224089634, 16.21626248705284, 16.02405613097227, 15.571868340042622, 15.118447680647595, 15.106673798062637, 15.089270280281516, 14.436220803625336, 14.149480169091674, 13.97073765494818, 13.819386909693456, 13.215448340679037, 12.76920899957549]","[2.305383748229559, 16.090090699115542, 2.29932381489507, 4.411750700280112, 2.4973044230061374, 15.975983962579352, 2.2423490409661375, 4.338994484345859, 2.5379211980745233, 16.03989430793925, 2.3097953285800537, 4.442936773094786, 2.402966876651087, 16.07194697597349, 2.3523498046408684]",96.31899213837183,9.916598508801512
ADTC_8_adz_raw_20260309_2210,2026-03-09 22:04:34.906,2026-03-09 22:04:44.945,"[Timestamp('2026-03-09 22:04:44.945000'), Timestamp('2026-03-09 22:04:45.031000'), Timestamp('2026-03-09 22:04:45.620000'), Timestamp('2026-03-09 22:04:45.704000'), Timestamp('2026-03-09 22:04:45.866000'), Timestamp('2026-03-09 22:04:45.955000'), Timestamp('2026-03-09 22:04:46.541000'), Timestamp('2026-03-09 22:04:46.629000'), Timestamp('2026-03-09 22:04:46.786000'), Timestamp('2026-03-09 22:04:46.875000'), Timestamp('2026-03-09 22:04:47.464000'), Timestamp('2026-03-09 22:04:47.546000'), Timestamp('2026-03-09 22:04:47.708000'), Timestamp('2026-03-09 22:04:47.795000'), Timestamp('2026-03-09 22:04:48.378000'), Timestamp('2026-03-09 22:04:48.468000')]","[0.086, 0.589, 0.084, 0.162, 0.089, 0.586, 0.088, 0.157, 0.089, 0.589, 0.082, 0.162, 0.087, 0.583, 0.09]","[27.467867376176827, 27.625956474212458, 27.708454810495624, 27.586206896551715, 27.467867376176827, 27.157490396927013, 27.86794074523484, 27.507389162561566, 27.401990325260186, 27.432154403840492, 27.587118084227903, 27.272727272727266, 27.439547247470415, 27.430586736984758, 27.472365512159172, 27.74775075810103]","[2.3622365943512067, 16.27168836331114, 2.3275102040816327, 4.468965517241378, 2.4446401964797375, 15.914289372599228, 2.452378785580666, 4.318660098522166, 2.4387771389481565, 16.15753894386205, 2.262143682906688, 4.418181818181817, 2.387240610529926, 15.992032067662112, 2.4725128960943255]",96.68879629035223,9.916598508801512
ADTC_8_adz_raw_20260309_2230,2026-03-09 22:23:50.266,2026-03-09 22:24:00.350,"[Timestamp('2026-03-09 22:24:00.350000'), Timestamp('2026-03-09 22:24:00.466000'), Timestamp('2026-03-09 22:24:01.282000'), Timestamp('2026-03-09 22:24:01.405000'), Timestamp('2026-03-09 22:24:01.638000'), Timestamp('2026-03-09 22:24:01.768000'), Timestamp('2026-03-09 22:24:02.613000'), Timestamp('2026-03-09 22:24:02.735000'), Timestamp('2026-03-09 22:24:02.976000'), Timestamp('2026-03-09 22:24:03.112000'), Timestamp('2026-03-09 22:24:03.982000'), Timestamp('2026-03-09 22:24:04.111000'), Timestamp('2026-03-09 22:24:04.366000'), Timestamp('2026-03-09 22:24:04.503000'), Timestamp('2026-03-09 22:24:05.417000'), Timestamp('2026-03-09 22:24:05.560000')]","[0.116, 0.816, 0.123, 0.233, 0.13, 0.845, 0.122, 0.241, 0.136, 0.87, 0.129, 0.255, 0.137, 0.914, 0.143]","[19.816795194069275, 19.6521812010225, 19.3162081739236, 19.277808020322986, 18.972628421447318, 18.940879798262817, 18.786980548949323, 18.499582289055976, 18.33825944170772, 18.40404277823481, 17.978095508632393, 17.810760667903526, 17.521982414068745, 17.54831127552451, 16.933797909407666, 16.6201899604324]","[2.298748242512036, 16.03617986003436, 2.3758936053926027, 4.491729268735256, 2.4664416947881516, 16.00504342953208, 2.292011626971817, 4.45839933166249, 2.49400328407225, 16.011517217064284, 2.3191743206135786, 4.541743970315399, 2.4005115907274184, 16.039156505829403, 2.421533101045296]",96.65208704929643,9.916598508801512
ADTC_8_adz_raw_20260309_2250,2026-03-09 22:40:44.544,2026-03-09 22:40:54.614,"[Timestamp('2026-03-09 22:40:54.614000'), Timestamp('2026-03-09 22:40:54.761000'), Timestamp('2026-03-09 22:40:55.814000'), Timestamp('2026-03-09 22:40:55.966000'), Timestamp('2026-03-09 22:40:56.250000'), Timestamp('2026-03-09 22:40:56.277000'), Timestamp('2026-03-09 22:40:56.439000'), Timestamp('2026-03-09 22:40:57.517000'), Timestamp('2026-03-09 22:40:57.675000'), Timestamp('2026-03-09 22:40:57.996000'), Timestamp('2026-03-09 22:40:58.160000'), Timestamp('2026-03-09 22:40:59.277000'), Timestamp('2026-03-09 22:40:59.449000'), Timestamp('2026-03-09 22:40:59.781000'), Timestamp('2026-03-09 22:40:59.959000'), Timestamp('2026-03-09 22:41:01.139000'), Timestamp('2026-03-09 22:41:01.315000')]","[0.147, 1.053, 0.152, 0.284, 0.027, 0.162, 1.078, 0.158, 0.321, 0.164, 1.117, 0.172, 0.332, 0.178, 1.18, 0.176]","[15.415028931530859, 15.177875097486353, 14.969736746153286, 14.968936248821134, 14.828244274809162, 14.780609221287186, 14.342586807105238, 14.190695113317542, 14.120120522842452, 14.120088185708727, 13.91316037101761, 13.620019788122299, 13.540305205927464, 13.502350092579405, 12.990908341802399, 12.774501992031873]","[2.266009252935036, 15.982302477653128, 2.2753999854152993, 4.251177894665202, 0.40036259541984737, 2.394458693848524, 15.461308578059448, 2.2421298279041717, 4.532558687832427, 2.3156944624562312, 15.541000134426671, 2.342643403557035, 4.495381328367918, 2.403418316479134, 15.32927184332683, 2.2483123505976095]",94.48142983294451,9.916598508801512
ADTC_8_adz_raw_20260309_2300,2026-03-09 22:52:17.818,2026-03-09 22:52:27.855,"[Timestamp('2026-03-09 22:52:27.855000'), Timestamp('2026-03-09 22:52:27.970000'), Timestamp('2026-03-09 22:52:28.747000'), Timestamp('2026-03-09 22:52:28.860000'), Timestamp('2026-03-09 22:52:29.083000'), Timestamp('2026-03-09 22:52:29.202000'), Timestamp('2026-03-09 22:52:30.009000'), Timestamp('2026-03-09 22:52:30.131000'), Timestamp('2026-03-09 22:52:30.360000'), Timestamp('2026-03-09 22:52:30.490000'), Timestamp('2026-03-09 22:52:31.329000'), Timestamp('2026-03-09 22:52:31.454000'), Timestamp('2026-03-09 22:52:31.699000'), Timestamp('2026-03-09 22:52:31.835000'), Timestamp('2026-03-09 22:52:32.715000'), Timestamp('2026-03-09 22:52:32.847000')]","[0.115, 0.777, 0.113, 0.223, 0.119, 0.807, 0.122, 0.229, 0.13, 0.839, 0.125, 0.245, 0.136, 0.88, 0.132]","[20.780778529527524, 20.780096037741146, 20.34811661367678, 20.22137079608344, 19.987001169894707, 19.961134862028757, 19.46969572436013, 19.375, 19.150967413441954, 19.181182170233786, 18.55051703299163, 18.342254568790747, 18.27309673353183, 18.22937625754527, 17.53716914460964, 17.276460886718624]","[2.389789530895665, 16.146134621324872, 2.299337177345476, 4.509365687526607, 2.37845313921747, 16.108635833657207, 2.3753028783719357, 4.436875000000001, 2.489625763747454, 16.093011840826147, 2.3188146291239535, 4.493852369353733, 2.485141155760329, 16.041851106639836, 2.3149063270884724]",96.88109706087914,9.916598508801512
ADTC_8_adz_raw_20260309_2310,2026-03-09 23:01:29.030,2026-03-09 23:01:39.069,"[Timestamp('2026-03-09 23:01:39.069000'), Timestamp('2026-03-09 23:01:39.157000'), Timestamp('2026-03-09 23:01:39.737000'), Timestamp('2026-03-09 23:01:39.824000'), Timestamp('2026-03-09 23:01:39.981000'), Timestamp('2026-03-09 23:01:40.074000'), Timestamp('2026-03-09 23:01:40.655000'), Timestamp('2026-03-09 23:01:40.740000'), Timestamp('2026-03-09 23:01:40.895000'), Timestamp('2026-03-09 23:01:40.986000'), Timestamp('2026-03-09 23:01:41.563000'), Timestamp('2026-03-09 23:01:41.650000'), Timestamp('2026-03-09 23:01:41.808000'), Timestamp('2026-03-09 23:01:41.897000'), Timestamp('2026-03-09 23:01:42.471000'), Timestamp('2026-03-09 23:01:42.556000')]","[0.088, 0.58, 0.087, 0.157, 0.093, 0.581, 0.085, 0.155, 0.091, 0.577, 0.087, 0.158, 0.089, 0.574, 0.085]","[27.66938277142359, 27.546685110166976, 27.828191167574097, 27.626414031833313, 27.472365512159172, 27.588257153474547, 28.11278040749125, 28.0723355136591, 27.70614692653673, 27.86794074523484, 27.745664739884386, 27.63556836820915, 27.78634139802962, 27.78727254448577, 27.98928981257172, 27.827022122146513]","[2.4349056838852756, 15.977077363896845, 2.4210526315789465, 4.33734700299783, 2.554929992630803, 16.02877740616871, 2.3895863346367565, 4.351212004617161, 2.521259370314842, 16.0798018100005, 2.4138728323699414, 4.366419802177045, 2.472984384424636, 15.94989444053483, 2.3790896340685963]",96.67821069430272,9.916598508801512
ADTC_8_adz_raw_20260309_2330,2026-03-09 23:24:01.504,2026-03-09 23:24:11.594,"[Timestamp('2026-03-09 23:24:11.594000'), Timestamp('2026-03-09 23:24:11.720000'), Timestamp('2026-03-09 23:24:12.104000'), Timestamp('2026-03-09 23:24:12.230000'), Timestamp('2026-03-09 23:24:12.470000'), Timestamp('2026-03-09 23:24:12.588000'), Timestamp('2026-03-09 23:24:13.479000'), Timestamp('2026-03-09 23:24:13.594000'), Timestamp('2026-03-09 23:24:13.825000'), Timestamp('2026-03-09 23:24:13.951000'), Timestamp('2026-03-09 23:24:14.876000'), Timestamp('2026-03-09 23:24:15.003000'), Timestamp('2026-03-09 23:24:15.238000'), Timestamp('2026-03-09 23:24:15.387000'), Timestamp('2026-03-09 23:24:16.365000'), Timestamp('2026-03-09 23:24:16.498000')]","[0.126, 0.384, 0.126, 0.24, 0.118, 0.891, 0.115, 0.231, 0.126, 0.925, 0.127, 0.235, 0.149, 0.978, 0.133]","[20.476623612879752, 20.637867494250322, 20.30042918454936, 20.36442164934539, 20.15864621893178, 20.061426776490297, 19.682131558714907, 19.41928674864394, 19.279907084785133, 19.163316482904108, 18.534545413885258, 18.330223880597014, 18.165413533834588, 18.102678254951723, 17.349284296311772, 17.021490637928647]","[2.580054575222849, 7.924941117792124, 2.5578540772532192, 4.887461195842893, 2.37872025383395, 17.874731257852854, 2.2634451292522146, 4.48585523893675, 2.4292682926829268, 17.7260677466863, 2.3538872675634277, 4.307602611940298, 2.7066466165413536, 17.704419333342784, 2.3074548114094657]",94.4884095261534,9.916598508801512
ADTC_8_adz_raw_20260309_2340,2026-03-09 23:37:09.216,2026-03-09 23:37:19.271,"[Timestamp('2026-03-09 23:37:19.271000'), Timestamp('2026-03-09 23:37:19.400000'), Timestamp('2026-03-09 23:37:20.268000'), Timestamp('2026-03-09 23:37:20.397000'), Timestamp('2026-03-09 23:37:20.646000'), Timestamp('2026-03-09 23:37:20.784000'), Timestamp('2026-03-09 23:37:21.672000'), Timestamp('2026-03-09 23:37:21.808000'), Timestamp('2026-03-09 23:37:22.065000'), Timestamp('2026-03-09 23:37:22.206000'), Timestamp('2026-03-09 23:37:23.129000'), Timestamp('2026-03-09 23:37:23.266000'), Timestamp('2026-03-09 23:37:23.531000'), Timestamp('2026-03-09 23:37:23.679000'), Timestamp('2026-03-09 23:37:24.636000'), Timestamp('2026-03-09 23:37:24.779000')]","[0.129, 0.868, 0.129, 0.249, 0.138, 0.888, 0.136, 0.257, 0.141, 0.923, 0.137, 0.265, 0.148, 0.957, 0.143]","[18.570402298850574, 18.355707642362024, 18.19919929273254, 17.944176003857162, 17.878644951863052, 17.905092994959155, 17.375579841182486, 17.454603155712913, 17.359912101710876, 17.285775409389707, 16.976246763480805, 16.710195424935613, 16.698884623412926, 16.64383067714718, 16.12346431109757, 15.960110778823775]","[2.395581896551724, 15.932754233570236, 2.3476967087624976, 4.468099824960434, 2.467253003357101, 15.89972257952373, 2.363078858400818, 4.485833011018219, 2.4477476063412333, 15.9547707028667, 2.3257458065968706, 4.428201787607938, 2.471434924265113, 15.92814595802985, 2.3056553964869524]",96.22172229833942,9.916598508801512
ADTC_8_adz_raw_20260309_0000,2026-03-09 23:53:45.907,2026-03-09 23:53:55.991,"[Timestamp('2026-03-09 23:53:55.991000'), Timestamp('2026-03-09 23:53:56.115000'), Timestamp('2026-03-09 23:53:56.964000'), Timestamp('2026-03-09 23:53:57.088000'), Timestamp('2026-03-09 23:53:57.331000'), Timestamp('2026-03-09 23:53:57.468000'), Timestamp('2026-03-09 23:53:58.333000'), Timestamp('2026-03-09 23:53:58.459000'), Timestamp('2026-03-09 23:53:58.714000'), Timestamp('2026-03-09 23:53:58.849000'), Timestamp('2026-03-09 23:53:59.747000'), Timestamp('2026-03-09 23:53:59.883000'), Timestamp('2026-03-09 23:54:00.141000'), Timestamp('2026-03-09 23:54:00.284000'), Timestamp('2026-03-09 23:54:01.216000'), Timestamp('2026-03-09 23:54:01.364000')]","[0.124, 0.849, 0.124, 0.243, 0.137, 0.865, 0.126, 0.255, 0.135, 0.898, 0.136, 0.258, 0.143, 0.932, 0.148]","[18.996469086894905, 18.846085676635816, 18.824687408683346, 18.46324549237171, 18.37335716692796, 18.595859585958596, 18.07935252538508, 17.896382779109768, 17.910697130445676, 17.718208564890485, 17.502293486498345, 17.087260565521433, 16.961607257130552, 17.098159625961898, 16.640980577711687, 16.55413541211413]","[2.355562166774968, 16.00032673946381, 2.334261238676735, 4.486568654646325, 2.5171499318691306, 16.085418541854185, 2.27799841819852, 4.563577608672991, 2.4179441126101664, 15.910951291271656, 2.380311914163775, 4.40851322590453, 2.4255098377696687, 15.93548477139649, 2.4628651255013296]",96.56244357877426,9.916598508801512
