file,timestamp_raw,timestamp,timestamp_serie,delta_t,velocity,length,total_length,first_peak_raw
ADTC_8_adz_raw_20260306_0010,2026-03-06 00:07:23.981,2026-03-06 00:07:34.038,"[Timestamp('2026-03-06 00:07:34.038000'), Timestamp('2026-03-06 00:07:34.179000'), Timestamp('2026-03-06 00:07:35.088000'), Timestamp('2026-03-06 00:07:35.227000'), Timestamp('2026-03-06 00:07:35.458000'), Timestamp('2026-03-06 00:07:35.606000'), Timestamp('2026-03-06 00:07:36.619000'), Timestamp('2026-03-06 00:07:36.763000'), Timestamp('2026-03-06 00:07:36.990000'), Timestamp('2026-03-06 00:07:37.150000'), Timestamp('2026-03-06 00:07:38.215000'), Timestamp('2026-03-06 00:07:38.369000'), Timestamp('2026-03-06 00:07:38.622000'), Timestamp('2026-03-06 00:07:38.799000'), Timestamp('2026-03-06 00:07:39.944000'), Timestamp('2026-03-06 00:07:40.109000'), Timestamp('2026-03-06 00:07:40.380000'), Timestamp('2026-03-06 00:07:40.571000'), Timestamp('2026-03-06 00:07:41.813000'), Timestamp('2026-03-06 00:07:41.989000'), Timestamp('2026-03-06 00:07:42.294000'), Timestamp('2026-03-06 00:07:42.495000'), Timestamp('2026-03-06 00:07:43.759000'), Timestamp('2026-03-06 00:07:43.957000')]","[0.141, 0.909, 0.139, 0.231, 0.148, 1.013, 0.144, 0.227, 0.16, 1.065, 0.154, 0.253, 0.177, 1.145, 0.165, 0.271, 0.191, 1.242, 0.176, 0.305, 0.201, 1.264, 0.198]","[17.23657744081696, 17.113169476176104, 16.81281572336882, 16.608996539792386, 16.594752883523576, 16.45593419506463, 15.949000289771082, 15.675819781391628, 15.410739178495877, 15.374515315019593, 14.702619537353442, 14.404970957719843, 14.339066996854292, 14.183951393253718, 13.687471037291772, 13.374209321277505, 13.28750905182818, 13.318565692925375, 12.715231788079471, 12.45546870398573, 12.27629513343799, 12.176117463115835, 11.687849758133357, 11.387916380542826]","[2.430357419155191, 15.55587105384408, 2.3369813855482664, 3.8366782006920412, 2.456023426761489, 16.669861339600466, 2.2966560417270356, 3.5584110903758996, 2.4657182685593404, 16.373858810495864, 2.26420340875243, 3.6444576523031205, 2.5380148584432094, 16.240624345275506, 2.2584327211531425, 3.624410726066204, 2.5379142288991825, 16.541658590613316, 2.237880794701987, 3.7989179547156477, 2.4675353218210363, 15.390612473378416, 2.3141942521104046]",143.8392743649933,9.92474362397524
ADTC_8_adz_raw_20260306_0030,2026-03-06 00:26:12.669,2026-03-06 00:26:22.364,"[Timestamp('2026-03-06 00:26:22.364000'), Timestamp('2026-03-06 00:26:22.707000'), Timestamp('2026-03-06 00:26:22.806000'), Timestamp('2026-03-06 00:26:23.461000'), Timestamp('2026-03-06 00:26:23.558000'), Timestamp('2026-03-06 00:26:23.744000'), Timestamp('2026-03-06 00:26:23.847000'), Timestamp('2026-03-06 00:26:24.527000'), Timestamp('2026-03-06 00:26:24.629000'), Timestamp('2026-03-06 00:26:24.827000'), Timestamp('2026-03-06 00:26:24.932000'), Timestamp('2026-03-06 00:26:25.646000'), Timestamp('2026-03-06 00:26:25.756000'), Timestamp('2026-03-06 00:26:25.961000'), Timestamp('2026-03-06 00:26:26.075000'), Timestamp('2026-03-06 00:26:26.838000'), Timestamp('2026-03-06 00:26:26.949000')]","[0.343, 0.099, 0.655, 0.097, 0.186, 0.103, 0.68, 0.102, 0.198, 0.105, 0.714, 0.11, 0.205, 0.114, 0.763, 0.111]","[24.55387513736983, 24.373175588161377, 24.002400240024006, 23.881188118811885, 23.61712943910528, 23.662690101083687, 22.994308793831465, 22.729055757915383, 22.537198280612813, 22.603377210477333, 21.72045762842005, 21.533432242814392, 21.42899850523169, 21.234369959036826, 20.514319111630627, 20.34811661367678]","[8.421979172117853, 2.4129443832279764, 15.721572157215725, 2.3164752475247528, 4.392786075673582, 2.43725708041162, 15.636129979805396, 2.318363687307369, 4.462365259561337, 2.37335460710012, 15.508406746691914, 2.3686775467095833, 4.392944693572496, 2.4207181753301983, 15.652425482174168, 2.2586409441181226]",103.09504123854221,9.92474362397524
ADTC_8_adz_raw_20260306_0040,2026-03-06 00:39:34.364,2026-03-06 00:39:44.183,"[Timestamp('2026-03-06 00:39:44.183000'), Timestamp('2026-03-06 00:39:44.515000'), Timestamp('2026-03-06 00:39:44.640000'), Timestamp('2026-03-06 00:39:44.768000'), Timestamp('2026-03-06 00:39:44.890000'), Timestamp('2026-03-06 00:39:45.010000'), Timestamp('2026-03-06 00:39:45.145000')]","[0.332, 0.125, 0.128, 0.122, 0.12, 0.135]","[23.07692307692308, 23.273035015339048, 22.870107770845152, 23.330144218844126, 23.27440285875494, 23.36112163698371]","[7.661538461538463, 2.909129376917381, 2.9273737946681795, 2.846277594698983, 2.7929283430505927, 3.1537514209928013]",22.290998991866402,9.92474362397524
ADTC_8_adz_raw_20260306_0450,2026-03-06 04:44:34.122,2026-03-06 04:44:44.170,"[Timestamp('2026-03-06 04:44:44.170000'), Timestamp('2026-03-06 04:44:44.278000'), Timestamp('2026-03-06 04:44:44.997000'), Timestamp('2026-03-06 04:44:45.106000'), Timestamp('2026-03-06 04:44:45.311000'), Timestamp('2026-03-06 04:44:45.420000'), Timestamp('2026-03-06 04:44:46.146000'), Timestamp('2026-03-06 04:44:46.249000'), Timestamp('2026-03-06 04:44:46.454000'), Timestamp('2026-03-06 04:44:46.559000'), Timestamp('2026-03-06 04:44:47.281000'), Timestamp('2026-03-06 04:44:47.387000'), Timestamp('2026-03-06 04:44:47.592000'), Timestamp('2026-03-06 04:44:47.700000'), Timestamp('2026-03-06 04:44:48.425000'), Timestamp('2026-03-06 04:44:48.528000')]","[0.108, 0.719, 0.109, 0.205, 0.109, 0.726, 0.103, 0.205, 0.105, 0.722, 0.106, 0.205, 0.108, 0.725, 0.103]","[22.222341297696424, 22.22984562607204, 22.222698531775805, 22.121694807263463, 22.24871902291257, 22.285778919643864, 22.53533544565367, 22.35305598022314, 22.312925170068027, 22.310516087238177, 22.37774396870246, 22.121694807263463, 22.431008598334923, 22.12733414059015, 22.509070918086863, 22.32666814501517]","[2.4000128601512136, 15.983259005145797, 2.4222741399635628, 4.53494743548901, 2.4251103734974704, 16.179475495661446, 2.321139550902328, 4.582376475945743, 2.342857142857143, 16.108192614985963, 2.372040860682461, 4.53494743548901, 2.422548928620172, 16.04231725192786, 2.3184343045629467]",96.98993387588213,9.92474362397524
ADTC_8_adz_raw_20260306_0500,2026-03-06 04:56:10.312,2026-03-06 04:56:20.479,"[Timestamp('2026-03-06 04:56:20.479000'), Timestamp('2026-03-06 04:56:20.616000'), Timestamp('2026-03-06 04:56:21.500000'), Timestamp('2026-03-06 04:56:21.636000'), Timestamp('2026-03-06 04:56:21.895000'), Timestamp('2026-03-06 04:56:22.033000'), Timestamp('2026-03-06 04:56:22.954000'), Timestamp('2026-03-06 04:56:23.095000'), Timestamp('2026-03-06 04:56:23.367000'), Timestamp('2026-03-06 04:56:23.511000'), Timestamp('2026-03-06 04:56:24.478000'), Timestamp('2026-03-06 04:56:24.624000'), Timestamp('2026-03-06 04:56:24.906000'), Timestamp('2026-03-06 04:56:25.057000'), Timestamp('2026-03-06 04:56:26.077000'), Timestamp('2026-03-06 04:56:26.230000')]","[0.137, 0.884, 0.136, 0.259, 0.138, 0.921, 0.141, 0.272, 0.144, 0.967, 0.146, 0.282, 0.151, 1.02, 0.153]","[17.929062183936107, 17.926421404682273, 17.47113645847823, 17.4298141557928, 17.28913787737317, 17.367997855802734, 16.931690929451285, 16.42412615226241, 16.541014164104148, 16.34905818989257, 16.09443507588533, 15.712621047133041, 15.764226875008426, 15.69230769230769, 15.226097281197804, 14.839713901011278]","[2.456281519199247, 15.846956521739129, 2.3760745583530394, 4.514321866350335, 2.385901027077498, 15.995926025194318, 2.387368421052631, 4.467362313415376, 2.381906039630997, 15.809539269626114, 2.349787521079258, 4.430959135291517, 2.3803982581262724, 16.006153846153843, 2.329592884023264]",96.11852920631287,9.92474362397524
ADTC_8_adz_raw_20260306_0540,2026-03-06 05:37:01.480,2026-03-06 05:37:11.533,"[Timestamp('2026-03-06 05:37:11.533000'), Timestamp('2026-03-06 05:37:11.656000'), Timestamp('2026-03-06 05:37:12.473000'), Timestamp('2026-03-06 05:37:12.595000'), Timestamp('2026-03-06 05:37:12.831000'), Timestamp('2026-03-06 05:37:12.963000'), Timestamp('2026-03-06 05:37:13.816000'), Timestamp('2026-03-06 05:37:13.944000'), Timestamp('2026-03-06 05:37:14.191000'), Timestamp('2026-03-06 05:37:14.330000'), Timestamp('2026-03-06 05:37:15.230000'), Timestamp('2026-03-06 05:37:15.366000'), Timestamp('2026-03-06 05:37:15.628000'), Timestamp('2026-03-06 05:37:15.772000'), Timestamp('2026-03-06 05:37:16.739000'), Timestamp('2026-03-06 05:37:16.881000')]","[0.123, 0.817, 0.122, 0.236, 0.132, 0.853, 0.128, 0.247, 0.139, 0.9, 0.136, 0.262, 0.144, 0.967, 0.142]","[19.672213753920957, 19.43965075526224, 19.0857888184028, 18.86233092458773, 18.768776803528702, 18.7254752851711, 18.338527108587613, 17.9275616033255, 17.86060421454878, 17.818181818181817, 17.14291180775449, 16.902718235332408, 16.753977729587483, 16.51666045339156, 16.000711142717453, 15.712621047133041]","[2.419682291732278, 15.882194667049248, 2.328466235845142, 4.4515100982027045, 2.477478538065789, 15.972830418250949, 2.3473314698992143, 4.428107716021398, 2.4826239858222805, 16.036363636363635, 2.331436005854611, 4.428512177657091, 2.412572793060597, 15.971610658429636, 2.272100982265878]",96.24282167452047,9.92474362397524
ADTC_8_adz_raw_20260306_0550,2026-03-06 05:47:19.586,2026-03-06 05:47:29.628,"[Timestamp('2026-03-06 05:47:29.628000'), Timestamp('2026-03-06 05:47:29.715000'), Timestamp('2026-03-06 05:47:30.267000'), Timestamp('2026-03-06 05:47:30.348000'), Timestamp('2026-03-06 05:47:30.511000'), Timestamp('2026-03-06 05:47:30.603000'), Timestamp('2026-03-06 05:47:31.193000'), Timestamp('2026-03-06 05:47:31.277000'), Timestamp('2026-03-06 05:47:31.439000'), Timestamp('2026-03-06 05:47:31.529000'), Timestamp('2026-03-06 05:47:32.117000'), Timestamp('2026-03-06 05:47:32.203000'), Timestamp('2026-03-06 05:47:32.362000'), Timestamp('2026-03-06 05:47:32.454000'), Timestamp('2026-03-06 05:47:33.037000'), Timestamp('2026-03-06 05:47:33.122000'), Timestamp('2026-03-06 05:47:33.287000'), Timestamp('2026-03-06 05:47:33.375000'), Timestamp('2026-03-06 05:47:33.956000'), Timestamp('2026-03-06 05:47:34.042000'), Timestamp('2026-03-06 05:47:34.203000'), Timestamp('2026-03-06 05:47:34.290000'), Timestamp('2026-03-06 05:47:34.875000'), Timestamp('2026-03-06 05:47:34.959000'), Timestamp('2026-03-06 05:47:35.118000'), Timestamp('2026-03-06 05:47:35.209000'), Timestamp('2026-03-06 05:47:35.787000'), Timestamp('2026-03-06 05:47:35.871000'), Timestamp('2026-03-06 05:47:36.042000'), Timestamp('2026-03-06 05:47:36.123000'), Timestamp('2026-03-06 05:47:36.666000'), Timestamp('2026-03-06 05:47:36.750000')]","[0.087, 0.552, 0.081, 0.163, 0.092, 0.59, 0.084, 0.162, 0.09, 0.588, 0.086, 0.159, 0.092, 0.583, 0.085, 0.165, 0.088, 0.581, 0.086, 0.161, 0.087, 0.585, 0.084, 0.159, 0.091, 0.578, 0.084, 0.171, 0.081, 0.543, 0.084]","[27.35397978649998, 27.083034904263954, 27.708454810495624, 27.29938683017862, 27.272947386261833, 27.320864707311145, 27.710301394511916, 27.472365512159172, 27.273607748184013, 27.35597843735792, 27.6328214303464, 27.51077718930903, 27.350427350427353, 27.51077718930903, 27.78634139802962, 27.54804604515587, 27.665935818218053, 27.74589650419747, 27.90697674418604, 27.745664739884386, 27.828191167574097, 27.909099360247453, 28.11278040749125, 27.907212574470783, 27.918537117350176, 28.02973470640387, 28.07041543052076, 28.128700128700125, 28.36542658123985, 28.070175438596483, 28.360475467350888, 28.070175438596483]","[2.379796241425498, 14.949835267153704, 2.2443848396501456, 4.449800053319115, 2.5091111595360887, 16.119310177313576, 2.327665317139001, 4.450523212969786, 2.454624697336561, 16.085315321166455, 2.37642264300979, 4.374213573100136, 2.5162393162393166, 16.038783101367166, 2.361839018832518, 4.545427597450719, 2.4346023520031883, 16.12036586893873, 2.399999999999999, 4.467052023121386, 2.4210526315789465, 16.32682312574476, 2.3614735542292653, 4.437246799340855, 2.540586877678866, 16.20118666030144, 2.357914896163744, 4.810007722007722, 2.2975995530804276, 15.24210526315789, 2.382279939257475]",196.9835888036143,9.92474362397524
ADTC_8_adz_raw_20260306_0600,2026-03-06 05:53:03.549,2026-03-06 05:53:13.589,"[Timestamp('2026-03-06 05:53:13.589000'), Timestamp('2026-03-06 05:53:13.734000'), Timestamp('2026-03-06 05:53:14.729000'), Timestamp('2026-03-06 05:53:14.878000'), Timestamp('2026-03-06 05:53:15.169000'), Timestamp('2026-03-06 05:53:15.340000'), Timestamp('2026-03-06 05:53:16.404000'), Timestamp('2026-03-06 05:53:16.564000'), Timestamp('2026-03-06 05:53:16.885000'), Timestamp('2026-03-06 05:53:17.062000'), Timestamp('2026-03-06 05:53:18.212000'), Timestamp('2026-03-06 05:53:18.389000'), Timestamp('2026-03-06 05:53:18.732000'), Timestamp('2026-03-06 05:53:18.926000'), Timestamp('2026-03-06 05:53:20.163000'), Timestamp('2026-03-06 05:53:20.346000')]","[0.145, 0.995, 0.149, 0.291, 0.171, 1.064, 0.16, 0.321, 0.177, 1.15, 0.177, 0.343, 0.194, 1.237, 0.183]","[16.231327284888607, 16.054230007718377, 15.335502392344498, 15.213946117274167, 15.023805325339449, 14.985035404044089, 14.285840825545861, 14.035117718096418, 13.913774090216876, 13.829782820635149, 13.215448340679037, 12.96521234802972, 12.912189297731466, 12.903808596396455, 12.648418947631544, 12.484082895771504]","[2.353542456308848, 15.973958857679786, 2.28498985645933, 4.427258320126782, 2.569070710633046, 15.944077669902912, 2.285734532087338, 4.50527278750895, 2.4627380139683868, 15.90425024373042, 2.3391343563001894, 4.447067835374194, 2.5049647237599046, 15.962011233742416, 2.3146606674165726]",96.27873226499908,9.92474362397524
ADTC_8_adz_raw_20260306_0610,2026-03-06 06:00:58.259,2026-03-06 06:01:08.299,"[Timestamp('2026-03-06 06:01:08.299000'), Timestamp('2026-03-06 06:01:08.388000'), Timestamp('2026-03-06 06:01:08.992000'), Timestamp('2026-03-06 06:01:09.081000'), Timestamp('2026-03-06 06:01:09.250000'), Timestamp('2026-03-06 06:01:09.341000'), Timestamp('2026-03-06 06:01:09.945000'), Timestamp('2026-03-06 06:01:10.033000'), Timestamp('2026-03-06 06:01:10.202000'), Timestamp('2026-03-06 06:01:10.292000'), Timestamp('2026-03-06 06:01:10.900000'), Timestamp('2026-03-06 06:01:10.988000'), Timestamp('2026-03-06 06:01:11.156000'), Timestamp('2026-03-06 06:01:11.247000'), Timestamp('2026-03-06 06:01:11.849000'), Timestamp('2026-03-06 06:01:11.941000'), Timestamp('2026-03-06 06:01:12.106000'), Timestamp('2026-03-06 06:01:12.201000'), Timestamp('2026-03-06 06:01:12.800000'), Timestamp('2026-03-06 06:01:12.891000'), Timestamp('2026-03-06 06:01:13.061000'), Timestamp('2026-03-06 06:01:13.151000'), Timestamp('2026-03-06 06:01:13.753000'), Timestamp('2026-03-06 06:01:13.844000'), Timestamp('2026-03-06 06:01:14.004000'), Timestamp('2026-03-06 06:01:14.101000'), Timestamp('2026-03-06 06:01:14.700000'), Timestamp('2026-03-06 06:01:14.786000'), Timestamp('2026-03-06 06:01:14.948000'), Timestamp('2026-03-06 06:01:15.043000'), Timestamp('2026-03-06 06:01:15.640000'), Timestamp('2026-03-06 06:01:15.727000')]","[0.089, 0.604, 0.089, 0.169, 0.091, 0.604, 0.088, 0.169, 0.09, 0.608, 0.088, 0.168, 0.091, 0.602, 0.092, 0.165, 0.095, 0.599, 0.091, 0.17, 0.09, 0.602, 0.091, 0.16, 0.097, 0.599, 0.086, 0.162, 0.095, 0.597, 0.087]","[26.48522763596511, 26.45350823256132, 26.741154562383606, 26.410353439794136, 26.37681159420289, 26.412352406902812, 26.521158469111306, 26.158038147138964, 26.55728672441764, 26.418351124233475, 26.71248780940881, 26.41115299032741, 26.60280029476786, 26.59606308276735, 26.500959517499766, 26.578439481665285, 26.46254784034991, 26.522575327410927, 26.4856771526073, 26.44117112202219, 26.62221436966592, 26.47058823529411, 26.648186648186645, 26.60492786065837, 26.385160609259543, 26.691587052726696, 27.02792474317303, 26.6855838628092, 26.860995284673237, 26.90372042707304, 27.18037186122293, 27.128358208955223]","[2.357185259600895, 15.977918972467036, 2.379962756052141, 4.463349731325209, 2.400289855072463, 15.953060853769298, 2.333861945281795, 4.4207084468664855, 2.3901558051975873, 16.06235748353395, 2.3506989272279752, 4.437073702375005, 2.4208548268238754, 16.010829975825946, 2.4380882756099784, 4.385442514474772, 2.5139420448332412, 15.887022621119144, 2.4101966208872643, 4.4949990907437725, 2.3959992932699326, 15.935294117647054, 2.4249849849849845, 4.25678845770534, 2.559360579098176, 15.98826064458329, 2.3244015279128805, 4.32306458577509, 2.5517945520439573, 16.061521094962604, 2.364692351926395]",197.27416189899753,9.92474362397524
ADTC_8_adz_raw_20260306_0630,2026-03-06 06:22:42.208,2026-03-06 06:22:52.280,"[Timestamp('2026-03-06 06:22:52.280000'), Timestamp('2026-03-06 06:22:52.397000'), Timestamp('2026-03-06 06:22:52.747000'), Timestamp('2026-03-06 06:22:52.865000'), Timestamp('2026-03-06 06:22:53.091000'), Timestamp('2026-03-06 06:22:53.198000'), Timestamp('2026-03-06 06:22:54.016000'), Timestamp('2026-03-06 06:22:54.127000'), Timestamp('2026-03-06 06:22:54.336000'), Timestamp('2026-03-06 06:22:54.450000'), Timestamp('2026-03-06 06:22:55.299000'), Timestamp('2026-03-06 06:22:55.412000'), Timestamp('2026-03-06 06:22:55.632000'), Timestamp('2026-03-06 06:22:55.760000'), Timestamp('2026-03-06 06:22:56.632000'), Timestamp('2026-03-06 06:22:56.754000')]","[0.117, 0.35, 0.118, 0.226, 0.107, 0.818, 0.111, 0.209, 0.114, 0.849, 0.113, 0.22, 0.128, 0.872, 0.122]","[22.32860040567951, 22.134034584429035, 22.043657070547297, 21.873442949676136, 21.99546485260771, 21.78483767887741, 21.28644965264974, 21.059113300492612, 20.765518015489953, 21.11123999536017, 20.426364134346798, 20.21133252960783, 20.23184543637575, 20.219881465994558, 19.67741935483871, 19.35767135539475]","[2.612446247464503, 7.746912104550161, 2.601151534324581, 4.943398106626807, 2.353514739229025, 17.81999722132172, 2.3627959114441213, 4.401354679802956, 2.3672690537658547, 17.923442756060783, 2.308179147181188, 4.446493156513722, 2.589676215856096, 17.631736638347252, 2.400645161290323]",94.50901267377911,9.92474362397524
ADTC_8_adz_raw_20260306_0640,2026-03-06 06:37:04.826,2026-03-06 06:37:14.876,"[Timestamp('2026-03-06 06:37:14.876000'), Timestamp('2026-03-06 06:37:14.981000'), Timestamp('2026-03-06 06:37:15.689000'), Timestamp('2026-03-06 06:37:15.795000'), Timestamp('2026-03-06 06:37:15.996000'), Timestamp('2026-03-06 06:37:16.106000'), Timestamp('2026-03-06 06:37:16.839000'), Timestamp('2026-03-06 06:37:16.947000'), Timestamp('2026-03-06 06:37:17.155000'), Timestamp('2026-03-06 06:37:17.267000'), Timestamp('2026-03-06 06:37:18.017000'), Timestamp('2026-03-06 06:37:18.130000'), Timestamp('2026-03-06 06:37:18.348000'), Timestamp('2026-03-06 06:37:18.461000'), Timestamp('2026-03-06 06:37:19.240000'), Timestamp('2026-03-06 06:37:19.355000'), Timestamp('2026-03-06 06:37:19.581000'), Timestamp('2026-03-06 06:37:19.701000'), Timestamp('2026-03-06 06:37:20.507000'), Timestamp('2026-03-06 06:37:20.629000'), Timestamp('2026-03-06 06:37:20.860000'), Timestamp('2026-03-06 06:37:20.994000'), Timestamp('2026-03-06 06:37:21.830000'), Timestamp('2026-03-06 06:37:21.962000'), Timestamp('2026-03-06 06:37:22.208000'), Timestamp('2026-03-06 06:37:22.339000'), Timestamp('2026-03-06 06:37:23.226000'), Timestamp('2026-03-06 06:37:23.363000'), Timestamp('2026-03-06 06:37:23.619000'), Timestamp('2026-03-06 06:37:23.757000'), Timestamp('2026-03-06 06:37:24.709000'), Timestamp('2026-03-06 06:37:24.847000')]","[0.105, 0.708, 0.106, 0.201, 0.11, 0.733, 0.108, 0.208, 0.112, 0.75, 0.113, 0.218, 0.113, 0.779, 0.115, 0.226, 0.12, 0.806, 0.122, 0.231, 0.134, 0.836, 0.132, 0.246, 0.131, 0.887, 0.137, 0.256, 0.138, 0.952, 0.138]","[22.22984562607204, 22.38200048911714, 21.897627965043696, 22.070015220700157, 21.818632616376373, 21.897627965043696, 21.193705438294675, 21.292730786821874, 20.960698689956335, 21.149068322981368, 20.62986455419217, 20.645256770756255, 20.32567685041628, 20.49207217058502, 19.970849894255174, 20.042539837511768, 19.76145296828409, 19.757185143152356, 19.126238252476504, 19.202765198188537, 19.067455621301775, 18.865171011941303, 18.426375180981225, 18.338928623558605, 17.882117882117882, 17.9791043415132, 17.380704272428776, 17.42751713231418, 17.17550288850838, 17.176217544937778, 16.33333333333333, 16.453420746536956]","[2.3341337907375643, 15.846456346294934, 2.321148564294632, 4.436073059360732, 2.400049587801401, 16.05096129837703, 2.2889201873358247, 4.428888003658949, 2.3475982532751094, 15.861801242236027, 2.3311746946237153, 4.500665976024863, 2.2968014840970397, 15.96332422088573, 2.2966477378393453, 4.5296140032776595, 2.3713743561940905, 15.924291225380799, 2.3334010668021334, 4.435838760781552, 2.555039053254438, 15.771282965982929, 2.4322815238895217, 4.5113764413954165, 2.3425574425574425, 15.947465550922209, 2.3811564853227427, 4.46144438587243, 2.3702193986141564, 16.351759102780765, 2.2539999999999996]",196.67774620987115,9.92474362397524
ADTC_8_adz_raw_20260306_0700,2026-03-06 06:53:25.722,2026-03-06 06:53:35.756,"[Timestamp('2026-03-06 06:53:35.756000'), Timestamp('2026-03-06 06:53:35.860000'), Timestamp('2026-03-06 06:53:36.570000'), Timestamp('2026-03-06 06:53:36.681000'), Timestamp('2026-03-06 06:53:36.887000'), Timestamp('2026-03-06 06:53:37'), Timestamp('2026-03-06 06:53:37.764000'), Timestamp('2026-03-06 06:53:37.878000'), Timestamp('2026-03-06 06:53:38.089000'), Timestamp('2026-03-06 06:53:38.217000'), Timestamp('2026-03-06 06:53:39.034000'), Timestamp('2026-03-06 06:53:39.165000'), Timestamp('2026-03-06 06:53:39.400000'), Timestamp('2026-03-06 06:53:39.533000'), Timestamp('2026-03-06 06:53:40.416000'), Timestamp('2026-03-06 06:53:40.548000'), Timestamp('2026-03-06 06:53:40.809000'), Timestamp('2026-03-06 06:53:40.960000'), Timestamp('2026-03-06 06:53:41.903000'), Timestamp('2026-03-06 06:53:42.051000'), Timestamp('2026-03-06 06:53:42.333000'), Timestamp('2026-03-06 06:53:42.487000'), Timestamp('2026-03-06 06:53:43.515000'), Timestamp('2026-03-06 06:53:43.671000'), Timestamp('2026-03-06 06:53:43.980000'), Timestamp('2026-03-06 06:53:44.150000'), Timestamp('2026-03-06 06:53:45.265000'), Timestamp('2026-03-06 06:53:45.432000'), Timestamp('2026-03-06 06:53:45.767000'), Timestamp('2026-03-06 06:53:45.956000'), Timestamp('2026-03-06 06:53:47.200000'), Timestamp('2026-03-06 06:53:47.391000')]","[0.104, 0.71, 0.111, 0.206, 0.113, 0.764, 0.114, 0.211, 0.128, 0.817, 0.131, 0.235, 0.133, 0.883, 0.132, 0.261, 0.151, 0.943, 0.148, 0.282, 0.154, 1.028, 0.156, 0.309, 0.17, 1.115, 0.167, 0.335, 0.189, 1.244, 0.191]","[22.67535248973764, 22.46305418719212, 21.648226488773183, 21.435406698564595, 21.059113300492612, 21.118895319321755, 20.470572188501666, 20.09432351125182, 19.453067257945303, 19.737476017005736, 18.61031276415892, 18.594325400694515, 18.269655597001414, 18.075541479796797, 17.392731366454534, 17.007814706713116, 16.90329460488301, 16.88095149875875, 16.12228207225246, 15.894214006118217, 15.737747212435401, 15.546650441642363, 14.84919681693551, 14.524280377938915, 14.523449319213311, 14.290271132376397, 13.550083672005737, 13.259693804550004, 13.001951319708327, 12.869765862126595, 12.105946110983894, 11.793682990437553]","[2.3582366589327144, 15.948768472906405, 2.4029531402538233, 4.415693779904307, 2.3796798029556654, 16.13483602396182, 2.33364522948919, 4.239902260874134, 2.489992609016999, 16.125517905893684, 2.4379509721048187, 4.369666469163211, 2.4298641944011883, 15.960703126660572, 2.2958405403719984, 4.439039638452123, 2.5523974853373343, 15.918737263329502, 2.386097746693364, 4.482168349725336, 2.4236130707150516, 15.98195665400835, 2.3164747034419397, 4.488002636783125, 2.468986384266263, 15.933652312599682, 2.2628639732249582, 4.441997424524252, 2.457368799424874, 16.009988732485485, 2.3122357071979236]",197.19883206910012,9.92474362397524
ADTC_8_adz_raw_20260306_0710,2026-03-06 07:00:59.264,2026-03-06 07:01:00.868,"[Timestamp('2026-03-06 07:01:00.868000'), Timestamp('2026-03-06 07:01:00.963000'), Timestamp('2026-03-06 07:01:01.583000'), Timestamp('2026-03-06 07:01:01.677000'), Timestamp('2026-03-06 07:01:01.828000'), Timestamp('2026-03-06 07:01:01.922000'), Timestamp('2026-03-06 07:01:02.585000'), Timestamp('2026-03-06 07:01:02.682000'), Timestamp('2026-03-06 07:01:02.817000'), Timestamp('2026-03-06 07:01:02.919000'), Timestamp('2026-03-06 07:01:03.581000'), Timestamp('2026-03-06 07:01:03.672000'), Timestamp('2026-03-06 07:01:03.817000'), Timestamp('2026-03-06 07:01:03.913000'), Timestamp('2026-03-06 07:01:04.575000'), Timestamp('2026-03-06 07:01:04.666000'), Timestamp('2026-03-06 07:01:04.804000'), Timestamp('2026-03-06 07:01:04.907000'), Timestamp('2026-03-06 07:01:05.569000'), Timestamp('2026-03-06 07:01:05.662000'), Timestamp('2026-03-06 07:01:05.811000'), Timestamp('2026-03-06 07:01:05.909000'), Timestamp('2026-03-06 07:01:06.529000'), Timestamp('2026-03-06 07:01:06.623000'), Timestamp('2026-03-06 07:01:06.877000'), Timestamp('2026-03-06 07:01:06.970000'), Timestamp('2026-03-06 07:01:07.588000'), Timestamp('2026-03-06 07:01:07.684000'), Timestamp('2026-03-06 07:01:07.836000'), Timestamp('2026-03-06 07:01:07.930000'), Timestamp('2026-03-06 07:01:08.594000'), Timestamp('2026-03-06 07:01:08.684000'), Timestamp('2026-03-06 07:01:08.825000'), Timestamp('2026-03-06 07:01:08.925000'), Timestamp('2026-03-06 07:01:09.585000'), Timestamp('2026-03-06 07:01:09.677000'), Timestamp('2026-03-06 07:01:09.818000'), Timestamp('2026-03-06 07:01:09.915000'), Timestamp('2026-03-06 07:01:10.575000'), Timestamp('2026-03-06 07:01:10.671000'), Timestamp('2026-03-06 07:01:10.811000'), Timestamp('2026-03-06 07:01:10.911000'), Timestamp('2026-03-06 07:01:11.572000'), Timestamp('2026-03-06 07:01:11.664000'), Timestamp('2026-03-06 07:01:11.814000'), Timestamp('2026-03-06 07:01:11.911000'), Timestamp('2026-03-06 07:01:12.527000'), Timestamp('2026-03-06 07:01:12.624000')]","[0.095, 0.62, 0.094, 0.151, 0.094, 0.663, 0.097, 0.135, 0.102, 0.662, 0.091, 0.145, 0.096, 0.662, 0.091, 0.138, 0.103, 0.662, 0.093, 0.149, 0.098, 0.62, 0.094, 0.254, 0.093, 0.618, 0.096, 0.152, 0.094, 0.664, 0.09, 0.141, 0.1, 0.66, 0.092, 0.141, 0.097, 0.66, 0.096, 0.14, 0.1, 0.661, 0.092, 0.15, 0.097, 0.616, 0.097]","[25.165945165945168, 25.167328651337947, 25.297540516894195, 25.032637075718018, 25.001525972044192, 25.13157894736843, 25.269457759552242, 25.39842519685039, 24.967870236339778, 25.032637075718018, 25.329815303430077, 25.10322951133474, 25.231049774130717, 25.167328651337947, 25.296837895263096, 24.90276562815423, 25.06954671903126, 25.068008426908836, 25.46867083262962, 25.137091467427073, 25.176325015467107, 25.230004144218817, 25.365445026178012, 25.231049774130717, 25.435862882169623, 25.26315789473685, 25.33845896707337, 25.277337010372854, 25.165945165945168, 25.26315789473685, 25.63788062468801, 25.207964327312073, 25.37926410191937, 25.534804753820033, 25.604551920341393, 25.403225806451612, 25.312304592510245, 25.57261372572635, 25.55794720743174, 25.454085717897925, 25.510139349982026, 25.602913042550618, 25.723140495867774, 25.58991396200698, 25.53083280356008, 25.59427451648633, 25.628119268011776, 25.49001655104412]","[2.390764790764791, 15.603743763829527, 2.3779688085880544, 3.7799281984334208, 2.350143441372154, 16.66223684210527, 2.4511374026765678, 3.428787401574803, 2.546722764106657, 16.57160574412533, 2.305013192612137, 3.639968279143537, 2.422180778316549, 16.660771567185723, 2.302012248468942, 3.4365816566852843, 2.5821633120602194, 16.59502157861365, 2.3685863874345547, 3.7454266286466336, 2.4672798515157766, 15.642602569415667, 2.3843518324607333, 6.408686642629203, 2.365535248041775, 15.612631578947372, 2.432492060839044, 3.8421552255766738, 2.365598845598846, 16.77473684210527, 2.307409256221921, 3.5543229701510017, 2.5379264101919374, 16.852971137521223, 2.3556187766714083, 3.581854838709677, 2.4552935454734937, 16.87792505897939, 2.453562931913447, 3.56357200050571, 2.5510139349982026, 16.92352552112596, 2.366528925619835, 3.838487094301047, 2.476490781945328, 15.766073102155579, 2.4859275689971425]",297.46533933935643,9.92474362397524
ADTC_8_adz_raw_20260306_0730,2026-03-06 07:27:14.611,2026-03-06 07:27:24.711,"[Timestamp('2026-03-06 07:27:24.711000'), Timestamp('2026-03-06 07:27:24.832000'), Timestamp('2026-03-06 07:27:25.203000'), Timestamp('2026-03-06 07:27:25.323000'), Timestamp('2026-03-06 07:27:25.561000'), Timestamp('2026-03-06 07:27:25.672000'), Timestamp('2026-03-06 07:27:26.532000'), Timestamp('2026-03-06 07:27:26.645000'), Timestamp('2026-03-06 07:27:26.863000'), Timestamp('2026-03-06 07:27:26.983000'), Timestamp('2026-03-06 07:27:27.870000'), Timestamp('2026-03-06 07:27:27.987000'), Timestamp('2026-03-06 07:27:28.216000'), Timestamp('2026-03-06 07:27:28.338000'), Timestamp('2026-03-06 07:27:29.260000'), Timestamp('2026-03-06 07:27:29.380000'), Timestamp('2026-03-06 07:27:29.657000'), Timestamp('2026-03-06 07:27:29.792000'), Timestamp('2026-03-06 07:27:30.211000'), Timestamp('2026-03-06 07:27:30.356000'), Timestamp('2026-03-06 07:27:30.629000'), Timestamp('2026-03-06 07:27:30.766000'), Timestamp('2026-03-06 07:27:31.771000'), Timestamp('2026-03-06 07:27:31.907000'), Timestamp('2026-03-06 07:27:32.171000'), Timestamp('2026-03-06 07:27:32.321000'), Timestamp('2026-03-06 07:27:33.402000'), Timestamp('2026-03-06 07:27:33.542000'), Timestamp('2026-03-06 07:27:33.830000'), Timestamp('2026-03-06 07:27:33.992000'), Timestamp('2026-03-06 07:27:35.155000'), Timestamp('2026-03-06 07:27:35.318000'), Timestamp('2026-03-06 07:27:35.662000'), Timestamp('2026-03-06 07:27:35.862000'), Timestamp('2026-03-06 07:27:36.407000'), Timestamp('2026-03-06 07:27:36.595000'), Timestamp('2026-03-06 07:27:36.970000'), Timestamp('2026-03-06 07:27:37.147000'), Timestamp('2026-03-06 07:27:38.541000'), Timestamp('2026-03-06 07:27:38.744000'), Timestamp('2026-03-06 07:27:39.117000'), Timestamp('2026-03-06 07:27:39.340000'), Timestamp('2026-03-06 07:27:40.946000'), Timestamp('2026-03-06 07:27:41.189000'), Timestamp('2026-03-06 07:27:41.620000'), Timestamp('2026-03-06 07:27:41.879000'), Timestamp('2026-03-06 07:27:43.746000'), Timestamp('2026-03-06 07:27:44.027000')]","[0.121, 0.371, 0.12, 0.238, 0.111, 0.86, 0.113, 0.218, 0.12, 0.887, 0.117, 0.229, 0.122, 0.922, 0.12, 0.277, 0.135, 0.419, 0.145, 0.273, 0.137, 1.005, 0.136, 0.264, 0.15, 1.081, 0.14, 0.288, 0.162, 1.163, 0.163, 0.344, 0.2, 0.545, 0.188, 0.375, 0.177, 1.3940000000000001, 0.203, 0.373, 0.223, 1.6059999999999999, 0.243, 0.431, 0.259, 1.867, 0.281]","[21.333438683647817, 21.15040253898004, 21.26457082303073, 20.78165486671758, 20.869663845292273, 20.769597799545313, 20.383635748901156, 20.15065415620457, 20.063243592655354, 20.01050899126711, 19.713273739247768, 19.452907506713416, 19.374389051808404, 19.341016068819997, 18.87951238755289, 18.55282026768643, 18.497178497178496, 18.36376404494382, 17.92731153097734, 17.810821974390745, 17.744977449774495, 17.681716884940627, 16.871756856931057, 16.667470460573906, 16.596736596736598, 16.537774427700654, 15.726092089728452, 15.55932069821506, 15.471645186928265, 15.289105295191721, 14.448335062217168, 14.138714883131758, 13.730830572935837, 13.979604597974024, 13.511778829010861, 13.151573384578429, 13.052399631764388, 12.704836961944658, 11.80097193007906, 11.511056157805445, 11.29425833678205, 11.147954644711515, 10.021411876236085, 9.782067040962094, 9.629235401766445, 9.49763968153315, 8.68784684230182, 8.419822203082223]","[2.581346080721386, 7.846799341961594, 2.5517484987636876, 4.946033858278784, 2.3165326868274425, 17.86185410760897, 2.3033508396258306, 4.3928426060525965, 2.407589231118642, 17.749321475253925, 2.306453027491989, 4.454715819037372, 2.3636754643206253, 17.83241681545204, 2.2655414865063466, 5.139131214149141, 2.497119097119097, 7.69441713483146, 2.5994601719917143, 4.862354399008674, 2.431061910619106, 17.77012546936533, 2.294558932542624, 4.400212201591511, 2.4895104895104896, 17.877334156344407, 2.2016528925619836, 4.481084361085937, 2.506406520282379, 17.781229458307973, 2.3550786151413985, 4.863717919797325, 2.7461661145871674, 7.618884505895844, 2.540214419854042, 4.931840019216911, 2.3102747348222965, 17.710542724950855, 2.3955973018060495, 4.293623946861431, 2.518619609102397, 17.90361515940669, 2.4352030859253686, 4.216070894654663, 2.4939719690575095, 17.73209328542239, 2.4412849626868116]",292.71267901752213,9.92474362397524
ADTC_8_adz_raw_20260306_0740,2026-03-06 07:38:18.704,2026-03-06 07:38:28.779,"[Timestamp('2026-03-06 07:38:28.779000'), Timestamp('2026-03-06 07:38:28.887000'), Timestamp('2026-03-06 07:38:29.643000'), Timestamp('2026-03-06 07:38:29.751000'), Timestamp('2026-03-06 07:38:29.967000'), Timestamp('2026-03-06 07:38:30.083000'), Timestamp('2026-03-06 07:38:30.859000'), Timestamp('2026-03-06 07:38:30.974000'), Timestamp('2026-03-06 07:38:31.200000'), Timestamp('2026-03-06 07:38:31.316000'), Timestamp('2026-03-06 07:38:32.124000'), Timestamp('2026-03-06 07:38:32.241000'), Timestamp('2026-03-06 07:38:32.467000'), Timestamp('2026-03-06 07:38:32.601000'), Timestamp('2026-03-06 07:38:33.437000'), Timestamp('2026-03-06 07:38:33.563000'), Timestamp('2026-03-06 07:38:33.807000'), Timestamp('2026-03-06 07:38:33.939000'), Timestamp('2026-03-06 07:38:34.823000'), Timestamp('2026-03-06 07:38:34.957000'), Timestamp('2026-03-06 07:38:35.217000'), Timestamp('2026-03-06 07:38:35.361000'), Timestamp('2026-03-06 07:38:36.295000'), Timestamp('2026-03-06 07:38:36.441000'), Timestamp('2026-03-06 07:38:36.721000'), Timestamp('2026-03-06 07:38:36.874000'), Timestamp('2026-03-06 07:38:37.889000'), Timestamp('2026-03-06 07:38:38.039000'), Timestamp('2026-03-06 07:38:38.349000'), Timestamp('2026-03-06 07:38:38.515000'), Timestamp('2026-03-06 07:38:39.634000'), Timestamp('2026-03-06 07:38:39.807000')]","[0.108, 0.756, 0.108, 0.216, 0.116, 0.776, 0.115, 0.226, 0.116, 0.808, 0.117, 0.226, 0.134, 0.836, 0.126, 0.244, 0.132, 0.884, 0.134, 0.26, 0.144, 0.934, 0.146, 0.28, 0.153, 1.015, 0.15, 0.31, 0.166, 1.119, 0.173]","[21.57303370786517, 21.238938053097346, 21.05263157894737, 20.600858369098713, 20.512820512820515, 20.600858369098713, 20.12578616352201, 19.834710743801654, 19.834710743801654, 19.753086419753085, 19.393939393939394, 18.89763779527559, 18.71345029239766, 18.972332015810277, 18.011257035647283, 18.045112781954884, 17.679558011049725, 17.843866171003715, 17.204301075268816, 17.081850533807827, 16.901408450704224, 16.63778162911612, 16.0, 15.711947626841244, 15.711947626841244, 15.686274509803921, 14.678899082568806, 14.457831325301205, 14.349775784753362, 14.26448736998514, 13.333333333333334, 13.114754098360656]","[2.3298876404494386, 16.056637168141595, 2.2736842105263158, 4.449785407725322, 2.37948717948718, 15.986266094420602, 2.3144654088050314, 4.482644628099174, 2.300826446280992, 15.960493827160494, 2.2690909090909095, 4.2708661417322835, 2.5076023391812865, 15.86086956521739, 2.269418386491558, 4.403007518796992, 2.3337016574585636, 15.773977695167284, 2.3053763440860213, 4.4412811387900355, 2.433802816901408, 15.539688041594456, 2.336, 4.399345335515549, 2.4039279869067105, 15.921568627450979, 2.201834862385321, 4.481927710843373, 2.382062780269058, 15.961961367013371, 2.3066666666666666]",195.33815590265536,9.92474362397524
ADTC_8_adz_raw_20260306_0800,2026-03-06 07:53:16.006,2026-03-06 07:53:26.087,"[Timestamp('2026-03-06 07:53:26.087000'), Timestamp('2026-03-06 07:53:26.176000'), Timestamp('2026-03-06 07:53:26.849000'), Timestamp('2026-03-06 07:53:26.953000'), Timestamp('2026-03-06 07:53:27.143000'), Timestamp('2026-03-06 07:53:27.251000'), Timestamp('2026-03-06 07:53:27.957000'), Timestamp('2026-03-06 07:53:28.064000'), Timestamp('2026-03-06 07:53:28.270000'), Timestamp('2026-03-06 07:53:28.376000'), Timestamp('2026-03-06 07:53:29.129000'), Timestamp('2026-03-06 07:53:29.238000'), Timestamp('2026-03-06 07:53:29.457000'), Timestamp('2026-03-06 07:53:29.577000'), Timestamp('2026-03-06 07:53:30.372000'), Timestamp('2026-03-06 07:53:30.494000'), Timestamp('2026-03-06 07:53:30.727000'), Timestamp('2026-03-06 07:53:30.861000'), Timestamp('2026-03-06 07:53:31.723000'), Timestamp('2026-03-06 07:53:31.852000'), Timestamp('2026-03-06 07:53:32.103000'), Timestamp('2026-03-06 07:53:32.245000'), Timestamp('2026-03-06 07:53:33.189000'), Timestamp('2026-03-06 07:53:33.335000'), Timestamp('2026-03-06 07:53:33.602000'), Timestamp('2026-03-06 07:53:33.770000'), Timestamp('2026-03-06 07:53:34.804000'), Timestamp('2026-03-06 07:53:34.950000'), Timestamp('2026-03-06 07:53:35.261000'), Timestamp('2026-03-06 07:53:35.425000'), Timestamp('2026-03-06 07:53:36.532000'), Timestamp('2026-03-06 07:53:36.692000')]","[0.089, 0.673, 0.104, 0.19, 0.108, 0.706, 0.107, 0.206, 0.106, 0.753, 0.109, 0.219, 0.12, 0.795, 0.122, 0.233, 0.134, 0.862, 0.129, 0.251, 0.142, 0.944, 0.146, 0.267, 0.168, 1.034, 0.146, 0.311, 0.164, 1.107, 0.16]","[24.254952627045647, 23.73391030107448, 23.45108987436916, 23.03231151615576, 22.749326145552565, 22.93377120963328, 21.927066222368232, 22.02576408183885, 21.609358383551932, 21.535490101400292, 20.87587928295893, 20.469455393554192, 20.23562023562023, 20.20806587276993, 19.263373988648716, 19.011764705882353, 18.67767906823576, 18.830769230769228, 17.893771366630535, 17.298195831939978, 17.101956902459452, 17.07963538141356, 16.054634080860453, 15.897569468244068, 15.497185741088177, 15.665412993866402, 15.09616834838681, 14.578663345786634, 14.591317002182876, 14.420786719595815, 13.96370283547796, 13.727181667654694]","[2.1586907838070624, 15.972921632623127, 2.4389133469343927, 4.376139188069595, 2.456927223719677, 16.191242474001097, 2.3461960857934008, 4.537307400858803, 2.2905919886565047, 16.21622404635442, 2.2754708418425236, 4.482810731188368, 2.4282744282744275, 16.065412368852094, 2.3501316266151435, 4.429741176470588, 2.5028089951435923, 16.232123076923074, 2.308296506295339, 4.341847153816935, 2.428477880149242, 16.1231758000544, 2.343976575805626, 4.244651048021167, 2.603527204502814, 16.198037035657862, 2.204040578864474, 4.533964300539643, 2.3929759883579917, 15.963810898592568, 2.234192453676474]",197.67290084046238,9.92474362397524
ADTC_8_adz_raw_20260306_0810,2026-03-06 08:05:57.670,2026-03-06 08:06:07.737,"[Timestamp('2026-03-06 08:06:07.737000'), Timestamp('2026-03-06 08:06:07.838000'), Timestamp('2026-03-06 08:06:08.155000'), Timestamp('2026-03-06 08:06:08.254000'), Timestamp('2026-03-06 08:06:08.451000'), Timestamp('2026-03-06 08:06:08.543000'), Timestamp('2026-03-06 08:06:09.163000'), Timestamp('2026-03-06 08:06:09.248000'), Timestamp('2026-03-06 08:06:09.455000'), Timestamp('2026-03-06 08:06:09.546000'), Timestamp('2026-03-06 08:06:10.166000'), Timestamp('2026-03-06 08:06:10.254000'), Timestamp('2026-03-06 08:06:10.454000'), Timestamp('2026-03-06 08:06:10.543000'), Timestamp('2026-03-06 08:06:11.177000'), Timestamp('2026-03-06 08:06:11.265000'), Timestamp('2026-03-06 08:06:11.457000'), Timestamp('2026-03-06 08:06:11.544000'), Timestamp('2026-03-06 08:06:12.180000'), Timestamp('2026-03-06 08:06:12.270000'), Timestamp('2026-03-06 08:06:12.463000'), Timestamp('2026-03-06 08:06:12.553000'), Timestamp('2026-03-06 08:06:13.186000'), Timestamp('2026-03-06 08:06:13.276000'), Timestamp('2026-03-06 08:06:13.472000'), Timestamp('2026-03-06 08:06:13.564000'), Timestamp('2026-03-06 08:06:14.184000'), Timestamp('2026-03-06 08:06:14.272000'), Timestamp('2026-03-06 08:06:14.476000'), Timestamp('2026-03-06 08:06:14.570000'), Timestamp('2026-03-06 08:06:15.188000'), Timestamp('2026-03-06 08:06:15.276000'), Timestamp('2026-03-06 08:06:15.483000'), Timestamp('2026-03-06 08:06:15.574000'), Timestamp('2026-03-06 08:06:16.190000'), Timestamp('2026-03-06 08:06:16.279000'), Timestamp('2026-03-06 08:06:16.477000'), Timestamp('2026-03-06 08:06:16.568000'), Timestamp('2026-03-06 08:06:17.204000'), Timestamp('2026-03-06 08:06:17.293000')]","[0.101, 0.317, 0.099, 0.197, 0.092, 0.62, 0.085, 0.207, 0.091, 0.62, 0.088, 0.2, 0.089, 0.634, 0.088, 0.192, 0.087, 0.636, 0.09, 0.193, 0.09, 0.633, 0.09, 0.196, 0.092, 0.62, 0.088, 0.204, 0.094, 0.618, 0.088, 0.207, 0.091, 0.616, 0.089, 0.198, 0.091, 0.636, 0.089]","[25.98148365170514, 26.23127057716858, 25.98338680613545, 26.19962469841837, 25.98148365170514, 26.30215956943725, 25.84160568074777, 26.33749811832003, 25.984909530437328, 26.23264148126026, 25.95068493150685, 26.15823235923021, 26.059668508287288, 26.276453936825074, 25.99481159037946, 26.345826619885855, 26.194163192376408, 26.265832260382666, 26.325279480706815, 26.351778775190525, 26.19767389912287, 26.427954741673098, 26.215241558131908, 26.45913215139896, 26.317370666346203, 26.431958309978636, 26.148053719130765, 26.504996344138434, 26.334776334776336, 26.37362637362638, 26.257734732311, 26.593103448275855, 26.340121326928717, 26.56494851665278, 26.475213675213674, 26.770858416772178, 26.56494851665278, 26.74726807719135, 26.464431973305025, 26.679000925069385]","[2.6241298488222196, 8.31531277296244, 2.5723552938074095, 5.161326065588419, 2.3902964959568727, 16.307338933051096, 2.1965364828635603, 5.451862110492246, 2.364626767269797, 16.26423771838136, 2.2836602739726026, 5.231646471846043, 2.3193104972375687, 16.6592717959471, 2.2875434199533924, 5.058398711018084, 2.2788921977367473, 16.705069317603375, 2.3692751532636134, 5.085893303611772, 2.357790650921058, 16.72889535147907, 2.3593717402318717, 5.185989901674197, 2.4211981013038506, 16.387814152186756, 2.3010287272835073, 5.40701925420424, 2.4754689754689756, 16.2989010989011, 2.3106806564433677, 5.504772413793102, 2.3969510407505132, 16.364008286258112, 2.356294017094017, 5.300629966520892, 2.417410315015403, 17.0112624970937, 2.355334445624147]",251.8678052236336,9.92474362397524
ADTC_8_adz_raw_20260306_0830,2026-03-06 08:23:47.226,2026-03-06 08:23:57.309,"[Timestamp('2026-03-06 08:23:57.309000'), Timestamp('2026-03-06 08:23:57.431000'), Timestamp('2026-03-06 08:23:57.801000'), Timestamp('2026-03-06 08:23:57.917000'), Timestamp('2026-03-06 08:23:58.150000'), Timestamp('2026-03-06 08:23:58.265000'), Timestamp('2026-03-06 08:23:59.112000'), Timestamp('2026-03-06 08:23:59.227000'), Timestamp('2026-03-06 08:23:59.437000'), Timestamp('2026-03-06 08:23:59.558000'), Timestamp('2026-03-06 08:24:00.433000'), Timestamp('2026-03-06 08:24:00.547000'), Timestamp('2026-03-06 08:24:00.772000'), Timestamp('2026-03-06 08:24:00.894000'), Timestamp('2026-03-06 08:24:01.798000'), Timestamp('2026-03-06 08:24:01.920000'), Timestamp('2026-03-06 08:24:02.180000'), Timestamp('2026-03-06 08:24:02.321000'), Timestamp('2026-03-06 08:24:02.729000'), Timestamp('2026-03-06 08:24:02.870000'), Timestamp('2026-03-06 08:24:03.132000'), Timestamp('2026-03-06 08:24:03.265000'), Timestamp('2026-03-06 08:24:04.245000'), Timestamp('2026-03-06 08:24:04.381000'), Timestamp('2026-03-06 08:24:04.637000'), Timestamp('2026-03-06 08:24:04.778000'), Timestamp('2026-03-06 08:24:05.818000'), Timestamp('2026-03-06 08:24:05.959000'), Timestamp('2026-03-06 08:24:06.237000'), Timestamp('2026-03-06 08:24:06.388000'), Timestamp('2026-03-06 08:24:07.512000'), Timestamp('2026-03-06 08:24:07.669000')]","[0.122, 0.37, 0.116, 0.233, 0.115, 0.847, 0.115, 0.21, 0.121, 0.875, 0.114, 0.225, 0.122, 0.904, 0.122, 0.26, 0.141, 0.408, 0.141, 0.262, 0.133, 0.98, 0.136, 0.256, 0.141, 1.04, 0.141, 0.278, 0.151, 1.124, 0.157]","[21.38944025406908, 21.31409308652197, 21.384664996403142, 20.983631620689323, 20.916621175800437, 21.10909749909387, 20.759692532121413, 20.65471370734528, 20.29924941772876, 20.425993759327092, 20.06639874191857, 19.678824512839036, 19.7338065661047, 19.690735082107775, 19.258257678192003, 19.1076747575892, 18.994238476953903, 18.931710615280593, 18.60639820306426, 18.411297440423652, 18.350312191915876, 18.095525461031933, 17.455468719006625, 17.345319936541514, 17.308310782934683, 16.94829760403531, 16.45593419506463, 16.121463700762533, 15.960110778823775, 15.888817702429646, 15.035248060988712, 14.681095844284606]","[2.6095117109964274, 7.886214442013129, 2.4806211395827646, 4.889186167620612, 2.4054114352170504, 17.87940558173251, 2.3873646411939626, 4.337489878542509, 2.45620917954518, 17.872744539411205, 2.287569456578717, 4.427735515388783, 2.4075244010647734, 17.80042451422543, 2.349507436739424, 4.967995436973193, 2.6781876252505, 7.724137931034481, 2.6235021466320605, 4.823759929390997, 2.4405915215248117, 17.733614951811294, 2.373943745784901, 4.440401903754628, 2.44047182039379, 17.626229508196722, 2.3202867215041123, 4.481766908811984, 2.4099767276023902, 17.859031097530924, 2.3605339455752277]",193.78135196162455,9.92474362397524
ADTC_8_adz_raw_20260306_0840,2026-03-06 08:38:42.298,2026-03-06 08:38:52.353,"[Timestamp('2026-03-06 08:38:52.353000'), Timestamp('2026-03-06 08:38:52.460000'), Timestamp('2026-03-06 08:38:53.207000'), Timestamp('2026-03-06 08:38:53.320000'), Timestamp('2026-03-06 08:38:53.534000'), Timestamp('2026-03-06 08:38:53.647000'), Timestamp('2026-03-06 08:38:54.420000'), Timestamp('2026-03-06 08:38:54.536000'), Timestamp('2026-03-06 08:38:54.755000'), Timestamp('2026-03-06 08:38:54.875000'), Timestamp('2026-03-06 08:38:55.679000'), Timestamp('2026-03-06 08:38:55.798000'), Timestamp('2026-03-06 08:38:56.029000'), Timestamp('2026-03-06 08:38:56.156000'), Timestamp('2026-03-06 08:38:56.990000'), Timestamp('2026-03-06 08:38:57.114000'), Timestamp('2026-03-06 08:38:57.358000'), Timestamp('2026-03-06 08:38:57.487000'), Timestamp('2026-03-06 08:38:58.368000'), Timestamp('2026-03-06 08:38:58.500000'), Timestamp('2026-03-06 08:38:58.758000'), Timestamp('2026-03-06 08:38:58.908000'), Timestamp('2026-03-06 08:38:59.837000'), Timestamp('2026-03-06 08:38:59.988000'), Timestamp('2026-03-06 08:39:00.255000'), Timestamp('2026-03-06 08:39:00.411000'), Timestamp('2026-03-06 08:39:01.425000'), Timestamp('2026-03-06 08:39:01.578000'), Timestamp('2026-03-06 08:39:01.889000'), Timestamp('2026-03-06 08:39:02.054000'), Timestamp('2026-03-06 08:39:03.166000'), Timestamp('2026-03-06 08:39:03.338000')]","[0.107, 0.747, 0.113, 0.214, 0.113, 0.773, 0.116, 0.219, 0.12, 0.804, 0.119, 0.231, 0.127, 0.834, 0.124, 0.244, 0.129, 0.881, 0.132, 0.258, 0.15, 0.929, 0.151, 0.267, 0.156, 1.014, 0.153, 0.311, 0.165, 1.112, 0.172]","[20.987843107271196, 21.217567989996873, 20.762216506897357, 20.734437975817286, 20.425531914893618, 20.66932418652081, 20.08376990848334, 20.16949152542373, 19.917098177967738, 19.8965653511108, 19.184054811585177, 19.39465177784308, 19.068809619617962, 19.03190059651522, 18.46590909090909, 18.532887601882805, 18.19946091644205, 18.268332428028245, 17.615627809258307, 17.744977449774495, 17.222847948511664, 16.994557605722505, 16.524019019686264, 16.317853862550617, 16.244073386930527, 16.026755852842804, 15.227629513343796, 15.384615384615381, 14.679036360915758, 14.6838427212259, 13.785254824344383, 13.727181667654694]","[2.245699212478018, 15.849523288527664, 2.3461304652794013, 4.437169726824899, 2.308085106382979, 15.977387596180588, 2.3297173093840677, 4.417118644067797, 2.3900517813561284, 15.996838542293085, 2.282902522578636, 4.480164560681752, 2.421738821691481, 15.872605097493693, 2.289772727272727, 4.522024574859405, 2.3477304582210246, 16.094400869092883, 2.3252628708220966, 4.57820418204182, 2.5834271922767496, 15.787944015716208, 2.4951268719726256, 4.356866981301015, 2.534075448361162, 16.251130434782603, 2.3298273155416007, 4.784615384615384, 2.4220409995511, 16.328433106003203, 2.3710638297872335]",197.757079937439,9.92474362397524
ADTC_8_adz_raw_20260306_0900,2026-03-06 08:54:22.922,2026-03-06 08:54:32.964,"[Timestamp('2026-03-06 08:54:32.964000'), Timestamp('2026-03-06 08:54:33.064000'), Timestamp('2026-03-06 08:54:33.748000'), Timestamp('2026-03-06 08:54:33.853000'), Timestamp('2026-03-06 08:54:34.050000'), Timestamp('2026-03-06 08:54:34.156000'), Timestamp('2026-03-06 08:54:34.880000'), Timestamp('2026-03-06 08:54:34.988000'), Timestamp('2026-03-06 08:54:35.199000'), Timestamp('2026-03-06 08:54:35.312000'), Timestamp('2026-03-06 08:54:36.082000'), Timestamp('2026-03-06 08:54:36.198000'), Timestamp('2026-03-06 08:54:36.427000'), Timestamp('2026-03-06 08:54:36.547000'), Timestamp('2026-03-06 08:54:37.381000'), Timestamp('2026-03-06 08:54:37.505000')]","[0.1, 0.684, 0.105, 0.197, 0.106, 0.724, 0.108, 0.211, 0.113, 0.77, 0.116, 0.229, 0.12, 0.834, 0.124]","[23.674799912423673, 23.419649657273425, 22.750859222319566, 22.543161422618134, 22.457645668257236, 22.209622029890987, 21.55210643015521, 21.177981437160703, 21.084912483726313, 20.916073968705547, 20.025754359099288, 19.67741935483871, 19.603593992231907, 19.32912007778318, 18.454447415461438, 17.986611090059363]","[2.367479991242367, 16.019040365575023, 2.3888402183435544, 4.441002800255773, 2.380510440835267, 16.079766349641073, 2.3276274944567628, 4.4685540832409085, 2.3825951106610734, 16.10537695590327, 2.3229875056555174, 4.506129032258065, 2.352431279067829, 16.120486144871172, 2.2883514795172184]",96.55117925152487,9.92474362397524
ADTC_8_adz_raw_20260306_0910,2026-03-06 09:00:44.560,2026-03-06 09:00:54.598,"[Timestamp('2026-03-06 09:00:54.598000'), Timestamp('2026-03-06 09:00:54.688000'), Timestamp('2026-03-06 09:00:55.283000'), Timestamp('2026-03-06 09:00:55.371000'), Timestamp('2026-03-06 09:00:55.538000'), Timestamp('2026-03-06 09:00:55.630000'), Timestamp('2026-03-06 09:00:56.230000'), Timestamp('2026-03-06 09:00:56.318000'), Timestamp('2026-03-06 09:00:56.483000'), Timestamp('2026-03-06 09:00:56.576000'), Timestamp('2026-03-06 09:00:57.174000'), Timestamp('2026-03-06 09:00:57.262000'), Timestamp('2026-03-06 09:00:57.428000'), Timestamp('2026-03-06 09:00:57.520000'), Timestamp('2026-03-06 09:00:58.118000'), Timestamp('2026-03-06 09:00:58.207000'), Timestamp('2026-03-06 09:00:58.369000'), Timestamp('2026-03-06 09:00:58.464000'), Timestamp('2026-03-06 09:00:59.064000'), Timestamp('2026-03-06 09:00:59.150000'), Timestamp('2026-03-06 09:00:59.320000'), Timestamp('2026-03-06 09:00:59.410000'), Timestamp('2026-03-06 09:01:00.009000'), Timestamp('2026-03-06 09:01:00.102000'), Timestamp('2026-03-06 09:01:00.267000'), Timestamp('2026-03-06 09:01:00.357000'), Timestamp('2026-03-06 09:01:00.956000'), Timestamp('2026-03-06 09:01:01.043000'), Timestamp('2026-03-06 09:01:01.205000'), Timestamp('2026-03-06 09:01:01.301000'), Timestamp('2026-03-06 09:01:01.899000'), Timestamp('2026-03-06 09:01:01.989000')]","[0.09, 0.595, 0.088, 0.167, 0.092, 0.6, 0.088, 0.165, 0.093, 0.598, 0.088, 0.166, 0.092, 0.598, 0.089, 0.162, 0.095, 0.6, 0.086, 0.17, 0.09, 0.599, 0.093, 0.165, 0.09, 0.599, 0.087, 0.162, 0.096, 0.598, 0.09]","[26.486840302619758, 26.45350823256132, 26.59606308276735, 26.41115299032741, 26.446280991735538, 26.33987715283632, 26.62973222530009, 26.37860361890527, 26.40995368268095, 26.522575327410927, 26.592797783933516, 26.483212078779943, 26.40995368268095, 26.483212078779943, 26.592797783933516, 26.410353439794136, 26.15823235923021, 26.30314676915685, 26.522575327410927, 26.193773171930133, 26.2295081967213, 26.446481695100474, 26.62973222530009, 26.556473829201096, 26.418351124233475, 26.42435256701499, 26.491276148716537, 26.484018264840177, 26.2654390298675, 26.343446510577426, 26.37681159420289, 26.521158469111306]","[2.3838156272357782, 15.739837398373984, 2.340453551283527, 4.410662549384678, 2.4330578512396697, 15.80392629170179, 2.343416435826408, 4.35246959711937, 2.456125692489328, 15.860500045791733, 2.3401662049861494, 4.396213205077471, 2.4297157388066473, 15.836960823110404, 2.366759002770083, 4.27847725724665, 2.4850320741268703, 15.78188806149411, 2.2809414781573394, 4.452941439228123, 2.360655737704917, 15.841442535365182, 2.4765650969529083, 4.381818181818181, 2.3776516011810127, 15.828187187641978, 2.3047410249383384, 4.290410958904109, 2.5214821468672803, 15.7533810133253, 2.37391304347826]",195.2836088536276,9.92474362397524
ADTC_8_adz_raw_20260306_0930,2026-03-06 09:23:28.947,2026-03-06 09:23:39.030,"[Timestamp('2026-03-06 09:23:39.030000'), Timestamp('2026-03-06 09:23:39.151000'), Timestamp('2026-03-06 09:23:39.511000'), Timestamp('2026-03-06 09:23:39.629000'), Timestamp('2026-03-06 09:23:39.860000'), Timestamp('2026-03-06 09:23:39.971000'), Timestamp('2026-03-06 09:23:40.817000'), Timestamp('2026-03-06 09:23:40.927000'), Timestamp('2026-03-06 09:23:41.147000'), Timestamp('2026-03-06 09:23:41.263000'), Timestamp('2026-03-06 09:23:42.132000'), Timestamp('2026-03-06 09:23:42.251000'), Timestamp('2026-03-06 09:23:42.472000'), Timestamp('2026-03-06 09:23:42.596000'), Timestamp('2026-03-06 09:23:43.508000'), Timestamp('2026-03-06 09:23:43.633000')]","[0.121, 0.36, 0.118, 0.231, 0.111, 0.846, 0.11, 0.22, 0.116, 0.869, 0.119, 0.221, 0.124, 0.912, 0.125]","[21.726574500768052, 21.63259505877099, 21.696272613052493, 21.3212384145139, 21.294511115482983, 21.301111400837357, 21.160157691336686, 20.6023763470572, 20.60427413411938, 20.61690331678856, 20.00555709919422, 20.00217037438958, 19.57286202395896, 19.582629814770144, 19.050318922749824, 18.850007707723137]","[2.628915514592934, 7.787734221157556, 2.560160168340194, 4.925206073752711, 2.3636907338186113, 18.020740245108403, 2.3276173460470355, 4.532522796352584, 2.390095799557848, 17.916088982289256, 2.380661294804112, 4.420479652740097, 2.427034890970911, 17.859358391070373, 2.381289865343728]",94.92159597594636,9.92474362397524
ADTC_8_adz_raw_20260306_0940,2026-03-06 09:39:29.296,2026-03-06 09:39:39.347,"[Timestamp('2026-03-06 09:39:39.347000'), Timestamp('2026-03-06 09:39:39.458000'), Timestamp('2026-03-06 09:39:40.234000'), Timestamp('2026-03-06 09:39:40.351000'), Timestamp('2026-03-06 09:39:40.577000'), Timestamp('2026-03-06 09:39:40.698000'), Timestamp('2026-03-06 09:39:41.501000'), Timestamp('2026-03-06 09:39:41.621000'), Timestamp('2026-03-06 09:39:41.859000'), Timestamp('2026-03-06 09:39:41.984000'), Timestamp('2026-03-06 09:39:42.825000'), Timestamp('2026-03-06 09:39:42.949000'), Timestamp('2026-03-06 09:39:43.191000'), Timestamp('2026-03-06 09:39:43.324000'), Timestamp('2026-03-06 09:39:44.203000'), Timestamp('2026-03-06 09:39:44.337000')]","[0.111, 0.776, 0.117, 0.226, 0.121, 0.803, 0.12, 0.238, 0.125, 0.841, 0.124, 0.242, 0.133, 0.879, 0.134]","[20.560139048763368, 20.692057917694438, 20.151896949725987, 20.12799774949012, 19.773450426371383, 19.75609756097561, 19.22016289360611, 19.28091790849146, 19.01467283231553, 18.870999509533206, 18.36107779175565, 18.358929354980255, 18.270317253368102, 18.15062617944759, 17.584541062801932, 17.567522317691417]","[2.282175434412734, 16.057036944130886, 2.3577719431179407, 4.5489274913847675, 2.3925875015909375, 15.864146341463417, 2.306419547232733, 4.588858462220967, 2.376834104039441, 15.870510587517426, 2.2767736461777006, 4.442860903905221, 2.429952194697958, 15.95440041173443, 2.356328502415459]",96.10558401604203,9.92474362397524
ADTC_8_adz_raw_20260306_1000,2026-03-06 09:53:45.299,2026-03-06 09:53:55.334,"[Timestamp('2026-03-06 09:53:55.334000'), Timestamp('2026-03-06 09:53:55.440000'), Timestamp('2026-03-06 09:53:56.146000'), Timestamp('2026-03-06 09:53:56.260000'), Timestamp('2026-03-06 09:53:56.459000'), Timestamp('2026-03-06 09:53:56.571000'), Timestamp('2026-03-06 09:53:57.301000'), Timestamp('2026-03-06 09:53:57.411000'), Timestamp('2026-03-06 09:53:57.621000'), Timestamp('2026-03-06 09:53:57.731000'), Timestamp('2026-03-06 09:53:58.487000'), Timestamp('2026-03-06 09:53:58.599000'), Timestamp('2026-03-06 09:53:58.816000'), Timestamp('2026-03-06 09:53:58.931000'), Timestamp('2026-03-06 09:53:59.721000'), Timestamp('2026-03-06 09:53:59.842000')]","[0.106, 0.706, 0.114, 0.199, 0.112, 0.73, 0.11, 0.21, 0.11, 0.756, 0.112, 0.217, 0.115, 0.79, 0.121]","[22.517736347137436, 22.442157698105788, 22.047144439171017, 22.125571540091443, 21.875145984833146, 21.903096903096902, 21.623376623376625, 21.414290119465637, 21.455754996853553, 21.323551164097857, 20.89645567461558, 20.765518015489953, 20.656720838114982, 20.480349344978166, 19.941328731665227, 19.58670260557053]","[2.386880052796568, 15.844163334862685, 2.513374466065496, 4.402988736478197, 2.4500163503013126, 15.989260739260738, 2.378571428571429, 4.497000925087783, 2.360133049653891, 16.12060468005798, 2.340403035556945, 4.50611740936132, 2.375522896383223, 16.17947598253275, 2.4129007765314925]",96.7574138635018,9.92474362397524
ADTC_8_adz_raw_20260306_1010,2026-03-06 10:07:15.789,2026-03-06 10:07:25.823,"[Timestamp('2026-03-06 10:07:25.823000'), Timestamp('2026-03-06 10:07:25.927000'), Timestamp('2026-03-06 10:07:26.642000'), Timestamp('2026-03-06 10:07:26.751000'), Timestamp('2026-03-06 10:07:26.959000'), Timestamp('2026-03-06 10:07:27.067000'), Timestamp('2026-03-06 10:07:27.799000'), Timestamp('2026-03-06 10:07:27.910000'), Timestamp('2026-03-06 10:07:28.119000'), Timestamp('2026-03-06 10:07:28.230000'), Timestamp('2026-03-06 10:07:28.985000'), Timestamp('2026-03-06 10:07:29.100000'), Timestamp('2026-03-06 10:07:29.314000'), Timestamp('2026-03-06 10:07:29.434000'), Timestamp('2026-03-06 10:07:30.221000'), Timestamp('2026-03-06 10:07:30.342000')]","[0.104, 0.715, 0.109, 0.208, 0.108, 0.732, 0.111, 0.209, 0.111, 0.755, 0.115, 0.214, 0.12, 0.787, 0.121]","[21.79816286765843, 22.09439059272207, 21.84325785108564, 21.917922467851312, 21.45275500114854, 21.67142274765593, 21.12275130225983, 21.333438683647817, 21.07596950038076, 21.2406015037594, 20.645161290322577, 20.75697509162989, 20.535346602608097, 20.426364134346798, 19.817808417626054, 19.79457179783688]","[2.2670089382364766, 15.79748927379628, 2.3809151057683344, 4.558927873313073, 2.3168975401240424, 15.863481451284141, 2.344625394550841, 4.458688684882394, 2.3394326145422646, 16.03665413533835, 2.3741935483870966, 4.441992669608797, 2.4642415923129715, 16.07554857373093, 2.3979548185327526]",96.11805221440875,9.92474362397524
ADTC_8_adz_raw_20260306_1030,2026-03-06 10:24:48.278,2026-03-06 10:24:58.370,"[Timestamp('2026-03-06 10:24:58.370000'), Timestamp('2026-03-06 10:24:58.507000'), Timestamp('2026-03-06 10:24:58.908000'), Timestamp('2026-03-06 10:24:59.047000'), Timestamp('2026-03-06 10:24:59.305000'), Timestamp('2026-03-06 10:24:59.435000'), Timestamp('2026-03-06 10:25:00.387000'), Timestamp('2026-03-06 10:25:00.517000'), Timestamp('2026-03-06 10:25:00.764000'), Timestamp('2026-03-06 10:25:00.901000'), Timestamp('2026-03-06 10:25:01.899000'), Timestamp('2026-03-06 10:25:02.040000'), Timestamp('2026-03-06 10:25:02.298000'), Timestamp('2026-03-06 10:25:02.447000'), Timestamp('2026-03-06 10:25:03.514000'), Timestamp('2026-03-06 10:25:03.662000')]","[0.137, 0.401, 0.139, 0.258, 0.13, 0.952, 0.13, 0.247, 0.137, 0.998, 0.141, 0.258, 0.149, 1.067, 0.148]","[19.23917234288652, 19.02452232673675, 18.842455621301777, 18.7140902872777, 18.678810316045293, 18.575615014091152, 18.2173682902853, 17.928436911487758, 17.864932798770226, 17.914438502673796, 17.145536132877908, 16.94997662459093, 16.640230713770727, 16.77047605981616, 15.857098430330574, 15.584333510635497]","[2.635766610975453, 7.6288334530214374, 2.6191013313609472, 4.828235294117646, 2.4282453410858884, 17.683985493414777, 2.368257877737089, 4.428323917137476, 2.4474957934315213, 17.87860962566845, 2.4175205947357847, 4.373093969144461, 2.4793943763518382, 17.89409795582384, 2.3468505676889246]",94.45781220169553,9.92474362397524
ADTC_8_adz_raw_20260306_1040,2026-03-06 10:37:25.373,2026-03-06 10:37:35.422,"[Timestamp('2026-03-06 10:37:35.422000'), Timestamp('2026-03-06 10:37:35.553000'), Timestamp('2026-03-06 10:37:36.430000'), Timestamp('2026-03-06 10:37:36.561000'), Timestamp('2026-03-06 10:37:36.812000'), Timestamp('2026-03-06 10:37:36.956000'), Timestamp('2026-03-06 10:37:37.847000'), Timestamp('2026-03-06 10:37:37.982000'), Timestamp('2026-03-06 10:37:38.246000'), Timestamp('2026-03-06 10:37:38.390000'), Timestamp('2026-03-06 10:37:39.306000'), Timestamp('2026-03-06 10:37:39.448000'), Timestamp('2026-03-06 10:37:39.717000'), Timestamp('2026-03-06 10:37:39.861000'), Timestamp('2026-03-06 10:37:40.821000'), Timestamp('2026-03-06 10:37:40.969000')]","[0.131, 0.877, 0.131, 0.251, 0.144, 0.891, 0.135, 0.264, 0.144, 0.916, 0.142, 0.269, 0.144, 0.96, 0.148]","[18.3206106870229, 18.11320754716981, 17.843866171003715, 17.550274223034737, 17.61467889908257, 17.777777777777775, 17.112299465240643, 17.26618705035971, 17.35985533453888, 17.112299465240643, 16.523235800344235, 16.49484536082474, 16.551724137931032, 16.298811544991512, 15.867768595041323, 15.737704918032787]","[2.4, 15.885283018867923, 2.3375464684014866, 4.405118829981719, 2.53651376146789, 15.839999999999998, 2.310160427807487, 4.558273381294964, 2.4998191681735986, 15.674866310160429, 2.346299483648881, 4.437113402061856, 2.3834482758620683, 15.64685908319185, 2.3484297520661155]",95.60973136298627,9.92474362397524
ADTC_8_adz_raw_20260306_1100,2026-03-06 10:55:37.286,2026-03-06 10:55:47.328,"[Timestamp('2026-03-06 10:55:47.328000'), Timestamp('2026-03-06 10:55:47.440000'), Timestamp('2026-03-06 10:55:48.232000'), Timestamp('2026-03-06 10:55:48.349000'), Timestamp('2026-03-06 10:55:48.579000'), Timestamp('2026-03-06 10:55:48.701000'), Timestamp('2026-03-06 10:55:49.522000'), Timestamp('2026-03-06 10:55:49.645000'), Timestamp('2026-03-06 10:55:49.877000'), Timestamp('2026-03-06 10:55:50.011000'), Timestamp('2026-03-06 10:55:50.869000'), Timestamp('2026-03-06 10:55:51.003000'), Timestamp('2026-03-06 10:55:51.248000'), Timestamp('2026-03-06 10:55:51.389000'), Timestamp('2026-03-06 10:55:52.289000'), Timestamp('2026-03-06 10:55:52.427000')]","[0.112, 0.792, 0.117, 0.23, 0.122, 0.821, 0.123, 0.232, 0.134, 0.858, 0.134, 0.245, 0.141, 0.9, 0.138]","[20.53478284741668, 20.339804735719895, 19.984057117110872, 19.69481454049641, 19.633215532924858, 19.463456719115896, 19.144113694021836, 18.86116600790514, 18.67767906823576, 18.649381971661143, 18.147707415388247, 18.14210458692021, 17.812293456708524, 17.679587964217944, 17.11670480549199, 16.80470472923303]","[2.299895678910668, 16.109125350690157, 2.338134682701972, 4.529807344314174, 2.3952522950168325, 15.97949796639415, 2.354725984364686, 4.3757905138339925, 2.5028089951435923, 16.00116973168526, 2.431792793662025, 4.444815623795452, 2.5115333773959017, 15.91162916779615, 2.362105263157895]",96.54808476886292,9.92474362397524
ADTC_8_adz_raw_20260306_1110,2026-03-06 11:07:03.059,2026-03-06 11:07:13.106,"[Timestamp('2026-03-06 11:07:13.106000'), Timestamp('2026-03-06 11:07:13.221000'), Timestamp('2026-03-06 11:07:14.006000'), Timestamp('2026-03-06 11:07:14.124000'), Timestamp('2026-03-06 11:07:14.357000'), Timestamp('2026-03-06 11:07:14.475000'), Timestamp('2026-03-06 11:07:15.272000'), Timestamp('2026-03-06 11:07:15.397000'), Timestamp('2026-03-06 11:07:15.630000'), Timestamp('2026-03-06 11:07:15.760000'), Timestamp('2026-03-06 11:07:16.589000'), Timestamp('2026-03-06 11:07:16.722000'), Timestamp('2026-03-06 11:07:16.961000'), Timestamp('2026-03-06 11:07:17.095000'), Timestamp('2026-03-06 11:07:17.972000'), Timestamp('2026-03-06 11:07:18.100000')]","[0.115, 0.785, 0.118, 0.233, 0.118, 0.797, 0.125, 0.233, 0.13, 0.829, 0.133, 0.239, 0.134, 0.877, 0.128]","[20.53666215177362, 20.67028229731609, 20.063243592655354, 20.168156239655737, 19.615307553596473, 19.821862348178136, 19.51251755763034, 19.472937110411646, 19.1619820157213, 19.104950495049508, 18.768346379647753, 18.641057834786842, 18.46590909090909, 18.47308413912542, 17.570581734150508, 17.911445279866328]","[2.3617161474539663, 16.22617160339313, 2.3674627439333316, 4.699180403839787, 2.3146062913243837, 15.798024291497976, 2.4390646947037924, 4.537194346725914, 2.491057662043769, 15.83800396039604, 2.496190068493151, 4.4552128225140555, 2.4744318181818183, 16.200894790012992, 2.249034461971265]",96.94824610648537,9.92474362397524
ADTC_8_adz_raw_20260306_1130,2026-03-06 11:23:47.795,2026-03-06 11:23:57.856,"[Timestamp('2026-03-06 11:23:57.856000'), Timestamp('2026-03-06 11:23:57.999000'), Timestamp('2026-03-06 11:23:58.317000'), Timestamp('2026-03-06 11:23:58.452000'), Timestamp('2026-03-06 11:23:58.783000'), Timestamp('2026-03-06 11:23:59.383000'), Timestamp('2026-03-06 11:23:59.722000'), Timestamp('2026-03-06 11:24:00.389000'), Timestamp('2026-03-06 11:24:00.646000'), Timestamp('2026-03-06 11:24:01.309000'), Timestamp('2026-03-06 11:24:02.050000'), Timestamp('2026-03-06 11:24:02.530000'), Timestamp('2026-03-06 11:24:02.784000'), Timestamp('2026-03-06 11:24:03.263000'), Timestamp('2026-03-06 11:24:03.739000'), Timestamp('2026-03-06 11:24:03.990000'), Timestamp('2026-03-06 11:24:04.462000'), Timestamp('2026-03-06 11:24:04.929000'), Timestamp('2026-03-06 11:24:05.185000'), Timestamp('2026-03-06 11:24:05.582000'), Timestamp('2026-03-06 11:24:06.048000'), Timestamp('2026-03-06 11:24:06.366000'), Timestamp('2026-03-06 11:24:06.829000'), Timestamp('2026-03-06 11:24:07.291000'), Timestamp('2026-03-06 11:24:07.540000'), Timestamp('2026-03-06 11:24:07.926000'), Timestamp('2026-03-06 11:24:08.455000')]","[0.143, 0.318, 0.135, 0.331, 0.6, 0.339, 0.667, 0.257, 0.663, 0.741, 0.48, 0.254, 0.479, 0.476, 0.251, 0.472, 0.467, 0.256, 0.397, 0.466, 0.318, 0.463, 0.462, 0.249, 0.386, 0.529]","[21.008173995489216, 20.960698689956335, 21.006564551422315, 21.241537309268203, 24.080804477245866, 18.32067741054357, 24.231385445653096, 18.497109826589597, 21.8827578854384, 18.500475285171103, 22.172745999708688, 22.110177404295055, 18.7866927592955, 18.715228164047062, 18.89771102405227, 18.93608991841515, 22.580940334257342, 22.252123454713654, 18.934911242603555, 22.690596117169548, 22.672979194718323, 22.87723721532005, 22.81949934123847, 22.988121690027903, 19.277808020322986, 19.548286604361373, 23.122529644268774, 19.755878537931952]","[3.0041688813549574, 6.665502183406114, 2.8358862144420125, 7.030948849367776, 14.44848268634752, 6.210709642174271, 16.162334092250617, 4.753757225433526, 14.508268478045661, 13.708852186311788, 10.64291807986017, 5.615985060690944, 8.998825831702545, 8.9084486060864, 4.74332546703712, 8.93783444149195, 10.54529913609818, 5.6965436044066955, 7.517159763313612, 10.57381779060101, 7.210007383920427, 10.592160830693183, 10.542608695652174, 5.724042300816948, 7.441233895844673, 10.341043613707166]",223.36016494105746,9.92474362397524
ADTC_8_adz_raw_20260306_1140,2026-03-06 11:38:12.608,2026-03-06 11:38:22.660,"[Timestamp('2026-03-06 11:38:22.660000'), Timestamp('2026-03-06 11:38:22.781000'), Timestamp('2026-03-06 11:38:23.593000'), Timestamp('2026-03-06 11:38:23.714000'), Timestamp('2026-03-06 11:38:23.950000'), Timestamp('2026-03-06 11:38:24.073000'), Timestamp('2026-03-06 11:38:24.924000'), Timestamp('2026-03-06 11:38:25.047000'), Timestamp('2026-03-06 11:38:25.294000'), Timestamp('2026-03-06 11:38:25.434000'), Timestamp('2026-03-06 11:38:26.317000'), Timestamp('2026-03-06 11:38:26.449000'), Timestamp('2026-03-06 11:38:26.712000'), Timestamp('2026-03-06 11:38:26.857000'), Timestamp('2026-03-06 11:38:27.797000'), Timestamp('2026-03-06 11:38:27.943000')]","[0.121, 0.812, 0.121, 0.236, 0.123, 0.851, 0.123, 0.247, 0.14, 0.883, 0.132, 0.263, 0.145, 0.94, 0.146]","[19.69249413012194, 19.65448738904116, 19.108734402852047, 19.182369849888218, 18.842020108632845, 18.958942566382035, 18.201815868360327, 18.326016867338204, 17.950196592398427, 17.868644684078205, 17.329931474041274, 17.423384015389072, 17.11365889620459, 16.903975819576843, 16.343846715582295, 16.3153091753399]","[2.3827917897447546, 15.959443759901424, 2.3121568627450975, 4.527039284573619, 2.31756847336184, 16.134060123991112, 2.2388233518083203, 4.526526166232537, 2.51302752293578, 15.778013256041055, 2.2875509545734483, 4.582349996047326, 2.4814805399496653, 15.88973727040223, 2.3862016204750147]",96.31677097278325,9.92474362397524
ADTC_8_adz_raw_20260306_1200,2026-03-06 11:53:14.224,2026-03-06 11:53:24.275,"[Timestamp('2026-03-06 11:53:24.275000'), Timestamp('2026-03-06 11:53:24.402000'), Timestamp('2026-03-06 11:53:25.221000'), Timestamp('2026-03-06 11:53:25.347000'), Timestamp('2026-03-06 11:53:25.582000'), Timestamp('2026-03-06 11:53:25.709000'), Timestamp('2026-03-06 11:53:26.543000'), Timestamp('2026-03-06 11:53:26.670000'), Timestamp('2026-03-06 11:53:26.913000'), Timestamp('2026-03-06 11:53:27.041000'), Timestamp('2026-03-06 11:53:27.894000'), Timestamp('2026-03-06 11:53:28.023000'), Timestamp('2026-03-06 11:53:28.267000'), Timestamp('2026-03-06 11:53:28.403000'), Timestamp('2026-03-06 11:53:29.289000'), Timestamp('2026-03-06 11:53:29.417000')]","[0.127, 0.819, 0.126, 0.235, 0.127, 0.834, 0.127, 0.243, 0.128, 0.853, 0.129, 0.244, 0.136, 0.886, 0.128]","[19.43351691581432, 19.476543209876542, 19.143504711916975, 19.048818897637794, 18.994238476953903, 18.839826839826838, 18.806554357419703, 18.49882674428966, 18.741143666864744, 18.778653951953054, 18.40845412226708, 18.054298642533936, 18.11843215736827, 18.031822106320373, 17.71947568986831, 17.360082405454456]","[2.4680566483084188, 15.951288888888888, 2.4120815937015387, 4.476472440944882, 2.4122682865731457, 15.712415584415583, 2.388432403392302, 4.495214898862387, 2.3988663893586875, 16.018191821015954, 2.3746905817724535, 4.405248868778281, 2.464106773402085, 15.97619438619985, 2.2680928883031437]",96.22162245391759,9.92474362397524
ADTC_8_adz_raw_20260306_1210,2026-03-06 12:00:53.062,2026-03-06 12:01:03.118,"[Timestamp('2026-03-06 12:01:03.118000'), Timestamp('2026-03-06 12:01:03.216000'), Timestamp('2026-03-06 12:01:03.860000'), Timestamp('2026-03-06 12:01:03.958000'), Timestamp('2026-03-06 12:01:04.140000'), Timestamp('2026-03-06 12:01:04.241000'), Timestamp('2026-03-06 12:01:04.874000'), Timestamp('2026-03-06 12:01:04.974000'), Timestamp('2026-03-06 12:01:05.146000'), Timestamp('2026-03-06 12:01:05.242000'), Timestamp('2026-03-06 12:01:05.883000'), Timestamp('2026-03-06 12:01:05.974000'), Timestamp('2026-03-06 12:01:06.158000'), Timestamp('2026-03-06 12:01:06.254000'), Timestamp('2026-03-06 12:01:06.888000'), Timestamp('2026-03-06 12:01:06.982000')]","[0.098, 0.644, 0.098, 0.182, 0.101, 0.633, 0.1, 0.172, 0.096, 0.641, 0.091, 0.184, 0.096, 0.634, 0.094]","[24.560301507537694, 24.625746533715706, 24.806367181240326, 24.65612512693368, 24.819624819624824, 24.924904699686145, 25.09911141490089, 25.110439432690068, 25.10769230769231, 25.03297749371048, 25.17113402061856, 24.87464003060998, 25.45015309418804, 25.28066528066528, 25.30913941145414, 25.151745848850844]","[2.406909547738694, 15.858980767712914, 2.431023983761552, 4.487414773101929, 2.5067821067821074, 15.77746467490133, 2.509911141490089, 4.3189955824226915, 2.410338461538462, 16.04613857346842, 2.2905731958762887, 4.576933765632236, 2.443214697042052, 16.02794178794179, 2.3790591046766894]",96.47168216408723,9.92474362397524
ADTC_8_adz_raw_20260306_1230,2026-03-06 12:24:41.494,2026-03-06 12:24:51.531,"[Timestamp('2026-03-06 12:24:51.531000'), Timestamp('2026-03-06 12:24:51.650000'), Timestamp('2026-03-06 12:24:52.007000'), Timestamp('2026-03-06 12:24:52.127000'), Timestamp('2026-03-06 12:24:52.359000'), Timestamp('2026-03-06 12:24:52.467000'), Timestamp('2026-03-06 12:24:53.301000'), Timestamp('2026-03-06 12:24:53.419000'), Timestamp('2026-03-06 12:24:53.638000'), Timestamp('2026-03-06 12:24:53.747000'), Timestamp('2026-03-06 12:24:54.630000'), Timestamp('2026-03-06 12:24:54.748000'), Timestamp('2026-03-06 12:24:54.975000'), Timestamp('2026-03-06 12:24:55.098000'), Timestamp('2026-03-06 12:24:56.029000'), Timestamp('2026-03-06 12:24:56.156000')]","[0.119, 0.357, 0.12, 0.232, 0.108, 0.834, 0.118, 0.219, 0.109, 0.883, 0.118, 0.227, 0.123, 0.931, 0.127]","[21.86833543486044, 21.730580137659786, 21.62436393707099, 21.432415731456935, 21.622608775053642, 21.24403319380186, 20.836158192090394, 20.717398592021453, 20.40901163053399, 20.34227018873346, 19.714603785042, 19.557126675711665, 19.33976044405492, 19.233268356075374, 18.397556390977442, 18.22288017462153]","[2.6023319167483923, 7.757817109144543, 2.5949236724485187, 4.972320449698009, 2.335241747705793, 17.717523683630752, 2.4586666666666663, 4.537110291652699, 2.2245822677282048, 17.962224576651643, 2.326323246634956, 4.439467755386548, 2.3787905346187554, 17.906172839506173, 2.3364896616541353]",94.5499864198758,9.92474362397524
ADTC_8_adz_raw_20260306_1240,2026-03-06 12:37:00.947,2026-03-06 12:37:10.993,"[Timestamp('2026-03-06 12:37:10.993000'), Timestamp('2026-03-06 12:37:11.094000'), Timestamp('2026-03-06 12:37:11.795000'), Timestamp('2026-03-06 12:37:11.898000'), Timestamp('2026-03-06 12:37:12.096000'), Timestamp('2026-03-06 12:37:12.207000'), Timestamp('2026-03-06 12:37:12.925000'), Timestamp('2026-03-06 12:37:13.031000'), Timestamp('2026-03-06 12:37:13.239000'), Timestamp('2026-03-06 12:37:13.347000'), Timestamp('2026-03-06 12:37:14.093000'), Timestamp('2026-03-06 12:37:14.207000'), Timestamp('2026-03-06 12:37:14.427000'), Timestamp('2026-03-06 12:37:14.541000'), Timestamp('2026-03-06 12:37:15.332000'), Timestamp('2026-03-06 12:37:15.450000')]","[0.101, 0.701, 0.103, 0.198, 0.111, 0.718, 0.106, 0.208, 0.108, 0.746, 0.114, 0.22, 0.114, 0.791, 0.118]","[22.670800526397965, 22.939362795477905, 22.30112563269623, 22.535211267605636, 22.249436029648727, 22.256608639587363, 21.744305356043505, 21.89307260245475, 21.45275500114854, 21.69516455230741, 20.985636879676612, 20.987843107271196, 20.36717062634989, 20.49935734405338, 19.57644241562523, 19.6521812010225]","[2.2897508531661948, 16.080493319630012, 2.2970159401677117, 4.461971830985916, 2.4696873992910087, 15.980245003223725, 2.3048963677406116, 4.553759101310588, 2.3168975401240424, 16.184592756021328, 2.3923626042831336, 4.6173254835996635, 2.321857451403887, 16.214991659146225, 2.3100202050437773]",96.79586751513781,9.92474362397524
ADTC_8_adz_raw_20260306_1300,2026-03-06 12:54:11.178,2026-03-06 12:54:21.228,"[Timestamp('2026-03-06 12:54:21.228000'), Timestamp('2026-03-06 12:54:21.340000'), Timestamp('2026-03-06 12:54:22.099000'), Timestamp('2026-03-06 12:54:22.215000'), Timestamp('2026-03-06 12:54:22.435000'), Timestamp('2026-03-06 12:54:22.552000'), Timestamp('2026-03-06 12:54:23.339000'), Timestamp('2026-03-06 12:54:23.458000'), Timestamp('2026-03-06 12:54:23.684000'), Timestamp('2026-03-06 12:54:23.808000'), Timestamp('2026-03-06 12:54:24.627000'), Timestamp('2026-03-06 12:54:24.751000'), Timestamp('2026-03-06 12:54:24.986000'), Timestamp('2026-03-06 12:54:25.119000'), Timestamp('2026-03-06 12:54:25.981000'), Timestamp('2026-03-06 12:54:26.108000')]","[0.112, 0.759, 0.116, 0.22, 0.117, 0.787, 0.119, 0.226, 0.124, 0.819, 0.124, 0.235, 0.133, 0.862, 0.127]","[21.160157691336686, 20.983205990292973, 20.606931623459182, 20.35442355636412, 20.61690331678856, 20.311325818572193, 19.965409892770666, 19.720840767877704, 19.63855421686747, 19.490659901821893, 19.094618961753817, 18.800804828973842, 18.679588128407026, 18.66111060784491, 18.11636775371995, 17.56019261637239]","[2.369937661429709, 15.926253346632366, 2.3904040683212653, 4.477973182400107, 2.4121776880642614, 15.985013419216317, 2.375883777239709, 4.456910013540361, 2.435180722891566, 15.96285045959213, 2.3677327512574733, 4.418189134808853, 2.4843852210781345, 16.085877343962313, 2.3007787047224335]",96.44954749515699,9.92474362397524
ADTC_8_adz_raw_20260306_1310,2026-03-06 13:00:35.875,2026-03-06 13:00:45.916,"[Timestamp('2026-03-06 13:00:45.916000'), Timestamp('2026-03-06 13:00:46.007000'), Timestamp('2026-03-06 13:00:46.610000'), Timestamp('2026-03-06 13:00:46.702000'), Timestamp('2026-03-06 13:00:46.875000'), Timestamp('2026-03-06 13:00:46.963000'), Timestamp('2026-03-06 13:00:47.570000'), Timestamp('2026-03-06 13:00:47.659000'), Timestamp('2026-03-06 13:00:47.831000'), Timestamp('2026-03-06 13:00:47.922000'), Timestamp('2026-03-06 13:00:48.528000'), Timestamp('2026-03-06 13:00:48.617000'), Timestamp('2026-03-06 13:00:48.785000'), Timestamp('2026-03-06 13:00:48.881000'), Timestamp('2026-03-06 13:00:49.486000'), Timestamp('2026-03-06 13:00:49.577000')]","[0.091, 0.603, 0.092, 0.173, 0.088, 0.607, 0.089, 0.172, 0.091, 0.606, 0.089, 0.168, 0.096, 0.605, 0.091]","[26.40995368268095, 26.165031599741557, 26.194163192376408, 26.096398891966757, 26.21133559806902, 26.128301216062088, 26.43636363636363, 26.07695709862893, 26.311047035501886, 26.133333333333326, 26.276453936825074, 26.128301216062088, 26.16114588670335, 26.186034412278417, 26.086571786741395, 25.97326625522829]","[2.4033057851239663, 15.777514054644158, 2.4098630136986294, 4.514677008310248, 2.306597532630074, 15.859878838149687, 2.352836363636363, 4.485236620964176, 2.3943052802306717, 15.836799999999995, 2.3386044003774313, 4.389554604298431, 2.5114700051235217, 15.842550819428443, 2.373878032593467]",95.79707235920927,9.92474362397524
ADTC_8_adz_raw_20260306_1330,2026-03-06 13:23:10.442,2026-03-06 13:23:20.146,"[Timestamp('2026-03-06 13:23:20.146000'), Timestamp('2026-03-06 13:23:20.550000'), Timestamp('2026-03-06 13:23:20.688000'), Timestamp('2026-03-06 13:23:21.109000'), Timestamp('2026-03-06 13:23:21.255000'), Timestamp('2026-03-06 13:23:21.523000'), Timestamp('2026-03-06 13:23:21.660000'), Timestamp('2026-03-06 13:23:22.664000'), Timestamp('2026-03-06 13:23:22.794000'), Timestamp('2026-03-06 13:23:23.060000'), Timestamp('2026-03-06 13:23:23.212000'), Timestamp('2026-03-06 13:23:24.277000'), Timestamp('2026-03-06 13:23:24.422000'), Timestamp('2026-03-06 13:23:24.706000'), Timestamp('2026-03-06 13:23:24.866000'), Timestamp('2026-03-06 13:23:26.024000'), Timestamp('2026-03-06 13:23:26.188000')]","[0.404, 0.138, 0.421, 0.146, 0.268, 0.137, 1.004, 0.13, 0.266, 0.152, 1.065, 0.145, 0.284, 0.16, 1.158, 0.164]","[18.46488453898821, 18.593778097464483, 18.22163314700628, 17.877342950774192, 17.848861119078805, 17.824565271309282, 17.11988109076357, 16.904444788601516, 16.83304647160069, 16.662004241303073, 15.943593698358487, 15.81621454643005, 15.563245390697052, 15.42481638964051, 14.667565506028676, 14.302468656815686]","[7.459813353751237, 2.5659413774500988, 7.671307554889643, 2.6100920708130317, 4.78349477991312, 2.441965442169372, 17.188360615126626, 2.197577822518197, 4.477590361445784, 2.532624644678067, 16.97992728875179, 2.2933511092323573, 4.419961690957963, 2.4679706223424818, 16.985040855981207, 2.3456048597177723]",99.42062444973874,9.92474362397524
ADTC_8_adz_raw_20260306_1340,2026-03-06 13:30:51.376,2026-03-06 13:30:55.306,"[Timestamp('2026-03-06 13:30:55.306000'), Timestamp('2026-03-06 13:30:55.408000'), Timestamp('2026-03-06 13:30:56.122000'), Timestamp('2026-03-06 13:30:56.228000'), Timestamp('2026-03-06 13:30:56.435000'), Timestamp('2026-03-06 13:30:56.540000'), Timestamp('2026-03-06 13:30:57.258000'), Timestamp('2026-03-06 13:30:57.365000'), Timestamp('2026-03-06 13:30:57.567000'), Timestamp('2026-03-06 13:30:57.672000'), Timestamp('2026-03-06 13:30:58.386000'), Timestamp('2026-03-06 13:30:58.494000'), Timestamp('2026-03-06 13:30:58.692000'), Timestamp('2026-03-06 13:30:58.799000'), Timestamp('2026-03-06 13:30:59.517000'), Timestamp('2026-03-06 13:30:59.621000')]","[0.102, 0.714, 0.106, 0.207, 0.105, 0.718, 0.107, 0.202, 0.105, 0.714, 0.108, 0.198, 0.107, 0.718, 0.104]","[22.695162299919524, 22.43039633147724, 22.35232890970596, 22.456416822614003, 22.35232890970596, 22.431865828092246, 22.590236366958454, 22.38200048911714, 22.404496585078917, 22.659659748819813, 22.684968195513896, 22.779679337056386, 22.405228758169933, 22.628685657171417, 22.837229300083727, 22.631450340982298]","[2.3149065545917913, 16.01530298067475, 2.369346864428832, 4.648478282281098, 2.346994535519126, 16.10607966457023, 2.4171552912645544, 4.521164098801663, 2.352472141433286, 16.178997060657345, 2.4499765651155005, 4.510376508737164, 2.3973594771241826, 16.247396301849076, 2.3750718472087073]",97.25107817425732,9.92474362397524
ADTC_8_adz_raw_20260306_1400,2026-03-06 13:53:01.597,2026-03-06 13:53:11.657,"[Timestamp('2026-03-06 13:53:11.657000'), Timestamp('2026-03-06 13:53:11.790000'), Timestamp('2026-03-06 13:53:12.692000'), Timestamp('2026-03-06 13:53:12.831000'), Timestamp('2026-03-06 13:53:13.086000'), Timestamp('2026-03-06 13:53:13.230000'), Timestamp('2026-03-06 13:53:14.143000'), Timestamp('2026-03-06 13:53:14.277000'), Timestamp('2026-03-06 13:53:14.543000'), Timestamp('2026-03-06 13:53:14.688000'), Timestamp('2026-03-06 13:53:15.616000'), Timestamp('2026-03-06 13:53:15.758000'), Timestamp('2026-03-06 13:53:16.037000'), Timestamp('2026-03-06 13:53:16.182000'), Timestamp('2026-03-06 13:53:17.152000'), Timestamp('2026-03-06 13:53:17.300000')]","[0.133, 0.902, 0.139, 0.255, 0.144, 0.913, 0.134, 0.266, 0.145, 0.928, 0.142, 0.279, 0.145, 0.97, 0.148]","[17.67979785989249, 17.568110584264247, 17.29735345297769, 17.23541072378282, 17.3130211924493, 17.424302316388648, 17.18924325780018, 16.931216931216934, 17.036500488142853, 17.071536058877832, 16.59564549578355, 16.355530788520475, 16.466746105300324, 16.36886937814344, 15.768691336713774, 15.705663284962114]","[2.351413115365701, 15.846435747006351, 2.404332129963899, 4.395029734564619, 2.4930750517126987, 15.908388014862837, 2.303358596545224, 4.503703703703705, 2.4702925707807135, 15.84238546263863, 2.356581660401264, 4.563193089997213, 2.387678185268547, 15.877803296799136, 2.3337663178336383]",96.03743667744416,9.92474362397524
ADTC_8_adz_raw_20260306_1410,2026-03-06 14:00:49.619,2026-03-06 14:00:52.492,"[Timestamp('2026-03-06 14:00:52.492000'), Timestamp('2026-03-06 14:00:52.589000'), Timestamp('2026-03-06 14:00:53.235000'), Timestamp('2026-03-06 14:00:53.332000'), Timestamp('2026-03-06 14:00:53.518000'), Timestamp('2026-03-06 14:00:53.616000'), Timestamp('2026-03-06 14:00:54.262000'), Timestamp('2026-03-06 14:00:54.360000'), Timestamp('2026-03-06 14:00:54.545000'), Timestamp('2026-03-06 14:00:54.645000'), Timestamp('2026-03-06 14:00:55.295000'), Timestamp('2026-03-06 14:00:55.390000'), Timestamp('2026-03-06 14:00:55.573000'), Timestamp('2026-03-06 14:00:55.671000'), Timestamp('2026-03-06 14:00:56.321000'), Timestamp('2026-03-06 14:00:56.420000')]","[0.097, 0.646, 0.097, 0.186, 0.098, 0.646, 0.098, 0.185, 0.1, 0.65, 0.095, 0.183, 0.098, 0.65, 0.099]","[24.743747301292057, 24.647998734377474, 24.64734885437815, 24.365639192192482, 24.679315608953388, 24.560301507537694, 24.459591041869523, 24.410669975186106, 24.59068010075567, 24.575577626901143, 24.56271226368794, 24.535519839145593, 24.84531940538369, 24.686657147390136, 24.78347768154564, 24.78611977292716]","[2.4001434882253294, 15.922607182407848, 2.3907928388746806, 4.532008889747802, 2.418572929677432, 15.865954773869351, 2.3970399221032133, 4.51597394540943, 2.4590680100755673, 15.974125457485744, 2.333457665050354, 4.490000130563644, 2.4348413017276016, 16.046327145803588, 2.4535642904730186]",96.63447797149462,9.92474362397524
ADTC_8_adz_raw_20260306_1430,2026-03-06 14:23:17.728,2026-03-06 14:23:27.774,"[Timestamp('2026-03-06 14:23:27.774000'), Timestamp('2026-03-06 14:23:27.905000'), Timestamp('2026-03-06 14:23:28.289000'), Timestamp('2026-03-06 14:23:28.417000'), Timestamp('2026-03-06 14:23:28.664000'), Timestamp('2026-03-06 14:23:28.784000'), Timestamp('2026-03-06 14:23:29.685000'), Timestamp('2026-03-06 14:23:29.809000'), Timestamp('2026-03-06 14:23:30.039000'), Timestamp('2026-03-06 14:23:30.165000'), Timestamp('2026-03-06 14:23:31.112000'), Timestamp('2026-03-06 14:23:31.238000'), Timestamp('2026-03-06 14:23:31.480000'), Timestamp('2026-03-06 14:23:31.620000'), Timestamp('2026-03-06 14:23:32.608000'), Timestamp('2026-03-06 14:23:32.739000')]","[0.131, 0.384, 0.128, 0.247, 0.12, 0.901, 0.124, 0.23, 0.126, 0.947, 0.126, 0.242, 0.14, 0.988, 0.131]","[20.343457471883625, 20.188114918864944, 20.13144879432, 19.818990642736615, 19.79684424016429, 19.741981299562077, 19.298841099743008, 19.167862266857963, 19.08236018665466, 18.961540858941596, 18.46488453898821, 18.34414991860185, 18.15270231627109, 18.047661076787293, 17.345319936541514, 17.09870199078832]","[2.664992928816755, 7.752236128844139, 2.5768254456729602, 4.895290688755944, 2.375621308819715, 17.78752515090543, 2.3930562963681328, 4.408608321377332, 2.4043773835184874, 17.956579193417692, 2.326575451912514, 4.4392842803016475, 2.541378324277953, 17.831089143865846, 2.2722369116869383]",94.62567695854149,9.92474362397524
ADTC_8_adz_raw_20260306_1440,2026-03-06 14:37:36.854,2026-03-06 14:37:46.904,"[Timestamp('2026-03-06 14:37:46.904000'), Timestamp('2026-03-06 14:37:47.014000'), Timestamp('2026-03-06 14:37:47.759000'), Timestamp('2026-03-06 14:37:47.873000'), Timestamp('2026-03-06 14:37:48.087000'), Timestamp('2026-03-06 14:37:48.205000'), Timestamp('2026-03-06 14:37:48.979000'), Timestamp('2026-03-06 14:37:49.095000'), Timestamp('2026-03-06 14:37:49.326000'), Timestamp('2026-03-06 14:37:49.442000'), Timestamp('2026-03-06 14:37:50.261000'), Timestamp('2026-03-06 14:37:50.385000'), Timestamp('2026-03-06 14:37:50.626000'), Timestamp('2026-03-06 14:37:50.754000'), Timestamp('2026-03-06 14:37:51.636000'), Timestamp('2026-03-06 14:37:51.770000')]","[0.11, 0.745, 0.114, 0.214, 0.118, 0.774, 0.116, 0.231, 0.116, 0.819, 0.124, 0.241, 0.128, 0.882, 0.134]","[21.40468227424749, 21.262458471760795, 20.869565217391305, 20.71197411003236, 20.29598308668076, 20.57877813504823, 20.146904512067152, 19.773429454170955, 19.79381443298969, 19.651995905834184, 18.75, 18.568665377176014, 18.303145853193517, 18.0620884289746, 17.142857142857142, 16.871704745166962]","[2.3545150501672243, 15.840531561461791, 2.379130434782609, 4.432362459546925, 2.3949260042283296, 15.92797427652733, 2.33704092339979, 4.567662203913491, 2.2960824742268042, 16.094984646878196, 2.325, 4.475048355899419, 2.34280266920877, 15.930761994355597, 2.297142857142857]",95.99596591173913,9.92474362397524
ADTC_8_adz_raw_20260306_1500,2026-03-06 14:54:03.869,2026-03-06 14:54:13.922,"[Timestamp('2026-03-06 14:54:13.922000'), Timestamp('2026-03-06 14:54:14.033000'), Timestamp('2026-03-06 14:54:14.791000'), Timestamp('2026-03-06 14:54:14.904000'), Timestamp('2026-03-06 14:54:15.125000'), Timestamp('2026-03-06 14:54:15.241000'), Timestamp('2026-03-06 14:54:16.022000'), Timestamp('2026-03-06 14:54:16.143000'), Timestamp('2026-03-06 14:54:16.371000'), Timestamp('2026-03-06 14:54:16.493000'), Timestamp('2026-03-06 14:54:17.306000'), Timestamp('2026-03-06 14:54:17.433000'), Timestamp('2026-03-06 14:54:17.671000'), Timestamp('2026-03-06 14:54:17.796000'), Timestamp('2026-03-06 14:54:18.662000'), Timestamp('2026-03-06 14:54:18.794000')]","[0.111, 0.758, 0.113, 0.221, 0.116, 0.781, 0.121, 0.228, 0.122, 0.813, 0.127, 0.238, 0.125, 0.866, 0.132]","[21.171802054154995, 21.18230915194862, 20.740533351998316, 20.61690331678856, 20.60854543360589, 20.395436439990625, 20.04489875983522, 19.93353767846165, 19.714892326357294, 19.75835110163468, 19.02452232673675, 18.933146983461448, 18.85727504048114, 18.615966840872233, 18.060413354531, 17.653495440729483]","[2.3500700280112046, 16.056190337177053, 2.3436802687758096, 4.556335633010272, 2.3905912702982834, 15.92883585963268, 2.4254327499400614, 4.544846590689256, 2.40521686381559, 16.063539445628994, 2.416114335495567, 4.506088982063824, 2.3571593800601427, 16.121427284195352, 2.3839745627980924]",96.84950359159217,9.92474362397524
ADTC_8_adz_raw_20260306_1510,2026-03-06 15:00:48.640,2026-03-06 15:00:48.756,"[Timestamp('2026-03-06 15:00:48.756000'), Timestamp('2026-03-06 15:00:48.857000'), Timestamp('2026-03-06 15:00:49.014000'), Timestamp('2026-03-06 15:00:49.117000'), Timestamp('2026-03-06 15:00:49.799000'), Timestamp('2026-03-06 15:00:49.894000'), Timestamp('2026-03-06 15:00:50.036000'), Timestamp('2026-03-06 15:00:50.137000'), Timestamp('2026-03-06 15:00:50.815000'), Timestamp('2026-03-06 15:00:50.907000'), Timestamp('2026-03-06 15:00:51.053000'), Timestamp('2026-03-06 15:00:51.155000'), Timestamp('2026-03-06 15:00:51.823000'), Timestamp('2026-03-06 15:00:51.919000'), Timestamp('2026-03-06 15:00:52.059000'), Timestamp('2026-03-06 15:00:52.160000'), Timestamp('2026-03-06 15:00:52.826000'), Timestamp('2026-03-06 15:00:52.919000'), Timestamp('2026-03-06 15:00:53.075000'), Timestamp('2026-03-06 15:00:53.174000'), Timestamp('2026-03-06 15:00:53.798000'), Timestamp('2026-03-06 15:00:53.894000')]","[0.101, 0.157, 0.103, 0.682, 0.095, 0.142, 0.101, 0.678, 0.092, 0.146, 0.102, 0.668, 0.096, 0.14, 0.101, 0.666, 0.093, 0.156, 0.099, 0.624, 0.096]","[nan, nan, nan, nan, nan, nan, nan, nan, nan, nan, nan, nan, nan, nan, nan, nan, nan, nan, nan, nan, nan, nan]","[nan, nan, nan, nan, nan, nan, nan, nan, nan, nan, nan, nan, nan, nan, nan, nan, nan, nan, nan, nan, nan]",,9.92474362397524
ADTC_8_adz_raw_20260306_1530,2026-03-06 15:23:38.598,2026-03-06 15:23:48.721,"[Timestamp('2026-03-06 15:23:48.721000'), Timestamp('2026-03-06 15:23:48.839000'), Timestamp('2026-03-06 15:23:49.209000'), Timestamp('2026-03-06 15:23:49.331000'), Timestamp('2026-03-06 15:23:49.568000'), Timestamp('2026-03-06 15:23:49.686000'), Timestamp('2026-03-06 15:23:50.545000'), Timestamp('2026-03-06 15:23:50.661000'), Timestamp('2026-03-06 15:23:50.884000'), Timestamp('2026-03-06 15:23:51.006000'), Timestamp('2026-03-06 15:23:51.910000'), Timestamp('2026-03-06 15:23:52.029000'), Timestamp('2026-03-06 15:23:52.260000'), Timestamp('2026-03-06 15:23:52.391000'), Timestamp('2026-03-06 15:23:53.348000'), Timestamp('2026-03-06 15:23:53.486000')]","[0.118, 0.37, 0.122, 0.237, 0.118, 0.859, 0.116, 0.223, 0.122, 0.904, 0.119, 0.231, 0.131, 0.957, 0.138]","[21.31913635019225, 20.967095851216023, 21.029220032211057, 20.854010604373833, 20.87114337568058, 20.82522492032603, 20.217784556450184, 19.98873337088876, 19.963942463585774, 19.89831351332813, 19.185127214067812, 18.927738927738922, 18.70162979149595, 18.579880771618555, 17.637412693592466, 17.58648431214803]","[2.5156580893226854, 7.757825464949928, 2.565564843929749, 4.942400513236598, 2.4627949183303084, 17.88886820656006, 2.3452630085482213, 4.457487541708193, 2.4356009805574645, 17.98807541604863, 2.2830301384740697, 4.372307692307691, 2.4499135026859697, 17.780945898438958, 2.4339629517157606]",94.67969916681429,9.92474362397524
ADTC_8_adz_raw_20260306_1540,2026-03-06 15:37:17.907,2026-03-06 15:37:27.956,"[Timestamp('2026-03-06 15:37:27.956000'), Timestamp('2026-03-06 15:37:28.073000'), Timestamp('2026-03-06 15:37:28.864000'), Timestamp('2026-03-06 15:37:28.984000'), Timestamp('2026-03-06 15:37:29.209000'), Timestamp('2026-03-06 15:37:29.337000'), Timestamp('2026-03-06 15:37:30.155000'), Timestamp('2026-03-06 15:37:30.280000'), Timestamp('2026-03-06 15:37:30.511000'), Timestamp('2026-03-06 15:37:30.643000'), Timestamp('2026-03-06 15:37:31.499000'), Timestamp('2026-03-06 15:37:31.628000'), Timestamp('2026-03-06 15:37:31.877000'), Timestamp('2026-03-06 15:37:32.016000'), Timestamp('2026-03-06 15:37:32.911000'), Timestamp('2026-03-06 15:37:33.049000'), Timestamp('2026-03-06 15:37:33.318000'), Timestamp('2026-03-06 15:37:33.457000'), Timestamp('2026-03-06 15:37:34.408000'), Timestamp('2026-03-06 15:37:34.557000'), Timestamp('2026-03-06 15:37:34.845000'), Timestamp('2026-03-06 15:37:35.005000'), Timestamp('2026-03-06 15:37:36.023000'), Timestamp('2026-03-06 15:37:36.180000'), Timestamp('2026-03-06 15:37:36.484000'), Timestamp('2026-03-06 15:37:36.665000'), Timestamp('2026-03-06 15:37:37.794000'), Timestamp('2026-03-06 15:37:37.966000'), Timestamp('2026-03-06 15:37:38.312000'), Timestamp('2026-03-06 15:37:38.497000'), Timestamp('2026-03-06 15:37:39.765000'), Timestamp('2026-03-06 15:37:39.957000')]","[0.117, 0.791, 0.12, 0.225, 0.128, 0.818, 0.125, 0.231, 0.132, 0.856, 0.129, 0.249, 0.139, 0.895, 0.138, 0.269, 0.139, 0.951, 0.149, 0.288, 0.16, 1.018, 0.157, 0.304, 0.181, 1.129, 0.172, 0.346, 0.185, 1.268, 0.192]","[20.233642784169145, 20.232384607184734, 19.83775937153104, 19.817808417626054, 19.69481454049641, 19.55850622406639, 19.011764705882353, 19.009975531714662, 18.808142212397534, 18.904963483276735, 18.04919423240034, 18.155298155298155, 17.927936724929204, 17.770836758178532, 17.30679278623772, 17.23968945861597, 16.857528721810073, 16.904761904761905, 16.194442547962037, 16.045038705137227, 15.92742268041237, 15.573925664163564, 14.851755246595996, 14.976635514018692, 14.58980044345898, 14.457635019846208, 13.540224397230842, 13.529822778377692, 13.09688658596507, 13.125932239505644, 12.25, 12.022584692597238]","[2.3673362057477902, 16.003816224283124, 2.3805311245837246, 4.459006893965863, 2.5209362611835404, 15.998858091286307, 2.376470588235294, 4.391304347826087, 2.4826747720364746, 16.182648741684883, 2.328346055979644, 4.520669240669241, 2.4919832047651593, 15.904898898569787, 2.3883374045008057, 4.637476464367697, 2.3431964923316, 16.076428571428572, 2.4129719396463436, 4.620971147079521, 2.5483876288659792, 15.85425632611851, 2.3317255737155715, 4.552897196261682, 2.6407538802660753, 16.32266993740637, 2.328918596323705, 4.681318681318682, 2.422924018403538, 16.643682079693157, 2.352]",199.5683965885447,9.92474362397524
ADTC_8_adz_raw_20260306_1600,2026-03-06 15:53:40.205,2026-03-06 15:53:50.259,"[Timestamp('2026-03-06 15:53:50.259000'), Timestamp('2026-03-06 15:53:50.386000'), Timestamp('2026-03-06 15:53:51.267000'), Timestamp('2026-03-06 15:53:51.399000'), Timestamp('2026-03-06 15:53:51.650000'), Timestamp('2026-03-06 15:53:51.794000'), Timestamp('2026-03-06 15:53:52.703000'), Timestamp('2026-03-06 15:53:52.843000'), Timestamp('2026-03-06 15:53:53.107000'), Timestamp('2026-03-06 15:53:53.255000'), Timestamp('2026-03-06 15:53:54.203000'), Timestamp('2026-03-06 15:53:54.351000'), Timestamp('2026-03-06 15:53:54.625000'), Timestamp('2026-03-06 15:53:54.782000'), Timestamp('2026-03-06 15:53:55.778000'), Timestamp('2026-03-06 15:53:55.933000')]","[0.127, 0.881, 0.132, 0.251, 0.144, 0.909, 0.14, 0.264, 0.148, 0.948, 0.148, 0.274, 0.157, 0.996, 0.155]","[18.320877584021677, 18.252006072435478, 17.843927819985282, 17.71271978349305, 17.534261199108606, 17.58719613468217, 17.20982831294335, 16.902246689480727, 16.82746076419187, 16.791890280262376, 16.35439158598593, 16.202543183993434, 16.134499355975862, 16.048265460030166, 15.372780700944645, 15.184783206710115]","[2.326751453170753, 16.080017349815655, 2.355398472238057, 4.445892665656755, 2.524933612671639, 15.986761286426093, 2.4093759638120695, 4.462193126022912, 2.4904641931003964, 15.91871198568873, 2.4204499547259175, 4.439496832414202, 2.53311639888821, 15.984072398190046, 2.38278100864642]",96.76041670146786,9.92474362397524
ADTC_8_adz_raw_20260306_1610,2026-03-06 16:07:19.706,2026-03-06 16:07:29.745,"[Timestamp('2026-03-06 16:07:29.745000'), Timestamp('2026-03-06 16:07:29.844000'), Timestamp('2026-03-06 16:07:30.509000'), Timestamp('2026-03-06 16:07:30.611000'), Timestamp('2026-03-06 16:07:30.802000'), Timestamp('2026-03-06 16:07:30.908000'), Timestamp('2026-03-06 16:07:31.605000'), Timestamp('2026-03-06 16:07:31.713000'), Timestamp('2026-03-06 16:07:31.915000'), Timestamp('2026-03-06 16:07:32.023000'), Timestamp('2026-03-06 16:07:32.763000'), Timestamp('2026-03-06 16:07:32.877000'), Timestamp('2026-03-06 16:07:33.093000'), Timestamp('2026-03-06 16:07:33.212000'), Timestamp('2026-03-06 16:07:34.002000'), Timestamp('2026-03-06 16:07:34.125000'), Timestamp('2026-03-06 16:07:34.357000'), Timestamp('2026-03-06 16:07:34.488000'), Timestamp('2026-03-06 16:07:35.332000'), Timestamp('2026-03-06 16:07:35.460000'), Timestamp('2026-03-06 16:07:35.707000'), Timestamp('2026-03-06 16:07:35.847000'), Timestamp('2026-03-06 16:07:36.743000'), Timestamp('2026-03-06 16:07:36.883000'), Timestamp('2026-03-06 16:07:37.142000'), Timestamp('2026-03-06 16:07:37.286000'), Timestamp('2026-03-06 16:07:38.244000'), Timestamp('2026-03-06 16:07:38.393000'), Timestamp('2026-03-06 16:07:38.672000'), Timestamp('2026-03-06 16:07:38.830000'), Timestamp('2026-03-06 16:07:39.839000'), Timestamp('2026-03-06 16:07:39.997000'), Timestamp('2026-03-06 16:07:40.294000'), Timestamp('2026-03-06 16:07:40.461000'), Timestamp('2026-03-06 16:07:41.518000'), Timestamp('2026-03-06 16:07:41.680000'), Timestamp('2026-03-06 16:07:41.996000'), Timestamp('2026-03-06 16:07:42.169000'), Timestamp('2026-03-06 16:07:43.307000'), Timestamp('2026-03-06 16:07:43.483000'), Timestamp('2026-03-06 16:07:43.825000'), Timestamp('2026-03-06 16:07:44.017000'), Timestamp('2026-03-06 16:07:45.247000'), Timestamp('2026-03-06 16:07:45.439000'), Timestamp('2026-03-06 16:07:45.808000'), Timestamp('2026-03-06 16:07:46.018000'), Timestamp('2026-03-06 16:07:47.381000'), Timestamp('2026-03-06 16:07:47.594000')]","[0.099, 0.665, 0.102, 0.191, 0.106, 0.697, 0.108, 0.202, 0.108, 0.74, 0.114, 0.216, 0.119, 0.79, 0.123, 0.232, 0.131, 0.844, 0.128, 0.247, 0.14, 0.896, 0.14, 0.259, 0.144, 0.958, 0.149, 0.279, 0.158, 1.009, 0.158, 0.297, 0.167, 1.057, 0.162, 0.316, 0.173, 1.138, 0.176, 0.342, 0.192, 1.23, 0.192, 0.369, 0.21, 1.363, 0.213]","[24.033086852989097, 24.093411091937377, 23.301108145844008, 23.387814692162518, 23.040663040663038, 22.940672643179354, 22.095092804474955, 22.17137370989679, 21.820999612553273, 21.622608775053642, 20.915926179084074, 20.762216506897357, 20.53666215177362, 20.451204239795267, 19.49690721649484, 19.49401325988719, 18.97299894151789, 18.882141337562373, 18.183448785510066, 18.28996120641165, 17.879327028123733, 17.61847515330296, 17.155165536497805, 17.070564656344242, 16.73963806187974, 16.725702363045272, 15.881164925262851, 16.13329269531647, 15.71299987141571, 15.53983969825554, 15.141955835962147, 15.215818664094526, 14.919504808458637, 14.837712519319938, 14.404581802463799, 14.382224217259566, 14.025022730474202, 14.006052944106042, 13.361693225007844, 13.39852348208894, 13.008130081300813, 12.938099389712292, 12.253835025479948, 12.292114789360474, 11.955835619667699, 11.881643100366247, 11.11799592812251, 11.066580203471993]","[2.3792755984459206, 16.022118376138355, 2.376713030876089, 4.467072606203041, 2.442310282310282, 15.989648832296009, 2.386270022883295, 4.478617489399152, 2.3566679581557533, 16.000730493539695, 2.3844155844155845, 4.484638765489829, 2.4438627960610604, 16.15645134943826, 2.3981195876288655, 4.5226110762938285, 2.485462861338844, 15.936527288902642, 2.3274814445452887, 4.517620417983678, 2.5031057839373227, 15.786153737359452, 2.401723175109693, 4.421276245993159, 2.4105078809106826, 16.02322286379737, 2.366293573864165, 4.501188661993296, 2.482653979683682, 15.679698255539838, 2.3924290220820192, 4.519098143236074, 2.4915573030125926, 15.683462132921173, 2.3335422519991353, 4.544782852654023, 2.4263289323720367, 15.938888250392674, 2.3516580076013804, 4.582295030874418, 2.497560975609756, 15.913862249346119, 2.35273632489215, 4.535790357274014, 2.510725480130217, 16.194679545799193, 2.3681331326900943]",298.76997001342113,9.92474362397524
ADTC_8_adz_raw_20260306_1630,2026-03-06 16:24:16.934,2026-03-06 16:24:26.971,"[Timestamp('2026-03-06 16:24:26.971000'), Timestamp('2026-03-06 16:24:27.093000'), Timestamp('2026-03-06 16:24:27.451000'), Timestamp('2026-03-06 16:24:27.573000'), Timestamp('2026-03-06 16:24:27.796000'), Timestamp('2026-03-06 16:24:27.915000'), Timestamp('2026-03-06 16:24:28.747000'), Timestamp('2026-03-06 16:24:28.861000'), Timestamp('2026-03-06 16:24:29.075000'), Timestamp('2026-03-06 16:24:29.193000'), Timestamp('2026-03-06 16:24:30.059000'), Timestamp('2026-03-06 16:24:30.171000'), Timestamp('2026-03-06 16:24:30.393000'), Timestamp('2026-03-06 16:24:30.518000'), Timestamp('2026-03-06 16:24:31.411000'), Timestamp('2026-03-06 16:24:31.535000'), Timestamp('2026-03-06 16:24:31.793000'), Timestamp('2026-03-06 16:24:31.939000'), Timestamp('2026-03-06 16:24:32.339000'), Timestamp('2026-03-06 16:24:32.477000'), Timestamp('2026-03-06 16:24:32.738000'), Timestamp('2026-03-06 16:24:32.871000'), Timestamp('2026-03-06 16:24:33.841000'), Timestamp('2026-03-06 16:24:33.971000'), Timestamp('2026-03-06 16:24:34.216000'), Timestamp('2026-03-06 16:24:34.359000'), Timestamp('2026-03-06 16:24:35.384000'), Timestamp('2026-03-06 16:24:35.525000'), Timestamp('2026-03-06 16:24:35.793000'), Timestamp('2026-03-06 16:24:35.943000'), Timestamp('2026-03-06 16:24:37.036000'), Timestamp('2026-03-06 16:24:37.186000')]","[0.122, 0.358, 0.122, 0.223, 0.119, 0.832, 0.114, 0.214, 0.118, 0.866, 0.112, 0.222, 0.125, 0.893, 0.124, 0.258, 0.146, 0.4, 0.138, 0.261, 0.133, 0.97, 0.13, 0.245, 0.143, 1.025, 0.141, 0.268, 0.15, 1.093, 0.15]","[21.648226488773183, 21.583933308071238, 21.455754996853553, 21.29116015578898, 21.219848178434304, 21.34608827991046, 20.578801775555778, 20.58920887123469, 20.557593543653706, 20.425993759327092, 20.148701504633706, 19.899984533690777, 19.7584401944675, 19.892489263941854, 19.300868862396445, 19.169313793089703, 19.056696665944582, 19.224915490475656, 18.7254752851711, 18.537239991053454, 18.579880771618555, 18.476913111871937, 17.729619217991313, 17.686816318775275, 17.408803046145955, 17.293262314840014, 16.705555505116077, 16.515487707464274, 16.421052631578945, 16.266194950071245, 15.432529168409797, 15.124449208050493]","[2.641083631630328, 7.727048124289503, 2.6176021096161333, 4.747928714740943, 2.525161933233682, 17.759945448885503, 2.345983402413359, 4.406090698444223, 2.425796038151137, 17.688910595577262, 2.256654568518975, 4.417796566479352, 2.4698050243084375, 17.763992912700076, 2.393307738937159, 4.945682958617144, 2.782277713227909, 7.689966196190262, 2.584115589353612, 4.8382196376649516, 2.471124142625268, 17.92260571851578, 2.3048504983388707, 4.333269998099942, 2.4894588355988714, 17.725593872711013, 2.355483326221367, 4.426150705600426, 2.4631578947368418, 17.77895108042787, 2.3148793752614694]",193.61289505111768,9.92474362397524
ADTC_8_adz_raw_20260306_1640,2026-03-06 16:30:58.214,2026-03-06 16:30:58.386,"[Timestamp('2026-03-06 16:30:58.386000'), Timestamp('2026-03-06 16:30:58.479000'), Timestamp('2026-03-06 16:30:59.083000'), Timestamp('2026-03-06 16:30:59.172000')]","[0.093, 0.604, 0.089]","[26.25322225127956, 26.181558765828427, 26.279602750190982, 26.17377867585879, 26.139916719766454, 26.07695709862893, 26.035381189319494, 25.67010088155176, 26.402321083172147, 26.09003899326479, 26.45350823256132, 26.152705707931805, 26.314010859035303, 26.37362637362638, 26.543846382988477, 26.51428571428571, 26.45913215139896, 26.152705707931805, 26.42435256701499, 26.32112676056338, 26.593103448275855, 26.424682395644282, 26.632853025936598, 26.63878981675071, 26.509438274144152, 26.424682395644282, 26.571245068354894, 26.625748043578337, 26.632853025936598, 26.35200685874151, 26.925249482206745, 26.68309208500154]","[2.441549669368999, 15.81366149456037, 2.3388846447669973]",20.594095808696366,9.92474362397524
ADTC_8_adz_raw_20260306_1700,2026-03-06 16:53:48.672,2026-03-06 16:53:58.716,"[Timestamp('2026-03-06 16:53:58.716000'), Timestamp('2026-03-06 16:53:58.823000'), Timestamp('2026-03-06 16:53:59.546000'), Timestamp('2026-03-06 16:53:59.655000'), Timestamp('2026-03-06 16:53:59.862000'), Timestamp('2026-03-06 16:53:59.975000'), Timestamp('2026-03-06 16:54:00.718000'), Timestamp('2026-03-06 16:54:00.830000'), Timestamp('2026-03-06 16:54:01.045000'), Timestamp('2026-03-06 16:54:01.161000'), Timestamp('2026-03-06 16:54:01.928000'), Timestamp('2026-03-06 16:54:02.045000'), Timestamp('2026-03-06 16:54:02.266000'), Timestamp('2026-03-06 16:54:02.386000'), Timestamp('2026-03-06 16:54:03.184000'), Timestamp('2026-03-06 16:54:03.306000'), Timestamp('2026-03-06 16:54:03.541000'), Timestamp('2026-03-06 16:54:03.662000'), Timestamp('2026-03-06 16:54:04.490000'), Timestamp('2026-03-06 16:54:04.617000'), Timestamp('2026-03-06 16:54:04.857000'), Timestamp('2026-03-06 16:54:04.995000'), Timestamp('2026-03-06 16:54:05.859000'), Timestamp('2026-03-06 16:54:05.991000'), Timestamp('2026-03-06 16:54:06.241000'), Timestamp('2026-03-06 16:54:06.385000'), Timestamp('2026-03-06 16:54:07.302000'), Timestamp('2026-03-06 16:54:07.441000'), Timestamp('2026-03-06 16:54:07.708000'), Timestamp('2026-03-06 16:54:07.860000'), Timestamp('2026-03-06 16:54:08.840000'), Timestamp('2026-03-06 16:54:08.992000')]","[0.107, 0.723, 0.109, 0.207, 0.113, 0.743, 0.112, 0.215, 0.116, 0.767, 0.117, 0.221, 0.12, 0.798, 0.122, 0.235, 0.121, 0.828, 0.127, 0.24, 0.138, 0.864, 0.132, 0.25, 0.144, 0.917, 0.139, 0.267, 0.152, 0.98, 0.152]","[22.155969163933726, 22.04107424960506, 21.65395178516936, 21.537765034331848, 21.41642044945832, 21.433691756272403, 21.059113300492612, 20.886246576897424, 20.81250704648803, 20.78320866528736, 20.32749858836815, 20.18552875695733, 20.058888961591308, 19.986409103303792, 19.6418410041841, 19.46969572436013, 19.419618227959837, 19.357351509250243, 18.80512908975907, 18.704610130904953, 18.448724007561438, 18.5474993305763, 17.846145348596366, 17.72018506117149, 17.52811234944275, 17.40133735413662, 16.765415843756855, 16.54513930123744, 16.355530788520475, 16.37373930916755, 15.349603463468831, 15.037549784694972]","[2.3706887005409087, 15.935696682464458, 2.3602807445834606, 4.458317362106692, 2.4200555107887904, 15.925232974910395, 2.3586206896551727, 4.490543014032946, 2.4142508173926114, 15.940721046275407, 2.378317334839074, 4.461001855287569, 2.407066675390957, 15.949154464436427, 2.3963046025104604, 4.57537849522463, 2.34977380558314, 16.0278870496592, 2.388251394399402, 4.489106431417189, 2.5459239130434788, 16.025039421617922, 2.3556911860147203, 4.430046265292873, 2.524048178319756, 15.957026353743279, 2.330392802282203, 4.417552193430397, 2.4860406798551122, 16.0462645229842, 2.3331397264472624]",197.54781489453006,9.92474362397524
ADTC_8_adz_raw_20260306_1710,2026-03-06 17:08:05.811,2026-03-06 17:08:15.861,"[Timestamp('2026-03-06 17:08:15.861000'), Timestamp('2026-03-06 17:08:15.967000'), Timestamp('2026-03-06 17:08:16.707000'), Timestamp('2026-03-06 17:08:16.821000'), Timestamp('2026-03-06 17:08:17.035000'), Timestamp('2026-03-06 17:08:17.148000'), Timestamp('2026-03-06 17:08:17.910000'), Timestamp('2026-03-06 17:08:18.029000'), Timestamp('2026-03-06 17:08:18.242000'), Timestamp('2026-03-06 17:08:18.366000'), Timestamp('2026-03-06 17:08:19.161000'), Timestamp('2026-03-06 17:08:19.279000'), Timestamp('2026-03-06 17:08:19.510000'), Timestamp('2026-03-06 17:08:19.632000'), Timestamp('2026-03-06 17:08:20.461000'), Timestamp('2026-03-06 17:08:20.589000'), Timestamp('2026-03-06 17:08:20.830000'), Timestamp('2026-03-06 17:08:20.962000'), Timestamp('2026-03-06 17:08:21.841000'), Timestamp('2026-03-06 17:08:21.975000'), Timestamp('2026-03-06 17:08:22.230000'), Timestamp('2026-03-06 17:08:22.377000'), Timestamp('2026-03-06 17:08:23.321000'), Timestamp('2026-03-06 17:08:23.465000'), Timestamp('2026-03-06 17:08:23.744000'), Timestamp('2026-03-06 17:08:23.907000'), Timestamp('2026-03-06 17:08:24.928000'), Timestamp('2026-03-06 17:08:25.087000'), Timestamp('2026-03-06 17:08:25.399000'), Timestamp('2026-03-06 17:08:25.569000'), Timestamp('2026-03-06 17:08:26.714000'), Timestamp('2026-03-06 17:08:26.892000')]","[0.106, 0.74, 0.114, 0.214, 0.113, 0.762, 0.119, 0.213, 0.124, 0.795, 0.118, 0.231, 0.122, 0.829, 0.128, 0.241, 0.132, 0.879, 0.134, 0.255, 0.147, 0.944, 0.144, 0.279, 0.163, 1.021, 0.159, 0.312, 0.17, 1.145, 0.178]","[21.50274402785163, 21.819196140316436, 21.381800865113696, 21.384664996403142, 21.00907941615906, 21.192982456140353, 20.80195323504554, 20.690520096429413, 20.64754856614246, 20.447493058958024, 19.834795415252604, 20.0418410041841, 19.61236039465117, 19.67246157722348, 19.066553062576922, 19.010199160069174, 18.64077669902913, 18.532887601882805, 17.82731341945362, 17.860480571535376, 17.55121276233067, 17.299319131527426, 16.42440243766794, 16.410256410256412, 16.095792225314106, 15.74282419168824, 15.03569063212893, 15.130033036091309, 14.667762297837374, 14.447353402121626, 13.511671764314354, 13.483252455911941]","[2.2792908669522727, 16.146205143834162, 2.4375252986229614, 4.576318309230272, 2.374025974025974, 16.14905263157895, 2.4754324349704193, 4.407080780539465, 2.560296022201665, 16.25575698187163, 2.340505858999807, 4.629665271966528, 2.392707968147443, 16.308470647518263, 2.440518792009846, 4.5814579975766705, 2.460582524271845, 16.290408202054987, 2.3888599982067853, 4.554422545741521, 2.5800282760626083, 16.33055726016189, 2.365113951024183, 4.578461538461539, 2.6236141327261993, 16.07342349971369, 2.3906748105084996, 4.7205703072604885, 2.4935195906323537, 16.542219645429263, 2.405077574047955]",201.1518448363502,9.92474362397524
ADTC_8_adz_raw_20260306_1730,2026-03-06 17:25:23.642,2026-03-06 17:25:33.349,"[Timestamp('2026-03-06 17:25:33.349000'), Timestamp('2026-03-06 17:25:33.720000'), Timestamp('2026-03-06 17:25:33.827000'), Timestamp('2026-03-06 17:25:34.170000'), Timestamp('2026-03-06 17:25:34.285000'), Timestamp('2026-03-06 17:25:34.503000'), Timestamp('2026-03-06 17:25:34.605000'), Timestamp('2026-03-06 17:25:35.399000'), Timestamp('2026-03-06 17:25:35.504000'), Timestamp('2026-03-06 17:25:35.709000'), Timestamp('2026-03-06 17:25:35.820000'), Timestamp('2026-03-06 17:25:36.639000'), Timestamp('2026-03-06 17:25:36.751000'), Timestamp('2026-03-06 17:25:36.967000'), Timestamp('2026-03-06 17:25:37.082000'), Timestamp('2026-03-06 17:25:37.942000'), Timestamp('2026-03-06 17:25:38.060000'), Timestamp('2026-03-06 17:25:38.309000'), Timestamp('2026-03-06 17:25:38.452000'), Timestamp('2026-03-06 17:25:38.842000'), Timestamp('2026-03-06 17:25:38.970000'), Timestamp('2026-03-06 17:25:39.231000'), Timestamp('2026-03-06 17:25:39.357000'), Timestamp('2026-03-06 17:25:40.312000'), Timestamp('2026-03-06 17:25:40.443000'), Timestamp('2026-03-06 17:25:40.693000'), Timestamp('2026-03-06 17:25:40.840000'), Timestamp('2026-03-06 17:25:41.868000'), Timestamp('2026-03-06 17:25:42.009000'), Timestamp('2026-03-06 17:25:42.283000'), Timestamp('2026-03-06 17:25:42.441000'), Timestamp('2026-03-06 17:25:43.560000'), Timestamp('2026-03-06 17:25:43.719000')]","[0.371, 0.107, 0.343, 0.115, 0.218, 0.102, 0.794, 0.105, 0.205, 0.111, 0.819, 0.112, 0.216, 0.115, 0.86, 0.118, 0.249, 0.143, 0.39, 0.128, 0.261, 0.126, 0.955, 0.131, 0.25, 0.147, 1.028, 0.141, 0.274, 0.158, 1.119, 0.159]","[22.77583276108566, 22.684968195513896, 22.510308428170873, 22.643524699599467, 22.57818459191457, 22.666221182759777, 22.02020202020202, 21.702923355165684, 21.901045731231466, 21.954887218045116, 20.93806488440681, 21.036866359447004, 20.75872193598459, 20.883777239709445, 20.130121329347638, 19.918384214060644, 19.765136495348482, 19.894964473277724, 19.284884471408287, 19.104950495049508, 18.91847813424664, 18.998054246665262, 17.891054472763617, 17.75856881035096, 17.53753753753754, 17.46586217846935, 16.627876286680902, 16.378297243521867, 16.259379087216907, 15.996004328643968, 15.241935483870968, 14.94924817497019]","[8.449833954362779, 2.4272915969199866, 7.72103579086261, 2.6040053404539387, 4.922044241037376, 2.3119545606414973, 17.484040404040407, 2.278806952292397, 4.489714374902451, 2.4369924812030077, 17.148275140329176, 2.3561290322580644, 4.483883938172671, 2.4016343825665865, 17.311904343238968, 2.350369337259156, 4.921518987341772, 2.8449799196787144, 7.521104943849232, 2.445433663366337, 4.937722793038374, 2.393754835079823, 17.085957021489254, 2.3263725141559757, 4.384384384384385, 2.5674817402349945, 17.093456822707967, 2.309339911336583, 4.455069869897433, 2.527368683925747, 17.055725806451612, 2.3769304598202603]",198.42451822729956,9.92474362397524
ADTC_8_adz_raw_20260306_1740,2026-03-06 17:31:20.429,2026-03-06 17:31:30.529,"[Timestamp('2026-03-06 17:31:30.529000'), Timestamp('2026-03-06 17:31:30.639000'), Timestamp('2026-03-06 17:31:31.396000'), Timestamp('2026-03-06 17:31:31.510000'), Timestamp('2026-03-06 17:31:31.724000'), Timestamp('2026-03-06 17:31:31.841000'), Timestamp('2026-03-06 17:31:32.600000'), Timestamp('2026-03-06 17:31:32.713000'), Timestamp('2026-03-06 17:31:32.929000'), Timestamp('2026-03-06 17:31:33.040000'), Timestamp('2026-03-06 17:31:33.798000'), Timestamp('2026-03-06 17:31:33.912000'), Timestamp('2026-03-06 17:31:34.129000'), Timestamp('2026-03-06 17:31:34.244000'), Timestamp('2026-03-06 17:31:35'), Timestamp('2026-03-06 17:31:35.114000'), Timestamp('2026-03-06 17:31:35.330000'), Timestamp('2026-03-06 17:31:35.446000'), Timestamp('2026-03-06 17:31:36.208000'), Timestamp('2026-03-06 17:31:36.319000'), Timestamp('2026-03-06 17:31:36.536000'), Timestamp('2026-03-06 17:31:36.653000'), Timestamp('2026-03-06 17:31:37.412000'), Timestamp('2026-03-06 17:31:37.526000'), Timestamp('2026-03-06 17:31:37.743000'), Timestamp('2026-03-06 17:31:37.858000'), Timestamp('2026-03-06 17:31:38.621000'), Timestamp('2026-03-06 17:31:38.735000'), Timestamp('2026-03-06 17:31:38.951000'), Timestamp('2026-03-06 17:31:39.067000'), Timestamp('2026-03-06 17:31:39.830000'), Timestamp('2026-03-06 17:31:39.943000')]","[0.11, 0.757, 0.114, 0.214, 0.117, 0.759, 0.113, 0.216, 0.111, 0.758, 0.114, 0.217, 0.115, 0.756, 0.114, 0.216, 0.116, 0.762, 0.111, 0.217, 0.117, 0.759, 0.114, 0.217, 0.115, 0.763, 0.114, 0.216, 0.116, 0.763, 0.113]","[21.41642044945832, 21.02105843175774, 21.127865423167435, 21.064889444939006, 20.891780011827315, 21.157165855266985, 21.334281523623268, 21.030809098761875, 21.268327150680093, 21.216374269005847, 21.272673791548193, 21.241537309268203, 21.19674765081065, 21.22939935952511, 21.160157691336686, 21.033837293016557, 21.11613876319759, 21.17167006703585, 21.265584568336863, 21.14998691213681, 21.22939935952511, 21.3107822410148, 21.14363248691607, 21.0508113093351, 21.089244851258577, 21.290893015030946, 21.221940269373416, 21.140763997906852, 21.22939935952511, 21.31499447378116, 21.32797375382387, 21.1368909512761]","[2.3558062494404153, 15.912941232840609, 2.408576658241088, 4.507886341216947, 2.444338261383796, 16.058288884147643, 2.4107738121694293, 4.542654765332565, 2.3607843137254902, 16.08201169590643, 2.425084812236494, 4.6094135961112, 2.437625979843225, 16.049425915800985, 2.4122579768123824, 4.543308855291576, 2.4494720965309207, 16.13281259108132, 2.3604798870853916, 4.589547159933688, 2.483839725064438, 16.174883720930232, 2.410374103508432, 4.568026054125717, 2.4252631578947366, 16.244951370468613, 2.4193011907085693, 4.56640502354788, 2.462610325704913, 16.263340783495025, 2.4100610341820974]",199.5225475747622,9.92474362397524
ADTC_8_adz_raw_20260306_1800,2026-03-06 17:54:11.891,2026-03-06 17:54:21.944,"[Timestamp('2026-03-06 17:54:21.944000'), Timestamp('2026-03-06 17:54:22.060000'), Timestamp('2026-03-06 17:54:22.836000'), Timestamp('2026-03-06 17:54:22.953000'), Timestamp('2026-03-06 17:54:23.177000'), Timestamp('2026-03-06 17:54:23.298000'), Timestamp('2026-03-06 17:54:24.100000'), Timestamp('2026-03-06 17:54:24.222000'), Timestamp('2026-03-06 17:54:24.450000'), Timestamp('2026-03-06 17:54:24.577000'), Timestamp('2026-03-06 17:54:25.403000'), Timestamp('2026-03-06 17:54:25.527000'), Timestamp('2026-03-06 17:54:25.772000'), Timestamp('2026-03-06 17:54:25.898000'), Timestamp('2026-03-06 17:54:26.756000'), Timestamp('2026-03-06 17:54:26.886000'), Timestamp('2026-03-06 17:54:27.131000'), Timestamp('2026-03-06 17:54:27.269000'), Timestamp('2026-03-06 17:54:28.166000'), Timestamp('2026-03-06 17:54:28.297000'), Timestamp('2026-03-06 17:54:28.553000'), Timestamp('2026-03-06 17:54:28.700000'), Timestamp('2026-03-06 17:54:29.637000'), Timestamp('2026-03-06 17:54:29.778000'), Timestamp('2026-03-06 17:54:30.049000'), Timestamp('2026-03-06 17:54:30.204000'), Timestamp('2026-03-06 17:54:31.188000'), Timestamp('2026-03-06 17:54:31.339000'), Timestamp('2026-03-06 17:54:31.636000'), Timestamp('2026-03-06 17:54:31.794000'), Timestamp('2026-03-06 17:54:32.846000'), Timestamp('2026-03-06 17:54:33.005000')]","[0.116, 0.776, 0.117, 0.224, 0.121, 0.802, 0.122, 0.228, 0.127, 0.826, 0.124, 0.245, 0.126, 0.858, 0.13, 0.245, 0.138, 0.897, 0.131, 0.256, 0.147, 0.937, 0.141, 0.271, 0.155, 0.984, 0.151, 0.297, 0.158, 1.052, 0.159]","[20.671432147525934, 20.622225500274276, 20.175279807501262, 20.04734563622333, 19.899984533690777, 19.938983401416827, 19.613506406778242, 19.49964118680557, 19.263373988648716, 19.325362107514337, 18.867793390248703, 18.760305343511448, 18.578674502610944, 18.571962616822432, 18.224258666897207, 17.950196592398427, 17.905092994959155, 17.850705450929205, 17.42654108065903, 17.28487897213831, 17.083797750531968, 17.11368485217921, 16.510017094421542, 16.345646667400867, 16.16619794974145, 16.10937631867668, 15.571786398366623, 15.303944881409667, 15.264211611963841, 15.21495796210315, 14.546289387591115, 14.24028501682391]","[2.3978861291130085, 16.002846988212838, 2.360507737477648, 4.490605422514026, 2.407898128576584, 15.991064687936296, 2.3928477816269456, 4.44591819059167, 2.446448496558387, 15.962749100806843, 2.339606380390839, 4.596274809160304, 2.340912987328979, 15.934743925233647, 2.369153626696637, 4.397798165137615, 2.4709028333043634, 16.012082789483497, 2.282876881566333, 4.424929016867407, 2.511318269328199, 16.03552270649192, 2.3279124103134374, 4.429670246865635, 2.5057606822099245, 15.851626297577853, 2.35133974615336, 4.545271629778671, 2.4117454346902867, 16.006135776132513, 2.312860012626987]",197.35721729075274,9.92474362397524
ADTC_8_adz_raw_20260306_1810,2026-03-06 18:07:25.946,2026-03-06 18:07:35.994,"[Timestamp('2026-03-06 18:07:35.994000'), Timestamp('2026-03-06 18:07:36.109000'), Timestamp('2026-03-06 18:07:36.883000'), Timestamp('2026-03-06 18:07:36.997000'), Timestamp('2026-03-06 18:07:37.221000'), Timestamp('2026-03-06 18:07:37.342000'), Timestamp('2026-03-06 18:07:38.145000'), Timestamp('2026-03-06 18:07:38.262000'), Timestamp('2026-03-06 18:07:38.498000'), Timestamp('2026-03-06 18:07:38.623000'), Timestamp('2026-03-06 18:07:39.466000'), Timestamp('2026-03-06 18:07:39.592000'), Timestamp('2026-03-06 18:07:39.837000'), Timestamp('2026-03-06 18:07:39.970000'), Timestamp('2026-03-06 18:07:40.860000'), Timestamp('2026-03-06 18:07:40.995000'), Timestamp('2026-03-06 18:07:41.260000'), Timestamp('2026-03-06 18:07:41.400000'), Timestamp('2026-03-06 18:07:42.349000'), Timestamp('2026-03-06 18:07:42.491000'), Timestamp('2026-03-06 18:07:42.770000'), Timestamp('2026-03-06 18:07:42.921000'), Timestamp('2026-03-06 18:07:43.925000'), Timestamp('2026-03-06 18:07:44.075000'), Timestamp('2026-03-06 18:07:44.369000'), Timestamp('2026-03-06 18:07:44.529000'), Timestamp('2026-03-06 18:07:45.548000'), Timestamp('2026-03-06 18:07:45.703000'), Timestamp('2026-03-06 18:07:46'), Timestamp('2026-03-06 18:07:46.163000'), Timestamp('2026-03-06 18:07:47.203000'), Timestamp('2026-03-06 18:07:47.360000')]","[0.115, 0.774, 0.114, 0.224, 0.121, 0.803, 0.117, 0.236, 0.125, 0.843, 0.126, 0.245, 0.133, 0.89, 0.135, 0.265, 0.14, 0.949, 0.142, 0.279, 0.151, 1.004, 0.15, 0.294, 0.16, 1.019, 0.155, 0.297, 0.163, 1.04, 0.157]","[20.7889605519724, 20.783992127275706, 20.197336401044197, 20.321306011271695, 20.084033613445378, 19.800632803728778, 19.31785054902342, 19.415950920245397, 19.12350597609562, 19.06700433125843, 18.32388071118688, 18.34187360399422, 18.13226796033388, 18.115529224108464, 17.36553389007193, 17.407772736239888, 16.9645198756135, 16.9645198756135, 16.301113955580156, 16.286404972948084, 16.016564253272776, 15.894431850266031, 15.40966711326394, 15.52224447221336, 15.276096918753321, 15.214901440713728, 15.202672203665253, 15.238709547374047, 15.00058596038908, 14.976635514018692, 14.761724659606656, 14.91885625965997]","[2.3907304634768263, 16.086809906511398, 2.3024963497190387, 4.551972546524859, 2.430168067226891, 15.89990814139421, 2.26018851423574, 4.582164417177913, 2.3904382470119523, 16.07348465125086, 2.308808969609547, 4.493759032978584, 2.4115916387244063, 16.122821009456533, 2.344347075159711, 4.6130597751035705, 2.3750327825858903, 16.09932936195721, 2.314758181692382, 4.543906987452516, 2.418501202244189, 15.958009577667095, 2.311450066989591, 4.563539874830727, 2.4441755070005313, 15.503984568087287, 2.3564141915681143, 4.525896735570091, 2.44509551154342, 15.57570093457944, 2.317590771558245]",197.01613506088876,9.92474362397524
ADTC_8_adz_raw_20260306_1830,2026-03-06 18:24:37.792,2026-03-06 18:24:47.898,"[Timestamp('2026-03-06 18:24:47.898000'), Timestamp('2026-03-06 18:24:48.025000'), Timestamp('2026-03-06 18:24:48.406000'), Timestamp('2026-03-06 18:24:48.532000'), Timestamp('2026-03-06 18:24:48.777000'), Timestamp('2026-03-06 18:24:48.900000'), Timestamp('2026-03-06 18:24:49.786000'), Timestamp('2026-03-06 18:24:49.906000'), Timestamp('2026-03-06 18:24:50.136000'), Timestamp('2026-03-06 18:24:50.260000'), Timestamp('2026-03-06 18:24:51.170000'), Timestamp('2026-03-06 18:24:51.292000'), Timestamp('2026-03-06 18:24:51.519000'), Timestamp('2026-03-06 18:24:51.650000'), Timestamp('2026-03-06 18:24:52.592000'), Timestamp('2026-03-06 18:24:52.723000'), Timestamp('2026-03-06 18:24:52.994000'), Timestamp('2026-03-06 18:24:53.138000'), Timestamp('2026-03-06 18:24:53.561000'), Timestamp('2026-03-06 18:24:53.704000'), Timestamp('2026-03-06 18:24:53.982000'), Timestamp('2026-03-06 18:24:54.118000'), Timestamp('2026-03-06 18:24:55.126000'), Timestamp('2026-03-06 18:24:55.265000'), Timestamp('2026-03-06 18:24:55.520000'), Timestamp('2026-03-06 18:24:55.670000'), Timestamp('2026-03-06 18:24:56.725000'), Timestamp('2026-03-06 18:24:56.870000'), Timestamp('2026-03-06 18:24:57.135000'), Timestamp('2026-03-06 18:24:57.291000'), Timestamp('2026-03-06 18:24:58.399000'), Timestamp('2026-03-06 18:24:58.557000')]","[0.127, 0.381, 0.126, 0.245, 0.123, 0.886, 0.12, 0.23, 0.124, 0.91, 0.122, 0.227, 0.131, 0.942, 0.131, 0.271, 0.144, 0.423, 0.143, 0.278, 0.136, 1.008, 0.139, 0.255, 0.15, 1.055, 0.145, 0.265, 0.156, 1.108, 0.158]","[20.497675690456656, 20.339348235927822, 20.40569234244409, 19.94029644712094, 20.108438174448594, 20.116380104794754, 19.861360718870344, 19.695809169493376, 19.805939229457074, 19.727191488644216, 19.220779220779217, 19.108734402852047, 18.860510805500986, 18.755795362183903, 18.60528005949363, 18.101940712305396, 18.27111130427224, 18.20273184759166, 18.011510639421303, 17.647297352094398, 17.79500288612188, 17.603872529245663, 17.219855600314027, 17.08450102123213, 16.888751353860435, 16.819541864913916, 16.454484034897042, 16.231884057971016, 16.040201005025125, 15.950408889305951, 15.337381038060164, 15.202367220021065]","[2.6032048126879954, 7.7492916778885, 2.5711172351479554, 4.88537262954463, 2.473337895457177, 17.82311277284815, 2.383363286264441, 4.530036108983476, 2.455936464452677, 17.951744254666238, 2.3449350649350644, 4.337682709447415, 2.4707269155206295, 17.667959231177235, 2.4372916877936657, 4.905625933034763, 2.631040027815202, 7.699755571531273, 2.575646021437246, 4.905948663882243, 2.4201203925125756, 17.744703509479628, 2.3935599284436497, 4.356547760414193, 2.533312703079065, 17.74461666748418, 2.385900185060071, 4.3014492753623195, 2.5022713567839197, 17.673053049350994, 2.423306204013506]",193.88196999650006,9.92474362397524
ADTC_8_adz_raw_20260306_1840,2026-03-06 18:37:12.077,2026-03-06 18:37:22.132,"[Timestamp('2026-03-06 18:37:22.132000'), Timestamp('2026-03-06 18:37:22.236000'), Timestamp('2026-03-06 18:37:22.971000'), Timestamp('2026-03-06 18:37:23.081000'), Timestamp('2026-03-06 18:37:23.294000'), Timestamp('2026-03-06 18:37:23.405000'), Timestamp('2026-03-06 18:37:24.166000'), Timestamp('2026-03-06 18:37:24.276000'), Timestamp('2026-03-06 18:37:24.493000'), Timestamp('2026-03-06 18:37:24.612000'), Timestamp('2026-03-06 18:37:25.393000'), Timestamp('2026-03-06 18:37:25.515000'), Timestamp('2026-03-06 18:37:25.742000'), Timestamp('2026-03-06 18:37:25.860000'), Timestamp('2026-03-06 18:37:26.676000'), Timestamp('2026-03-06 18:37:26.800000'), Timestamp('2026-03-06 18:37:27.039000'), Timestamp('2026-03-06 18:37:27.164000'), Timestamp('2026-03-06 18:37:28.020000'), Timestamp('2026-03-06 18:37:28.149000'), Timestamp('2026-03-06 18:37:28.397000'), Timestamp('2026-03-06 18:37:28.541000'), Timestamp('2026-03-06 18:37:29.456000'), Timestamp('2026-03-06 18:37:29.595000'), Timestamp('2026-03-06 18:37:29.873000'), Timestamp('2026-03-06 18:37:30.030000'), Timestamp('2026-03-06 18:37:31.039000'), Timestamp('2026-03-06 18:37:31.197000'), Timestamp('2026-03-06 18:37:31.500000'), Timestamp('2026-03-06 18:37:31.660000'), Timestamp('2026-03-06 18:37:32.742000'), Timestamp('2026-03-06 18:37:32.900000')]","[0.104, 0.735, 0.11, 0.213, 0.111, 0.761, 0.11, 0.217, 0.119, 0.781, 0.122, 0.227, 0.118, 0.816, 0.124, 0.239, 0.125, 0.856, 0.129, 0.248, 0.144, 0.915, 0.139, 0.278, 0.157, 1.009, 0.158, 0.303, 0.16, 1.082, 0.158]","[21.4769400165161, 21.79569116585919, 21.406837300877037, 21.50058687212207, 21.030809098761875, 21.14547703951677, 20.40569234244409, 20.824295010845983, 20.494873547505122, 20.49207217058502, 19.917355371900825, 19.877139660397898, 19.6, 19.712608783647035, 19.10994556993115, 19.108734402852047, 18.680507444718288, 18.76920724715236, 18.013539726741136, 18.06287170773152, 17.777777777777775, 17.473260616329554, 16.77317756495944, 16.871704745166962, 16.244817555031265, 16.03547078261597, 15.239477503628446, 15.275632813647205, 14.79423560504064, 14.899222192790234, 14.387067804220926, 14.513143280266569]","[2.2336017617176744, 16.019833006906502, 2.354752103096474, 4.5796250037620005, 2.334419809962568, 16.09170802707226, 2.24462615766885, 4.518872017353578, 2.4388899521531093, 16.0043083652269, 2.4299173553719005, 4.512110702910323, 2.3128, 16.085488767455978, 2.3696332506714626, 4.566987522281639, 2.335063430589786, 16.06644140356242, 2.3237466247496066, 4.4795921835174175, 2.5599999999999996, 15.988033463941543, 2.3314716815293623, 4.690333919156416, 2.5504363561399086, 16.179790019659514, 2.4078374455732945, 4.628516742535103, 2.3670776968065024, 16.120958412599034, 2.2731567130669066]",198.400029897038,9.92474362397524
ADTC_8_adz_raw_20260306_1900,2026-03-06 18:53:19.469,2026-03-06 18:53:29.531,"[Timestamp('2026-03-06 18:53:29.531000'), Timestamp('2026-03-06 18:53:29.647000'), Timestamp('2026-03-06 18:53:30.442000'), Timestamp('2026-03-06 18:53:30.563000'), Timestamp('2026-03-06 18:53:30.801000'), Timestamp('2026-03-06 18:53:30.921000'), Timestamp('2026-03-06 18:53:31.766000'), Timestamp('2026-03-06 18:53:31.896000'), Timestamp('2026-03-06 18:53:32.142000'), Timestamp('2026-03-06 18:53:32.280000'), Timestamp('2026-03-06 18:53:33.169000'), Timestamp('2026-03-06 18:53:33.304000'), Timestamp('2026-03-06 18:53:33.570000'), Timestamp('2026-03-06 18:53:33.708000'), Timestamp('2026-03-06 18:53:34.657000'), Timestamp('2026-03-06 18:53:34.796000'), Timestamp('2026-03-06 18:53:35.082000'), Timestamp('2026-03-06 18:53:35.232000'), Timestamp('2026-03-06 18:53:36.248000'), Timestamp('2026-03-06 18:53:36.400000'), Timestamp('2026-03-06 18:53:36.700000'), Timestamp('2026-03-06 18:53:36.712000'), Timestamp('2026-03-06 18:53:36.730000'), Timestamp('2026-03-06 18:53:36.866000'), Timestamp('2026-03-06 18:53:37.906000'), Timestamp('2026-03-06 18:53:37.941000'), Timestamp('2026-03-06 18:53:38.109000'), Timestamp('2026-03-06 18:53:38.429000'), Timestamp('2026-03-06 18:53:38.602000'), Timestamp('2026-03-06 18:53:39.761000'), Timestamp('2026-03-06 18:53:39.932000'), Timestamp('2026-03-06 18:53:40.276000'), Timestamp('2026-03-06 18:53:40.472000'), Timestamp('2026-03-06 18:53:41.723000'), Timestamp('2026-03-06 18:53:41.921000')]","[0.116, 0.795, 0.121, 0.238, 0.12, 0.845, 0.13, 0.246, 0.138, 0.889, 0.135, 0.266, 0.138, 0.949, 0.139, 0.286, 0.15, 1.016, 0.152, 0.3, 0.012, 0.018, 0.136, 1.04, 0.035, 0.168, 0.32, 0.173, 1.159, 0.171, 0.344, 0.196, 1.251, 0.198]","[20.104734085945104, 20.062893081761004, 19.67246157722348, 19.335837667237307, 19.219392540220763, 19.268027539557913, 18.497178497178496, 18.19919929273254, 18.046706878822896, 17.917994254374513, 17.454776261504282, 17.190014812344902, 17.081850533807827, 17.0063202555718, 16.368393511250652, 16.23002829622431, 15.973775720392474, 15.833269881326618, 15.298814494255327, 15.09616834838681, 15.130033036091309, 14.881915859346108, 14.523831305461531, 14.149234278266537, 14.091314405344981, 13.856968788077605, 13.269142595139844, 13.008345038420224, 12.956315056142937, 12.801023399605565, 12.000468768311263, 11.86911331622696]","[2.3321491539696324, 15.95, 2.380367850844041, 4.601929364802479, 2.3063271048264915, 16.281483270926437, 2.4046332046332046, 4.477003026012205, 2.4904455492775597, 15.929096892138942, 2.3563947953030784, 4.572543940083745, 2.3572953736654805, 16.138997922537637, 2.275206698063841, 4.6417880927201525, 2.3960663580588712, 16.086602199427844, 2.3254198031268096, 4.5288505045160425, 0.1815603964330957, 0.26787448546822995, 1.9752410575427684, 14.715203649397198, 0.4931960041870744, 2.327970756397038, 4.24612563044475, 2.2504436916466983, 15.016369150069664, 2.188975001332552, 4.128161256299074, 2.326346209980484]",176.9500683941331,9.92474362397524
ADTC_8_adz_raw_20260306_1910,2026-03-06 19:06:49.862,2026-03-06 19:06:59.901,"[Timestamp('2026-03-06 19:06:59.901000'), Timestamp('2026-03-06 19:07:00.001000'), Timestamp('2026-03-06 19:07:00.638000'), Timestamp('2026-03-06 19:07:00.740000'), Timestamp('2026-03-06 19:07:00.900000'), Timestamp('2026-03-06 19:07:00.999000'), Timestamp('2026-03-06 19:07:01.701000'), Timestamp('2026-03-06 19:07:01.797000'), Timestamp('2026-03-06 19:07:01.949000'), Timestamp('2026-03-06 19:07:02.051000'), Timestamp('2026-03-06 19:07:02.773000'), Timestamp('2026-03-06 19:07:02.876000'), Timestamp('2026-03-06 19:07:03.035000'), Timestamp('2026-03-06 19:07:03.139000'), Timestamp('2026-03-06 19:07:03.880000'), Timestamp('2026-03-06 19:07:03.984000'), Timestamp('2026-03-06 19:07:04.147000'), Timestamp('2026-03-06 19:07:04.259000'), Timestamp('2026-03-06 19:07:05.030000'), Timestamp('2026-03-06 19:07:05.136000'), Timestamp('2026-03-06 19:07:05.317000'), Timestamp('2026-03-06 19:07:05.435000'), Timestamp('2026-03-06 19:07:06.190000'), Timestamp('2026-03-06 19:07:06.305000'), Timestamp('2026-03-06 19:07:06.622000'), Timestamp('2026-03-06 19:07:06.737000'), Timestamp('2026-03-06 19:07:07.534000'), Timestamp('2026-03-06 19:07:07.658000'), Timestamp('2026-03-06 19:07:07.862000'), Timestamp('2026-03-06 19:07:07.997000'), Timestamp('2026-03-06 19:07:08.901000'), Timestamp('2026-03-06 19:07:09.034000'), Timestamp('2026-03-06 19:07:09.238000'), Timestamp('2026-03-06 19:07:09.388000'), Timestamp('2026-03-06 19:07:10.372000'), Timestamp('2026-03-06 19:07:10.518000'), Timestamp('2026-03-06 19:07:10.746000'), Timestamp('2026-03-06 19:07:10.908000'), Timestamp('2026-03-06 19:07:12.004000'), Timestamp('2026-03-06 19:07:12.162000'), Timestamp('2026-03-06 19:07:12.416000'), Timestamp('2026-03-06 19:07:12.440000'), Timestamp('2026-03-06 19:07:12.609000'), Timestamp('2026-03-06 19:07:13.839000'), Timestamp('2026-03-06 19:07:14.015000'), Timestamp('2026-03-06 19:07:14.335000'), Timestamp('2026-03-06 19:07:14.540000'), Timestamp('2026-03-06 19:07:14.785000'), Timestamp('2026-03-06 19:07:15.865000'), Timestamp('2026-03-06 19:07:16.091000')]","[0.1, 0.637, 0.102, 0.16, 0.099, 0.702, 0.096, 0.152, 0.102, 0.722, 0.103, 0.159, 0.104, 0.741, 0.104, 0.163, 0.112, 0.771, 0.106, 0.181, 0.118, 0.755, 0.115, 0.317, 0.115, 0.797, 0.124, 0.204, 0.135, 0.904, 0.133, 0.204, 0.15, 0.984, 0.146, 0.228, 0.162, 1.096, 0.158, 0.254, 0.024, 0.169, 1.23, 0.176, 0.32, 0.205, 0.245, 1.08, 0.226]","[24.489795918367353, 24.489795918367353, 24.365482233502544, 24.242424242424246, 24.000000000000004, 24.365482233502544, 24.120603015075382, 24.120603015075382, 24.000000000000004, 23.880597014925378, 23.645320197044338, 23.762376237623766, 23.414634146341466, 23.529411764705888, 22.966507177033495, 23.414634146341466, 23.30097087378641, 23.188405797101453, 22.429906542056077, 22.32558139534884, 22.11981566820277, 22.018348623853214, 21.621621621621625, 21.42857142857143, 21.238938053097346, 21.333333333333336, 20.512820512820515, 20.338983050847457, 20.0836820083682, 20.338983050847457, 19.12350597609562, 19.12350597609562, 18.604651162790695, 18.75, 17.518248175182478, 17.518248175182478, 16.901408450704224, 16.78321678321678, 15.635179153094459, 15.384615384615381, 15.094339622641511, 14.814814814814817, 13.753581661891118, 13.52112676056338, 13.296398891966758, 12.93800539083558, 11.999999999999998, 11.67883211678832]","[2.4489795918367356, 15.600000000000003, 2.4852791878172593, 3.8787878787878793, 2.3760000000000003, 17.104568527918783, 2.3155778894472365, 3.666331658291458, 2.4480000000000004, 17.24179104477612, 2.4354679802955665, 3.778217821782179, 2.4351219512195126, 17.43529411764706, 2.3885167464114834, 3.8165853658536593, 2.609708737864078, 17.87826086956522, 2.377570093457944, 4.04093023255814, 2.610138248847927, 16.623853211009177, 2.486486486486487, 6.792857142857144, 2.442477876106195, 17.00266666666667, 2.543589743589744, 4.149152542372881, 2.711297071129707, 18.386440677966103, 2.5434262948207174, 3.901195219123506, 2.7906976744186043, 18.45, 2.5576642335766415, 3.9941605839416052, 2.7380281690140844, 18.39440559440559, 2.4703583061889245, 3.907692307692307, 0.36226415094339626, 2.503703703703704, 16.916905444126076, 2.379718309859155, 4.254847645429363, 2.652291105121294, 2.9399999999999995, 12.613138686131386]",310.8804467910587,9.92474362397524
ADTC_8_adz_raw_20260306_1930,2026-03-06 19:24:23.238,2026-03-06 19:24:33.327,"[Timestamp('2026-03-06 19:24:33.327000'), Timestamp('2026-03-06 19:24:33.448000'), Timestamp('2026-03-06 19:24:33.802000'), Timestamp('2026-03-06 19:24:33.925000'), Timestamp('2026-03-06 19:24:34.153000'), Timestamp('2026-03-06 19:24:34.266000'), Timestamp('2026-03-06 19:24:35.106000'), Timestamp('2026-03-06 19:24:35.221000'), Timestamp('2026-03-06 19:24:35.435000'), Timestamp('2026-03-06 19:24:35.552000'), Timestamp('2026-03-06 19:24:36.425000'), Timestamp('2026-03-06 19:24:36.534000'), Timestamp('2026-03-06 19:24:36.768000'), Timestamp('2026-03-06 19:24:36.896000'), Timestamp('2026-03-06 19:24:37.809000'), Timestamp('2026-03-06 19:24:37.933000'), Timestamp('2026-03-06 19:24:38.200000'), Timestamp('2026-03-06 19:24:38.338000'), Timestamp('2026-03-06 19:24:38.762000'), Timestamp('2026-03-06 19:24:38.898000'), Timestamp('2026-03-06 19:24:39.174000'), Timestamp('2026-03-06 19:24:39.310000'), Timestamp('2026-03-06 19:24:40.318000'), Timestamp('2026-03-06 19:24:40.458000'), Timestamp('2026-03-06 19:24:40.722000'), Timestamp('2026-03-06 19:24:40.871000'), Timestamp('2026-03-06 19:24:41.953000'), Timestamp('2026-03-06 19:24:42.099000'), Timestamp('2026-03-06 19:24:42.384000'), Timestamp('2026-03-06 19:24:42.547000'), Timestamp('2026-03-06 19:24:43.722000'), Timestamp('2026-03-06 19:24:43.887000')]","[0.121, 0.354, 0.123, 0.228, 0.113, 0.84, 0.115, 0.214, 0.117, 0.873, 0.109, 0.234, 0.128, 0.913, 0.124, 0.267, 0.138, 0.424, 0.136, 0.276, 0.136, 1.008, 0.14, 0.264, 0.149, 1.082, 0.146, 0.285, 0.163, 1.175, 0.165]","[21.822239672666406, 21.726574500768052, 21.45254074784276, 21.479197533336006, 21.334281523623268, 21.2987012987013, 20.807228802494762, 20.780778529527524, 20.541549953314657, 20.40571338312611, 19.8965653511108, 19.65448738904116, 19.61236039465117, 19.57824694609087, 19.02920860934959, 18.77049869649315, 18.392492081377384, 18.45812862472757, 18.237318958238617, 18.148485660680784, 17.827682290948218, 17.683782409761058, 16.94627944659105, 16.830253154443263, 16.62348877374784, 16.505809470633594, 15.776595457368945, 15.459578606158832, 15.226020677684705, 15.289180806422188, 14.267038829806028, 13.984340187153862]","[2.640491000392635, 7.69120737327189, 2.6386625119846596, 4.8972570376006095, 2.4107738121694293, 17.89090909090909, 2.392831312286898, 4.44708660531889, 2.403361344537815, 17.814187783469094, 2.168725623271077, 4.599150049035632, 2.5103821305153495, 17.874939461780965, 2.359621867559349, 5.011723151963671, 2.538163907230079, 7.82624653688449, 2.480275378320452, 5.008982042347896, 2.4245647915689577, 17.825252669039145, 2.3724791225227473, 4.443186832773022, 2.4768998272884284, 17.85928584722555, 2.303382936775866, 4.405979902755266, 2.481841370462607, 17.964787447546072, 2.3540614069179946]",194.51670017572565,9.92474362397524
ADTC_8_adz_raw_20260306_1940,2026-03-06 19:37:16.070,2026-03-06 19:37:26.111,"[Timestamp('2026-03-06 19:37:26.111000'), Timestamp('2026-03-06 19:37:26.204000'), Timestamp('2026-03-06 19:37:26.824000'), Timestamp('2026-03-06 19:37:26.918000'), Timestamp('2026-03-06 19:37:27.098000'), Timestamp('2026-03-06 19:37:27.192000'), Timestamp('2026-03-06 19:37:27.827000'), Timestamp('2026-03-06 19:37:27.922000'), Timestamp('2026-03-06 19:37:28.103000'), Timestamp('2026-03-06 19:37:28.206000'), Timestamp('2026-03-06 19:37:28.866000'), Timestamp('2026-03-06 19:37:28.968000'), Timestamp('2026-03-06 19:37:29.160000'), Timestamp('2026-03-06 19:37:29.261000'), Timestamp('2026-03-06 19:37:29.963000'), Timestamp('2026-03-06 19:37:30.064000'), Timestamp('2026-03-06 19:37:30.267000'), Timestamp('2026-03-06 19:37:30.377000'), Timestamp('2026-03-06 19:37:31.122000'), Timestamp('2026-03-06 19:37:31.231000'), Timestamp('2026-03-06 19:37:31.454000'), Timestamp('2026-03-06 19:37:31.566000'), Timestamp('2026-03-06 19:37:32.363000'), Timestamp('2026-03-06 19:37:32.481000'), Timestamp('2026-03-06 19:37:32.712000'), Timestamp('2026-03-06 19:37:32.837000'), Timestamp('2026-03-06 19:37:33.700000'), Timestamp('2026-03-06 19:37:33.831000'), Timestamp('2026-03-06 19:37:34.088000'), Timestamp('2026-03-06 19:37:34.231000'), Timestamp('2026-03-06 19:37:35.179000'), Timestamp('2026-03-06 19:37:35.326000')]","[0.093, 0.62, 0.094, 0.18, 0.094, 0.635, 0.095, 0.181, 0.103, 0.66, 0.102, 0.192, 0.101, 0.702, 0.101, 0.203, 0.11, 0.745, 0.109, 0.223, 0.112, 0.797, 0.118, 0.231, 0.125, 0.863, 0.131, 0.257, 0.143, 0.948, 0.147]","[25.431578947368422, 25.498052937524694, 25.09911141490089, 25.098425196850396, 24.80686408706974, 24.907793781128014, 24.489955291774855, 24.617974277373037, 24.274973147153602, 24.101304101304102, 23.41588782266748, 23.38892515876313, 23.05323969972671, 23.058823529411768, 22.276716572018586, 22.28829993535876, 21.903096903096902, 21.884233319659145, 20.958904109589042, 20.972796611382204, 20.32950287732382, 20.10649776740677, 19.430255402750493, 19.549059089666144, 19.085562511857333, 19.23855421686747, 17.901926943525172, 17.910696898038672, 17.544011765372858, 17.295193617435295, 16.18381618381618, 16.136480391105287]","[2.3651368421052634, 15.80879282126531, 2.3593164730006837, 4.517716535433071, 2.3318452241845558, 15.816449051016289, 2.3265457527186113, 4.455853344204519, 2.5003222341568208, 15.906860706860709, 2.3884205579120827, 4.4906736304825206, 2.328377209672398, 16.18729411764706, 2.2499483737738775, 4.5245248868778285, 2.409340659340659, 16.303753823146064, 2.2845205479452058, 4.676933644338232, 2.276904322260268, 16.024878720623196, 2.292770137524558, 4.51583264971288, 2.3856953139821666, 16.602872289156625, 2.345152429601798, 4.603049102795939, 2.5087936824483186, 16.39584354932866, 2.379020979020978]",198.56343961253717,9.92474362397524
ADTC_8_adz_raw_20260306_2000,2026-03-06 19:53:45.357,2026-03-06 19:53:55.449,"[Timestamp('2026-03-06 19:53:55.449000'), Timestamp('2026-03-06 19:53:55.558000'), Timestamp('2026-03-06 19:53:56.287000'), Timestamp('2026-03-06 19:53:56.398000'), Timestamp('2026-03-06 19:53:56.608000'), Timestamp('2026-03-06 19:53:56.720000'), Timestamp('2026-03-06 19:53:57.485000'), Timestamp('2026-03-06 19:53:57.603000'), Timestamp('2026-03-06 19:53:57.826000'), Timestamp('2026-03-06 19:53:57.943000'), Timestamp('2026-03-06 19:53:58.761000'), Timestamp('2026-03-06 19:53:58.891000'), Timestamp('2026-03-06 19:53:59.124000'), Timestamp('2026-03-06 19:53:59.260000'), Timestamp('2026-03-06 19:54:00.143000'), Timestamp('2026-03-06 19:54:00.281000')]","[0.109, 0.729, 0.111, 0.21, 0.112, 0.765, 0.118, 0.223, 0.117, 0.818, 0.13, 0.233, 0.136, 0.883, 0.138]","[22.048539695598517, 22.044354456009366, 21.45254074784276, 21.381800865113696, 21.123364866042465, 21.055163026487293, 20.317483068764105, 20.168868370062714, 19.85626283367556, 19.757185143152356, 18.87951238755289, 18.706313608524397, 18.534545413885258, 18.286311389759664, 17.5026425480146, 17.160493038294174]","[2.403290826820238, 16.070334398430827, 2.3812320230105466, 4.490178181673876, 2.365816864996756, 16.10719971526278, 2.397463002114164, 4.497657646523986, 2.323182751540041, 16.161377447098626, 2.454336610381876, 4.358571070786184, 2.5206981762883953, 16.146812957157785, 2.4153646716260146]",97.09351634371208,9.92474362397524
ADTC_8_adz_raw_20260306_2010,2026-03-06 20:07:02.470,2026-03-06 20:07:12.520,"[Timestamp('2026-03-06 20:07:12.520000'), Timestamp('2026-03-06 20:07:12.628000'), Timestamp('2026-03-06 20:07:13.375000'), Timestamp('2026-03-06 20:07:13.486000'), Timestamp('2026-03-06 20:07:13.700000'), Timestamp('2026-03-06 20:07:13.814000'), Timestamp('2026-03-06 20:07:14.585000'), Timestamp('2026-03-06 20:07:14.700000'), Timestamp('2026-03-06 20:07:14.925000'), Timestamp('2026-03-06 20:07:15.040000'), Timestamp('2026-03-06 20:07:15.841000'), Timestamp('2026-03-06 20:07:15.962000'), Timestamp('2026-03-06 20:07:16.198000'), Timestamp('2026-03-06 20:07:16.320000'), Timestamp('2026-03-06 20:07:17.167000'), Timestamp('2026-03-06 20:07:17.294000')]","[0.108, 0.747, 0.111, 0.214, 0.114, 0.771, 0.115, 0.225, 0.115, 0.801, 0.121, 0.236, 0.122, 0.847, 0.127]","[21.09900301414329, 21.215495516614894, 20.667982980616813, 20.779318131772882, 20.493752904830902, 20.556839440959614, 19.97972920294186, 19.958419958419952, 19.712858136740238, 19.794151032433323, 19.258722685017503, 19.22016289360611, 18.880534670008355, 18.89763779527559, 18.185014440238938, 18.164633098470528]","[2.278692325527475, 15.847975150911326, 2.2941461108484664, 4.446774080199397, 2.336287831150723, 15.849323208979863, 2.297668858338314, 4.490644490644489, 2.2669786857251273, 15.855114976979092, 2.330305444887118, 4.535958442891041, 2.3034252297410194, 16.006299212598424, 2.309496833910345]",95.44909088333222,9.92474362397524
ADTC_8_adz_raw_20260306_2030,2026-03-06 20:24:50.054,2026-03-06 20:25:00.138,"[Timestamp('2026-03-06 20:25:00.138000'), Timestamp('2026-03-06 20:25:00.264000'), Timestamp('2026-03-06 20:25:00.632000'), Timestamp('2026-03-06 20:25:00.752000'), Timestamp('2026-03-06 20:25:00.983000'), Timestamp('2026-03-06 20:25:01.106000'), Timestamp('2026-03-06 20:25:01.960000'), Timestamp('2026-03-06 20:25:02.075000'), Timestamp('2026-03-06 20:25:02.290000'), Timestamp('2026-03-06 20:25:02.415000'), Timestamp('2026-03-06 20:25:03.301000'), Timestamp('2026-03-06 20:25:03.419000'), Timestamp('2026-03-06 20:25:03.645000'), Timestamp('2026-03-06 20:25:03.769000'), Timestamp('2026-03-06 20:25:04.694000'), Timestamp('2026-03-06 20:25:04.821000')]","[0.126, 0.368, 0.12, 0.231, 0.123, 0.854, 0.115, 0.215, 0.125, 0.886, 0.118, 0.226, 0.124, 0.925, 0.127]","[17.87655416511208, 17.93939393939394, 17.91309966079793, 17.62859086390037, 17.740718681755013, 17.783648131026286, 17.431754821033852, 17.34565268893627, 17.09074990905896, 17.34012450481041, 16.87430438372886, 16.813907096038758, 16.583978073066646, 16.615726590719646, 16.060635760723972, 15.960195810930102]","[2.252445824804122, 6.60169696969697, 2.1495719592957516, 4.072204489560986, 2.1821083978558664, 15.187235503896447, 2.0046518044188932, 3.729315328121298, 2.13634373863237, 15.363350311262025, 1.9911679172800052, 3.7999430037047595, 2.056413281060264, 15.369547096415673, 2.0397007416119446]",80.93569636761737,9.92474362397524
ADTC_8_adz_raw_20260306_2040,2026-03-06 20:37:10.445,2026-03-06 20:37:20.500,"[Timestamp('2026-03-06 20:37:20.500000'), Timestamp('2026-03-06 20:37:20.609000'), Timestamp('2026-03-06 20:37:21.376000'), Timestamp('2026-03-06 20:37:21.491000'), Timestamp('2026-03-06 20:37:21.705000'), Timestamp('2026-03-06 20:37:21.830000'), Timestamp('2026-03-06 20:37:22.623000'), Timestamp('2026-03-06 20:37:22.741000'), Timestamp('2026-03-06 20:37:22.964000'), Timestamp('2026-03-06 20:37:23.093000'), Timestamp('2026-03-06 20:37:23.914000'), Timestamp('2026-03-06 20:37:24.043000'), Timestamp('2026-03-06 20:37:24.281000'), Timestamp('2026-03-06 20:37:24.410000'), Timestamp('2026-03-06 20:37:25.277000'), Timestamp('2026-03-06 20:37:25.412000')]","[0.109, 0.767, 0.115, 0.214, 0.125, 0.793, 0.118, 0.223, 0.129, 0.821, 0.129, 0.238, 0.129, 0.867, 0.135]","[21.241537309268203, 21.056277056277057, 20.646020646020645, 20.318029115341545, 20.25460696163091, 20.09247583018075, 19.6997886903008, 19.580838323353294, 19.498193695254123, 19.374546876400096, 18.919359724131503, 18.742857142857144, 18.659755646057015, 18.521164493659583, 17.838509316770185, 17.815727861176143]","[2.315327566710234, 16.150164502164504, 2.3742923742923745, 4.34805823068309, 2.5318258702038636, 15.933333333333335, 2.324575065455494, 4.3665269461077845, 2.515266986687782, 15.906502985524478, 2.440597404412964, 4.4608, 2.407108478341355, 16.05784961600286, 2.408198757763975]",96.5404281176841,9.92474362397524
ADTC_8_adz_raw_20260306_2100,2026-03-06 20:57:01.811,2026-03-06 20:57:11.858,"[Timestamp('2026-03-06 20:57:11.858000'), Timestamp('2026-03-06 20:57:11.969000'), Timestamp('2026-03-06 20:57:12.717000'), Timestamp('2026-03-06 20:57:12.832000'), Timestamp('2026-03-06 20:57:13.046000'), Timestamp('2026-03-06 20:57:13.165000'), Timestamp('2026-03-06 20:57:13.938000'), Timestamp('2026-03-06 20:57:14.053000'), Timestamp('2026-03-06 20:57:14.276000'), Timestamp('2026-03-06 20:57:14.398000'), Timestamp('2026-03-06 20:57:15.210000'), Timestamp('2026-03-06 20:57:15.329000'), Timestamp('2026-03-06 20:57:15.565000'), Timestamp('2026-03-06 20:57:15.686000'), Timestamp('2026-03-06 20:57:16.548000'), Timestamp('2026-03-06 20:57:16.672000')]","[0.111, 0.748, 0.115, 0.214, 0.119, 0.773, 0.115, 0.223, 0.122, 0.812, 0.119, 0.236, 0.121, 0.862, 0.124]","[21.483391323938015, 21.414290119465637, 20.960798615580437, 20.91860713522751, 20.734437975817286, 20.70350263999405, 20.23184543637575, 19.918384214060644, 19.85575318908652, 19.779492272044404, 19.415156844300846, 19.0915991902834, 19.009975531714662, 18.735719725818736, 18.06287170773152, 17.7625633301383]","[2.38465643695712, 16.017889009360296, 2.4104918407917504, 4.476581926938687, 2.467398119122257, 16.0038075407154, 2.3266622251832114, 4.4417996797355235, 2.4224018890685555, 16.060947724900057, 2.3104036644718007, 4.505617408906883, 2.300207039337474, 16.15019040365575, 2.2397960917587088]",96.51885100090348,9.92474362397524
ADTC_8_adz_raw_20260306_2110,2026-03-06 21:00:48.922,2026-03-06 21:00:49.642,"[Timestamp('2026-03-06 21:00:49.642000'), Timestamp('2026-03-06 21:00:49.813000'), Timestamp('2026-03-06 21:00:50.142000'), Timestamp('2026-03-06 21:00:50.324000'), Timestamp('2026-03-06 21:00:51.480000'), Timestamp('2026-03-06 21:00:51.649000'), Timestamp('2026-03-06 21:00:51.973000'), Timestamp('2026-03-06 21:00:52.166000'), Timestamp('2026-03-06 21:00:53.321000'), Timestamp('2026-03-06 21:00:53.490000'), Timestamp('2026-03-06 21:00:53.826000'), Timestamp('2026-03-06 21:00:54.001000'), Timestamp('2026-03-06 21:00:55.171000'), Timestamp('2026-03-06 21:00:55.340000')]","[0.171, 0.329, 0.182, 1.156, 0.169, 0.324, 0.193, 1.155, 0.169, 0.336, 0.175, 1.17, 0.169]","[13.669808452417147, 13.696087529917452, 13.807479464972577, 13.66565349544073, 13.646227768505533, 13.813407203592478, 13.829782820635149, 13.82376114451586, 13.747462943600468, 13.57852787247323, 13.768598711969798, 13.685523957389215, 13.597979242697525, 13.504273504273506, 13.718317219754377, 13.598415765302128]","[2.3375372453633325, 4.506012797342842, 2.512961262625009, 15.797495440729481, 2.3062124928774352, 4.475543933963963, 2.669148084382584, 15.966444121915819, 2.323321237468479, 4.562385365151006, 2.4095047745947142, 16.01206303014538, 2.298058492015882]",78.17668827857594,9.92474362397524
ADTC_8_adz_raw_20260306_2130,2026-03-06 21:25:07.168,2026-03-06 21:25:16.852,"[Timestamp('2026-03-06 21:25:16.852000'), Timestamp('2026-03-06 21:25:17.275000'), Timestamp('2026-03-06 21:25:17.412000'), Timestamp('2026-03-06 21:25:17.807000'), Timestamp('2026-03-06 21:25:17.941000'), Timestamp('2026-03-06 21:25:18.199000'), Timestamp('2026-03-06 21:25:18.327000'), Timestamp('2026-03-06 21:25:19.270000'), Timestamp('2026-03-06 21:25:19.399000'), Timestamp('2026-03-06 21:25:19.645000'), Timestamp('2026-03-06 21:25:19.780000'), Timestamp('2026-03-06 21:25:20.765000'), Timestamp('2026-03-06 21:25:20.898000'), Timestamp('2026-03-06 21:25:21.152000'), Timestamp('2026-03-06 21:25:21.295000'), Timestamp('2026-03-06 21:25:22.331000'), Timestamp('2026-03-06 21:25:22.473000')]","[0.423, 0.137, 0.395, 0.134, 0.258, 0.128, 0.943, 0.129, 0.246, 0.135, 0.985, 0.133, 0.254, 0.143, 1.036, 0.142]","[19.43351691581432, 19.356805736795245, 19.185127214067812, 18.9912651451113, 19.004652474270408, 18.995279363066302, 18.298946635326892, 18.501505772437127, 18.127727799055847, 18.202973497091143, 17.489182086065462, 17.518481518481515, 17.103042148414197, 17.274114695155074, 16.615014238104223, 16.401517362124306]","[8.220377655389457, 2.6518823859409486, 7.578125249556786, 2.544829529444914, 4.903200338361765, 2.431395758472487, 17.25590667711326, 2.3866942446443895, 4.459421038567738, 2.4574014221073046, 17.226844354774478, 2.3299580419580415, 4.344172705697206, 2.4701984014071754, 17.213154750675976, 2.329015465421651]",100.80257801953356,9.92474362397524
ADTC_8_adz_raw_20260306_2140,2026-03-06 21:33:00.186,2026-03-06 21:33:10.239,"[Timestamp('2026-03-06 21:33:10.239000'), Timestamp('2026-03-06 21:33:10.342000'), Timestamp('2026-03-06 21:33:11.066000'), Timestamp('2026-03-06 21:33:11.175000'), Timestamp('2026-03-06 21:33:11.379000'), Timestamp('2026-03-06 21:33:11.489000'), Timestamp('2026-03-06 21:33:12.214000'), Timestamp('2026-03-06 21:33:12.322000'), Timestamp('2026-03-06 21:33:12.527000'), Timestamp('2026-03-06 21:33:12.639000'), Timestamp('2026-03-06 21:33:13.362000'), Timestamp('2026-03-06 21:33:13.469000'), Timestamp('2026-03-06 21:33:13.673000'), Timestamp('2026-03-06 21:33:13.785000'), Timestamp('2026-03-06 21:33:14.517000'), Timestamp('2026-03-06 21:33:14.618000')]","[0.103, 0.724, 0.109, 0.204, 0.11, 0.725, 0.108, 0.205, 0.112, 0.723, 0.107, 0.204, 0.112, 0.732, 0.101]","[22.249436029648727, 22.04598186036701, 22.14677239103826, 22.07468177781537, 22.099307012524633, 22.104928457869633, 21.99661945806343, 22.00354963715987, 22.207246237283783, 22.098862776434224, 22.180483223768462, 22.07841644461363, 22.155969163933726, 22.190903267136456, 22.328596898805984, 22.032372680615868]","[2.2916919110538188, 15.961290866905715, 2.4139981906231704, 4.503235082674335, 2.4309237713777097, 16.026073131955485, 2.3756349014708507, 4.510727675617773, 2.4872115785757836, 15.977477787361943, 2.3733117049432253, 4.50399695470118, 2.4814685463605772, 16.243741191543887, 2.2551882867794046]",96.83597158194485,9.92474362397524
ADTC_8_adz_raw_20260306_2200,2026-03-06 21:53:22.061,2026-03-06 21:53:32.092,"[Timestamp('2026-03-06 21:53:32.092000'), Timestamp('2026-03-06 21:53:32.211000'), Timestamp('2026-03-06 21:53:32.994000'), Timestamp('2026-03-06 21:53:33.112000'), Timestamp('2026-03-06 21:53:33.339000'), Timestamp('2026-03-06 21:53:33.459000'), Timestamp('2026-03-06 21:53:34.279000'), Timestamp('2026-03-06 21:53:34.398000'), Timestamp('2026-03-06 21:53:34.631000'), Timestamp('2026-03-06 21:53:34.766000'), Timestamp('2026-03-06 21:53:35.613000'), Timestamp('2026-03-06 21:53:35.741000'), Timestamp('2026-03-06 21:53:35.988000'), Timestamp('2026-03-06 21:53:36.127000'), Timestamp('2026-03-06 21:53:37.021000'), Timestamp('2026-03-06 21:53:37.154000')]","[0.119, 0.783, 0.118, 0.227, 0.12, 0.82, 0.119, 0.233, 0.135, 0.847, 0.128, 0.247, 0.139, 0.894, 0.133]","[20.451204239795267, 20.262182958107722, 19.84013117442099, 19.61645391018309, 19.67741935483871, 19.551489234747155, 19.224786311079747, 18.997807704353274, 18.807276076444854, 18.837724698350158, 18.234950321449446, 17.994771903195886, 17.864932798770226, 17.871739100317257, 17.30184708908113, 17.00685395797243]","[2.4336933045356366, 15.865289256198347, 2.3411354785816765, 4.452935037611561, 2.361290322580645, 16.032221172492665, 2.2877495710184896, 4.426489195114313, 2.5389822703200555, 15.955552819502584, 2.334073641145529, 4.4447086600893835, 2.4832256590290616, 15.977334755683628, 2.3011456628477904]",96.23582680675136,9.92474362397524
ADTC_8_adz_raw_20260306_2210,2026-03-06 22:07:14.861,2026-03-06 22:07:24.913,"[Timestamp('2026-03-06 22:07:24.913000'), Timestamp('2026-03-06 22:07:25.032000'), Timestamp('2026-03-06 22:07:25.849000'), Timestamp('2026-03-06 22:07:25.974000'), Timestamp('2026-03-06 22:07:26.206000'), Timestamp('2026-03-06 22:07:26.336000'), Timestamp('2026-03-06 22:07:27.179000'), Timestamp('2026-03-06 22:07:27.309000'), Timestamp('2026-03-06 22:07:27.551000'), Timestamp('2026-03-06 22:07:27.691000'), Timestamp('2026-03-06 22:07:28.597000'), Timestamp('2026-03-06 22:07:28.735000'), Timestamp('2026-03-06 22:07:29.004000'), Timestamp('2026-03-06 22:07:29.151000'), Timestamp('2026-03-06 22:07:30.153000'), Timestamp('2026-03-06 22:07:30.310000')]","[0.119, 0.817, 0.125, 0.232, 0.13, 0.843, 0.13, 0.242, 0.14, 0.906, 0.138, 0.269, 0.147, 1.002, 0.157]","[19.479108359948636, 19.672874629936793, 19.26476981788319, 19.268027539557913, 19.08820308886719, 18.92597426813351, 18.476913111871937, 18.452811793727935, 18.11423933011492, 17.987170049426858, 17.003134796238243, 17.173112338858196, 16.74605347203212, 16.53151230616019, 15.496932898697132, 15.361415708071656]","[2.3180138948338875, 16.07273857265836, 2.408096227235399, 4.470182389177436, 2.481466401552735, 15.954596308036548, 2.401998704543352, 4.46558045408216, 2.535993506216089, 16.296376064780734, 2.3464326018808777, 4.619567219152855, 2.4616698603887217, 16.564575330772513, 2.43301846509545]",97.8303060004071,9.92474362397524
ADTC_8_adz_raw_20260306_2230,2026-03-06 22:23:05.658,2026-03-06 22:23:15.709,"[Timestamp('2026-03-06 22:23:15.709000'), Timestamp('2026-03-06 22:23:15.831000'), Timestamp('2026-03-06 22:23:16.638000'), Timestamp('2026-03-06 22:23:16.962000'), Timestamp('2026-03-06 22:23:17.097000'), Timestamp('2026-03-06 22:23:17.997000'), Timestamp('2026-03-06 22:23:18.120000'), Timestamp('2026-03-06 22:23:18.321000'), Timestamp('2026-03-06 22:23:18.464000'), Timestamp('2026-03-06 22:23:19.408000'), Timestamp('2026-03-06 22:23:19.537000'), Timestamp('2026-03-06 22:23:19.755000'), Timestamp('2026-03-06 22:23:19.899000'), Timestamp('2026-03-06 22:23:20.895000'), Timestamp('2026-03-06 22:23:21.042000'), Timestamp('2026-03-06 22:23:21.268000'), Timestamp('2026-03-06 22:23:21.433000'), Timestamp('2026-03-06 22:23:22.485000'), Timestamp('2026-03-06 22:23:22.632000'), Timestamp('2026-03-06 22:23:22.900000'), Timestamp('2026-03-06 22:23:23.068000'), Timestamp('2026-03-06 22:23:24.137000'), Timestamp('2026-03-06 22:23:24.304000')]","[0.122, 0.807, 0.324, 0.135, 0.9, 0.123, 0.201, 0.143, 0.944, 0.129, 0.218, 0.144, 0.996, 0.147, 0.226, 0.165, 1.052, 0.147, 0.268, 0.168, 1.069, 0.167]","[19.631901840490794, 19.44116489571035, 19.126238252476504, 18.860583603520148, 18.972628421447318, 18.695157990452373, 18.11733538435243, 18.014364174059992, 18.01182765418192, 18.091672138129294, 17.204301075268816, 17.023203169213353, 16.81260945709282, 16.864996810074615, 16.19112627986348, 16.000177779753106, 16.000177779753106, 15.976208474900108, 15.048352857929086, 14.840584142518543, 14.864242982052463, 14.707207207207208, 14.035837727726463, 13.77376783938838]","[2.395092024539877, 15.689020070838254, 6.196901193802388, 2.54617878647522, 17.075365579302588, 2.2995044328256418, 3.6415844122548386, 2.5760540768905784, 17.003165305547732, 2.333825705818679, 3.750537634408602, 2.4513412563667227, 16.74535901926445, 2.4791545310809684, 3.6591945392491465, 2.6400293336592626, 16.832187024300268, 2.3485026458103158, 4.032958565924996, 2.493218135943115, 15.889875747814083, 2.4561036036036037]",147.53515362572128,9.92474362397524
ADTC_8_adz_raw_20260306_2240,2026-03-06 22:38:06.522,2026-03-06 22:38:16.602,"[Timestamp('2026-03-06 22:38:16.602000'), Timestamp('2026-03-06 22:38:16.720000'), Timestamp('2026-03-06 22:38:17.529000'), Timestamp('2026-03-06 22:38:17.647000'), Timestamp('2026-03-06 22:38:17.882000'), Timestamp('2026-03-06 22:38:18.009000'), Timestamp('2026-03-06 22:38:18.843000'), Timestamp('2026-03-06 22:38:18.970000'), Timestamp('2026-03-06 22:38:19.213000'), Timestamp('2026-03-06 22:38:19.350000'), Timestamp('2026-03-06 22:38:20.236000'), Timestamp('2026-03-06 22:38:20.371000'), Timestamp('2026-03-06 22:38:20.636000'), Timestamp('2026-03-06 22:38:20.771000'), Timestamp('2026-03-06 22:38:21.726000'), Timestamp('2026-03-06 22:38:21.870000')]","[0.118, 0.809, 0.118, 0.235, 0.127, 0.834, 0.127, 0.243, 0.137, 0.886, 0.135, 0.265, 0.135, 0.955, 0.144]","[20.043151356652494, 19.7165991902834, 19.118276501640743, 19.283406541547173, 18.87922032718413, 18.964422226464936, 18.183448785510066, 18.206265774089864, 18.064790228359, 17.79977317249201, 17.207008978044747, 17.380704272428776, 16.92587782796995, 16.924510717614165, 15.974969889108856, 16.04011144549723]","[2.3650918600849944, 15.950728744939271, 2.2559566271936076, 4.531600537263586, 2.3976609815523844, 15.816328136871757, 2.3092979957597786, 4.424122583103837, 2.4748762612851833, 15.77059903082792, 2.322946212036041, 4.605886632193626, 2.284993506775943, 16.16290773532153, 2.300395664031675]",95.97339250924114,9.92474362397524
ADTC_8_adz_raw_20260306_2300,2026-03-06 22:54:02.048,2026-03-06 22:54:12.117,"[Timestamp('2026-03-06 22:54:12.117000'), Timestamp('2026-03-06 22:54:12.252000'), Timestamp('2026-03-06 22:54:13.224000'), Timestamp('2026-03-06 22:54:13.370000'), Timestamp('2026-03-06 22:54:13.623000'), Timestamp('2026-03-06 22:54:13.652000'), Timestamp('2026-03-06 22:54:13.821000'), Timestamp('2026-03-06 22:54:14.800000'), Timestamp('2026-03-06 22:54:14.839000'), Timestamp('2026-03-06 22:54:15.008000'), Timestamp('2026-03-06 22:54:15.308000'), Timestamp('2026-03-06 22:54:15.485000'), Timestamp('2026-03-06 22:54:16.605000'), Timestamp('2026-03-06 22:54:16.771000'), Timestamp('2026-03-06 22:54:17.097000'), Timestamp('2026-03-06 22:54:17.282000'), Timestamp('2026-03-06 22:54:18.458000'), Timestamp('2026-03-06 22:54:18.636000')]","[0.135, 0.972, 0.146, 0.253, 0.029, 0.169, 0.979, 0.039, 0.169, 0.3, 0.177, 1.12, 0.166, 0.326, 0.185, 1.176, 0.178]","[16.798530312308635, 16.586297445691095, 16.094163673462504, 15.822743564679046, 15.158586852296924, 15.470530839336503, 14.978385325388482, 14.329156223893065, 14.329507378626936, 14.482306684141548, 14.120120522842452, 13.815266366286775, 13.63735421122725, 13.494547178757704, 13.105857006004985, 12.860480724712065]","[2.267801592161666, 16.121881117211743, 2.349747896325525, 4.0031541218637985, 0.43959901871661083, 2.614519711847869, 14.663839233555324, 0.5588370927318296, 2.421686746987952, 4.3446920052424645, 2.4992613325431137, 15.47309833024119, 2.2638007990637234, 4.3992223802750114, 2.4245835461109224, 15.123925332261388]",91.96965025714012,9.92474362397524
ADTC_8_adz_raw_20260306_2310,2026-03-06 23:07:48.461,2026-03-06 23:07:58.502,"[Timestamp('2026-03-06 23:07:58.502000'), Timestamp('2026-03-06 23:07:58.614000'), Timestamp('2026-03-06 23:07:59.339000'), Timestamp('2026-03-06 23:07:59.451000'), Timestamp('2026-03-06 23:07:59.656000'), Timestamp('2026-03-06 23:07:59.768000'), Timestamp('2026-03-06 23:08:00.512000'), Timestamp('2026-03-06 23:08:00.625000'), Timestamp('2026-03-06 23:08:00.838000'), Timestamp('2026-03-06 23:08:00.953000'), Timestamp('2026-03-06 23:08:01.721000'), Timestamp('2026-03-06 23:08:01.837000'), Timestamp('2026-03-06 23:08:02.054000'), Timestamp('2026-03-06 23:08:02.177000'), Timestamp('2026-03-06 23:08:02.975000'), Timestamp('2026-03-06 23:08:03.093000'), Timestamp('2026-03-06 23:08:03.327000'), Timestamp('2026-03-06 23:08:03.452000'), Timestamp('2026-03-06 23:08:04.286000'), Timestamp('2026-03-06 23:08:04.413000'), Timestamp('2026-03-06 23:08:04.658000'), Timestamp('2026-03-06 23:08:04.793000'), Timestamp('2026-03-06 23:08:05.690000'), Timestamp('2026-03-06 23:08:05.824000'), Timestamp('2026-03-06 23:08:06.090000'), Timestamp('2026-03-06 23:08:06.236000'), Timestamp('2026-03-06 23:08:07.219000'), Timestamp('2026-03-06 23:08:07.367000'), Timestamp('2026-03-06 23:08:07.662000'), Timestamp('2026-03-06 23:08:07.824000'), Timestamp('2026-03-06 23:08:08.911000'), Timestamp('2026-03-06 23:08:09.080000')]","[0.112, 0.725, 0.112, 0.205, 0.112, 0.744, 0.113, 0.213, 0.115, 0.768, 0.116, 0.217, 0.123, 0.798, 0.118, 0.234, 0.125, 0.834, 0.127, 0.245, 0.135, 0.897, 0.134, 0.266, 0.146, 0.983, 0.148, 0.295, 0.162, 1.087, 0.169]","[22.12028542303772, 22.068965517241377, 21.694942953739925, 21.72045762842005, 21.430279837359485, 21.528559935639585, 21.078814172089658, 21.171802054154995, 20.824392998306042, 20.872031194611836, 20.3624062044518, 20.47140986468791, 23.88377723970944, 25.032227821399267, 23.236363636363635, 28.513108375326922, 22.783478032096813, 24.15795586527294, 22.013051823416507, 26.729825748604295, 21.52074413110882, 22.748937682775114, 20.27686658719731, 24.67411658109333, 19.981602139916994, 20.716294970322615, 18.477799889081002, 22.931808901592483, 18.33776989056492, 23.81916698593399, 14.234086892294705, 14.23277283217936]","[2.477471967380225, 15.999999999999998, 2.429833610818872, 4.45269381382611, 2.4001913417842626, 16.017248592115852, 2.3819060014461315, 4.5095938375350135, 2.394805194805195, 16.02971995746189, 2.362039119716409, 4.442295940637276, 2.937704600484261, 19.975717801476616, 2.741890909090909, 6.6720673598265, 2.8479347540121016, 20.14773519163763, 2.7956575815738964, 6.548807308408052, 2.905300457699691, 20.405797101449277, 2.71710012268444, 6.563315010570826, 2.917313912427881, 20.36411795582713, 2.734714383583988, 6.764883625969782, 2.9707187222715175, 25.891434513710244, 2.4055606847978055]",237.20557137502982,9.92474362397524
ADTC_8_adz_raw_20260306_2330,2026-03-06 23:24:08.166,2026-03-06 23:24:18.231,"[Timestamp('2026-03-06 23:24:18.231000'), Timestamp('2026-03-06 23:24:18.354000'), Timestamp('2026-03-06 23:24:18.720000'), Timestamp('2026-03-06 23:24:18.845000'), Timestamp('2026-03-06 23:24:19.076000'), Timestamp('2026-03-06 23:24:19.190000'), Timestamp('2026-03-06 23:24:20.049000'), Timestamp('2026-03-06 23:24:20.165000'), Timestamp('2026-03-06 23:24:20.386000'), Timestamp('2026-03-06 23:24:20.506000'), Timestamp('2026-03-06 23:24:21.399000'), Timestamp('2026-03-06 23:24:21.519000'), Timestamp('2026-03-06 23:24:21.750000'), Timestamp('2026-03-06 23:24:21.877000'), Timestamp('2026-03-06 23:24:22.815000'), Timestamp('2026-03-06 23:24:22.949000')]","[0.123, 0.366, 0.125, 0.231, 0.114, 0.859, 0.116, 0.221, 0.12, 0.893, 0.12, 0.231, 0.127, 0.938, 0.134]","[21.527369262560896, 21.433691756272403, 21.323551164097857, 21.140763997906852, 21.01662762456347, 20.905230568218933, 20.461788499777548, 20.379825485587702, 20.012507817385867, 20.22137079608344, 19.579209979209978, 19.563620365489733, 19.288307915758896, 19.12965469607777, 18.525714030504012, 18.210979811129413]","[2.6478664192949903, 7.844731182795699, 2.665443895512232, 4.883516483516483, 2.3958955492002354, 17.957593058100063, 2.3735674659741957, 4.503941432314882, 2.4015009380863037, 18.057684120902515, 2.3495051975051973, 4.519196304428129, 2.4496151053013797, 17.943616104920945, 2.4824456800875376]",95.47611893794078,9.92474362397524
ADTC_8_adz_raw_20260306_2340,2026-03-06 23:38:03.949,2026-03-06 23:38:13.999,"[Timestamp('2026-03-06 23:38:13.999000'), Timestamp('2026-03-06 23:38:14.119000'), Timestamp('2026-03-06 23:38:14.918000'), Timestamp('2026-03-06 23:38:15.036000'), Timestamp('2026-03-06 23:38:15.266000'), Timestamp('2026-03-06 23:38:15.392000'), Timestamp('2026-03-06 23:38:16.216000'), Timestamp('2026-03-06 23:38:16.340000'), Timestamp('2026-03-06 23:38:16.574000'), Timestamp('2026-03-06 23:38:16.710000'), Timestamp('2026-03-06 23:38:17.570000'), Timestamp('2026-03-06 23:38:17.697000'), Timestamp('2026-03-06 23:38:17.949000'), Timestamp('2026-03-06 23:38:18.081000'), Timestamp('2026-03-06 23:38:18.990000'), Timestamp('2026-03-06 23:38:19.124000')]","[0.12, 0.799, 0.118, 0.23, 0.126, 0.824, 0.124, 0.234, 0.136, 0.86, 0.127, 0.252, 0.132, 0.909, 0.134]","[20.324037565416873, 20.07429095835336, 19.814431408634306, 19.61645391018309, 19.532226683776955, 19.59126672402399, 18.92597426813351, 18.896613659941465, 18.677042801556418, 18.52750688602695, 18.098081023454156, 17.878086928174845, 17.912692334470513, 17.864932798770226, 17.26758348942613, 16.993066803680577]","[2.4388845078500245, 16.039358475724335, 2.338102906218848, 4.511784399342111, 2.4610605621558963, 16.143203780595766, 2.346820809248555, 4.421807596426303, 2.540077821011673, 15.933655921983176, 2.298456289978678, 4.505277905900061, 2.3644753881501077, 16.239223914082135, 2.3138561875831014]",96.89604646625077,9.92474362397524
ADTC_8_adz_raw_20260306_0000,2026-03-06 23:52:44.768,2026-03-06 23:52:54.449,"[Timestamp('2026-03-06 23:52:54.449000'), Timestamp('2026-03-06 23:52:54.825000'), Timestamp('2026-03-06 23:52:54.949000'), Timestamp('2026-03-06 23:52:55.316000'), Timestamp('2026-03-06 23:52:55.439000'), Timestamp('2026-03-06 23:52:55.671000'), Timestamp('2026-03-06 23:52:55.785000'), Timestamp('2026-03-06 23:52:56.645000'), Timestamp('2026-03-06 23:52:56.764000'), Timestamp('2026-03-06 23:52:56.990000'), Timestamp('2026-03-06 23:52:57.103000'), Timestamp('2026-03-06 23:52:58.007000'), Timestamp('2026-03-06 23:52:58.125000'), Timestamp('2026-03-06 23:52:58.358000'), Timestamp('2026-03-06 23:52:58.488000'), Timestamp('2026-03-06 23:52:59.440000'), Timestamp('2026-03-06 23:52:59.568000')]","[0.376, 0.124, 0.367, 0.123, 0.232, 0.114, 0.86, 0.119, 0.226, 0.113, 0.904, 0.118, 0.233, 0.13, 0.952, 0.128]","[21.36660724896019, 21.306562338525133, 21.157795092113883, 20.99687341639018, 20.91989821109803, 20.877055451136695, 20.36717062634989, 20.23070097604259, 19.92121407814013, 20.18552875695733, 19.226173770097432, 19.201688060488834, 18.89946868496623, 19.036987539797963, 18.18971302253977, 18.065794128050936]","[8.033844325609032, 2.6420137299771165, 7.764910798805795, 2.5826154302159923, 4.853416384974743, 2.3799843214295833, 17.515766738660904, 2.4074534161490684, 4.5021943816596695, 2.280964749536178, 17.38046108816808, 2.2657991911376825, 4.403576203597132, 2.474808380173735, 17.31660679745786, 2.31242164839052]",101.1168375859431,9.92474362397524
