file,timestamp_raw,timestamp,timestamp_serie,delta_t,velocity,length,total_length,first_peak_raw
ADTC1_adz_raw_20260612_0013,2026-06-12 00:12:15.568,2026-06-12 00:12:25.598,"[Timestamp('2026-06-12 00:12:25.598000'), Timestamp('2026-06-12 00:12:25.714000'), Timestamp('2026-06-12 00:12:26.063000'), Timestamp('2026-06-12 00:12:26.179000'), Timestamp('2026-06-12 00:12:26.403000'), Timestamp('2026-06-12 00:12:26.481000'), Timestamp('2026-06-12 00:12:26.904000'), Timestamp('2026-06-12 00:12:26.978000'), Timestamp('2026-06-12 00:12:27.153000'), Timestamp('2026-06-12 00:12:27.230000'), Timestamp('2026-06-12 00:12:27.670000'), Timestamp('2026-06-12 00:12:27.744000'), Timestamp('2026-06-12 00:12:27.917000'), Timestamp('2026-06-12 00:12:27.993000'), Timestamp('2026-06-12 00:12:28.433000'), Timestamp('2026-06-12 00:12:28.508000'), Timestamp('2026-06-12 00:12:28.683000'), Timestamp('2026-06-12 00:12:28.757000'), Timestamp('2026-06-12 00:12:29.193000'), Timestamp('2026-06-12 00:12:29.273000'), Timestamp('2026-06-12 00:12:29.434000'), Timestamp('2026-06-12 00:12:29.509000'), Timestamp('2026-06-12 00:12:29.944000'), Timestamp('2026-06-12 00:12:30.016000'), Timestamp('2026-06-12 00:12:30.179000'), Timestamp('2026-06-12 00:12:30.256000'), Timestamp('2026-06-12 00:12:30.675000'), Timestamp('2026-06-12 00:12:30.755000'), Timestamp('2026-06-12 00:12:30.919000'), Timestamp('2026-06-12 00:12:30.993000'), Timestamp('2026-06-12 00:12:31.427000'), Timestamp('2026-06-12 00:12:31.504000'), Timestamp('2026-06-12 00:12:31.663000'), Timestamp('2026-06-12 00:12:31.741000'), Timestamp('2026-06-12 00:12:32.181000'), Timestamp('2026-06-12 00:12:32.258000'), Timestamp('2026-06-12 00:12:32.418000'), Timestamp('2026-06-12 00:12:32.495000'), Timestamp('2026-06-12 00:12:32.929000'), Timestamp('2026-06-12 00:12:33.002000'), Timestamp('2026-06-12 00:12:33.156000'), Timestamp('2026-06-12 00:12:33.234000'), Timestamp('2026-06-12 00:12:33.664000'), Timestamp('2026-06-12 00:12:33.743000'), Timestamp('2026-06-12 00:12:33.893000'), Timestamp('2026-06-12 00:12:33.969000'), Timestamp('2026-06-12 00:12:34.402000'), Timestamp('2026-06-12 00:12:34.479000'), Timestamp('2026-06-12 00:12:34.641000'), Timestamp('2026-06-12 00:12:34.717000'), Timestamp('2026-06-12 00:12:35.157000'), Timestamp('2026-06-12 00:12:35.233000'), Timestamp('2026-06-12 00:12:35.405000'), Timestamp('2026-06-12 00:12:35.482000'), Timestamp('2026-06-12 00:12:35.891000'), Timestamp('2026-06-12 00:12:35.969000'), Timestamp('2026-06-12 00:12:36.140000'), Timestamp('2026-06-12 00:12:36.217000'), Timestamp('2026-06-12 00:12:36.657000'), Timestamp('2026-06-12 00:12:36.732000'), Timestamp('2026-06-12 00:12:36.893000'), Timestamp('2026-06-12 00:12:36.971000'), Timestamp('2026-06-12 00:12:37.405000'), Timestamp('2026-06-12 00:12:37.480000'), Timestamp('2026-06-12 00:12:37.642000'), Timestamp('2026-06-12 00:12:37.718000'), Timestamp('2026-06-12 00:12:38.157000'), Timestamp('2026-06-12 00:12:38.234000'), Timestamp('2026-06-12 00:12:38.396000'), Timestamp('2026-06-12 00:12:38.471000'), Timestamp('2026-06-12 00:12:38.906000'), Timestamp('2026-06-12 00:12:38.981000'), Timestamp('2026-06-12 00:12:39.132000'), Timestamp('2026-06-12 00:12:39.209000'), Timestamp('2026-06-12 00:12:39.643000'), Timestamp('2026-06-12 00:12:39.721000'), Timestamp('2026-06-12 00:12:39.867000'), Timestamp('2026-06-12 00:12:39.948000'), Timestamp('2026-06-12 00:12:40.379000'), Timestamp('2026-06-12 00:12:40.460000'), Timestamp('2026-06-12 00:12:40.616000'), Timestamp('2026-06-12 00:12:40.695000'), Timestamp('2026-06-12 00:12:41.135000'), Timestamp('2026-06-12 00:12:41.211000')]","[0.116, 0.349, 0.116, 0.224, 0.078, 0.423, 0.074, 0.175, 0.077, 0.44, 0.074, 0.173, 0.076, 0.44, 0.075, 0.175, 0.074, 0.436, 0.08, 0.161, 0.075, 0.435, 0.072, 0.163, 0.077, 0.419, 0.08, 0.164, 0.074, 0.434, 0.077, 0.159, 0.078, 0.44, 0.077, 0.16, 0.077, 0.434, 0.073, 0.154, 0.078, 0.43, 0.079, 0.15, 0.076, 0.433, 0.077, 0.162, 0.076, 0.44, 0.076, 0.172, 0.077, 0.409, 0.078, 0.171, 0.077, 0.44, 0.075, 0.161, 0.078, 0.434, 0.075, 0.162, 0.076, 0.439, 0.077, 0.162, 0.075, 0.435, 0.075, 0.151, 0.077, 0.434, 0.078, 0.146, 0.081, 0.431, 0.081, 0.156, 0.079, 0.44, 0.076]","[21.551576020742868, 22.14052287581699, 21.81963708999944, 21.896322631616748, 21.85740944328321, 21.7730031162867, 21.937323041620846, 22.05882352941176, 21.97889677443581, 22.099820626519126, 21.900435610854302, 22.101016630604263, 22.018717649889822, 21.898675508494215, 21.946718022789277, 21.98036808039968, 22.10281251173444, 21.776516461215046, 22.364785841299394, 22.018955121861637, 22.02963676242443, 21.816592075789742, 22.057299534004887, 22.107273500128713, 21.945442785850254, 22.108520398469096, 21.461166345572416, 22.15448758329555, 22.16869619519158, 21.94112777275567, 22.193254506687346, 22.27033569887645, 21.658312447786127, 21.79902362630536, 22.00626109156341, 21.88962973471414, 21.75025358476065, 22.136199437986868, 22.059558666000143, 21.967354902256428, 21.939562338801878, 22.28823807771176, 21.520266656985275, 22.088436959126618, 22.30449434396803, 22.30449434396803, 21.855634243402285, 21.969898291981735, 22.03563187583373, 22.154318792109343, 22.47845076940877, 22.179350425571513, 22.53946354661267, 22.1472143885937, 22.16341456987511, 22.09737827715356, 21.688959699120748, 22.145367740764577, 21.61953573408863, 21.9950762097713, 21.63627442305682, 21.77703191756648, 21.877021960873872, 22.217688441798906, 22.208657047724753, 22.120868998318702, 22.45174546964828, 22.578050226943105, 22.657107452646486, 22.242345747736056, 22.49677349732261, 22.135222107183452, 22.261001239027934, 22.531328320802004, 22.324834666313166, 22.455546501180553, 22.093079345715285, 22.13844297334305, 22.495609408285585, 22.732749178532313, 22.155700224753932, 22.012804919753655, 22.48816257765445, 22.465103155239095]","[2.4999828184061728, 7.72704248366013, 2.531077902439935, 4.904776269482151, 1.7048779365760904, 9.209980318189274, 1.6233619050799426, 3.860294117647058, 1.6923750516315574, 9.723921075668416, 1.6206322352032183, 3.823475877094537, 1.6734225413916264, 9.635417223737454, 1.6460038517091957, 3.8465644140699435, 1.6356081258683486, 9.49456117708976, 1.7891828673039516, 3.545051774619724, 1.6522227571818322, 9.490217552968538, 1.5881255664483518, 3.6034855805209802, 1.6897990945104695, 9.26347004695855, 1.7168933076457933, 3.6333359636604703, 1.6404835184441768, 9.52244945337596, 1.7088805970149257, 3.5409833761213556, 1.6893483709273178, 9.591570395574358, 1.6944821040503826, 3.5023407575542627, 1.67476952602657, 9.607110556086301, 1.6103477826180104, 3.3829726549474897, 1.7112858624265466, 9.583942373416058, 1.7001010659018367, 3.3132655438689924, 1.6951415701415704, 9.657846050938158, 1.6828838367419758, 3.559123523301041, 1.6747080225633635, 9.747900268528111, 1.7083622584750664, 3.8148482731983, 1.7355386930891754, 9.058210684934823, 1.7287463364502584, 3.778651685393259, 1.6700498968322977, 9.743961805936413, 1.621465180056647, 3.54120726977318, 1.6876294049984317, 9.451231852223852, 1.6407766470655403, 3.599265527571423, 1.687857935627081, 9.71106149026191, 1.7287844011629176, 3.6576441367647834, 1.6992830589484864, 9.675420400265185, 1.6872580122991958, 3.342418538184701, 1.7140970954051509, 9.77859649122807, 1.741337103972427, 3.2785097891723605, 1.789539427002938, 9.541668921510855, 1.8221443620711324, 3.546308871851041, 1.7503003177555607, 9.685634164691608, 1.7091003559017381]",344.644007437408,9.922352847724204
ADTC1_adz_raw_20260612_0019,2026-06-12 00:18:40.086,2026-06-12 00:18:50.138,"[Timestamp('2026-06-12 00:18:50.138000'), Timestamp('2026-06-12 00:18:50.253000'), Timestamp('2026-06-12 00:18:50.601000'), Timestamp('2026-06-12 00:18:50.719000')]","[0.115, 0.348, 0.118]","[21.896605453891237, 22.30488612511084, 21.5854899817164, 21.505376344086017]","[2.5181096271974925, 7.762100371538572, 2.547087817842535]",12.827297816578598,9.942280558388184
ADTC1_adz_raw_20260612_0045,2026-06-12 00:44:22.036,2026-06-12 00:44:32.078,"[Timestamp('2026-06-12 00:44:32.078000'), Timestamp('2026-06-12 00:44:32.206000'), Timestamp('2026-06-12 00:44:32.970000'), Timestamp('2026-06-12 00:44:33.097000'), Timestamp('2026-06-12 00:44:33.316000'), Timestamp('2026-06-12 00:44:33.437000'), Timestamp('2026-06-12 00:44:34.231000'), Timestamp('2026-06-12 00:44:34.346000'), Timestamp('2026-06-12 00:44:34.562000'), Timestamp('2026-06-12 00:44:34.684000'), Timestamp('2026-06-12 00:44:35.483000'), Timestamp('2026-06-12 00:44:35.600000'), Timestamp('2026-06-12 00:44:35.815000'), Timestamp('2026-06-12 00:44:35.939000'), Timestamp('2026-06-12 00:44:36.717000'), Timestamp('2026-06-12 00:44:36.843000')]","[0.128, 0.764, 0.127, 0.219, 0.121, 0.794, 0.115, 0.216, 0.122, 0.799, 0.117, 0.215, 0.124, 0.778, 0.126]","[20.791762690676244, 21.00747654871367, 20.44226646396727, 20.867895909371, 20.982740608860702, 21.03665660160322, 21.057344238974665, 20.52649263388099, 20.862617674143415, 20.697489447489446, 20.829441997505526, 20.696230893875978, 20.5518018018018, 20.72885225601734, 20.94074956212403, 20.98406649945334]","[2.661345624406559, 16.049712083217244, 2.5961678409238433, 4.570069204152249, 2.538911613672145, 16.703105341672956, 2.4215945874820863, 4.433722408918294, 2.5452393562454967, 16.537294068544067, 2.4370447137081466, 4.449689642183335, 2.5484234234234235, 16.127047055181492, 2.6385344448276276]",99.25790140855896,9.931782299145045
ADTC1_adz_raw_20260612_0057,2026-06-12 00:56:34.510,2026-06-12 00:56:44.545,"[Timestamp('2026-06-12 00:56:44.545000'), Timestamp('2026-06-12 00:56:44.652000'), Timestamp('2026-06-12 00:56:45.244000'), Timestamp('2026-06-12 00:56:45.370000'), Timestamp('2026-06-12 00:56:46.002000'), Timestamp('2026-06-12 00:56:46.128000'), Timestamp('2026-06-12 00:56:46.718000'), Timestamp('2026-06-12 00:56:46.826000')]","[0.107, 0.592, 0.126, 0.632, 0.126, 0.59, 0.108]","[21.819685320936884, 22.277864946858912, 21.441199218921554, 21.894409937888195, 21.74141989221333, 22.304832713754646, 21.39341980738184, 21.621964880735774]","[2.3347063293402464, 13.188496048540475, 2.701591101584116, 13.83726708074534, 2.7394189064188796, 13.159851301115241, 2.3104893391972388]",50.27182010694153,9.928734347026095
ADTC1_adz_raw_20260612_0102,2026-06-12 01:01:13.599,2026-06-12 01:01:23.619,"[Timestamp('2026-06-12 01:01:23.619000'), Timestamp('2026-06-12 01:01:23.737000'), Timestamp('2026-06-12 01:01:24.456000'), Timestamp('2026-06-12 01:01:24.576000'), Timestamp('2026-06-12 01:01:24.777000'), Timestamp('2026-06-12 01:01:24.890000'), Timestamp('2026-06-12 01:01:25.639000'), Timestamp('2026-06-12 01:01:25.748000'), Timestamp('2026-06-12 01:01:25.953000'), Timestamp('2026-06-12 01:01:26.068000'), Timestamp('2026-06-12 01:01:26.813000'), Timestamp('2026-06-12 01:01:26.920000'), Timestamp('2026-06-12 01:01:27.123000'), Timestamp('2026-06-12 01:01:27.239000'), Timestamp('2026-06-12 01:01:27.965000'), Timestamp('2026-06-12 01:01:28.078000')]","[0.118, 0.719, 0.12, 0.201, 0.113, 0.749, 0.109, 0.205, 0.115, 0.745, 0.107, 0.203, 0.116, 0.726, 0.113]","[22.218874571243163, 22.150800357887753, 21.863799283154123, 21.978028365496396, 22.227331946300872, 22.06150726596823, 22.49984912407001, 22.298609320771483, 22.700914106873633, 22.74863370502242, 22.76095520558195, 22.072933651072372, 22.4585450391902, 22.0986377298099, 22.42515356936962, 22.257910384370355]","[2.621827199406693, 15.926425457321294, 2.6236559139784945, 4.417583701464776, 2.5116885099319988, 16.524068942210207, 2.452483554523631, 4.571214910758154, 2.610605122290468, 16.947732110241702, 2.4354222069972686, 4.480805531167692, 2.605191224546063, 16.043610991841987, 2.534042353338767]",99.30635773001919,9.913800379512672
ADTC1_adz_raw_20260612_0233,2026-06-12 02:31:48.960,2026-06-12 02:31:58.997,"[Timestamp('2026-06-12 02:31:58.997000'), Timestamp('2026-06-12 02:31:59.131000'), Timestamp('2026-06-12 02:31:59.425000'), Timestamp('2026-06-12 02:31:59.563000'), Timestamp('2026-06-12 02:31:59.790000'), Timestamp('2026-06-12 02:31:59.865000'), Timestamp('2026-06-12 02:32:00.295000'), Timestamp('2026-06-12 02:32:00.373000'), Timestamp('2026-06-12 02:32:00.526000'), Timestamp('2026-06-12 02:32:00.603000'), Timestamp('2026-06-12 02:32:01.034000'), Timestamp('2026-06-12 02:32:01.111000'), Timestamp('2026-06-12 02:32:01.262000'), Timestamp('2026-06-12 02:32:01.343000'), Timestamp('2026-06-12 02:32:01.777000'), Timestamp('2026-06-12 02:32:01.853000'), Timestamp('2026-06-12 02:32:02.005000'), Timestamp('2026-06-12 02:32:02.082000'), Timestamp('2026-06-12 02:32:02.520000'), Timestamp('2026-06-12 02:32:02.601000'), Timestamp('2026-06-12 02:32:02.754000'), Timestamp('2026-06-12 02:32:02.832000'), Timestamp('2026-06-12 02:32:03.215000'), Timestamp('2026-06-12 02:32:03.292000'), Timestamp('2026-06-12 02:32:03.437000'), Timestamp('2026-06-12 02:32:03.521000'), Timestamp('2026-06-12 02:32:03.955000'), Timestamp('2026-06-12 02:32:04.032000'), Timestamp('2026-06-12 02:32:04.185000'), Timestamp('2026-06-12 02:32:04.266000'), Timestamp('2026-06-12 02:32:04.697000'), Timestamp('2026-06-12 02:32:04.775000'), Timestamp('2026-06-12 02:32:04.927000'), Timestamp('2026-06-12 02:32:05.004000'), Timestamp('2026-06-12 02:32:05.442000'), Timestamp('2026-06-12 02:32:05.516000'), Timestamp('2026-06-12 02:32:05.668000'), Timestamp('2026-06-12 02:32:05.746000'), Timestamp('2026-06-12 02:32:06.187000'), Timestamp('2026-06-12 02:32:06.264000'), Timestamp('2026-06-12 02:32:06.419000'), Timestamp('2026-06-12 02:32:06.496000'), Timestamp('2026-06-12 02:32:06.929000'), Timestamp('2026-06-12 02:32:07.008000'), Timestamp('2026-06-12 02:32:07.157000'), Timestamp('2026-06-12 02:32:07.237000'), Timestamp('2026-06-12 02:32:07.670000'), Timestamp('2026-06-12 02:32:07.746000'), Timestamp('2026-06-12 02:32:07.912000'), Timestamp('2026-06-12 02:32:07.989000'), Timestamp('2026-06-12 02:32:08.437000'), Timestamp('2026-06-12 02:32:08.513000'), Timestamp('2026-06-12 02:32:08.672000'), Timestamp('2026-06-12 02:32:08.754000'), Timestamp('2026-06-12 02:32:09.197000'), Timestamp('2026-06-12 02:32:09.268000'), Timestamp('2026-06-12 02:32:09.426000'), Timestamp('2026-06-12 02:32:09.502000'), Timestamp('2026-06-12 02:32:09.937000'), Timestamp('2026-06-12 02:32:10.013000'), Timestamp('2026-06-12 02:32:10.168000'), Timestamp('2026-06-12 02:32:10.245000'), Timestamp('2026-06-12 02:32:10.631000'), Timestamp('2026-06-12 02:32:10.705000'), Timestamp('2026-06-12 02:32:10.861000'), Timestamp('2026-06-12 02:32:10.932000'), Timestamp('2026-06-12 02:32:11.375000'), Timestamp('2026-06-12 02:32:11.452000'), Timestamp('2026-06-12 02:32:11.614000'), Timestamp('2026-06-12 02:32:11.694000'), Timestamp('2026-06-12 02:32:12.139000'), Timestamp('2026-06-12 02:32:12.213000'), Timestamp('2026-06-12 02:32:12.380000'), Timestamp('2026-06-12 02:32:12.459000'), Timestamp('2026-06-12 02:32:12.899000'), Timestamp('2026-06-12 02:32:12.975000'), Timestamp('2026-06-12 02:32:13.130000'), Timestamp('2026-06-12 02:32:13.207000'), Timestamp('2026-06-12 02:32:13.643000'), Timestamp('2026-06-12 02:32:13.721000'), Timestamp('2026-06-12 02:32:13.886000'), Timestamp('2026-06-12 02:32:13.964000'), Timestamp('2026-06-12 02:32:14.411000'), Timestamp('2026-06-12 02:32:14.489000')]","[0.134, 0.294, 0.138, 0.227, 0.075, 0.43, 0.078, 0.153, 0.077, 0.431, 0.077, 0.151, 0.081, 0.434, 0.076, 0.152, 0.077, 0.438, 0.081, 0.153, 0.078, 0.383, 0.077, 0.145, 0.084, 0.434, 0.077, 0.153, 0.081, 0.431, 0.078, 0.152, 0.077, 0.438, 0.074, 0.152, 0.078, 0.441, 0.077, 0.155, 0.077, 0.433, 0.079, 0.149, 0.08, 0.433, 0.076, 0.166, 0.077, 0.448, 0.076, 0.159, 0.082, 0.443, 0.071, 0.158, 0.076, 0.435, 0.076, 0.155, 0.077, 0.386, 0.074, 0.156, 0.071, 0.443, 0.077, 0.162, 0.08, 0.445, 0.074, 0.167, 0.079, 0.44, 0.076, 0.155, 0.077, 0.436, 0.078, 0.165, 0.078, 0.447, 0.078]","[22.24126492702344, 22.232084462300286, 21.8207786711807, 21.907198446304605, 22.509649466413173, 21.739079324775474, 21.031471003423636, 21.739079324775474, 22.54333920459813, 21.66324046816647, 21.34230503795721, 21.424004384362437, 21.350373117654943, 21.66093212386612, 21.50339392085189, 21.582733812949638, 21.982835687466476, 21.138867526335556, 21.35153578815551, 21.268724881256848, 21.74262722769659, 21.74262722769659, 21.659838773622305, 21.583850931677016, 21.498771498771497, 21.05952763423781, 21.350373117654943, 21.749408983451538, 22.195478910988854, 22.205161917798346, 21.892199468917, 21.814096256370334, 22.186811336231788, 21.609670548077105, 22.350708769702734, 21.67449139280125, 22.042879269585068, 21.912388881535882, 21.889340842720067, 21.828223243560352, 22.505413959686816, 22.138575710004282, 22.129855603009965, 21.97596282791966, 21.70749993646276, 21.538857436953165, 21.3599340311669, 21.341531167821024, 21.7914308507357, 21.6220590615482, 22.342657342657343, 21.75339058133988, 21.44947473217365, 21.6220590615482, 22.129855603009965, 21.29652226967663, 21.8043511110738, 21.7914308507357, 21.762135164663647, 21.717878616242597, 22.184870483418578, 21.738914891943917, 22.313031795790415, 21.901344269765325, 22.02975619438288, 21.487652725427935, 21.958213596036195, 22.361570737842655, 22.445859872611464, 22.141330241339254, 21.808731808731807, 21.301975279562, 22.094255678387007, 22.220757892175747, 22.220757892175747, 21.807605987050664, 21.680044706360498, 21.995270371542293, 21.602089638708257, 22.084715809824935, 22.269205448928947, 22.284787735849058, 22.317352735971298, 22.2684642785877]","[2.980329500221141, 6.5362328319162835, 3.011267456622937, 4.972934047311146, 1.6882237099809878, 9.347804109653454, 1.6404547382670436, 3.3260791366906477, 1.735837118754056, 9.336856641779749, 1.643357487922705, 3.235024662038728, 1.7293802225300505, 9.400844541757897, 1.6342579379847437, 3.280575539568345, 1.6926783479349186, 9.258823976534973, 1.7294743988405963, 3.2541149068322976, 1.695924923760334, 8.327426228207795, 1.6678075855689174, 3.129658385093167, 1.805896805896806, 9.139834993259209, 1.6439787300594306, 3.3276595744680852, 1.7978337917900973, 9.570424786571087, 1.707591558575526, 3.3157426309682907, 1.7083844728898476, 9.465035700057772, 1.6539524489580022, 3.29452269170579, 1.7193445830276353, 9.663363496757324, 1.6854792448894451, 3.3833746027518545, 1.7329168748958848, 9.586003282431854, 1.7482585926377872, 3.274418461360029, 1.7365999949170208, 9.326325270200721, 1.6233549863686845, 3.5426941738582904, 1.677940175506649, 9.686682459573593, 1.6980419580419581, 3.4587891024330406, 1.7588569280382393, 9.578572164265852, 1.5712197478137073, 3.3648505186089075, 1.6571306844416087, 9.47927242007003, 1.6539222725144371, 3.3662711855176024, 1.7082350272232305, 8.391221148290352, 1.6511643528884907, 3.4166097060833907, 1.5641126898011843, 9.519030157364575, 1.690782446894787, 3.6225744595305103, 1.7956687898089172, 9.852891957395968, 1.6138461538461537, 3.557429871686854, 1.7454461985925736, 9.77713347255733, 1.6887775998053567, 3.3801789279928527, 1.6693634423897583, 9.58993788199244, 1.6849629918192441, 3.6439781086211145, 1.7369980250164578, 9.961300117924528, 1.7407535134057612]",337.6623068428268,9.924516086751888
ADTC1_adz_raw_20260612_0404,2026-06-12 04:03:22.613,2026-06-12 04:03:32.656,"[Timestamp('2026-06-12 04:03:32.656000'), Timestamp('2026-06-12 04:03:32.775000'), Timestamp('2026-06-12 04:03:33.125000'), Timestamp('2026-06-12 04:03:33.244000'), Timestamp('2026-06-12 04:03:33.458000'), Timestamp('2026-06-12 04:03:33.533000'), Timestamp('2026-06-12 04:03:33.971000'), Timestamp('2026-06-12 04:03:34.046000'), Timestamp('2026-06-12 04:03:34.196000'), Timestamp('2026-06-12 04:03:34.277000'), Timestamp('2026-06-12 04:03:34.714000'), Timestamp('2026-06-12 04:03:34.790000'), Timestamp('2026-06-12 04:03:34.939000'), Timestamp('2026-06-12 04:03:35.016000'), Timestamp('2026-06-12 04:03:35.451000'), Timestamp('2026-06-12 04:03:35.529000'), Timestamp('2026-06-12 04:03:35.677000'), Timestamp('2026-06-12 04:03:35.755000'), Timestamp('2026-06-12 04:03:36.191000'), Timestamp('2026-06-12 04:03:36.263000'), Timestamp('2026-06-12 04:03:36.416000'), Timestamp('2026-06-12 04:03:36.493000'), Timestamp('2026-06-12 04:03:36.931000'), Timestamp('2026-06-12 04:03:37.006000'), Timestamp('2026-06-12 04:03:37.155000'), Timestamp('2026-06-12 04:03:37.234000'), Timestamp('2026-06-12 04:03:37.673000'), Timestamp('2026-06-12 04:03:37.748000'), Timestamp('2026-06-12 04:03:37.897000'), Timestamp('2026-06-12 04:03:37.978000'), Timestamp('2026-06-12 04:03:38.416000'), Timestamp('2026-06-12 04:03:38.490000'), Timestamp('2026-06-12 04:03:38.643000'), Timestamp('2026-06-12 04:03:38.716000'), Timestamp('2026-06-12 04:03:39.157000'), Timestamp('2026-06-12 04:03:39.233000'), Timestamp('2026-06-12 04:03:39.387000'), Timestamp('2026-06-12 04:03:39.462000'), Timestamp('2026-06-12 04:03:39.901000'), Timestamp('2026-06-12 04:03:39.975000'), Timestamp('2026-06-12 04:03:40.127000'), Timestamp('2026-06-12 04:03:40.203000'), Timestamp('2026-06-12 04:03:40.639000'), Timestamp('2026-06-12 04:03:40.715000'), Timestamp('2026-06-12 04:03:40.864000'), Timestamp('2026-06-12 04:03:40.942000'), Timestamp('2026-06-12 04:03:41.381000'), Timestamp('2026-06-12 04:03:41.458000'), Timestamp('2026-06-12 04:03:41.610000'), Timestamp('2026-06-12 04:03:41.688000'), Timestamp('2026-06-12 04:03:42.122000'), Timestamp('2026-06-12 04:03:42.203000'), Timestamp('2026-06-12 04:03:42.356000'), Timestamp('2026-06-12 04:03:42.433000'), Timestamp('2026-06-12 04:03:42.875000'), Timestamp('2026-06-12 04:03:42.948000'), Timestamp('2026-06-12 04:03:43.103000'), Timestamp('2026-06-12 04:03:43.179000'), Timestamp('2026-06-12 04:03:43.620000'), Timestamp('2026-06-12 04:03:43.697000'), Timestamp('2026-06-12 04:03:43.850000'), Timestamp('2026-06-12 04:03:43.928000'), Timestamp('2026-06-12 04:03:44.366000'), Timestamp('2026-06-12 04:03:44.440000'), Timestamp('2026-06-12 04:03:44.593000'), Timestamp('2026-06-12 04:03:44.672000'), Timestamp('2026-06-12 04:03:45.111000'), Timestamp('2026-06-12 04:03:45.187000'), Timestamp('2026-06-12 04:03:45.339000'), Timestamp('2026-06-12 04:03:45.416000'), Timestamp('2026-06-12 04:03:45.857000'), Timestamp('2026-06-12 04:03:45.933000'), Timestamp('2026-06-12 04:03:46.084000'), Timestamp('2026-06-12 04:03:46.163000'), Timestamp('2026-06-12 04:03:46.608000'), Timestamp('2026-06-12 04:03:46.685000')]","[0.119, 0.35, 0.119, 0.214, 0.075, 0.438, 0.075, 0.15, 0.081, 0.437, 0.076, 0.149, 0.077, 0.435, 0.078, 0.148, 0.078, 0.436, 0.072, 0.153, 0.077, 0.438, 0.075, 0.149, 0.079, 0.439, 0.075, 0.149, 0.081, 0.438, 0.074, 0.153, 0.073, 0.441, 0.076, 0.154, 0.075, 0.439, 0.074, 0.152, 0.076, 0.436, 0.076, 0.149, 0.078, 0.439, 0.077, 0.152, 0.078, 0.434, 0.081, 0.153, 0.077, 0.442, 0.073, 0.155, 0.076, 0.441, 0.077, 0.153, 0.078, 0.438, 0.074, 0.153, 0.079, 0.439, 0.076, 0.152, 0.077, 0.441, 0.076, 0.151, 0.079, 0.445, 0.077]","[22.584465343086034, 21.900435610854302, 21.581859001213836, 21.739079324775474, 22.151736884524553, 21.818175430707395, 21.90389858524604, 22.14022140221402, 21.983818665166122, 22.30098822156584, 22.237290717156213, 22.244684037136864, 22.585637308358454, 22.235587295391568, 22.237290717156213, 22.25039554159681, 22.267878107294166, 22.336158834907273, 22.620793840306042, 22.344497607655505, 22.63660996537709, 22.394229646516088, 22.376025727594218, 22.384428223844285, 22.500539581284926, 22.641285534838758, 23.049931435024604, 22.570430551371587, 22.025516821055856, 22.553435788729907, 22.652956212252096, 22.39446680953621, 22.18309833456957, 22.455160003453663, 23.1130155636447, 22.402496007919346, 23.434677729481542, 22.82266372332598, 22.446237372220942, 23.01621211042275, 23.752610100593085, 23.12237737361139, 22.922044098231236, 23.209734548232944, 22.61977808949405, 22.629148629148624, 22.87235569333218, 22.922062632446433, 22.833596883881622, 22.967302663358083, 22.263222632226327, 22.788162535969548, 22.98676646539811, 23.005541660148783, 23.21426960311087, 23.588918821116962, 23.255755071451, 23.06907212116842, 24.0046218396144, 23.497442455242968, 24.500984179040046, 23.789173789173784, 23.814067864049818, 23.871087184587967, 23.57187696170747, 24.147068197050153, 24.035111188541414, 24.194957735855994, 24.217043522457057, 24.342877343865453, 24.51901227086805, 24.24130972140955, 24.007156792680632, 24.20714517304001, 24.925295942995064, 24.594856770651333]","[2.687551375827238, 7.665152463799005, 2.5682412211444463, 4.652162975501952, 1.6613802663393413, 9.556360838649839, 1.642792393893453, 3.321033210332103, 1.780689311878456, 9.745531852824273, 1.690034094503872, 3.3144579215333927, 1.7390940727436008, 9.672480473495332, 1.7345086759381847, 3.2930585401563275, 1.7368944923689449, 9.738565252019571, 1.628697156502035, 3.4187081339712924, 1.743018967334036, 9.808672585174046, 1.6782019295695663, 3.3352798053527986, 1.777542626921509, 9.939524349794215, 1.7287448576268452, 3.3629941521543665, 1.7840668625055245, 9.8784048754637, 1.6763187597066551, 3.42635342185904, 1.6193661784235787, 9.902725561523066, 1.7565891828369973, 3.449984385219579, 1.7576008297111156, 10.019149374540106, 1.6610215655443497, 3.4984642407842577, 1.8051983676450745, 10.081356534894566, 1.7420753514655738, 3.4582504476867086, 1.764342690980536, 9.934196248196246, 1.761171388386578, 3.4841535201318576, 1.7810205569427666, 9.967809355897408, 1.8033210332103327, 3.4865888680033406, 1.7699810178356543, 10.168449413785762, 1.6946416810270934, 3.656282417273129, 1.7674373854302758, 10.173460805435274, 1.848355881650309, 3.5951086956521743, 1.9110767659651235, 10.419658119658118, 1.7622410219396865, 3.652276339241959, 1.8621782799748903, 10.600562938505018, 1.8266684503291475, 3.677633575850111, 1.8647123512291934, 10.735208908644665, 1.8634449325859717, 3.660437767932842, 1.89656538662177, 10.772179602002804, 1.9192477876106198]",321.21871312509046,9.938752894541382
ADTC1_adz_raw_20260612_0420,2026-06-12 04:18:35.421,2026-06-12 04:18:45.539,"[Timestamp('2026-06-12 04:18:45.539000'), Timestamp('2026-06-12 04:18:45.656000'), Timestamp('2026-06-12 04:18:46.006000'), Timestamp('2026-06-12 04:18:46.121000'), Timestamp('2026-06-12 04:18:46.344000'), Timestamp('2026-06-12 04:18:46.418000'), Timestamp('2026-06-12 04:18:46.855000'), Timestamp('2026-06-12 04:18:46.930000'), Timestamp('2026-06-12 04:18:47.092000'), Timestamp('2026-06-12 04:18:47.168000'), Timestamp('2026-06-12 04:18:47.597000'), Timestamp('2026-06-12 04:18:47.678000'), Timestamp('2026-06-12 04:18:47.842000'), Timestamp('2026-06-12 04:18:47.916000'), Timestamp('2026-06-12 04:18:48.336000'), Timestamp('2026-06-12 04:18:48.418000'), Timestamp('2026-06-12 04:18:48.593000'), Timestamp('2026-06-12 04:18:48.669000'), Timestamp('2026-06-12 04:18:49.108000'), Timestamp('2026-06-12 04:18:49.184000'), Timestamp('2026-06-12 04:18:49.359000'), Timestamp('2026-06-12 04:18:49.434000'), Timestamp('2026-06-12 04:18:49.877000'), Timestamp('2026-06-12 04:18:49.948000'), Timestamp('2026-06-12 04:18:50.110000'), Timestamp('2026-06-12 04:18:50.191000'), Timestamp('2026-06-12 04:18:50.619000'), Timestamp('2026-06-12 04:18:50.699000'), Timestamp('2026-06-12 04:18:50.861000'), Timestamp('2026-06-12 04:18:50.935000'), Timestamp('2026-06-12 04:18:51.373000'), Timestamp('2026-06-12 04:18:51.448000'), Timestamp('2026-06-12 04:18:51.622000'), Timestamp('2026-06-12 04:18:51.698000'), Timestamp('2026-06-12 04:18:52.135000'), Timestamp('2026-06-12 04:18:52.211000'), Timestamp('2026-06-12 04:18:52.373000'), Timestamp('2026-06-12 04:18:52.449000'), Timestamp('2026-06-12 04:18:52.885000'), Timestamp('2026-06-12 04:18:52.961000'), Timestamp('2026-06-12 04:18:53.109000'), Timestamp('2026-06-12 04:18:53.189000'), Timestamp('2026-06-12 04:18:53.625000'), Timestamp('2026-06-12 04:18:53.697000'), Timestamp('2026-06-12 04:18:53.860000'), Timestamp('2026-06-12 04:18:53.938000'), Timestamp('2026-06-12 04:18:54.377000'), Timestamp('2026-06-12 04:18:54.453000'), Timestamp('2026-06-12 04:18:54.626000'), Timestamp('2026-06-12 04:18:54.703000'), Timestamp('2026-06-12 04:18:55.138000'), Timestamp('2026-06-12 04:18:55.212000'), Timestamp('2026-06-12 04:18:55.377000'), Timestamp('2026-06-12 04:18:55.453000'), Timestamp('2026-06-12 04:18:55.883000'), Timestamp('2026-06-12 04:18:55.961000'), Timestamp('2026-06-12 04:18:56.111000'), Timestamp('2026-06-12 04:18:56.191000'), Timestamp('2026-06-12 04:18:56.620000'), Timestamp('2026-06-12 04:18:56.700000'), Timestamp('2026-06-12 04:18:56.852000'), Timestamp('2026-06-12 04:18:56.927000'), Timestamp('2026-06-12 04:18:57.365000'), Timestamp('2026-06-12 04:18:57.438000'), Timestamp('2026-06-12 04:18:57.592000'), Timestamp('2026-06-12 04:18:57.670000'), Timestamp('2026-06-12 04:18:58.105000'), Timestamp('2026-06-12 04:18:58.181000'), Timestamp('2026-06-12 04:18:58.344000'), Timestamp('2026-06-12 04:18:58.422000'), Timestamp('2026-06-12 04:18:58.861000'), Timestamp('2026-06-12 04:18:58.938000'), Timestamp('2026-06-12 04:18:59.112000'), Timestamp('2026-06-12 04:18:59.187000'), Timestamp('2026-06-12 04:18:59.612000'), Timestamp('2026-06-12 04:18:59.689000'), Timestamp('2026-06-12 04:18:59.862000'), Timestamp('2026-06-12 04:18:59.938000'), Timestamp('2026-06-12 04:19:00.378000'), Timestamp('2026-06-12 04:19:00.455000'), Timestamp('2026-06-12 04:19:00.616000'), Timestamp('2026-06-12 04:19:00.694000'), Timestamp('2026-06-12 04:19:01.137000'), Timestamp('2026-06-12 04:19:01.215000')]","[0.117, 0.35, 0.115, 0.223, 0.074, 0.437, 0.075, 0.162, 0.076, 0.429, 0.081, 0.164, 0.074, 0.42, 0.082, 0.175, 0.076, 0.439, 0.076, 0.175, 0.075, 0.443, 0.071, 0.162, 0.081, 0.428, 0.08, 0.162, 0.074, 0.438, 0.075, 0.174, 0.076, 0.437, 0.076, 0.162, 0.076, 0.436, 0.076, 0.148, 0.08, 0.436, 0.072, 0.163, 0.078, 0.439, 0.076, 0.173, 0.077, 0.435, 0.074, 0.165, 0.076, 0.43, 0.078, 0.15, 0.08, 0.429, 0.08, 0.152, 0.075, 0.438, 0.073, 0.154, 0.078, 0.435, 0.076, 0.163, 0.078, 0.439, 0.077, 0.174, 0.075, 0.425, 0.077, 0.173, 0.076, 0.44, 0.077, 0.161, 0.078, 0.443, 0.078]","[21.597534566050303, 22.594010234459667, 23.251476475449188, 22.224647249473463, 22.18176560281823, 22.36088288848425, 22.151079626728425, 21.99559192299443, 21.887494656373374, 22.11212162345595, 21.761952049936166, 22.386466842034523, 22.13883078151804, 22.235587295391568, 21.563923227065715, 21.429613909053472, 21.794871794871796, 21.759335643183192, 21.74122160775249, 22.069519131307985, 21.536759676122166, 21.664262925571435, 21.98342198342198, 22.25159106750629, 21.664277894491384, 22.27063762250257, 21.74122160775249, 22.82359092335041, 22.45092608404103, 22.16132897889777, 22.346445006725034, 22.633568152611065, 22.725466801669636, 22.39654026098173, 22.173967086336592, 22.074594530616782, 22.053051479677556, 22.51639572924856, 22.243355161787367, 22.316213238640717, 22.294897246078303, 22.372072372072378, 22.361475508071358, 22.364190405427514, 22.62239527002668, 22.343589587335074, 22.74240823382542, 22.49012412581343, 22.755249327331704, 22.546897546897554, 22.13844297334305, 22.570138470800728, 22.546897546897554, 22.78648125330048, 22.741214722747223, 22.79420532042599, 22.623769334661525, 23.07457684627297, 22.387983147096538, 22.862673112573148, 22.624913609504368, 21.935250090589896, 22.69281045751634, 22.697853071176745, 22.48741854712305, 22.92627581694329, 22.507343587781126, 22.99845822397213, 23.001026719755586, 22.601166670772734, 23.123303235615374, 22.854271847489088, 23.17001180637544, 22.411753642698763, 22.704026893641377, 22.7042809088818, 22.742213311666866, 22.394511506304976, 22.239751385376447, 22.47514390371533, 22.98368181229388, 22.332506203473944, 22.733131614921433, 22.469318405985835]","[2.5269115442278856, 7.907903582060883, 2.6739197946766566, 4.956096336632583, 1.641450654608549, 9.771705822267618, 1.6613309720046319, 3.5632858915250973, 1.6634495938843763, 9.486100176462601, 1.7627181160448295, 3.671380562093662, 1.6382734778323347, 9.338946664064459, 1.7682417046193886, 3.7501824340843575, 1.6564102564102565, 9.552348347357421, 1.6523328421891892, 3.862165847978897, 1.6152569757091624, 9.597268476028146, 1.5608229608229605, 3.604757752936019, 1.7548065094538021, 9.5318329024311, 1.7392977286201992, 3.6974217295827665, 1.6613685302190362, 9.706662092757224, 1.6759833755043776, 3.938240858554325, 1.7271354769268923, 9.787288094049016, 1.685221498561581, 3.5760843139599188, 1.6760319124554943, 9.817148537952372, 1.6904949922958399, 3.302799559318826, 1.7835917796862644, 9.754223554223557, 1.6100262365811377, 3.645363036084685, 1.7645468310620809, 9.808835828840097, 1.7284230257707318, 3.890791473765723, 1.7521541982045412, 9.807900432900436, 1.6382447800273856, 3.7240728476821205, 1.7135642135642142, 9.798186938919207, 1.7738147483742834, 3.4191307980638985, 1.809901546772922, 9.898993467051103, 1.791038651767723, 3.4751263131111183, 1.6968685207128276, 9.607639539678374, 1.6565751633986927, 3.4954693729612187, 1.7540186466755978, 9.972929980370331, 1.7105581126713656, 3.7487486905074574, 1.7940800841409357, 9.92191216846923, 1.7804943491423837, 3.976643301463101, 1.737750885478158, 9.524995298146974, 1.748210070810386, 3.927840597236551, 1.7284082116866817, 9.85358506277419, 1.7124608566739865, 3.6184981684981685, 1.7927271813589227, 9.893300248138956, 1.7731842659638717]",350.86590837857636,10.014993694704543
ADTC1_adz_raw_20260612_0506,2026-06-12 05:05:03.448,2026-06-12 05:05:13.536,"[Timestamp('2026-06-12 05:05:13.536000'), Timestamp('2026-06-12 05:05:13.661000'), Timestamp('2026-06-12 05:05:14.033000'), Timestamp('2026-06-12 05:05:14.156000'), Timestamp('2026-06-12 05:05:14.392000'), Timestamp('2026-06-12 05:05:14.504000'), Timestamp('2026-06-12 05:05:15.259000'), Timestamp('2026-06-12 05:05:15.369000'), Timestamp('2026-06-12 05:05:15.590000'), Timestamp('2026-06-12 05:05:15.707000'), Timestamp('2026-06-12 05:05:16.453000'), Timestamp('2026-06-12 05:05:16.568000'), Timestamp('2026-06-12 05:05:16.792000'), Timestamp('2026-06-12 05:05:16.907000'), Timestamp('2026-06-12 05:05:17.656000'), Timestamp('2026-06-12 05:05:17.773000'), Timestamp('2026-06-12 05:05:17.992000'), Timestamp('2026-06-12 05:05:18.106000'), Timestamp('2026-06-12 05:05:18.858000'), Timestamp('2026-06-12 05:05:18.977000'), Timestamp('2026-06-12 05:05:19.196000'), Timestamp('2026-06-12 05:05:19.307000'), Timestamp('2026-06-12 05:05:20.065000'), Timestamp('2026-06-12 05:05:20.177000'), Timestamp('2026-06-12 05:05:20.403000'), Timestamp('2026-06-12 05:05:20.514000'), Timestamp('2026-06-12 05:05:21.268000'), Timestamp('2026-06-12 05:05:21.389000'), Timestamp('2026-06-12 05:05:21.608000'), Timestamp('2026-06-12 05:05:21.716000'), Timestamp('2026-06-12 05:05:22.482000'), Timestamp('2026-06-12 05:05:22.590000'), Timestamp('2026-06-12 05:05:22.810000'), Timestamp('2026-06-12 05:05:22.927000'), Timestamp('2026-06-12 05:05:23.684000'), Timestamp('2026-06-12 05:05:23.802000'), Timestamp('2026-06-12 05:05:24.020000'), Timestamp('2026-06-12 05:05:24.135000'), Timestamp('2026-06-12 05:05:24.891000'), Timestamp('2026-06-12 05:05:25.011000'), Timestamp('2026-06-12 05:05:25.232000'), Timestamp('2026-06-12 05:05:25.345000'), Timestamp('2026-06-12 05:05:26.105000'), Timestamp('2026-06-12 05:05:26.218000'), Timestamp('2026-06-12 05:05:26.444000'), Timestamp('2026-06-12 05:05:26.557000'), Timestamp('2026-06-12 05:05:27.320000'), Timestamp('2026-06-12 05:05:27.430000')]","[0.125, 0.372, 0.123, 0.236, 0.112, 0.755, 0.11, 0.221, 0.117, 0.746, 0.115, 0.224, 0.115, 0.749, 0.117, 0.219, 0.114, 0.752, 0.119, 0.219, 0.111, 0.758, 0.112, 0.226, 0.111, 0.754, 0.121, 0.219, 0.108, 0.766, 0.108, 0.22, 0.117, 0.757, 0.118, 0.218, 0.115, 0.756, 0.12, 0.221, 0.113, 0.76, 0.113, 0.226, 0.113, 0.763, 0.11]","[22.16333402454616, 22.4969474969475, 21.583013081790302, 21.81847032688035, 21.9390639747495, 21.502227157732804, 22.498241347516057, 21.860297975405885, 21.582733812949634, 22.498562162507586, 21.308008538224364, 21.559323029911262, 21.666542873927227, 22.61052649745229, 21.234535417241503, 22.10449821960613, 21.67752620267672, 22.028813588460814, 21.780052687525995, 22.386458307035923, 21.84216749434141, 21.586914473130946, 21.600320127018627, 21.315116110655147, 21.73248839141032, 21.75710188433368, 21.620248535255662, 22.328884657651777, 21.640720902713518, 21.43498877164259, 22.23378507056122, 21.9639674218039, 21.639349129016402, 21.00734989848987, 22.107584842758847, 21.98719010831465, 21.51239396029223, 21.693174709738003, 21.896685957126273, 22.088356870965562, 21.55341798879732, 21.405134870038943, 21.9047129064107, 21.535278889617985, 21.744347895819132, 21.88289322617681, 21.99732603115817, 21.787633580086407]","[2.77041675306827, 8.36886446886447, 2.6547106090602073, 5.149158997143763, 2.457175165171944, 16.234181504088266, 2.4748065482267663, 4.831125852564701, 2.5251798561151073, 16.783927373230657, 2.450420981895802, 4.829288358700123, 2.4916524305016314, 16.935284346591764, 2.484440643817256, 4.840885110093742, 2.471237987105146, 16.56566781852253, 2.591826269815593, 4.902634369240867, 2.424480591871897, 16.36288117063326, 2.4192358542260863, 4.8172162410080634, 2.4123062114465457, 16.404854820787595, 2.616050072765935, 4.890025740025739, 2.33719785749306, 16.419201399078226, 2.4012487876206117, 4.832072832796858, 2.531803848094919, 15.902563873156833, 2.6086950114455436, 4.7932074436125935, 2.4739253054336063, 16.40004008056193, 2.6276023148551526, 4.881526868483389, 2.4355362327340973, 16.267902501229596, 2.4752325584244095, 4.866973029053665, 2.457111312227562, 16.696647531572907, 2.419705863427399]",302.988130797886,9.986187941308184
ADTC1_adz_raw_20260612_0510,2026-06-12 05:09:29.246,2026-06-12 05:09:39.354,"[Timestamp('2026-06-12 05:09:39.354000'), Timestamp('2026-06-12 05:09:39.813000'), Timestamp('2026-06-12 05:09:40.730000'), Timestamp('2026-06-12 05:09:41.085000'), Timestamp('2026-06-12 05:09:41.555000'), Timestamp('2026-06-12 05:09:42.467000')]","[0.459, 0.917, 0.355, 0.47, 0.912]","[23.436237271698726, 7.061547366390119, 20.490093847758082, 20.438772656786238, 18.935837245696405, 56.872037914691944, 2.836503914375406, 3.015560291102087]","[10.757232907709716, 6.475438934979739, 7.273983315954119, 9.606223148689532, 17.26948356807512]",51.38236187540822,9.906790575193602
ADTC1_adz_raw_20260612_0519,2026-06-12 05:18:35.389,2026-06-12 05:18:45.413,"[Timestamp('2026-06-12 05:18:45.413000'), Timestamp('2026-06-12 05:18:45.525000'), Timestamp('2026-06-12 05:18:45.868000'), Timestamp('2026-06-12 05:18:45.974000'), Timestamp('2026-06-12 05:18:46.195000'), Timestamp('2026-06-12 05:18:46.303000'), Timestamp('2026-06-12 05:18:47.060000'), Timestamp('2026-06-12 05:18:47.165000'), Timestamp('2026-06-12 05:18:47.353000'), Timestamp('2026-06-12 05:18:47.464000'), Timestamp('2026-06-12 05:18:48.216000'), Timestamp('2026-06-12 05:18:48.326000'), Timestamp('2026-06-12 05:18:48.514000'), Timestamp('2026-06-12 05:18:48.620000'), Timestamp('2026-06-12 05:18:49.375000'), Timestamp('2026-06-12 05:18:49.488000'), Timestamp('2026-06-12 05:18:49.668000'), Timestamp('2026-06-12 05:18:49.778000'), Timestamp('2026-06-12 05:18:50.537000'), Timestamp('2026-06-12 05:18:50.644000')]","[0.112, 0.343, 0.106, 0.221, 0.108, 0.757, 0.105, 0.188, 0.111, 0.752, 0.11, 0.188, 0.106, 0.755, 0.113, 0.18, 0.11, 0.759, 0.107]","[22.559989971431776, 22.993580371781608, 23.76383425771819, 22.8174128952339, 22.299300992044174, 22.783015963743498, 23.38787656502676, 23.313354379864467, 22.54941759981993, 22.94325309443972, 22.792898253828888, 22.76502494179021, 24.170690114628403, 22.855860206642767, 22.621699227136112, 22.818617258695387, 22.160210001950894, 22.28712171987217, 22.247015840350233, 22.097948491137345]","[2.526718876800359, 7.8867980675210925, 2.518966431318128, 5.0426482498466925, 2.4083245071407706, 17.246743084553827, 2.45572703932781, 4.38291062341452, 2.502985353580012, 17.25332632701867, 2.5072188079211775, 4.279824689056559, 2.5620931521506107, 17.256174456015287, 2.5562520126663806, 4.1073511065651696, 2.4376231002145983, 16.915925385382977, 2.3804306949174747]",119.2280419654121,9.922677981147606
ADTC1_adz_raw_20260612_0524,2026-06-12 05:23:07.155,2026-06-12 05:23:17.184,"[Timestamp('2026-06-12 05:23:17.184000'), Timestamp('2026-06-12 05:23:17.338000'), Timestamp('2026-06-12 05:23:17.697000'), Timestamp('2026-06-12 05:23:17.854000'), Timestamp('2026-06-12 05:23:18.209000'), Timestamp('2026-06-12 05:23:18.222000'), Timestamp('2026-06-12 05:23:18.876000'), Timestamp('2026-06-12 05:23:18.963000'), Timestamp('2026-06-12 05:23:19.138000'), Timestamp('2026-06-12 05:23:19.228000'), Timestamp('2026-06-12 05:23:19.994000'), Timestamp('2026-06-12 05:23:20.161000'), Timestamp('2026-06-12 05:23:20.250000'), Timestamp('2026-06-12 05:23:20.927000'), Timestamp('2026-06-12 05:23:21.014000'), Timestamp('2026-06-12 05:23:21.185000'), Timestamp('2026-06-12 05:23:21.273000'), Timestamp('2026-06-12 05:23:21.944000'), Timestamp('2026-06-12 05:23:22.030000'), Timestamp('2026-06-12 05:23:22.289000'), Timestamp('2026-06-12 05:23:22.953000'), Timestamp('2026-06-12 05:23:23.037000'), Timestamp('2026-06-12 05:23:23.204000'), Timestamp('2026-06-12 05:23:27.041000'), Timestamp('2026-06-12 05:23:27.300000'), Timestamp('2026-06-12 05:23:27.760000'), Timestamp('2026-06-12 05:23:27.942000'), Timestamp('2026-06-12 05:23:28.025000'), Timestamp('2026-06-12 05:23:28.192000'), Timestamp('2026-06-12 05:23:28.279000'), Timestamp('2026-06-12 05:23:29.012000'), Timestamp('2026-06-12 05:23:29.260000'), Timestamp('2026-06-12 05:23:29.911000'), Timestamp('2026-06-12 05:23:29.984000'), Timestamp('2026-06-12 05:23:30.152000'), Timestamp('2026-06-12 05:23:30.238000'), Timestamp('2026-06-12 05:23:30.884000'), Timestamp('2026-06-12 05:23:30.962000'), Timestamp('2026-06-12 05:23:31.132000')]","[0.154, 0.359, 0.157, 0.355, 0.013, 0.654, 0.087, 0.175, 0.09, 0.766, 0.167, 0.089, 0.677, 0.087, 0.171, 0.088, 0.671, 0.086, 0.259, 0.664, 0.084, 0.167, 3.8369999999999997, 0.259, 0.46, 0.182, 0.083, 0.167, 0.087, 0.733, 0.248, 0.651, 0.073, 0.168, 0.086, 0.646, 0.078, 0.17]","[nan, nan, nan, nan, nan, nan, nan, nan, nan, nan, nan, nan, nan, nan, nan, nan, nan, nan, nan, nan, nan, nan, nan, nan, nan, nan, nan, nan, nan, nan, nan, nan, nan, nan, nan, nan, nan, nan, nan, nan, nan, nan, nan, nan, nan, nan, nan, nan, nan, nan, nan]","[nan, nan, nan, nan, nan, nan, nan, nan, nan, nan, nan, nan, nan, nan, nan, nan, nan, nan, nan, nan, nan, nan, nan, nan, nan, nan, nan, nan, nan, nan, nan, nan, nan, nan, nan, nan, nan, nan]",,16.3856618012114
ADTC1_adz_raw_20260612_0539,2026-06-12 05:38:17.264,2026-06-12 05:38:27.301,"[Timestamp('2026-06-12 05:38:27.301000'), Timestamp('2026-06-12 05:38:27.440000'), Timestamp('2026-06-12 05:38:27.744000'), Timestamp('2026-06-12 05:38:27.881000'), Timestamp('2026-06-12 05:38:28.200000'), Timestamp('2026-06-12 05:38:28.751000'), Timestamp('2026-06-12 05:38:29.305000'), Timestamp('2026-06-12 05:38:29.561000'), Timestamp('2026-06-12 05:38:30.037000'), Timestamp('2026-06-12 05:38:30.114000'), Timestamp('2026-06-12 05:38:30.587000'), Timestamp('2026-06-12 05:38:30.845000'), Timestamp('2026-06-12 05:38:30.921000'), Timestamp('2026-06-12 05:38:31.393000'), Timestamp('2026-06-12 05:38:31.470000'), Timestamp('2026-06-12 05:38:31.942000'), Timestamp('2026-06-12 05:38:32.274000'), Timestamp('2026-06-12 05:38:32.822000'), Timestamp('2026-06-12 05:38:33.295000'), Timestamp('2026-06-12 05:38:33.371000'), Timestamp('2026-06-12 05:38:33.549000'), Timestamp('2026-06-12 05:38:33.627000'), Timestamp('2026-06-12 05:38:34.173000'), Timestamp('2026-06-12 05:38:34.967000'), Timestamp('2026-06-12 05:38:35.509000'), Timestamp('2026-06-12 05:38:36.235000'), Timestamp('2026-06-12 05:38:36.310000'), Timestamp('2026-06-12 05:38:36.851000'), Timestamp('2026-06-12 05:38:37.319000'), Timestamp('2026-06-12 05:38:37.397000'), Timestamp('2026-06-12 05:38:37.567000'), Timestamp('2026-06-12 05:38:37.649000'), Timestamp('2026-06-12 05:38:38.191000'), Timestamp('2026-06-12 05:38:38.904000'), Timestamp('2026-06-12 05:38:38.983000'), Timestamp('2026-06-12 05:38:39.449000'), Timestamp('2026-06-12 05:38:39.521000'), Timestamp('2026-06-12 05:38:40.300000'), Timestamp('2026-06-12 05:38:40.785000'), Timestamp('2026-06-12 05:38:40.859000'), Timestamp('2026-06-12 05:38:41.340000'), Timestamp('2026-06-12 05:38:41.419000'), Timestamp('2026-06-12 05:38:41.570000'), Timestamp('2026-06-12 05:38:41.645000'), Timestamp('2026-06-12 05:38:42.130000'), Timestamp('2026-06-12 05:38:42.205000'), Timestamp('2026-06-12 05:38:42.759000'), Timestamp('2026-06-12 05:38:42.997000'), Timestamp('2026-06-12 05:38:43.535000'), Timestamp('2026-06-12 05:38:43.997000'), Timestamp('2026-06-12 05:38:44.075000'), Timestamp('2026-06-12 05:38:44.322000'), Timestamp('2026-06-12 05:38:44.856000'), Timestamp('2026-06-12 05:38:45.322000'), Timestamp('2026-06-12 05:38:45.397000'), Timestamp('2026-06-12 05:38:45.571000'), Timestamp('2026-06-12 05:38:45.647000'), Timestamp('2026-06-12 05:38:46.183000'), Timestamp('2026-06-12 05:38:46.721000'), Timestamp('2026-06-12 05:38:47.429000'), Timestamp('2026-06-12 05:38:47.503000'), Timestamp('2026-06-12 05:38:47.978000'), Timestamp('2026-06-12 05:38:48.051000'), Timestamp('2026-06-12 05:38:48.278000'), Timestamp('2026-06-12 05:38:48.836000'), Timestamp('2026-06-12 05:38:49.554000'), Timestamp('2026-06-12 05:38:49.630000'), Timestamp('2026-06-12 05:38:50.094000'), Timestamp('2026-06-12 05:38:50.167000'), Timestamp('2026-06-12 05:38:50.709000'), Timestamp('2026-06-12 05:38:50.955000'), Timestamp('2026-06-12 05:38:51.421000'), Timestamp('2026-06-12 05:38:51.494000'), Timestamp('2026-06-12 05:38:52.032000')]","[0.139, 0.304, 0.137, 0.319, 0.551, 0.554, 0.256, 0.476, 0.077, 0.473, 0.258, 0.076, 0.472, 0.077, 0.472, 0.332, 0.548, 0.473, 0.076, 0.178, 0.078, 0.546, 0.794, 0.542, 0.726, 0.075, 0.541, 0.468, 0.078, 0.17, 0.082, 0.542, 0.713, 0.079, 0.466, 0.072, 0.779, 0.485, 0.074, 0.481, 0.079, 0.151, 0.075, 0.485, 0.075, 0.554, 0.238, 0.538, 0.462, 0.078, 0.247, 0.534, 0.466, 0.075, 0.174, 0.076, 0.536, 0.538, 0.708, 0.074, 0.475, 0.073, 0.227, 0.558, 0.718, 0.076, 0.464, 0.073, 0.542, 0.246, 0.466, 0.073, 0.538]","[nan, nan, nan, nan, nan, nan, nan, nan, nan, nan, nan, nan, nan, nan, nan, nan, nan, nan, nan, nan, nan, nan, nan, nan, nan, nan, nan, nan, nan, nan, nan, nan, nan, nan, nan, nan, nan, nan, nan, nan, nan, nan, nan, nan, nan, nan, nan, nan, nan, nan, nan, nan, nan, nan, nan, nan, nan, nan, nan, nan, nan, nan, nan, nan, nan, nan, nan, nan, nan, nan, nan, nan, nan, nan, nan, nan, nan, nan, nan, nan, nan]","[nan, nan, nan, nan, nan, nan, nan, nan, nan, nan, nan, nan, nan, nan, nan, nan, nan, nan, nan, nan, nan, nan, nan, nan, nan, nan, nan, nan, nan, nan, nan, nan, nan, nan, nan, nan, nan, nan, nan, nan, nan, nan, nan, nan, nan, nan, nan, nan, nan, nan, nan, nan, nan, nan, nan, nan, nan, nan, nan, nan, nan, nan, nan, nan, nan, nan, nan, nan, nan, nan, nan, nan, nan]",,9.929313219192569
ADTC1_adz_raw_20260612_0543,2026-06-12 05:42:16.466,2026-06-12 05:42:26.475,"[Timestamp('2026-06-12 05:42:26.475000'), Timestamp('2026-06-12 05:42:27.299000'), Timestamp('2026-06-12 05:42:27.776000'), Timestamp('2026-06-12 05:42:28.188000'), Timestamp('2026-06-12 05:42:29.013000'), Timestamp('2026-06-12 05:42:29.488000')]","[0.824, 0.477, 0.412, 0.825, 0.475]","[22.132112491824724, 22.52346193952033, 11.067825392068723, 19.57020210099718, 20.94794752433347, 58.38784147749134, 19.97131778828278, 19.666145018257698]","[18.236860693263573, 10.743691345151197, 4.559944061532314, 16.145416733322673, 9.950275074058396]",59.63618790732815,9.802276407910531
ADTC1_adz_raw_20260612_0600,2026-06-12 05:58:39.394,2026-06-12 05:58:49.413,"[Timestamp('2026-06-12 05:58:49.413000'), Timestamp('2026-06-12 05:58:49.534000'), Timestamp('2026-06-12 05:58:49.910000'), Timestamp('2026-06-12 05:58:50.032000'), Timestamp('2026-06-12 05:58:50.272000'), Timestamp('2026-06-12 05:58:50.385000'), Timestamp('2026-06-12 05:58:51.133000'), Timestamp('2026-06-12 05:58:51.242000'), Timestamp('2026-06-12 05:58:51.463000'), Timestamp('2026-06-12 05:58:51.581000'), Timestamp('2026-06-12 05:58:52.324000'), Timestamp('2026-06-12 05:58:52.444000'), Timestamp('2026-06-12 05:58:52.661000'), Timestamp('2026-06-12 05:58:52.771000'), Timestamp('2026-06-12 05:58:53.524000'), Timestamp('2026-06-12 05:58:53.632000'), Timestamp('2026-06-12 05:58:53.851000'), Timestamp('2026-06-12 05:58:53.962000'), Timestamp('2026-06-12 05:58:54.712000'), Timestamp('2026-06-12 05:58:54.828000'), Timestamp('2026-06-12 05:58:55.052000'), Timestamp('2026-06-12 05:58:55.159000'), Timestamp('2026-06-12 05:58:55.911000'), Timestamp('2026-06-12 05:58:56.020000'), Timestamp('2026-06-12 05:58:56.243000'), Timestamp('2026-06-12 05:58:56.353000'), Timestamp('2026-06-12 05:58:57.102000'), Timestamp('2026-06-12 05:58:57.223000'), Timestamp('2026-06-12 05:58:57.436000'), Timestamp('2026-06-12 05:58:57.546000'), Timestamp('2026-06-12 05:58:58.289000'), Timestamp('2026-06-12 05:58:58.409000'), Timestamp('2026-06-12 05:58:58.632000'), Timestamp('2026-06-12 05:58:58.736000'), Timestamp('2026-06-12 05:58:59.486000'), Timestamp('2026-06-12 05:58:59.597000'), Timestamp('2026-06-12 05:58:59.823000'), Timestamp('2026-06-12 05:58:59.932000'), Timestamp('2026-06-12 05:59:00.681000'), Timestamp('2026-06-12 05:59:00.789000'), Timestamp('2026-06-12 05:59:01.008000'), Timestamp('2026-06-12 05:59:01.130000'), Timestamp('2026-06-12 05:59:01.869000'), Timestamp('2026-06-12 05:59:01.982000'), Timestamp('2026-06-12 05:59:02.212000'), Timestamp('2026-06-12 05:59:02.320000'), Timestamp('2026-06-12 05:59:03.175000'), Timestamp('2026-06-12 05:59:03.392000'), Timestamp('2026-06-12 05:59:03.510000'), Timestamp('2026-06-12 05:59:04.365000'), Timestamp('2026-06-12 05:59:04.589000'), Timestamp('2026-06-12 05:59:04.700000'), Timestamp('2026-06-12 05:59:05.890000'), Timestamp('2026-06-12 05:59:06.744000'), Timestamp('2026-06-12 05:59:07.074000'), Timestamp('2026-06-12 05:59:07.932000')]","[0.121, 0.376, 0.122, 0.24, 0.113, 0.748, 0.109, 0.221, 0.118, 0.743, 0.12, 0.217, 0.11, 0.753, 0.108, 0.219, 0.111, 0.75, 0.116, 0.224, 0.107, 0.752, 0.109, 0.223, 0.11, 0.749, 0.121, 0.213, 0.11, 0.743, 0.12, 0.223, 0.104, 0.75, 0.111, 0.226, 0.109, 0.749, 0.108, 0.219, 0.122, 0.739, 0.113, 0.23, 0.108, 0.855, 0.217, 0.118, 0.855, 0.224, 0.111, 1.19, 0.854, 0.33, 0.858]","[21.978021978021978, 22.51187979505694, 22.56297208804746, 22.360330143698004, 21.736202763487487, 23.012750307602857, 22.174582089355937, 22.308758497788926, 23.011480114801145, 21.97514715500327, 22.068157406503268, 22.07226492154424, 21.53749305188152, 21.63769816366067, 21.950895819508958, 21.603488762160346, 22.189603417040242, 22.01759770820544, 22.077922077922075, 21.36199558213458, 20.95723980500416, 21.827911561751865, 21.570977230635144, 21.464700740804425, 20.844397238449282, 20.933629036620324, 21.14649512742883, 21.790468012022327, 20.76886046351695, 20.787868613955567, 19.587657549873406, 21.411556146473878, 20.819707870067578, 20.75279461814713, 21.096460791117277, 21.128771295326924, 20.76209754629756, 19.519398576990206, 20.592020592020592, 20.90621355988672, 20.32495338783371, 19.463091926860045, 21.096460791117277, 20.028011204481793, 20.15317531305903, 19.906038926730353, 19.58384332925337, 21.054762627796336, 20.030143816996038, 21.396493034697787, 19.840347206076103, 19.39046128429198, 20.998868963358678, 21.186021186021186, 20.71646764787559, 21.19337173742977, 20.028011204481793, 20.23188405797101, 20.73863636363636, 20.690778755294883, 19.320843091334893, 20.42462478034166, 19.647961923004367, 20.290806352649078]","[2.659340659340659, 8.46446680294141, 2.75268259474179, 5.366479234487521, 2.456190912274086, 17.21353723008694, 2.417029447739797, 4.930235628011353, 2.715354653546535, 16.327534336167428, 2.648178888780392, 4.7896814879751, 2.369124235706967, 16.293186717236484, 2.370696748506967, 4.731164038913116, 2.4630459792914667, 16.51319828115408, 2.561038961038961, 4.785087010398146, 2.242424659135445, 16.4145894944374, 2.3512365181392307, 4.786628265199386, 2.292883696229421, 15.679288148428624, 2.5587259104188886, 4.641369686560756, 2.2845746509868645, 15.445386380168985, 2.3505189059848086, 4.774777020663675, 2.165249618487028, 15.564595963610348, 2.341707147814018, 4.775102312743885, 2.263068632546434, 14.620029534165663, 2.223938223938224, 4.578460769615192, 2.4796443133157124, 14.383224933949574, 2.3839000693962524, 4.606442577030813, 2.1765429338103752, 17.01966328235445, 4.249694002447981, 2.4844619900799674, 17.125772963531613, 4.792814439772305, 2.2022785398744475, 23.074648928307454, 17.93303409470831, 6.9913869913869915, 17.774729241877257]",388.86004868945696,9.845926540809062
ADTC1_adz_raw_20260612_0609,2026-06-12 06:08:06.640,2026-06-12 06:08:16.707,"[Timestamp('2026-06-12 06:08:16.707000'), Timestamp('2026-06-12 06:08:16.813000'), Timestamp('2026-06-12 06:08:17.609000'), Timestamp('2026-06-12 06:08:17.713000'), Timestamp('2026-06-12 06:08:18.035000'), Timestamp('2026-06-12 06:08:18.138000'), Timestamp('2026-06-12 06:08:18.933000'), Timestamp('2026-06-12 06:08:19.041000'), Timestamp('2026-06-12 06:08:19.361000'), Timestamp('2026-06-12 06:08:19.475000'), Timestamp('2026-06-12 06:08:20.264000'), Timestamp('2026-06-12 06:08:20.376000'), Timestamp('2026-06-12 06:08:20.691000'), Timestamp('2026-06-12 06:08:20.798000'), Timestamp('2026-06-12 06:08:21.597000'), Timestamp('2026-06-12 06:08:21.702000'), Timestamp('2026-06-12 06:08:22.015000'), Timestamp('2026-06-12 06:08:22.135000'), Timestamp('2026-06-12 06:08:22.921000'), Timestamp('2026-06-12 06:08:23.036000'), Timestamp('2026-06-12 06:08:23.354000'), Timestamp('2026-06-12 06:08:23.456000'), Timestamp('2026-06-12 06:08:24.250000'), Timestamp('2026-06-12 06:08:24.359000'), Timestamp('2026-06-12 06:08:24.675000'), Timestamp('2026-06-12 06:08:24.792000'), Timestamp('2026-06-12 06:08:25.576000'), Timestamp('2026-06-12 06:08:25.695000'), Timestamp('2026-06-12 06:08:26'), Timestamp('2026-06-12 06:08:26.123000'), Timestamp('2026-06-12 06:08:26.904000'), Timestamp('2026-06-12 06:08:27.027000'), Timestamp('2026-06-12 06:08:27.341000'), Timestamp('2026-06-12 06:08:27.446000'), Timestamp('2026-06-12 06:08:28.244000'), Timestamp('2026-06-12 06:08:28.346000'), Timestamp('2026-06-12 06:08:28.665000'), Timestamp('2026-06-12 06:08:28.781000'), Timestamp('2026-06-12 06:08:29.568000'), Timestamp('2026-06-12 06:08:29.682000'), Timestamp('2026-06-12 06:08:29.992000'), Timestamp('2026-06-12 06:08:30.116000'), Timestamp('2026-06-12 06:08:30.897000'), Timestamp('2026-06-12 06:08:31.011000'), Timestamp('2026-06-12 06:08:31.330000'), Timestamp('2026-06-12 06:08:31.430000'), Timestamp('2026-06-12 06:08:32.227000'), Timestamp('2026-06-12 06:08:32.334000')]","[0.106, 0.796, 0.104, 0.322, 0.103, 0.795, 0.108, 0.32, 0.114, 0.789, 0.112, 0.315, 0.107, 0.799, 0.105, 0.313, 0.12, 0.786, 0.115, 0.318, 0.102, 0.794, 0.109, 0.316, 0.117, 0.784, 0.119, 0.305, 0.123, 0.781, 0.123, 0.314, 0.105, 0.798, 0.102, 0.319, 0.116, 0.787, 0.114, 0.31, 0.124, 0.781, 0.114, 0.319, 0.1, 0.797, 0.107]","[21.543364108297716, 21.358816514648534, 21.432663194709907, 20.813906157999185, 21.739130434782606, 21.431828380354066, 20.896228841899468, 20.928664901702682, 21.352313167259783, 21.20537057567622, 21.971169836839174, 21.43075235468754, 21.207751268769954, 21.119851516287113, 21.30338436744561, 20.96897955364244, 21.2458374958375, 20.931239863780576, 21.15558859744906, 21.25546990198322, 20.818467247038676, 21.246295091447987, 20.8510281047367, 21.378156008090336, 20.62857377737993, 20.966893389951522, 21.427686328348578, 21.559662566810484, 20.97112283815673, 21.063619135834557, 20.613324526479936, 21.503841362126245, 21.41579350881677, 21.26975574712644, 21.35000619918879, 21.1487907674165, 21.2947257017656, 20.842701142602934, 21.394704694171296, 21.112237224769196, 21.519390979078608, 21.549528057255465, 21.475616752725188, 20.63391649447499, 20.979608153088073, 20.401316621728235, 20.674991074535534, 20.188579222554402]","[2.283596595479558, 17.001617945660236, 2.2289969722498304, 6.702077782875738, 2.2391304347826084, 17.038303562381483, 2.2567927149251426, 6.697172768544858, 2.4341637010676154, 16.731037384208538, 2.4607710217259875, 6.7506869917265755, 2.269229385758385, 16.874761361513404, 2.236855358581789, 6.563290600290084, 2.5495004995004997, 16.451954532931534, 2.432892688706642, 6.759239428830663, 2.123483659197945, 16.869558302609704, 2.2727620634163, 6.755497298556547, 2.413543131953452, 16.438044417721994, 2.5498946730734806, 6.5756970828771975, 2.5794481090932777, 16.45068654508679, 2.535438916757032, 6.752206187707641, 2.2486583184257607, 16.9732650862069, 2.1777006323172565, 6.746464254805864, 2.4701881814048097, 16.40320579922851, 2.4389963351355277, 6.544793539678451, 2.6684044814057475, 16.83018141271652, 2.4482203098106714, 6.582219361737523, 2.097960815308807, 16.259849347517402, 2.212224044975302]",330.3806640404675,9.940630278260198
ADTC1_adz_raw_20260612_0623,2026-06-12 06:22:34.077,2026-06-12 06:22:44.125,"[Timestamp('2026-06-12 06:22:44.125000'), Timestamp('2026-06-12 06:22:44.238000'), Timestamp('2026-06-12 06:22:44.584000'), Timestamp('2026-06-12 06:22:44.698000'), Timestamp('2026-06-12 06:22:44.930000'), Timestamp('2026-06-12 06:22:45.041000'), Timestamp('2026-06-12 06:22:45.817000'), Timestamp('2026-06-12 06:22:45.926000'), Timestamp('2026-06-12 06:22:46.121000'), Timestamp('2026-06-12 06:22:46.224000'), Timestamp('2026-06-12 06:22:47.008000'), Timestamp('2026-06-12 06:22:47.119000'), Timestamp('2026-06-12 06:22:47.310000'), Timestamp('2026-06-12 06:22:47.417000'), Timestamp('2026-06-12 06:22:48.195000'), Timestamp('2026-06-12 06:22:48.309000'), Timestamp('2026-06-12 06:22:48.494000'), Timestamp('2026-06-12 06:22:48.609000'), Timestamp('2026-06-12 06:22:49.382000'), Timestamp('2026-06-12 06:22:49.495000')]","[0.113, 0.346, 0.114, 0.232, 0.111, 0.776, 0.109, 0.195, 0.103, 0.784, 0.111, 0.191, 0.107, 0.778, 0.114, 0.185, 0.115, 0.773, 0.113]","[22.871568137804275, 22.273754973374743, 22.34712655765287, 21.90482526007967, 23.295339272210846, 23.372196956796245, 21.991176762169125, 21.783339099680926, 23.312427166668847, 20.979020979020977, 22.34675791918815, 22.757392894692668, 21.930577796343997, 22.51539056743951, 22.359180909356425, 22.440222780582005, 22.673379696706267, 22.408548677264903, 21.649026494962175, 23.346303501945524]","[2.584487199571883, 7.706719220787661, 2.5475724275724274, 5.081919460338483, 2.585782659215404, 18.136824838473885, 2.3970382670764345, 4.247751124437781, 2.4011799981668913, 16.447552447552447, 2.4804901290298846, 4.346662042886299, 2.3465718242088074, 17.51697386146794, 2.5489466236666325, 4.15144121440767, 2.607438665121221, 17.32180812752577, 2.4463399939307258]",119.90350012543826,9.937315872201031
ADTC1_adz_raw_20260612_0628,2026-06-12 06:26:40.680,2026-06-12 06:26:50.719,"[Timestamp('2026-06-12 06:26:50.719000'), Timestamp('2026-06-12 06:26:50.856000'), Timestamp('2026-06-12 06:26:51.175000'), Timestamp('2026-06-12 06:26:51.308000'), Timestamp('2026-06-12 06:26:51.590000'), Timestamp('2026-06-12 06:26:51.696000'), Timestamp('2026-06-12 06:26:52.456000'), Timestamp('2026-06-12 06:26:52.571000'), Timestamp('2026-06-12 06:26:52.798000'), Timestamp('2026-06-12 06:26:52.913000'), Timestamp('2026-06-12 06:26:53.664000'), Timestamp('2026-06-12 06:26:53.777000'), Timestamp('2026-06-12 06:26:54.009000'), Timestamp('2026-06-12 06:26:54.127000'), Timestamp('2026-06-12 06:26:54.880000'), Timestamp('2026-06-12 06:26:54.990000'), Timestamp('2026-06-12 06:26:55.212000'), Timestamp('2026-06-12 06:26:55.334000'), Timestamp('2026-06-12 06:26:56.091000'), Timestamp('2026-06-12 06:26:56.202000'), Timestamp('2026-06-12 06:26:56.430000'), Timestamp('2026-06-12 06:26:56.547000'), Timestamp('2026-06-12 06:26:57.303000'), Timestamp('2026-06-12 06:26:57.413000'), Timestamp('2026-06-12 06:26:57.642000'), Timestamp('2026-06-12 06:26:57.762000'), Timestamp('2026-06-12 06:26:58.511000'), Timestamp('2026-06-12 06:26:58.625000'), Timestamp('2026-06-12 06:26:58.856000'), Timestamp('2026-06-12 06:26:58.968000'), Timestamp('2026-06-12 06:26:59.726000'), Timestamp('2026-06-12 06:26:59.838000'), Timestamp('2026-06-12 06:27:00.059000'), Timestamp('2026-06-12 06:27:00.176000'), Timestamp('2026-06-12 06:27:00.930000'), Timestamp('2026-06-12 06:27:01.041000'), Timestamp('2026-06-12 06:27:01.269000'), Timestamp('2026-06-12 06:27:01.382000'), Timestamp('2026-06-12 06:27:02.133000'), Timestamp('2026-06-12 06:27:02.248000'), Timestamp('2026-06-12 06:27:02.465000'), Timestamp('2026-06-12 06:27:02.585000'), Timestamp('2026-06-12 06:27:03.339000'), Timestamp('2026-06-12 06:27:03.448000'), Timestamp('2026-06-12 06:27:03.462000')]","[0.137, 0.319, 0.133, 0.282, 0.106, 0.76, 0.115, 0.227, 0.115, 0.751, 0.113, 0.232, 0.118, 0.753, 0.11, 0.222, 0.122, 0.757, 0.111, 0.228, 0.117, 0.756, 0.11, 0.229, 0.12, 0.749, 0.114, 0.231, 0.112, 0.758, 0.112, 0.221, 0.117, 0.754, 0.111, 0.228, 0.113, 0.751, 0.115, 0.217, 0.12, 0.754, 0.109, 0.014]","[21.10992057417895, 21.894409937888195, 22.912797332676945, 21.97374982998594, 23.209513375215327, 22.047511312217196, 22.789782470472634, 23.66548662478468, 23.378779493887407, 23.528064802358536, 21.7616765326689, 21.967395456263716, 23.286594567404432, 22.626077586206897, 22.117417466254675, 23.169148693369856, 20.294353037522335, 23.62529976019185, 22.743055555555557, 22.617824358112408, 22.369562978980042, 22.92588614393126, 21.421750663129977, 22.287667338286013, 21.615384615384613, 23.5733998661909, 22.856939646413334, 22.425661769924062, 23.771498771498777, 22.1574459125125, 22.682786973734743, 23.176014591883266, 22.647561365010564, 23.00004381719466, 23.60518547085853, 23.07647976640491, 22.95904563671715, 22.961956521739125, 23.520918785890075, 23.904698454998254, 22.90743280128938, 23.773155407524353, 23.313353886602293, 226.93051375376217, 27.061829870534325]","[2.8920591186625164, 6.984316770186334, 3.047402045246034, 6.196597452056035, 2.4602084177728245, 16.75610859728507, 2.620824984104353, 5.3720654638261225, 2.688559641797052, 17.66957666657126, 2.459069448191586, 5.096435745853182, 2.7478181589537227, 17.037436422413794, 2.4329159212880143, 5.143551009928108, 2.475911070577725, 17.88435191846523, 2.524479166666667, 5.156863953649629, 2.617238868540665, 17.331969924812032, 2.3563925729442974, 5.103875820467497, 2.5938461538461537, 17.656476499776986, 2.6056911196911203, 5.1803278688524586, 2.6624078624078633, 16.795344001684477, 2.540472141058291, 5.121899224806202, 2.649764679706236, 17.34203303816477, 2.620175587265297, 5.26143738674032, 2.594372156949038, 17.244429347826085, 2.7049056603773587, 5.187319564734621, 2.7488919361547257, 17.92495917727336, 2.54115557363965, 3.1770271925526705]",294.2089653337673,9.931496307711557
ADTC1_adz_raw_20260612_0636,2026-06-12 06:35:23.934,2026-06-12 06:35:34.000,"[Timestamp('2026-06-12 06:35:34'), Timestamp('2026-06-12 06:35:34.135000'), Timestamp('2026-06-12 06:35:34.443000'), Timestamp('2026-06-12 06:35:34.576000'), Timestamp('2026-06-12 06:35:34.833000'), Timestamp('2026-06-12 06:35:34.940000'), Timestamp('2026-06-12 06:35:35.674000'), Timestamp('2026-06-12 06:35:35.786000'), Timestamp('2026-06-12 06:35:36.004000'), Timestamp('2026-06-12 06:35:36.115000'), Timestamp('2026-06-12 06:35:36.850000'), Timestamp('2026-06-12 06:35:36.959000'), Timestamp('2026-06-12 06:35:37.178000'), Timestamp('2026-06-12 06:35:37.291000'), Timestamp('2026-06-12 06:35:38.031000'), Timestamp('2026-06-12 06:35:38.143000'), Timestamp('2026-06-12 06:35:38.359000'), Timestamp('2026-06-12 06:35:38.476000'), Timestamp('2026-06-12 06:35:39.212000'), Timestamp('2026-06-12 06:35:39.323000'), Timestamp('2026-06-12 06:35:39.541000'), Timestamp('2026-06-12 06:35:39.656000'), Timestamp('2026-06-12 06:35:40.392000'), Timestamp('2026-06-12 06:35:40.507000'), Timestamp('2026-06-12 06:35:40.723000'), Timestamp('2026-06-12 06:35:40.832000'), Timestamp('2026-06-12 06:35:41.575000'), Timestamp('2026-06-12 06:35:41.684000'), Timestamp('2026-06-12 06:35:41.911000'), Timestamp('2026-06-12 06:35:42.018000'), Timestamp('2026-06-12 06:35:42.759000'), Timestamp('2026-06-12 06:35:42.872000'), Timestamp('2026-06-12 06:35:43.091000'), Timestamp('2026-06-12 06:35:43.210000'), Timestamp('2026-06-12 06:35:43.946000'), Timestamp('2026-06-12 06:35:44.053000'), Timestamp('2026-06-12 06:35:44.283000'), Timestamp('2026-06-12 06:35:44.386000'), Timestamp('2026-06-12 06:35:45.135000'), Timestamp('2026-06-12 06:35:45.246000'), Timestamp('2026-06-12 06:35:45.464000'), Timestamp('2026-06-12 06:35:45.576000'), Timestamp('2026-06-12 06:35:46.321000'), Timestamp('2026-06-12 06:35:46.430000'), Timestamp('2026-06-12 06:35:46.654000'), Timestamp('2026-06-12 06:35:46.762000'), Timestamp('2026-06-12 06:35:47.508000'), Timestamp('2026-06-12 06:35:47.621000')]","[0.135, 0.308, 0.133, 0.257, 0.107, 0.734, 0.112, 0.218, 0.111, 0.735, 0.109, 0.219, 0.113, 0.74, 0.112, 0.216, 0.117, 0.736, 0.111, 0.218, 0.115, 0.736, 0.115, 0.216, 0.109, 0.743, 0.109, 0.227, 0.107, 0.741, 0.113, 0.219, 0.119, 0.736, 0.107, 0.23, 0.103, 0.749, 0.111, 0.218, 0.112, 0.745, 0.109, 0.224, 0.108, 0.746, 0.113]","[21.81818181818182, 22.837699422211276, 21.854102828382715, 22.511406721933035, 22.803715435584323, 22.10286592309064, 22.099830420998302, 22.10435351045199, 21.432902557229674, 22.145045965270683, 22.034804520416543, 22.023249611202395, 22.01929783771216, 21.779171951811517, 22.058528633238808, 22.14293496023532, 21.93850267379679, 22.30392156862745, 22.017874229414797, 22.676711833058583, 22.096602177763735, 22.434290855343484, 21.93791609850004, 22.375557570336145, 22.42170975910294, 22.45254745254745, 22.0986377298099, 22.043205061434584, 22.058823529411764, 21.55164859339088, 22.349053715682224, 22.175563084176325, 21.708103737685327, 22.159206182334607, 21.547458278463658, 22.68046743723474, 22.46297509625719, 21.27170965157446, 22.0873563454026, 22.53098317970916, 22.09035949442787, 22.1472143885937, 21.00212773587387, 21.844771074721415, 21.79442831642445, 22.58122784438574, 21.971595655806187, 21.91171022030614]","[2.9454545454545458, 7.034011422041073, 2.906595676174901, 5.78543152753679, 2.4399975516075223, 16.223503587548528, 2.47518100715181, 4.818749065278534, 2.379052183852494, 16.27660878447395, 2.4017936927254033, 4.823091664853324, 2.488180655661474, 16.116587244340522, 2.4705552069227465, 4.782873951410829, 2.5668048128342247, 16.415686274509802, 2.4439840394650427, 4.943523179606771, 2.5411092504428296, 16.511638069532804, 2.5228603513275045, 4.833120435192607, 2.4439663637422204, 16.682242757242754, 2.408751512549279, 5.003807548945651, 2.360294117647059, 15.969771607702642, 2.5254430698720913, 4.856448315434615, 2.583264344784554, 16.30917575019827, 2.3055780357956115, 5.21650751056399, 2.3136864349144903, 15.93251052902927, 2.4516965543396885, 4.911754333176597, 2.474120263375921, 16.499674719502305, 2.289231923210252, 4.893228720737597, 2.353798258173841, 16.845595971911763, 2.482790309106099]",301.25973313190264,9.963102562167617
ADTC1_adz_raw_20260612_0640,2026-06-12 06:39:00.683,2026-06-12 06:39:10.341,"[Timestamp('2026-06-12 06:39:10.341000'), Timestamp('2026-06-12 06:39:11.706000'), Timestamp('2026-06-12 06:39:12.145000'), Timestamp('2026-06-12 06:39:12.643000'), Timestamp('2026-06-12 06:39:13.505000')]","[1.365, 0.439, 0.498, 0.862]","[20.381379634860515, 45.25252525252526, 18.272434173112686, 8.271781097868057, -3.7164087852786167, -3.176248422469776, 19.655830578324117, 20.183820755903135]","[27.820583201584604, 19.86585858585859, 9.099672218210117, 7.1302753063622655]",63.916389312015575,9.447919769635586
ADTC1_adz_raw_20260612_0700,2026-06-12 06:59:27.819,2026-06-12 06:59:37.929,"[Timestamp('2026-06-12 06:59:37.929000'), Timestamp('2026-06-12 06:59:38.389000'), Timestamp('2026-06-12 06:59:38.843000'), Timestamp('2026-06-12 06:59:39.298000'), Timestamp('2026-06-12 06:59:39.650000'), Timestamp('2026-06-12 06:59:40.114000'), Timestamp('2026-06-12 06:59:40.558000'), Timestamp('2026-06-12 06:59:41.020000')]","[0.46, 0.454, 0.455, 0.352, 0.464, 0.444, 0.462]","[22.60746147607461, 19.94409203311472, -2.619244554728432, 21.529888551165143, 22.533253920984706, 23.024594453165882, 22.5705329153605, 22.41184332270998]","[10.399432278994322, 9.054617783034084, -1.1917562724014368, 7.5785207700101305, 10.455429819336905, 10.222919937205651, 10.427586206896551]",56.946750523076204,9.922382404427688
ADTC1_adz_raw_20260612_0716,2026-06-12 07:14:54.563,2026-06-12 07:15:04.589,"[Timestamp('2026-06-12 07:15:04.589000'), Timestamp('2026-06-12 07:15:04.696000'), Timestamp('2026-06-12 07:15:05.480000'), Timestamp('2026-06-12 07:15:05.582000'), Timestamp('2026-06-12 07:15:05.901000'), Timestamp('2026-06-12 07:15:06.018000'), Timestamp('2026-06-12 07:15:06.790000'), Timestamp('2026-06-12 07:15:06.910000'), Timestamp('2026-06-12 07:15:07.219000'), Timestamp('2026-06-12 07:15:07.335000'), Timestamp('2026-06-12 07:15:08.110000'), Timestamp('2026-06-12 07:15:08.226000'), Timestamp('2026-06-12 07:15:08.534000'), Timestamp('2026-06-12 07:15:08.653000'), Timestamp('2026-06-12 07:15:09.432000'), Timestamp('2026-06-12 07:15:09.545000'), Timestamp('2026-06-12 07:15:09.862000'), Timestamp('2026-06-12 07:15:09.964000'), Timestamp('2026-06-12 07:15:10.752000'), Timestamp('2026-06-12 07:15:10.857000'), Timestamp('2026-06-12 07:15:11.170000'), Timestamp('2026-06-12 07:15:11.289000'), Timestamp('2026-06-12 07:15:12.067000'), Timestamp('2026-06-12 07:15:12.183000'), Timestamp('2026-06-12 07:15:12.488000'), Timestamp('2026-06-12 07:15:12.606000'), Timestamp('2026-06-12 07:15:13.384000'), Timestamp('2026-06-12 07:15:13.504000'), Timestamp('2026-06-12 07:15:13.812000'), Timestamp('2026-06-12 07:15:13.915000'), Timestamp('2026-06-12 07:15:14.707000'), Timestamp('2026-06-12 07:15:14.807000'), Timestamp('2026-06-12 07:15:15.124000'), Timestamp('2026-06-12 07:15:15.239000'), Timestamp('2026-06-12 07:15:16.015000'), Timestamp('2026-06-12 07:15:16.133000'), Timestamp('2026-06-12 07:15:16.446000'), Timestamp('2026-06-12 07:15:16.549000'), Timestamp('2026-06-12 07:15:17.335000'), Timestamp('2026-06-12 07:15:17.441000'), Timestamp('2026-06-12 07:15:17.758000'), Timestamp('2026-06-12 07:15:17.871000'), Timestamp('2026-06-12 07:15:18.649000'), Timestamp('2026-06-12 07:15:18.762000'), Timestamp('2026-06-12 07:15:19.075000'), Timestamp('2026-06-12 07:15:19.182000'), Timestamp('2026-06-12 07:15:19.969000'), Timestamp('2026-06-12 07:15:20.074000'), Timestamp('2026-06-12 07:15:20.394000'), Timestamp('2026-06-12 07:15:20.495000'), Timestamp('2026-06-12 07:15:21.283000'), Timestamp('2026-06-12 07:15:21.391000')]","[0.107, 0.784, 0.102, 0.319, 0.117, 0.772, 0.12, 0.309, 0.116, 0.775, 0.116, 0.308, 0.119, 0.779, 0.113, 0.317, 0.102, 0.788, 0.105, 0.313, 0.119, 0.778, 0.116, 0.305, 0.118, 0.778, 0.12, 0.308, 0.103, 0.792, 0.1, 0.317, 0.115, 0.776, 0.118, 0.313, 0.103, 0.786, 0.106, 0.317, 0.113, 0.778, 0.113, 0.313, 0.107, 0.787, 0.105, 0.32, 0.101, 0.788, 0.108]","[21.54544847391972, 21.896668637796836, 21.201413427561842, 21.180648619673015, 21.934221013643395, 21.236489865158916, 21.507598363262996, 21.621971085062775, 21.739130434782606, 21.825889203950748, 21.313634432827975, 21.10992057417895, 21.553319337343723, 21.42404773368594, 21.629823582313847, 21.35007938955713, 22.025831102511432, 21.38330544796131, 21.596128329874464, 21.78409825468649, 21.50950594374803, 21.270138530200448, 21.78696622113803, 21.58697387982337, 21.678427310588894, 21.58697387982337, 21.680490613031324, 22.05513784461153, 21.80745948989602, 21.78181478940104, 21.93524445879016, 21.434177267502527, 21.751841341254853, 21.25969308522383, 21.19120267756167, 21.473837379779493, 21.56638345297015, 21.230221000401244, 21.55838814708536, 21.024186301035236, 21.49437445718663, 21.162871132087695, 21.286935589311796, 20.884399475943503, 21.806905427595087, 21.698123083464328, 21.02376953497236, 21.299344270929346, 21.39901808724685, 20.9148588808201, 21.284826883163554, 21.02746081257156]","[2.30536298670941, 17.16698821203272, 2.1625441696113077, 6.756626909675692, 2.566303858596277, 16.394570175902683, 2.5809118035915595, 6.681189065284397, 2.5217391304347823, 16.91506413306183, 2.4723815942080454, 6.501855536847117, 2.564845001143903, 16.689333184541347, 2.444170064801465, 6.76797516648961, 2.246634772456166, 16.850044692993514, 2.2675934746368185, 6.818422753716872, 2.5596312073060155, 16.548167776495948, 2.527288081652012, 6.5840270333461275, 2.5580544226494895, 16.794665678502582, 2.6016588735637587, 6.792982456140351, 2.24616832745929, 17.251197313205623, 2.193524445879016, 6.794634193798301, 2.5014617542443083, 16.497521834133693, 2.500561915952277, 6.721311099870981, 2.2213374956559253, 16.68695370631538, 2.285189143591048, 6.66466705742817, 2.428864313662089, 16.46471374076423, 2.405423721592233, 6.536817035970317, 2.3333388807526743, 17.07642286668643, 2.2074958011720978, 6.815790166697391, 2.161300826811932, 16.480908798086237, 2.2987613033816636]",360.4153979595031,9.91734880709823
ADTC1_adz_raw_20260612_0721,2026-06-12 07:20:35.038,2026-06-12 07:20:45.106,"[Timestamp('2026-06-12 07:20:45.106000'), Timestamp('2026-06-12 07:20:45.224000'), Timestamp('2026-06-12 07:20:45.571000'), Timestamp('2026-06-12 07:20:45.687000'), Timestamp('2026-06-12 07:20:45.923000'), Timestamp('2026-06-12 07:20:46.034000'), Timestamp('2026-06-12 07:20:46.814000'), Timestamp('2026-06-12 07:20:46.927000'), Timestamp('2026-06-12 07:20:47.115000'), Timestamp('2026-06-12 07:20:47.229000'), Timestamp('2026-06-12 07:20:48.007000'), Timestamp('2026-06-12 07:20:48.124000'), Timestamp('2026-06-12 07:20:48.313000'), Timestamp('2026-06-12 07:20:48.426000'), Timestamp('2026-06-12 07:20:49.211000'), Timestamp('2026-06-12 07:20:49.322000'), Timestamp('2026-06-12 07:20:49.516000'), Timestamp('2026-06-12 07:20:49.625000'), Timestamp('2026-06-12 07:20:50.407000'), Timestamp('2026-06-12 07:20:50.519000')]","[0.118, 0.347, 0.116, 0.236, 0.111, 0.78, 0.113, 0.188, 0.114, 0.778, 0.117, 0.189, 0.113, 0.785, 0.111, 0.194, 0.109, 0.782, 0.112]","[22.01842275371687, 22.691468343642256, 22.296868387642828, 22.799236175128513, 23.800913145041406, 22.774447905283743, 21.734358896056797, 23.166023166023162, 22.295146346379738, 22.467085549302887, 22.202056866303693, 22.467038715376702, 22.280459983559755, 22.421019222318066, 22.30144870231858, 21.81549808162535, 22.78933264142355, 22.280459983559755, 22.655002133664055, 22.315930972636803]","[2.5981738849385905, 7.873939515243863, 2.5864367329665683, 5.380619737330329, 2.641901359099596, 17.76406936612132, 2.455982555254418, 4.3552123552123545, 2.5416466834872904, 17.479392557357645, 2.5976406533575322, 4.246270317206196, 2.517691978142252, 17.60050008951968, 2.4754608059573626, 4.232206627835318, 2.484037257915167, 17.42331970714373, 2.537360238970374]",121.7918624230596,9.9604006799803
ADTC1_adz_raw_20260612_0731,2026-06-12 07:29:52.397,2026-06-12 07:30:02.482,"[Timestamp('2026-06-12 07:30:02.482000'), Timestamp('2026-06-12 07:30:02.887000'), Timestamp('2026-06-12 07:30:03.702000'), Timestamp('2026-06-12 07:30:04.017000'), Timestamp('2026-06-12 07:30:04.851000'), Timestamp('2026-06-12 07:30:05.273000')]","[0.405, 0.815, 0.315, 0.834, 0.422]","[14.47016264227522, 74.27979664846545, 21.145842557336405, 19.56299078183681, 21.146245059288535, 20.029929780131226, 12.618724559023068, 14.82718316914342]","[5.860415870121464, 60.53803426849934, 6.660940405560967, 16.3155343120519, 8.923715415019762]",98.29864027125342,9.916720203914856
ADTC1_adz_raw_20260612_0746,2026-06-12 07:45:01.571,2026-06-12 07:45:11.602,"[Timestamp('2026-06-12 07:45:11.602000'), Timestamp('2026-06-12 07:45:11.747000'), Timestamp('2026-06-12 07:45:12.079000'), Timestamp('2026-06-12 07:45:12.230000'), Timestamp('2026-06-12 07:45:12.473000'), Timestamp('2026-06-12 07:45:12.562000'), Timestamp('2026-06-12 07:45:12.996000'), Timestamp('2026-06-12 07:45:13.077000'), Timestamp('2026-06-12 07:45:13.240000'), Timestamp('2026-06-12 07:45:13.322000'), Timestamp('2026-06-12 07:45:13.763000'), Timestamp('2026-06-12 07:45:13.848000'), Timestamp('2026-06-12 07:45:14.005000'), Timestamp('2026-06-12 07:45:14.089000'), Timestamp('2026-06-12 07:45:14.443000'), Timestamp('2026-06-12 07:45:14.531000'), Timestamp('2026-06-12 07:45:14.688000'), Timestamp('2026-06-12 07:45:14.774000'), Timestamp('2026-06-12 07:45:15.130000'), Timestamp('2026-06-12 07:45:15.212000'), Timestamp('2026-06-12 07:45:15.383000'), Timestamp('2026-06-12 07:45:15.466000'), Timestamp('2026-06-12 07:45:15.822000'), Timestamp('2026-06-12 07:45:15.903000'), Timestamp('2026-06-12 07:45:16.067000'), Timestamp('2026-06-12 07:45:16.150000'), Timestamp('2026-06-12 07:45:16.505000'), Timestamp('2026-06-12 07:45:16.586000'), Timestamp('2026-06-12 07:45:16.745000'), Timestamp('2026-06-12 07:45:16.829000'), Timestamp('2026-06-12 07:45:17.186000'), Timestamp('2026-06-12 07:45:17.269000'), Timestamp('2026-06-12 07:45:17.428000'), Timestamp('2026-06-12 07:45:17.511000'), Timestamp('2026-06-12 07:45:17.867000'), Timestamp('2026-06-12 07:45:17.949000'), Timestamp('2026-06-12 07:45:18.110000'), Timestamp('2026-06-12 07:45:18.194000'), Timestamp('2026-06-12 07:45:18.630000'), Timestamp('2026-06-12 07:45:18.708000'), Timestamp('2026-06-12 07:45:18.873000'), Timestamp('2026-06-12 07:45:18.954000'), Timestamp('2026-06-12 07:45:19.308000'), Timestamp('2026-06-12 07:45:19.393000'), Timestamp('2026-06-12 07:45:19.564000'), Timestamp('2026-06-12 07:45:19.650000'), Timestamp('2026-06-12 07:45:20.008000'), Timestamp('2026-06-12 07:45:20.082000'), Timestamp('2026-06-12 07:45:20.246000'), Timestamp('2026-06-12 07:45:20.330000'), Timestamp('2026-06-12 07:45:20.765000'), Timestamp('2026-06-12 07:45:20.849000')]","[0.145, 0.332, 0.151, 0.243, 0.089, 0.434, 0.081, 0.163, 0.082, 0.441, 0.085, 0.157, 0.084, 0.354, 0.088, 0.157, 0.086, 0.356, 0.082, 0.171, 0.083, 0.356, 0.081, 0.164, 0.083, 0.355, 0.081, 0.159, 0.084, 0.357, 0.083, 0.159, 0.083, 0.356, 0.082, 0.161, 0.084, 0.436, 0.078, 0.165, 0.081, 0.354, 0.085, 0.171, 0.086, 0.358, 0.074, 0.164, 0.084, 0.435, 0.084]","[20.16508725181816, 19.889374668786438, 19.771505376344084, 20.48951048951049, 20.33562405207578, 20.682135868045854, 19.79386373669495, 20.40845568645362, 19.47087559856157, 19.558920342330477, 20.119188337273446, 20.136931010747624, 19.801324503311257, 19.94071309374212, 19.933774834437088, 19.932867887221416, 20.004374922109825, 19.875394875394875, 20.07250268528464, 20.201360300698052, 20.140417004460637, 19.801324503311257, 20.32774328209681, 19.62032876500575, 19.96695019773285, 20.13422818791947, 20.26671408250356, 20.434646469420557, 19.867549668874176, 19.600835586370614, 20.274558498896248, 20.074191838897725, 20.37537424717075, 20.069728703915334, 20.148423005565867, 20.21716156751325, 20.344501436938415, 20.21716156751325, 20.795272510258222, 19.79968249068419, 19.962303392694658, 20.123279227450176, 19.258352312043584, 20.735563888333218, 19.789269789269795, 20.469407753302207, 21.18511433788366, 19.887639333735674, 19.94569123467663, 20.17798590100295, 20.24164772937066, 20.468073593073598]","[2.9239376515136333, 6.603272390037097, 2.9854973118279564, 4.978951048951049, 1.8098705406347442, 8.9760469667319, 1.6033029626722908, 3.3265782768919405, 1.5966117990820488, 8.62548387096774, 1.710131008668243, 3.161498168687377, 1.6633112582781457, 7.05901243518471, 1.7541721854304637, 3.1294602582937623, 1.720376243301445, 7.075640575640575, 1.6459452201933404, 3.4544326114193673, 1.671654611370233, 7.049271523178807, 1.6465472058498418, 3.2177339174609427, 1.6572568664118266, 7.147651006711411, 1.6416038406827886, 3.2491087886378685, 1.668874172185431, 6.997498304334309, 1.6827883554083887, 3.1917965023847383, 1.6911560625151725, 7.144823418593859, 1.6521706864564012, 3.2549630123696334, 1.708938120702827, 8.814682443435778, 1.6220312558001413, 3.2669476109628914, 1.6169465748082674, 7.123640846517362, 1.6369599465237048, 3.5457814249049804, 1.7018772018772022, 7.32804797568219, 1.5676984610033908, 3.2615728507326507, 1.675438063712837, 8.777423866936282, 1.7002984092671354]",185.7167161118272,9.909867865118557
ADTC1_adz_raw_20260612_0751,2026-06-12 07:49:37.901,2026-06-12 07:49:47.936,"[Timestamp('2026-06-12 07:49:47.936000'), Timestamp('2026-06-12 07:49:48.057000'), Timestamp('2026-06-12 07:49:48.773000'), Timestamp('2026-06-12 07:49:48.890000'), Timestamp('2026-06-12 07:49:49.093000'), Timestamp('2026-06-12 07:49:49.204000'), Timestamp('2026-06-12 07:49:49.947000'), Timestamp('2026-06-12 07:49:50.061000'), Timestamp('2026-06-12 07:49:50.266000'), Timestamp('2026-06-12 07:49:50.378000'), Timestamp('2026-06-12 07:49:51.122000'), Timestamp('2026-06-12 07:49:51.235000'), Timestamp('2026-06-12 07:49:51.441000'), Timestamp('2026-06-12 07:49:51.551000'), Timestamp('2026-06-12 07:49:52.279000'), Timestamp('2026-06-12 07:49:52.390000'), Timestamp('2026-06-12 07:49:52.689000'), Timestamp('2026-06-12 07:49:52.802000'), Timestamp('2026-06-12 07:49:53.522000'), Timestamp('2026-06-12 07:49:53.641000'), Timestamp('2026-06-12 07:49:53.844000'), Timestamp('2026-06-12 07:49:53.955000'), Timestamp('2026-06-12 07:49:54.698000'), Timestamp('2026-06-12 07:49:54.809000'), Timestamp('2026-06-12 07:49:55.018000'), Timestamp('2026-06-12 07:49:55.131000'), Timestamp('2026-06-12 07:49:55.869000'), Timestamp('2026-06-12 07:49:55.981000'), Timestamp('2026-06-12 07:49:56.182000'), Timestamp('2026-06-12 07:49:56.306000'), Timestamp('2026-06-12 07:49:57.021000'), Timestamp('2026-06-12 07:49:57.135000')]","[0.121, 0.716, 0.117, 0.203, 0.111, 0.743, 0.114, 0.205, 0.112, 0.744, 0.113, 0.206, 0.11, 0.728, 0.111, 0.299, 0.113, 0.72, 0.119, 0.203, 0.111, 0.743, 0.111, 0.209, 0.113, 0.738, 0.112, 0.201, 0.124, 0.715, 0.114]","[22.379028051163985, 22.626104559723604, 22.17605694991499, 22.14476058121509, 22.174006805003113, 21.939675918498313, 21.820496366809163, 22.05882352941176, 22.01813107459307, 22.10017988518511, 21.739124139714406, 22.06237567490764, 22.304832713754646, 22.24353657206251, 22.602830699530458, 21.91371882138919, 22.186252514012885, 21.739079324775474, 21.817896434126222, 21.910878596277527, 21.90800731692925, 22.172105446636174, 21.664869411934646, 21.456468540274848, 21.828572940507215, 22.18758764552412, 21.78696622113803, 21.698879723510764, 21.588511759117615, 21.883808902498988, 21.850309490758924, 21.779980611907128]","[2.707862394190842, 16.2002908647621, 2.594598663140054, 4.495386397986663, 2.4613147553553456, 16.301179207444246, 2.487536585816245, 4.52205882352941, 2.466030680354424, 16.44253383457772, 2.456521027787728, 4.544849389030973, 2.453531598513011, 16.193294624461508, 2.508914207647881, 6.552201927595367, 2.507046534083456, 15.652137113838341, 2.5963296756610204, 4.447908355044338, 2.4317888121791467, 16.47387434685068, 2.404800504724746, 4.484401924917443, 2.466628742277315, 16.374439682396797, 2.4401402167674595, 4.361474824425664, 2.6769754581305842, 15.646923365286776, 2.4909352819465176]",202.8439098207238,9.92847802061954
ADTC1_adz_raw_20260612_0803,2026-06-12 08:02:01.210,2026-06-12 08:02:11.267,"[Timestamp('2026-06-12 08:02:11.267000'), Timestamp('2026-06-12 08:02:11.377000'), Timestamp('2026-06-12 08:02:12.059000'), Timestamp('2026-06-12 08:02:12.175000'), Timestamp('2026-06-12 08:02:12.402000'), Timestamp('2026-06-12 08:02:12.509000'), Timestamp('2026-06-12 08:02:13.193000'), Timestamp('2026-06-12 08:02:13.312000'), Timestamp('2026-06-12 08:02:13.530000'), Timestamp('2026-06-12 08:02:13.646000'), Timestamp('2026-06-12 08:02:14.333000'), Timestamp('2026-06-12 08:02:14.440000'), Timestamp('2026-06-12 08:02:14.668000'), Timestamp('2026-06-12 08:02:14.784000'), Timestamp('2026-06-12 08:02:15.463000'), Timestamp('2026-06-12 08:02:15.579000'), Timestamp('2026-06-12 08:02:15.803000'), Timestamp('2026-06-12 08:02:15.918000'), Timestamp('2026-06-12 08:02:16.602000'), Timestamp('2026-06-12 08:02:16.718000'), Timestamp('2026-06-12 08:02:16.944000'), Timestamp('2026-06-12 08:02:17.052000'), Timestamp('2026-06-12 08:02:17.738000'), Timestamp('2026-06-12 08:02:17.852000'), Timestamp('2026-06-12 08:02:18.083000'), Timestamp('2026-06-12 08:02:18.197000'), Timestamp('2026-06-12 08:02:18.877000'), Timestamp('2026-06-12 08:02:18.994000'), Timestamp('2026-06-12 08:02:19.221000'), Timestamp('2026-06-12 08:02:19.332000'), Timestamp('2026-06-12 08:02:20.022000'), Timestamp('2026-06-12 08:02:20.134000')]","[0.11, 0.682, 0.116, 0.227, 0.107, 0.684, 0.119, 0.218, 0.116, 0.687, 0.107, 0.228, 0.116, 0.679, 0.116, 0.224, 0.115, 0.684, 0.116, 0.226, 0.108, 0.686, 0.114, 0.231, 0.114, 0.68, 0.117, 0.227, 0.111, 0.69, 0.112]","[21.77865612648221, 21.70017551119419, 22.05213780027573, 22.02164120247226, 22.92635670224624, 21.355935636778604, 21.501963740230885, 21.992481203007518, 21.815662023195724, 21.428571428571427, 21.905602007010685, 21.58356242297848, 21.581931363226154, 21.777476494306267, 21.233732967518023, 21.622253389434313, 21.2735026167862, 22.107188631218477, 21.39107979956123, 22.23278019838695, 21.515326778484674, 21.35192141061834, 21.54709710230754, 21.233386496544387, 21.90575974375161, 21.574344440013775, 20.84800296480973, 21.333701688371633, 20.828455743620115, 20.953666700989622, 21.253305084015885, 20.81252348267551]","[2.395652173913043, 14.799519698634438, 2.558047984831985, 4.998912552961203, 2.4531201671403475, 14.607459975556566, 2.5587336850874753, 4.794360902255639, 2.530616794690704, 14.721428571428572, 2.343899414750143, 4.921052232439094, 2.503504038134234, 14.786906539633957, 2.463113024232091, 4.843384759233286, 2.446452800930413, 15.12131702375344, 2.4813652567491027, 5.024608324835451, 2.323655292076345, 14.647418087684182, 2.4563690696630593, 4.904912280701754, 2.4972566107876837, 14.670554219209368, 2.4392163468827386, 4.842750283260361, 2.3119585875418327, 14.458030023682838, 2.380370169409779]",191.2859468920911,9.941682479820232
ADTC1_adz_raw_20260612_0807,2026-06-12 08:05:58.445,2026-06-12 08:06:09.012,"[Timestamp('2026-06-12 08:06:09.012000'), Timestamp('2026-06-12 08:06:09.926000'), Timestamp('2026-06-12 08:06:10.281000'), Timestamp('2026-06-12 08:06:10.747000'), Timestamp('2026-06-12 08:06:11.670000')]","[0.914, 0.355, 0.466, 0.923]","[21.428571428571427, 11.909743457688212, 10.01738649840528, 22.007722007722005, 20.375502556696198, 20.89147187588008, 22.1950099494872, 16.78321678321679]","[19.585714285714285, 4.227958927479315, 4.668102108256861, 20.31312741312741]",48.794902734577875,9.919551346338306
ADTC1_adz_raw_20260612_0815,2026-06-12 08:14:13.677,2026-06-12 08:14:23.700,"[Timestamp('2026-06-12 08:14:23.700000'), Timestamp('2026-06-12 08:14:23.809000'), Timestamp('2026-06-12 08:14:24.634000'), Timestamp('2026-06-12 08:14:24.741000'), Timestamp('2026-06-12 08:14:25.073000'), Timestamp('2026-06-12 08:14:25.182000'), Timestamp('2026-06-12 08:14:26.005000'), Timestamp('2026-06-12 08:14:26.114000'), Timestamp('2026-06-12 08:14:26.440000'), Timestamp('2026-06-12 08:14:26.563000'), Timestamp('2026-06-12 08:14:27.375000'), Timestamp('2026-06-12 08:14:27.498000'), Timestamp('2026-06-12 08:14:27.823000'), Timestamp('2026-06-12 08:14:27.928000'), Timestamp('2026-06-12 08:14:28.758000'), Timestamp('2026-06-12 08:14:28.864000'), Timestamp('2026-06-12 08:14:29.189000'), Timestamp('2026-06-12 08:14:29.320000'), Timestamp('2026-06-12 08:14:30.125000'), Timestamp('2026-06-12 08:14:30.249000'), Timestamp('2026-06-12 08:14:30.580000'), Timestamp('2026-06-12 08:14:30.685000'), Timestamp('2026-06-12 08:14:31.511000'), Timestamp('2026-06-12 08:14:31.622000'), Timestamp('2026-06-12 08:14:31.952000'), Timestamp('2026-06-12 08:14:32.075000'), Timestamp('2026-06-12 08:14:32.888000'), Timestamp('2026-06-12 08:14:33.009000'), Timestamp('2026-06-12 08:14:33.330000'), Timestamp('2026-06-12 08:14:33.455000'), Timestamp('2026-06-12 08:14:34.269000'), Timestamp('2026-06-12 08:14:34.392000'), Timestamp('2026-06-12 08:14:34.724000'), Timestamp('2026-06-12 08:14:34.831000'), Timestamp('2026-06-12 08:14:35.660000'), Timestamp('2026-06-12 08:14:35.769000'), Timestamp('2026-06-12 08:14:36.100000'), Timestamp('2026-06-12 08:14:36.221000'), Timestamp('2026-06-12 08:14:37.038000'), Timestamp('2026-06-12 08:14:37.160000'), Timestamp('2026-06-12 08:14:37.487000'), Timestamp('2026-06-12 08:14:37.614000'), Timestamp('2026-06-12 08:14:38.425000'), Timestamp('2026-06-12 08:14:38.548000'), Timestamp('2026-06-12 08:14:38.875000'), Timestamp('2026-06-12 08:14:38.995000'), Timestamp('2026-06-12 08:14:39.817000'), Timestamp('2026-06-12 08:14:39.937000'), Timestamp('2026-06-12 08:14:40.268000'), Timestamp('2026-06-12 08:14:40.379000'), Timestamp('2026-06-12 08:14:41.211000'), Timestamp('2026-06-12 08:14:41.325000')]","[0.109, 0.825, 0.107, 0.332, 0.109, 0.823, 0.109, 0.326, 0.123, 0.812, 0.123, 0.325, 0.105, 0.83, 0.106, 0.325, 0.131, 0.805, 0.124, 0.331, 0.105, 0.826, 0.111, 0.33, 0.123, 0.813, 0.121, 0.321, 0.125, 0.814, 0.123, 0.332, 0.107, 0.829, 0.109, 0.331, 0.121, 0.817, 0.122, 0.327, 0.127, 0.811, 0.123, 0.327, 0.12, 0.822, 0.12, 0.331, 0.111, 0.832, 0.114]","[21.250756164250976, 20.83333333333334, 21.151411047182847, 21.49444373544833, 21.153352297420096, 21.33222359715613, 21.229137994844287, 20.98406649945334, 20.766435945007373, 20.76247834986617, 21.12252254903403, 20.89935149478591, 21.087937326723104, 20.803684918237813, 20.890748166166723, 20.774808991916515, 20.33706714560293, 21.05354151389957, 20.335939986276898, 20.763792776759196, 20.909384590534643, 20.335279818038444, 20.563380281690144, 19.78405182517315, 20.60733821200533, 20.272078616824444, 20.491866193738602, 19.97960624362695, 20.410020116555735, 20.390409310144072, 20.244896047949055, 20.40919149278065, 19.994879672299028, 20.243790331847563, 20.59274059274059, 20.51194883029891, 20.452441707363537, 20.135361227959933, 20.712511990999147, 20.497004805726398, 20.1230711170748, 20.916421285424974, 20.342761494118058, 19.907564093336376, 20.066763239231165, 20.090368196915048, 20.374904683626276, 20.19873526446168, 20.007649555321688, 20.09008133379417, 19.76450956208545, 20.63927495936126]","[2.3163324219033563, 17.187500000000004, 2.2632009820485646, 7.136155320168846, 2.3057154004187903, 17.556420020459495, 2.313976041438027, 6.8408056788217895, 2.5542716212359067, 16.85913242009133, 2.5980702735311856, 6.792289235805422, 2.2142334193059257, 17.267058482137383, 2.2144193056136725, 6.751812922372868, 2.664155796073984, 16.948100918689157, 2.5216565582983352, 6.872815409107294, 2.1954853820061375, 16.796941129699754, 2.282535211267606, 6.52873710230714, 2.5347026000766557, 16.48119991547827, 2.4795158094423706, 6.413453604204252, 2.551252514569467, 16.597793178457273, 2.4901222138977337, 6.775851575603176, 2.139452124935996, 16.78210218510163, 2.2446087246087245, 6.78945506282894, 2.4747454465909877, 16.450590123243263, 2.526926462901896, 6.702520571472532, 2.5556300318684997, 16.963217662479654, 2.502159663776521, 6.509773458520995, 2.4080115887077396, 16.514282657864168, 2.444988562035153, 6.685781372536816, 2.220849100640707, 16.71494766971675, 2.2531540900777416]",362.1889090244398,9.915540171541029
ADTC1_adz_raw_20260612_0822,2026-06-12 08:21:15.197,2026-06-12 08:21:25.241,"[Timestamp('2026-06-12 08:21:25.241000'), Timestamp('2026-06-12 08:21:25.352000'), Timestamp('2026-06-12 08:21:26.036000'), Timestamp('2026-06-12 08:21:26.156000'), Timestamp('2026-06-12 08:21:26.379000'), Timestamp('2026-06-12 08:21:26.489000'), Timestamp('2026-06-12 08:21:27.180000'), Timestamp('2026-06-12 08:21:27.290000'), Timestamp('2026-06-12 08:21:27.521000'), Timestamp('2026-06-12 08:21:27.631000'), Timestamp('2026-06-12 08:21:28.313000'), Timestamp('2026-06-12 08:21:28.433000'), Timestamp('2026-06-12 08:21:28.655000'), Timestamp('2026-06-12 08:21:28.769000'), Timestamp('2026-06-12 08:21:29.458000'), Timestamp('2026-06-12 08:21:29.569000'), Timestamp('2026-06-12 08:21:29.797000'), Timestamp('2026-06-12 08:21:29.909000'), Timestamp('2026-06-12 08:21:30.593000'), Timestamp('2026-06-12 08:21:30.707000'), Timestamp('2026-06-12 08:21:30.933000'), Timestamp('2026-06-12 08:21:31.054000'), Timestamp('2026-06-12 08:21:31.733000'), Timestamp('2026-06-12 08:21:31.844000'), Timestamp('2026-06-12 08:21:32.074000'), Timestamp('2026-06-12 08:21:32.191000'), Timestamp('2026-06-12 08:21:32.877000'), Timestamp('2026-06-12 08:21:32.992000'), Timestamp('2026-06-12 08:21:33.215000'), Timestamp('2026-06-12 08:21:33.328000'), Timestamp('2026-06-12 08:21:34.013000'), Timestamp('2026-06-12 08:21:34.131000')]","[0.111, 0.684, 0.12, 0.223, 0.11, 0.691, 0.11, 0.231, 0.11, 0.682, 0.12, 0.222, 0.114, 0.689, 0.111, 0.228, 0.112, 0.684, 0.114, 0.226, 0.121, 0.679, 0.111, 0.23, 0.117, 0.686, 0.115, 0.223, 0.113, 0.685, 0.118]","[22.406844496055193, 21.975775869914752, 22.0989860789134, 22.3973107184786, 22.356279463415746, 21.507592670365373, 22.206194414288092, 22.24381252550267, 21.883870272202543, 22.096285489844014, 22.82203478079767, 21.82156582961788, 22.897154728971543, 21.928444440350404, 22.284206913723136, 21.978021978021978, 21.936488953409906, 21.966834755195745, 22.122190938455425, 22.198525054761163, 22.198525054761163, 22.215576557206802, 22.03291433186935, 21.544875101660168, 22.085780143790124, 22.590493301771737, 22.477110518347633, 22.25873431434504, 22.038996673708517, 22.410192147034245, 21.902420792363866, 21.562880092396586]","[2.4871597390621263, 15.031430695021692, 2.6518783294696076, 4.994600290220728, 2.459190740975732, 14.861746535222471, 2.44268138557169, 5.138320693391117, 2.40722572994228, 15.069666704073619, 2.7386441736957203, 4.84438761417517, 2.610275639102756, 15.108698219401427, 2.473546967423268, 5.010989010989011, 2.4568867627819095, 15.02531497255389, 2.5219297669839187, 5.016866662376023, 2.6860215316261007, 15.08437648234342, 2.445653490837498, 4.955321273381839, 2.584036276823445, 15.497078405015413, 2.584867709609978, 4.963697752098944, 2.4904066241290623, 15.350981620718459, 2.584485653498936]",196.57836745251723,9.923690651732477
ADTC1_adz_raw_20260612_0828,2026-06-12 08:26:39.024,2026-06-12 08:26:49.084,"[Timestamp('2026-06-12 08:26:49.084000'), Timestamp('2026-06-12 08:26:49.204000'), Timestamp('2026-06-12 08:26:49.568000'), Timestamp('2026-06-12 08:26:49.687000'), Timestamp('2026-06-12 08:26:49.928000'), Timestamp('2026-06-12 08:26:50.044000'), Timestamp('2026-06-12 08:26:50.851000'), Timestamp('2026-06-12 08:26:50.967000'), Timestamp('2026-06-12 08:26:51.165000'), Timestamp('2026-06-12 08:26:51.282000'), Timestamp('2026-06-12 08:26:52.096000'), Timestamp('2026-06-12 08:26:52.222000'), Timestamp('2026-06-12 08:26:52.409000'), Timestamp('2026-06-12 08:26:52.527000'), Timestamp('2026-06-12 08:26:53.340000'), Timestamp('2026-06-12 08:26:53.456000'), Timestamp('2026-06-12 08:26:53.659000'), Timestamp('2026-06-12 08:26:53.770000'), Timestamp('2026-06-12 08:26:54.582000'), Timestamp('2026-06-12 08:26:54.697000')]","[0.12, 0.364, 0.119, 0.241, 0.116, 0.807, 0.116, 0.198, 0.117, 0.814, 0.126, 0.187, 0.118, 0.813, 0.116, 0.203, 0.111, 0.812, 0.115]","[21.515326778484674, 21.24465861635423, 21.285205914722138, 21.389904325819295, 22.014827277985173, 22.132177646411584, 21.014767333442435, 21.848779557589626, 20.37527382741701, 20.905923344947734, 20.835319687441768, 23.30234281828583, 21.31340104464405, 20.97258662440725, 22.043503171081543, 21.773343169099594, 21.405467557867134, 21.09021720329141, 21.353653837921144, 20.972592237262884]","[2.581839213418161, 7.733055736352939, 2.5329395038519342, 5.15496694252245, 2.5537199642462802, 17.86066736065415, 2.437713010679323, 4.326058352402746, 2.3839070378077905, 17.017421602787454, 2.6252502806176627, 4.35753810701945, 2.514981323267998, 17.050712925643094, 2.557046367845459, 4.419988663327218, 2.3760068989232517, 17.125256369072627, 2.4556701913609316]",120.06473985180094,9.95130592272496
ADTC1_adz_raw_20260612_0858,2026-06-12 08:56:55.939,2026-06-12 08:57:05.965,"[Timestamp('2026-06-12 08:57:05.965000'), Timestamp('2026-06-12 08:57:06.091000'), Timestamp('2026-06-12 08:57:06.467000'), Timestamp('2026-06-12 08:57:06.592000')]","[0.126, 0.376, 0.125]","[nan, nan, nan, nan, nan, nan, nan, nan, nan, nan, nan, nan, nan, nan, nan, nan, nan, nan, nan, nan, nan, nan, nan, nan, nan, nan, nan, nan, nan, nan, nan, nan, nan, nan, nan, nan]","[nan, nan, nan]",,9.666541552723611
ADTC1_adz_raw_20260612_0903,2026-06-12 09:02:04.515,2026-06-12 09:02:14.641,"[Timestamp('2026-06-12 09:02:14.641000'), Timestamp('2026-06-12 09:02:15.088000'), Timestamp('2026-06-12 09:02:15.961000'), Timestamp('2026-06-12 09:02:16.303000'), Timestamp('2026-06-12 09:02:16.757000'), Timestamp('2026-06-12 09:02:17.189000'), Timestamp('2026-06-12 09:02:17.635000')]","[0.447, 0.873, 0.342, 0.454, 0.432, 0.446]","[25.941176470588232, 6.926683716965044, 24.403089887640455, 26.339350180505416, 108.05084745762713, 22.878309184006973, 20.08128137700216, 30.874999999999996, -4.453373514146996]","[11.59570588235294, 6.046994884910483, 8.345856741573035, 11.958064981949459, 46.67796610169492, 10.20372589606711]",94.82831448854795,9.920603398285763
ADTC1_adz_raw_20260612_0918,2026-06-12 09:17:23.395,2026-06-12 09:17:33.511,"[Timestamp('2026-06-12 09:17:33.511000'), Timestamp('2026-06-12 09:17:33.611000'), Timestamp('2026-06-12 09:17:34.405000'), Timestamp('2026-06-12 09:17:34.509000'), Timestamp('2026-06-12 09:17:34.829000'), Timestamp('2026-06-12 09:17:34.933000'), Timestamp('2026-06-12 09:17:35.727000'), Timestamp('2026-06-12 09:17:35.829000'), Timestamp('2026-06-12 09:17:36.147000'), Timestamp('2026-06-12 09:17:36.260000'), Timestamp('2026-06-12 09:17:37.043000'), Timestamp('2026-06-12 09:17:37.157000'), Timestamp('2026-06-12 09:17:37.469000'), Timestamp('2026-06-12 09:17:37.576000'), Timestamp('2026-06-12 09:17:38.369000'), Timestamp('2026-06-12 09:17:38.472000'), Timestamp('2026-06-12 09:17:38.788000'), Timestamp('2026-06-12 09:17:38.903000'), Timestamp('2026-06-12 09:17:39.683000'), Timestamp('2026-06-12 09:17:39.798000'), Timestamp('2026-06-12 09:17:40.116000'), Timestamp('2026-06-12 09:17:40.217000'), Timestamp('2026-06-12 09:17:41.012000'), Timestamp('2026-06-12 09:17:41.111000'), Timestamp('2026-06-12 09:17:41.431000'), Timestamp('2026-06-12 09:17:41.542000'), Timestamp('2026-06-12 09:17:42.318000'), Timestamp('2026-06-12 09:17:42.438000'), Timestamp('2026-06-12 09:17:42.746000'), Timestamp('2026-06-12 09:17:42.867000'), Timestamp('2026-06-12 09:17:43.643000'), Timestamp('2026-06-12 09:17:43.756000'), Timestamp('2026-06-12 09:17:44.067000'), Timestamp('2026-06-12 09:17:44.173000'), Timestamp('2026-06-12 09:17:44.963000'), Timestamp('2026-06-12 09:17:45.066000'), Timestamp('2026-06-12 09:17:45.376000'), Timestamp('2026-06-12 09:17:45.498000'), Timestamp('2026-06-12 09:17:46.271000'), Timestamp('2026-06-12 09:17:46.392000'), Timestamp('2026-06-12 09:17:46.694000'), Timestamp('2026-06-12 09:17:46.819000'), Timestamp('2026-06-12 09:17:47.593000'), Timestamp('2026-06-12 09:17:47.706000'), Timestamp('2026-06-12 09:17:48.017000'), Timestamp('2026-06-12 09:17:48.130000'), Timestamp('2026-06-12 09:17:48.909000'), Timestamp('2026-06-12 09:17:49.023000'), Timestamp('2026-06-12 09:17:49.339000'), Timestamp('2026-06-12 09:17:49.447000'), Timestamp('2026-06-12 09:17:50.233000'), Timestamp('2026-06-12 09:17:50.339000')]","[0.1, 0.794, 0.104, 0.32, 0.104, 0.794, 0.102, 0.318, 0.113, 0.783, 0.114, 0.312, 0.107, 0.793, 0.103, 0.316, 0.115, 0.78, 0.115, 0.318, 0.101, 0.795, 0.099, 0.32, 0.111, 0.776, 0.12, 0.308, 0.121, 0.776, 0.113, 0.311, 0.106, 0.79, 0.103, 0.31, 0.122, 0.773, 0.121, 0.302, 0.125, 0.774, 0.113, 0.311, 0.113, 0.779, 0.114, 0.316, 0.108, 0.786, 0.106]","[21.355935636778604, 21.84559683036593, 22.396140826325666, 22.28640617333197, 22.054603936971702, 21.863799283154123, 22.464591289905652, 22.260900956654027, 22.25397295645993, 21.939343243590173, 22.09574598063807, 22.182981914578214, 22.2934429246151, 21.868967041146234, 21.463903493485084, 21.347372408965846, 21.905602007010685, 21.71181782489203, 22.04966055802674, 21.483971651178074, 21.936990072726484, 21.907984337759622, 22.41877363828584, 21.93924194881047, 22.2510129540253, 21.634589538196874, 21.71579636080706, 21.821919432840936, 21.778968486983757, 22.071172130173046, 22.388484981067677, 21.575504216123072, 21.373338353268274, 21.694539736992567, 22.136168992152765, 21.977333488907718, 22.34673477651006, 21.273171273171272, 21.627906976744185, 22.191783910533914, 21.22574194287342, 22.444749636128407, 22.64175620749326, 21.43155125966046, 21.950709137409902, 21.18494448889856, 21.844468438100755, 21.38220909263144, 21.824484918519296, 22.010665002971294, 21.09359213982623, 21.184816565331815]","[2.1355935636778605, 17.34540388331055, 2.3291986459378693, 7.13164997546623, 2.293678809445057, 17.359856630824375, 2.291388311570376, 7.07896650421598, 2.514698944079972, 17.178505759731106, 2.51891504179274, 6.921090357348403, 2.3853983929338156, 17.342090863628965, 2.2107820598289636, 6.745769681233208, 2.519144230806229, 16.935217903415783, 2.535710964173075, 6.831902985074628, 2.215635997345375, 17.416847548518902, 2.219458590190298, 7.02055742361935, 2.469862437896808, 16.788441481640774, 2.6058955632968472, 6.7211511853150085, 2.6352551869250345, 17.127229573014283, 2.5298988028606475, 6.709981811214275, 2.265573865446437, 17.13868639222413, 2.2800254061917347, 6.812973381561393, 2.7263016427342275, 16.444161394161394, 2.6169767441860463, 6.701918740981242, 2.6532177428591774, 17.372236218363387, 2.5585184514467385, 6.665212441754403, 2.480430132527319, 16.503071756851977, 2.490269401943486, 6.756778073271535, 2.357044371200084, 17.300382692335436, 2.2359207668215806]",367.42487872719454,10.0076561846779
ADTC1_adz_raw_20260612_0926,2026-06-12 09:24:56.976,2026-06-12 09:25:07.097,"[Timestamp('2026-06-12 09:25:07.097000'), Timestamp('2026-06-12 09:25:07.223000'), Timestamp('2026-06-12 09:25:07.858000'), Timestamp('2026-06-12 09:25:07.985000'), Timestamp('2026-06-12 09:25:08.660000'), Timestamp('2026-06-12 09:25:08.784000'), Timestamp('2026-06-12 09:25:09.461000'), Timestamp('2026-06-12 09:25:09.582000'), Timestamp('2026-06-12 09:25:10.254000'), Timestamp('2026-06-12 09:25:10.385000'), Timestamp('2026-06-12 09:25:11.061000'), Timestamp('2026-06-12 09:25:11.183000'), Timestamp('2026-06-12 09:25:11.862000'), Timestamp('2026-06-12 09:25:11.983000'), Timestamp('2026-06-12 09:25:12.665000'), Timestamp('2026-06-12 09:25:12.788000'), Timestamp('2026-06-12 09:25:13.464000'), Timestamp('2026-06-12 09:25:13.592000'), Timestamp('2026-06-12 09:25:14.268000'), Timestamp('2026-06-12 09:25:14.400000'), Timestamp('2026-06-12 09:25:15.071000'), Timestamp('2026-06-12 09:25:15.197000'), Timestamp('2026-06-12 09:25:15.847000'), Timestamp('2026-06-12 09:25:15.964000')]","[0.126, 0.635, 0.127, 0.675, 0.124, 0.677, 0.121, 0.672, 0.131, 0.676, 0.122, 0.679, 0.121, 0.682, 0.123, 0.676, 0.128, 0.676, 0.132, 0.671, 0.126, 0.65, 0.117]","[22.06195243396587, 21.939619520264678, 21.285565904408383, 21.885431071966835, 22.237099911726595, 21.950913511861152, 22.212991855529165, 22.222222222222225, 21.05022336211153, 23.218695576698003, 22.537900495648742, 22.538308844897813, 22.260857231183955, 22.27149226415551, 21.975446956682386, 22.509236544450324, 21.502807617814625, 22.09588802162822, 22.209728962007336, 22.759018228123765, 22.3418972059711, 21.699073710303196, 22.7325316710121, 22.054224160140507]","[2.7798060066796997, 13.931658395368071, 2.7032668698598648, 14.772665973577615, 2.757400389054098, 14.86076844753, 2.687772014519029, 14.933333333333335, 2.7575792604366107, 15.695838209847851, 2.7496238604691463, 15.303511705685615, 2.6935637249732585, 15.189157724154057, 2.7029799756719335, 15.21624390404842, 2.752359375080272, 14.936820302620678, 2.9316842229849684, 15.271301231071046, 2.815079047952359, 14.104397911697077, 2.659706205508416]",197.20651809212342,9.99623664081964
ADTC1_adz_raw_20260612_0928,2026-06-12 09:27:37.155,2026-06-12 09:27:47.205,"[Timestamp('2026-06-12 09:27:47.205000'), Timestamp('2026-06-12 09:27:47.317000'), Timestamp('2026-06-12 09:27:47.671000'), Timestamp('2026-06-12 09:27:47.784000'), Timestamp('2026-06-12 09:27:48.011000'), Timestamp('2026-06-12 09:27:48.121000'), Timestamp('2026-06-12 09:27:48.890000'), Timestamp('2026-06-12 09:27:49.008000'), Timestamp('2026-06-12 09:27:49.191000'), Timestamp('2026-06-12 09:27:49.306000'), Timestamp('2026-06-12 09:27:50.083000'), Timestamp('2026-06-12 09:27:50.192000'), Timestamp('2026-06-12 09:27:50.374000'), Timestamp('2026-06-12 09:27:50.487000'), Timestamp('2026-06-12 09:27:51.271000'), Timestamp('2026-06-12 09:27:51.376000'), Timestamp('2026-06-12 09:27:51.571000'), Timestamp('2026-06-12 09:27:51.677000'), Timestamp('2026-06-12 09:27:52.458000'), Timestamp('2026-06-12 09:27:52.565000')]","[0.112, 0.354, 0.113, 0.227, 0.11, 0.769, 0.118, 0.183, 0.115, 0.777, 0.109, 0.182, 0.113, 0.784, 0.105, 0.195, 0.106, 0.781, 0.107]","[22.62737262737263, 21.656211695147444, 22.347066167290883, 22.3480013540667, 22.808593811572955, 22.345500473233216, 22.806127520002647, 22.452576800402888, 22.138683522919766, 21.798049218090725, 22.286532655536345, 21.934631223286974, 21.073634394802273, 22.222527057984333, 22.061202430206123, 21.807243239494532, 22.410333551544788, 21.176405513318223, 21.684775944112623, 21.412269923472753]","[2.5342657342657344, 7.666298940082195, 2.52521847690387, 5.072996307373141, 2.508945319273025, 17.183689863916342, 2.6911230473603123, 4.108821554473728, 2.545948605135773, 16.937084242456493, 2.4292320594534615, 3.992102882638229, 2.381320686612657, 17.42246121345972, 2.316426255171643, 4.252412431701434, 2.3754953564637473, 16.538772705901533, 2.3202710260200505]",117.8028867086631,9.941850304253188
ADTC1_adz_raw_20260612_1000,2026-06-12 09:58:51.827,2026-06-12 09:59:01.909,"[Timestamp('2026-06-12 09:59:01.909000'), Timestamp('2026-06-12 09:59:02.806000'), Timestamp('2026-06-12 09:59:03.609000'), Timestamp('2026-06-12 09:59:04.514000'), Timestamp('2026-06-12 09:59:04.951000')]","[0.897, 0.803, 0.905, 0.437]","[20.984860729486552, 22.08497099008048, 3.8412291933418707, 20.762090864680015, 21.095008051529785, 20.6494497112346, -7.461611131570933, 20.762090864680015]","[18.82342007434944, 17.734231705034624, 3.476312419974393, 9.073033707865166]",49.106997907223615,9.876371580358477
ADTC1_adz_raw_20260612_1007,2026-06-12 10:06:01.930,2026-06-12 10:06:12.002,"[Timestamp('2026-06-12 10:06:12.002000'), Timestamp('2026-06-12 10:06:12.135000'), Timestamp('2026-06-12 10:06:12.428000'), Timestamp('2026-06-12 10:06:12.562000')]","[0.133, 0.293, 0.134]","[22.53417551969114, 22.45564892623716, 22.058823529411764, 22.063536142958526]","[2.9970453441189218, 6.579505135387487, 2.9558823529411766]",12.532432832447586,9.969535324327651
ADTC1_adz_raw_20260612_1009,2026-06-12 10:08:25.226,2026-06-12 10:08:35.284,"[Timestamp('2026-06-12 10:08:35.284000'), Timestamp('2026-06-12 10:08:35.424000'), Timestamp('2026-06-12 10:08:35.928000'), Timestamp('2026-06-12 10:08:36.070000'), Timestamp('2026-06-12 10:08:36.224000'), Timestamp('2026-06-12 10:08:36.364000'), Timestamp('2026-06-12 10:08:37.088000'), Timestamp('2026-06-12 10:08:37.226000'), Timestamp('2026-06-12 10:08:37.949000'), Timestamp('2026-06-12 10:08:38.088000'), Timestamp('2026-06-12 10:08:38.812000'), Timestamp('2026-06-12 10:08:38.955000'), Timestamp('2026-06-12 10:08:39.687000'), Timestamp('2026-06-12 10:08:39.818000'), Timestamp('2026-06-12 10:08:40.543000'), Timestamp('2026-06-12 10:08:40.689000'), Timestamp('2026-06-12 10:08:41.411000'), Timestamp('2026-06-12 10:08:41.555000'), Timestamp('2026-06-12 10:08:42.277000'), Timestamp('2026-06-12 10:08:42.421000'), Timestamp('2026-06-12 10:08:43.145000'), Timestamp('2026-06-12 10:08:43.288000'), Timestamp('2026-06-12 10:08:43.441000'), Timestamp('2026-06-12 10:08:43.576000'), Timestamp('2026-06-12 10:08:44.092000'), Timestamp('2026-06-12 10:08:44.226000')]","[0.14, 0.504, 0.142, 0.154, 0.14, 0.724, 0.138, 0.723, 0.139, 0.724, 0.143, 0.732, 0.131, 0.725, 0.146, 0.722, 0.144, 0.722, 0.144, 0.724, 0.143, 0.153, 0.135, 0.516, 0.134]","[21.972688826953913, 21.355581753679242, 20.899557010597512, 20.746446643246212, 21.234535417241503, 21.46669760965421, 21.582733812949634, 20.705469990546657, 21.047245101444442, 20.743985443763066, 21.20352578442985, 20.892918547281226, 21.96406191148517, 20.97876178676772, 21.377982631179563, 20.812411892064397, 20.68401912382675, 20.403925029853074, 20.232483933809537, 20.691266061395282, 20.65447040208611, 20.28344442978268, 20.487704176915184, 20.652549009413576, 20.082763546228904, 20.088313982730273]","[3.076176435773548, 10.763213203854338, 2.9677370955048463, 3.1949527830599167, 2.9728349584138107, 15.541889069389649, 2.9784172661870496, 14.970054803165233, 2.9255670691007776, 15.018645461284459, 3.032104187173468, 15.293616376609858, 2.8772921104045577, 15.209602295406597, 3.121185464152216, 15.026561386070494, 2.978498753831052, 14.73163387155392, 2.913477686468573, 14.980476628450184, 2.9535892674983133, 3.10336699775675, 2.76584006388355, 10.656715288857406, 2.6910903151946735]",186.74453883904528,9.953667386248766
ADTC1_adz_raw_20260612_1025,2026-06-12 10:24:13.091,2026-06-12 10:24:23.126,"[Timestamp('2026-06-12 10:24:23.126000'), Timestamp('2026-06-12 10:24:23.247000'), Timestamp('2026-06-12 10:24:23.612000'), Timestamp('2026-06-12 10:24:23.728000'), Timestamp('2026-06-12 10:24:23.961000'), Timestamp('2026-06-12 10:24:24.083000'), Timestamp('2026-06-12 10:24:24.888000'), Timestamp('2026-06-12 10:24:25.008000'), Timestamp('2026-06-12 10:24:25.201000'), Timestamp('2026-06-12 10:24:25.313000'), Timestamp('2026-06-12 10:24:26.122000'), Timestamp('2026-06-12 10:24:26.236000'), Timestamp('2026-06-12 10:24:26.427000'), Timestamp('2026-06-12 10:24:26.543000'), Timestamp('2026-06-12 10:24:27.345000'), Timestamp('2026-06-12 10:24:27.462000'), Timestamp('2026-06-12 10:24:27.650000'), Timestamp('2026-06-12 10:24:27.766000'), Timestamp('2026-06-12 10:24:28.565000'), Timestamp('2026-06-12 10:24:28.677000')]","[0.121, 0.365, 0.116, 0.233, 0.122, 0.805, 0.12, 0.193, 0.112, 0.809, 0.114, 0.191, 0.116, 0.802, 0.117, 0.188, 0.116, 0.799, 0.112]","[21.401615605452143, 21.80327166837958, 21.696312813454433, 21.434277436925257, 21.36557177615572, 22.546827703009832, 21.10356742748391, 22.072381428066016, 21.853045836912862, 21.356361430380318, 21.783419919275516, 21.95142918547174, 21.23926353821856, 21.526585086589378, 21.894169660127105, 21.6301184784868, 21.508342888642407, 21.38947676725686, 21.681460292138347, 21.43540669856459]","[2.589595488259709, 7.9581941589585465, 2.5167722863607143, 4.9941866428035855, 2.6065997566909975, 18.150196300922914, 2.532428091298069, 4.2599696156167415, 2.4475411337342408, 17.27729639717768, 2.483309870797409, 4.192722974425102, 2.4637545704333528, 17.264321239444683, 2.5616178502348714, 4.066462273955518, 2.4949677750825194, 17.09019193703823, 2.428323552719495]",120.37845191595437,9.926366538730802
ADTC1_adz_raw_20260612_1030,2026-06-12 10:28:36.954,2026-06-12 10:28:47.017,"[Timestamp('2026-06-12 10:28:47.017000'), Timestamp('2026-06-12 10:28:47.120000'), Timestamp('2026-06-12 10:28:47.905000'), Timestamp('2026-06-12 10:28:48.011000'), Timestamp('2026-06-12 10:28:48.328000'), Timestamp('2026-06-12 10:28:48.443000'), Timestamp('2026-06-12 10:28:49.222000'), Timestamp('2026-06-12 10:28:49.337000'), Timestamp('2026-06-12 10:28:49.645000'), Timestamp('2026-06-12 10:28:49.762000'), Timestamp('2026-06-12 10:28:50.539000'), Timestamp('2026-06-12 10:28:50.654000'), Timestamp('2026-06-12 10:28:50.959000'), Timestamp('2026-06-12 10:28:51.080000'), Timestamp('2026-06-12 10:28:51.859000'), Timestamp('2026-06-12 10:28:51.972000'), Timestamp('2026-06-12 10:28:52.285000'), Timestamp('2026-06-12 10:28:52.389000'), Timestamp('2026-06-12 10:28:53.177000'), Timestamp('2026-06-12 10:28:53.283000'), Timestamp('2026-06-12 10:28:53.594000'), Timestamp('2026-06-12 10:28:53.713000'), Timestamp('2026-06-12 10:28:54.491000'), Timestamp('2026-06-12 10:28:54.608000'), Timestamp('2026-06-12 10:28:54.912000'), Timestamp('2026-06-12 10:28:55.028000'), Timestamp('2026-06-12 10:28:55.804000'), Timestamp('2026-06-12 10:28:55.922000'), Timestamp('2026-06-12 10:28:56.235000'), Timestamp('2026-06-12 10:28:56.340000'), Timestamp('2026-06-12 10:28:57.126000'), Timestamp('2026-06-12 10:28:57.234000'), Timestamp('2026-06-12 10:28:57.547000'), Timestamp('2026-06-12 10:28:57.661000'), Timestamp('2026-06-12 10:28:58.434000'), Timestamp('2026-06-12 10:28:58.552000'), Timestamp('2026-06-12 10:28:58.869000'), Timestamp('2026-06-12 10:28:58.971000'), Timestamp('2026-06-12 10:28:59.759000'), Timestamp('2026-06-12 10:28:59.863000'), Timestamp('2026-06-12 10:29:00.173000'), Timestamp('2026-06-12 10:29:00.292000'), Timestamp('2026-06-12 10:29:01.070000'), Timestamp('2026-06-12 10:29:01.182000'), Timestamp('2026-06-12 10:29:01.499000'), Timestamp('2026-06-12 10:29:01.604000'), Timestamp('2026-06-12 10:29:02.391000'), Timestamp('2026-06-12 10:29:02.491000'), Timestamp('2026-06-12 10:29:02.808000'), Timestamp('2026-06-12 10:29:02.914000'), Timestamp('2026-06-12 10:29:03.705000'), Timestamp('2026-06-12 10:29:03.811000')]","[0.103, 0.785, 0.106, 0.317, 0.115, 0.779, 0.115, 0.308, 0.117, 0.777, 0.115, 0.305, 0.121, 0.779, 0.113, 0.313, 0.104, 0.788, 0.106, 0.311, 0.119, 0.778, 0.117, 0.304, 0.116, 0.776, 0.118, 0.313, 0.105, 0.786, 0.108, 0.313, 0.114, 0.773, 0.118, 0.317, 0.102, 0.788, 0.104, 0.31, 0.119, 0.778, 0.112, 0.317, 0.105, 0.787, 0.1, 0.317, 0.106, 0.791, 0.106]","[21.935988994025628, 21.935988994025628, 21.715531912098733, 22.047514630092593, 21.979559209775033, 22.09402715642414, 22.222222222222225, 21.78180504057594, 21.699601618440056, 22.05176371186004, 22.38805970149254, 21.514120834810385, 22.016979981294455, 22.105345176873932, 22.698477890082827, 21.78696622113803, 22.056787977365598, 21.83201947498396, 21.705568348335774, 22.257868739946638, 22.117266664742054, 21.70434895510585, 22.29231819979151, 21.724354282129042, 21.614959079492078, 21.498089539326656, 22.03632502884815, 21.882778238710447, 21.97379537268968, 21.761952049936166, 21.479308307119275, 22.002514888971795, 21.812434141201265, 21.516298827223196, 21.37054873458819, 21.172156116304244, 21.38870709246539, 21.280946024923132, 21.92337410769285, 21.491291709294096, 21.239275266120906, 20.9403129760421, 21.25639862632022, 21.422370826501187, 21.682192428400718, 21.226046856869836, 21.555710086023836, 20.953787586587524, 20.88113898238459, 21.41799838297768, 21.55462809845045, 21.802348004504715]","[2.2594068663846394, 17.21975136031012, 2.3018463826824656, 6.989062137739352, 2.5276493091241288, 17.211247154854405, 2.555555555555556, 6.708795952497389, 2.5388533893574867, 17.13422040411525, 2.5746268656716422, 6.561806854617167, 2.664054577736629, 17.220063892784793, 2.5649280015793594, 6.819320427216203, 2.293905949646022, 17.20363134628736, 2.300790244923592, 6.922197178123405, 2.6319547331043043, 16.88598348707235, 2.6082012293756067, 6.604203701767228, 2.5073352532210813, 16.682517482517486, 2.6002863534040817, 6.84930958871637, 2.307248514132416, 17.104894311249826, 2.319765297168882, 6.886787160248172, 2.4866174920969444, 16.63209899344353, 2.5217247506814062, 6.711573488868446, 2.1816481234314695, 16.769385467639427, 2.2800309072000564, 6.66230042988117, 2.5274737566683876, 16.291563495360755, 2.3807166461478646, 6.790891552000876, 2.2766302049820752, 16.704898876356562, 2.155571008602384, 6.642350664948245, 2.2134007321327664, 16.941636720935346, 2.284790578435748]",364.01550485299816,9.882663234745028
ADTC1_adz_raw_20260612_1105,2026-06-12 11:03:48.950,2026-06-12 11:03:59.016,"[Timestamp('2026-06-12 11:03:59.016000'), Timestamp('2026-06-12 11:03:59.477000'), Timestamp('2026-06-12 11:03:59.935000'), Timestamp('2026-06-12 11:04:00.390000')]","[0.461, 0.458, 0.455]","[22.138236929845945, 33.369123978110935, 2.9464042993663924, 22.11918516266342]","[10.20572722465898, 15.283058781974809, 1.3406139562117085]",26.829399962845496,9.858693385499937
ADTC1_adz_raw_20260612_1128,2026-06-12 11:26:57.558,2026-06-12 11:27:07.585,"[Timestamp('2026-06-12 11:27:07.585000'), Timestamp('2026-06-12 11:27:07.697000'), Timestamp('2026-06-12 11:27:08.051000'), Timestamp('2026-06-12 11:27:08.161000'), Timestamp('2026-06-12 11:27:08.393000'), Timestamp('2026-06-12 11:27:08.505000'), Timestamp('2026-06-12 11:27:09.289000'), Timestamp('2026-06-12 11:27:09.400000'), Timestamp('2026-06-12 11:27:09.593000'), Timestamp('2026-06-12 11:27:09.705000'), Timestamp('2026-06-12 11:27:10.491000'), Timestamp('2026-06-12 11:27:10.604000'), Timestamp('2026-06-12 11:27:10.796000'), Timestamp('2026-06-12 11:27:10.914000'), Timestamp('2026-06-12 11:27:11.693000'), Timestamp('2026-06-12 11:27:11.804000'), Timestamp('2026-06-12 11:27:12'), Timestamp('2026-06-12 11:27:12.109000'), Timestamp('2026-06-12 11:27:12.900000'), Timestamp('2026-06-12 11:27:13.011000')]","[0.112, 0.354, 0.11, 0.232, 0.112, 0.784, 0.111, 0.193, 0.112, 0.786, 0.113, 0.192, 0.118, 0.779, 0.111, 0.196, 0.109, 0.791, 0.111]","[22.746690404909437, 21.99136408428014, 22.715235560145963, 21.74375360496574, 21.66503946871995, 21.604278074866308, 21.623134588644533, 21.459729220778197, 22.13585507720916, 21.858880754582945, 21.780377895485806, 21.85681638640402, 21.76227084565346, 23.125622390328274, 21.753036061926394, 21.593859060979597, 21.77383156342555, 21.216061669789628, 22.321771582240274, 21.208471983683978]","[2.547629325349857, 7.784942885835169, 2.498675911616056, 5.044550836352052, 2.4264844204966343, 16.937754010695187, 2.400167939339543, 4.141727739610192, 2.479215768647426, 17.181080273102197, 2.461182702189896, 4.196508746189572, 2.567947959787108, 18.014859842065725, 2.4145870028738297, 4.232396375952001, 2.373347640413385, 16.781904780803597, 2.4777166456286706]",118.96268080694811,9.915344703458208
ADTC1_adz_raw_20260612_1132,2026-06-12 11:30:49.133,2026-06-12 11:30:59.174,"[Timestamp('2026-06-12 11:30:59.174000'), Timestamp('2026-06-12 11:30:59.283000'), Timestamp('2026-06-12 11:31:00.059000'), Timestamp('2026-06-12 11:31:00.159000'), Timestamp('2026-06-12 11:31:00.470000'), Timestamp('2026-06-12 11:31:00.588000'), Timestamp('2026-06-12 11:31:01.353000'), Timestamp('2026-06-12 11:31:01.466000'), Timestamp('2026-06-12 11:31:01.773000'), Timestamp('2026-06-12 11:31:01.889000'), Timestamp('2026-06-12 11:31:02.653000'), Timestamp('2026-06-12 11:31:02.774000'), Timestamp('2026-06-12 11:31:03.074000'), Timestamp('2026-06-12 11:31:03.190000'), Timestamp('2026-06-12 11:31:03.957000'), Timestamp('2026-06-12 11:31:04.074000'), Timestamp('2026-06-12 11:31:04.386000'), Timestamp('2026-06-12 11:31:04.486000'), Timestamp('2026-06-12 11:31:05.269000'), Timestamp('2026-06-12 11:31:05.375000'), Timestamp('2026-06-12 11:31:05.686000'), Timestamp('2026-06-12 11:31:05.799000'), Timestamp('2026-06-12 11:31:06.571000'), Timestamp('2026-06-12 11:31:06.687000'), Timestamp('2026-06-12 11:31:06.988000'), Timestamp('2026-06-12 11:31:07.110000'), Timestamp('2026-06-12 11:31:07.880000'), Timestamp('2026-06-12 11:31:07.993000'), Timestamp('2026-06-12 11:31:08.303000'), Timestamp('2026-06-12 11:31:08.406000'), Timestamp('2026-06-12 11:31:09.193000'), Timestamp('2026-06-12 11:31:09.301000'), Timestamp('2026-06-12 11:31:09.610000'), Timestamp('2026-06-12 11:31:09.722000'), Timestamp('2026-06-12 11:31:10.499000'), Timestamp('2026-06-12 11:31:10.615000'), Timestamp('2026-06-12 11:31:10.929000'), Timestamp('2026-06-12 11:31:11.030000'), Timestamp('2026-06-12 11:31:11.815000'), Timestamp('2026-06-12 11:31:11.921000'), Timestamp('2026-06-12 11:31:12.227000'), Timestamp('2026-06-12 11:31:12.347000'), Timestamp('2026-06-12 11:31:13.122000'), Timestamp('2026-06-12 11:31:13.236000'), Timestamp('2026-06-12 11:31:13.555000'), Timestamp('2026-06-12 11:31:13.656000'), Timestamp('2026-06-12 11:31:14.445000'), Timestamp('2026-06-12 11:31:14.549000'), Timestamp('2026-06-12 11:31:14.867000'), Timestamp('2026-06-12 11:31:14.978000'), Timestamp('2026-06-12 11:31:15.761000'), Timestamp('2026-06-12 11:31:15.869000')]","[0.109, 0.776, 0.1, 0.311, 0.118, 0.765, 0.113, 0.307, 0.116, 0.764, 0.121, 0.3, 0.116, 0.767, 0.117, 0.312, 0.1, 0.783, 0.106, 0.311, 0.113, 0.772, 0.116, 0.301, 0.122, 0.77, 0.113, 0.31, 0.103, 0.787, 0.108, 0.309, 0.112, 0.777, 0.116, 0.314, 0.101, 0.785, 0.106, 0.306, 0.12, 0.775, 0.114, 0.319, 0.101, 0.789, 0.104, 0.318, 0.111, 0.783, 0.108]","[21.484264567047855, 22.422767705937925, 22.33354880413704, 22.01991663614642, 21.660649819494587, 21.945498629559353, 22.017268673140407, 21.46235683136052, 22.064684019207988, 21.83201947498396, 21.59440122354858, 22.138236652085542, 21.700457815565727, 21.216343974161166, 21.463903493485084, 21.43353722301091, 21.96517969294268, 21.12268975921245, 21.396988405974284, 21.731779264879755, 21.677471184852106, 20.866488169717904, 21.520266656985275, 21.658495907696143, 21.404156852922114, 21.258202608953027, 21.22798937637441, 21.31047349459599, 21.326262889708083, 20.74536735539637, 21.996931923566315, 22.166023439383437, 21.444718199889948, 21.00682421048554, 21.301398735389924, 21.63947163947164, 21.33686984108617, 21.527356309965008, 21.54943961115348, 21.040582224792747, 21.259163175932976, 20.464127026048203, 21.34028531965249, 20.64102309903837, 21.23417201737744, 21.177482125079194, 21.871224464913155, 21.24414904767706, 20.799923022644172, 20.819837387625597, 20.249445117029865, 21.10434464771369]","[2.3417848378082162, 17.40006773980783, 2.233354880413704, 6.848194073841537, 2.5559566787003614, 16.788306451612904, 2.487951360064866, 6.58894354722768, 2.559503346228127, 16.679662878887743, 2.612922548049378, 6.641470995625663, 2.5172531066056245, 16.272935828181616, 2.5112767087377548, 6.687263613579404, 2.196517969294268, 16.539066081463346, 2.268080771033274, 6.758583351377604, 2.4495542438882882, 16.10892886702222, 2.496350932210292, 6.5192072682165385, 2.6113071360564977, 16.36881600889383, 2.3987627995303082, 6.606246783324757, 2.1966050776399326, 16.32660410869694, 2.375668647745162, 6.849301242769482, 2.401808438387674, 16.322302411547266, 2.470962253305231, 6.794794094794095, 2.1550238539497033, 16.89897470332253, 2.284240598782269, 6.43841816078658, 2.551099581111957, 15.859698445187357, 2.4327925264403842, 6.58448636859324, 2.1446513737551216, 16.709033396687484, 2.274607344350968, 6.755639397161305, 2.308791455513503, 16.301932674510844, 2.186940072639225]",356.6726470353618,9.93136129460225
ADTC1_adz_raw_20260612_1147,2026-06-12 11:46:01.872,2026-06-12 11:46:11.933,"[Timestamp('2026-06-12 11:46:11.933000'), Timestamp('2026-06-12 11:46:12.042000'), Timestamp('2026-06-12 11:46:12.837000'), Timestamp('2026-06-12 11:46:12.944000'), Timestamp('2026-06-12 11:46:13.261000'), Timestamp('2026-06-12 11:46:13.381000'), Timestamp('2026-06-12 11:46:14.171000'), Timestamp('2026-06-12 11:46:14.291000'), Timestamp('2026-06-12 11:46:14.604000'), Timestamp('2026-06-12 11:46:14.719000'), Timestamp('2026-06-12 11:46:15.512000'), Timestamp('2026-06-12 11:46:15.632000'), Timestamp('2026-06-12 11:46:15.946000'), Timestamp('2026-06-12 11:46:16.062000'), Timestamp('2026-06-12 11:46:16.855000'), Timestamp('2026-06-12 11:46:16.973000'), Timestamp('2026-06-12 11:46:17.295000'), Timestamp('2026-06-12 11:46:17.403000'), Timestamp('2026-06-12 11:46:18.200000'), Timestamp('2026-06-12 11:46:18.307000'), Timestamp('2026-06-12 11:46:18.626000'), Timestamp('2026-06-12 11:46:18.751000'), Timestamp('2026-06-12 11:46:19.540000'), Timestamp('2026-06-12 11:46:19.659000'), Timestamp('2026-06-12 11:46:19.975000'), Timestamp('2026-06-12 11:46:20.094000'), Timestamp('2026-06-12 11:46:20.888000'), Timestamp('2026-06-12 11:46:21.008000'), Timestamp('2026-06-12 11:46:21.327000'), Timestamp('2026-06-12 11:46:21.434000'), Timestamp('2026-06-12 11:46:22.240000'), Timestamp('2026-06-12 11:46:22.352000'), Timestamp('2026-06-12 11:46:22.667000'), Timestamp('2026-06-12 11:46:22.788000'), Timestamp('2026-06-12 11:46:23.584000'), Timestamp('2026-06-12 11:46:23.703000'), Timestamp('2026-06-12 11:46:24.029000'), Timestamp('2026-06-12 11:46:24.134000'), Timestamp('2026-06-12 11:46:24.947000'), Timestamp('2026-06-12 11:46:25.051000'), Timestamp('2026-06-12 11:46:25.374000'), Timestamp('2026-06-12 11:46:25.494000'), Timestamp('2026-06-12 11:46:26.293000'), Timestamp('2026-06-12 11:46:26.412000'), Timestamp('2026-06-12 11:46:26.732000'), Timestamp('2026-06-12 11:46:26.844000'), Timestamp('2026-06-12 11:46:27.655000'), Timestamp('2026-06-12 11:46:27.765000'), Timestamp('2026-06-12 11:46:28.093000'), Timestamp('2026-06-12 11:46:28.201000'), Timestamp('2026-06-12 11:46:29.009000'), Timestamp('2026-06-12 11:46:29.123000')]","[0.109, 0.795, 0.107, 0.317, 0.12, 0.79, 0.12, 0.313, 0.115, 0.793, 0.12, 0.314, 0.116, 0.793, 0.118, 0.322, 0.108, 0.797, 0.107, 0.319, 0.125, 0.789, 0.119, 0.316, 0.119, 0.794, 0.12, 0.319, 0.107, 0.806, 0.112, 0.315, 0.121, 0.796, 0.119, 0.326, 0.105, 0.813, 0.104, 0.323, 0.12, 0.799, 0.119, 0.32, 0.112, 0.811, 0.11, 0.328, 0.108, 0.808, 0.114]","[21.841255547280845, 22.528179077841518, 22.10012811668473, 22.03885693435175, 21.72967640453321, 21.845911495482156, 22.335576121916908, 21.892572742489055, 21.65954467020342, 21.54296750264553, 21.804365018623393, 21.01295210166178, 21.642000472645634, 21.523109979169952, 21.638320302014876, 21.337523352102266, 21.877043719681495, 22.12856978452931, 21.280601119310802, 20.905563785510576, 21.39495773486974, 21.661505832910738, 21.405467557867134, 20.98369127281645, 21.491062739400732, 21.19402985074627, 22.107916814141078, 21.500058813491655, 21.27419233376007, 21.05491913929643, 21.646788670415255, 21.789652247667515, 20.990466760233026, 21.2437259990193, 21.185556337168727, 21.251723834822617, 21.199701937406857, 21.680744884406213, 21.21197032315889, 21.811169470452413, 21.17900951087861, 21.64379710058491, 21.4687298712263, 20.916248114945184, 20.91219531735064, 21.781540033394016, 21.83922377051121, 21.87812124526732, 21.015486414725956, 21.398528982083846, 20.869216561591195, 21.396968130170436]","[2.3806968546536122, 17.90990236688401, 2.364713708485266, 6.986317648189504, 2.607561168543985, 17.258270081430904, 2.680269134630029, 6.852375268399074, 2.4908476370733936, 17.083573229597906, 2.616523802234807, 6.598066959921799, 2.5104720548268937, 17.067826213481773, 2.553321795637755, 6.87068251937693, 2.3627207217256014, 17.636470118269862, 2.2770243197662556, 6.668874847577874, 2.6743697168587177, 17.090928102166572, 2.547250639386189, 6.630846442209998, 2.557436465988687, 16.82805970149254, 2.6529500176969294, 6.858518761503838, 2.2763385797123274, 16.970264826272924, 2.4244403310865086, 6.863740458015267, 2.539846477988196, 16.910005895219363, 2.5210812041230786, 6.928061970152173, 2.22596870342772, 17.62644559102225, 2.2060449136085247, 7.045007738956129, 2.5414811413054332, 17.293393883367344, 2.55477885467593, 6.693199396782459, 2.3421658755432717, 17.66482896708255, 2.402314614756233, 7.176023768447681, 2.2696725327904033, 17.290011417523747, 2.3790906880213964]",370.7610781278917,9.930062569324248
ADTC1_adz_raw_20260612_1155,2026-06-12 11:53:38.806,2026-06-12 11:53:48.889,"[Timestamp('2026-06-12 11:53:48.889000'), Timestamp('2026-06-12 11:53:49.028000'), Timestamp('2026-06-12 11:53:49.551000'), Timestamp('2026-06-12 11:53:49.692000'), Timestamp('2026-06-12 11:53:49.852000'), Timestamp('2026-06-12 11:53:49.993000'), Timestamp('2026-06-12 11:53:50.735000'), Timestamp('2026-06-12 11:53:50.883000'), Timestamp('2026-06-12 11:53:51.626000'), Timestamp('2026-06-12 11:53:51.776000'), Timestamp('2026-06-12 11:53:52.517000'), Timestamp('2026-06-12 11:53:52.661000'), Timestamp('2026-06-12 11:53:53.408000'), Timestamp('2026-06-12 11:53:53.552000'), Timestamp('2026-06-12 11:53:54.303000'), Timestamp('2026-06-12 11:53:54.448000'), Timestamp('2026-06-12 11:53:55.202000'), Timestamp('2026-06-12 11:53:55.336000'), Timestamp('2026-06-12 11:53:56.088000'), Timestamp('2026-06-12 11:53:56.234000'), Timestamp('2026-06-12 11:53:56.987000'), Timestamp('2026-06-12 11:53:57.132000'), Timestamp('2026-06-12 11:53:57.282000'), Timestamp('2026-06-12 11:53:57.430000'), Timestamp('2026-06-12 11:53:57.952000'), Timestamp('2026-06-12 11:53:58.094000')]","[0.139, 0.523, 0.141, 0.16, 0.141, 0.742, 0.148, 0.743, 0.15, 0.741, 0.144, 0.747, 0.144, 0.751, 0.145, 0.754, 0.134, 0.752, 0.146, 0.753, 0.145, 0.15, 0.148, 0.522, 0.142]","[20.65795421646359, 20.212639135350535, 20.79778409764191, 20.6224986029623, 20.914090447290576, 21.04914119312845, 20.225711048658834, 21.216266457889567, 21.052414671612148, 21.112712484643957, 19.96687862999802, 20.485228838206034, 20.803382967935885, 20.61681134956997, 20.688885905989515, 21.027270212181506, 21.838235152930245, 20.82327509988695, 20.277465094327383, 20.75571029420751, 21.09578759733558, 21.77874690253727, 21.190884820747513, 20.714285714285715, 21.086053128318728, 20.829747741747695]","[2.8714556360884393, 10.57121026778833, 2.9324875577675087, 3.299599776473968, 2.948886753067971, 15.61846276530131, 2.9934052352015073, 15.763685978211948, 3.157862200741822, 15.644519951121172, 2.875230522719715, 15.302465942139907, 2.995687147382767, 15.483225323527048, 2.9998884563684793, 15.854561739984856, 2.926323510492653, 15.659102875114986, 2.960509903771798, 15.629049851538255, 3.058889201613659, 3.2668120353805907, 3.1362509534706318, 10.812857142857144, 2.994219544221259]",191.75665027234777,9.974747850886208
ADTC1_adz_raw_20260612_1200,2026-06-12 11:58:47.395,2026-06-12 11:58:57.427,"[Timestamp('2026-06-12 11:58:57.427000'), Timestamp('2026-06-12 11:58:57.514000'), Timestamp('2026-06-12 11:58:58.015000'), Timestamp('2026-06-12 11:58:58.498000'), Timestamp('2026-06-12 11:58:58.994000'), Timestamp('2026-06-12 11:58:59.882000'), Timestamp('2026-06-12 11:59:00.355000'), Timestamp('2026-06-12 11:59:00.860000')]","[0.087, 0.501, 0.483, 0.496, 0.888, 0.473, 0.505]","[13.703537841468872, -0.15493970741262686, 1.27336312978872, 0.9365141955835963, 3.1922043010752645, 20.51392255228002, 17.712930791623634, 17.76960784313725]","[1.1922077922077918, -0.07762479341372605, 0.6150343916879517, 0.4645110410094638, 2.834677419354835, 9.70308536722845, 8.945030049769935]",23.6769212678447,9.900144579844616
ADTC1_adz_raw_20260612_1228,2026-06-12 12:26:59.293,2026-06-12 12:27:09.318,"[Timestamp('2026-06-12 12:27:09.318000'), Timestamp('2026-06-12 12:27:09.434000'), Timestamp('2026-06-12 12:27:09.793000'), Timestamp('2026-06-12 12:27:09.901000'), Timestamp('2026-06-12 12:27:10.128000'), Timestamp('2026-06-12 12:27:10.245000'), Timestamp('2026-06-12 12:27:11.036000'), Timestamp('2026-06-12 12:27:11.147000'), Timestamp('2026-06-12 12:27:11.331000'), Timestamp('2026-06-12 12:27:11.440000'), Timestamp('2026-06-12 12:27:12.231000'), Timestamp('2026-06-12 12:27:12.341000'), Timestamp('2026-06-12 12:27:12.536000'), Timestamp('2026-06-12 12:27:12.648000'), Timestamp('2026-06-12 12:27:13.443000'), Timestamp('2026-06-12 12:27:13.549000'), Timestamp('2026-06-12 12:27:13.743000'), Timestamp('2026-06-12 12:27:13.856000'), Timestamp('2026-06-12 12:27:14.647000'), Timestamp('2026-06-12 12:27:14.752000')]","[0.116, 0.359, 0.108, 0.227, 0.117, 0.791, 0.111, 0.184, 0.109, 0.791, 0.11, 0.195, 0.112, 0.795, 0.106, 0.194, 0.113, 0.791, 0.105]","[21.3878724921703, 21.414227683279442, 22.275242560736093, 21.898675508494215, 21.159847471329336, 21.862670021514788, 22.93313398454744, 21.894205443371376, 21.70165022949869, 21.179350212335194, 21.50396781360602, 21.771116822583124, 21.108940176398185, 20.64562934128151, 22.633472169632714, 21.06080738289083, 21.10859218602925, 21.69036619414623, 21.230073348062888, 21.37155297532656]","[2.480993209091755, 7.68770773829732, 2.405726196559498, 4.970999340428187, 2.4757021541455324, 17.293371987018197, 2.545577872284766, 4.028533801580333, 2.365479875015357, 16.75286601795714, 2.3654364594966624, 4.2453677804037095, 2.364201299756597, 16.4132753263188, 2.3991480499810676, 4.085796632280821, 2.3852709170213053, 17.157079659569668, 2.2291577015466033]",116.6516920187533,9.912227828316482
ADTC1_adz_raw_20260612_1244,2026-06-12 12:42:50.317,2026-06-12 12:43:00.439,"[Timestamp('2026-06-12 12:43:00.439000'), Timestamp('2026-06-12 12:43:00.544000'), Timestamp('2026-06-12 12:43:01.330000'), Timestamp('2026-06-12 12:43:01.439000'), Timestamp('2026-06-12 12:43:01.756000'), Timestamp('2026-06-12 12:43:01.864000'), Timestamp('2026-06-12 12:43:02.651000'), Timestamp('2026-06-12 12:43:02.751000'), Timestamp('2026-06-12 12:43:03.070000'), Timestamp('2026-06-12 12:43:03.184000'), Timestamp('2026-06-12 12:43:03.956000'), Timestamp('2026-06-12 12:43:04.079000'), Timestamp('2026-06-12 12:43:04.394000'), Timestamp('2026-06-12 12:43:04.500000'), Timestamp('2026-06-12 12:43:05.286000'), Timestamp('2026-06-12 12:43:05.390000'), Timestamp('2026-06-12 12:43:05.700000'), Timestamp('2026-06-12 12:43:05.821000'), Timestamp('2026-06-12 12:43:06.600000'), Timestamp('2026-06-12 12:43:06.716000'), Timestamp('2026-06-12 12:43:07.033000'), Timestamp('2026-06-12 12:43:07.134000'), Timestamp('2026-06-12 12:43:07.921000'), Timestamp('2026-06-12 12:43:08.031000'), Timestamp('2026-06-12 12:43:08.344000'), Timestamp('2026-06-12 12:43:08.461000'), Timestamp('2026-06-12 12:43:09.236000'), Timestamp('2026-06-12 12:43:09.353000'), Timestamp('2026-06-12 12:43:09.657000'), Timestamp('2026-06-12 12:43:09.775000'), Timestamp('2026-06-12 12:43:10.554000'), Timestamp('2026-06-12 12:43:10.670000'), Timestamp('2026-06-12 12:43:10.986000'), Timestamp('2026-06-12 12:43:11.088000'), Timestamp('2026-06-12 12:43:11.876000'), Timestamp('2026-06-12 12:43:11.981000'), Timestamp('2026-06-12 12:43:12.294000'), Timestamp('2026-06-12 12:43:12.416000'), Timestamp('2026-06-12 12:43:13.188000'), Timestamp('2026-06-12 12:43:13.309000'), Timestamp('2026-06-12 12:43:13.611000'), Timestamp('2026-06-12 12:43:13.732000'), Timestamp('2026-06-12 12:43:14.508000'), Timestamp('2026-06-12 12:43:14.624000'), Timestamp('2026-06-12 12:43:14.930000'), Timestamp('2026-06-12 12:43:15.049000'), Timestamp('2026-06-12 12:43:15.830000'), Timestamp('2026-06-12 12:43:15.943000'), Timestamp('2026-06-12 12:43:16.257000'), Timestamp('2026-06-12 12:43:16.360000'), Timestamp('2026-06-12 12:43:17.150000'), Timestamp('2026-06-12 12:43:17.252000')]","[0.105, 0.786, 0.109, 0.317, 0.108, 0.787, 0.1, 0.319, 0.114, 0.772, 0.123, 0.315, 0.106, 0.786, 0.104, 0.31, 0.121, 0.779, 0.116, 0.317, 0.101, 0.787, 0.11, 0.313, 0.117, 0.775, 0.117, 0.304, 0.118, 0.779, 0.116, 0.316, 0.102, 0.788, 0.105, 0.313, 0.122, 0.772, 0.121, 0.302, 0.121, 0.776, 0.116, 0.306, 0.119, 0.781, 0.113, 0.314, 0.103, 0.79, 0.102]","[21.233766233766232, 21.970397779833483, 21.701304772833524, 22.179179405486494, 22.053089722083687, 22.13556018103621, 21.86114493267369, 21.426036451988274, 21.70016613644193, 21.385875253706615, 21.28328658222116, 21.225610065623293, 21.780377895485806, 21.748802206773185, 21.722721722721722, 22.032828282828284, 20.69788390573744, 20.900984828320468, 21.87522590905805, 21.637118652482066, 21.616259097832717, 21.630685266201553, 21.278692580158882, 22.38469466305434, 21.602214383367798, 21.874542089684994, 21.44234790745817, 21.397103133229592, 20.71874316664144, 20.734433824264176, 21.51413452429557, 21.389862868836627, 21.33384606275711, 21.524883981631387, 21.1212350702597, 21.764705882352942, 21.13113658915185, 21.460370108928487, 21.422113637935652, 21.871168806353474, 20.99663211300313, 21.035180377198937, 21.49951550387597, 21.404277408637874, 21.213831930963405, 21.15127521099234, 22.06013625671015, 21.4634060795633, 21.532195874301138, 21.646524450412514, 21.769684643580742, 21.45332726259351]","[2.2295454545454545, 17.26873265494912, 2.365442220238854, 7.030799871539219, 2.381733689985038, 17.420685862475498, 2.186114493267369, 6.834905628184259, 2.47381893955438, 16.50989569586151, 2.6178442496132024, 6.686067170671337, 2.308720056921495, 17.094558534523724, 2.259163059163059, 6.830176767676768, 2.5044439525942304, 16.281867181261646, 2.537526205450734, 6.858966612836815, 2.1832421688811046, 17.023349304500623, 2.340656183817477, 7.006409429536008, 2.5274590828540324, 16.95277011950587, 2.5087547051726062, 6.5047193525017954, 2.4448116936636897, 16.152123949101792, 2.4956396048182863, 6.759196666552374, 2.1760522984012254, 16.961608577525535, 2.2177296823772683, 6.812352941176471, 2.5779986638765258, 16.567405724092794, 2.592075750190214, 6.605092979518749, 2.5405924856733786, 16.323299972706376, 2.4939437984496124, 6.549708887043189, 2.524445999784645, 16.519145939785016, 2.4927953970082473, 6.739509508982876, 2.217816175053017, 17.10075431582589, 2.2205078336452355]",361.81297749333555,10.012730656254409
ADTC1_adz_raw_20260612_1259,2026-06-12 12:57:50.368,2026-06-12 12:58:00.414,"[Timestamp('2026-06-12 12:58:00.414000'), Timestamp('2026-06-12 12:58:00.531000'), Timestamp('2026-06-12 12:58:01.262000'), Timestamp('2026-06-12 12:58:01.378000'), Timestamp('2026-06-12 12:58:01.580000'), Timestamp('2026-06-12 12:58:01.695000'), Timestamp('2026-06-12 12:58:02.452000'), Timestamp('2026-06-12 12:58:02.557000'), Timestamp('2026-06-12 12:58:02.771000'), Timestamp('2026-06-12 12:58:02.886000'), Timestamp('2026-06-12 12:58:03.635000'), Timestamp('2026-06-12 12:58:03.749000'), Timestamp('2026-06-12 12:58:03.958000'), Timestamp('2026-06-12 12:58:04.070000'), Timestamp('2026-06-12 12:58:04.806000'), Timestamp('2026-06-12 12:58:04.918000'), Timestamp('2026-06-12 12:58:05.224000'), Timestamp('2026-06-12 12:58:05.335000'), Timestamp('2026-06-12 12:58:06.072000'), Timestamp('2026-06-12 12:58:06.188000'), Timestamp('2026-06-12 12:58:06.393000'), Timestamp('2026-06-12 12:58:06.506000'), Timestamp('2026-06-12 12:58:07.266000'), Timestamp('2026-06-12 12:58:07.375000'), Timestamp('2026-06-12 12:58:07.583000'), Timestamp('2026-06-12 12:58:07.699000'), Timestamp('2026-06-12 12:58:08.459000'), Timestamp('2026-06-12 12:58:08.568000'), Timestamp('2026-06-12 12:58:08.780000'), Timestamp('2026-06-12 12:58:08.894000'), Timestamp('2026-06-12 12:58:09.627000'), Timestamp('2026-06-12 12:58:09.748000')]","[0.117, 0.731, 0.116, 0.202, 0.115, 0.757, 0.105, 0.214, 0.115, 0.749, 0.114, 0.209, 0.112, 0.736, 0.112, 0.306, 0.111, 0.737, 0.116, 0.205, 0.113, 0.76, 0.109, 0.208, 0.116, 0.76, 0.109, 0.212, 0.114, 0.733, 0.121]","[21.892214442455177, 21.937189172852605, 22.492140462558872, 22.055348421992335, 21.86139106631828, 22.44159864902899, 22.73696122936068, 21.933392141026744, 22.260900956654027, 22.31663060925396, 21.84543809377608, 22.272020506030962, 22.163525917049554, 21.424227700704698, 21.8124084713304, 21.618144698940068, 21.968479281912117, 21.30777742085163, 21.707228941271495, 21.75177669816913, 21.687322851489384, 21.83170739448497, 22.206226168040903, 21.566442759350398, 21.23930406582451, 21.32681438883799, 21.44607843137255, 21.19034879869551, 22.37095271021856, 21.328856737778672, 20.99716104862735, 21.303069150139507]","[2.561389089767256, 16.036085285355252, 2.6090882936568294, 4.455180381242452, 2.5140599726266024, 16.988290177314944, 2.3873809290828714, 4.693745918179723, 2.560003610015213, 16.715156326331215, 2.4903799426904736, 4.654852285760471, 2.4823149027095504, 15.768231587718658, 2.442989748789005, 6.61515227787566, 2.438501200292245, 15.70383195916765, 2.5180385571874937, 4.459114223124671, 2.4506674822183006, 16.592097619808577, 2.4204786523164583, 4.4858200939448825, 2.4637592716356433, 16.208378935516873, 2.3376225490196076, 4.492353945323448, 2.550288608964916, 15.634051988791766, 2.5406564868839094]",203.26996230331258,9.935708369828816
ADTC1_adz_raw_20260612_1301,2026-06-12 13:00:13.424,2026-06-12 13:00:23.513,"[Timestamp('2026-06-12 13:00:23.513000'), Timestamp('2026-06-12 13:00:23.899000'), Timestamp('2026-06-12 13:00:24.569000'), Timestamp('2026-06-12 13:00:24.906000'), Timestamp('2026-06-12 13:00:25.965000')]","[0.386, 0.67, 0.337, 1.059]","[26.786307429358924, 61.02416575302318, 47.0739842328684, 25.750936107795894, 25.54112554112554, 9.311741162972282, 5.259424819998522, 25.15323672163935]","[10.339514667732544, 40.88619105452553, 15.863932686476652, 27.270241338155852]",94.35987974689058,10.031312472255244
ADTC1_adz_raw_20260612_1331,2026-06-12 13:30:18.198,2026-06-12 13:30:28.243,"[Timestamp('2026-06-12 13:30:28.243000'), Timestamp('2026-06-12 13:30:28.354000'), Timestamp('2026-06-12 13:30:28.710000'), Timestamp('2026-06-12 13:30:28.822000'), Timestamp('2026-06-12 13:30:29.055000'), Timestamp('2026-06-12 13:30:29.167000'), Timestamp('2026-06-12 13:30:29.957000'), Timestamp('2026-06-12 13:30:30.060000'), Timestamp('2026-06-12 13:30:30.254000'), Timestamp('2026-06-12 13:30:30.369000'), Timestamp('2026-06-12 13:30:31.160000'), Timestamp('2026-06-12 13:30:31.270000'), Timestamp('2026-06-12 13:30:31.459000'), Timestamp('2026-06-12 13:30:31.572000'), Timestamp('2026-06-12 13:30:32.356000'), Timestamp('2026-06-12 13:30:32.470000'), Timestamp('2026-06-12 13:30:32.659000'), Timestamp('2026-06-12 13:30:32.770000'), Timestamp('2026-06-12 13:30:33.557000'), Timestamp('2026-06-12 13:30:33.671000')]","[0.111, 0.356, 0.112, 0.233, 0.112, 0.79, 0.103, 0.194, 0.115, 0.791, 0.11, 0.189, 0.113, 0.784, 0.114, 0.189, 0.111, 0.787, 0.114]","[23.022209825319898, 21.41552507823737, 22.339851160075877, 21.260251602828806, 21.743421202317084, 21.672460721696716, 21.95779162782265, 22.650596752511607, 21.142426346887312, 21.97948363731402, 22.666715307164743, 21.939387409799778, 21.757943313692266, 21.658030722686583, 20.980700849596914, 21.498437613545526, 21.621964880735774, 22.245783740294982, 21.66059944895798, 21.103896103896105]","[2.555465290610509, 7.623926927852503, 2.5020633299284984, 4.953638623459112, 2.4352631746595135, 17.121243970140405, 2.261652537665733, 4.394215769987252, 2.431379029892041, 17.38577155711539, 2.4933386837881217, 4.146544220452158, 2.458647594447226, 16.979896086586283, 2.391799896854048, 4.063204708960105, 2.400038101761671, 17.507431803612153, 2.46930833718121]",118.57482964495392,9.92763560999298
ADTC1_adz_raw_20260612_1347,2026-06-12 13:45:27.754,2026-06-12 13:45:37.815,"[Timestamp('2026-06-12 13:45:37.815000'), Timestamp('2026-06-12 13:45:37.921000'), Timestamp('2026-06-12 13:45:38.712000'), Timestamp('2026-06-12 13:45:38.819000'), Timestamp('2026-06-12 13:45:39.138000'), Timestamp('2026-06-12 13:45:39.244000'), Timestamp('2026-06-12 13:45:40.034000'), Timestamp('2026-06-12 13:45:40.140000'), Timestamp('2026-06-12 13:45:40.454000'), Timestamp('2026-06-12 13:45:40.574000'), Timestamp('2026-06-12 13:45:41.353000'), Timestamp('2026-06-12 13:45:41.471000'), Timestamp('2026-06-12 13:45:41.785000'), Timestamp('2026-06-12 13:45:41.894000'), Timestamp('2026-06-12 13:45:42.690000'), Timestamp('2026-06-12 13:45:42.789000'), Timestamp('2026-06-12 13:45:43.108000'), Timestamp('2026-06-12 13:45:43.226000'), Timestamp('2026-06-12 13:45:44.005000'), Timestamp('2026-06-12 13:45:44.122000'), Timestamp('2026-06-12 13:45:44.434000'), Timestamp('2026-06-12 13:45:44.540000'), Timestamp('2026-06-12 13:45:45.337000'), Timestamp('2026-06-12 13:45:45.438000'), Timestamp('2026-06-12 13:45:45.756000'), Timestamp('2026-06-12 13:45:45.877000'), Timestamp('2026-06-12 13:45:46.648000'), Timestamp('2026-06-12 13:45:46.769000'), Timestamp('2026-06-12 13:45:47.081000'), Timestamp('2026-06-12 13:45:47.196000'), Timestamp('2026-06-12 13:45:47.974000'), Timestamp('2026-06-12 13:45:48.093000'), Timestamp('2026-06-12 13:45:48.411000'), Timestamp('2026-06-12 13:45:48.513000'), Timestamp('2026-06-12 13:45:49.309000'), Timestamp('2026-06-12 13:45:49.411000'), Timestamp('2026-06-12 13:45:49.725000'), Timestamp('2026-06-12 13:45:49.845000'), Timestamp('2026-06-12 13:45:50.628000'), Timestamp('2026-06-12 13:45:50.743000'), Timestamp('2026-06-12 13:45:51.050000'), Timestamp('2026-06-12 13:45:51.170000'), Timestamp('2026-06-12 13:45:51.951000'), Timestamp('2026-06-12 13:45:52.073000'), Timestamp('2026-06-12 13:45:52.380000'), Timestamp('2026-06-12 13:45:52.497000'), Timestamp('2026-06-12 13:45:53.280000'), Timestamp('2026-06-12 13:45:53.392000'), Timestamp('2026-06-12 13:45:53.706000'), Timestamp('2026-06-12 13:45:53.812000'), Timestamp('2026-06-12 13:45:54.604000'), Timestamp('2026-06-12 13:45:54.708000')]","[0.106, 0.791, 0.107, 0.319, 0.106, 0.79, 0.106, 0.314, 0.12, 0.779, 0.118, 0.314, 0.109, 0.796, 0.099, 0.319, 0.118, 0.779, 0.117, 0.312, 0.106, 0.797, 0.101, 0.318, 0.121, 0.771, 0.121, 0.312, 0.115, 0.778, 0.119, 0.318, 0.102, 0.796, 0.102, 0.314, 0.12, 0.783, 0.115, 0.307, 0.12, 0.781, 0.122, 0.307, 0.117, 0.783, 0.112, 0.314, 0.106, 0.792, 0.104]","[21.753246753246756, 21.788714087669106, 21.273291925465838, 21.525123427297345, 21.736099689343554, 20.72166929110128, 20.80592165968256, 21.083233313449135, 21.429664778815244, 21.236544391164557, 21.11752981318198, 21.28506512093889, 21.595953802013774, 21.106474039702206, 22.1335048783586, 21.039675750379153, 21.25123475874134, 21.040267153341354, 21.150094359595425, 21.85476108372641, 21.711077761768003, 21.19112775457295, 21.610599642944656, 21.472668471742224, 22.472845553640926, 21.27285638203444, 20.82758166236641, 21.2681101435519, 21.757703005191953, 21.300133947669245, 20.984869641182073, 21.41682925792927, 21.06983231086277, 21.673596673596673, 21.85895499848988, 21.002664590880514, 21.317437152810466, 21.753040727392207, 21.56031623197085, 21.406882591093115, 21.250556971989834, 21.426646249487494, 21.02871304736484, 21.58680919529021, 21.84841445184425, 21.921876573039363, 22.79946461343158, 21.37972434959768, 21.006159195135574, 21.75725011274302, 21.761005060471664, 21.378608400087693]","[2.3058441558441563, 17.234872843346263, 2.2762422360248444, 6.8665143733078535, 2.3040265670704168, 16.37011873997001, 2.2054276959263515, 6.620135260423028, 2.571559773457829, 16.54326808071719, 2.491868517955474, 6.683510447974811, 2.3539589644195016, 16.800753335602955, 2.1912169829575014, 6.7116565643709505, 2.507645701531478, 16.390368112452915, 2.4745610400726648, 6.81868545812264, 2.3013742427474084, 16.889328820394642, 2.1826705639374104, 6.828308574014027, 2.719214311990552, 16.401372270548553, 2.5201373811463355, 6.6356503647881935, 2.5021358455970746, 16.571504211286673, 2.4971994873006667, 6.810551704021508, 2.149122895708002, 17.252182952182952, 2.229613409845968, 6.594836681536481, 2.558092458337256, 17.0326308895481, 2.479436366676648, 6.571912955465586, 2.55006683663878, 16.734210720849735, 2.5655029917785104, 6.627150422954095, 2.5562644908657775, 17.164829356689822, 2.5535400367043373, 6.713233445773672, 2.226652874684371, 17.23174208929247, 2.263144526289053]",361.6358490311435,9.944330023852888
ADTC1_adz_raw_20260612_1352,2026-06-12 13:51:00.928,2026-06-12 13:51:10.942,"[Timestamp('2026-06-12 13:51:10.942000'), Timestamp('2026-06-12 13:51:11.055000'), Timestamp('2026-06-12 13:51:11.730000'), Timestamp('2026-06-12 13:51:11.840000'), Timestamp('2026-06-12 13:51:12.064000'), Timestamp('2026-06-12 13:51:12.178000'), Timestamp('2026-06-12 13:51:12.856000'), Timestamp('2026-06-12 13:51:12.966000'), Timestamp('2026-06-12 13:51:13.196000'), Timestamp('2026-06-12 13:51:13.305000'), Timestamp('2026-06-12 13:51:13.981000'), Timestamp('2026-06-12 13:51:14.091000'), Timestamp('2026-06-12 13:51:14.317000'), Timestamp('2026-06-12 13:51:14.431000'), Timestamp('2026-06-12 13:51:15.106000'), Timestamp('2026-06-12 13:51:15.220000'), Timestamp('2026-06-12 13:51:15.448000'), Timestamp('2026-06-12 13:51:15.556000'), Timestamp('2026-06-12 13:51:16.232000'), Timestamp('2026-06-12 13:51:16.348000'), Timestamp('2026-06-12 13:51:16.571000'), Timestamp('2026-06-12 13:51:16.688000'), Timestamp('2026-06-12 13:51:17.362000'), Timestamp('2026-06-12 13:51:17.475000'), Timestamp('2026-06-12 13:51:17.694000'), Timestamp('2026-06-12 13:51:17.810000'), Timestamp('2026-06-12 13:51:18.487000'), Timestamp('2026-06-12 13:51:18.600000'), Timestamp('2026-06-12 13:51:18.826000'), Timestamp('2026-06-12 13:51:18.941000'), Timestamp('2026-06-12 13:51:19.618000'), Timestamp('2026-06-12 13:51:19.733000')]","[0.113, 0.675, 0.11, 0.224, 0.114, 0.678, 0.11, 0.23, 0.109, 0.676, 0.11, 0.226, 0.114, 0.675, 0.114, 0.228, 0.108, 0.676, 0.116, 0.223, 0.117, 0.674, 0.113, 0.219, 0.116, 0.677, 0.113, 0.226, 0.115, 0.677, 0.115]","[22.130244327148063, 22.017268673140407, 22.0926154137833, 21.85771063452436, 21.400500282520426, 21.458344233418785, 21.503111616480354, 21.338011746428222, 21.865496127488747, 21.600313352518864, 20.753496644837895, 21.34877783085573, 21.42987754295175, 21.14043578368711, 20.7852480007926, 20.82291949944532, 21.422289999616137, 21.194618336478843, 21.03256310531534, 20.956137051076702, 20.84515047429783, 21.266095528088144, 21.412132570718303, 21.19325170524432, 20.864678691199135, 20.820183276930685, 21.17544010798082, 20.801612901372394, 20.966545611556313, 21.004700352526434, 21.33611070662012, 22.330356308489197]","[2.500717608967731, 14.861656354369776, 2.430187695516163, 4.896127182133457, 2.4396570322073288, 14.548757390257938, 2.365342277812839, 4.907742701678491, 2.3833390778962733, 14.601811826302752, 2.2828846309321684, 4.824823789773395, 2.4430060398964994, 14.2697941539888, 2.3695182720903563, 4.747625645873533, 2.3136073199585425, 14.3275619954597, 2.43977732021658, 4.673218562390105, 2.4388826054928465, 14.33334838593141, 2.4195709804911685, 4.641322123448506, 2.4203027281790996, 14.095264078482074, 2.3928247322018326, 4.701164515710161, 2.4111527453289763, 14.220182138660396, 2.4536527312613137]",187.1548246429102,9.838416399280614
ADTC1_adz_raw_20260612_1400,2026-06-12 13:58:43.834,2026-06-12 13:58:53.904,"[Timestamp('2026-06-12 13:58:53.904000'), Timestamp('2026-06-12 13:58:54.007000'), Timestamp('2026-06-12 13:58:54.368000'), Timestamp('2026-06-12 13:58:54.476000'), Timestamp('2026-06-12 13:58:54.685000'), Timestamp('2026-06-12 13:58:54.763000'), Timestamp('2026-06-12 13:58:55.139000'), Timestamp('2026-06-12 13:58:55.205000'), Timestamp('2026-06-12 13:58:55.367000'), Timestamp('2026-06-12 13:58:55.438000'), Timestamp('2026-06-12 13:58:55.853000'), Timestamp('2026-06-12 13:58:55.929000'), Timestamp('2026-06-12 13:58:56.102000'), Timestamp('2026-06-12 13:58:56.177000'), Timestamp('2026-06-12 13:58:56.589000'), Timestamp('2026-06-12 13:58:56.664000'), Timestamp('2026-06-12 13:58:56.837000'), Timestamp('2026-06-12 13:58:56.914000'), Timestamp('2026-06-12 13:58:57.324000'), Timestamp('2026-06-12 13:58:57.399000'), Timestamp('2026-06-12 13:58:57.560000'), Timestamp('2026-06-12 13:58:57.638000'), Timestamp('2026-06-12 13:58:58.072000'), Timestamp('2026-06-12 13:58:58.148000'), Timestamp('2026-06-12 13:58:58.298000'), Timestamp('2026-06-12 13:58:58.375000'), Timestamp('2026-06-12 13:58:58.716000'), Timestamp('2026-06-12 13:58:58.793000'), Timestamp('2026-06-12 13:58:58.945000'), Timestamp('2026-06-12 13:58:59.021000'), Timestamp('2026-06-12 13:58:59.455000'), Timestamp('2026-06-12 13:58:59.531000'), Timestamp('2026-06-12 13:58:59.681000'), Timestamp('2026-06-12 13:58:59.757000'), Timestamp('2026-06-12 13:59:00.186000'), Timestamp('2026-06-12 13:59:00.266000'), Timestamp('2026-06-12 13:59:00.419000'), Timestamp('2026-06-12 13:59:00.493000'), Timestamp('2026-06-12 13:59:00.922000'), Timestamp('2026-06-12 13:59:00.997000'), Timestamp('2026-06-12 13:59:01.147000'), Timestamp('2026-06-12 13:59:01.224000'), Timestamp('2026-06-12 13:59:01.659000'), Timestamp('2026-06-12 13:59:01.732000'), Timestamp('2026-06-12 13:59:01.883000'), Timestamp('2026-06-12 13:59:01.959000'), Timestamp('2026-06-12 13:59:02.303000'), Timestamp('2026-06-12 13:59:02.379000'), Timestamp('2026-06-12 13:59:02.524000'), Timestamp('2026-06-12 13:59:02.606000'), Timestamp('2026-06-12 13:59:02.972000'), Timestamp('2026-06-12 13:59:03.049000'), Timestamp('2026-06-12 13:59:03.207000'), Timestamp('2026-06-12 13:59:03.479000'), Timestamp('2026-06-12 13:59:03.636000'), Timestamp('2026-06-12 13:59:03.713000'), Timestamp('2026-06-12 13:59:03.970000'), Timestamp('2026-06-12 13:59:04.050000'), Timestamp('2026-06-12 13:59:04.199000'), Timestamp('2026-06-12 13:59:04.276000'), Timestamp('2026-06-12 13:59:04.729000'), Timestamp('2026-06-12 13:59:04.804000')]","[0.103, 0.361, 0.108, 0.209, 0.078, 0.376, 0.066, 0.162, 0.071, 0.415, 0.076, 0.173, 0.075, 0.412, 0.075, 0.173, 0.077, 0.41, 0.075, 0.161, 0.078, 0.434, 0.076, 0.15, 0.077, 0.341, 0.077, 0.152, 0.076, 0.434, 0.076, 0.15, 0.076, 0.429, 0.08, 0.153, 0.074, 0.429, 0.075, 0.15, 0.077, 0.435, 0.073, 0.151, 0.076, 0.344, 0.076, 0.145, 0.082, 0.366, 0.077, 0.158, 0.272, 0.157, 0.077, 0.257, 0.08, 0.149, 0.077, 0.453, 0.075]","[24.423889708842076, 21.017925736235597, 23.935483084722627, 22.461235450802544, 21.323533006438495, 22.301241194230123, 24.215070643642072, 22.10190136660725, 21.360242821206995, 21.422887265635058, 22.31322403309585, 21.900435610854302, 22.405186616994285, 21.819037738052046, 21.900130775092194, 21.861179446875596, 22.37071639721178, 21.99909687358886, 21.959354650567576, 22.10618302676064, 21.96547038147717, 22.023344356865728, 22.210680350042843, 21.56376453548225, 22.433780981703727, 22.419223013457227, 21.72361785729659, 21.910603206247643, 22.43363348504694, 21.928665081513977, 22.10927099113988, 22.23833034725167, 22.245405940808944, 21.711077761768003, 21.262983591750718, 21.73248839141032, 22.77201641526176, 21.845371335594983, 22.18892218892219, 21.982449250436737, 21.68327571012135, 21.614771391756232, 21.807743609042454, 21.546289967342602, 21.899586800249054, 21.661271856050433, 21.911752369767637, 21.538176141493125, 21.119743293371112, 21.75105385685975, 21.38772961324334, 21.786816098651002, 21.474564072500687, 22.03721585766921, 22.230797630266398, 21.35907057664099, 20.905100458005048, 21.617654376275063, 21.498390111745184, 21.62859879254422, 21.252998807178372, 21.675273162700194]","[2.5156606400107338, 7.58747119078105, 2.5850321731500436, 4.694398209217732, 1.6632355745022027, 8.385266689030527, 1.598194662480377, 3.580508021390375, 1.5165772403056965, 8.890498215238548, 1.6958050265152844, 3.788775360677794, 1.6803889962745713, 8.989443548077443, 1.6425098081319145, 3.781984044309478, 1.722545162585307, 9.019629718171432, 1.6469515987925682, 3.559095467308463, 1.7133066897552194, 9.558131450879726, 1.688011706603256, 3.2345646803223373, 1.727401135591187, 7.644955047588915, 1.6727185750118372, 3.3304116873496414, 1.7049561448635673, 9.517040645377065, 1.680304595326631, 3.33574955208775, 1.6906508515014798, 9.314052359798474, 1.7010386873400574, 3.325070723885779, 1.6851292147293702, 9.371664302970247, 1.6641691641691643, 3.2973673875655103, 1.6696122296793439, 9.402425555413961, 1.591965283460099, 3.2534897850687328, 1.6643685968189281, 7.451477518481348, 1.6652931801023403, 3.123035540516503, 1.7318189500564312, 7.9608857116106675, 1.6468551802197373, 3.4423169435868584, 5.841081427720187, 3.459842889654066, 1.7117714175305125, 5.489281138196734, 1.672408036640404, 3.221030502064984, 1.6553760386043792, 9.797755253022533, 1.5939749105383778]",238.44673203865582,9.954448269937943
ADTC1_adz_raw_20260612_1404,2026-06-12 14:02:58.643,2026-06-12 14:03:08.663,"[Timestamp('2026-06-12 14:03:08.663000'), Timestamp('2026-06-12 14:03:08.793000'), Timestamp('2026-06-12 14:03:09.104000'), Timestamp('2026-06-12 14:03:09.235000'), Timestamp('2026-06-12 14:03:09.476000'), Timestamp('2026-06-12 14:03:09.549000'), Timestamp('2026-06-12 14:03:10.116000'), Timestamp('2026-06-12 14:03:10.190000'), Timestamp('2026-06-12 14:03:10.364000'), Timestamp('2026-06-12 14:03:10.437000'), Timestamp('2026-06-12 14:03:11.082000'), Timestamp('2026-06-12 14:03:11.254000'), Timestamp('2026-06-12 14:03:11.327000'), Timestamp('2026-06-12 14:03:11.888000'), Timestamp('2026-06-12 14:03:11.963000'), Timestamp('2026-06-12 14:03:12.140000'), Timestamp('2026-06-12 14:03:12.214000'), Timestamp('2026-06-12 14:03:12.848000'), Timestamp('2026-06-12 14:03:13.099000'), Timestamp('2026-06-12 14:03:13.988000'), Timestamp('2026-06-12 14:03:14.632000'), Timestamp('2026-06-12 14:03:16.587000'), Timestamp('2026-06-12 14:03:16.663000'), Timestamp('2026-06-12 14:03:17.255000'), Timestamp('2026-06-12 14:03:17.384000'), Timestamp('2026-06-12 14:03:17.460000'), Timestamp('2026-06-12 14:03:18.054000'), Timestamp('2026-06-12 14:03:18.228000'), Timestamp('2026-06-12 14:03:18.302000'), Timestamp('2026-06-12 14:03:18.878000'), Timestamp('2026-06-12 14:03:18.953000'), Timestamp('2026-06-12 14:03:19.125000'), Timestamp('2026-06-12 14:03:19.207000'), Timestamp('2026-06-12 14:03:19.775000'), Timestamp('2026-06-12 14:03:19.852000'), Timestamp('2026-06-12 14:03:20.022000'), Timestamp('2026-06-12 14:03:20.996000'), Timestamp('2026-06-12 14:03:21.645000'), Timestamp('2026-06-12 14:03:21.898000'), Timestamp('2026-06-12 14:03:22.361000'), Timestamp('2026-06-12 14:03:22.437000'), Timestamp('2026-06-12 14:03:23.149000'), Timestamp('2026-06-12 14:03:23.227000'), Timestamp('2026-06-12 14:03:23.792000'), Timestamp('2026-06-12 14:03:23.865000'), Timestamp('2026-06-12 14:03:24.756000'), Timestamp('2026-06-12 14:03:25.002000'), Timestamp('2026-06-12 14:03:25.479000'), Timestamp('2026-06-12 14:03:25.554000'), Timestamp('2026-06-12 14:03:25.781000'), Timestamp('2026-06-12 14:03:26.381000'), Timestamp('2026-06-12 14:03:26.535000'), Timestamp('2026-06-12 14:03:26.610000'), Timestamp('2026-06-12 14:03:27.089000'), Timestamp('2026-06-12 14:03:27.162000'), Timestamp('2026-06-12 14:03:27.331000'), Timestamp('2026-06-12 14:03:27.410000'), Timestamp('2026-06-12 14:03:28.049000'), Timestamp('2026-06-12 14:03:28.314000'), Timestamp('2026-06-12 14:03:28.959000'), Timestamp('2026-06-12 14:03:29.224000'), Timestamp('2026-06-12 14:03:29.869000'), Timestamp('2026-06-12 14:03:30.039000'), Timestamp('2026-06-12 14:03:30.115000'), Timestamp('2026-06-12 14:03:30.708000'), Timestamp('2026-06-12 14:03:30.875000'), Timestamp('2026-06-12 14:03:30.955000')]","[0.13, 0.311, 0.131, 0.241, 0.073, 0.567, 0.074, 0.174, 0.073, 0.645, 0.172, 0.073, 0.561, 0.075, 0.177, 0.074, 0.634, 0.251, 0.889, 0.644, 1.955, 0.076, 0.592, 0.129, 0.076, 0.594, 0.174, 0.074, 0.576, 0.075, 0.172, 0.082, 0.568, 0.077, 0.17, 0.974, 0.649, 0.253, 0.463, 0.076, 0.712, 0.078, 0.565, 0.073, 0.891, 0.246, 0.477, 0.075, 0.227, 0.6, 0.154, 0.075, 0.479, 0.073, 0.169, 0.079, 0.639, 0.265, 0.645, 0.265, 0.645, 0.17, 0.076, 0.593, 0.167, 0.08]","[nan, nan, nan, nan, nan, nan, nan, nan, nan, nan, nan, nan, nan, nan, nan, nan, nan, nan, nan, nan, nan, nan, nan, nan, nan, nan, nan, nan, nan, nan, nan, nan, nan, nan, nan, nan, nan, nan, nan, nan, nan, nan, nan, nan, nan, nan, nan, nan, nan, nan, nan, nan, nan, nan, nan, nan, nan, nan, nan, nan, nan, nan, nan, nan, nan, nan, nan, nan]","[nan, nan, nan, nan, nan, nan, nan, nan, nan, nan, nan, nan, nan, nan, nan, nan, nan, nan, nan, nan, nan, nan, nan, nan, nan, nan, nan, nan, nan, nan, nan, nan, nan, nan, nan, nan, nan, nan, nan, nan, nan, nan, nan, nan, nan, nan, nan, nan, nan, nan, nan, nan, nan, nan, nan, nan, nan, nan, nan, nan, nan, nan, nan, nan, nan, nan]",,9.920260568205515
ADTC1_adz_raw_20260612_1408,2026-06-12 14:07:14.522,2026-06-12 14:07:24.559,"[Timestamp('2026-06-12 14:07:24.559000'), Timestamp('2026-06-12 14:07:24.681000'), Timestamp('2026-06-12 14:07:25.309000'), Timestamp('2026-06-12 14:07:25.433000'), Timestamp('2026-06-12 14:07:26.096000'), Timestamp('2026-06-12 14:07:26.221000'), Timestamp('2026-06-12 14:07:26.882000'), Timestamp('2026-06-12 14:07:27.006000'), Timestamp('2026-06-12 14:07:27.669000'), Timestamp('2026-06-12 14:07:27.795000'), Timestamp('2026-06-12 14:07:28.459000'), Timestamp('2026-06-12 14:07:28.581000'), Timestamp('2026-06-12 14:07:29.244000'), Timestamp('2026-06-12 14:07:29.366000'), Timestamp('2026-06-12 14:07:30.031000'), Timestamp('2026-06-12 14:07:30.155000'), Timestamp('2026-06-12 14:07:30.818000'), Timestamp('2026-06-12 14:07:30.939000'), Timestamp('2026-06-12 14:07:31.605000'), Timestamp('2026-06-12 14:07:31.727000'), Timestamp('2026-06-12 14:07:32.388000'), Timestamp('2026-06-12 14:07:32.511000'), Timestamp('2026-06-12 14:07:33.140000'), Timestamp('2026-06-12 14:07:33.262000'), Timestamp('2026-06-12 14:07:33.626000'), Timestamp('2026-06-12 14:07:33.744000'), Timestamp('2026-06-12 14:07:34.376000'), Timestamp('2026-06-12 14:07:34.495000'), Timestamp('2026-06-12 14:07:35.158000'), Timestamp('2026-06-12 14:07:35.283000'), Timestamp('2026-06-12 14:07:35.945000'), Timestamp('2026-06-12 14:07:36.068000'), Timestamp('2026-06-12 14:07:36.732000'), Timestamp('2026-06-12 14:07:36.859000'), Timestamp('2026-06-12 14:07:37.516000'), Timestamp('2026-06-12 14:07:37.639000'), Timestamp('2026-06-12 14:07:38.307000'), Timestamp('2026-06-12 14:07:38.427000'), Timestamp('2026-06-12 14:07:39.090000'), Timestamp('2026-06-12 14:07:39.215000'), Timestamp('2026-06-12 14:07:39.880000'), Timestamp('2026-06-12 14:07:40.002000'), Timestamp('2026-06-12 14:07:40.664000'), Timestamp('2026-06-12 14:07:40.787000'), Timestamp('2026-06-12 14:07:41.453000'), Timestamp('2026-06-12 14:07:41.578000'), Timestamp('2026-06-12 14:07:42.203000'), Timestamp('2026-06-12 14:07:42.325000')]","[0.122, 0.628, 0.124, 0.663, 0.125, 0.661, 0.124, 0.663, 0.126, 0.664, 0.122, 0.663, 0.122, 0.665, 0.124, 0.663, 0.121, 0.666, 0.122, 0.661, 0.123, 0.629, 0.122, 0.364, 0.118, 0.632, 0.119, 0.663, 0.125, 0.662, 0.123, 0.664, 0.127, 0.657, 0.123, 0.668, 0.12, 0.663, 0.125, 0.665, 0.122, 0.662, 0.123, 0.666, 0.125, 0.625, 0.122]","[22.535083302659196, 22.385627590088554, 22.30144870231858, 22.181526647980235, 22.50096601685441, 22.309704110737485, 22.348534009792935, 22.209399460156355, 22.39885277442938, 22.030883660764815, 22.791010372646944, 22.156662792609296, 22.405186616994285, 22.307440221813277, 22.540939687068594, 22.69285946750518, 22.330356308489197, 22.224652137740573, 22.688154063308286, 22.654506616294093, 22.30328381559756, 22.384321048505477, 22.35824130213681, 22.582759605202035, 23.2452604866398, 22.612266183752062, 23.5278134649273, 22.21907728617304, 22.415781728512904, 22.57217122848366, 22.139801896929534, 22.246344901443145, 22.633568152611065, 23.512997974736393, 22.746418380999977, 22.40072224457049, 23.631533238433466, 22.753036437246962, 23.167556608820426, 22.21616648566183, 23.202133417858875, 22.836671018880544, 22.127563549479, 22.91256802534998, 23.305325182010236, 23.30935364278274, 22.70766789055469, 23.046149607383946]","[2.7492801629244217, 14.058174126575611, 2.765379639087504, 14.706352167610897, 2.812620752106801, 14.746714417197479, 2.771218217214324, 14.724831842083665, 2.8222554495781016, 14.628506750747837, 2.780503265462927, 14.689867431499964, 2.7334327672733028, 14.83444774750583, 2.7950765211965054, 15.045365826955935, 2.7019731133271927, 14.801618323735223, 2.7679547957236106, 14.974628873370396, 2.7433039093184997, 14.079737939509945, 2.7277054388606907, 8.22012449629354, 2.7429407374234964, 14.290952228131303, 2.7998098023263482, 14.731248240732725, 2.801972716064113, 14.942777353256185, 2.7231956333223324, 14.771573014558248, 2.8744631553816054, 15.448039669401812, 2.797809460862997, 14.963682459373087, 2.835783988612016, 15.085263157894737, 2.8959445761025533, 14.773750712965118, 2.8306602769787825, 15.11787621449892, 2.7216903165859168, 15.259770304883087, 2.9131656477512795, 14.568346026739212, 2.770335482647672]",400.3421251516539,9.928382184124915
ADTC1_adz_raw_20260612_1411,2026-06-12 14:09:54.726,2026-06-12 14:10:04.835,"[Timestamp('2026-06-12 14:10:04.835000'), Timestamp('2026-06-12 14:10:05.285000'), Timestamp('2026-06-12 14:10:05.724000'), Timestamp('2026-06-12 14:10:06.173000'), Timestamp('2026-06-12 14:10:06.514000'), Timestamp('2026-06-12 14:10:06.967000'), Timestamp('2026-06-12 14:10:07.401000'), Timestamp('2026-06-12 14:10:07.857000')]","[0.45, 0.439, 0.449, 0.341, 0.453, 0.434, 0.456]","[22.30514096185738, 17.782007613704668, 22.3421926910299, 21.898976982097185, 16.973636691946552, 33.93939393939394, 9.886745969002225, 31.346920691182987, 21.208033573141485]","[10.037313432835822, 7.806301342416349, 10.031644518272426, 7.467551150895141, 7.689057421451788, 14.729696969696969, 4.508356161865015]",62.26992099743351,9.92154915590864
ADTC1_adz_raw_20260612_1430,2026-06-12 14:29:30.003,2026-06-12 14:29:40.058,"[Timestamp('2026-06-12 14:29:40.058000'), Timestamp('2026-06-12 14:29:40.177000'), Timestamp('2026-06-12 14:29:40.539000'), Timestamp('2026-06-12 14:29:40.655000'), Timestamp('2026-06-12 14:29:40.888000'), Timestamp('2026-06-12 14:29:41.002000'), Timestamp('2026-06-12 14:29:41.803000'), Timestamp('2026-06-12 14:29:41.924000'), Timestamp('2026-06-12 14:29:42.113000'), Timestamp('2026-06-12 14:29:42.230000'), Timestamp('2026-06-12 14:29:43.028000'), Timestamp('2026-06-12 14:29:43.144000'), Timestamp('2026-06-12 14:29:43.343000'), Timestamp('2026-06-12 14:29:43.453000'), Timestamp('2026-06-12 14:29:44.257000'), Timestamp('2026-06-12 14:29:44.369000'), Timestamp('2026-06-12 14:29:44.568000'), Timestamp('2026-06-12 14:29:44.681000'), Timestamp('2026-06-12 14:29:45.476000'), Timestamp('2026-06-12 14:29:45.590000')]","[0.119, 0.362, 0.116, 0.233, 0.114, 0.801, 0.121, 0.189, 0.117, 0.798, 0.116, 0.199, 0.11, 0.804, 0.112, 0.199, 0.113, 0.795, 0.114]","[21.547388781431337, 21.64595471591272, 21.992210783641163, 21.54377277414629, 21.58136418603131, 21.855772976741328, 22.17001975368219, 22.57871989418644, 21.659265401362756, 21.779223814909344, 21.31445445597032, 21.435115019440797, 21.584962108665206, 21.582733812949638, 22.471910112359545, 21.51892225421637, 21.63477255010436, 22.016979981294455, 20.920500338493206, 21.40186678196292]","[2.564139264990329, 7.835835607160404, 2.551096450902375, 5.019699056376086, 2.4602755172075694, 17.506474154369805, 2.682572390195545, 4.267378060001238, 2.5341340519594424, 17.379820604297656, 2.472476716892557, 4.265587888868719, 2.3743458319531725, 17.35251798561151, 2.516853932584269, 4.282265528589058, 2.4447292981617927, 17.503499085129093, 2.3849370385882254]",120.39863846383884,9.950683538471012
ADTC1_adz_raw_20260612_1455,2026-06-12 14:53:30.595,2026-06-12 14:53:40.653,"[Timestamp('2026-06-12 14:53:40.653000'), Timestamp('2026-06-12 14:53:40.761000'), Timestamp('2026-06-12 14:53:41.555000'), Timestamp('2026-06-12 14:53:41.668000'), Timestamp('2026-06-12 14:53:41.985000'), Timestamp('2026-06-12 14:53:42.105000'), Timestamp('2026-06-12 14:53:42.892000'), Timestamp('2026-06-12 14:53:43.014000'), Timestamp('2026-06-12 14:53:43.324000'), Timestamp('2026-06-12 14:53:43.441000'), Timestamp('2026-06-12 14:53:44.227000'), Timestamp('2026-06-12 14:53:44.347000'), Timestamp('2026-06-12 14:53:44.670000'), Timestamp('2026-06-12 14:53:44.780000'), Timestamp('2026-06-12 14:53:45.576000'), Timestamp('2026-06-12 14:53:45.684000'), Timestamp('2026-06-12 14:53:46.007000'), Timestamp('2026-06-12 14:53:46.127000'), Timestamp('2026-06-12 14:53:46.917000'), Timestamp('2026-06-12 14:53:47.035000'), Timestamp('2026-06-12 14:53:47.350000'), Timestamp('2026-06-12 14:53:47.466000'), Timestamp('2026-06-12 14:53:48.263000'), Timestamp('2026-06-12 14:53:48.381000'), Timestamp('2026-06-12 14:53:48.699000'), Timestamp('2026-06-12 14:53:48.807000'), Timestamp('2026-06-12 14:53:49.616000'), Timestamp('2026-06-12 14:53:49.724000'), Timestamp('2026-06-12 14:53:50.041000'), Timestamp('2026-06-12 14:53:50.162000'), Timestamp('2026-06-12 14:53:50.956000'), Timestamp('2026-06-12 14:53:51.077000'), Timestamp('2026-06-12 14:53:51.395000'), Timestamp('2026-06-12 14:53:51.504000'), Timestamp('2026-06-12 14:53:52.310000'), Timestamp('2026-06-12 14:53:52.422000'), Timestamp('2026-06-12 14:53:52.739000'), Timestamp('2026-06-12 14:53:52.863000'), Timestamp('2026-06-12 14:53:53.661000'), Timestamp('2026-06-12 14:53:53.778000'), Timestamp('2026-06-12 14:53:54.102000'), Timestamp('2026-06-12 14:53:54.211000'), Timestamp('2026-06-12 14:53:55.024000'), Timestamp('2026-06-12 14:53:55.129000'), Timestamp('2026-06-12 14:53:55.459000'), Timestamp('2026-06-12 14:53:55.566000'), Timestamp('2026-06-12 14:53:56.377000'), Timestamp('2026-06-12 14:53:56.482000')]","[0.108, 0.794, 0.113, 0.317, 0.12, 0.787, 0.122, 0.31, 0.117, 0.786, 0.12, 0.323, 0.11, 0.796, 0.108, 0.323, 0.12, 0.79, 0.118, 0.315, 0.116, 0.797, 0.118, 0.318, 0.108, 0.809, 0.108, 0.317, 0.121, 0.794, 0.121, 0.318, 0.109, 0.806, 0.112, 0.317, 0.124, 0.798, 0.117, 0.324, 0.109, 0.813, 0.105, 0.33, 0.107, 0.811, 0.105]","[21.695516056628577, 21.432945499081445, 20.637064841337356, 21.668341024025608, 21.464565669492877, 21.393705191437434, 21.424340785987905, 21.547070818989795, 21.087834427057047, 21.46616258713093, 20.950553565093358, 21.08994965056145, 20.633174819088573, 21.466973886328724, 20.66536411102472, 21.2830073133805, 21.2830073133805, 21.159665716685254, 21.166971110085065, 21.05734946759027, 21.24191939271283, 21.05247779336139, 21.435121314509004, 21.05939779628708, 20.90199192641122, 21.016466416690488, 20.960740756279787, 21.377958691391534, 20.97313790126364, 21.45965803779676, 21.60840254002769, 21.349266540797167, 21.307838918760424, 21.49456020652776, 20.999531051115433, 21.292326393735074, 20.89823849471901, 21.19402985074627, 21.560009236918653, 21.072020629950266, 21.219530450837055, 21.076641621408605, 21.565247032140075, 20.93771116208776, 21.039557829089933, 20.577035089164994, 21.09226419512566, 20.892844390487753]","[2.3431157341158864, 17.017758726270667, 2.3319883270711212, 6.868864104616118, 2.5757478803391454, 16.83684598566126, 2.613769575890524, 6.6795919538868365, 2.4672766279656746, 16.872403793484914, 2.514066427811203, 6.8120537371313485, 2.269649230099743, 17.087711213517665, 2.2318593239906694, 6.8744113622219025, 2.55396087760566, 16.71613591618135, 2.4977025909900377, 6.633065082290935, 2.4640626495546885, 16.778824801309028, 2.5293443151120623, 6.696888499219291, 2.2574151280524117, 17.002321331102607, 2.263760001678217, 6.776812905171116, 2.5377496860529005, 17.038968482010628, 2.6146167073433504, 6.789066759973499, 2.3225544421448863, 17.324615526461375, 2.3519474777249285, 6.749667466814018, 2.5913815733451573, 16.912835820895523, 2.5225210807194824, 6.827334684103887, 2.312928819141239, 17.135309638205193, 2.2643509383747076, 6.90944468348896, 2.2512326877126227, 16.68797545731281, 2.2146877404881944]",335.9265977746554,9.948499780533194
ADTC1_adz_raw_20260612_1459,2026-06-12 14:58:17.261,2026-06-12 14:58:27.301,"[Timestamp('2026-06-12 14:58:27.301000'), Timestamp('2026-06-12 14:58:27.416000'), Timestamp('2026-06-12 14:58:28.166000'), Timestamp('2026-06-12 14:58:28.283000'), Timestamp('2026-06-12 14:58:28.494000'), Timestamp('2026-06-12 14:58:28.609000'), Timestamp('2026-06-12 14:58:29.379000'), Timestamp('2026-06-12 14:58:29.495000'), Timestamp('2026-06-12 14:58:29.709000'), Timestamp('2026-06-12 14:58:29.823000'), Timestamp('2026-06-12 14:58:30.598000'), Timestamp('2026-06-12 14:58:30.710000'), Timestamp('2026-06-12 14:58:31.041000'), Timestamp('2026-06-12 14:58:31.793000'), Timestamp('2026-06-12 14:58:31.909000'), Timestamp('2026-06-12 14:58:32.215000'), Timestamp('2026-06-12 14:58:32.338000'), Timestamp('2026-06-12 14:58:33.092000'), Timestamp('2026-06-12 14:58:33.213000'), Timestamp('2026-06-12 14:58:33.422000'), Timestamp('2026-06-12 14:58:33.535000'), Timestamp('2026-06-12 14:58:34.314000'), Timestamp('2026-06-12 14:58:34.426000'), Timestamp('2026-06-12 14:58:34.643000'), Timestamp('2026-06-12 14:58:34.756000'), Timestamp('2026-06-12 14:58:35.531000'), Timestamp('2026-06-12 14:58:35.650000'), Timestamp('2026-06-12 14:58:35.863000'), Timestamp('2026-06-12 14:58:35.979000'), Timestamp('2026-06-12 14:58:36.732000'), Timestamp('2026-06-12 14:58:36.853000')]","[0.115, 0.75, 0.117, 0.211, 0.115, 0.77, 0.116, 0.214, 0.114, 0.775, 0.112, 0.331, 0.752, 0.116, 0.306, 0.123, 0.754, 0.121, 0.209, 0.113, 0.779, 0.112, 0.217, 0.113, 0.775, 0.119, 0.213, 0.116, 0.753, 0.121]","[21.329276770348518, 21.208639174987354, 20.748622458673765, 21.16382226900233, 21.388084605192127, 21.508760815564408, 21.210696570606764, 21.27659574468085, 21.31268385593645, 20.94772363303592, 21.12754363538219, 21.428571428571427, 20.346405744496174, 21.31576435022316, 21.091003061887722, 21.24192533445202, 21.128059310562023, 21.251274412911343, 20.95649647759459, 21.41689627796198, 21.253033157352064, 21.37477199665427, 21.247083225304642, 21.52359254801184, 21.316517916096434, 21.602643931411052, 20.94272051626603, 21.171010197855836, 20.529087439033013, 21.269469165156032, 21.148552080036062, 21.201448123980633]","[2.4528668285900794, 15.906479381240516, 2.4275888276648305, 4.465566498759491, 2.459629729597095, 16.561745827984595, 2.460440802190385, 4.553191489361702, 2.429645959576755, 16.234485815602838, 2.3662848871628053, 7.0928571428571425, 15.300497119861122, 2.4726286646258866, 6.4538469369376426, 2.6127568161375985, 15.930556720163764, 2.571404203962272, 4.379907763817269, 2.4201092794097034, 16.55611282957726, 2.393974463625278, 4.610617059891108, 2.432165957925338, 16.520301384974736, 2.570714627837915, 4.460799469964664, 2.455837182951277, 15.458402841591859, 2.57360576898388]",201.5850222828268,9.926681979735507
ADTC1_adz_raw_20260612_1506,2026-06-12 15:05:04.160,2026-06-12 15:05:14.248,"[Timestamp('2026-06-12 15:05:14.248000'), Timestamp('2026-06-12 15:05:15.556000'), Timestamp('2026-06-12 15:05:15.976000'), Timestamp('2026-06-12 15:05:16.382000'), Timestamp('2026-06-12 15:05:16.453000'), Timestamp('2026-06-12 15:05:16.818000'), Timestamp('2026-06-12 15:05:17.287000')]","[1.308, 0.42, 0.406, 0.071, 0.365, 0.469]","[21.660649819494584, 21.77858439201452, 25.531914893617024, 29.48402948402948, 41.95804195804195, 36.474164133738604, 40.816326530612244, 21.20141342756184, 21.46690518783542]","[28.332129963898918, 9.147005444646098, 10.365957446808512, 2.093366093366093, 15.314685314685313, 17.106382978723403]",82.35952724212834,9.662622533076856
ADTC1_adz_raw_20260612_1527,2026-06-12 15:25:57.600,2026-06-12 15:26:07.645,"[Timestamp('2026-06-12 15:26:07.645000'), Timestamp('2026-06-12 15:26:07.750000'), Timestamp('2026-06-12 15:26:08.529000'), Timestamp('2026-06-12 15:26:08.631000'), Timestamp('2026-06-12 15:26:08.945000'), Timestamp('2026-06-12 15:26:09.051000'), Timestamp('2026-06-12 15:26:09.835000'), Timestamp('2026-06-12 15:26:09.933000'), Timestamp('2026-06-12 15:26:10.242000'), Timestamp('2026-06-12 15:26:10.361000'), Timestamp('2026-06-12 15:26:11.130000'), Timestamp('2026-06-12 15:26:11.246000'), Timestamp('2026-06-12 15:26:11.555000'), Timestamp('2026-06-12 15:26:11.661000'), Timestamp('2026-06-12 15:26:12.443000'), Timestamp('2026-06-12 15:26:12.543000'), Timestamp('2026-06-12 15:26:12.852000'), Timestamp('2026-06-12 15:26:12.969000'), Timestamp('2026-06-12 15:26:13.741000'), Timestamp('2026-06-12 15:26:13.859000'), Timestamp('2026-06-12 15:26:14.164000'), Timestamp('2026-06-12 15:26:14.268000'), Timestamp('2026-06-12 15:26:15.050000'), Timestamp('2026-06-12 15:26:15.157000'), Timestamp('2026-06-12 15:26:15.464000'), Timestamp('2026-06-12 15:26:15.581000'), Timestamp('2026-06-12 15:26:16.344000'), Timestamp('2026-06-12 15:26:16.460000'), Timestamp('2026-06-12 15:26:16.764000'), Timestamp('2026-06-12 15:26:16.882000'), Timestamp('2026-06-12 15:26:17.640000'), Timestamp('2026-06-12 15:26:17.763000'), Timestamp('2026-06-12 15:26:18.071000'), Timestamp('2026-06-12 15:26:18.176000'), Timestamp('2026-06-12 15:26:18.949000'), Timestamp('2026-06-12 15:26:19.055000'), Timestamp('2026-06-12 15:26:19.361000'), Timestamp('2026-06-12 15:26:19.480000'), Timestamp('2026-06-12 15:26:20.238000'), Timestamp('2026-06-12 15:26:20.352000'), Timestamp('2026-06-12 15:26:20.652000'), Timestamp('2026-06-12 15:26:20.772000'), Timestamp('2026-06-12 15:26:21.538000'), Timestamp('2026-06-12 15:26:21.650000'), Timestamp('2026-06-12 15:26:21.956000'), Timestamp('2026-06-12 15:26:22.068000'), Timestamp('2026-06-12 15:26:22.832000'), Timestamp('2026-06-12 15:26:22.946000'), Timestamp('2026-06-12 15:26:23.258000'), Timestamp('2026-06-12 15:26:23.357000'), Timestamp('2026-06-12 15:26:24.137000'), Timestamp('2026-06-12 15:26:24.242000')]","[0.105, 0.779, 0.102, 0.314, 0.106, 0.784, 0.098, 0.309, 0.119, 0.769, 0.116, 0.309, 0.106, 0.782, 0.1, 0.309, 0.117, 0.772, 0.118, 0.305, 0.104, 0.782, 0.107, 0.307, 0.117, 0.763, 0.116, 0.304, 0.118, 0.758, 0.123, 0.308, 0.105, 0.773, 0.106, 0.306, 0.119, 0.758, 0.114, 0.3, 0.12, 0.766, 0.112, 0.306, 0.112, 0.764, 0.114, 0.312, 0.099, 0.78, 0.105]","[22.73548990201127, 23.06670405804292, 22.70456089858896, 22.34435840545425, 22.13816342150951, 22.422574320562298, 22.888292519288825, 21.624565038382876, 21.83201249597817, 22.12739094942537, 22.147294510740416, 22.446273507866948, 22.224326058537812, 22.553551219645215, 22.430580137240433, 22.9344040247678, 22.133173528316902, 21.703363878236097, 22.315682073877483, 22.63064923762341, 22.353032529357655, 22.303418617865766, 21.82963893754913, 22.731937602627262, 22.038678485092667, 22.327023019064537, 21.82541316881137, 21.904382470119522, 22.435312351799823, 22.43685097822545, 22.185308031523654, 22.34431530563426, 22.512770677303813, 22.594325535092086, 22.404830076017138, 22.359799133456836, 22.3570213110769, 22.734588424999977, 21.863557709773332, 21.684481364260087, 21.50396187663268, 21.48969450609005, 21.991154033436132, 22.046336042265256, 23.164728858237943, 21.908888530993913, 21.692929326989365, 21.98018247979216, 22.013766995886932, 21.647286764252968, 22.452987452860754, 22.945570790481582]","[2.387226439711183, 17.968962461215433, 2.3158652116560736, 7.016128539312635, 2.346645322680008, 17.57929826732084, 2.243052666890305, 6.681990596860309, 2.598009487021402, 17.015963640108108, 2.5690861632458883, 6.935898513930887, 2.3557785622050083, 17.636877053762557, 2.2430580137240432, 7.086730843653251, 2.5895813028130776, 16.754996913998266, 2.633250484717543, 6.9023480174751395, 2.324715383053196, 17.44127335917103, 2.335771366317757, 6.978704844006569, 2.578525382755842, 17.03551856354624, 2.531747927582119, 6.658932270916335, 2.6473668575123788, 17.007133041494892, 2.7287928878774093, 6.882049114135352, 2.3638409211169003, 17.46541363862618, 2.3749119880578164, 6.842098534837792, 2.6604855360181507, 17.23281802614998, 2.4924455789141597, 6.505344409278026, 2.5804754251959214, 16.46110599166498, 2.4630092517448468, 6.746178828933168, 2.59444963212265, 16.73839083767935, 2.4729939432767876, 6.857816933695154, 2.1793629325928063, 16.884883676117315, 2.357563682550379]",369.28486926924336,9.929937286174654
ADTC1_adz_raw_20260612_1532,2026-06-12 15:31:03.821,2026-06-12 15:31:13.870,"[Timestamp('2026-06-12 15:31:13.870000'), Timestamp('2026-06-12 15:31:13.985000'), Timestamp('2026-06-12 15:31:14.336000'), Timestamp('2026-06-12 15:31:14.450000'), Timestamp('2026-06-12 15:31:14.684000'), Timestamp('2026-06-12 15:31:14.789000'), Timestamp('2026-06-12 15:31:15.571000'), Timestamp('2026-06-12 15:31:15.682000'), Timestamp('2026-06-12 15:31:15.871000'), Timestamp('2026-06-12 15:31:15.987000'), Timestamp('2026-06-12 15:31:16.769000'), Timestamp('2026-06-12 15:31:16.883000'), Timestamp('2026-06-12 15:31:17.073000'), Timestamp('2026-06-12 15:31:17.186000'), Timestamp('2026-06-12 15:31:17.966000'), Timestamp('2026-06-12 15:31:18.080000'), Timestamp('2026-06-12 15:31:18.274000'), Timestamp('2026-06-12 15:31:18.384000'), Timestamp('2026-06-12 15:31:19.170000'), Timestamp('2026-06-12 15:31:19.275000')]","[0.115, 0.351, 0.114, 0.234, 0.105, 0.782, 0.111, 0.189, 0.116, 0.782, 0.114, 0.19, 0.113, 0.78, 0.114, 0.194, 0.11, 0.786, 0.105]","[22.507409788528292, 22.387165469382808, 22.476656646864654, 22.426932835854764, 22.307305779824716, 22.313065529657194, 22.42261012772693, 21.53104564716781, 23.04430945252848, 22.591570948880815, 22.098355702693805, 21.533924953259717, 22.33331860979561, 22.38324201423832, 21.917749832512506, 22.911348974464303, 22.272823257400958, 22.098873005896092, 22.517124604373194, 21.77711150989918]","[2.588352125680754, 7.857895079753365, 2.5623388577425708, 5.247902283590015, 2.3422671068815952, 17.448817244191925, 2.4889097241776894, 4.069367627314716, 2.673139896493304, 17.6666084820248, 2.5192125501070937, 4.091445741119347, 2.5236650029069043, 17.45892877110589, 2.4986234809064256, 4.444801701046075, 2.4500105583141054, 17.36971418263433, 2.364298083459185]",120.66629849945011,9.941765544746383
ADTC1_adz_raw_20260612_1535,2026-06-12 15:34:18.541,2026-06-12 15:34:28.624,"[Timestamp('2026-06-12 15:34:28.624000'), Timestamp('2026-06-12 15:34:28.769000'), Timestamp('2026-06-12 15:34:29.280000'), Timestamp('2026-06-12 15:34:29.424000'), Timestamp('2026-06-12 15:34:29.571000'), Timestamp('2026-06-12 15:34:29.715000'), Timestamp('2026-06-12 15:34:30.450000'), Timestamp('2026-06-12 15:34:30.588000'), Timestamp('2026-06-12 15:34:31.317000'), Timestamp('2026-06-12 15:34:31.456000'), Timestamp('2026-06-12 15:34:32.178000'), Timestamp('2026-06-12 15:34:32.324000'), Timestamp('2026-06-12 15:34:33.045000'), Timestamp('2026-06-12 15:34:33.182000'), Timestamp('2026-06-12 15:34:33.912000'), Timestamp('2026-06-12 15:34:34.047000'), Timestamp('2026-06-12 15:34:34.771000'), Timestamp('2026-06-12 15:34:34.911000'), Timestamp('2026-06-12 15:34:35.632000'), Timestamp('2026-06-12 15:34:35.768000'), Timestamp('2026-06-12 15:34:36.495000'), Timestamp('2026-06-12 15:34:36.637000'), Timestamp('2026-06-12 15:34:36.792000'), Timestamp('2026-06-12 15:34:36.928000'), Timestamp('2026-06-12 15:34:37.441000'), Timestamp('2026-06-12 15:34:37.583000')]","[0.145, 0.511, 0.144, 0.147, 0.144, 0.735, 0.138, 0.729, 0.139, 0.722, 0.146, 0.721, 0.137, 0.73, 0.135, 0.724, 0.14, 0.721, 0.136, 0.727, 0.142, 0.155, 0.136, 0.513, 0.142]","[20.771625735165323, 21.09049029023683, 20.941429820461472, 21.0485622524638, 20.427896508337035, 21.543805738334612, 21.046128231558622, 21.428571428571423, 20.871735791090636, 20.652858482856324, 20.827856354172148, 21.85506946599097, 20.74201880758328, 20.432148590993357, 21.414640126607676, 21.202199046002107, 20.759575957595757, 21.6936820819461, 21.565233330087473, 22.01789355228071, 21.645797008919303, 21.340431206692905, 21.90707935170609, 21.06419792803328, 21.043639047207822, 22.350336553293154]","[3.0118857315989715, 10.77724053831102, 3.0155658941464516, 3.0941386511121785, 2.941617097200533, 15.83469721767594, 2.9043656959550903, 15.621428571428567, 2.9011712749615985, 14.911363824622265, 3.0408670277091336, 15.757505084979488, 2.8416565766389095, 14.91546847142515, 2.8909764170920362, 15.350392109305526, 2.9063406340634064, 15.641144781083138, 2.9328717328918965, 16.007008612508077, 3.073703175266541, 3.3077668370374003, 2.9793627918320285, 10.805933537081073, 2.9881967447035107]",190.45266903062995,9.9785195682463
ADTC1_adz_raw_20260612_1540,2026-06-12 15:38:53.203,2026-06-12 15:39:03.238,"[Timestamp('2026-06-12 15:39:03.238000'), Timestamp('2026-06-12 15:39:03.357000'), Timestamp('2026-06-12 15:39:03.714000'), Timestamp('2026-06-12 15:39:03.833000'), Timestamp('2026-06-12 15:39:04.140000'), Timestamp('2026-06-12 15:39:04.714000'), Timestamp('2026-06-12 15:39:05.624000'), Timestamp('2026-06-12 15:39:05.703000'), Timestamp('2026-06-12 15:39:06.277000'), Timestamp('2026-06-12 15:39:06.355000'), Timestamp('2026-06-12 15:39:06.529000'), Timestamp('2026-06-12 15:39:06.609000'), Timestamp('2026-06-12 15:39:07.186000'), Timestamp('2026-06-12 15:39:07.263000'), Timestamp('2026-06-12 15:39:07.439000'), Timestamp('2026-06-12 15:39:07.517000'), Timestamp('2026-06-12 15:39:08.348000'), Timestamp('2026-06-12 15:39:08.425000'), Timestamp('2026-06-12 15:39:09.001000'), Timestamp('2026-06-12 15:39:09.078000'), Timestamp('2026-06-12 15:39:09.255000'), Timestamp('2026-06-12 15:39:09.334000'), Timestamp('2026-06-12 15:39:09.912000'), Timestamp('2026-06-12 15:39:09.988000'), Timestamp('2026-06-12 15:39:10.167000'), Timestamp('2026-06-12 15:39:10.245000'), Timestamp('2026-06-12 15:39:10.824000'), Timestamp('2026-06-12 15:39:10.901000'), Timestamp('2026-06-12 15:39:17.568000'), Timestamp('2026-06-12 15:39:18.155000'), Timestamp('2026-06-12 15:39:18.233000'), Timestamp('2026-06-12 15:39:18.413000'), Timestamp('2026-06-12 15:39:18.493000'), Timestamp('2026-06-12 15:39:19.078000'), Timestamp('2026-06-12 15:39:19.159000'), Timestamp('2026-06-12 15:39:19.339000'), Timestamp('2026-06-12 15:39:19.424000'), Timestamp('2026-06-12 15:39:20.009000'), Timestamp('2026-06-12 15:39:20.086000'), Timestamp('2026-06-12 15:39:20.349000')]","[0.119, 0.357, 0.119, 0.307, 0.574, 0.91, 0.079, 0.574, 0.078, 0.174, 0.08, 0.577, 0.077, 0.176, 0.078, 0.831, 0.077, 0.576, 0.077, 0.177, 0.079, 0.578, 0.076, 0.179, 0.078, 0.579, 0.077, 6.667, 0.587, 0.078, 0.18, 0.08, 0.585, 0.081, 0.18, 0.085, 0.585, 0.077, 0.263]","[nan, nan, nan, nan, nan, nan, nan, nan, nan, nan, nan, nan, nan, nan, nan, nan, nan, nan, nan, nan, nan, nan, nan, nan, nan, nan, nan, nan, nan, nan, nan, nan, nan, nan, nan, nan, nan, nan, nan, nan, nan, nan, nan, nan, nan, nan, nan, nan, nan, nan, nan, nan, nan, nan]","[nan, nan, nan, nan, nan, nan, nan, nan, nan, nan, nan, nan, nan, nan, nan, nan, nan, nan, nan, nan, nan, nan, nan, nan, nan, nan, nan, nan, nan, nan, nan, nan, nan, nan, nan, nan, nan, nan, nan]",,9.92801025672601
ADTC1_adz_raw_20260612_1554,2026-06-12 15:52:35.098,2026-06-12 15:52:45.126,"[Timestamp('2026-06-12 15:52:45.126000'), Timestamp('2026-06-12 15:52:45.253000'), Timestamp('2026-06-12 15:52:46.025000'), Timestamp('2026-06-12 15:52:46.146000'), Timestamp('2026-06-12 15:52:46.360000'), Timestamp('2026-06-12 15:52:46.481000'), Timestamp('2026-06-12 15:52:47.276000'), Timestamp('2026-06-12 15:52:47.398000'), Timestamp('2026-06-12 15:52:47.619000'), Timestamp('2026-06-12 15:52:47.736000'), Timestamp('2026-06-12 15:52:48.535000'), Timestamp('2026-06-12 15:52:48.654000'), Timestamp('2026-06-12 15:52:48.873000'), Timestamp('2026-06-12 15:52:48.995000'), Timestamp('2026-06-12 15:52:49.771000'), Timestamp('2026-06-12 15:52:49.897000'), Timestamp('2026-06-12 15:52:50.215000'), Timestamp('2026-06-12 15:52:50.338000'), Timestamp('2026-06-12 15:52:51.111000'), Timestamp('2026-06-12 15:52:51.236000'), Timestamp('2026-06-12 15:52:51.458000'), Timestamp('2026-06-12 15:52:51.575000'), Timestamp('2026-06-12 15:52:52.377000'), Timestamp('2026-06-12 15:52:52.496000'), Timestamp('2026-06-12 15:52:52.715000'), Timestamp('2026-06-12 15:52:52.838000'), Timestamp('2026-06-12 15:52:53.640000'), Timestamp('2026-06-12 15:52:53.765000'), Timestamp('2026-06-12 15:52:53.981000'), Timestamp('2026-06-12 15:52:54.110000'), Timestamp('2026-06-12 15:52:54.888000'), Timestamp('2026-06-12 15:52:55.015000')]","[0.127, 0.772, 0.121, 0.214, 0.121, 0.795, 0.122, 0.221, 0.117, 0.799, 0.119, 0.219, 0.122, 0.776, 0.126, 0.318, 0.123, 0.773, 0.125, 0.222, 0.117, 0.802, 0.119, 0.219, 0.123, 0.802, 0.125, 0.216, 0.129, 0.778, 0.127]","[20.832100658207658, 21.67839499309008, 21.340569556393906, 21.056869593293612, 20.67379889090642, 21.069737235900863, 20.741248808793983, 21.066903293609087, 21.031108042445744, 21.067057245292872, 21.369329634715804, 20.929417723364125, 21.050521251002408, 20.42303151271816, 20.904835857648223, 20.836030473534827, 21.23140374134629, 21.06909047588122, 20.488567117973233, 20.594195124858455, 21.11717227667929, 21.035926952251074, 20.792674411871893, 20.989879685531854, 20.962124484091547, 20.802139641142112, 20.786523945368707, 20.856005521780624, 21.284128242891132, 21.122347016200703, 20.895922196075972, 21.115186394517252]","[2.6456767835923727, 16.735720934665544, 2.5822089163236623, 4.506170092964833, 2.5015296657996764, 16.75044110254119, 2.530432354672866, 4.655785627887608, 2.460639640966152, 16.832578738989007, 2.5429502265311807, 4.583542481416743, 2.5681635926222937, 15.848272453869294, 2.634009318063676, 6.625857690584075, 2.6114626601855937, 16.286406937856185, 2.561070889746654, 4.571911317718577, 2.4707091563714774, 16.870813415705364, 2.474328255012755, 4.596783651131476, 2.57834131154326, 16.683315992195975, 2.5983154931710883, 4.504897192704615, 2.745652543332956, 16.433185978604147, 2.6537821189016486]",207.64495653567198,9.910733880906344
ADTC1_adz_raw_20260612_1557,2026-06-12 15:55:40.723,2026-06-12 15:55:50.766,"[Timestamp('2026-06-12 15:55:50.766000'), Timestamp('2026-06-12 15:55:50.874000'), Timestamp('2026-06-12 15:55:51.547000'), Timestamp('2026-06-12 15:55:51.661000'), Timestamp('2026-06-12 15:55:51.888000'), Timestamp('2026-06-12 15:55:51.999000'), Timestamp('2026-06-12 15:55:52.679000'), Timestamp('2026-06-12 15:55:52.788000'), Timestamp('2026-06-12 15:55:53.014000'), Timestamp('2026-06-12 15:55:53.126000'), Timestamp('2026-06-12 15:55:53.803000'), Timestamp('2026-06-12 15:55:53.916000'), Timestamp('2026-06-12 15:55:54.139000'), Timestamp('2026-06-12 15:55:54.253000'), Timestamp('2026-06-12 15:55:54.927000'), Timestamp('2026-06-12 15:55:55.040000'), Timestamp('2026-06-12 15:55:55.262000'), Timestamp('2026-06-12 15:55:55.378000'), Timestamp('2026-06-12 15:55:56.053000'), Timestamp('2026-06-12 15:55:56.170000'), Timestamp('2026-06-12 15:55:56.392000'), Timestamp('2026-06-12 15:55:56.501000'), Timestamp('2026-06-12 15:55:57.179000'), Timestamp('2026-06-12 15:55:57.291000'), Timestamp('2026-06-12 15:55:57.514000'), Timestamp('2026-06-12 15:55:57.627000'), Timestamp('2026-06-12 15:55:58.302000'), Timestamp('2026-06-12 15:55:58.416000'), Timestamp('2026-06-12 15:55:58.641000'), Timestamp('2026-06-12 15:55:58.758000'), Timestamp('2026-06-12 15:55:59.434000'), Timestamp('2026-06-12 15:55:59.542000')]","[0.108, 0.673, 0.114, 0.227, 0.111, 0.68, 0.109, 0.226, 0.112, 0.677, 0.113, 0.223, 0.114, 0.674, 0.113, 0.222, 0.116, 0.675, 0.117, 0.222, 0.109, 0.678, 0.112, 0.223, 0.113, 0.675, 0.114, 0.225, 0.117, 0.676, 0.108]","[22.577983436447973, 22.39481761999852, 21.991410951712513, 21.777970070243306, 22.62829849271897, 21.806087011068854, 22.536616246939644, 22.291299388550705, 22.51763650258527, 22.258307003333933, 21.822525546048546, 22.0975533738507, 22.700914106873633, 22.2222288972781, 22.209895705321795, 22.065994581871472, 22.13585507720916, 21.8981018981019, 22.025011079369094, 22.097467749641666, 21.544555037902114, 21.620537735645648, 21.421707905718606, 21.819335898758283, 21.87402382651409, 21.459758879113714, 21.14043578368711, 21.345523769074415, 21.542913497336563, 22.31550737531165, 21.99422547660602, 21.662895927601806]","[2.438422211136381, 15.071712258259005, 2.5070208484952268, 4.9435992059452305, 2.5117411326918058, 14.828139167526821, 2.456491170916421, 5.037833661812459, 2.5219752882895503, 15.068873841257073, 2.4659453867034857, 4.9277544023687065, 2.5879042081835943, 14.97778227676544, 2.509718214701363, 4.898650797175467, 2.5677591889562628, 14.781218781218783, 2.5769262962861843, 4.90563784042045, 2.3483564991313304, 14.65872458476775, 2.399231285440484, 4.8657119054230975, 2.4717646923960923, 14.485337243401759, 2.4100096793403307, 4.802742848041744, 2.520520879188378, 15.085282985710677, 2.37537635147345]",193.0081651334248,9.92100930131863
ADTC1_adz_raw_20260612_1604,2026-06-12 16:03:32.486,2026-06-12 16:03:42.587,"[Timestamp('2026-06-12 16:03:42.587000'), Timestamp('2026-06-12 16:03:43.076000'), Timestamp('2026-06-12 16:03:43.549000'), Timestamp('2026-06-12 16:03:44.041000'), Timestamp('2026-06-12 16:03:44.410000'), Timestamp('2026-06-12 16:03:45.371000'), Timestamp('2026-06-12 16:03:45.865000')]","[0.489, 0.473, 0.492, 0.369, 0.961, 0.494]","[21.799414384488568, 21.77468551474609, 22.225800295787412, 20.61979116773638, 22.016755814297113, 26.54049295774648, 17.95383204920372, 22.014618449100162]","[10.65991363401491, 10.2994262484749, 10.935093745527407, 7.608702940894724, 21.158102337539525, 13.111003521126761]",73.77224242757822,9.891010203828298
ADTC1_adz_raw_20260612_1608,2026-06-12 16:07:03.782,2026-06-12 16:07:13.814,"[Timestamp('2026-06-12 16:07:13.814000'), Timestamp('2026-06-12 16:07:13.946000'), Timestamp('2026-06-12 16:07:14.238000'), Timestamp('2026-06-12 16:07:14.374000'), Timestamp('2026-06-12 16:07:14.628000'), Timestamp('2026-06-12 16:07:14.748000'), Timestamp('2026-06-12 16:07:15.491000'), Timestamp('2026-06-12 16:07:15.602000'), Timestamp('2026-06-12 16:07:15.823000'), Timestamp('2026-06-12 16:07:15.935000'), Timestamp('2026-06-12 16:07:16.681000'), Timestamp('2026-06-12 16:07:16.786000'), Timestamp('2026-06-12 16:07:17.010000'), Timestamp('2026-06-12 16:07:17.120000'), Timestamp('2026-06-12 16:07:17.869000'), Timestamp('2026-06-12 16:07:17.974000'), Timestamp('2026-06-12 16:07:18.196000'), Timestamp('2026-06-12 16:07:18.306000'), Timestamp('2026-06-12 16:07:19.051000'), Timestamp('2026-06-12 16:07:19.164000')]","[0.132, 0.292, 0.136, 0.254, 0.12, 0.743, 0.111, 0.221, 0.112, 0.746, 0.105, 0.224, 0.11, 0.749, 0.105, 0.222, 0.11, 0.745, 0.113]","[22.56330625895843, 22.465547670008633, 21.81611087257287, 22.2562331580462, 21.5038210785372, 22.551776780923433, 22.595916669143215, 22.31221905472951, 21.84917992354174, 22.150760831011127, 23.10708594686819, 22.16869619519158, 23.233325813970975, 23.007337086759463, 22.72109809010178, 22.235587295391568, 22.27426602982338, 22.783039356162533, 21.79442133741866, 22.338480336534985]","[2.978356426182513, 6.55993991964252, 2.9669910786699107, 5.653083222143735, 2.580458529424464, 16.755970148226112, 2.508146750274897, 4.931000411095222, 2.447108151436675, 16.5244675799343, 2.42624402442116, 4.965787947722914, 2.555665839536807, 17.232495477982837, 2.3857152994606867, 4.936300379576928, 2.450169263280572, 16.973364320341087, 2.462769611128309]",120.29403438048166,9.92078269910832
ADTC1_adz_raw_20260612_1611,2026-06-12 16:09:48.838,2026-06-12 16:09:58.888,"[Timestamp('2026-06-12 16:09:58.888000'), Timestamp('2026-06-12 16:09:58.994000'), Timestamp('2026-06-12 16:09:59.798000'), Timestamp('2026-06-12 16:09:59.905000'), Timestamp('2026-06-12 16:10:00.223000'), Timestamp('2026-06-12 16:10:00.346000'), Timestamp('2026-06-12 16:10:01.136000'), Timestamp('2026-06-12 16:10:01.259000'), Timestamp('2026-06-12 16:10:01.574000'), Timestamp('2026-06-12 16:10:01.693000'), Timestamp('2026-06-12 16:10:02.485000'), Timestamp('2026-06-12 16:10:02.604000'), Timestamp('2026-06-12 16:10:02.927000'), Timestamp('2026-06-12 16:10:03.033000'), Timestamp('2026-06-12 16:10:03.840000'), Timestamp('2026-06-12 16:10:03.945000'), Timestamp('2026-06-12 16:10:04.262000'), Timestamp('2026-06-12 16:10:04.385000'), Timestamp('2026-06-12 16:10:05.180000'), Timestamp('2026-06-12 16:10:05.298000'), Timestamp('2026-06-12 16:10:05.611000'), Timestamp('2026-06-12 16:10:05.731000'), Timestamp('2026-06-12 16:10:06.527000'), Timestamp('2026-06-12 16:10:06.644000'), Timestamp('2026-06-12 16:10:06.967000'), Timestamp('2026-06-12 16:10:07.072000'), Timestamp('2026-06-12 16:10:07.879000'), Timestamp('2026-06-12 16:10:07.984000'), Timestamp('2026-06-12 16:10:08.307000'), Timestamp('2026-06-12 16:10:08.423000'), Timestamp('2026-06-12 16:10:09.221000'), Timestamp('2026-06-12 16:10:09.337000'), Timestamp('2026-06-12 16:10:09.659000'), Timestamp('2026-06-12 16:10:09.766000'), Timestamp('2026-06-12 16:10:10.570000'), Timestamp('2026-06-12 16:10:10.678000'), Timestamp('2026-06-12 16:10:10.998000'), Timestamp('2026-06-12 16:10:11.119000'), Timestamp('2026-06-12 16:10:11.914000'), Timestamp('2026-06-12 16:10:12.032000'), Timestamp('2026-06-12 16:10:12.350000'), Timestamp('2026-06-12 16:10:12.459000'), Timestamp('2026-06-12 16:10:13.271000'), Timestamp('2026-06-12 16:10:13.373000'), Timestamp('2026-06-12 16:10:13.698000'), Timestamp('2026-06-12 16:10:13.809000'), Timestamp('2026-06-12 16:10:14.615000'), Timestamp('2026-06-12 16:10:14.720000')]","[0.106, 0.804, 0.107, 0.318, 0.123, 0.79, 0.123, 0.315, 0.119, 0.792, 0.119, 0.323, 0.106, 0.807, 0.105, 0.317, 0.123, 0.795, 0.118, 0.313, 0.12, 0.796, 0.117, 0.323, 0.105, 0.807, 0.105, 0.323, 0.116, 0.798, 0.116, 0.322, 0.107, 0.804, 0.108, 0.32, 0.121, 0.795, 0.118, 0.318, 0.109, 0.812, 0.102, 0.325, 0.111, 0.806, 0.105]","[22.321809226489272, 21.472211998527783, 21.644154867115375, 21.54555010392132, 21.618056836109577, 21.97418854831087, 21.644823249089388, 21.765676750445856, 22.139086119957202, 22.06482236890899, 21.729447427973113, 21.500058208566838, 22.187217897928512, 21.428844755672902, 21.766773860063886, 21.730151568861245, 21.35953890179362, 21.791375883902575, 21.92875193608869, 21.28486775545599, 21.58273381294964, 21.799333612448535, 21.983052337722285, 21.474737817475777, 21.877855619859886, 21.66586991521466, 21.425762030746384, 21.75237365710918, 21.307838918760424, 21.024092048511342, 21.519903357396714, 21.827772834616695, 21.919451055714084, 21.300038811491454, 20.79751084909523, 21.336093262222462, 21.41414141414141, 21.37233178642036, 21.437292865864293, 21.294573835685526, 20.975025370874704, 20.941356092968483, 21.405068042858595, 21.03408239314928, 20.812447786131997, 21.14022150311861, 21.791482344318506, 21.616161616161616]","[2.3661117780078627, 17.26365844681634, 2.315924570781345, 6.85148493304698, 2.659020990841478, 17.359608953165587, 2.662313259637995, 6.856188176390445, 2.634551248274907, 17.475339316175923, 2.5858042439288003, 6.944518801367089, 2.3518450971804223, 17.293077717828034, 2.285511255306708, 6.8884580473290145, 2.6272232849206154, 17.32414382770255, 2.5875927284584654, 6.6621636074577255, 2.5899280575539567, 17.352269555509036, 2.5720171235135076, 6.936340315044676, 2.297174840085288, 17.484357021578234, 2.24970501322837, 7.026016691246266, 2.4717093145762092, 16.777225454712053, 2.496308789458019, 7.028542852746576, 2.345381262961407, 17.12523120443913, 2.2461311717022845, 6.827549843911188, 2.5911111111111107, 16.991003770204188, 2.5296005581719867, 6.771674479747998, 2.286277765425343, 17.00438114749041, 2.1833169403715766, 6.836076777773516, 2.3101817042606516, 17.0390185315136, 2.288105646153443]",340.65117722910827,9.93883564276202
ADTC1_adz_raw_20260612_1614,2026-06-12 16:13:33.254,2026-06-12 16:13:43.284,"[Timestamp('2026-06-12 16:13:43.284000'), Timestamp('2026-06-12 16:13:43.395000'), Timestamp('2026-06-12 16:13:43.741000'), Timestamp('2026-06-12 16:13:43.862000')]","[0.111, 0.346, 0.121]","[22.624382518460514, 21.49218636761382, 21.062181589782956, 21.978021978021978]","[2.5113064595491172, 7.436296483194381, 2.5485239723637374]",12.496126915107235,9.92315316335266
ADTC1_adz_raw_20260612_1626,2026-06-12 16:24:39.328,2026-06-12 16:24:49.385,"[Timestamp('2026-06-12 16:24:49.385000'), Timestamp('2026-06-12 16:24:49.504000'), Timestamp('2026-06-12 16:24:49.856000'), Timestamp('2026-06-12 16:24:49.976000'), Timestamp('2026-06-12 16:24:50.198000'), Timestamp('2026-06-12 16:24:50.315000'), Timestamp('2026-06-12 16:24:51.104000'), Timestamp('2026-06-12 16:24:51.219000'), Timestamp('2026-06-12 16:24:51.414000'), Timestamp('2026-06-12 16:24:51.525000'), Timestamp('2026-06-12 16:24:52.314000'), Timestamp('2026-06-12 16:24:52.431000'), Timestamp('2026-06-12 16:24:52.626000'), Timestamp('2026-06-12 16:24:52.741000'), Timestamp('2026-06-12 16:24:53.533000'), Timestamp('2026-06-12 16:24:53.644000'), Timestamp('2026-06-12 16:24:53.834000'), Timestamp('2026-06-12 16:24:53.949000'), Timestamp('2026-06-12 16:24:54.741000'), Timestamp('2026-06-12 16:24:54.857000')]","[0.119, 0.352, 0.12, 0.222, 0.117, 0.789, 0.115, 0.195, 0.111, 0.789, 0.117, 0.195, 0.115, 0.792, 0.111, 0.19, 0.115, 0.792, 0.116]","[21.77434894205382, 22.81554535918757, 21.43006392070537, 22.445038767781284, 21.355361744024474, 21.98751396658345, 22.106060203512314, 22.102835375781588, 22.223146719279196, 21.51149016820659, 20.726984685794754, 21.814616610155646, 21.95905258932156, 22.315930972636803, 21.410005803620464, 21.617924843164644, 20.95986753384203, 22.844740763449803, 21.423676997680793, 21.620183317130312]","[2.5911475241044046, 8.031071966434025, 2.571607670484644, 4.982798606447445, 2.4985773240508635, 17.348148519634343, 2.542196923403916, 4.31005289827741, 2.466769285839991, 16.972565742715, 2.425057208237986, 4.253850238980351, 2.5252910477719794, 17.67421733032835, 2.3765106442018715, 4.107405720201283, 2.4103847663918336, 18.093034684652245, 2.485146531730972]",120.66583463388892,9.94420598300954
ADTC1_adz_raw_20260612_1642,2026-06-12 16:41:22.586,2026-06-12 16:41:32.679,"[Timestamp('2026-06-12 16:41:32.679000'), Timestamp('2026-06-12 16:41:32.798000'), Timestamp('2026-06-12 16:41:33.154000'), Timestamp('2026-06-12 16:41:33.270000'), Timestamp('2026-06-12 16:41:33.502000'), Timestamp('2026-06-12 16:41:33.574000'), Timestamp('2026-06-12 16:41:34.148000'), Timestamp('2026-06-12 16:41:34.225000'), Timestamp('2026-06-12 16:41:34.462000'), Timestamp('2026-06-12 16:41:35.150000'), Timestamp('2026-06-12 16:41:35.227000'), Timestamp('2026-06-12 16:41:35.518000'), Timestamp('2026-06-12 16:41:35.594000'), Timestamp('2026-06-12 16:41:35.757000'), Timestamp('2026-06-12 16:41:36.841000'), Timestamp('2026-06-12 16:41:36.920000'), Timestamp('2026-06-12 16:41:37.757000'), Timestamp('2026-06-12 16:41:37.839000'), Timestamp('2026-06-12 16:41:38.100000'), Timestamp('2026-06-12 16:41:38.504000'), Timestamp('2026-06-12 16:41:38.806000'), Timestamp('2026-06-12 16:41:39.214000'), Timestamp('2026-06-12 16:41:39.512000'), Timestamp('2026-06-12 16:41:39.927000'), Timestamp('2026-06-12 16:41:40.162000'), Timestamp('2026-06-12 16:41:40.239000'), Timestamp('2026-06-12 16:41:40.974000'), Timestamp('2026-06-12 16:41:41.052000'), Timestamp('2026-06-12 16:41:41.231000'), Timestamp('2026-06-12 16:41:41.307000'), Timestamp('2026-06-12 16:41:42.045000'), Timestamp('2026-06-12 16:41:42.121000'), Timestamp('2026-06-12 16:41:42.282000'), Timestamp('2026-06-12 16:41:42.366000'), Timestamp('2026-06-12 16:41:42.799000'), Timestamp('2026-06-12 16:41:42.878000'), Timestamp('2026-06-12 16:41:43.033000'), Timestamp('2026-06-12 16:41:43.111000'), Timestamp('2026-06-12 16:41:43.547000'), Timestamp('2026-06-12 16:41:43.623000'), Timestamp('2026-06-12 16:41:43.780000'), Timestamp('2026-06-12 16:41:43.855000'), Timestamp('2026-06-12 16:41:44.294000'), Timestamp('2026-06-12 16:41:44.370000'), Timestamp('2026-06-12 16:41:44.523000'), Timestamp('2026-06-12 16:41:44.604000'), Timestamp('2026-06-12 16:41:45.039000'), Timestamp('2026-06-12 16:41:45.118000'), Timestamp('2026-06-12 16:41:45.272000'), Timestamp('2026-06-12 16:41:45.350000'), Timestamp('2026-06-12 16:41:45.775000'), Timestamp('2026-06-12 16:41:45.853000'), Timestamp('2026-06-12 16:41:46.009000'), Timestamp('2026-06-12 16:41:46.088000'), Timestamp('2026-06-12 16:41:46.697000'), Timestamp('2026-06-12 16:41:46.772000'), Timestamp('2026-06-12 16:41:46.931000'), Timestamp('2026-06-12 16:41:47.013000'), Timestamp('2026-06-12 16:41:47.619000'), Timestamp('2026-06-12 16:41:47.698000'), Timestamp('2026-06-12 16:41:47.856000'), Timestamp('2026-06-12 16:41:47.934000'), Timestamp('2026-06-12 16:41:48.542000'), Timestamp('2026-06-12 16:41:48.624000'), Timestamp('2026-06-12 16:41:48.782000'), Timestamp('2026-06-12 16:41:48.861000'), Timestamp('2026-06-12 16:41:49.472000'), Timestamp('2026-06-12 16:41:49.549000')]","[0.119, 0.356, 0.116, 0.232, 0.072, 0.574, 0.077, 0.237, 0.688, 0.077, 0.291, 0.076, 0.163, 1.084, 0.079, 0.837, 0.082, 0.261, 0.404, 0.302, 0.408, 0.298, 0.415, 0.235, 0.077, 0.735, 0.078, 0.179, 0.076, 0.738, 0.076, 0.161, 0.084, 0.433, 0.079, 0.155, 0.078, 0.436, 0.076, 0.157, 0.075, 0.439, 0.076, 0.153, 0.081, 0.435, 0.079, 0.154, 0.078, 0.425, 0.078, 0.156, 0.079, 0.609, 0.075, 0.159, 0.082, 0.606, 0.079, 0.158, 0.078, 0.608, 0.082, 0.158, 0.079, 0.611, 0.077]","[21.56974081001641, 21.36222910216718, 19.469715008251697, 21.26298960831334, 20.86590855247571, 21.256038647342994, 20.943245403677057, 23.257921714728795, 39.72252988988001, 70.47735166749999, 19.80968952799939, 21.273291925465838, 20.890048896524384, 20.64138898671272, 70.03621507371895, 19.171930517173315, 20.074228619955758, 20.208997292758987, 21.88459022991396, 20.440520899798308, 23.728603959713887, 20.536763310057513, 20.465651049152058, 20.546020067580837, 20.224983013027547, 19.597822086380447, 19.680457198673466, 19.655830578324117, 19.52848151478289, 21.052848898857413, 19.86872146118721, 19.147212039359438, 19.278663351151984, 19.63046605903748, 19.156114156114164, 19.62061946971403, 18.807014271056808, 19.147212039359438, 19.156114156114164, 19.514426460239267, 18.438846243605823, 19.119689618134004, 18.876915647952828, 18.52472875863041, 19.045444165334548, 19.06790113305596, 18.291633808875183, 18.161132751358668, 18.02779349183602, 18.72210953346856, 18.039879303711544, 17.637126814342004, 18.110163081700094, 17.603688594254635, 18.680577083313405, 18.090273508177134, 17.82105568093311, 16.455513964871876, 17.435344827586206, 17.725132320251134, 16.956543657995564, 17.650611569130973, 17.000915126852156, 17.079753855416115, 17.34606886232754, 17.557863155600828, 17.37592856013909, 17.762144579778294, 16.92783781034231, 15.933334324546227]","[2.5667991563919528, 7.604953560371516, 2.258486940957197, 4.933013589128695, 1.502345415778251, 12.200966183574877, 1.6126298960831333, 5.512127446390724, 27.329100564237443, 5.426756078397499, 5.764619652647822, 1.6167701863354036, 3.405077970133475, 22.37526566159659, 5.532860990823797, 16.046905842874065, 1.6460867468363722, 5.274548293410096, 8.84137445288524, 6.173037311739089, 9.681270415563265, 6.119955466397139, 8.493245185398104, 4.828314715881496, 1.557323692003121, 14.404399233489627, 1.5350756614965304, 3.5183936735200168, 1.4841645951234996, 15.53700248735677, 1.510022831050228, 3.0827011383368697, 1.6194077214967668, 8.49999180356323, 1.513333018333019, 3.0411960178056745, 1.466947113142431, 8.348184449160716, 1.4558646758646765, 3.063764954257565, 1.3829134682704367, 8.393543742360828, 1.4346455892444148, 2.8342835000704527, 1.5426809773920984, 8.294536992879342, 1.4450390709011394, 2.796814443709235, 1.4061678923632097, 7.956896551724139, 1.4071105856895003, 2.7513917830373527, 1.4307028834543074, 10.720646353901072, 1.4010432812485054, 2.876353487800164, 1.461326565836515, 9.972041462712356, 1.3773922413793103, 2.8005709065996793, 1.322610405323654, 10.731571834031632, 1.394075040401877, 2.6986011091557462, 1.3703394401238758, 10.727854388072105, 1.33794649913071]",351.65338528664773,9.988668650894144
ADTC1_adz_raw_20260612_1659,2026-06-12 16:57:39.238,2026-06-12 16:57:49.262,"[Timestamp('2026-06-12 16:57:49.262000'), Timestamp('2026-06-12 16:57:49.386000'), Timestamp('2026-06-12 16:57:49.684000'), Timestamp('2026-06-12 16:57:49.812000'), Timestamp('2026-06-12 16:57:50.043000'), Timestamp('2026-06-12 16:57:50.119000'), Timestamp('2026-06-12 16:57:50.565000'), Timestamp('2026-06-12 16:57:50.636000'), Timestamp('2026-06-12 16:57:51.154000'), Timestamp('2026-06-12 16:57:51.398000'), Timestamp('2026-06-12 16:57:51.915000'), Timestamp('2026-06-12 16:57:52.603000'), Timestamp('2026-06-12 16:57:52.676000'), Timestamp('2026-06-12 16:57:53.123000'), Timestamp('2026-06-12 16:57:53.196000'), Timestamp('2026-06-12 16:57:53.711000'), Timestamp('2026-06-12 16:57:53.881000'), Timestamp('2026-06-12 16:57:53.956000'), Timestamp('2026-06-12 16:57:54.498000'), Timestamp('2026-06-12 16:57:54.572000'), Timestamp('2026-06-12 16:57:54.738000'), Timestamp('2026-06-12 16:57:54.812000'), Timestamp('2026-06-12 16:57:55.330000'), Timestamp('2026-06-12 16:57:55.850000'), Timestamp('2026-06-12 16:57:56.023000'), Timestamp('2026-06-12 16:57:56.097000'), Timestamp('2026-06-12 16:57:56.641000'), Timestamp('2026-06-12 16:57:56.712000'), Timestamp('2026-06-12 16:57:57.257000'), Timestamp('2026-06-12 16:57:57.329000'), Timestamp('2026-06-12 16:57:58.867000'), Timestamp('2026-06-12 16:57:59.383000'), Timestamp('2026-06-12 16:57:59.906000'), Timestamp('2026-06-12 16:58:00.080000'), Timestamp('2026-06-12 16:58:00.152000'), Timestamp('2026-06-12 16:58:00.701000'), Timestamp('2026-06-12 16:58:00.773000'), Timestamp('2026-06-12 16:58:01.314000'), Timestamp('2026-06-12 16:58:01.391000'), Timestamp('2026-06-12 16:58:01.565000'), Timestamp('2026-06-12 16:58:01.639000'), Timestamp('2026-06-12 16:58:02.160000'), Timestamp('2026-06-12 16:58:02.609000'), Timestamp('2026-06-12 16:58:02.688000'), Timestamp('2026-06-12 16:58:02.859000'), Timestamp('2026-06-12 16:58:02.934000'), Timestamp('2026-06-12 16:58:03.480000'), Timestamp('2026-06-12 16:58:03.558000'), Timestamp('2026-06-12 16:58:04.103000'), Timestamp('2026-06-12 16:58:04.175000'), Timestamp('2026-06-12 16:58:04.350000'), Timestamp('2026-06-12 16:58:04.423000'), Timestamp('2026-06-12 16:58:04.875000'), Timestamp('2026-06-12 16:58:04.947000'), Timestamp('2026-06-12 16:58:05.649000'), Timestamp('2026-06-12 16:58:05.724000'), Timestamp('2026-06-12 16:58:06.274000'), Timestamp('2026-06-12 16:58:06.346000'), Timestamp('2026-06-12 16:58:06.896000'), Timestamp('2026-06-12 16:58:06.967000'), Timestamp('2026-06-12 16:58:07.150000'), Timestamp('2026-06-12 16:58:07.225000'), Timestamp('2026-06-12 16:58:07.769000'), Timestamp('2026-06-12 16:58:07.847000'), Timestamp('2026-06-12 16:58:08.469000'), Timestamp('2026-06-12 16:58:08.649000'), Timestamp('2026-06-12 16:58:08.723000'), Timestamp('2026-06-12 16:58:09.271000'), Timestamp('2026-06-12 16:58:09.349000'), Timestamp('2026-06-12 16:58:09.900000'), Timestamp('2026-06-12 16:58:09.974000'), Timestamp('2026-06-12 16:58:10.150000'), Timestamp('2026-06-12 16:58:10.226000'), Timestamp('2026-06-12 16:58:10.510000'), Timestamp('2026-06-12 16:58:10.584000'), Timestamp('2026-06-12 16:58:11.039000'), Timestamp('2026-06-12 16:58:11.113000'), Timestamp('2026-06-12 16:58:11.364000'), Timestamp('2026-06-12 16:58:11.917000'), Timestamp('2026-06-12 16:58:11.989000'), Timestamp('2026-06-12 16:58:12.538000'), Timestamp('2026-06-12 16:58:12.615000'), Timestamp('2026-06-12 16:58:12.792000'), Timestamp('2026-06-12 16:58:12.864000'), Timestamp('2026-06-12 16:58:13.318000'), Timestamp('2026-06-12 16:58:13.395000'), Timestamp('2026-06-12 16:58:13.926000'), Timestamp('2026-06-12 16:58:14.178000'), Timestamp('2026-06-12 16:58:14.805000'), Timestamp('2026-06-12 16:58:15.434000')]","[0.124, 0.298, 0.128, 0.231, 0.076, 0.446, 0.071, 0.518, 0.244, 0.517, 0.688, 0.073, 0.447, 0.073, 0.515, 0.17, 0.075, 0.542, 0.074, 0.166, 0.074, 0.518, 0.52, 0.173, 0.074, 0.544, 0.071, 0.545, 0.072, 1.538, 0.516, 0.523, 0.174, 0.072, 0.549, 0.072, 0.541, 0.077, 0.174, 0.074, 0.521, 0.449, 0.079, 0.171, 0.075, 0.546, 0.078, 0.545, 0.072, 0.175, 0.073, 0.452, 0.072, 0.702, 0.075, 0.55, 0.072, 0.55, 0.071, 0.183, 0.075, 0.544, 0.078, 0.622, 0.18, 0.074, 0.548, 0.078, 0.551, 0.074, 0.176, 0.076, 0.284, 0.074, 0.455, 0.074, 0.251, 0.553, 0.072, 0.549, 0.077, 0.177, 0.072, 0.454, 0.077, 0.531, 0.252, 0.627, 0.629]","[nan, nan, nan, nan, nan, nan, nan, nan, nan, nan, nan, nan, nan, nan, nan, nan, nan, nan, nan, nan, nan, nan, nan, nan, nan, nan, nan, nan, nan, nan, nan, nan, nan, nan, nan, nan, nan, nan, nan, nan, nan, nan, nan, nan, nan, nan, nan, nan, nan, nan, nan, nan, nan, nan, nan, nan, nan, nan, nan, nan, nan, nan, nan, nan, nan, nan, nan, nan, nan, nan, nan, nan, nan, nan, nan, nan, nan, nan, nan, nan, nan, nan, nan, nan, nan]","[nan, nan, nan, nan, nan, nan, nan, nan, nan, nan, nan, nan, nan, nan, nan, nan, nan, nan, nan, nan, nan, nan, nan, nan, nan, nan, nan, nan, nan, nan, nan, nan, nan, nan, nan, nan, nan, nan, nan, nan, nan, nan, nan, nan, nan, nan, nan, nan, nan, nan, nan, nan, nan, nan, nan, nan, nan, nan, nan, nan, nan, nan, nan, nan, nan, nan, nan, nan, nan, nan, nan, nan, nan, nan, nan, nan, nan, nan, nan, nan, nan, nan, nan, nan, nan]",,9.92291665425309
ADTC1_adz_raw_20260612_1702,2026-06-12 17:00:58.707,2026-06-12 17:01:08.798,"[Timestamp('2026-06-12 17:01:08.798000'), Timestamp('2026-06-12 17:01:09.262000'), Timestamp('2026-06-12 17:01:09.705000'), Timestamp('2026-06-12 17:01:10.169000'), Timestamp('2026-06-12 17:01:10.518000'), Timestamp('2026-06-12 17:01:10.985000'), Timestamp('2026-06-12 17:01:11.433000'), Timestamp('2026-06-12 17:01:11.889000')]","[0.464, 0.443, 0.464, 0.349, 0.467, 0.448, 0.456]","[21.020908363345335, 21.280877395985307, 20.755135022416848, 21.73446014098713, 21.578412222727636, 20.742698162053003, 29.672638286083664, 22.235396622513015]","[9.753701480592236, 9.427428686421491, 9.630382650401417, 7.5853265892045085, 10.077118508013806, 9.292728776599745, 13.530723058454152]",69.29740974968735,9.901373579718967
ADTC1_adz_raw_20260612_1707,2026-06-12 17:05:44.352,2026-06-12 17:05:54.371,"[Timestamp('2026-06-12 17:05:54.371000'), Timestamp('2026-06-12 17:05:54.493000'), Timestamp('2026-06-12 17:05:55.258000'), Timestamp('2026-06-12 17:05:55.384000'), Timestamp('2026-06-12 17:05:55.593000'), Timestamp('2026-06-12 17:05:55.717000'), Timestamp('2026-06-12 17:05:56.506000'), Timestamp('2026-06-12 17:05:56.622000'), Timestamp('2026-06-12 17:05:56.843000'), Timestamp('2026-06-12 17:05:56.959000'), Timestamp('2026-06-12 17:05:57.752000'), Timestamp('2026-06-12 17:05:57.870000'), Timestamp('2026-06-12 17:05:58.086000'), Timestamp('2026-06-12 17:05:58.204000'), Timestamp('2026-06-12 17:05:58.977000'), Timestamp('2026-06-12 17:05:59.096000'), Timestamp('2026-06-12 17:05:59.412000'), Timestamp('2026-06-12 17:05:59.532000'), Timestamp('2026-06-12 17:06:00.301000'), Timestamp('2026-06-12 17:06:00.432000'), Timestamp('2026-06-12 17:06:00.642000'), Timestamp('2026-06-12 17:06:00.764000'), Timestamp('2026-06-12 17:06:01.559000'), Timestamp('2026-06-12 17:06:01.680000'), Timestamp('2026-06-12 17:06:01.892000'), Timestamp('2026-06-12 17:06:02.014000'), Timestamp('2026-06-12 17:06:02.812000'), Timestamp('2026-06-12 17:06:02.928000'), Timestamp('2026-06-12 17:06:03.146000'), Timestamp('2026-06-12 17:06:03.268000'), Timestamp('2026-06-12 17:06:04.039000'), Timestamp('2026-06-12 17:06:04.164000')]","[0.122, 0.765, 0.126, 0.209, 0.124, 0.789, 0.116, 0.221, 0.116, 0.793, 0.118, 0.216, 0.118, 0.773, 0.119, 0.316, 0.12, 0.769, 0.131, 0.21, 0.122, 0.795, 0.121, 0.212, 0.122, 0.798, 0.116, 0.218, 0.122, 0.771, 0.125]","[20.811058001824286, 20.696368395141953, 20.832100658207658, 20.904928996698892, 20.695571204950454, 20.95012918636962, 20.80004985647933, 20.59092070962602, 20.833084755200257, 20.90370899505831, 20.9390044915778, 20.904928996698892, 20.833374062336887, 20.899896776943216, 20.766435945007373, 20.26660512956716, 20.761245674740486, 20.44202044849536, 20.27385928247997, 21.052631578947366, 20.517428189543686, 20.833374062336887, 21.05263157894737, 20.95592572532673, 20.62240820713589, 21.15198348075061, 21.335028812885646, 21.223108394795588, 20.910074481503052, 20.62439181341621, 21.012916986071346, 21.16182531629066]","[2.5389490762225626, 15.832721822283593, 2.6248446829341647, 4.3691301603100685, 2.5662508294138564, 16.52965192804563, 2.4128057833516023, 4.55059347682735, 2.41663783160323, 16.57664123308124, 2.47080253000618, 4.515464663286961, 2.4583381393557526, 16.155620208577105, 2.471205877455877, 6.404247220943223, 2.491349480968858, 15.719913724892931, 2.6558755660048763, 4.421052631578947, 2.5031262391243296, 16.562532379557826, 2.5473684210526315, 4.442656253769266, 2.5159338012705788, 16.879282817638988, 2.4748633422947353, 4.626637630065439, 2.5510290867433723, 15.901406088143899, 2.6266146232589183]",203.813547550064,9.908345076961732
ADTC1_adz_raw_20260612_1712,2026-06-12 17:10:31.578,2026-06-12 17:10:41.643,"[Timestamp('2026-06-12 17:10:41.643000'), Timestamp('2026-06-12 17:10:41.752000'), Timestamp('2026-06-12 17:10:42.556000'), Timestamp('2026-06-12 17:10:42.664000'), Timestamp('2026-06-12 17:10:42.988000'), Timestamp('2026-06-12 17:10:43.105000'), Timestamp('2026-06-12 17:10:43.900000'), Timestamp('2026-06-12 17:10:44.019000'), Timestamp('2026-06-12 17:10:44.333000'), Timestamp('2026-06-12 17:10:44.449000'), Timestamp('2026-06-12 17:10:45.247000'), Timestamp('2026-06-12 17:10:45.363000'), Timestamp('2026-06-12 17:10:45.681000'), Timestamp('2026-06-12 17:10:45.799000'), Timestamp('2026-06-12 17:10:46.596000'), Timestamp('2026-06-12 17:10:46.716000'), Timestamp('2026-06-12 17:10:47.034000'), Timestamp('2026-06-12 17:10:47.141000'), Timestamp('2026-06-12 17:10:47.954000'), Timestamp('2026-06-12 17:10:48.061000'), Timestamp('2026-06-12 17:10:48.384000'), Timestamp('2026-06-12 17:10:48.505000'), Timestamp('2026-06-12 17:10:49.297000'), Timestamp('2026-06-12 17:10:49.419000'), Timestamp('2026-06-12 17:10:49.734000'), Timestamp('2026-06-12 17:10:49.854000'), Timestamp('2026-06-12 17:10:50.656000'), Timestamp('2026-06-12 17:10:50.775000'), Timestamp('2026-06-12 17:10:51.095000'), Timestamp('2026-06-12 17:10:51.206000'), Timestamp('2026-06-12 17:10:52.014000'), Timestamp('2026-06-12 17:10:52.122000'), Timestamp('2026-06-12 17:10:52.444000'), Timestamp('2026-06-12 17:10:52.568000'), Timestamp('2026-06-12 17:10:53.365000'), Timestamp('2026-06-12 17:10:53.489000'), Timestamp('2026-06-12 17:10:53.815000'), Timestamp('2026-06-12 17:10:53.921000'), Timestamp('2026-06-12 17:10:54.738000'), Timestamp('2026-06-12 17:10:54.843000'), Timestamp('2026-06-12 17:10:55.170000'), Timestamp('2026-06-12 17:10:55.287000'), Timestamp('2026-06-12 17:10:56.088000'), Timestamp('2026-06-12 17:10:56.217000'), Timestamp('2026-06-12 17:10:56.539000'), Timestamp('2026-06-12 17:10:56.643000'), Timestamp('2026-06-12 17:10:57.459000'), Timestamp('2026-06-12 17:10:57.570000'), Timestamp('2026-06-12 17:10:57.903000'), Timestamp('2026-06-12 17:10:58.008000'), Timestamp('2026-06-12 17:10:58.824000'), Timestamp('2026-06-12 17:10:58.935000')]","[0.109, 0.804, 0.108, 0.324, 0.117, 0.795, 0.119, 0.314, 0.116, 0.798, 0.116, 0.318, 0.118, 0.797, 0.12, 0.318, 0.107, 0.813, 0.107, 0.323, 0.121, 0.792, 0.122, 0.315, 0.12, 0.802, 0.119, 0.32, 0.111, 0.808, 0.108, 0.322, 0.124, 0.797, 0.124, 0.326, 0.106, 0.817, 0.105, 0.327, 0.117, 0.801, 0.129, 0.322, 0.104, 0.816, 0.111, 0.333, 0.105, 0.816, 0.111]","[21.238218727525034, 21.35553554992981, 21.709294166041573, 21.46337564805195, 22.06003984200566, 21.50348901922171, 21.969649299437872, 21.439018613820828, 21.476609772380336, 20.903794379942795, 21.473846160809387, 20.834535194447415, 21.313144561717476, 21.133760471776533, 21.08969607116383, 21.056506093898655, 21.01892070971067, 20.879964889181473, 20.833185923153312, 20.879964889181473, 21.36569637399142, 21.12299204356966, 20.52198825751249, 20.68317345086855, 20.908903345732238, 20.76773804424787, 20.42771004902842, 21.009815626045416, 20.869276708692762, 21.222703128073974, 20.470522151730464, 20.12417938780353, 20.013276188305504, 20.149679987894324, 20.41004652108702, 20.381044164474204, 20.820619592920988, 20.29873850870389, 21.24641991628112, 21.325694873789246, 20.621446088339123, 20.29018069910263, 20.334768168078497, 20.942850253195083, 20.163020163020157, 20.083641848347725, 20.058241541924495, 20.364719967579965, 20.812276144547074, 20.200735260819982, 19.960180056602294, 19.96794942957348]","[2.3149658413002285, 17.16985058214357, 2.34460376993249, 6.954133709968833, 2.5810246615146624, 17.09527377028126, 2.6143882666331066, 6.73185184473974, 2.491286733596119, 16.681227915194352, 2.490966154653889, 6.625382191834278, 2.514951058282662, 16.843607096005897, 2.5307635285396595, 6.695968937859773, 2.2490245159390416, 16.975411454904535, 2.2291508937774043, 6.744228659205616, 2.5852492612529616, 16.729409698507173, 2.5036825674165235, 6.515199637023594, 2.5090684014878684, 16.655725911486794, 2.430897495834382, 6.723141000334533, 2.316489714664897, 17.147944127483772, 2.21081639238689, 6.479985762872737, 2.4816462473498824, 16.059294950351777, 2.5308457686147903, 6.644220397618591, 2.2069856768496248, 16.58406936161108, 2.2308740912095173, 6.973502223729084, 2.4127091923356776, 16.252434739981208, 2.6231850936821264, 6.743597781528817, 2.096954096954096, 16.388251748251744, 2.226464811153619, 6.781451749204129, 2.1852889951774426, 16.483799972829104, 2.2155799862828545]",359.80682844177437,9.947303919134455
ADTC1_adz_raw_20260612_1719,2026-06-12 17:17:59.117,2026-06-12 17:18:09.152,"[Timestamp('2026-06-12 17:18:09.152000'), Timestamp('2026-06-12 17:18:09.259000'), Timestamp('2026-06-12 17:18:10.043000'), Timestamp('2026-06-12 17:18:10.147000'), Timestamp('2026-06-12 17:18:10.464000'), Timestamp('2026-06-12 17:18:10.572000'), Timestamp('2026-06-12 17:18:11.356000'), Timestamp('2026-06-12 17:18:11.465000'), Timestamp('2026-06-12 17:18:11.776000'), Timestamp('2026-06-12 17:18:11.893000'), Timestamp('2026-06-12 17:18:12.664000'), Timestamp('2026-06-12 17:18:12.783000'), Timestamp('2026-06-12 17:18:13.097000'), Timestamp('2026-06-12 17:18:13.200000'), Timestamp('2026-06-12 17:18:13.992000'), Timestamp('2026-06-12 17:18:14.095000'), Timestamp('2026-06-12 17:18:14.407000'), Timestamp('2026-06-12 17:18:14.524000'), Timestamp('2026-06-12 17:18:15.297000'), Timestamp('2026-06-12 17:18:15.415000'), Timestamp('2026-06-12 17:18:15.731000'), Timestamp('2026-06-12 17:18:15.834000'), Timestamp('2026-06-12 17:18:16.623000'), Timestamp('2026-06-12 17:18:16.725000'), Timestamp('2026-06-12 17:18:17.037000'), Timestamp('2026-06-12 17:18:17.153000'), Timestamp('2026-06-12 17:18:17.931000'), Timestamp('2026-06-12 17:18:18.046000'), Timestamp('2026-06-12 17:18:18.353000'), Timestamp('2026-06-12 17:18:18.471000'), Timestamp('2026-06-12 17:18:19.246000'), Timestamp('2026-06-12 17:18:19.368000'), Timestamp('2026-06-12 17:18:19.676000'), Timestamp('2026-06-12 17:18:19.784000'), Timestamp('2026-06-12 17:18:20.569000'), Timestamp('2026-06-12 17:18:20.676000'), Timestamp('2026-06-12 17:18:20.989000'), Timestamp('2026-06-12 17:18:21.107000'), Timestamp('2026-06-12 17:18:21.877000'), Timestamp('2026-06-12 17:18:21.996000'), Timestamp('2026-06-12 17:18:22.298000'), Timestamp('2026-06-12 17:18:22.418000'), Timestamp('2026-06-12 17:18:23.195000'), Timestamp('2026-06-12 17:18:23.308000'), Timestamp('2026-06-12 17:18:23.615000'), Timestamp('2026-06-12 17:18:23.734000'), Timestamp('2026-06-12 17:18:24.513000'), Timestamp('2026-06-12 17:18:24.629000'), Timestamp('2026-06-12 17:18:24.939000'), Timestamp('2026-06-12 17:18:25.048000'), Timestamp('2026-06-12 17:18:25.834000'), Timestamp('2026-06-12 17:18:25.939000')]","[0.107, 0.784, 0.104, 0.317, 0.108, 0.784, 0.109, 0.311, 0.117, 0.771, 0.119, 0.314, 0.103, 0.792, 0.103, 0.312, 0.117, 0.773, 0.118, 0.316, 0.103, 0.789, 0.102, 0.312, 0.116, 0.778, 0.115, 0.307, 0.118, 0.775, 0.122, 0.308, 0.108, 0.785, 0.107, 0.313, 0.118, 0.77, 0.119, 0.302, 0.12, 0.777, 0.113, 0.307, 0.119, 0.779, 0.116, 0.31, 0.109, 0.786, 0.105]","[22.479938209007692, 22.208834380353274, 21.557238414383132, 21.85863152516201, 21.76200890577914, 21.54995724979596, 21.781826609647418, 22.09402715642414, 21.70935762993524, 21.81818802250882, 21.743697478991596, 21.858852215705625, 22.01991663614642, 21.343170342463964, 21.740569899414666, 21.53410527797913, 21.62482211570571, 21.659765360747034, 21.341922044934385, 21.500984822152702, 21.896947817525433, 22.027417027417023, 21.38469884105663, 22.121196995688983, 21.5371102327624, 21.618809579167632, 21.614714085535226, 21.50032378583264, 21.646991523220137, 21.51614771454333, 21.546898265248668, 21.7089804625041, 21.745962448974794, 22.21090116510625, 21.39894856250686, 21.88962232301213, 21.64968652037618, 21.935819748049227, 21.188507209499576, 21.27663719362024, 21.069431075263815, 21.221631137816217, 21.422113637935652, 20.837757630210454, 21.401317283670224, 20.953580688704385, 21.989614089373575, 21.41341759590526, 21.333013548835567, 21.149640408798422, 21.573262851374047, 21.77271435583456]","[2.405353388363823, 17.411726154196966, 2.2419527950958456, 6.929186193476357, 2.350296961824147, 16.895166483840033, 2.3742191004515685, 6.8712424456479075, 2.5399948427024235, 16.8218229653543, 2.5875, 6.863679595731567, 2.268051413523081, 16.90379091123146, 2.2392786996397103, 6.718640846729489, 2.5301041875375683, 16.742998623857456, 2.518346801302257, 6.7943112038002536, 2.2553856252051196, 17.37963203463203, 2.181239281787776, 6.901813462654963, 2.4983047870004387, 16.819433852592418, 2.485692119836551, 6.600599402250621, 2.554344999739976, 16.675014478771082, 2.6287215883603374, 6.686365982451263, 2.348563944489278, 17.435557414608407, 2.289687496188234, 6.851451787102797, 2.554663009404389, 16.890581205997904, 2.5214323579304496, 6.425544432473312, 2.528331729031658, 16.489207394083202, 2.420698841086729, 6.397191592474609, 2.5467567567567566, 16.322839356500715, 2.550795234367335, 6.63815945473063, 2.3252984768230767, 16.62361736131556, 2.265192599394275]",363.0997816743482,9.921943274807342
ADTC1_adz_raw_20260612_1726,2026-06-12 17:25:25.350,2026-06-12 17:25:35.378,"[Timestamp('2026-06-12 17:25:35.378000'), Timestamp('2026-06-12 17:25:35.490000'), Timestamp('2026-06-12 17:25:35.840000'), Timestamp('2026-06-12 17:25:35.955000'), Timestamp('2026-06-12 17:25:36.183000'), Timestamp('2026-06-12 17:25:36.301000'), Timestamp('2026-06-12 17:25:37.078000'), Timestamp('2026-06-12 17:25:37.187000'), Timestamp('2026-06-12 17:25:37.382000'), Timestamp('2026-06-12 17:25:37.489000'), Timestamp('2026-06-12 17:25:38.277000'), Timestamp('2026-06-12 17:25:38.383000'), Timestamp('2026-06-12 17:25:38.574000'), Timestamp('2026-06-12 17:25:38.691000'), Timestamp('2026-06-12 17:25:39.467000'), Timestamp('2026-06-12 17:25:39.580000'), Timestamp('2026-06-12 17:25:39.770000'), Timestamp('2026-06-12 17:25:39.883000'), Timestamp('2026-06-12 17:25:40.670000'), Timestamp('2026-06-12 17:25:40.777000')]","[0.112, 0.35, 0.115, 0.228, 0.118, 0.777, 0.109, 0.195, 0.107, 0.788, 0.106, 0.191, 0.117, 0.776, 0.113, 0.19, 0.113, 0.787, 0.107]","[22.506611241002492, 21.861172771819714, 21.82047719757773, 22.18538694213496, 22.304832713754642, 22.823014228973754, 22.08737511089135, 21.695633252509065, 21.94210096782107, 21.85681638640402, 22.187514217776833, 22.344284225601662, 21.743936782610703, 21.804188859799584, 22.093778604541292, 22.657285475879856, 22.145690633809107, 21.954036845243174, 21.996675308464162, 21.66958437135579]","[2.5207404589922793, 7.6514104701368995, 2.509354877721439, 5.058268222806771, 2.6319702602230475, 17.733482055912607, 2.4075238870871574, 4.230648484239268, 2.3478048035568544, 17.223171312486368, 2.351876507084344, 4.267758287089918, 2.5440406035654526, 16.92005055520448, 2.496596982313166, 4.304884240417173, 2.502463041620429, 17.27782699720638, 2.3536442580056653]",119.33351630566968,9.91612261233472
ADTC1_adz_raw_20260612_1737,2026-06-12 17:36:37.536,2026-06-12 17:36:47.644,"[Timestamp('2026-06-12 17:36:47.644000'), Timestamp('2026-06-12 17:36:47.750000'), Timestamp('2026-06-12 17:36:48.338000'), Timestamp('2026-06-12 17:36:48.461000'), Timestamp('2026-06-12 17:36:49.079000'), Timestamp('2026-06-12 17:36:49.205000'), Timestamp('2026-06-12 17:36:49.792000'), Timestamp('2026-06-12 17:36:49.902000')]","[0.106, 0.588, 0.123, 0.618, 0.126, 0.587, 0.11]","[21.511421074615253, 20.98592274236302, 21.623734222953736, 22.039792947266257, 21.35991726739058, 21.772783565236388, 21.157916532983354, 21.813560442856122]","[2.280210633909217, 12.339722572509455, 2.6597193094233096, 13.620592041410546, 2.6913495756912127, 12.780623952793759, 2.327370818628169]",48.69958890436567,9.99187620044532
ADTC1_adz_raw_20260612_1744,2026-06-12 17:42:44.474,2026-06-12 17:42:54.582,"[Timestamp('2026-06-12 17:42:54.582000'), Timestamp('2026-06-12 17:42:54.705000'), Timestamp('2026-06-12 17:42:54.800000'), Timestamp('2026-06-12 17:42:55.030000'), Timestamp('2026-06-12 17:42:55.121000'), Timestamp('2026-06-12 17:42:55.239000')]","[0.123, 0.095, 0.23, 0.091, 0.118]","[20.743270677589624, 20.71222428365286, 20.639268935820745, 20.585922082143437, 20.201212545789645, 20.20809798009912]","[2.5514222933435238, 1.9676613069470217, 4.747031855238771, 1.8733189094750526, 2.383743080403178]",13.523177445407548,10.002472811487351
ADTC1_adz_raw_20260612_1747,2026-06-12 17:45:40.838,2026-06-12 17:45:50.905,"[Timestamp('2026-06-12 17:45:50.905000'), Timestamp('2026-06-12 17:45:51.008000'), Timestamp('2026-06-12 17:45:51.796000'), Timestamp('2026-06-12 17:45:51.903000'), Timestamp('2026-06-12 17:45:52.215000'), Timestamp('2026-06-12 17:45:52.328000'), Timestamp('2026-06-12 17:45:53.113000'), Timestamp('2026-06-12 17:45:53.216000'), Timestamp('2026-06-12 17:45:53.524000'), Timestamp('2026-06-12 17:45:53.645000'), Timestamp('2026-06-12 17:45:54.420000'), Timestamp('2026-06-12 17:45:54.532000'), Timestamp('2026-06-12 17:45:54.850000'), Timestamp('2026-06-12 17:45:54.951000'), Timestamp('2026-06-12 17:45:55.735000'), Timestamp('2026-06-12 17:45:55.845000'), Timestamp('2026-06-12 17:45:56.156000'), Timestamp('2026-06-12 17:45:56.279000'), Timestamp('2026-06-12 17:45:57.049000'), Timestamp('2026-06-12 17:45:57.163000'), Timestamp('2026-06-12 17:45:57.481000'), Timestamp('2026-06-12 17:45:57.582000'), Timestamp('2026-06-12 17:45:58.368000'), Timestamp('2026-06-12 17:45:58.473000'), Timestamp('2026-06-12 17:45:58.789000'), Timestamp('2026-06-12 17:45:58.904000'), Timestamp('2026-06-12 17:45:59.679000'), Timestamp('2026-06-12 17:45:59.795000'), Timestamp('2026-06-12 17:46:00.104000'), Timestamp('2026-06-12 17:46:00.221000'), Timestamp('2026-06-12 17:46:00.993000'), Timestamp('2026-06-12 17:46:01.110000'), Timestamp('2026-06-12 17:46:01.428000'), Timestamp('2026-06-12 17:46:01.533000'), Timestamp('2026-06-12 17:46:02.317000'), Timestamp('2026-06-12 17:46:02.421000'), Timestamp('2026-06-12 17:46:02.739000'), Timestamp('2026-06-12 17:46:02.858000'), Timestamp('2026-06-12 17:46:03.629000'), Timestamp('2026-06-12 17:46:03.745000'), Timestamp('2026-06-12 17:46:04.052000'), Timestamp('2026-06-12 17:46:04.169000'), Timestamp('2026-06-12 17:46:04.945000'), Timestamp('2026-06-12 17:46:05.061000'), Timestamp('2026-06-12 17:46:05.369000'), Timestamp('2026-06-12 17:46:05.483000'), Timestamp('2026-06-12 17:46:06.262000'), Timestamp('2026-06-12 17:46:06.372000'), Timestamp('2026-06-12 17:46:06.687000'), Timestamp('2026-06-12 17:46:06.791000'), Timestamp('2026-06-12 17:46:07.580000'), Timestamp('2026-06-12 17:46:07.687000')]","[0.103, 0.788, 0.107, 0.312, 0.113, 0.785, 0.103, 0.308, 0.121, 0.775, 0.112, 0.318, 0.101, 0.784, 0.11, 0.311, 0.123, 0.77, 0.114, 0.318, 0.101, 0.786, 0.105, 0.316, 0.115, 0.775, 0.116, 0.309, 0.117, 0.772, 0.117, 0.318, 0.105, 0.784, 0.104, 0.318, 0.119, 0.771, 0.116, 0.307, 0.117, 0.776, 0.116, 0.308, 0.114, 0.779, 0.11, 0.315, 0.104, 0.789, 0.107]","[20.758722477564483, 21.15212116301003, 21.158015544939097, 21.668357219931146, 21.54995724979596, 22.10114620306106, 21.141473250943257, 21.461562964535993, 20.80168524272753, 20.879770347855455, 21.180905683034027, 20.95044543557129, 21.025632207625463, 20.438962324167665, 20.326504481434064, 20.622434035888467, 21.26716064992197, 21.159925688088656, 20.964085573787614, 20.79304745497423, 20.827865266841645, 20.530145530145525, 20.38519606077815, 20.431614183137754, 20.939142831684933, 20.25199458076171, 20.731488942609012, 20.556723111347942, 20.81275057273769, 20.544627444234894, 20.45751633986928, 20.863930627968536, 20.863930627968536, 21.166023166023166, 20.91534953235674, 20.644597886952663, 20.596770547118112, 21.061023093447908, 21.01069791136016, 20.96168210127876, 20.68878920536146, 21.12974040684884, 20.93912430036537, 20.640054739000732, 20.228765487386177, 20.502565088181168, 20.836690063370337, 20.322527814342095, 20.9440459479071, 20.888695230800494, 20.813688212927758, 21.076842374271994]","[2.1381484151891414, 16.667871476451904, 2.2639076633084834, 6.7605274526185175, 2.4351451692269435, 17.349399769402932, 2.1775717448471554, 6.610161393077086, 2.517003914370031, 16.18182201958798, 2.372261436499811, 6.66224164851167, 2.123588852970172, 16.02414646214745, 2.235915492957747, 6.413576985161313, 2.6158607599404022, 16.293142779828266, 2.389905755411788, 6.612189090681805, 2.103614391951006, 16.136694386694383, 2.1404455863817056, 6.45639008187153, 2.4080014256437674, 15.695295800090326, 2.4048527173426457, 6.3520274414065145, 2.43509181701031, 15.860452386949339, 2.393529411764706, 6.634729939693995, 2.190712715936696, 16.594162162162164, 2.1751963513651007, 6.564982128050947, 2.4510156951070554, 16.238048805048336, 2.437240957717779, 6.43523640509258, 2.420588337027291, 16.3966785557147, 2.428938418842383, 6.3571368596122255, 2.3060792655620244, 15.97149820369313, 2.292035906970737, 6.40159626151776, 2.1781807785823384, 16.48118053710159, 2.22706463878327]",350.41308665287875,9.959063363398556
ADTC1_adz_raw_20260612_1757,2026-06-12 17:56:14.022,2026-06-12 17:56:24.054,"[Timestamp('2026-06-12 17:56:24.054000'), Timestamp('2026-06-12 17:56:24.166000'), Timestamp('2026-06-12 17:56:24.893000'), Timestamp('2026-06-12 17:56:25.006000'), Timestamp('2026-06-12 17:56:25.212000'), Timestamp('2026-06-12 17:56:25.320000'), Timestamp('2026-06-12 17:56:26.070000'), Timestamp('2026-06-12 17:56:26.179000'), Timestamp('2026-06-12 17:56:26.381000'), Timestamp('2026-06-12 17:56:26.494000'), Timestamp('2026-06-12 17:56:27.237000'), Timestamp('2026-06-12 17:56:27.357000'), Timestamp('2026-06-12 17:56:27.556000'), Timestamp('2026-06-12 17:56:27.670000'), Timestamp('2026-06-12 17:56:28.390000'), Timestamp('2026-06-12 17:56:28.507000'), Timestamp('2026-06-12 17:56:28.805000'), Timestamp('2026-06-12 17:56:28.920000'), Timestamp('2026-06-12 17:56:29.645000'), Timestamp('2026-06-12 17:56:29.759000'), Timestamp('2026-06-12 17:56:29.963000'), Timestamp('2026-06-12 17:56:30.073000'), Timestamp('2026-06-12 17:56:30.816000'), Timestamp('2026-06-12 17:56:30.928000'), Timestamp('2026-06-12 17:56:31.135000'), Timestamp('2026-06-12 17:56:31.246000'), Timestamp('2026-06-12 17:56:31.992000'), Timestamp('2026-06-12 17:56:32.101000'), Timestamp('2026-06-12 17:56:32.304000'), Timestamp('2026-06-12 17:56:32.420000'), Timestamp('2026-06-12 17:56:33.140000'), Timestamp('2026-06-12 17:56:33.255000')]","[0.112, 0.727, 0.113, 0.206, 0.108, 0.75, 0.109, 0.202, 0.113, 0.743, 0.12, 0.199, 0.114, 0.72, 0.117, 0.298, 0.115, 0.725, 0.114, 0.204, 0.11, 0.743, 0.112, 0.207, 0.111, 0.746, 0.109, 0.203, 0.116, 0.72, 0.115]","[22.018127857543917, 21.85740944328321, 22.594551629649317, 21.707175529915297, 22.237290717156213, 21.953105174011313, 22.138413458730064, 21.911799928245102, 21.376583335026865, 21.10859218602925, 21.386248754922132, 21.95905258932156, 22.02963676242443, 21.991978308373547, 21.87402382651409, 21.288794007675506, 21.579494222458706, 21.286935589311796, 22.000658999037764, 21.255881664803596, 22.019588608920095, 21.69355771455008, 21.658818326092046, 21.657513885253657, 22.004681334347204, 21.882951653944023, 21.729852720357282, 21.9106781422893, 22.169217357613327, 21.75966002990478, 21.73990821160679, 21.72891707775429]","[2.4660303200449185, 15.890336665266894, 2.553184334150373, 4.4716781591625505, 2.401627397452871, 16.464828880508485, 2.4130870670015767, 4.426183585505511, 2.4155539168580358, 15.68368399421973, 2.566349850590656, 4.369851465274991, 2.5113785909163853, 15.834224382028953, 2.559260787702149, 6.344060614287301, 2.481641835582751, 15.433028302251051, 2.508075125890305, 4.336199859619933, 2.4221547469812106, 16.11831338191071, 2.425787652522309, 4.483105374247507, 2.4425196281125396, 16.324681933842243, 2.3685539465189436, 4.447867662884728, 2.571629213483146, 15.66695522153144, 2.500089444334781]",199.901923340685,9.91901326275752
ADTC1_adz_raw_20260612_1800,2026-06-12 17:58:54.304,2026-06-12 17:59:04.431,"[Timestamp('2026-06-12 17:59:04.431000'), Timestamp('2026-06-12 17:59:04.867000'), Timestamp('2026-06-12 17:59:05.298000'), Timestamp('2026-06-12 17:59:05.631000'), Timestamp('2026-06-12 17:59:06.953000')]","[0.436, 0.431, 0.333, 1.322]","[22.73249138920781, 18.108440077206527, 14.21028466483012, 21.6006216006216, 22.82986111111111, 17.973856209150327, 13.47373188405797, 22.487366647950587, 22.399286788878364]","[9.911366245694605, 7.804737673276013, 4.73202479338843, 28.556021756021757]",51.0041504683808,9.509783378336644
ADTC1_adz_raw_20260612_1822,2026-06-12 18:21:35.174,2026-06-12 18:21:45.263,"[Timestamp('2026-06-12 18:21:45.263000'), Timestamp('2026-06-12 18:21:45.356000'), Timestamp('2026-06-12 18:21:45.439000'), Timestamp('2026-06-12 18:21:45.922000'), Timestamp('2026-06-12 18:21:45.995000'), Timestamp('2026-06-12 18:21:46.073000')]","[0.093, 0.083, 0.483, 0.073, 0.078]","[21.79176755447942, 21.686746987951807, 21.58273381294964, 22.443890274314214, 22.167487684729064, 21.634615384615387, 21.844660194174757]","[2.026634382566586, 1.8, 10.424460431654676, 1.6384039900249374, 1.729064039408867]",17.618562843655067,9.975052437551645
ADTC1_adz_raw_20260612_1829,2026-06-12 18:27:50.560,2026-06-12 18:28:00.604,"[Timestamp('2026-06-12 18:28:00.604000'), Timestamp('2026-06-12 18:28:00.723000'), Timestamp('2026-06-12 18:28:01.081000'), Timestamp('2026-06-12 18:28:01.202000'), Timestamp('2026-06-12 18:28:01.438000'), Timestamp('2026-06-12 18:28:01.554000'), Timestamp('2026-06-12 18:28:02.355000'), Timestamp('2026-06-12 18:28:02.472000'), Timestamp('2026-06-12 18:28:02.670000'), Timestamp('2026-06-12 18:28:02.782000'), Timestamp('2026-06-12 18:28:03.594000'), Timestamp('2026-06-12 18:28:03.703000'), Timestamp('2026-06-12 18:28:03.905000'), Timestamp('2026-06-12 18:28:04.015000'), Timestamp('2026-06-12 18:28:04.824000'), Timestamp('2026-06-12 18:28:04.937000'), Timestamp('2026-06-12 18:28:05.133000'), Timestamp('2026-06-12 18:28:05.249000'), Timestamp('2026-06-12 18:28:06.060000'), Timestamp('2026-06-12 18:28:06.172000')]","[0.119, 0.358, 0.121, 0.236, 0.116, 0.801, 0.117, 0.198, 0.112, 0.812, 0.109, 0.202, 0.11, 0.809, 0.113, 0.196, 0.116, 0.811, 0.112]","[21.598238824387238, 21.477141228396558, 21.939501612047685, 21.935375094219864, 21.978021978021975, 22.369430766560384, 22.379223638061877, 22.38191390594375, 22.170049015428845, 21.668357219931146, 21.759527022684917, 21.621971085062775, 22.176547532027854, 22.447425965348067, 22.020694398755943, 21.474028207774342, 21.39588100686499, 21.387928618144443, 21.0704218166048, 21.27787469987736]","[2.5701904201020813, 7.688816559765968, 2.65467969505777, 5.176748522235887, 2.5494505494505493, 17.917914044014868, 2.6183691656532395, 4.431618953376863, 2.4830454897280307, 17.59470606258409, 2.371788445472656, 4.367638159182681, 2.439420228523064, 18.15996760596659, 2.4883384670594215, 4.208909528723772, 2.4819221967963387, 17.345610109315146, 2.3598872434597378]",121.90902144646874,9.939250206322866
ADTC1_adz_raw_20260612_1838,2026-06-12 18:37:39.494,2026-06-12 18:37:49.542,"[Timestamp('2026-06-12 18:37:49.542000'), Timestamp('2026-06-12 18:37:49.644000'), Timestamp('2026-06-12 18:37:50.187000'), Timestamp('2026-06-12 18:37:50.305000'), Timestamp('2026-06-12 18:37:50.901000'), Timestamp('2026-06-12 18:37:51.013000'), Timestamp('2026-06-12 18:37:51.577000'), Timestamp('2026-06-12 18:37:51.678000')]","[0.102, 0.543, 0.118, 0.596, 0.112, 0.564, 0.101]","[22.62505111080823, 22.79263554940897, 20.88496751444454, 21.729452436322617, 22.210476861639652, 21.696215219017596, 21.22459828440256, 20.701838207559028]","[2.307755213302439, 12.376401103329071, 2.4644261667044556, 12.950753652048279, 2.487573408503641, 12.236665383525922, 2.1436844267246586]",46.96725935413847,9.95220043836955
ADTC1_adz_raw_20260612_1842,2026-06-12 18:40:35.731,2026-06-12 18:40:45.767,"[Timestamp('2026-06-12 18:40:45.767000'), Timestamp('2026-06-12 18:40:45.875000'), Timestamp('2026-06-12 18:40:46.663000'), Timestamp('2026-06-12 18:40:46.768000'), Timestamp('2026-06-12 18:40:47.088000'), Timestamp('2026-06-12 18:40:47.197000'), Timestamp('2026-06-12 18:40:47.987000'), Timestamp('2026-06-12 18:40:48.087000'), Timestamp('2026-06-12 18:40:48.405000'), Timestamp('2026-06-12 18:40:48.521000'), Timestamp('2026-06-12 18:40:49.299000'), Timestamp('2026-06-12 18:40:49.415000'), Timestamp('2026-06-12 18:40:49.720000'), Timestamp('2026-06-12 18:40:49.839000'), Timestamp('2026-06-12 18:40:50.618000'), Timestamp('2026-06-12 18:40:50.735000'), Timestamp('2026-06-12 18:40:51.049000'), Timestamp('2026-06-12 18:40:51.152000'), Timestamp('2026-06-12 18:40:51.948000'), Timestamp('2026-06-12 18:40:52.048000'), Timestamp('2026-06-12 18:40:52.361000'), Timestamp('2026-06-12 18:40:52.478000'), Timestamp('2026-06-12 18:40:53.260000'), Timestamp('2026-06-12 18:40:53.371000'), Timestamp('2026-06-12 18:40:53.684000'), Timestamp('2026-06-12 18:40:53.791000'), Timestamp('2026-06-12 18:40:54.584000'), Timestamp('2026-06-12 18:40:54.686000')]","[0.108, 0.788, 0.105, 0.32, 0.109, 0.79, 0.1, 0.318, 0.116, 0.778, 0.116, 0.305, 0.119, 0.779, 0.117, 0.314, 0.103, 0.796, 0.1, 0.313, 0.117, 0.782, 0.111, 0.313, 0.107, 0.793, 0.102]","[21.28740517433097, 21.8786402626284, 21.288954395915347, 21.46669760965421, 21.393472790029143, 22.063140210024915, 21.357102399897684, 21.160556549219272, 21.739130434782606, 21.312787475560178, 21.389337148624442, 21.224310873881535, 20.96374133929976, 21.105648159251707, 21.07758789253451, 21.19139960536164, 21.38765234146993, 21.187532249125688, 21.646991523220137, 21.3461005758817, 21.03745753620597, 20.704288745525865, 21.746267284736902, 20.862685809749422, 20.71494076844238, 20.508849342486048, 21.1617142538745, 21.242816193497667]","[2.2990397588277447, 17.24036852695118, 2.235340211571111, 6.869343235089348, 2.3318885341131765, 17.429880765919684, 2.1357102399897685, 6.729056982651729, 2.5217391304347823, 16.58134865598582, 2.4811631092404354, 6.473414816533868, 2.494685219376671, 16.44129991605708, 2.4660777834265377, 6.654099476083554, 2.2029281911714027, 16.865275670304047, 2.164699152322014, 6.681329480250972, 2.4613825317360987, 16.19075379900123, 2.4138356686057962, 6.530020658451569, 2.2164986622233345, 16.263517528591436, 2.1584948538951987]",189.53319255880564,9.931324888396738
ADTC1_adz_raw_20260612_1846,2026-06-12 18:44:39.654,2026-06-12 18:44:49.742,"[Timestamp('2026-06-12 18:44:49.742000'), Timestamp('2026-06-12 18:44:49.847000'), Timestamp('2026-06-12 18:44:50.648000'), Timestamp('2026-06-12 18:44:50.751000'), Timestamp('2026-06-12 18:44:51.073000'), Timestamp('2026-06-12 18:44:51.181000'), Timestamp('2026-06-12 18:44:51.977000'), Timestamp('2026-06-12 18:44:52.086000'), Timestamp('2026-06-12 18:44:52.404000'), Timestamp('2026-06-12 18:44:52.519000'), Timestamp('2026-06-12 18:44:53.301000'), Timestamp('2026-06-12 18:44:53.424000'), Timestamp('2026-06-12 18:44:53.740000'), Timestamp('2026-06-12 18:44:53.847000'), Timestamp('2026-06-12 18:44:54.644000'), Timestamp('2026-06-12 18:44:54.747000'), Timestamp('2026-06-12 18:44:55.062000'), Timestamp('2026-06-12 18:44:55.181000'), Timestamp('2026-06-12 18:44:55.964000'), Timestamp('2026-06-12 18:44:56.084000'), Timestamp('2026-06-12 18:44:56.402000'), Timestamp('2026-06-12 18:44:56.506000'), Timestamp('2026-06-12 18:44:57.301000'), Timestamp('2026-06-12 18:44:57.407000'), Timestamp('2026-06-12 18:44:57.720000'), Timestamp('2026-06-12 18:44:57.836000'), Timestamp('2026-06-12 18:44:58.618000'), Timestamp('2026-06-12 18:44:58.736000'), Timestamp('2026-06-12 18:44:59.041000'), Timestamp('2026-06-12 18:44:59.162000'), Timestamp('2026-06-12 18:44:59.941000'), Timestamp('2026-06-12 18:45:00.058000'), Timestamp('2026-06-12 18:45:00.378000'), Timestamp('2026-06-12 18:45:00.483000'), Timestamp('2026-06-12 18:45:01.278000'), Timestamp('2026-06-12 18:45:01.378000'), Timestamp('2026-06-12 18:45:01.692000'), Timestamp('2026-06-12 18:45:01.812000'), Timestamp('2026-06-12 18:45:02.588000'), Timestamp('2026-06-12 18:45:02.708000'), Timestamp('2026-06-12 18:45:03.016000'), Timestamp('2026-06-12 18:45:03.137000'), Timestamp('2026-06-12 18:45:03.912000'), Timestamp('2026-06-12 18:45:04.033000'), Timestamp('2026-06-12 18:45:04.342000'), Timestamp('2026-06-12 18:45:04.458000'), Timestamp('2026-06-12 18:45:05.240000'), Timestamp('2026-06-12 18:45:05.355000'), Timestamp('2026-06-12 18:45:05.672000'), Timestamp('2026-06-12 18:45:05.772000'), Timestamp('2026-06-12 18:45:06.568000'), Timestamp('2026-06-12 18:45:06.674000')]","[0.105, 0.801, 0.103, 0.322, 0.108, 0.796, 0.109, 0.318, 0.115, 0.782, 0.123, 0.316, 0.107, 0.797, 0.103, 0.315, 0.119, 0.783, 0.12, 0.318, 0.104, 0.795, 0.106, 0.313, 0.116, 0.782, 0.118, 0.305, 0.121, 0.779, 0.117, 0.32, 0.105, 0.795, 0.1, 0.314, 0.12, 0.776, 0.12, 0.308, 0.121, 0.775, 0.121, 0.309, 0.116, 0.782, 0.115, 0.317, 0.1, 0.796, 0.106]","[21.812952823405787, 21.315809261479885, 21.646053872759666, 21.205398668006104, 21.01005414248109, 21.490718666585163, 21.25366991716473, 21.617410164917658, 21.623323387403808, 21.012370263677695, 21.013952844515558, 21.050772721434996, 21.467574983617084, 21.430511478176268, 21.509744386899012, 21.712970861020843, 20.854012037521123, 21.166000871024295, 21.23458330733554, 21.558441558441558, 21.42633107590174, 21.491425700378617, 21.72627878520704, 21.71549180280535, 21.39093203907447, 21.15527595081499, 21.239535139898656, 21.319872539384736, 20.837662282813433, 21.126016699471023, 21.191245832168498, 20.791960549088188, 21.153569522197248, 21.449500494945113, 22.22772081238371, 21.23358971316383, 20.972285145579498, 21.034667309031608, 20.882414452762177, 21.08850601286035, 21.18010419994764, 21.543943678013854, 20.887842316413746, 20.99579373348279, 21.46510035731268, 20.986204087525927, 20.989425519099846, 20.903010033444822, 20.94095931329735, 20.762487076877896, 21.03766621121614, 20.89173155357805]","[2.2903600464576077, 17.07396321844539, 2.229543548894245, 6.828138371097966, 2.2690858473879576, 17.10661205860179, 2.3166500209709553, 6.874336432443815, 2.486682189551438, 16.43167354619596, 2.5847161998754133, 6.652044179973458, 2.297030523247028, 17.080117648106487, 2.2155036718505983, 6.839585821221565, 2.4816274324650136, 16.572978682012025, 2.548149996880265, 6.855584415584415, 2.2283384318937807, 17.085683431801, 2.302985551231946, 6.796948934278074, 2.4813481165326388, 16.54342579353732, 2.506265146508041, 6.5025611245123445, 2.5213571362204252, 16.45716700888793, 2.4793757623637145, 6.65342737570822, 2.221124799830711, 17.052352893481366, 2.222772081238371, 6.667347169933443, 2.51667421746954, 16.32290183180853, 2.5058897343314612, 6.495259851960988, 2.5627926081936643, 16.696556350460735, 2.5274289202860634, 6.4877002636461825, 2.489951641448271, 16.411211596445277, 2.4137839346964824, 6.626254180602008, 2.094095931329735, 16.526939713194807, 2.229992618388911]",359.6642980034853,9.970057055461483
ADTC1_adz_raw_20260612_1853,2026-06-12 18:52:07.738,2026-06-12 18:52:17.749,"[Timestamp('2026-06-12 18:52:17.749000'), Timestamp('2026-06-12 18:52:17.867000'), Timestamp('2026-06-12 18:52:18.616000'), Timestamp('2026-06-12 18:52:18.736000'), Timestamp('2026-06-12 18:52:18.945000'), Timestamp('2026-06-12 18:52:19.062000'), Timestamp('2026-06-12 18:52:19.836000'), Timestamp('2026-06-12 18:52:19.957000'), Timestamp('2026-06-12 18:52:20.169000'), Timestamp('2026-06-12 18:52:20.282000'), Timestamp('2026-06-12 18:52:21.060000'), Timestamp('2026-06-12 18:52:21.175000'), Timestamp('2026-06-12 18:52:21.386000'), Timestamp('2026-06-12 18:52:21.509000'), Timestamp('2026-06-12 18:52:22.258000'), Timestamp('2026-06-12 18:52:22.377000')]","[0.118, 0.749, 0.12, 0.209, 0.117, 0.774, 0.121, 0.212, 0.113, 0.778, 0.115, 0.211, 0.123, 0.749, 0.119]","[20.730538783897675, 21.034406542400355, 21.017946723542007, 20.833079522103915, 20.947576222855893, 20.670312048270453, 20.689655172413794, 21.45935318900075, 21.267910732946653, 20.796263534701083, 21.19455886579174, 21.168461658413882, 21.486288195752614, 21.35231316725978, 21.486847818634736, 21.08571810660127]","[2.4462035764999257, 15.754770500257866, 2.5221536068250408, 4.354113620119718, 2.4508664180741397, 15.99882152536133, 2.503448275862069, 4.549382876068159, 2.403273912822972, 16.17949302999744, 2.4373742695660505, 4.466545409925329, 2.6428134480775713, 15.992882562277575, 2.5569348904175335]",97.25907792215273,9.903989004615836
ADTC1_adz_raw_20260612_1858,2026-06-12 18:56:53.766,2026-06-12 18:57:03.833,"[Timestamp('2026-06-12 18:57:03.833000'), Timestamp('2026-06-12 18:57:03.973000'), Timestamp('2026-06-12 18:57:04.476000'), Timestamp('2026-06-12 18:57:04.611000'), Timestamp('2026-06-12 18:57:04.758000'), Timestamp('2026-06-12 18:57:04.896000'), Timestamp('2026-06-12 18:57:05.619000'), Timestamp('2026-06-12 18:57:05.758000'), Timestamp('2026-06-12 18:57:06.477000'), Timestamp('2026-06-12 18:57:06.615000'), Timestamp('2026-06-12 18:57:07.329000'), Timestamp('2026-06-12 18:57:07.473000'), Timestamp('2026-06-12 18:57:08.195000'), Timestamp('2026-06-12 18:57:08.326000'), Timestamp('2026-06-12 18:57:09.053000'), Timestamp('2026-06-12 18:57:09.192000'), Timestamp('2026-06-12 18:57:09.915000'), Timestamp('2026-06-12 18:57:10.052000'), Timestamp('2026-06-12 18:57:10.781000'), Timestamp('2026-06-12 18:57:10.914000'), Timestamp('2026-06-12 18:57:11.639000'), Timestamp('2026-06-12 18:57:11.775000'), Timestamp('2026-06-12 18:57:11.930000'), Timestamp('2026-06-12 18:57:12.066000'), Timestamp('2026-06-12 18:57:12.575000'), Timestamp('2026-06-12 18:57:12.710000')]","[0.14, 0.503, 0.135, 0.147, 0.138, 0.723, 0.139, 0.719, 0.138, 0.714, 0.144, 0.722, 0.131, 0.727, 0.139, 0.723, 0.137, 0.729, 0.133, 0.725, 0.136, 0.155, 0.136, 0.509, 0.135]","[21.820140390351618, 21.574401511605735, 21.956328383176377, 21.52675180844195, 20.81477363847697, 21.47852147852148, 21.930899089281745, 21.509530070141874, 21.355132962275817, 21.316623750406762, 20.702113531596854, 21.50537634408602, 20.97829808419106, 20.60165774174756, 20.828115546425405, 21.282040066485873, 22.230962921574992, 22.485095492799857, 21.624015103880602, 21.04991521049915, 21.977567811589964, 21.528319905644928, 21.701175662990398, 22.14061073864749, 21.773343169099594, 21.251723834822617]","[3.054819654649227, 10.851923960337684, 2.964104331728811, 3.1644325158409665, 2.872438762109822, 15.528971028971029, 3.0483949734101627, 15.465352120432007, 2.9470083487940633, 15.220069357790427, 2.981104348549947, 15.526881720430106, 2.748157049029029, 14.977405178250475, 2.8951080609531314, 15.386914968069286, 3.045641920255774, 16.391634614251096, 2.87599400881612, 15.261188527611884, 2.9889492223762355, 3.336889585374964, 2.951359890166694, 11.269570865971572, 2.9394013278284454]",190.693716341999,9.947931511515549
ADTC1_adz_raw_20260612_1906,2026-06-12 19:04:55.910,2026-06-12 19:05:06.025,"[Timestamp('2026-06-12 19:05:06.025000'), Timestamp('2026-06-12 19:05:06.920000'), Timestamp('2026-06-12 19:05:07.696000'), Timestamp('2026-06-12 19:05:08.153000'), Timestamp('2026-06-12 19:05:08.581000'), Timestamp('2026-06-12 19:05:09.033000')]","[0.895, 0.776, 0.457, 0.428, 0.452]","[19.02459533319319, 25.46296296296297, -19.84126984126984, 16.542980828695114, 17.819706498951795, 19.28440513188303, 20.240523998711467, 25.042111173498036, 18.102372034956314]","[17.027012823207905, 19.759259259259263, -9.067460317460316, 7.080395794681508, 8.054507337526212]",42.853714897214566,9.936740915816756
ADTC1_adz_raw_20260612_1916,2026-06-12 19:15:08.211,2026-06-12 19:15:18.254,"[Timestamp('2026-06-12 19:15:18.254000'), Timestamp('2026-06-12 19:15:18.363000'), Timestamp('2026-06-12 19:15:19.161000'), Timestamp('2026-06-12 19:15:19.272000'), Timestamp('2026-06-12 19:15:19.598000'), Timestamp('2026-06-12 19:15:19.698000'), Timestamp('2026-06-12 19:15:20.506000'), Timestamp('2026-06-12 19:15:20.613000'), Timestamp('2026-06-12 19:15:20.926000'), Timestamp('2026-06-12 19:15:21.051000'), Timestamp('2026-06-12 19:15:21.843000'), Timestamp('2026-06-12 19:15:21.963000'), Timestamp('2026-06-12 19:15:22.280000'), Timestamp('2026-06-12 19:15:22.384000'), Timestamp('2026-06-12 19:15:23.193000'), Timestamp('2026-06-12 19:15:23.300000'), Timestamp('2026-06-12 19:15:23.622000'), Timestamp('2026-06-12 19:15:23.742000'), Timestamp('2026-06-12 19:15:24.529000'), Timestamp('2026-06-12 19:15:24.651000'), Timestamp('2026-06-12 19:15:24.972000'), Timestamp('2026-06-12 19:15:25.077000'), Timestamp('2026-06-12 19:15:25.881000'), Timestamp('2026-06-12 19:15:25.990000'), Timestamp('2026-06-12 19:15:26.309000'), Timestamp('2026-06-12 19:15:26.431000'), Timestamp('2026-06-12 19:15:27.228000'), Timestamp('2026-06-12 19:15:27.347000'), Timestamp('2026-06-12 19:15:27.661000'), Timestamp('2026-06-12 19:15:27.783000'), Timestamp('2026-06-12 19:15:28.580000'), Timestamp('2026-06-12 19:15:28.697000'), Timestamp('2026-06-12 19:15:29.016000'), Timestamp('2026-06-12 19:15:29.125000'), Timestamp('2026-06-12 19:15:29.931000'), Timestamp('2026-06-12 19:15:30.039000'), Timestamp('2026-06-12 19:15:30.358000'), Timestamp('2026-06-12 19:15:30.481000'), Timestamp('2026-06-12 19:15:31.279000'), Timestamp('2026-06-12 19:15:31.396000'), Timestamp('2026-06-12 19:15:31.714000'), Timestamp('2026-06-12 19:15:31.832000'), Timestamp('2026-06-12 19:15:32.623000'), Timestamp('2026-06-12 19:15:32.746000'), Timestamp('2026-06-12 19:15:33.068000'), Timestamp('2026-06-12 19:15:33.174000'), Timestamp('2026-06-12 19:15:33.979000'), Timestamp('2026-06-12 19:15:34.089000')]","[0.109, 0.798, 0.111, 0.326, 0.1, 0.808, 0.107, 0.313, 0.125, 0.792, 0.12, 0.317, 0.104, 0.809, 0.107, 0.322, 0.12, 0.787, 0.122, 0.321, 0.105, 0.804, 0.109, 0.319, 0.122, 0.797, 0.119, 0.314, 0.122, 0.797, 0.117, 0.319, 0.109, 0.806, 0.108, 0.319, 0.123, 0.798, 0.117, 0.318, 0.118, 0.791, 0.123, 0.322, 0.106, 0.805, 0.11]","[21.247399889882907, 21.563816300658406, 21.693127587496583, 22.062310426919485, 21.54296750264553, 20.72621259985614, 21.12971277113648, 21.821278630564986, 20.943782056237197, 21.428571428571427, 21.882281025168346, 21.749022836148164, 21.16220544497827, 21.39608771883023, 21.542702776176803, 21.828181183865773, 21.20689199196022, 21.53408589822736, 21.466703466962365, 21.635424373861923, 21.71669793621013, 21.373072587793693, 20.857339419253286, 21.400725200781658, 20.93262799155625, 20.86260039875922, 21.197736527010527, 20.786595714582354, 21.24671230757329, 21.033252461823892, 21.204947675535912, 20.72567425352271, 20.183820755903135, 20.906407172534443, 20.82944696821692, 21.17082264141088, 20.226061188445165, 20.41589914682629, 20.61221467799607, 20.345112546155026, 20.567618671395252, 20.845016832510314, 20.500951263979612, 20.656617131462585, 20.512991310780954, 20.941196350118286, 20.53213969543239, 20.75087477772042]","[2.3159665879972366, 17.20792540792541, 2.4079371622121206, 7.192313199175752, 2.154296750264553, 16.746779780683763, 2.260879266511603, 6.830060211366841, 2.6179727570296496, 16.97142857142857, 2.6258737230202014, 6.8944402390589685, 2.20086936627774, 17.309434964533658, 2.305069197050918, 7.028674341204779, 2.5448270390352263, 16.947325601904932, 2.6189378229694085, 6.944971224009677, 2.2802532833020637, 17.18395036058613, 2.2734499966986084, 6.826831339049349, 2.5537806149698623, 16.6274925178111, 2.5225306467142525, 6.526991054378859, 2.5920989015239413, 16.763502212073643, 2.480978878037702, 6.6114900868737445, 2.2000364623934416, 16.85056418106276, 2.249580272567427, 6.753492422610071, 2.487805526178755, 16.291887519167382, 2.4116291173255404, 6.469745789677298, 2.4269790032246394, 16.48840831451566, 2.5216170054694924, 6.651430716330952, 2.174377078942781, 16.857663061845223, 2.258535366497563]",334.4630849434892,9.923880174584022
ADTC1_adz_raw_20260612_1928,2026-06-12 19:26:38.675,2026-06-12 19:26:48.697,"[Timestamp('2026-06-12 19:26:48.697000'), Timestamp('2026-06-12 19:26:48.814000'), Timestamp('2026-06-12 19:26:49.159000'), Timestamp('2026-06-12 19:26:49.275000'), Timestamp('2026-06-12 19:26:49.505000'), Timestamp('2026-06-12 19:26:49.613000'), Timestamp('2026-06-12 19:26:50.386000'), Timestamp('2026-06-12 19:26:50.497000'), Timestamp('2026-06-12 19:26:50.690000'), Timestamp('2026-06-12 19:26:50.803000'), Timestamp('2026-06-12 19:26:51.574000'), Timestamp('2026-06-12 19:26:51.689000'), Timestamp('2026-06-12 19:26:51.881000'), Timestamp('2026-06-12 19:26:51.994000'), Timestamp('2026-06-12 19:26:52.772000'), Timestamp('2026-06-12 19:26:52.881000'), Timestamp('2026-06-12 19:26:53.064000'), Timestamp('2026-06-12 19:26:53.178000'), Timestamp('2026-06-12 19:26:53.961000'), Timestamp('2026-06-12 19:26:54.078000')]","[0.117, 0.345, 0.116, 0.23, 0.108, 0.773, 0.111, 0.193, 0.113, 0.771, 0.115, 0.192, 0.113, 0.778, 0.109, 0.183, 0.114, 0.783, 0.117]","[21.409372132263705, 21.97727681598649, 22.033923312539464, 22.276120815156645, 21.633057651542615, 22.08161973417802, 21.810252164234612, 22.104999840524073, 21.99487441842507, 22.308611625415658, 21.39633364907784, 21.60058963626398, 21.734696530235567, 21.93641965428938, 21.697565659364287, 22.34613795952086, 19.77550287356322, 22.30214897719818, 21.0414369274363, 22.894194868144588]","[2.5048965394748537, 7.582160501515338, 2.555935104254578, 5.123507787486028, 2.3363702263666024, 17.069092054519608, 2.420937990230042, 4.2662649692211465, 2.485420809282033, 17.19993956319547, 2.4605783696439514, 4.147313210162684, 2.456020707916619, 17.06653449103714, 2.3650346568707072, 4.089343246592318, 2.254407327586207, 17.462582649146174, 2.4618481205100475]",118.30818832501153,9.914412097112178
ADTC1_adz_raw_20260612_1936,2026-06-12 19:35:24.083,2026-06-12 19:35:34.200,"[Timestamp('2026-06-12 19:35:34.200000'), Timestamp('2026-06-12 19:35:34.308000'), Timestamp('2026-06-12 19:35:34.894000'), Timestamp('2026-06-12 19:35:35.017000'), Timestamp('2026-06-12 19:35:35.635000'), Timestamp('2026-06-12 19:35:35.757000'), Timestamp('2026-06-12 19:35:36.337000'), Timestamp('2026-06-12 19:35:36.448000')]","[0.108, 0.586, 0.123, 0.618, 0.122, 0.58, 0.111]","[22.749815497529056, 24.198497336326504, 22.216361732425995, 22.837177178807423, 23.444634983743477, 22.88481093028696, 22.056787977365598, 23.22942645659723]","[2.456980073733138, 14.18031943908733, 2.7326124930883973, 14.113375496502988, 2.860245468016704, 13.273190339566437, 2.4483034654875815]",52.06502677548258,10.008650063708563
ADTC1_adz_raw_20260612_1951,2026-06-12 19:50:26.330,2026-06-12 19:50:36.426,"[Timestamp('2026-06-12 19:50:36.426000'), Timestamp('2026-06-12 19:50:36.532000'), Timestamp('2026-06-12 19:50:37.332000'), Timestamp('2026-06-12 19:50:37.438000'), Timestamp('2026-06-12 19:50:37.754000'), Timestamp('2026-06-12 19:50:37.872000'), Timestamp('2026-06-12 19:50:38.658000'), Timestamp('2026-06-12 19:50:38.777000'), Timestamp('2026-06-12 19:50:39.088000'), Timestamp('2026-06-12 19:50:39.206000'), Timestamp('2026-06-12 19:50:39.998000'), Timestamp('2026-06-12 19:50:40.114000'), Timestamp('2026-06-12 19:50:40.431000'), Timestamp('2026-06-12 19:50:40.537000'), Timestamp('2026-06-12 19:50:41.339000'), Timestamp('2026-06-12 19:50:41.440000'), Timestamp('2026-06-12 19:50:41.763000'), Timestamp('2026-06-12 19:50:41.879000'), Timestamp('2026-06-12 19:50:42.663000'), Timestamp('2026-06-12 19:50:42.783000'), Timestamp('2026-06-12 19:50:43.094000'), Timestamp('2026-06-12 19:50:43.215000'), Timestamp('2026-06-12 19:50:43.999000'), Timestamp('2026-06-12 19:50:44.120000'), Timestamp('2026-06-12 19:50:44.437000'), Timestamp('2026-06-12 19:50:44.547000'), Timestamp('2026-06-12 19:50:45.345000'), Timestamp('2026-06-12 19:50:45.448000'), Timestamp('2026-06-12 19:50:45.766000'), Timestamp('2026-06-12 19:50:45.882000'), Timestamp('2026-06-12 19:50:46.671000'), Timestamp('2026-06-12 19:50:46.788000'), Timestamp('2026-06-12 19:50:47.101000'), Timestamp('2026-06-12 19:50:47.208000'), Timestamp('2026-06-12 19:50:48.008000'), Timestamp('2026-06-12 19:50:48.114000'), Timestamp('2026-06-12 19:50:48.431000'), Timestamp('2026-06-12 19:50:48.547000'), Timestamp('2026-06-12 19:50:49.332000'), Timestamp('2026-06-12 19:50:49.451000'), Timestamp('2026-06-12 19:50:49.773000'), Timestamp('2026-06-12 19:50:49.879000'), Timestamp('2026-06-12 19:50:50.671000'), Timestamp('2026-06-12 19:50:50.782000'), Timestamp('2026-06-12 19:50:51.102000'), Timestamp('2026-06-12 19:50:51.208000'), Timestamp('2026-06-12 19:50:52.003000'), Timestamp('2026-06-12 19:50:52.110000')]","[0.106, 0.8, 0.106, 0.316, 0.118, 0.786, 0.119, 0.311, 0.118, 0.792, 0.116, 0.317, 0.106, 0.802, 0.101, 0.323, 0.116, 0.784, 0.12, 0.311, 0.121, 0.784, 0.121, 0.317, 0.11, 0.798, 0.103, 0.318, 0.116, 0.789, 0.117, 0.313, 0.107, 0.8, 0.106, 0.317, 0.116, 0.785, 0.119, 0.322, 0.106, 0.792, 0.111, 0.32, 0.106, 0.795, 0.107]","[21.695516056628577, 21.584979939990845, 21.56407278358498, 22.15416527142166, 21.091034036704663, 21.204397301084565, 21.32149008255776, 21.135423716068882, 21.276325325314502, 21.27794501597496, 21.661505754032444, 21.471400939486053, 21.42830100920507, 21.16301096980454, 21.485597735597736, 21.466973886328724, 21.700451700350797, 21.2375816065853, 21.70850232862523, 21.39341980738184, 21.354464883793423, 21.607982959391634, 21.881407801985418, 21.52307237358088, 21.62701718222762, 22.149553210649056, 22.516069165308707, 21.61038129030441, 21.665167572640883, 21.518620780613396, 21.693615257048094, 21.54256421837467, 21.1965811965812, 21.496932231519658, 21.229145742994636, 21.55118532702684, 21.102940099321742, 21.02175332321736, 20.8215927759853, 21.508637930238116, 21.99808690938864, 22.274066740972017, 21.772209682736932, 22.091909309954424, 21.7616765326689, 21.559662566810484, 21.594929353324847, 21.7328271021441]","[2.2997247020026292, 17.267983951992676, 2.285791715060008, 7.000716225769245, 2.48874201633115, 16.666656278652468, 2.537257319824373, 6.5731167756974225, 2.510606388387111, 16.85213245265217, 2.5127346674677637, 6.806434097817078, 2.2713999069757373, 16.97273479778324, 2.1700453712953713, 6.933832565284178, 2.5172523972406924, 16.650263979562876, 2.6050202794350272, 6.653353560095752, 2.583890250939004, 16.940658640163043, 2.6476503440402355, 6.82281394242514, 2.378971890045038, 17.67534346209795, 2.3191551240267967, 6.872101250316803, 2.5131594384263427, 16.97819179590397, 2.5381529850746274, 6.742822600351272, 2.2680341880341883, 17.197545785215727, 2.250289448757431, 6.831725748667508, 2.447941051521322, 16.502076358725628, 2.477769540342251, 6.925781413536674, 2.3317972123951956, 17.641060858849837, 2.4167152747837997, 7.069410979185416, 2.3067377124629034, 17.139931740614337, 2.3106574408057585]",337.70618592703516,9.986335324774377
ADTC1_adz_raw_20260612_1957,2026-06-12 19:55:47.322,2026-06-12 19:55:57.421,"[Timestamp('2026-06-12 19:55:57.421000'), Timestamp('2026-06-12 19:55:57.565000'), Timestamp('2026-06-12 19:55:58.079000'), Timestamp('2026-06-12 19:55:58.220000'), Timestamp('2026-06-12 19:55:58.377000'), Timestamp('2026-06-12 19:55:58.513000'), Timestamp('2026-06-12 19:55:59.249000'), Timestamp('2026-06-12 19:55:59.387000'), Timestamp('2026-06-12 19:56:00.121000'), Timestamp('2026-06-12 19:56:00.264000'), Timestamp('2026-06-12 19:56:01'), Timestamp('2026-06-12 19:56:01.140000'), Timestamp('2026-06-12 19:56:01.878000'), Timestamp('2026-06-12 19:56:02.012000'), Timestamp('2026-06-12 19:56:02.748000'), Timestamp('2026-06-12 19:56:02.889000'), Timestamp('2026-06-12 19:56:03.624000'), Timestamp('2026-06-12 19:56:03.763000'), Timestamp('2026-06-12 19:56:04.508000'), Timestamp('2026-06-12 19:56:04.646000'), Timestamp('2026-06-12 19:56:05.382000'), Timestamp('2026-06-12 19:56:05.522000'), Timestamp('2026-06-12 19:56:05.678000'), Timestamp('2026-06-12 19:56:05.817000'), Timestamp('2026-06-12 19:56:06.336000'), Timestamp('2026-06-12 19:56:06.475000')]","[0.144, 0.514, 0.141, 0.157, 0.136, 0.736, 0.138, 0.734, 0.143, 0.736, 0.14, 0.738, 0.134, 0.736, 0.141, 0.735, 0.139, 0.745, 0.138, 0.736, 0.14, 0.156, 0.139, 0.519, 0.139]","[20.569901839571394, 20.976869245111715, 21.65765140359992, 21.460423440295756, 21.74431202600217, 20.978869356194373, 21.509564034652072, 21.377331570831043, 20.941113021202007, 21.867583979954112, 21.63340862388125, 21.30221760432653, 21.56507491959423, 21.170286447023663, 20.90587968130219, 20.6661386647259, 20.86254479835449, 20.671472269027582, 20.982349925542565, 20.719186311840225, 20.43544690603514, 20.836060321657634, 21.336952535277455, 21.156388147240342, 21.543250068329296, 20.473266372308416]","[2.9620658648982805, 10.78211079198742, 3.0537288479075886, 3.3692864801264335, 2.9572264355362954, 15.440447846159058, 2.968319836781986, 15.690961372989985, 2.994579162031887, 16.094541809246227, 3.0286772073433754, 15.721036591992979, 2.8897200392256273, 15.581330825009417, 2.9477290350636083, 15.189611918573537, 2.899893726971275, 15.400246840425549, 2.895564289724874, 15.249321125514406, 2.8609625668449197, 3.250425410178591, 2.9658364024035664, 10.980165448417738, 2.9945117594977724]",191.16830163485244,9.9982521927037
ADTC1_adz_raw_20260612_2010,2026-06-12 20:09:10.317,2026-06-12 20:09:20.352,"[Timestamp('2026-06-12 20:09:20.352000'), Timestamp('2026-06-12 20:09:20.493000'), Timestamp('2026-06-12 20:09:20.814000'), Timestamp('2026-06-12 20:09:20.960000'), Timestamp('2026-06-12 20:09:21.206000'), Timestamp('2026-06-12 20:09:21.285000'), Timestamp('2026-06-12 20:09:21.782000'), Timestamp('2026-06-12 20:09:21.866000'), Timestamp('2026-06-12 20:09:22.441000'), Timestamp('2026-06-12 20:09:22.627000'), Timestamp('2026-06-12 20:09:22.709000'), Timestamp('2026-06-12 20:09:23.198000'), Timestamp('2026-06-12 20:09:23.285000'), Timestamp('2026-06-12 20:09:23.858000'), Timestamp('2026-06-12 20:09:26.132000'), Timestamp('2026-06-12 20:09:29.120000')]","[0.141, 0.321, 0.146, 0.246, 0.079, 0.497, 0.084, 0.575, 0.186, 0.082, 0.489, 0.087, 0.573, 2.274, 2.988]","[nan, nan, nan, nan, nan, nan, nan, nan, nan, nan, nan, nan, nan, nan, nan, nan, nan, nan, nan, nan, nan, nan, nan, nan, nan, nan, nan, nan, nan, nan, nan, nan, nan, nan, nan, nan, nan, nan, nan, nan, nan, nan, nan, nan, nan, nan, nan, nan]","[nan, nan, nan, nan, nan, nan, nan, nan, nan, nan, nan, nan, nan, nan, nan]",,9.91964186408631
ADTC1_adz_raw_20260612_2031,2026-06-12 20:30:23.315,2026-06-12 20:30:33.359,"[Timestamp('2026-06-12 20:30:33.359000'), Timestamp('2026-06-12 20:30:33.470000'), Timestamp('2026-06-12 20:30:33.820000'), Timestamp('2026-06-12 20:30:33.933000'), Timestamp('2026-06-12 20:30:34.165000'), Timestamp('2026-06-12 20:30:34.277000'), Timestamp('2026-06-12 20:30:35.057000'), Timestamp('2026-06-12 20:30:35.163000'), Timestamp('2026-06-12 20:30:35.355000'), Timestamp('2026-06-12 20:30:35.466000'), Timestamp('2026-06-12 20:30:36.252000'), Timestamp('2026-06-12 20:30:36.358000'), Timestamp('2026-06-12 20:30:36.548000'), Timestamp('2026-06-12 20:30:36.662000'), Timestamp('2026-06-12 20:30:37.447000'), Timestamp('2026-06-12 20:30:37.550000'), Timestamp('2026-06-12 20:30:37.743000'), Timestamp('2026-06-12 20:30:37.852000'), Timestamp('2026-06-12 20:30:38.634000'), Timestamp('2026-06-12 20:30:38.745000')]","[0.111, 0.35, 0.113, 0.232, 0.112, 0.78, 0.106, 0.192, 0.111, 0.786, 0.106, 0.19, 0.114, 0.785, 0.103, 0.193, 0.109, 0.782, 0.111]","[22.709050804469204, 22.790105785070864, 22.390567257381903, 21.813357255125155, 23.89403433136649, 22.832647851197496, 22.526727243557016, 20.587069058456564, 22.768462796117852, 22.233865254128485, 23.04830760813109, 21.984121520282066, 21.437335435125622, 22.39179807026374, 22.503165495583666, 21.59362077398509, 21.77383156342555, 21.341860201821838, 22.025003213716438, 21.538549697394465]","[2.5207046392960817, 7.976537024774802, 2.530134100084155, 5.060698883189036, 2.676131845113047, 17.80946532393405, 2.3878330878170435, 3.95271725922366, 2.527299370369082, 17.47581808974499, 2.4431206064618953, 4.176983088853593, 2.443856239604321, 17.577561485157037, 2.3178260460451177, 4.167568809379123, 2.373347640413385, 16.68933467782468, 2.4447753567225248]",119.5517135740076,9.931745935591124
ADTC1_adz_raw_20260612_2034,2026-06-12 20:33:20.192,2026-06-12 20:33:30.235,"[Timestamp('2026-06-12 20:33:30.235000'), Timestamp('2026-06-12 20:33:30.340000'), Timestamp('2026-06-12 20:33:31.120000'), Timestamp('2026-06-12 20:33:31.226000'), Timestamp('2026-06-12 20:33:31.541000'), Timestamp('2026-06-12 20:33:31.655000'), Timestamp('2026-06-12 20:33:32.428000'), Timestamp('2026-06-12 20:33:32.551000'), Timestamp('2026-06-12 20:33:32.853000'), Timestamp('2026-06-12 20:33:32.970000'), Timestamp('2026-06-12 20:33:33.746000'), Timestamp('2026-06-12 20:33:33.860000'), Timestamp('2026-06-12 20:33:34.169000'), Timestamp('2026-06-12 20:33:34.284000'), Timestamp('2026-06-12 20:33:35.060000'), Timestamp('2026-06-12 20:33:35.173000'), Timestamp('2026-06-12 20:33:35.490000'), Timestamp('2026-06-12 20:33:35.596000'), Timestamp('2026-06-12 20:33:36.375000'), Timestamp('2026-06-12 20:33:36.482000'), Timestamp('2026-06-12 20:33:36.796000'), Timestamp('2026-06-12 20:33:36.911000'), Timestamp('2026-06-12 20:33:37.684000'), Timestamp('2026-06-12 20:33:37.804000'), Timestamp('2026-06-12 20:33:38.107000'), Timestamp('2026-06-12 20:33:38.226000'), Timestamp('2026-06-12 20:33:38.997000'), Timestamp('2026-06-12 20:33:39.118000'), Timestamp('2026-06-12 20:33:39.431000'), Timestamp('2026-06-12 20:33:39.536000'), Timestamp('2026-06-12 20:33:40.317000'), Timestamp('2026-06-12 20:33:40.424000'), Timestamp('2026-06-12 20:33:40.740000'), Timestamp('2026-06-12 20:33:40.854000'), Timestamp('2026-06-12 20:33:41.630000'), Timestamp('2026-06-12 20:33:41.748000'), Timestamp('2026-06-12 20:33:42.060000'), Timestamp('2026-06-12 20:33:42.162000'), Timestamp('2026-06-12 20:33:42.949000'), Timestamp('2026-06-12 20:33:43.051000'), Timestamp('2026-06-12 20:33:43.362000'), Timestamp('2026-06-12 20:33:43.481000'), Timestamp('2026-06-12 20:33:44.258000'), Timestamp('2026-06-12 20:33:44.372000'), Timestamp('2026-06-12 20:33:44.683000'), Timestamp('2026-06-12 20:33:44.789000'), Timestamp('2026-06-12 20:33:45.576000'), Timestamp('2026-06-12 20:33:45.676000'), Timestamp('2026-06-12 20:33:45.996000'), Timestamp('2026-06-12 20:33:46.098000'), Timestamp('2026-06-12 20:33:46.885000'), Timestamp('2026-06-12 20:33:46.991000')]","[0.105, 0.78, 0.106, 0.315, 0.114, 0.773, 0.123, 0.302, 0.117, 0.776, 0.114, 0.309, 0.115, 0.776, 0.113, 0.317, 0.106, 0.779, 0.107, 0.314, 0.115, 0.773, 0.12, 0.303, 0.119, 0.771, 0.121, 0.313, 0.105, 0.781, 0.107, 0.316, 0.114, 0.776, 0.118, 0.312, 0.102, 0.787, 0.102, 0.311, 0.119, 0.777, 0.114, 0.311, 0.106, 0.787, 0.1, 0.32, 0.102, 0.787, 0.106]","[21.815561228802814, 21.71155027216207, 21.719286694678217, 21.902478017585928, 21.555824414648058, 21.2303879783027, 21.32730604709599, 21.739130434782602, 21.40492467495011, 21.15359115250941, 21.5488922841864, 21.386516875503595, 21.674404614389815, 21.24241383756594, 21.456279295296586, 21.311912391564896, 21.695170838535955, 21.945498629559353, 20.94283619656826, 21.38740582164791, 21.456279295296586, 21.067374225604425, 21.230096157705518, 21.338011746428222, 21.220524634342475, 21.409472880061116, 21.219308140791327, 21.58192230880958, 21.84675171073752, 21.636767049909537, 21.257912602596726, 21.74392937090868, 21.88995215311005, 21.143585947593685, 21.636180002244416, 21.83066704603514, 21.752153727939337, 21.412269923472753, 21.03086926914479, 21.26703326703327, 21.078417833589583, 21.407383417305503, 21.48908873046804, 21.533241578742086, 20.78069364636298, 21.56263619614887, 21.37624280481423, 20.983179738351488, 20.946926292012567, 20.890357318926917, 21.062175121892253, 20.77275550151885]","[2.2906339290242954, 16.935009212286417, 2.302244389635891, 6.899280575539567, 2.457363983269879, 16.41108990722799, 2.623258643792807, 6.565217391304346, 2.504376186969163, 16.4151867343473, 2.45657372039725, 6.6084337145306105, 2.492556530654829, 16.48411313795117, 2.424559560368514, 6.755876228126072, 2.299688108884811, 17.095543432426737, 2.2408834730328038, 6.715645427997444, 2.4674721189591073, 16.285080276392222, 2.547611538924662, 6.465417559167751, 2.5252424314867543, 16.50670359052712, 2.5675362850357506, 6.755141682657399, 2.2939089296274395, 16.89831506597935, 2.2745966484778495, 6.871081681207143, 2.4954545454545456, 16.4074226953327, 2.5530692402648407, 6.811168118362963, 2.218719680249812, 16.85145642977306, 2.1451486654527687, 6.614047346047347, 2.5083317221971604, 16.633536915246378, 2.449756115273357, 6.696838130988788, 2.202753526514476, 16.96979468636916, 2.137624280481423, 6.714617516272476, 2.1365864817852818, 16.440711209995484, 2.2325905629205787]",358.65526996519304,9.927665186338611
ADTC1_adz_raw_20260612_2038,2026-06-12 20:36:46.074,2026-06-12 20:36:56.132,"[Timestamp('2026-06-12 20:36:56.132000'), Timestamp('2026-06-12 20:36:56.266000'), Timestamp('2026-06-12 20:36:56.567000'), Timestamp('2026-06-12 20:36:56.705000'), Timestamp('2026-06-12 20:36:56.965000'), Timestamp('2026-06-12 20:36:57.084000'), Timestamp('2026-06-12 20:36:57.845000'), Timestamp('2026-06-12 20:36:57.956000'), Timestamp('2026-06-12 20:36:58.178000'), Timestamp('2026-06-12 20:36:58.299000'), Timestamp('2026-06-12 20:36:59.052000'), Timestamp('2026-06-12 20:36:59.174000'), Timestamp('2026-06-12 20:36:59.397000'), Timestamp('2026-06-12 20:36:59.505000'), Timestamp('2026-06-12 20:37:00.272000'), Timestamp('2026-06-12 20:37:00.382000'), Timestamp('2026-06-12 20:37:00.610000'), Timestamp('2026-06-12 20:37:00.722000'), Timestamp('2026-06-12 20:37:01.483000'), Timestamp('2026-06-12 20:37:01.597000'), Timestamp('2026-06-12 20:37:01.821000'), Timestamp('2026-06-12 20:37:01.932000'), Timestamp('2026-06-12 20:37:02.696000'), Timestamp('2026-06-12 20:37:02.807000'), Timestamp('2026-06-12 20:37:03.029000'), Timestamp('2026-06-12 20:37:03.144000'), Timestamp('2026-06-12 20:37:03.157000'), Timestamp('2026-06-12 20:37:03.914000'), Timestamp('2026-06-12 20:37:04.020000')]","[0.134, 0.301, 0.138, 0.26, 0.119, 0.761, 0.111, 0.222, 0.121, 0.753, 0.122, 0.223, 0.108, 0.767, 0.11, 0.228, 0.112, 0.761, 0.114, 0.224, 0.111, 0.764, 0.111, 0.222, 0.115, 0.013, 0.757, 0.106]","[21.047815145275692, 19.718660525333, 20.67078731381093, 19.56112852664577, 20.026997177567804, 19.64017991004498, 19.38775510204082, 19.819294666278058, 20.23809523809524, 17.39750445632799, 18.75750300120048, 19.38775510204082, 18.991860631158076, 17.221908526256353, 19.14169581245865, 18.763080031752914, 18.647686832740217, 18.647686832740217, 18.04511278195489, 16.235553109521184, 19.487908961593167, 18.57142857142857, 17.109225294278673, 16.071428571428573, 14.304812834224595, 15.602189781021902, 15.602189781021902, 15.838038837625678, 15.681818181818187, 15.304439606834222]","[2.8204072294669427, 5.935316818125233, 2.8525686493059084, 5.085893416927901, 2.3832126641305686, 14.946176911544232, 2.152040816326531, 4.399883415913729, 2.448809523809524, 13.100320855614976, 2.2884153661464586, 4.323469387755103, 2.0511209481650723, 13.209203839638624, 2.1055865393704516, 4.277982247239664, 2.0885409252669045, 14.190889679715305, 2.057142857142858, 3.6367638965327456, 2.1631578947368415, 14.188571428571427, 1.8991240076649327, 3.567857142857143, 1.6450534759358286, 0.20282846715328473, 11.81085766423358, 1.6788321167883218]",143.5100281860801,9.94420164862828
ADTC1_adz_raw_20260612_2059,2026-06-12 20:58:26.790,2026-06-12 20:58:36.878,"[Timestamp('2026-06-12 20:58:36.878000'), Timestamp('2026-06-12 20:58:37.775000'), Timestamp('2026-06-12 20:58:38.231000')]","[0.897, 0.456]","[14.498369277781048, 21.992481203007518, 22.277009852791924, 22.262568575013244]","[13.0050372421696, 10.028571428571428]",23.033608670741028,9.894992323535662
ADTC1_adz_raw_20260612_2121,2026-06-12 21:19:46.733,2026-06-12 21:19:56.760,"[Timestamp('2026-06-12 21:19:56.760000'), Timestamp('2026-06-12 21:19:56.838000'), Timestamp('2026-06-12 21:19:56.918000'), Timestamp('2026-06-12 21:19:57.391000'), Timestamp('2026-06-12 21:19:57.471000'), Timestamp('2026-06-12 21:19:57.554000'), Timestamp('2026-06-12 21:19:57.825000'), Timestamp('2026-06-12 21:19:57.939000'), Timestamp('2026-06-12 21:19:58.295000'), Timestamp('2026-06-12 21:19:58.411000'), Timestamp('2026-06-12 21:19:58.625000'), Timestamp('2026-06-12 21:19:58.706000'), Timestamp('2026-06-12 21:19:59.124000'), Timestamp('2026-06-12 21:19:59.199000'), Timestamp('2026-06-12 21:19:59.349000'), Timestamp('2026-06-12 21:19:59.432000'), Timestamp('2026-06-12 21:19:59.847000'), Timestamp('2026-06-12 21:19:59.928000'), Timestamp('2026-06-12 21:20:00.077000'), Timestamp('2026-06-12 21:20:00.160000'), Timestamp('2026-06-12 21:20:00.577000'), Timestamp('2026-06-12 21:20:00.656000'), Timestamp('2026-06-12 21:20:00.808000'), Timestamp('2026-06-12 21:20:00.880000'), Timestamp('2026-06-12 21:20:01.312000'), Timestamp('2026-06-12 21:20:01.378000'), Timestamp('2026-06-12 21:20:01.538000'), Timestamp('2026-06-12 21:20:01.617000'), Timestamp('2026-06-12 21:20:02.032000'), Timestamp('2026-06-12 21:20:02.116000'), Timestamp('2026-06-12 21:20:02.264000'), Timestamp('2026-06-12 21:20:02.347000'), Timestamp('2026-06-12 21:20:02.764000'), Timestamp('2026-06-12 21:20:02.842000'), Timestamp('2026-06-12 21:20:02.996000'), Timestamp('2026-06-12 21:20:03.072000'), Timestamp('2026-06-12 21:20:03.493000'), Timestamp('2026-06-12 21:20:03.567000'), Timestamp('2026-06-12 21:20:03.721000'), Timestamp('2026-06-12 21:20:03.803000'), Timestamp('2026-06-12 21:20:04.216000'), Timestamp('2026-06-12 21:20:04.296000'), Timestamp('2026-06-12 21:20:04.441000'), Timestamp('2026-06-12 21:20:04.529000'), Timestamp('2026-06-12 21:20:04.946000'), Timestamp('2026-06-12 21:20:05.026000'), Timestamp('2026-06-12 21:20:05.178000'), Timestamp('2026-06-12 21:20:05.259000'), Timestamp('2026-06-12 21:20:05.677000'), Timestamp('2026-06-12 21:20:05.755000'), Timestamp('2026-06-12 21:20:05.908000'), Timestamp('2026-06-12 21:20:05.987000'), Timestamp('2026-06-12 21:20:06.407000'), Timestamp('2026-06-12 21:20:06.485000'), Timestamp('2026-06-12 21:20:06.638000'), Timestamp('2026-06-12 21:20:06.721000'), Timestamp('2026-06-12 21:20:07.135000'), Timestamp('2026-06-12 21:20:07.216000'), Timestamp('2026-06-12 21:20:07.371000'), Timestamp('2026-06-12 21:20:07.447000'), Timestamp('2026-06-12 21:20:07.869000'), Timestamp('2026-06-12 21:20:07.946000'), Timestamp('2026-06-12 21:20:08.101000'), Timestamp('2026-06-12 21:20:08.181000'), Timestamp('2026-06-12 21:20:08.598000'), Timestamp('2026-06-12 21:20:08.676000'), Timestamp('2026-06-12 21:20:08.834000'), Timestamp('2026-06-12 21:20:08.911000'), Timestamp('2026-06-12 21:20:09.332000'), Timestamp('2026-06-12 21:20:09.410000'), Timestamp('2026-06-12 21:20:09.566000'), Timestamp('2026-06-12 21:20:09.649000'), Timestamp('2026-06-12 21:20:10.067000'), Timestamp('2026-06-12 21:20:10.144000'), Timestamp('2026-06-12 21:20:10.299000'), Timestamp('2026-06-12 21:20:10.379000'), Timestamp('2026-06-12 21:20:10.807000'), Timestamp('2026-06-12 21:20:10.882000'), Timestamp('2026-06-12 21:20:11.037000'), Timestamp('2026-06-12 21:20:11.117000'), Timestamp('2026-06-12 21:20:11.534000'), Timestamp('2026-06-12 21:20:11.614000'), Timestamp('2026-06-12 21:20:11.770000'), Timestamp('2026-06-12 21:20:11.849000'), Timestamp('2026-06-12 21:20:12.274000'), Timestamp('2026-06-12 21:20:12.351000')]","[0.078, 0.08, 0.473, 0.08, 0.083, 0.271, 0.114, 0.356, 0.116, 0.214, 0.081, 0.418, 0.075, 0.15, 0.083, 0.415, 0.081, 0.149, 0.083, 0.417, 0.079, 0.152, 0.072, 0.432, 0.066, 0.16, 0.079, 0.415, 0.084, 0.148, 0.083, 0.417, 0.078, 0.154, 0.076, 0.421, 0.074, 0.154, 0.082, 0.413, 0.08, 0.145, 0.088, 0.417, 0.08, 0.152, 0.081, 0.418, 0.078, 0.153, 0.079, 0.42, 0.078, 0.153, 0.083, 0.414, 0.081, 0.155, 0.076, 0.422, 0.077, 0.155, 0.08, 0.417, 0.078, 0.158, 0.077, 0.421, 0.078, 0.156, 0.083, 0.418, 0.077, 0.155, 0.08, 0.428, 0.075, 0.155, 0.08, 0.417, 0.08, 0.156, 0.079, 0.425, 0.077]","[nan, nan, nan, nan, nan, nan, nan, nan, nan, nan, nan, nan, nan, nan, nan, nan, nan, nan, nan, nan, nan, nan, nan, nan, nan, nan, nan, nan, nan, nan, nan, nan, nan, nan, nan, nan, nan, nan, nan, nan, nan, nan, nan, nan, nan, nan, nan, nan, nan, nan, nan, nan, nan, nan, nan, nan, nan, nan, nan, nan, nan, nan, nan, nan, nan, nan, nan, nan, nan, nan, nan, nan, nan, nan, nan, nan, nan, nan, nan, nan]","[nan, nan, nan, nan, nan, nan, nan, nan, nan, nan, nan, nan, nan, nan, nan, nan, nan, nan, nan, nan, nan, nan, nan, nan, nan, nan, nan, nan, nan, nan, nan, nan, nan, nan, nan, nan, nan, nan, nan, nan, nan, nan, nan, nan, nan, nan, nan, nan, nan, nan, nan, nan, nan, nan, nan, nan, nan, nan, nan, nan, nan, nan, nan, nan, nan, nan, nan, nan, nan, nan, nan, nan, nan, nan, nan, nan, nan, nan, nan, nan]",,9.920733439128009
ADTC1_adz_raw_20260612_2125,2026-06-12 21:24:32.794,2026-06-12 21:24:42.862,"[Timestamp('2026-06-12 21:24:42.862000'), Timestamp('2026-06-12 21:24:42.978000'), Timestamp('2026-06-12 21:24:43.327000'), Timestamp('2026-06-12 21:24:43.447000'), Timestamp('2026-06-12 21:24:43.672000'), Timestamp('2026-06-12 21:24:43.785000'), Timestamp('2026-06-12 21:24:44.564000'), Timestamp('2026-06-12 21:24:44.684000'), Timestamp('2026-06-12 21:24:44.873000'), Timestamp('2026-06-12 21:24:44.985000'), Timestamp('2026-06-12 21:24:45.773000'), Timestamp('2026-06-12 21:24:45.884000'), Timestamp('2026-06-12 21:24:46.080000'), Timestamp('2026-06-12 21:24:46.194000'), Timestamp('2026-06-12 21:24:46.978000'), Timestamp('2026-06-12 21:24:47.092000'), Timestamp('2026-06-12 21:24:47.277000'), Timestamp('2026-06-12 21:24:47.390000'), Timestamp('2026-06-12 21:24:48.182000'), Timestamp('2026-06-12 21:24:48.290000')]","[0.116, 0.349, 0.12, 0.225, 0.113, 0.779, 0.12, 0.189, 0.112, 0.788, 0.111, 0.196, 0.114, 0.784, 0.114, 0.185, 0.113, 0.792, 0.108]","[21.3715138061906, 21.42857142857143, 21.72953315017901, 21.833240489956907, 21.64409227526445, 21.77383156342555, 21.379222565561363, 21.897810218978098, 21.409551546851315, 21.061828362068894, 19.990165811880694, 20.953096508306945, 21.735393639975232, 21.650378584496675, 21.29054219801551, 21.847394539794443, 20.838966768661493, 21.002940721250578, 20.827748041243463, 21.054081145359035]","[2.4790956015181096, 7.478571428571429, 2.607543978021481, 4.912479110240304, 2.445782427104883, 16.961814787908505, 2.5655067078673635, 4.13868613138686, 2.3978697732473475, 16.59672074931029, 2.218908405118757, 4.1068069156281615, 2.4778348749571766, 16.973896810245392, 2.427121810573768, 4.041767989861972, 2.354803244858749, 16.63432905123046, 2.2493967884542942]",116.0689365861053,9.962511482410187
ADTC1_adz_raw_20260612_2129,2026-06-12 21:27:58.701,2026-06-12 21:28:08.756,"[Timestamp('2026-06-12 21:28:08.756000'), Timestamp('2026-06-12 21:28:08.884000'), Timestamp('2026-06-12 21:28:09.275000'), Timestamp('2026-06-12 21:28:09.395000'), Timestamp('2026-06-12 21:28:09.714000'), Timestamp('2026-06-12 21:28:10.210000'), Timestamp('2026-06-12 21:28:10.697000'), Timestamp('2026-06-12 21:28:12.692000'), Timestamp('2026-06-12 21:28:13.189000'), Timestamp('2026-06-12 21:28:13.678000'), Timestamp('2026-06-12 21:28:14.028000'), Timestamp('2026-06-12 21:28:14.523000'), Timestamp('2026-06-12 21:28:15.015000'), Timestamp('2026-06-12 21:28:15.337000'), Timestamp('2026-06-12 21:28:15.830000'), Timestamp('2026-06-12 21:28:16.088000'), Timestamp('2026-06-12 21:28:16.583000'), Timestamp('2026-06-12 21:28:16.901000'), Timestamp('2026-06-12 21:28:17.403000'), Timestamp('2026-06-12 21:28:17.896000'), Timestamp('2026-06-12 21:28:18.219000'), Timestamp('2026-06-12 21:28:18.720000'), Timestamp('2026-06-12 21:28:18.973000'), Timestamp('2026-06-12 21:28:19.476000'), Timestamp('2026-06-12 21:28:19.768000'), Timestamp('2026-06-12 21:28:20.267000'), Timestamp('2026-06-12 21:28:20.527000'), Timestamp('2026-06-12 21:28:21.022000'), Timestamp('2026-06-12 21:28:21.350000'), Timestamp('2026-06-12 21:28:21.851000'), Timestamp('2026-06-12 21:28:22.349000'), Timestamp('2026-06-12 21:28:22.705000'), Timestamp('2026-06-12 21:28:23.214000'), Timestamp('2026-06-12 21:28:23.709000'), Timestamp('2026-06-12 21:28:23.993000'), Timestamp('2026-06-12 21:28:24.079000'), Timestamp('2026-06-12 21:28:24.565000'), Timestamp('2026-06-12 21:28:24.648000'), Timestamp('2026-06-12 21:28:24.900000'), Timestamp('2026-06-12 21:28:25.408000'), Timestamp('2026-06-12 21:28:25.665000'), Timestamp('2026-06-12 21:28:26.175000'), Timestamp('2026-06-12 21:28:26.468000'), Timestamp('2026-06-12 21:28:26.971000'), Timestamp('2026-06-12 21:28:27.230000'), Timestamp('2026-06-12 21:28:27.738000')]","[0.128, 0.391, 0.12, 0.319, 0.496, 0.487, 1.995, 0.497, 0.489, 0.35, 0.495, 0.492, 0.322, 0.493, 0.258, 0.495, 0.318, 0.502, 0.493, 0.323, 0.501, 0.253, 0.503, 0.292, 0.499, 0.26, 0.495, 0.328, 0.501, 0.498, 0.356, 0.509, 0.495, 0.284, 0.086, 0.486, 0.083, 0.252, 0.508, 0.257, 0.51, 0.293, 0.503, 0.259, 0.508]","[20.97902097902098, 20.97902097902098, 20.134228187919465, 20.27027027027027, 20.547945205479454, 20.0, 20.134228187919465, 5.0761421319796955, 6.651884700665188, 2.6881720430107525, 4.658385093167702, 4.665629860031104, 6.012024048096192, 4.622496147919876, 4.643962848297213, 6.315789473684211, 4.622496147919876, 7.317073170731708, 4.615384615384615, 6.423982869379015, 4.615384615384615, 4.608294930875576, 6.302521008403362, 4.62962962962963, 7.211538461538462, 4.580152671755725, 6.726457399103139, 4.573170731707317, 7.211538461538462, 4.594180704441041, 6.342494714587738, 4.573170731707317, 4.552352048558421, 5.964214711729622, 4.545454545454545, 4.594180704441041, 6.944444444444445, 12.765957446808512, 4.716981132075472, 20.134228187919465, 19.867549668874172, 20.0, 20.0, 19.23076923076923, 20.0, 20.134228187919465, 20.0, 19.736842105263158]","[2.6853146853146854, 8.202797202797203, 2.4161073825503356, 6.466216216216217, 10.19178082191781, 9.74, 40.167785234899334, 2.5228426395939088, 3.252771618625277, 0.9408602150537633, 2.3059006211180124, 2.295489891135303, 1.9358717434869739, 2.278890600924499, 1.198142414860681, 3.126315789473684, 1.4699537750385208, 3.6731707317073172, 2.275384615384615, 2.074946466809422, 2.312307692307692, 1.1658986175115207, 3.170168067226891, 1.3518518518518519, 3.5985576923076925, 1.1908396946564885, 3.3295964125560538, 1.5, 3.612980769230769, 2.2879019908116387, 2.2579281183932345, 2.3277439024390243, 2.2534142640364183, 1.6938369781312126, 0.3909090909090908, 2.232771822358346, 0.576388888888889, 3.217021276595745, 2.3962264150943398, 5.174496644295303, 10.132450331125828, 5.859999999999999, 10.06, 4.980769230769231, 10.16]",196.4546024184048,9.942452544451562
ADTC1_adz_raw_20260612_2135,2026-06-12 21:33:41.062,2026-06-12 21:33:51.093,"[Timestamp('2026-06-12 21:33:51.093000'), Timestamp('2026-06-12 21:33:51.231000'), Timestamp('2026-06-12 21:33:51.527000'), Timestamp('2026-06-12 21:33:51.668000'), Timestamp('2026-06-12 21:33:51.986000'), Timestamp('2026-06-12 21:33:52.635000'), Timestamp('2026-06-12 21:33:53.207000'), Timestamp('2026-06-12 21:33:53.282000'), Timestamp('2026-06-12 21:33:53.467000'), Timestamp('2026-06-12 21:33:53.549000'), Timestamp('2026-06-12 21:33:54.196000'), Timestamp('2026-06-12 21:33:54.762000'), Timestamp('2026-06-12 21:33:54.842000'), Timestamp('2026-06-12 21:33:55.105000'), Timestamp('2026-06-12 21:33:55.754000'), Timestamp('2026-06-12 21:33:56.662000'), Timestamp('2026-06-12 21:33:57.310000'), Timestamp('2026-06-12 21:33:57.880000'), Timestamp('2026-06-12 21:33:57.956000'), Timestamp('2026-06-12 21:33:58.140000'), Timestamp('2026-06-12 21:33:58.221000'), Timestamp('2026-06-12 21:33:58.791000'), Timestamp('2026-06-12 21:33:58.868000'), Timestamp('2026-06-12 21:33:59.437000'), Timestamp('2026-06-12 21:33:59.514000'), Timestamp('2026-06-12 21:33:59.703000'), Timestamp('2026-06-12 21:33:59.781000'), Timestamp('2026-06-12 21:34:00.351000'), Timestamp('2026-06-12 21:34:00.426000'), Timestamp('2026-06-12 21:34:00.997000'), Timestamp('2026-06-12 21:34:01.073000'), Timestamp('2026-06-12 21:34:01.261000'), Timestamp('2026-06-12 21:34:01.336000'), Timestamp('2026-06-12 21:34:01.904000'), Timestamp('2026-06-12 21:34:01.988000'), Timestamp('2026-06-12 21:34:02.554000'), Timestamp('2026-06-12 21:34:02.631000'), Timestamp('2026-06-12 21:34:02.818000'), Timestamp('2026-06-12 21:34:02.895000'), Timestamp('2026-06-12 21:34:03.538000'), Timestamp('2026-06-12 21:34:03.729000'), Timestamp('2026-06-12 21:34:03.804000'), Timestamp('2026-06-12 21:34:04.443000'), Timestamp('2026-06-12 21:34:04.711000'), Timestamp('2026-06-12 21:34:05.278000'), Timestamp('2026-06-12 21:34:05.353000'), Timestamp('2026-06-12 21:34:05.544000'), Timestamp('2026-06-12 21:34:05.620000'), Timestamp('2026-06-12 21:34:06.263000'), Timestamp('2026-06-12 21:34:06.527000'), Timestamp('2026-06-12 21:34:07.095000'), Timestamp('2026-06-12 21:34:07.168000'), Timestamp('2026-06-12 21:34:07.434000'), Timestamp('2026-06-12 21:34:08.002000'), Timestamp('2026-06-12 21:34:08.076000'), Timestamp('2026-06-12 21:34:08.267000'), Timestamp('2026-06-12 21:34:08.340000'), Timestamp('2026-06-12 21:34:08.984000'), Timestamp('2026-06-12 21:34:09.170000'), Timestamp('2026-06-12 21:34:09.247000'), Timestamp('2026-06-12 21:34:09.817000'), Timestamp('2026-06-12 21:34:09.892000'), Timestamp('2026-06-12 21:34:10.457000'), Timestamp('2026-06-12 21:34:10.537000'), Timestamp('2026-06-12 21:34:10.797000'), Timestamp('2026-06-12 21:34:11.443000'), Timestamp('2026-06-12 21:34:12.011000'), Timestamp('2026-06-12 21:34:12.085000'), Timestamp('2026-06-12 21:34:12.272000'), Timestamp('2026-06-12 21:34:12.348000'), Timestamp('2026-06-12 21:34:12.912000'), Timestamp('2026-06-12 21:34:12.994000'), Timestamp('2026-06-12 21:34:13.560000'), Timestamp('2026-06-12 21:34:13.636000'), Timestamp('2026-06-12 21:34:13.893000'), Timestamp('2026-06-12 21:34:14.456000'), Timestamp('2026-06-12 21:34:14.536000'), Timestamp('2026-06-12 21:34:14.792000'), Timestamp('2026-06-12 21:34:15.357000'), Timestamp('2026-06-12 21:34:15.435000'), Timestamp('2026-06-12 21:34:15.998000'), Timestamp('2026-06-12 21:34:16.078000')]","[0.138, 0.296, 0.141, 0.318, 0.649, 0.572, 0.075, 0.185, 0.082, 0.647, 0.566, 0.08, 0.263, 0.649, 0.908, 0.648, 0.57, 0.076, 0.184, 0.081, 0.57, 0.077, 0.569, 0.077, 0.189, 0.078, 0.57, 0.075, 0.571, 0.076, 0.188, 0.075, 0.568, 0.084, 0.566, 0.077, 0.187, 0.077, 0.643, 0.191, 0.075, 0.639, 0.268, 0.567, 0.075, 0.191, 0.076, 0.643, 0.264, 0.568, 0.073, 0.266, 0.568, 0.074, 0.191, 0.073, 0.644, 0.186, 0.077, 0.57, 0.075, 0.565, 0.08, 0.26, 0.646, 0.568, 0.074, 0.187, 0.076, 0.564, 0.082, 0.566, 0.076, 0.257, 0.563, 0.08, 0.256, 0.565, 0.078, 0.563, 0.08]","[nan, nan, nan, nan, nan, nan, nan, nan, nan, nan, nan, nan, nan, nan, nan, nan, nan, nan, nan, nan, nan, nan, nan, nan, nan, nan, nan, nan, nan, nan, nan, nan, nan, nan, nan, nan, nan, nan, nan, nan, nan, nan, nan, nan, nan, nan, nan, nan, nan, nan, nan, nan, nan, nan, nan, nan, nan, nan, nan, nan, nan, nan, nan, nan, nan, nan, nan, nan, nan, nan, nan, nan, nan, nan, nan, nan, nan, nan, nan, nan, nan, nan]","[nan, nan, nan, nan, nan, nan, nan, nan, nan, nan, nan, nan, nan, nan, nan, nan, nan, nan, nan, nan, nan, nan, nan, nan, nan, nan, nan, nan, nan, nan, nan, nan, nan, nan, nan, nan, nan, nan, nan, nan, nan, nan, nan, nan, nan, nan, nan, nan, nan, nan, nan, nan, nan, nan, nan, nan, nan, nan, nan, nan, nan, nan, nan, nan, nan, nan, nan, nan, nan, nan, nan, nan, nan, nan, nan, nan, nan, nan, nan, nan, nan]",,9.923673218892814
ADTC1_adz_raw_20260612_2147,2026-06-12 21:45:26.528,2026-06-12 21:45:36.612,"[Timestamp('2026-06-12 21:45:36.612000'), Timestamp('2026-06-12 21:45:36.747000'), Timestamp('2026-06-12 21:45:37.061000'), Timestamp('2026-06-12 21:45:37.198000'), Timestamp('2026-06-12 21:45:37.433000'), Timestamp('2026-06-12 21:45:37.509000'), Timestamp('2026-06-12 21:45:38.109000'), Timestamp('2026-06-12 21:45:38.187000'), Timestamp('2026-06-12 21:45:38.339000'), Timestamp('2026-06-12 21:45:38.415000'), Timestamp('2026-06-12 21:45:39.017000'), Timestamp('2026-06-12 21:45:39.095000'), Timestamp('2026-06-12 21:45:39.247000'), Timestamp('2026-06-12 21:45:39.324000'), Timestamp('2026-06-12 21:45:39.918000'), Timestamp('2026-06-12 21:45:39.998000'), Timestamp('2026-06-12 21:45:40.163000'), Timestamp('2026-06-12 21:45:40.241000'), Timestamp('2026-06-12 21:45:40.968000'), Timestamp('2026-06-12 21:45:41.047000'), Timestamp('2026-06-12 21:45:41.225000'), Timestamp('2026-06-12 21:45:41.301000'), Timestamp('2026-06-12 21:45:42.033000'), Timestamp('2026-06-12 21:45:42.113000'), Timestamp('2026-06-12 21:45:42.366000'), Timestamp('2026-06-12 21:45:42.820000'), Timestamp('2026-06-12 21:45:43.061000'), Timestamp('2026-06-12 21:45:43.139000'), Timestamp('2026-06-12 21:45:43.509000'), Timestamp('2026-06-12 21:45:43.587000'), Timestamp('2026-06-12 21:45:43.741000'), Timestamp('2026-06-12 21:45:43.820000'), Timestamp('2026-06-12 21:45:44.193000'), Timestamp('2026-06-12 21:45:44.268000'), Timestamp('2026-06-12 21:45:44.438000'), Timestamp('2026-06-12 21:45:44.518000'), Timestamp('2026-06-12 21:45:44.903000'), Timestamp('2026-06-12 21:45:44.981000'), Timestamp('2026-06-12 21:45:45.172000'), Timestamp('2026-06-12 21:45:45.250000'), Timestamp('2026-06-12 21:45:45.636000'), Timestamp('2026-06-12 21:45:45.712000'), Timestamp('2026-06-12 21:45:45.899000'), Timestamp('2026-06-12 21:45:45.972000'), Timestamp('2026-06-12 21:45:46.047000'), Timestamp('2026-06-12 21:45:46.314000'), Timestamp('2026-06-12 21:45:46.387000'), Timestamp('2026-06-12 21:45:46.466000'), Timestamp('2026-06-12 21:45:47.923000'), Timestamp('2026-06-12 21:45:47.998000'), Timestamp('2026-06-12 21:45:48.689000'), Timestamp('2026-06-12 21:45:48.770000'), Timestamp('2026-06-12 21:45:48.930000'), Timestamp('2026-06-12 21:45:49.004000'), Timestamp('2026-06-12 21:45:49.441000'), Timestamp('2026-06-12 21:45:49.520000'), Timestamp('2026-06-12 21:45:49.675000'), Timestamp('2026-06-12 21:45:49.753000'), Timestamp('2026-06-12 21:45:50.194000'), Timestamp('2026-06-12 21:45:50.270000'), Timestamp('2026-06-12 21:45:50.421000'), Timestamp('2026-06-12 21:45:50.500000'), Timestamp('2026-06-12 21:45:50.942000'), Timestamp('2026-06-12 21:45:51.018000'), Timestamp('2026-06-12 21:45:51.169000'), Timestamp('2026-06-12 21:45:51.247000'), Timestamp('2026-06-12 21:45:51.688000'), Timestamp('2026-06-12 21:45:51.764000'), Timestamp('2026-06-12 21:45:51.918000'), Timestamp('2026-06-12 21:45:51.996000'), Timestamp('2026-06-12 21:45:52.271000'), Timestamp('2026-06-12 21:45:52.353000'), Timestamp('2026-06-12 21:45:52.503000'), Timestamp('2026-06-12 21:45:52.580000'), Timestamp('2026-06-12 21:45:52.847000'), Timestamp('2026-06-12 21:45:52.923000'), Timestamp('2026-06-12 21:45:53.075000'), Timestamp('2026-06-12 21:45:53.148000'), Timestamp('2026-06-12 21:45:53.827000'), Timestamp('2026-06-12 21:45:53.978000'), Timestamp('2026-06-12 21:45:54.055000'), Timestamp('2026-06-12 21:45:54.656000'), Timestamp('2026-06-12 21:45:54.736000')]","[0.135, 0.314, 0.137, 0.235, 0.076, 0.6, 0.078, 0.152, 0.076, 0.602, 0.078, 0.152, 0.077, 0.594, 0.08, 0.165, 0.078, 0.727, 0.079, 0.178, 0.076, 0.732, 0.08, 0.253, 0.454, 0.241, 0.078, 0.37, 0.078, 0.154, 0.079, 0.373, 0.075, 0.17, 0.08, 0.385, 0.078, 0.191, 0.078, 0.386, 0.076, 0.187, 0.073, 0.075, 0.267, 0.073, 0.079, 1.457, 0.075, 0.691, 0.081, 0.16, 0.074, 0.437, 0.079, 0.155, 0.078, 0.441, 0.076, 0.151, 0.079, 0.442, 0.076, 0.151, 0.078, 0.441, 0.076, 0.154, 0.078, 0.275, 0.082, 0.15, 0.077, 0.267, 0.076, 0.152, 0.073, 0.679, 0.151, 0.077, 0.601, 0.08]","[nan, nan, nan, nan, nan, nan, nan, nan, nan, nan, nan, nan, nan, nan, nan, nan, nan, nan, nan, nan, nan, nan, nan, nan, nan, nan, nan, nan, nan, nan, nan, nan, nan, nan, nan, nan, nan, nan, nan, nan, nan, nan, nan, nan, nan, nan, nan, nan, nan, nan, nan, nan, nan, nan, nan, nan, nan, nan, nan, nan, nan, nan, nan, nan, nan, nan, nan, nan, nan, nan, nan, nan, nan, nan, nan, nan, nan, nan, nan]","[nan, nan, nan, nan, nan, nan, nan, nan, nan, nan, nan, nan, nan, nan, nan, nan, nan, nan, nan, nan, nan, nan, nan, nan, nan, nan, nan, nan, nan, nan, nan, nan, nan, nan, nan, nan, nan, nan, nan, nan, nan, nan, nan, nan, nan, nan, nan, nan, nan, nan, nan, nan, nan, nan, nan, nan, nan, nan, nan, nan, nan, nan, nan, nan, nan, nan, nan, nan, nan, nan, nan, nan, nan, nan, nan, nan, nan, nan, nan]",,9.97964149163315
ADTC1_adz_raw_20260612_2153,2026-06-12 21:51:50.886,2026-06-12 21:52:00.927,"[Timestamp('2026-06-12 21:52:00.927000'), Timestamp('2026-06-12 21:52:01.029000'), Timestamp('2026-06-12 21:52:01.807000'), Timestamp('2026-06-12 21:52:01.911000'), Timestamp('2026-06-12 21:52:02.224000'), Timestamp('2026-06-12 21:52:02.327000'), Timestamp('2026-06-12 21:52:03.109000'), Timestamp('2026-06-12 21:52:03.207000'), Timestamp('2026-06-12 21:52:03.515000'), Timestamp('2026-06-12 21:52:03.634000'), Timestamp('2026-06-12 21:52:04.400000'), Timestamp('2026-06-12 21:52:04.512000'), Timestamp('2026-06-12 21:52:04.826000'), Timestamp('2026-06-12 21:52:04.922000'), Timestamp('2026-06-12 21:52:05.700000'), Timestamp('2026-06-12 21:52:05.803000'), Timestamp('2026-06-12 21:52:06.112000'), Timestamp('2026-06-12 21:52:06.227000'), Timestamp('2026-06-12 21:52:06.986000'), Timestamp('2026-06-12 21:52:07.105000'), Timestamp('2026-06-12 21:52:07.414000'), Timestamp('2026-06-12 21:52:07.513000'), Timestamp('2026-06-12 21:52:08.288000'), Timestamp('2026-06-12 21:52:08.395000'), Timestamp('2026-06-12 21:52:08.702000'), Timestamp('2026-06-12 21:52:08.816000'), Timestamp('2026-06-12 21:52:09.578000'), Timestamp('2026-06-12 21:52:09.693000'), Timestamp('2026-06-12 21:52:09.992000'), Timestamp('2026-06-12 21:52:10.109000'), Timestamp('2026-06-12 21:52:10.868000'), Timestamp('2026-06-12 21:52:10.982000'), Timestamp('2026-06-12 21:52:11.294000'), Timestamp('2026-06-12 21:52:11.394000'), Timestamp('2026-06-12 21:52:12.165000'), Timestamp('2026-06-12 21:52:12.270000'), Timestamp('2026-06-12 21:52:12.572000'), Timestamp('2026-06-12 21:52:12.692000'), Timestamp('2026-06-12 21:52:13.450000'), Timestamp('2026-06-12 21:52:13.567000'), Timestamp('2026-06-12 21:52:13.868000'), Timestamp('2026-06-12 21:52:13.982000'), Timestamp('2026-06-12 21:52:14.738000'), Timestamp('2026-06-12 21:52:14.858000'), Timestamp('2026-06-12 21:52:15.158000'), Timestamp('2026-06-12 21:52:15.273000'), Timestamp('2026-06-12 21:52:16.035000'), Timestamp('2026-06-12 21:52:16.150000'), Timestamp('2026-06-12 21:52:16.452000'), Timestamp('2026-06-12 21:52:16.555000'), Timestamp('2026-06-12 21:52:17.327000'), Timestamp('2026-06-12 21:52:17.428000')]","[0.102, 0.778, 0.104, 0.313, 0.103, 0.782, 0.098, 0.308, 0.119, 0.766, 0.112, 0.314, 0.096, 0.778, 0.103, 0.309, 0.115, 0.759, 0.119, 0.309, 0.099, 0.775, 0.107, 0.307, 0.114, 0.762, 0.115, 0.299, 0.117, 0.759, 0.114, 0.312, 0.1, 0.771, 0.105, 0.302, 0.12, 0.758, 0.117, 0.301, 0.114, 0.756, 0.12, 0.3, 0.115, 0.762, 0.115, 0.302, 0.103, 0.772, 0.101]","[22.716671494446032, 21.698723364019514, 22.603650722672796, 22.46026708045328, 22.335324498261098, 22.26530702205504, 22.584070016961377, 22.14022140221402, 22.205677860773044, 22.468950530012044, 22.52378543134617, 22.472058307853665, 22.483599939957724, 21.55897097052817, 21.84126054330342, 22.188249665180216, 21.88962232301213, 21.859472157689275, 21.579494222458706, 21.823177151882078, 22.12620843292128, 21.104844991431687, 22.024919837149312, 22.17135819767521, 21.972734562951082, 22.061789142534483, 22.50722815839095, 22.133635322611703, 22.255678532209764, 21.88907084063404, 21.88010746610518, 21.792100752230063, 21.68776580370783, 22.324111513087892, 21.871159878757396, 22.039897039897042, 21.69176395390371, 22.43001090790893, 22.194368949082374, 21.788132351638186, 22.002273691959267, 21.912985942724923, 21.63678012586832, 22.09516193522591, 21.940013183915624, 22.056767465576918, 22.01045220697482, 22.530910468798616, 21.681697578139197, 21.981346914781682, 22.66791241924917, 21.91008419091593]","[2.3171004924334953, 16.881606777207182, 2.3507796751579706, 7.030063596181877, 2.300538423320893, 17.411470091247043, 2.213238861662215, 6.819188191881918, 2.642475665431992, 17.211216105989227, 2.522663968310771, 7.056226308666051, 2.1584255942359416, 16.772879415070914, 2.2496498359602524, 6.856169146540687, 2.5173065671463952, 16.59133936768616, 2.5679598124725858, 6.743361739931562, 2.190494634859207, 16.356254868359557, 2.3566664225749765, 6.80660696668629, 2.5048917401764235, 16.811083326611275, 2.5883312382149595, 6.617956961460899, 2.6039143882685427, 16.613804768041238, 2.4943322511359907, 6.7991354346957795, 2.1687765803707832, 17.211889976590765, 2.2964717872695264, 6.656048906048906, 2.603011674468445, 17.00194826819497, 2.596741167042638, 6.558227837843094, 2.5082592008833564, 16.56621737270004, 2.5964136151041983, 6.628548580567773, 2.5231015161502968, 16.807256808769612, 2.5312020038021044, 6.804334961577182, 2.2332148505483373, 16.96959981821146, 2.2894591543441662]",363.507856718108,9.937645174328363
ADTC1_adz_raw_20260612_2230,2026-06-12 22:29:10.227,2026-06-12 22:29:20.332,"[Timestamp('2026-06-12 22:29:20.332000'), Timestamp('2026-06-12 22:29:20.462000'), Timestamp('2026-06-12 22:29:21.090000'), Timestamp('2026-06-12 22:29:21.216000'), Timestamp('2026-06-12 22:29:21.882000'), Timestamp('2026-06-12 22:29:22.004000'), Timestamp('2026-06-12 22:29:22.674000'), Timestamp('2026-06-12 22:29:22.798000'), Timestamp('2026-06-12 22:29:23.468000'), Timestamp('2026-06-12 22:29:23.593000'), Timestamp('2026-06-12 22:29:24.265000'), Timestamp('2026-06-12 22:29:24.390000'), Timestamp('2026-06-12 22:29:25.059000'), Timestamp('2026-06-12 22:29:25.183000'), Timestamp('2026-06-12 22:29:25.851000'), Timestamp('2026-06-12 22:29:25.975000'), Timestamp('2026-06-12 22:29:26.647000'), Timestamp('2026-06-12 22:29:26.775000'), Timestamp('2026-06-12 22:29:27.439000'), Timestamp('2026-06-12 22:29:27.566000'), Timestamp('2026-06-12 22:29:28.233000'), Timestamp('2026-06-12 22:29:28.358000'), Timestamp('2026-06-12 22:29:28.998000'), Timestamp('2026-06-12 22:29:29.114000'), Timestamp('2026-06-12 22:29:29.479000'), Timestamp('2026-06-12 22:29:29.607000'), Timestamp('2026-06-12 22:29:30.235000'), Timestamp('2026-06-12 22:29:30.363000'), Timestamp('2026-06-12 22:29:31.033000'), Timestamp('2026-06-12 22:29:31.157000'), Timestamp('2026-06-12 22:29:31.824000'), Timestamp('2026-06-12 22:29:31.948000'), Timestamp('2026-06-12 22:29:32.618000'), Timestamp('2026-06-12 22:29:32.745000'), Timestamp('2026-06-12 22:29:33.413000'), Timestamp('2026-06-12 22:29:33.538000'), Timestamp('2026-06-12 22:29:34.212000'), Timestamp('2026-06-12 22:29:34.333000'), Timestamp('2026-06-12 22:29:35.001000'), Timestamp('2026-06-12 22:29:35.129000'), Timestamp('2026-06-12 22:29:35.801000'), Timestamp('2026-06-12 22:29:35.923000'), Timestamp('2026-06-12 22:29:36.597000'), Timestamp('2026-06-12 22:29:36.719000'), Timestamp('2026-06-12 22:29:37.385000'), Timestamp('2026-06-12 22:29:37.511000'), Timestamp('2026-06-12 22:29:38.148000'), Timestamp('2026-06-12 22:29:38.270000')]","[0.13, 0.628, 0.126, 0.666, 0.122, 0.67, 0.124, 0.67, 0.125, 0.672, 0.125, 0.669, 0.124, 0.668, 0.124, 0.672, 0.128, 0.664, 0.127, 0.667, 0.125, 0.64, 0.116, 0.365, 0.128, 0.628, 0.128, 0.67, 0.124, 0.667, 0.124, 0.67, 0.127, 0.668, 0.125, 0.674, 0.121, 0.668, 0.128, 0.672, 0.122, 0.674, 0.122, 0.666, 0.126, 0.637, 0.122]","[22.08300069009377, 23.453585829309134, 22.22606671441103, 23.9049862447607, 22.704844437820565, 23.24370363186663, 22.675173403057702, 22.246444522358416, 20.969712839312212, 22.764863885832234, 22.67936814525173, 21.690972031331256, 22.237290717156213, 22.762133364557116, 22.55016540357824, 23.01848736139472, 22.676120442683974, 23.83133442516754, 22.711455468425754, 21.985088509118356, 22.73323415417139, 22.49498160289682, 23.246839807306102, 22.813688212927755, 22.55639097744361, 23.211303174989915, 22.42424242424243, 22.844149772621016, 23.158333577133497, 23.017969720812335, 22.59675423850502, 22.885040943354532, 22.647425801847625, 23.1679838784729, 23.388680908721646, 23.16995238786335, 23.560752169720345, 23.174488647117414, 23.270685191262814, 23.494527004157437, 23.24710585988781, 23.06724396174814, 23.050488033510103, 23.4539490034296, 23.818275454664796, 23.36288016158081, 23.3041569701279, 23.330742165125606]","[2.87079008971219, 14.728851900806136, 2.80048440601579, 15.920720839010627, 2.769991021414109, 15.573281433350644, 2.811721501979155, 14.90511782998014, 2.6212141049140265, 15.297988531279263, 2.834921018156466, 14.511260288960612, 2.7574240489273705, 15.205105087524155, 2.796220510043702, 15.468423506857253, 2.9025434166635486, 15.824006058311248, 2.884354844490071, 14.664054035581945, 2.841654269271424, 14.396788225853966, 2.696633417647508, 8.32699619771863, 2.8872180451127822, 14.576698393893667, 2.870303030303031, 15.30558034765608, 2.8716333635645537, 15.352985803781829, 2.8019975255746226, 15.332977432047537, 2.8762230768346484, 15.476213230819898, 2.923585113590206, 15.6165479094199, 2.850851012536162, 15.480558416274434, 2.97864770448164, 15.7883221467938, 2.8361469149063128, 15.547322430218248, 2.8121595400882327, 15.620330036284114, 3.0011027072877643, 14.882154662926977, 2.843107150355604]",411.94321257922206,9.876094488751978
ADTC1_adz_raw_20260612_2233,2026-06-12 22:32:15.245,2026-06-12 22:32:25.306,"[Timestamp('2026-06-12 22:32:25.306000'), Timestamp('2026-06-12 22:32:25.416000'), Timestamp('2026-06-12 22:32:25.758000'), Timestamp('2026-06-12 22:32:25.870000'), Timestamp('2026-06-12 22:32:26.098000'), Timestamp('2026-06-12 22:32:26.206000'), Timestamp('2026-06-12 22:32:26.980000'), Timestamp('2026-06-12 22:32:27.083000'), Timestamp('2026-06-12 22:32:27.269000'), Timestamp('2026-06-12 22:32:27.378000'), Timestamp('2026-06-12 22:32:28.149000'), Timestamp('2026-06-12 22:32:28.259000'), Timestamp('2026-06-12 22:32:28.446000'), Timestamp('2026-06-12 22:32:28.558000'), Timestamp('2026-06-12 22:32:29.330000'), Timestamp('2026-06-12 22:32:29.437000'), Timestamp('2026-06-12 22:32:29.627000'), Timestamp('2026-06-12 22:32:29.737000'), Timestamp('2026-06-12 22:32:30.507000'), Timestamp('2026-06-12 22:32:30.621000')]","[0.11, 0.342, 0.112, 0.228, 0.108, 0.774, 0.103, 0.186, 0.109, 0.771, 0.11, 0.187, 0.112, 0.772, 0.107, 0.19, 0.11, 0.77, 0.114]","[22.564065413963995, 22.52049238049632, 22.548789525691703, 22.07647963556526, 23.135580580207325, 22.738709839752566, 22.849342454117544, 21.46150514991212, 22.6929300029343, 22.152406417112303, 22.02358935082258, 21.088662666704575, 21.128843582887697, 22.743381005869214, 22.359180909356425, 22.719796345309945, 22.63869663321392, 22.149539983397894, 22.384364684744913, 23.734430626441164]","[2.4820471955360395, 7.702008394129742, 2.5254644268774706, 5.0334373569088795, 2.498642702662391, 17.599761415968487, 2.353482272774107, 3.9918399578836543, 2.473529370319839, 17.079505347593585, 2.422594828590484, 3.9435799186737555, 2.3664304812834223, 17.557890136531032, 2.3924323573011375, 4.31676130560889, 2.4902566296535316, 17.05514578721638, 2.5518175740609204]",118.83662745957373,9.95147896793004
ADTC1_adz_raw_20260612_2246,2026-06-12 22:44:56.013,2026-06-12 22:45:06.060,"[Timestamp('2026-06-12 22:45:06.060000'), Timestamp('2026-06-12 22:45:06.175000'), Timestamp('2026-06-12 22:45:07.022000'), Timestamp('2026-06-12 22:45:07.151000'), Timestamp('2026-06-12 22:45:08.005000'), Timestamp('2026-06-12 22:45:08.128000'), Timestamp('2026-06-12 22:45:08.979000'), Timestamp('2026-06-12 22:45:09.095000')]","[0.115, 0.847, 0.129, 0.854, 0.123, 0.851, 0.116]","[20.13764077804128, 20.2346252900679, 20.04575421918154, 19.938202405961203, 20.49979814471574, 20.133557039522664, 19.94413400539369, 20.239313069231038]","[2.3158286894747473, 17.13872762068751, 2.5859022942744185, 17.027224854690868, 2.521475171800036, 17.133657040633786, 2.313519544625668]",61.03633521618704,9.930752860305091
ADTC1_adz_raw_20260612_2312,2026-06-12 23:10:56.653,2026-06-12 23:11:06.743,"[Timestamp('2026-06-12 23:11:06.743000'), Timestamp('2026-06-12 23:11:07.197000'), Timestamp('2026-06-12 23:11:07.636000'), Timestamp('2026-06-12 23:11:08.101000')]","[0.454, 0.439, 0.465]","[21.712907117008445, 23.96804260985353, 39.823008849557525, 22.19482120838471, 21.87120291616039]","[9.857659831121834, 10.5219707057257, 18.51769911504425]",38.89732965189178,9.85730444532056
ADTC1_adz_raw_20260612_2332,2026-06-12 23:31:37.056,2026-06-12 23:31:47.088,"[Timestamp('2026-06-12 23:31:47.088000'), Timestamp('2026-06-12 23:31:47.217000'), Timestamp('2026-06-12 23:31:48.018000'), Timestamp('2026-06-12 23:31:48.149000'), Timestamp('2026-06-12 23:31:48.372000'), Timestamp('2026-06-12 23:31:48.494000'), Timestamp('2026-06-12 23:31:49.318000'), Timestamp('2026-06-12 23:31:49.440000'), Timestamp('2026-06-12 23:31:49.665000'), Timestamp('2026-06-12 23:31:49.790000'), Timestamp('2026-06-12 23:31:50.616000'), Timestamp('2026-06-12 23:31:50.740000'), Timestamp('2026-06-12 23:31:50.962000'), Timestamp('2026-06-12 23:31:51.092000'), Timestamp('2026-06-12 23:31:51.899000'), Timestamp('2026-06-12 23:31:52.023000')]","[0.129, 0.801, 0.131, 0.223, 0.122, 0.824, 0.122, 0.225, 0.125, 0.826, 0.124, 0.222, 0.13, 0.807, 0.124]","[20.446528783846944, 20.231211983183798, 20.472117514821335, 20.762342440855292, 20.528874555720197, 20.69200756976867, 20.228914275848176, 20.233119625670454, 20.477201340439876, 20.460059746580413, 20.579863598678223, 20.71616362604784, 20.30830931194386, 20.254692234123826, 21.080760349966383, 20.29391137647338]","[2.637602213116256, 16.20520079853022, 2.681847394441595, 4.63000236431073, 2.504522695797864, 17.05021423748938, 2.4679275416534776, 4.552451915775852, 2.5596501675549845, 16.900009350675422, 2.5519030862361, 4.598988324982621, 2.6400802105527017, 16.34553663293793, 2.6140142833958313]",100.93995121745094,9.909986851565696
ADTC1_adz_raw_20260612_2339,2026-06-12 23:38:27.776,2026-06-12 23:38:37.828,"[Timestamp('2026-06-12 23:38:37.828000'), Timestamp('2026-06-12 23:38:37.933000'), Timestamp('2026-06-12 23:38:38.723000'), Timestamp('2026-06-12 23:38:38.832000'), Timestamp('2026-06-12 23:38:39.147000'), Timestamp('2026-06-12 23:38:39.262000'), Timestamp('2026-06-12 23:38:40.047000'), Timestamp('2026-06-12 23:38:40.167000'), Timestamp('2026-06-12 23:38:40.473000'), Timestamp('2026-06-12 23:38:40.589000'), Timestamp('2026-06-12 23:38:41.372000'), Timestamp('2026-06-12 23:38:41.488000'), Timestamp('2026-06-12 23:38:41.800000'), Timestamp('2026-06-12 23:38:41.915000'), Timestamp('2026-06-12 23:38:42.693000'), Timestamp('2026-06-12 23:38:42.812000'), Timestamp('2026-06-12 23:38:43.131000'), Timestamp('2026-06-12 23:38:43.232000'), Timestamp('2026-06-12 23:38:44.022000'), Timestamp('2026-06-12 23:38:44.130000'), Timestamp('2026-06-12 23:38:44.444000'), Timestamp('2026-06-12 23:38:44.564000'), Timestamp('2026-06-12 23:38:45.346000'), Timestamp('2026-06-12 23:38:45.462000'), Timestamp('2026-06-12 23:38:45.772000'), Timestamp('2026-06-12 23:38:45.889000'), Timestamp('2026-06-12 23:38:46.672000'), Timestamp('2026-06-12 23:38:46.783000'), Timestamp('2026-06-12 23:38:47.100000'), Timestamp('2026-06-12 23:38:47.203000'), Timestamp('2026-06-12 23:38:47.992000'), Timestamp('2026-06-12 23:38:48.102000'), Timestamp('2026-06-12 23:38:48.415000'), Timestamp('2026-06-12 23:38:48.530000'), Timestamp('2026-06-12 23:38:49.311000'), Timestamp('2026-06-12 23:38:49.424000'), Timestamp('2026-06-12 23:38:49.740000'), Timestamp('2026-06-12 23:38:49.849000'), Timestamp('2026-06-12 23:38:50.632000'), Timestamp('2026-06-12 23:38:50.741000'), Timestamp('2026-06-12 23:38:51.052000'), Timestamp('2026-06-12 23:38:51.167000'), Timestamp('2026-06-12 23:38:51.945000'), Timestamp('2026-06-12 23:38:52.061000'), Timestamp('2026-06-12 23:38:52.380000'), Timestamp('2026-06-12 23:38:52.480000'), Timestamp('2026-06-12 23:38:53.276000'), Timestamp('2026-06-12 23:38:53.378000'), Timestamp('2026-06-12 23:38:53.699000'), Timestamp('2026-06-12 23:38:53.803000'), Timestamp('2026-06-12 23:38:54.593000'), Timestamp('2026-06-12 23:38:54.698000')]","[0.105, 0.79, 0.109, 0.315, 0.115, 0.785, 0.12, 0.306, 0.116, 0.783, 0.116, 0.312, 0.115, 0.778, 0.119, 0.319, 0.101, 0.79, 0.108, 0.314, 0.12, 0.782, 0.116, 0.31, 0.117, 0.783, 0.111, 0.317, 0.103, 0.789, 0.11, 0.313, 0.115, 0.781, 0.113, 0.316, 0.109, 0.783, 0.109, 0.311, 0.115, 0.778, 0.116, 0.319, 0.1, 0.796, 0.102, 0.321, 0.104, 0.79, 0.105]","[22.13556018103621, 22.404540638394966, 21.352150335166076, 22.288441725378135, 22.097781532684238, 21.7801016188113, 21.916037286521057, 22.136810557863186, 22.101263398941548, 22.178080113503484, 22.548441700772667, 21.95663431804651, 22.09369577790631, 22.117266664742054, 21.722721722721722, 21.84543809377608, 22.167900992085947, 21.26647217508542, 21.684092165596986, 21.425127998118143, 21.461382995828224, 22.05513784461153, 21.230221000401244, 21.987254851730654, 22.22767339653489, 21.683225113148232, 22.352226376994178, 21.55834318919389, 21.984046655099284, 21.896540472796552, 21.463311921327186, 22.122942449764217, 21.772780393470054, 21.540629299249986, 21.974923799522788, 21.16739185052878, 21.671704254824462, 21.806839389959592, 21.182013358778626, 21.361338624316588, 21.469584479745528, 21.41322729558024, 21.504893597916855, 21.051605229375916, 21.519336588390296, 21.381142098273575, 21.89949028648647, 21.35890056647419, 21.866921240108145, 20.925176369631558, 21.487401990446884, 20.819837387625597]","[2.324233819008802, 17.699587104332025, 2.3273843865331023, 7.020859143494112, 2.5412448762586872, 17.09737977076687, 2.6299244743825265, 6.773864030706135, 2.5637465542772198, 17.365436728873227, 2.6156192372896294, 6.8504699072305115, 2.5407750144592254, 17.20723346516932, 2.585003885003885, 6.96869475191457, 2.2389580002006806, 16.80051301831748, 2.3418819538844744, 6.727490191409097, 2.5753659594993867, 17.247117794486215, 2.4627056360465445, 6.816049004036503, 2.6006377873945823, 16.977965263595067, 2.4810971278463536, 6.833994790974463, 2.2643568054752263, 17.27637043303648, 2.3609643113459904, 6.9244809867762, 2.503869745249056, 16.823231482714238, 2.483166389346075, 6.688895824767094, 2.3622157637758665, 17.074755242338362, 2.3088394561068704, 6.6433763121624585, 2.469002215170736, 16.659490835961424, 2.4945676573583553, 6.715462068170917, 2.1519336588390297, 17.019389110225767, 2.2337480092216198, 6.856207081838216, 2.274159808971247, 16.530889332008933, 2.2561772089969225]",366.5907834172477,9.935540635417794
