file,timestamp_raw,timestamp,timestamp_serie,delta_t,velocity,length,total_length,first_peak_raw
D_05_adz_raw_20260302_0540,2026-03-02 05:27:48.312,2026-03-02 05:27:57.933,"[Timestamp('2026-03-02 05:27:57.933000'), Timestamp('2026-03-02 05:27:58.432000'), Timestamp('2026-03-02 05:27:58.921000'), Timestamp('2026-03-02 05:27:59.081000'), Timestamp('2026-03-02 05:27:59.600000'), Timestamp('2026-03-02 05:28:00.040000'), Timestamp('2026-03-02 05:28:00.420000'), Timestamp('2026-03-02 05:28:00.440000'), Timestamp('2026-03-02 05:28:00.500000'), Timestamp('2026-03-02 05:28:00.530000'), Timestamp('2026-03-02 05:28:00.700000'), Timestamp('2026-03-02 05:28:00.760000'), Timestamp('2026-03-02 05:28:00.790000'), Timestamp('2026-03-02 05:28:01.638000'), Timestamp('2026-03-02 05:28:01.917000'), Timestamp('2026-03-02 05:28:02.416000'), Timestamp('2026-03-02 05:28:02.466000'), Timestamp('2026-03-02 05:28:02.496000'), Timestamp('2026-03-02 05:28:02.516000'), Timestamp('2026-03-02 05:28:02.556000'), Timestamp('2026-03-02 05:28:02.596000'), Timestamp('2026-03-02 05:28:02.636000'), Timestamp('2026-03-02 05:28:03.136000'), Timestamp('2026-03-02 05:28:03.166000'), Timestamp('2026-03-02 05:28:03.196000'), Timestamp('2026-03-02 05:28:03.316000'), Timestamp('2026-03-02 05:28:03.396000'), Timestamp('2026-03-02 05:28:04.414000'), Timestamp('2026-03-02 05:28:04.873000'), Timestamp('2026-03-02 05:28:04.913000'), Timestamp('2026-03-02 05:28:05.133000'), Timestamp('2026-03-02 05:28:05.563000'), Timestamp('2026-03-02 05:28:05.593000'), Timestamp('2026-03-02 05:28:05.773000'), Timestamp('2026-03-02 05:28:05.973000'), Timestamp('2026-03-02 05:28:06.313000'), Timestamp('2026-03-02 05:28:06.722000'), Timestamp('2026-03-02 05:28:07.401000'), Timestamp('2026-03-02 05:28:07.811000'), Timestamp('2026-03-02 05:28:08.231000'), Timestamp('2026-03-02 05:28:08.301000'), Timestamp('2026-03-02 05:28:08.731000'), Timestamp('2026-03-02 05:28:08.791000'), Timestamp('2026-03-02 05:28:09.211000'), Timestamp('2026-03-02 05:28:09.411000'), Timestamp('2026-03-02 05:28:09.601000'), Timestamp('2026-03-02 05:28:09.911000'), Timestamp('2026-03-02 05:28:10.240000'), Timestamp('2026-03-02 05:28:10.679000'), Timestamp('2026-03-02 05:28:10.859000'), Timestamp('2026-03-02 05:28:11.249000'), Timestamp('2026-03-02 05:28:11.269000'), Timestamp('2026-03-02 05:28:11.449000'), Timestamp('2026-03-02 05:28:12.238000'), Timestamp('2026-03-02 05:28:12.667000'), Timestamp('2026-03-02 05:28:12.697000'), Timestamp('2026-03-02 05:28:12.747000'), Timestamp('2026-03-02 05:28:12.827000'), Timestamp('2026-03-02 05:28:13.246000'), Timestamp('2026-03-02 05:28:13.266000'), Timestamp('2026-03-02 05:28:13.426000'), Timestamp('2026-03-02 05:28:13.596000'), Timestamp('2026-03-02 05:28:14.215000'), Timestamp('2026-03-02 05:28:15.244000'), Timestamp('2026-03-02 05:28:15.544000'), Timestamp('2026-03-02 05:28:15.664000'), Timestamp('2026-03-02 05:28:16.074000'), Timestamp('2026-03-02 05:28:16.294000'), Timestamp('2026-03-02 05:28:16.514000'), Timestamp('2026-03-02 05:28:16.564000'), Timestamp('2026-03-02 05:28:16.724000'), Timestamp('2026-03-02 05:28:17.473000'), Timestamp('2026-03-02 05:28:17.922000'), Timestamp('2026-03-02 05:28:18.082000'), Timestamp('2026-03-02 05:28:18.492000'), Timestamp('2026-03-02 05:28:18.672000'), Timestamp('2026-03-02 05:28:18.832000'), Timestamp('2026-03-02 05:28:19.132000'), Timestamp('2026-03-02 05:28:19.451000'), Timestamp('2026-03-02 05:28:19.860000'), Timestamp('2026-03-02 05:28:20.030000'), Timestamp('2026-03-02 05:28:20.360000'), Timestamp('2026-03-02 05:28:20.440000'), Timestamp('2026-03-02 05:28:20.600000'), Timestamp('2026-03-02 05:28:20.790000'), Timestamp('2026-03-02 05:28:21.090000'), Timestamp('2026-03-02 05:28:21.360000'), Timestamp('2026-03-02 05:28:22.059000'), Timestamp('2026-03-02 05:28:22.818000')]","[0.499, 0.489, 0.16, 0.519, 0.44, 0.38, 0.02, 0.06, 0.03, 0.17, 0.06, 0.03, 0.848, 0.279, 0.499, 0.05, 0.03, 0.02, 0.04, 0.04, 0.04, 0.5, 0.03, 0.03, 0.12, 0.08, 1.018, 0.459, 0.04, 0.22, 0.43, 0.03, 0.18, 0.2, 0.34, 0.409, 0.679, 0.41, 0.42, 0.07, 0.43, 0.06, 0.42, 0.2, 0.19, 0.31, 0.329, 0.439, 0.18, 0.39, 0.02, 0.18, 0.789, 0.429, 0.03, 0.05, 0.08, 0.419, 0.02, 0.16, 0.17, 0.619, 1.029, 0.3, 0.12, 0.41, 0.22, 0.22, 0.05, 0.16, 0.749, 0.449, 0.16, 0.41, 0.18, 0.16, 0.3, 0.319, 0.409, 0.17, 0.33, 0.08, 0.16, 0.19, 0.3, 0.27, 0.699, 0.759]","[9.284369114877588, 9.319470699432891, 9.572815533980581, 9.426386233269598, 9.647749510763209, 9.879759519038076, 10.335429769392034, 10.556745182012849, 10.602150537634408, 10.859030837004406, 11.333333333333332, 11.627358490566035, 11.682464454976301, 11.710213776722089, 12.544529262086513, 12.233250620347393, 12.294264339152118, 12.325, 12.739018087855296, 12.449494949494948, 12.838541666666666, 12.838541666666666, 12.7720207253886, 13.111702127659573, 13.181818181818182, 13.181818181818182, 13.111702127659573, 13.111702127659573, 13.181818181818182, 13.181818181818182, 13.111702127659573, 13.111702127659573, 12.838541666666666, 12.838541666666666, 12.905759162303664, 12.576530612244897, 13.324324324324325, 12.64102564102564, 12.905759162303664, 12.905759162303664, 12.973684210526315, 12.973684210526315, 12.576530612244897, 12.576530612244897, 12.64102564102564, 12.64102564102564, 12.576530612244897, 12.576530612244897]","[4.632900188323917, 4.557221172022683, 1.531650485436893, 4.892294455066922, 4.245009784735812, 3.7543086172344693, 0.2067085953878407, 0.6334047109207709, 0.31806451612903225, 1.8460352422907491, 0.6799999999999999, 0.34882075471698104, 9.906729857819903, 3.267149643705463, 6.25972010178117, 0.6116625310173697, 0.3688279301745635, 0.2465, 0.5095607235142119, 0.4979797979797979, 0.5135416666666667, 6.419270833333333, 0.383160621761658, 0.3933510638297872, 1.5818181818181818, 1.0545454545454545, 13.347712765957445, 6.018271276595744, 0.5272727272727272, 2.9, 5.638031914893617, 0.3933510638297872, 2.3109374999999996, 2.5677083333333335, 4.387958115183246, 5.143801020408162, 9.047216216216217, 5.182820512820513, 5.420418848167539, 0.9034031413612565, 5.5786842105263155, 0.7784210526315789, 5.282142857142857, 2.5153061224489797, 2.4017948717948716, 3.9187179487179487, 4.137678571428571, 5.52109693877551]",153.58298293971984,10.755038702817412
D_05_adz_raw_20260302_0606,2026-03-02 05:57:36.573,2026-03-02 05:57:46.193,"[Timestamp('2026-03-02 05:57:46.193000'), Timestamp('2026-03-02 05:57:47.062000'), Timestamp('2026-03-02 05:57:47.192000'), Timestamp('2026-03-02 05:57:47.581000'), Timestamp('2026-03-02 05:57:47.980000'), Timestamp('2026-03-02 05:57:48.529000'), Timestamp('2026-03-02 05:57:48.709000'), Timestamp('2026-03-02 05:57:48.879000'), Timestamp('2026-03-02 05:57:49.408000'), Timestamp('2026-03-02 05:57:49.837000'), Timestamp('2026-03-02 05:57:50.007000'), Timestamp('2026-03-02 05:57:50.337000'), Timestamp('2026-03-02 05:57:50.517000'), Timestamp('2026-03-02 05:57:50.687000'), Timestamp('2026-03-02 05:57:51.216000'), Timestamp('2026-03-02 05:57:51.635000'), Timestamp('2026-03-02 05:57:51.805000'), Timestamp('2026-03-02 05:57:52.145000'), Timestamp('2026-03-02 05:57:52.315000'), Timestamp('2026-03-02 05:57:52.485000'), Timestamp('2026-03-02 05:57:53.014000'), Timestamp('2026-03-02 05:57:53.433000'), Timestamp('2026-03-02 05:57:53.593000'), Timestamp('2026-03-02 05:57:53.893000'), Timestamp('2026-03-02 05:57:53.933000'), Timestamp('2026-03-02 05:57:54.093000'), Timestamp('2026-03-02 05:57:54.273000'), Timestamp('2026-03-02 05:57:54.802000'), Timestamp('2026-03-02 05:57:55.221000'), Timestamp('2026-03-02 05:57:55.381000'), Timestamp('2026-03-02 05:57:55.761000'), Timestamp('2026-03-02 05:57:55.921000'), Timestamp('2026-03-02 05:57:56.081000'), Timestamp('2026-03-02 05:57:56.500000'), Timestamp('2026-03-02 05:57:57.169000'), Timestamp('2026-03-02 05:57:57.299000'), Timestamp('2026-03-02 05:57:57.908000')]","[0.869, 0.13, 0.389, 0.399, 0.549, 0.18, 0.17, 0.529, 0.429, 0.17, 0.33, 0.18, 0.17, 0.529, 0.419, 0.17, 0.34, 0.17, 0.17, 0.529, 0.419, 0.16, 0.3, 0.04, 0.16, 0.18, 0.529, 0.419, 0.16, 0.38, 0.16, 0.16, 0.419, 0.669, 0.13, 0.609]","[13.80952380952381, 13.80952380952381, 13.656509695290858, 13.656509695290858, 13.360433604336043, 13.732590529247911, 13.288409703504042, 13.288409703504042, 13.360433604336043, 13.732590529247911, 13.656509695290858, 13.656509695290858, 13.360433604336043, 13.360433604336043, 13.656509695290858, 13.288409703504042, 13.360433604336043, 13.732590529247911, 13.61878453038674, 13.61878453038674, 13.694444444444445, 13.694444444444445, 13.543956043956044, 13.181818181818182]","[12.00047619047619, 1.7952380952380953, 5.3123822714681435, 5.448947368421052, 7.334878048780488, 2.4718662952646238, 2.2590296495956874, 7.0295687331536385, 5.731626016260162, 2.3345403899721453, 4.5066481994459835, 2.458171745152354, 2.2712737127371274, 7.067669376693767, 5.722077562326869, 2.2590296495956874, 4.542547425474255, 2.3345403899721453, 2.315193370165746, 7.204337016574586, 5.737972222222222, 2.1911111111111112, 4.063186813186813, 0.5272727272727272]",104.91958438056164,10.755038702817412
D_05_adz_raw_20260302_0640,2026-03-02 06:28:13.312,2026-03-02 06:28:25.129,"[Timestamp('2026-03-02 06:28:25.129000'), Timestamp('2026-03-02 06:28:26.038000'), Timestamp('2026-03-02 06:28:27.007000'), Timestamp('2026-03-02 06:28:27.477000'), Timestamp('2026-03-02 06:28:27.717000'), Timestamp('2026-03-02 06:28:28.725000'), Timestamp('2026-03-02 06:28:29.204000'), Timestamp('2026-03-02 06:28:29.464000'), Timestamp('2026-03-02 06:28:29.524000'), Timestamp('2026-03-02 06:28:29.824000'), Timestamp('2026-03-02 06:28:29.904000'), Timestamp('2026-03-02 06:28:30.114000'), Timestamp('2026-03-02 06:28:30.144000'), Timestamp('2026-03-02 06:28:30.304000'), Timestamp('2026-03-02 06:28:31.043000'), Timestamp('2026-03-02 06:28:31.492000'), Timestamp('2026-03-02 06:28:31.682000'), Timestamp('2026-03-02 06:28:32.131000'), Timestamp('2026-03-02 06:28:32.331000'), Timestamp('2026-03-02 06:28:32.521000'), Timestamp('2026-03-02 06:28:33.190000'), Timestamp('2026-03-02 06:28:33.829000'), Timestamp('2026-03-02 06:28:33.899000'), Timestamp('2026-03-02 06:28:34.269000'), Timestamp('2026-03-02 06:28:34.589000'), Timestamp('2026-03-02 06:28:34.709000'), Timestamp('2026-03-02 06:28:35.129000'), Timestamp('2026-03-02 06:28:35.608000'), Timestamp('2026-03-02 06:28:35.798000'), Timestamp('2026-03-02 06:28:35.968000'), Timestamp('2026-03-02 06:28:36.258000'), Timestamp('2026-03-02 06:28:36.567000'), Timestamp('2026-03-02 06:28:36.996000'), Timestamp('2026-03-02 06:28:37.156000'), Timestamp('2026-03-02 06:28:37.486000'), Timestamp('2026-03-02 06:28:37.516000'), Timestamp('2026-03-02 06:28:37.546000'), Timestamp('2026-03-02 06:28:37.566000'), Timestamp('2026-03-02 06:28:37.596000'), Timestamp('2026-03-02 06:28:37.746000'), Timestamp('2026-03-02 06:28:38.515000'), Timestamp('2026-03-02 06:28:38.934000'), Timestamp('2026-03-02 06:28:38.954000'), Timestamp('2026-03-02 06:28:38.984000'), Timestamp('2026-03-02 06:28:39.074000'), Timestamp('2026-03-02 06:28:39.184000'), Timestamp('2026-03-02 06:28:39.484000'), Timestamp('2026-03-02 06:28:39.664000'), Timestamp('2026-03-02 06:28:39.834000'), Timestamp('2026-03-02 06:28:40.423000'), Timestamp('2026-03-02 06:28:41.442000'), Timestamp('2026-03-02 06:28:41.742000'), Timestamp('2026-03-02 06:28:41.862000'), Timestamp('2026-03-02 06:28:42.262000'), Timestamp('2026-03-02 06:28:42.482000'), Timestamp('2026-03-02 06:28:42.712000'), Timestamp('2026-03-02 06:28:42.892000'), Timestamp('2026-03-02 06:28:43.062000'), Timestamp('2026-03-02 06:28:43.352000'), Timestamp('2026-03-02 06:28:43.641000'), Timestamp('2026-03-02 06:28:44.070000'), Timestamp('2026-03-02 06:28:44.240000'), Timestamp('2026-03-02 06:28:44.630000'), Timestamp('2026-03-02 06:28:44.790000'), Timestamp('2026-03-02 06:28:44.970000'), Timestamp('2026-03-02 06:28:45.579000'), Timestamp('2026-03-02 06:28:46.138000'), Timestamp('2026-03-02 06:28:46.548000'), Timestamp('2026-03-02 06:28:46.728000'), Timestamp('2026-03-02 06:28:46.888000'), Timestamp('2026-03-02 06:28:47.317000'), Timestamp('2026-03-02 06:28:48.136000'), Timestamp('2026-03-02 06:28:48.925000')]","[0.909, 0.969, 0.47, 0.24, 1.008, 0.479, 0.26, 0.06, 0.3, 0.08, 0.21, 0.03, 0.16, 0.739, 0.449, 0.19, 0.449, 0.2, 0.19, 0.669, 0.639, 0.07, 0.37, 0.32, 0.12, 0.42, 0.479, 0.19, 0.17, 0.29, 0.309, 0.429, 0.16, 0.33, 0.03, 0.03, 0.02, 0.03, 0.15, 0.769, 0.419, 0.02, 0.03, 0.09, 0.11, 0.3, 0.18, 0.17, 0.589, 1.019, 0.3, 0.12, 0.4, 0.22, 0.23, 0.18, 0.17, 0.29, 0.289, 0.429, 0.17, 0.39, 0.16, 0.18, 0.609, 0.559, 0.41, 0.18, 0.16, 0.429, 0.819, 0.789]","[10.313807531380753, 10.1440329218107, 10.6941431670282, 10.511727078891258, 10.787746170678338, 10.835164835164836, 11.572769953051642, 11.627358490566035, 11.682464454976301, 11.738095238095235, 12.294264339152118, 12.608695652173912, 12.673521850899741, 12.673521850899741, 12.939632545931758, 12.939632545931758, 12.673521850899741, 13.042328042328041, 13.506849315068493, 13.146666666666667, 13.217158176943698, 13.217158176943698, 13.146666666666667, 13.506849315068493, 13.217158176943698, 13.217158176943698, 13.506849315068493, 13.506849315068493, 13.96600566572238, 13.581267217630854, 13.469945355191257, 13.111702127659573, 13.181818181818182, 13.181818181818182, 12.939632545931758, 12.939632545931758, 13.007915567282321, 13.360433604336043, 12.939632545931758, 12.939632545931758, 13.360433604336043, 13.007915567282321, 13.288409703504042, 12.939632545931758, 13.007915567282321, 13.007915567282321, 12.939632545931758, 12.939632545931758]","[9.375251046025106, 9.829567901234569, 5.026247288503254, 2.522814498933902, 10.874048140043763, 5.190043956043956, 3.008920187793427, 0.6976415094339621, 3.5047393364928903, 0.9390476190476189, 2.581795511221945, 0.3782608695652174, 2.0277634961439586, 9.365732647814909, 5.809895013123359, 2.458530183727034, 5.690411311053984, 2.6084656084656084, 2.5663013698630137, 8.79512, 8.445764075067023, 0.925201072386059, 4.8642666666666665, 4.3221917808219175, 1.5860589812332437, 5.551206434316353, 6.469780821917808, 2.5663013698630137, 2.374220963172805, 3.9385674931129473, 4.162213114754098, 5.624920212765956, 2.109090909090909, 4.3500000000000005, 0.38818897637795274, 0.38818897637795274, 0.26015831134564643, 0.40081300813008125, 1.9409448818897637, 9.950577427821521, 5.598021680216802, 0.26015831134564643, 0.39865229110512124, 1.1645669291338583, 1.4308707124010553, 3.902374670184696, 2.3291338582677166, 2.199737532808399]",181.15276895710647,10.755038702817412
D_05_adz_raw_20260302_0709,2026-03-02 06:57:18.096,2026-03-02 06:57:29.703,"[Timestamp('2026-03-02 06:57:29.703000'), Timestamp('2026-03-02 06:57:30.622000'), Timestamp('2026-03-02 06:57:31.631000'), Timestamp('2026-03-02 06:57:32.041000'), Timestamp('2026-03-02 06:57:32.331000'), Timestamp('2026-03-02 06:57:32.541000'), Timestamp('2026-03-02 06:57:33.370000'), Timestamp('2026-03-02 06:57:33.849000'), Timestamp('2026-03-02 06:57:34.089000'), Timestamp('2026-03-02 06:57:34.469000'), Timestamp('2026-03-02 06:57:34.549000'), Timestamp('2026-03-02 06:57:34.579000'), Timestamp('2026-03-02 06:57:34.769000'), Timestamp('2026-03-02 06:57:34.969000'), Timestamp('2026-03-02 06:57:35.728000'), Timestamp('2026-03-02 06:57:36.167000'), Timestamp('2026-03-02 06:57:36.367000'), Timestamp('2026-03-02 06:57:36.807000'), Timestamp('2026-03-02 06:57:37.007000'), Timestamp('2026-03-02 06:57:37.197000'), Timestamp('2026-03-02 06:57:37.866000'), Timestamp('2026-03-02 06:57:38.535000'), Timestamp('2026-03-02 06:57:38.965000'), Timestamp('2026-03-02 06:57:39.385000'), Timestamp('2026-03-02 06:57:39.795000'), Timestamp('2026-03-02 06:57:40.274000'), Timestamp('2026-03-02 06:57:40.454000'), Timestamp('2026-03-02 06:57:40.914000'), Timestamp('2026-03-02 06:57:41.223000'), Timestamp('2026-03-02 06:57:41.642000'), Timestamp('2026-03-02 06:57:41.792000'), Timestamp('2026-03-02 06:57:42.202000'), Timestamp('2026-03-02 06:57:42.222000'), Timestamp('2026-03-02 06:57:42.372000'), Timestamp('2026-03-02 06:57:43.141000'), Timestamp('2026-03-02 06:57:43.710000'), Timestamp('2026-03-02 06:57:43.730000'), Timestamp('2026-03-02 06:57:44.080000'), Timestamp('2026-03-02 06:57:44.250000'), Timestamp('2026-03-02 06:57:44.350000'), Timestamp('2026-03-02 06:57:45.009000'), Timestamp('2026-03-02 06:57:45.988000'), Timestamp('2026-03-02 06:57:46.278000'), Timestamp('2026-03-02 06:57:46.398000'), Timestamp('2026-03-02 06:57:46.768000'), Timestamp('2026-03-02 06:57:46.998000'), Timestamp('2026-03-02 06:57:47.148000'), Timestamp('2026-03-02 06:57:47.228000'), Timestamp('2026-03-02 06:57:47.398000'), Timestamp('2026-03-02 06:57:48.137000'), Timestamp('2026-03-02 06:57:48.536000'), Timestamp('2026-03-02 06:57:48.706000'), Timestamp('2026-03-02 06:57:49.086000'), Timestamp('2026-03-02 06:57:49.256000'), Timestamp('2026-03-02 06:57:49.985000'), Timestamp('2026-03-02 06:57:50.404000'), Timestamp('2026-03-02 06:57:50.544000'), Timestamp('2026-03-02 06:57:50.944000'), Timestamp('2026-03-02 06:57:51.124000'), Timestamp('2026-03-02 06:57:51.284000'), Timestamp('2026-03-02 06:57:51.793000'), Timestamp('2026-03-02 06:57:52.472000'), Timestamp('2026-03-02 06:57:53.301000')]","[0.919, 1.009, 0.41, 0.29, 0.21, 0.829, 0.479, 0.24, 0.38, 0.08, 0.03, 0.19, 0.2, 0.759, 0.439, 0.2, 0.44, 0.2, 0.19, 0.669, 0.669, 0.43, 0.42, 0.41, 0.479, 0.18, 0.46, 0.309, 0.419, 0.15, 0.41, 0.02, 0.15, 0.769, 0.569, 0.02, 0.35, 0.17, 0.1, 0.659, 0.979, 0.29, 0.12, 0.37, 0.23, 0.15, 0.08, 0.17, 0.739, 0.399, 0.17, 0.38, 0.17, 0.729, 0.419, 0.14, 0.4, 0.18, 0.16, 0.509, 0.679, 0.829]","[nan, nan, nan, nan, nan, nan, nan, nan, nan, nan, nan, nan, nan, nan, nan, nan, nan, nan, nan, nan, nan, nan, nan, nan, nan, nan, nan, nan, nan, nan, nan, nan, nan, nan, nan, nan, nan, nan, nan, nan, nan, nan, nan, nan, nan, nan, nan, nan, nan]","[nan, nan, nan, nan, nan, nan, nan, nan, nan, nan, nan, nan, nan, nan, nan, nan, nan, nan, nan, nan, nan, nan, nan, nan, nan, nan, nan, nan, nan, nan, nan, nan, nan, nan, nan, nan, nan, nan, nan, nan, nan, nan, nan, nan, nan, nan, nan, nan, nan]",,10.755038702817412
D_05_adz_raw_20260302_0740,2026-03-02 07:27:28.077,2026-03-02 07:27:39.795,"[Timestamp('2026-03-02 07:27:39.795000'), Timestamp('2026-03-02 07:27:40.504000'), Timestamp('2026-03-02 07:27:40.684000'), Timestamp('2026-03-02 07:27:40.834000'), Timestamp('2026-03-02 07:27:41.623000'), Timestamp('2026-03-02 07:27:42.043000'), Timestamp('2026-03-02 07:27:42.313000'), Timestamp('2026-03-02 07:27:42.513000'), Timestamp('2026-03-02 07:27:43.282000'), Timestamp('2026-03-02 07:27:43.751000'), Timestamp('2026-03-02 07:27:43.951000'), Timestamp('2026-03-02 07:27:44.410000'), Timestamp('2026-03-02 07:27:44.610000'), Timestamp('2026-03-02 07:27:44.800000'), Timestamp('2026-03-02 07:27:45.489000'), Timestamp('2026-03-02 07:27:45.928000'), Timestamp('2026-03-02 07:27:46.118000'), Timestamp('2026-03-02 07:27:46.548000'), Timestamp('2026-03-02 07:27:46.738000'), Timestamp('2026-03-02 07:27:46.918000'), Timestamp('2026-03-02 07:27:47.567000'), Timestamp('2026-03-02 07:27:48.216000'), Timestamp('2026-03-02 07:27:48.626000'), Timestamp('2026-03-02 07:27:48.936000'), Timestamp('2026-03-02 07:27:49.006000'), Timestamp('2026-03-02 07:27:49.066000'), Timestamp('2026-03-02 07:27:49.476000'), Timestamp('2026-03-02 07:27:49.706000'), Timestamp('2026-03-02 07:27:49.946000'), Timestamp('2026-03-02 07:27:49.976000'), Timestamp('2026-03-02 07:27:50.136000'), Timestamp('2026-03-02 07:27:50.306000'), Timestamp('2026-03-02 07:27:50.925000'), Timestamp('2026-03-02 07:27:51.344000'), Timestamp('2026-03-02 07:27:51.414000'), Timestamp('2026-03-02 07:27:51.504000'), Timestamp('2026-03-02 07:27:51.904000'), Timestamp('2026-03-02 07:27:52.094000'), Timestamp('2026-03-02 07:27:52.264000'), Timestamp('2026-03-02 07:27:52.883000'), Timestamp('2026-03-02 07:27:53.442000'), Timestamp('2026-03-02 07:27:53.871000'), Timestamp('2026-03-02 07:27:54.051000'), Timestamp('2026-03-02 07:27:54.221000'), Timestamp('2026-03-02 07:27:54.880000'), Timestamp('2026-03-02 07:27:55.450000'), Timestamp('2026-03-02 07:27:55.850000'), Timestamp('2026-03-02 07:27:56.180000'), Timestamp('2026-03-02 07:27:56.300000'), Timestamp('2026-03-02 07:27:57.110000'), Timestamp('2026-03-02 07:27:57.180000'), Timestamp('2026-03-02 07:27:57.360000'), Timestamp('2026-03-02 07:27:57.530000'), Timestamp('2026-03-02 07:27:58.119000'), Timestamp('2026-03-02 07:27:58.568000'), Timestamp('2026-03-02 07:27:58.668000'), Timestamp('2026-03-02 07:27:58.718000'), Timestamp('2026-03-02 07:27:59.138000'), Timestamp('2026-03-02 07:27:59.168000'), Timestamp('2026-03-02 07:27:59.328000'), Timestamp('2026-03-02 07:28:00.107000'), Timestamp('2026-03-02 07:28:00.686000'), Timestamp('2026-03-02 07:28:01.106000'), Timestamp('2026-03-02 07:28:01.286000'), Timestamp('2026-03-02 07:28:01.456000'), Timestamp('2026-03-02 07:28:01.945000'), Timestamp('2026-03-02 07:28:02.734000'), Timestamp('2026-03-02 07:28:03.543000')]","[0.709, 0.18, 0.15, 0.789, 0.42, 0.27, 0.2, 0.769, 0.469, 0.2, 0.459, 0.2, 0.19, 0.689, 0.439, 0.19, 0.43, 0.19, 0.18, 0.649, 0.649, 0.41, 0.31, 0.07, 0.06, 0.41, 0.23, 0.24, 0.03, 0.16, 0.17, 0.619, 0.419, 0.07, 0.09, 0.4, 0.19, 0.17, 0.619, 0.559, 0.429, 0.18, 0.17, 0.659, 0.57, 0.4, 0.33, 0.12, 0.81, 0.07, 0.18, 0.17, 0.589, 0.449, 0.1, 0.05, 0.42, 0.03, 0.16, 0.779, 0.579, 0.42, 0.18, 0.17, 0.489, 0.789, 0.809]","[10.378947368421052, 10.647948164146868, 11.004464285714286, 11.281464530892446, 11.07865168539326, 11.359447004608294, 11.850961538461537, 12.172839506172838, 11.937046004842614, 12.233250620347393, 12.805194805194803, 12.805194805194803, 12.544529262086513, 12.872062663185378, 13.146666666666667, 13.146666666666667, 12.872062663185378, 13.217158176943698, 13.324324324324325, 12.973684210526315, 13.396739130434781, 13.396739130434781, 13.324324324324325, 13.324324324324325, 13.042328042328041, 13.042328042328041, 12.973684210526315, 12.973684210526315, 12.706185567010309, 13.042328042328041, 12.973684210526315, 12.973684210526315, 13.042328042328041, 12.739018087855296, 12.838541666666666, 12.838541666666666, 13.25268817204301, 12.576530612244897, 12.805194805194803, 12.481012658227847, 12.872062663185378, 12.544529262086513, 12.481012658227847, 12.481012658227847, 12.544529262086513, 12.544529262086513, 12.481012658227847, 12.481012658227847]","[7.358673684210525, 1.9166306695464361, 1.650669642857143, 8.90107551487414, 4.653033707865169, 3.0670506912442397, 2.3701923076923075, 9.360913580246914, 5.598474576271186, 2.4466501240694787, 5.8775844155844155, 2.561038961038961, 2.3834605597964376, 8.868851174934726, 5.771386666666666, 2.4978666666666665, 5.534986945169712, 2.511260053619303, 2.3983783783783785, 8.41992105263158, 8.694483695652174, 5.49266304347826, 4.13054054054054, 0.9327027027027028, 0.7825396825396824, 5.347354497354496, 2.9839473684210525, 3.1136842105263156, 0.38118556701030926, 2.0867724867724866, 2.2055263157894736, 8.030710526315788, 5.464735449735449, 0.8917312661498709, 1.1554687499999998, 5.135416666666667, 2.518010752688172, 2.1380102040816324, 7.926415584415583, 6.976886075949367, 5.522114882506528, 2.258015267175572, 2.121772151898734, 8.224987341772152, 7.150381679389312, 5.017811704834606, 4.11873417721519, 1.4977215189873416]",206.4484234839339,10.755038702817412
D_05_adz_raw_20260302_0810,2026-03-02 07:57:28.067,2026-03-02 07:57:39.834,"[Timestamp('2026-03-02 07:57:39.834000'), Timestamp('2026-03-02 07:57:40.883000'), Timestamp('2026-03-02 07:57:41.453000'), Timestamp('2026-03-02 07:57:41.583000'), Timestamp('2026-03-02 07:57:41.953000'), Timestamp('2026-03-02 07:57:42.003000'), Timestamp('2026-03-02 07:57:42.243000'), Timestamp('2026-03-02 07:57:42.443000'), Timestamp('2026-03-02 07:57:43.162000'), Timestamp('2026-03-02 07:57:43.611000'), Timestamp('2026-03-02 07:57:43.641000'), Timestamp('2026-03-02 07:57:44.231000'), Timestamp('2026-03-02 07:57:44.431000'), Timestamp('2026-03-02 07:57:44.611000'), Timestamp('2026-03-02 07:57:45.260000'), Timestamp('2026-03-02 07:57:45.689000'), Timestamp('2026-03-02 07:57:45.799000'), Timestamp('2026-03-02 07:57:45.859000'), Timestamp('2026-03-02 07:57:46.279000'), Timestamp('2026-03-02 07:57:46.309000'), Timestamp('2026-03-02 07:57:46.469000'), Timestamp('2026-03-02 07:57:46.639000'), Timestamp('2026-03-02 07:57:47.258000'), Timestamp('2026-03-02 07:57:47.677000'), Timestamp('2026-03-02 07:57:47.707000'), Timestamp('2026-03-02 07:57:47.847000'), Timestamp('2026-03-02 07:57:48.247000'), Timestamp('2026-03-02 07:57:48.427000'), Timestamp('2026-03-02 07:57:49.166000'), Timestamp('2026-03-02 07:57:49.615000'), Timestamp('2026-03-02 07:57:49.785000'), Timestamp('2026-03-02 07:57:50.185000'), Timestamp('2026-03-02 07:57:50.365000'), Timestamp('2026-03-02 07:57:51.134000'), Timestamp('2026-03-02 07:57:51.543000'), Timestamp('2026-03-02 07:57:51.573000'), Timestamp('2026-03-02 07:57:51.593000'), Timestamp('2026-03-02 07:57:51.713000'), Timestamp('2026-03-02 07:57:52.103000'), Timestamp('2026-03-02 07:57:52.273000'), Timestamp('2026-03-02 07:57:53.042000'), Timestamp('2026-03-02 07:57:53.631000'), Timestamp('2026-03-02 07:57:54.051000'), Timestamp('2026-03-02 07:57:54.471000'), Timestamp('2026-03-02 07:57:55.671000'), Timestamp('2026-03-02 07:57:55.791000'), Timestamp('2026-03-02 07:57:56.191000'), Timestamp('2026-03-02 07:57:56.411000'), Timestamp('2026-03-02 07:57:56.641000'), Timestamp('2026-03-02 07:57:56.821000'), Timestamp('2026-03-02 07:57:57.580000'), Timestamp('2026-03-02 07:57:57.999000'), Timestamp('2026-03-02 07:57:58.069000'), Timestamp('2026-03-02 07:57:58.149000'), Timestamp('2026-03-02 07:57:58.559000'), Timestamp('2026-03-02 07:57:58.589000'), Timestamp('2026-03-02 07:57:58.739000'), Timestamp('2026-03-02 07:57:59.508000'), Timestamp('2026-03-02 07:57:59.917000'), Timestamp('2026-03-02 07:58:00.067000'), Timestamp('2026-03-02 07:58:00.477000'), Timestamp('2026-03-02 07:58:00.507000'), Timestamp('2026-03-02 07:58:00.657000'), Timestamp('2026-03-02 07:58:00.827000'), Timestamp('2026-03-02 07:58:01.256000'), Timestamp('2026-03-02 07:58:02.065000'), Timestamp('2026-03-02 07:58:02.774000')]","[1.049, 0.57, 0.13, 0.37, 0.05, 0.24, 0.2, 0.719, 0.449, 0.03, 0.59, 0.2, 0.18, 0.649, 0.429, 0.11, 0.06, 0.42, 0.03, 0.16, 0.17, 0.619, 0.419, 0.03, 0.14, 0.4, 0.18, 0.739, 0.449, 0.17, 0.4, 0.18, 0.769, 0.409, 0.03, 0.02, 0.12, 0.39, 0.17, 0.769, 0.589, 0.42, 0.42, 1.2, 0.12, 0.4, 0.22, 0.23, 0.18, 0.759, 0.419, 0.07, 0.08, 0.41, 0.03, 0.15, 0.769, 0.409, 0.15, 0.41, 0.03, 0.15, 0.17, 0.429, 0.809, 0.709]","[10.979955456570156, 11.281464530892446, 11.359447004608294, 11.682464454976301, 11.738095238095235, 11.738095238095235, 12.294264339152118, 12.608695652173912, 12.673521850899741, 12.355889724310776, 13.25268817204301, 12.905759162303664, 13.324324324324325, 13.324324324324325, 13.61878453038674, 13.61878453038674, 13.324324324324325, 13.694444444444445, 13.581267217630854, 13.217158176943698, 13.288409703504042, 13.288409703504042, 13.217158176943698, 13.581267217630854, 12.939632545931758, 13.288409703504042, 13.217158176943698, 13.217158176943698, 12.939632545931758, 13.288409703504042, 13.396739130434781, 12.706185567010309, 13.111702127659573, 13.111702127659573, 12.576530612244897, 12.905759162303664, 12.973684210526315, 12.973684210526315, 12.939632545931758, 12.939632545931758, 13.007915567282321, 12.673521850899741, 12.939632545931758, 12.939632545931758, 12.673521850899741, 12.673521850899741, 12.939632545931758, 12.939632545931758]","[11.517973273942093, 6.430434782608693, 1.4767281105990782, 4.3225118483412315, 0.5869047619047618, 2.8171428571428563, 2.458852867830424, 9.065652173913042, 5.690411311053984, 0.37067669172932327, 7.819086021505376, 2.581151832460733, 2.3983783783783785, 8.647486486486487, 5.842458563535912, 1.4980662983425415, 0.7994594594594594, 5.751666666666667, 0.4074380165289256, 2.114745308310992, 2.2590296495956874, 8.225525606469002, 5.53798927613941, 0.4074380165289256, 1.8115485564304463, 5.315363881401617, 2.3790884718498657, 9.767479892761394, 5.809895013123359, 2.2590296495956874, 5.358695652173913, 2.2871134020618555, 10.082898936170212, 5.362686170212765, 0.3772959183673469, 0.2581151832460733, 1.5568421052631578, 5.059736842105263, 2.199737532808399, 9.950577427821521, 7.661662269129287, 5.322879177377891, 5.4346456692913385, 15.52755905511811, 1.5208226221079688, 5.069408740359897, 2.846719160104987, 2.9761154855643044]",215.22312507392064,10.755038702817412
D_05_adz_raw_20260302_0840,2026-03-02 08:28:23.360,2026-03-02 08:28:33.011,"[Timestamp('2026-03-02 08:28:33.011000'), Timestamp('2026-03-02 08:28:34.070000'), Timestamp('2026-03-02 08:28:34.630000'), Timestamp('2026-03-02 08:28:34.760000'), Timestamp('2026-03-02 08:28:35.130000'), Timestamp('2026-03-02 08:28:35.190000'), Timestamp('2026-03-02 08:28:35.210000'), Timestamp('2026-03-02 08:28:35.240000'), Timestamp('2026-03-02 08:28:35.420000'), Timestamp('2026-03-02 08:28:35.610000'), Timestamp('2026-03-02 08:28:36.359000'), Timestamp('2026-03-02 08:28:36.778000'), Timestamp('2026-03-02 08:28:36.968000'), Timestamp('2026-03-02 08:28:37.428000'), Timestamp('2026-03-02 08:28:37.628000'), Timestamp('2026-03-02 08:28:37.808000'), Timestamp('2026-03-02 08:28:38.457000'), Timestamp('2026-03-02 08:28:38.906000'), Timestamp('2026-03-02 08:28:39.026000'), Timestamp('2026-03-02 08:28:39.086000'), Timestamp('2026-03-02 08:28:39.526000'), Timestamp('2026-03-02 08:28:39.716000'), Timestamp('2026-03-02 08:28:39.896000'), Timestamp('2026-03-02 08:28:40.555000'), Timestamp('2026-03-02 08:28:41.194000'), Timestamp('2026-03-02 08:28:41.614000'), Timestamp('2026-03-02 08:28:42.054000'), Timestamp('2026-03-02 08:28:42.474000'), Timestamp('2026-03-02 08:28:42.534000'), Timestamp('2026-03-02 08:28:42.964000'), Timestamp('2026-03-02 08:28:43.154000'), Timestamp('2026-03-02 08:28:43.963000'), Timestamp('2026-03-02 08:28:44.392000'), Timestamp('2026-03-02 08:28:44.572000'), Timestamp('2026-03-02 08:28:44.992000'), Timestamp('2026-03-02 08:28:45.012000'), Timestamp('2026-03-02 08:28:45.172000'), Timestamp('2026-03-02 08:28:45.352000'), Timestamp('2026-03-02 08:28:45.991000'), Timestamp('2026-03-02 08:28:46.420000'), Timestamp('2026-03-02 08:28:46.580000'), Timestamp('2026-03-02 08:28:47.010000'), Timestamp('2026-03-02 08:28:47.200000'), Timestamp('2026-03-02 08:28:47.380000'), Timestamp('2026-03-02 08:28:48.019000'), Timestamp('2026-03-02 08:28:48.638000'), Timestamp('2026-03-02 08:28:49.058000'), Timestamp('2026-03-02 08:28:49.528000'), Timestamp('2026-03-02 08:28:50.358000'), Timestamp('2026-03-02 08:28:50.428000'), Timestamp('2026-03-02 08:28:50.618000'), Timestamp('2026-03-02 08:28:50.798000'), Timestamp('2026-03-02 08:28:51.437000'), Timestamp('2026-03-02 08:28:51.856000'), Timestamp('2026-03-02 08:28:52.026000'), Timestamp('2026-03-02 08:28:52.456000'), Timestamp('2026-03-02 08:28:52.646000'), Timestamp('2026-03-02 08:28:52.816000'), Timestamp('2026-03-02 08:28:53.465000'), Timestamp('2026-03-02 08:28:53.884000'), Timestamp('2026-03-02 08:28:54.054000'), Timestamp('2026-03-02 08:28:54.484000'), Timestamp('2026-03-02 08:28:54.674000'), Timestamp('2026-03-02 08:28:54.844000'), Timestamp('2026-03-02 08:28:55.333000'), Timestamp('2026-03-02 08:28:55.912000'), Timestamp('2026-03-02 08:28:56.162000'), Timestamp('2026-03-02 08:28:56.941000')]","[1.059, 0.56, 0.13, 0.37, 0.06, 0.02, 0.03, 0.18, 0.19, 0.749, 0.419, 0.19, 0.46, 0.2, 0.18, 0.649, 0.449, 0.12, 0.06, 0.44, 0.19, 0.18, 0.659, 0.639, 0.42, 0.44, 0.42, 0.06, 0.43, 0.19, 0.809, 0.429, 0.18, 0.42, 0.02, 0.16, 0.18, 0.639, 0.429, 0.16, 0.43, 0.19, 0.18, 0.639, 0.619, 0.42, 0.47, 0.83, 0.07, 0.19, 0.18, 0.639, 0.419, 0.17, 0.43, 0.19, 0.17, 0.649, 0.419, 0.17, 0.43, 0.19, 0.17, 0.489, 0.579, 0.25, 0.779]","[11.281464530892446, 11.07865168539326, 11.153846153846155, 11.710213776722089, 12.053789731051344, 11.79425837320574, 11.738095238095235, 12.325, 12.706185567010309, 12.418136020151133, 12.673521850899741, 13.007915567282321, 12.739018087855296, 12.418136020151133, 13.007915567282321, 12.673521850899741, 12.739018087855296, 12.739018087855296, 12.512690355329948, 12.838541666666666, 12.905759162303664, 12.576530612244897, 12.512690355329948, 12.512690355329948, 12.576530612244897, 12.576530612244897, 12.512690355329948, 12.512690355329948, 12.576530612244897, 12.2636815920398, 12.202970297029701, 12.512690355329948, 12.2636815920398, 12.2636815920398, 12.355889724310776, 12.083333333333332, 12.14285714285714, 12.14285714285714, 12.113022113022112, 12.113022113022112, 12.172839506172838, 12.172839506172838, 12.113022113022112, 12.113022113022112, 12.172839506172838, 11.879518072289155, 12.113022113022112, 11.822541966426856]","[11.9470709382151, 6.204044943820226, 1.4500000000000002, 4.3327790973871725, 0.7232273838630806, 0.23588516746411478, 0.35214285714285704, 2.2184999999999997, 2.4141752577319586, 9.301183879093198, 5.310205655526992, 2.471503957783641, 5.859948320413436, 2.4836272040302267, 2.3414248021108177, 8.225115681233932, 5.719819121447028, 1.5286821705426354, 0.7507614213197968, 5.648958333333333, 2.4520942408376962, 2.263775510204081, 8.245862944162436, 7.995609137055837, 5.282142857142857, 5.533673469387755, 5.255329949238578, 0.7507614213197968, 5.407908163265305, 2.330099502487562, 9.872202970297028, 5.367944162436547, 2.207462686567164, 5.150746268656716, 0.24711779448621554, 1.9333333333333331, 2.185714285714285, 7.759285714285713, 5.196486486486486, 1.938083538083538, 5.23432098765432, 2.3128395061728395, 2.18034398034398, 7.74022113022113, 7.534987654320987, 4.989397590361445, 5.693120393120392, 9.81270983213429]",212.39263170223788,10.755038702817412
D_05_adz_raw_20260302_0858,2026-03-02 08:51:10.730,2026-03-02 08:51:20.392,"[Timestamp('2026-03-02 08:51:20.392000'), Timestamp('2026-03-02 08:51:20.781000'), Timestamp('2026-03-02 08:51:20.821000'), Timestamp('2026-03-02 08:51:20.951000'), Timestamp('2026-03-02 08:51:21.571000'), Timestamp('2026-03-02 08:51:21.611000'), Timestamp('2026-03-02 08:51:21.931000'), Timestamp('2026-03-02 08:51:22.131000'), Timestamp('2026-03-02 08:51:22.351000'), Timestamp('2026-03-02 08:51:22.990000'), Timestamp('2026-03-02 08:51:23.040000'), Timestamp('2026-03-02 08:51:23.520000'), Timestamp('2026-03-02 08:51:23.560000'), Timestamp('2026-03-02 08:51:24.079000'), Timestamp('2026-03-02 08:51:24.129000'), Timestamp('2026-03-02 08:51:24.169000'), Timestamp('2026-03-02 08:51:24.209000'), Timestamp('2026-03-02 08:51:24.859000'), Timestamp('2026-03-02 08:51:24.919000'), Timestamp('2026-03-02 08:51:24.969000'), Timestamp('2026-03-02 08:51:25.818000'), Timestamp('2026-03-02 08:51:25.858000'), Timestamp('2026-03-02 08:51:26.677000')]","[0.389, 0.04, 0.13, 0.62, 0.04, 0.32, 0.2, 0.22, 0.639, 0.05, 0.48, 0.04, 0.519, 0.05, 0.04, 0.04, 0.65, 0.06, 0.05, 0.849, 0.04, 0.819]","[nan, nan, nan, nan, nan, nan, nan, nan, nan, nan, nan, nan, nan, nan, nan]","[nan, nan, nan, nan, nan, nan, nan, nan, nan, nan, nan, nan, nan, nan, nan]",,10.755038702817412
D_05_adz_raw_20260302_0912,2026-03-02 09:03:10.406,2026-03-02 09:03:20.228,"[Timestamp('2026-03-02 09:03:20.228000'), Timestamp('2026-03-02 09:03:20.837000'), Timestamp('2026-03-02 09:03:21.057000'), Timestamp('2026-03-02 09:03:21.736000'), Timestamp('2026-03-02 09:03:22.125000'), Timestamp('2026-03-02 09:03:22.165000'), Timestamp('2026-03-02 09:03:22.275000'), Timestamp('2026-03-02 09:03:22.445000'), Timestamp('2026-03-02 09:03:22.805000'), Timestamp('2026-03-02 09:03:22.875000'), Timestamp('2026-03-02 09:03:23.015000'), Timestamp('2026-03-02 09:03:23.534000'), Timestamp('2026-03-02 09:03:24.103000'), Timestamp('2026-03-02 09:03:24.213000'), Timestamp('2026-03-02 09:03:24.383000'), Timestamp('2026-03-02 09:03:24.433000'), Timestamp('2026-03-02 09:03:24.693000'), Timestamp('2026-03-02 09:03:24.743000'), Timestamp('2026-03-02 09:03:24.873000'), Timestamp('2026-03-02 09:03:24.953000'), Timestamp('2026-03-02 09:03:25.432000'), Timestamp('2026-03-02 09:03:26.031000'), Timestamp('2026-03-02 09:03:26.141000'), Timestamp('2026-03-02 09:03:26.261000'), Timestamp('2026-03-02 09:03:26.311000'), Timestamp('2026-03-02 09:03:26.391000'), Timestamp('2026-03-02 09:03:26.481000'), Timestamp('2026-03-02 09:03:27.291000'), Timestamp('2026-03-02 09:03:27.581000'), Timestamp('2026-03-02 09:03:27.951000'), Timestamp('2026-03-02 09:03:28.001000'), Timestamp('2026-03-02 09:03:28.760000'), Timestamp('2026-03-02 09:03:29.279000'), Timestamp('2026-03-02 09:03:29.399000'), Timestamp('2026-03-02 09:03:29.569000'), Timestamp('2026-03-02 09:03:29.929000'), Timestamp('2026-03-02 09:03:29.999000'), Timestamp('2026-03-02 09:03:30.139000'), Timestamp('2026-03-02 09:03:30.648000'), Timestamp('2026-03-02 09:03:31.217000'), Timestamp('2026-03-02 09:03:31.327000'), Timestamp('2026-03-02 09:03:31.507000'), Timestamp('2026-03-02 09:03:31.557000'), Timestamp('2026-03-02 09:03:31.817000'), Timestamp('2026-03-02 09:03:31.887000'), Timestamp('2026-03-02 09:03:32.067000'), Timestamp('2026-03-02 09:03:32.556000'), Timestamp('2026-03-02 09:03:33.115000'), Timestamp('2026-03-02 09:03:33.155000'), Timestamp('2026-03-02 09:03:33.265000'), Timestamp('2026-03-02 09:03:33.445000'), Timestamp('2026-03-02 09:03:34.414000'), Timestamp('2026-03-02 09:03:34.704000'), Timestamp('2026-03-02 09:03:35.124000'), Timestamp('2026-03-02 09:03:35.923000'), Timestamp('2026-03-02 09:03:36.372000'), Timestamp('2026-03-02 09:03:36.412000'), Timestamp('2026-03-02 09:03:36.522000'), Timestamp('2026-03-02 09:03:36.682000'), Timestamp('2026-03-02 09:03:37.262000'), Timestamp('2026-03-02 09:03:37.771000'), Timestamp('2026-03-02 09:03:38.450000'), Timestamp('2026-03-02 09:03:38.630000'), Timestamp('2026-03-02 09:03:38.940000'), Timestamp('2026-03-02 09:03:39.010000'), Timestamp('2026-03-02 09:03:39.190000'), Timestamp('2026-03-02 09:03:39.679000'), Timestamp('2026-03-02 09:03:40.248000'), Timestamp('2026-03-02 09:03:40.288000'), Timestamp('2026-03-02 09:03:40.398000'), Timestamp('2026-03-02 09:03:40.578000'), Timestamp('2026-03-02 09:03:41.067000'), Timestamp('2026-03-02 09:03:42.435000')]","[0.609, 0.22, 0.679, 0.389, 0.04, 0.11, 0.17, 0.36, 0.07, 0.14, 0.519, 0.569, 0.11, 0.17, 0.05, 0.26, 0.05, 0.13, 0.08, 0.479, 0.599, 0.11, 0.12, 0.05, 0.08, 0.09, 0.81, 0.29, 0.37, 0.05, 0.759, 0.519, 0.12, 0.17, 0.36, 0.07, 0.14, 0.509, 0.569, 0.11, 0.18, 0.05, 0.26, 0.07, 0.18, 0.489, 0.559, 0.04, 0.11, 0.18, 0.969, 0.29, 0.42, 0.799, 0.449, 0.04, 0.11, 0.16, 0.58, 0.509, 0.679, 0.18, 0.31, 0.07, 0.18, 0.489, 0.569, 0.04, 0.11, 0.18, 0.489, 1.3679999999999999]","[nan, nan, nan, nan, nan, nan, nan, nan, nan, nan, nan, nan, nan, nan, nan, nan, nan, nan, nan, nan, nan, nan, nan, nan, nan, nan, nan, nan, nan, nan, nan, nan, nan, nan, nan, nan, nan, nan, nan, nan, nan, nan, nan, nan, nan, nan, nan, nan]","[nan, nan, nan, nan, nan, nan, nan, nan, nan, nan, nan, nan, nan, nan, nan, nan, nan, nan, nan, nan, nan, nan, nan, nan, nan, nan, nan, nan, nan, nan, nan, nan, nan, nan, nan, nan, nan, nan, nan, nan, nan, nan, nan, nan, nan, nan, nan, nan]",,10.755038702817412
D_05_adz_raw_20260302_0936,2026-03-02 09:28:30.326,2026-03-02 09:28:41.796,"[Timestamp('2026-03-02 09:28:41.796000'), Timestamp('2026-03-02 09:28:42.405000'), Timestamp('2026-03-02 09:28:42.775000'), Timestamp('2026-03-02 09:28:43.205000'), Timestamp('2026-03-02 09:28:43.265000'), Timestamp('2026-03-02 09:28:43.705000'), Timestamp('2026-03-02 09:28:43.895000'), Timestamp('2026-03-02 09:28:44.674000'), Timestamp('2026-03-02 09:28:45.113000'), Timestamp('2026-03-02 09:28:45.253000'), Timestamp('2026-03-02 09:28:45.693000'), Timestamp('2026-03-02 09:28:45.713000'), Timestamp('2026-03-02 09:28:45.853000'), Timestamp('2026-03-02 09:28:45.923000'), Timestamp('2026-03-02 09:28:46.612000'), Timestamp('2026-03-02 09:28:47.042000'), Timestamp('2026-03-02 09:28:47.192000'), Timestamp('2026-03-02 09:28:47.602000'), Timestamp('2026-03-02 09:28:47.772000'), Timestamp('2026-03-02 09:28:48.361000'), Timestamp('2026-03-02 09:28:49.140000'), Timestamp('2026-03-02 09:28:49.280000'), Timestamp('2026-03-02 09:28:49.889000')]","[0.609, 0.37, 0.43, 0.06, 0.44, 0.19, 0.779, 0.439, 0.14, 0.44, 0.02, 0.14, 0.07, 0.689, 0.43, 0.15, 0.41, 0.17, 0.589, 0.779, 0.14, 0.609]","[12.706185567010309, 13.076923076923077, 13.217158176943698, 12.905759162303664, 12.973684210526315, 13.324324324324325, 13.61878453038674, 13.61878453038674, 13.694444444444445, 13.694444444444445, 14.005681818181818, 13.61878453038674, 14.085714285714285, 13.694444444444445, 14.005681818181818, 14.005681818181818]","[7.738067010309278, 4.838461538461538, 5.68337801608579, 0.7743455497382198, 5.708421052631579, 2.5316216216216216, 10.609033149171271, 5.978646408839779, 1.9172222222222224, 6.025555555555556, 0.2801136363636364, 1.906629834254144, 0.9860000000000001, 9.435472222222222, 6.022443181818182, 2.1008522727272725]",72.5362632720223,10.755038702817412
D_05_adz_raw_20260302_1006,2026-03-02 09:57:34.954,2026-03-02 09:57:46.026,"[Timestamp('2026-03-02 09:57:46.026000'), Timestamp('2026-03-02 09:57:46.975000'), Timestamp('2026-03-02 09:57:47.365000'), Timestamp('2026-03-02 09:57:47.585000'), Timestamp('2026-03-02 09:57:47.815000'), Timestamp('2026-03-02 09:57:47.995000'), Timestamp('2026-03-02 09:57:48.724000'), Timestamp('2026-03-02 09:57:49.134000'), Timestamp('2026-03-02 09:57:49.294000'), Timestamp('2026-03-02 09:57:49.684000'), Timestamp('2026-03-02 09:57:49.864000'), Timestamp('2026-03-02 09:57:50.593000'), Timestamp('2026-03-02 09:57:51.013000'), Timestamp('2026-03-02 09:57:51.153000'), Timestamp('2026-03-02 09:57:51.563000'), Timestamp('2026-03-02 09:57:51.723000'), Timestamp('2026-03-02 09:57:52.402000'), Timestamp('2026-03-02 09:57:52.901000'), Timestamp('2026-03-02 09:57:53.101000'), Timestamp('2026-03-02 09:57:53.830000')]","[0.949, 0.39, 0.22, 0.23, 0.18, 0.729, 0.41, 0.16, 0.39, 0.18, 0.729, 0.42, 0.14, 0.41, 0.16, 0.679, 0.499, 0.2, 0.729]","[14.248554913294798, 14.248554913294798, 13.926553672316384, 13.926553672316384, 14.415204678362574, 14.415204678362574, 14.33139534883721, 14.33139534883721, 14.005681818181818, 14.005681818181818, 13.926553672316384, 13.926553672316384, 14.005681818181818, 14.005681818181818, 13.926553672316384, 13.926553672316384]","[13.521878612716764, 5.556936416184971, 3.0638418079096046, 3.2031073446327687, 2.5947368421052635, 10.508684210526317, 5.875872093023256, 2.293023255813954, 5.46221590909091, 2.5210227272727272, 10.152457627118643, 5.849152542372881, 1.9607954545454547, 5.742329545454545, 2.2282485875706217, 9.456129943502825]",89.9904329198415,10.755038702817412
D_05_adz_raw_20260302_1017,2026-03-02 10:09:52.176,2026-03-02 10:10:03.368,"[Timestamp('2026-03-02 10:10:03.368000'), Timestamp('2026-03-02 10:10:04.147000'), Timestamp('2026-03-02 10:10:04.547000'), Timestamp('2026-03-02 10:10:04.797000'), Timestamp('2026-03-02 10:10:04.907000'), Timestamp('2026-03-02 10:10:04.977000'), Timestamp('2026-03-02 10:10:05.497000'), Timestamp('2026-03-02 10:10:06.826000'), Timestamp('2026-03-02 10:10:07.586000'), Timestamp('2026-03-02 10:10:08.146000'), Timestamp('2026-03-02 10:10:08.896000'), Timestamp('2026-03-02 10:10:09.446000'), Timestamp('2026-03-02 10:10:10.206000'), Timestamp('2026-03-02 10:10:10.756000'), Timestamp('2026-03-02 10:10:11.656000'), Timestamp('2026-03-02 10:10:11.686000'), Timestamp('2026-03-02 10:10:11.836000'), Timestamp('2026-03-02 10:10:11.876000'), Timestamp('2026-03-02 10:10:12.686000'), Timestamp('2026-03-02 10:10:12.716000'), Timestamp('2026-03-02 10:10:12.826000'), Timestamp('2026-03-02 10:10:12.866000'), Timestamp('2026-03-02 10:10:12.896000'), Timestamp('2026-03-02 10:10:13.535000')]","[0.779, 0.4, 0.25, 0.11, 0.07, 0.52, 1.329, 0.76, 0.56, 0.75, 0.55, 0.76, 0.55, 0.9, 0.03, 0.15, 0.04, 0.81, 0.03, 0.11, 0.04, 0.03, 0.639]","[nan, nan, nan, nan, nan, nan, nan, nan, nan, nan, nan, nan, nan, nan, nan, nan, nan, nan, nan, nan]","[nan, nan, nan, nan, nan, nan, nan, nan, nan, nan, nan, nan, nan, nan, nan, nan, nan, nan, nan, nan]",,10.755038702817412
D_05_adz_raw_20260302_1029,2026-03-02 10:22:19.875,2026-03-02 10:22:29.620,"[Timestamp('2026-03-02 10:22:29.620000'), Timestamp('2026-03-02 10:22:30.060000'), Timestamp('2026-03-02 10:22:30.190000'), Timestamp('2026-03-02 10:22:30.410000'), Timestamp('2026-03-02 10:22:30.770000'), Timestamp('2026-03-02 10:22:31.130000'), Timestamp('2026-03-02 10:22:31.180000'), Timestamp('2026-03-02 10:22:33.367000'), Timestamp('2026-03-02 10:22:33.407000'), Timestamp('2026-03-02 10:22:33.966000')]","[0.44, 0.13, 0.22, 0.36, 0.36, 0.05, 2.187, 0.04, 0.559]","[11.412037037037036, 11.682464454976303, 11.6, 11.6, 11.794258373205741, 11.71021377672209, 11.103603603603602, 12.355889724310776]","[5.021296296296296, 1.5187203791469195, 2.552, 4.176, 4.245933014354066, 0.5855106888361046, 24.283581081081078, 0.4942355889724311]",42.87727704868689,10.755038702817412
D_05_adz_raw_20260302_1042,2026-03-02 10:32:44.240,2026-03-02 10:32:53.855,"[Timestamp('2026-03-02 10:32:53.855000'), Timestamp('2026-03-02 10:32:54.434000'), Timestamp('2026-03-02 10:32:54.654000'), Timestamp('2026-03-02 10:32:55.193000'), Timestamp('2026-03-02 10:32:55.703000'), Timestamp('2026-03-02 10:32:55.853000'), Timestamp('2026-03-02 10:32:56.163000'), Timestamp('2026-03-02 10:32:56.203000'), Timestamp('2026-03-02 10:32:56.243000'), Timestamp('2026-03-02 10:32:56.383000'), Timestamp('2026-03-02 10:32:56.862000'), Timestamp('2026-03-02 10:32:57.401000'), Timestamp('2026-03-02 10:32:57.501000'), Timestamp('2026-03-02 10:32:57.531000'), Timestamp('2026-03-02 10:32:57.681000'), Timestamp('2026-03-02 10:32:57.711000'), Timestamp('2026-03-02 10:32:57.971000'), Timestamp('2026-03-02 10:32:58.021000'), Timestamp('2026-03-02 10:32:58.151000'), Timestamp('2026-03-02 10:32:58.680000'), Timestamp('2026-03-02 10:32:59.170000'), Timestamp('2026-03-02 10:32:59.280000'), Timestamp('2026-03-02 10:32:59.320000'), Timestamp('2026-03-02 10:32:59.440000'), Timestamp('2026-03-02 10:32:59.460000'), Timestamp('2026-03-02 10:32:59.500000'), Timestamp('2026-03-02 10:32:59.590000'), Timestamp('2026-03-02 10:32:59.710000'), Timestamp('2026-03-02 10:32:59.790000'), Timestamp('2026-03-02 10:32:59.940000'), Timestamp('2026-03-02 10:33:00.459000'), Timestamp('2026-03-02 10:33:00.948000'), Timestamp('2026-03-02 10:33:01.058000'), Timestamp('2026-03-02 10:33:01.078000'), Timestamp('2026-03-02 10:33:01.228000'), Timestamp('2026-03-02 10:33:01.258000'), Timestamp('2026-03-02 10:33:01.488000'), Timestamp('2026-03-02 10:33:01.528000'), Timestamp('2026-03-02 10:33:01.568000'), Timestamp('2026-03-02 10:33:01.708000'), Timestamp('2026-03-02 10:33:02.307000'), Timestamp('2026-03-02 10:33:02.737000'), Timestamp('2026-03-02 10:33:02.847000'), Timestamp('2026-03-02 10:33:03.027000'), Timestamp('2026-03-02 10:33:03.556000'), Timestamp('2026-03-02 10:33:04.005000'), Timestamp('2026-03-02 10:33:04.814000'), Timestamp('2026-03-02 10:33:05.383000')]","[0.579, 0.22, 0.539, 0.51, 0.15, 0.31, 0.04, 0.04, 0.14, 0.479, 0.539, 0.1, 0.03, 0.15, 0.03, 0.26, 0.05, 0.13, 0.529, 0.49, 0.11, 0.04, 0.12, 0.02, 0.04, 0.09, 0.12, 0.08, 0.15, 0.519, 0.489, 0.11, 0.02, 0.15, 0.03, 0.23, 0.04, 0.04, 0.14, 0.599, 0.43, 0.11, 0.18, 0.529, 0.449, 0.809, 0.569]","[nan, nan, nan, nan, nan, nan, nan, nan, nan, nan, nan, nan, nan, nan, nan, nan, nan, nan, nan, nan, nan, nan, nan, nan, nan, nan, nan, nan, nan, nan, nan, nan, nan]","[nan, nan, nan, nan, nan, nan, nan, nan, nan, nan, nan, nan, nan, nan, nan, nan, nan, nan, nan, nan, nan, nan, nan, nan, nan, nan, nan, nan, nan, nan, nan, nan, nan]",,10.755038702817412
D_05_adz_raw_20260302_1102,2026-03-02 10:51:10.486,2026-03-02 10:51:20.291,"[Timestamp('2026-03-02 10:51:20.291000'), Timestamp('2026-03-02 10:51:20.790000'), Timestamp('2026-03-02 10:51:20.920000'), Timestamp('2026-03-02 10:51:21.570000'), Timestamp('2026-03-02 10:51:22.100000'), Timestamp('2026-03-02 10:51:22.979000'), Timestamp('2026-03-02 10:51:23.019000'), Timestamp('2026-03-02 10:51:23.518000'), Timestamp('2026-03-02 10:51:24.087000'), Timestamp('2026-03-02 10:51:24.507000'), Timestamp('2026-03-02 10:51:24.627000'), Timestamp('2026-03-02 10:51:25.216000'), Timestamp('2026-03-02 10:51:25.746000'), Timestamp('2026-03-02 10:51:25.786000'), Timestamp('2026-03-02 10:51:31.906000'), Timestamp('2026-03-02 10:51:31.946000'), Timestamp('2026-03-02 10:51:32.076000'), Timestamp('2026-03-02 10:51:32.436000'), Timestamp('2026-03-02 10:51:32.486000'), Timestamp('2026-03-02 10:51:32.566000'), Timestamp('2026-03-02 10:51:32.606000'), Timestamp('2026-03-02 10:51:33.456000'), Timestamp('2026-03-02 10:51:33.546000'), Timestamp('2026-03-02 10:51:33.596000'), Timestamp('2026-03-02 10:51:33.636000'), Timestamp('2026-03-02 10:51:34.056000'), Timestamp('2026-03-02 10:51:34.576000'), Timestamp('2026-03-02 10:51:35.036000'), Timestamp('2026-03-02 10:51:35.076000'), Timestamp('2026-03-02 10:51:35.126000'), Timestamp('2026-03-02 10:51:35.276000'), Timestamp('2026-03-02 10:51:35.655000'), Timestamp('2026-03-02 10:51:36.315000'), Timestamp('2026-03-02 10:51:38.255000')]","[0.499, 0.13, 0.65, 0.53, 0.879, 0.04, 0.499, 0.569, 0.42, 0.12, 0.589, 0.53, 0.04, 6.12, 0.04, 0.13, 0.36, 0.05, 0.08, 0.04, 0.85, 0.09, 0.05, 0.04, 0.42, 0.52, 0.46, 0.04, 0.05, 0.15, 0.379, 0.66, 1.94]","[nan, nan, nan, nan, nan, nan, nan, nan, nan, nan, nan, nan, nan, nan, nan, nan, nan, nan, nan, nan, nan, nan, nan, nan, nan, nan, nan, nan, nan, nan, nan, nan]","[nan, nan, nan, nan, nan, nan, nan, nan, nan, nan, nan, nan, nan, nan, nan, nan, nan, nan, nan, nan, nan, nan, nan, nan, nan, nan, nan, nan, nan, nan, nan, nan]",,10.755038702817412
D_05_adz_raw_20260302_1115,2026-03-02 11:07:19.549,2026-03-02 11:07:29.196,"[Timestamp('2026-03-02 11:07:29.196000'), Timestamp('2026-03-02 11:07:29.636000'), Timestamp('2026-03-02 11:07:29.676000'), Timestamp('2026-03-02 11:07:29.816000'), Timestamp('2026-03-02 11:07:30.136000'), Timestamp('2026-03-02 11:07:30.686000'), Timestamp('2026-03-02 11:07:30.936000'), Timestamp('2026-03-02 11:07:31.156000'), Timestamp('2026-03-02 11:07:32.285000'), Timestamp('2026-03-02 11:07:33.063000'), Timestamp('2026-03-02 11:07:33.613000'), Timestamp('2026-03-02 11:07:33.733000'), Timestamp('2026-03-02 11:07:34.501000'), Timestamp('2026-03-02 11:07:35.061000'), Timestamp('2026-03-02 11:07:35.181000'), Timestamp('2026-03-02 11:07:35.939000'), Timestamp('2026-03-02 11:07:36.509000'), Timestamp('2026-03-02 11:07:36.619000'), Timestamp('2026-03-02 11:07:37.397000'), Timestamp('2026-03-02 11:07:38.067000'), Timestamp('2026-03-02 11:07:38.825000'), Timestamp('2026-03-02 11:07:39.405000'), Timestamp('2026-03-02 11:07:39.525000'), Timestamp('2026-03-02 11:07:40.273000'), Timestamp('2026-03-02 11:07:40.843000'), Timestamp('2026-03-02 11:07:40.963000'), Timestamp('2026-03-02 11:07:41.741000'), Timestamp('2026-03-02 11:07:42.301000'), Timestamp('2026-03-02 11:07:42.431000'), Timestamp('2026-03-02 11:07:43.219000'), Timestamp('2026-03-02 11:07:43.899000'), Timestamp('2026-03-02 11:07:44.687000'), Timestamp('2026-03-02 11:07:45.377000'), Timestamp('2026-03-02 11:07:46.175000'), Timestamp('2026-03-02 11:07:46.705000'), Timestamp('2026-03-02 11:07:46.835000'), Timestamp('2026-03-02 11:07:47.633000'), Timestamp('2026-03-02 11:07:48.163000'), Timestamp('2026-03-02 11:07:48.283000'), Timestamp('2026-03-02 11:07:49.081000'), Timestamp('2026-03-02 11:07:49.641000'), Timestamp('2026-03-02 11:07:49.761000'), Timestamp('2026-03-02 11:07:50.569000'), Timestamp('2026-03-02 11:07:51.079000'), Timestamp('2026-03-02 11:07:51.249000'), Timestamp('2026-03-02 11:07:52.027000'), Timestamp('2026-03-02 11:07:52.597000'), Timestamp('2026-03-02 11:07:52.727000'), Timestamp('2026-03-02 11:07:53.505000'), Timestamp('2026-03-02 11:07:54.155000'), Timestamp('2026-03-02 11:07:54.953000'), Timestamp('2026-03-02 11:07:55.643000'), Timestamp('2026-03-02 11:07:56.421000'), Timestamp('2026-03-02 11:07:57.121000'), Timestamp('2026-03-02 11:07:57.909000'), Timestamp('2026-03-02 11:07:58.439000'), Timestamp('2026-03-02 11:07:58.569000'), Timestamp('2026-03-02 11:07:59.357000'), Timestamp('2026-03-02 11:07:59.917000'), Timestamp('2026-03-02 11:08:00.847000')]","[0.44, 0.04, 0.14, 0.32, 0.55, 0.25, 0.22, 1.129, 0.778, 0.55, 0.12, 0.768, 0.56, 0.12, 0.758, 0.57, 0.11, 0.778, 0.67, 0.758, 0.58, 0.12, 0.748, 0.57, 0.12, 0.778, 0.56, 0.13, 0.788, 0.68, 0.788, 0.69, 0.798, 0.53, 0.13, 0.798, 0.53, 0.12, 0.798, 0.56, 0.12, 0.808, 0.51, 0.17, 0.778, 0.57, 0.13, 0.778, 0.65, 0.798, 0.69, 0.778, 0.7, 0.788, 0.53, 0.13, 0.788, 0.56, 0.93]","[nan, nan, nan, nan, nan, nan, nan, nan, nan, nan, nan, nan, nan, nan, nan, nan, nan, nan, nan, nan, nan, nan, nan, nan, nan, nan, nan, nan, nan, nan]","[nan, nan, nan, nan, nan, nan, nan, nan, nan, nan, nan, nan, nan, nan, nan, nan, nan, nan, nan, nan, nan, nan, nan, nan, nan, nan, nan, nan, nan, nan]",,10.755038702817412
D_05_adz_raw_20260302_1141,2026-03-02 11:32:54.541,2026-03-02 11:33:04.147,"[Timestamp('2026-03-02 11:33:04.147000'), Timestamp('2026-03-02 11:33:04.787000'), Timestamp('2026-03-02 11:33:04.887000'), Timestamp('2026-03-02 11:33:05.127000'), Timestamp('2026-03-02 11:33:05.147000'), Timestamp('2026-03-02 11:33:06.066000'), Timestamp('2026-03-02 11:33:06.476000'), Timestamp('2026-03-02 11:33:06.526000'), Timestamp('2026-03-02 11:33:06.676000'), Timestamp('2026-03-02 11:33:06.916000'), Timestamp('2026-03-02 11:33:06.996000'), Timestamp('2026-03-02 11:33:07.396000'), Timestamp('2026-03-02 11:33:07.676000'), Timestamp('2026-03-02 11:33:08.185000'), Timestamp('2026-03-02 11:33:08.605000'), Timestamp('2026-03-02 11:33:09.055000'), Timestamp('2026-03-02 11:33:09.205000'), Timestamp('2026-03-02 11:33:09.445000'), Timestamp('2026-03-02 11:33:09.525000'), Timestamp('2026-03-02 11:33:09.885000'), Timestamp('2026-03-02 11:33:10.175000'), Timestamp('2026-03-02 11:33:10.685000'), Timestamp('2026-03-02 11:33:11.523000'), Timestamp('2026-03-02 11:33:11.723000'), Timestamp('2026-03-02 11:33:11.843000'), Timestamp('2026-03-02 11:33:11.963000'), Timestamp('2026-03-02 11:33:12.403000'), Timestamp('2026-03-02 11:33:12.783000'), Timestamp('2026-03-02 11:33:13.372000'), Timestamp('2026-03-02 11:33:13.772000'), Timestamp('2026-03-02 11:33:14.282000')]","[0.64, 0.1, 0.24, 0.02, 0.919, 0.41, 0.05, 0.15, 0.24, 0.08, 0.4, 0.28, 0.509, 0.42, 0.45, 0.15, 0.24, 0.08, 0.36, 0.29, 0.51, 0.838, 0.2, 0.12, 0.12, 0.44, 0.38, 0.589, 0.4, 0.51]","[nan, nan, nan, nan, nan, nan, nan, nan, nan, nan, nan, nan, nan, nan, nan, nan, nan]","[nan, nan, nan, nan, nan, nan, nan, nan, nan, nan, nan, nan, nan, nan, nan, nan, nan]",,10.755038702817412
D_05_adz_raw_20260302_1207,2026-03-02 11:57:29.398,2026-03-02 11:57:39.016,"[Timestamp('2026-03-02 11:57:39.016000'), Timestamp('2026-03-02 11:57:39.546000'), Timestamp('2026-03-02 11:57:39.806000'), Timestamp('2026-03-02 11:57:40.466000'), Timestamp('2026-03-02 11:57:40.866000'), Timestamp('2026-03-02 11:57:41.396000'), Timestamp('2026-03-02 11:57:41.586000'), Timestamp('2026-03-02 11:57:41.646000'), Timestamp('2026-03-02 11:57:41.686000'), Timestamp('2026-03-02 11:57:42.285000'), Timestamp('2026-03-02 11:57:42.705000'), Timestamp('2026-03-02 11:57:42.855000'), Timestamp('2026-03-02 11:57:43.145000'), Timestamp('2026-03-02 11:57:43.215000'), Timestamp('2026-03-02 11:57:43.395000'), Timestamp('2026-03-02 11:57:43.505000'), Timestamp('2026-03-02 11:57:44.084000'), Timestamp('2026-03-02 11:57:44.504000'), Timestamp('2026-03-02 11:57:44.664000'), Timestamp('2026-03-02 11:57:44.774000'), Timestamp('2026-03-02 11:57:44.834000'), Timestamp('2026-03-02 11:57:45.024000'), Timestamp('2026-03-02 11:57:45.204000'), Timestamp('2026-03-02 11:57:45.873000'), Timestamp('2026-03-02 11:57:46.323000'), Timestamp('2026-03-02 11:57:46.473000'), Timestamp('2026-03-02 11:57:46.833000'), Timestamp('2026-03-02 11:57:47.013000'), Timestamp('2026-03-02 11:57:47.722000'), Timestamp('2026-03-02 11:57:48.132000'), Timestamp('2026-03-02 11:57:48.262000'), Timestamp('2026-03-02 11:57:48.842000'), Timestamp('2026-03-02 11:57:49.412000'), Timestamp('2026-03-02 11:57:49.892000'), Timestamp('2026-03-02 11:57:50.092000'), Timestamp('2026-03-02 11:57:50.821000')]","[0.53, 0.26, 0.66, 0.4, 0.53, 0.19, 0.06, 0.04, 0.599, 0.42, 0.15, 0.29, 0.07, 0.18, 0.11, 0.579, 0.42, 0.16, 0.11, 0.06, 0.19, 0.18, 0.669, 0.45, 0.15, 0.36, 0.18, 0.709, 0.41, 0.13, 0.58, 0.57, 0.48, 0.2, 0.729]","[13.396739130434781, 13.396739130434781, 13.324324324324325, 13.694444444444445, 13.042328042328041, 13.77094972067039, 13.324324324324325, 14.085714285714285, 13.77094972067039, 13.042328042328041, 13.694444444444445, 13.324324324324325, 13.396739130434781, 13.042328042328041, 13.360433604336043, 13.360433604336043, 13.433242506811988, 13.433242506811988, 13.007915567282321, 13.732590529247911, 13.076923076923077, 13.80952380952381, 13.324324324324325, 13.694444444444445]","[7.100271739130434, 3.483152173913043, 8.794054054054055, 5.477777777777778, 6.912433862433862, 2.6164804469273744, 0.7994594594594594, 0.5634285714285714, 8.248798882681564, 5.477777777777777, 2.0541666666666667, 3.864054054054054, 0.9377717391304348, 2.3476190476190473, 1.4696476964769647, 7.735691056910568, 5.6419618528610345, 2.149318801089918, 1.4308707124010553, 0.8239554317548746, 2.4846153846153847, 2.4857142857142858, 8.913972972972974, 6.1625000000000005]",97.97549444785115,10.755038702817412
D_05_adz_raw_20260302_1225,2026-03-02 12:11:46.272,2026-03-02 12:11:55.879,"[Timestamp('2026-03-02 12:11:55.879000'), Timestamp('2026-03-02 12:11:56.368000'), Timestamp('2026-03-02 12:11:56.408000'), Timestamp('2026-03-02 12:11:56.508000'), Timestamp('2026-03-02 12:11:56.748000'), Timestamp('2026-03-02 12:11:56.968000'), Timestamp('2026-03-02 12:11:57.228000'), Timestamp('2026-03-02 12:11:57.588000'), Timestamp('2026-03-02 12:11:57.748000'), Timestamp('2026-03-02 12:11:58.887000'), Timestamp('2026-03-02 12:11:59.597000'), Timestamp('2026-03-02 12:12:00.127000'), Timestamp('2026-03-02 12:12:00.237000'), Timestamp('2026-03-02 12:12:00.917000'), Timestamp('2026-03-02 12:12:01.447000'), Timestamp('2026-03-02 12:12:01.547000'), Timestamp('2026-03-02 12:12:02.237000'), Timestamp('2026-03-02 12:12:02.767000'), Timestamp('2026-03-02 12:12:02.877000'), Timestamp('2026-03-02 12:12:03.577000'), Timestamp('2026-03-02 12:12:04.117000'), Timestamp('2026-03-02 12:12:04.227000'), Timestamp('2026-03-02 12:12:04.927000'), Timestamp('2026-03-02 12:12:05.417000'), Timestamp('2026-03-02 12:12:05.457000'), Timestamp('2026-03-02 12:12:05.567000'), Timestamp('2026-03-02 12:12:06.267000'), Timestamp('2026-03-02 12:12:06.797000'), Timestamp('2026-03-02 12:12:06.897000'), Timestamp('2026-03-02 12:12:07.607000'), Timestamp('2026-03-02 12:12:08.137000'), Timestamp('2026-03-02 12:12:08.247000'), Timestamp('2026-03-02 12:12:08.947000'), Timestamp('2026-03-02 12:12:09.477000'), Timestamp('2026-03-02 12:12:09.587000'), Timestamp('2026-03-02 12:12:10.267000'), Timestamp('2026-03-02 12:12:10.817000'), Timestamp('2026-03-02 12:12:10.927000'), Timestamp('2026-03-02 12:12:11.607000'), Timestamp('2026-03-02 12:12:12.137000'), Timestamp('2026-03-02 12:12:12.247000'), Timestamp('2026-03-02 12:12:12.937000'), Timestamp('2026-03-02 12:12:13.477000'), Timestamp('2026-03-02 12:12:13.577000'), Timestamp('2026-03-02 12:12:14.257000'), Timestamp('2026-03-02 12:12:14.807000'), Timestamp('2026-03-02 12:12:14.907000'), Timestamp('2026-03-02 12:12:15.597000'), Timestamp('2026-03-02 12:12:16.227000'), Timestamp('2026-03-02 12:12:16.927000'), Timestamp('2026-03-02 12:12:17.457000'), Timestamp('2026-03-02 12:12:17.557000'), Timestamp('2026-03-02 12:12:18.257000'), Timestamp('2026-03-02 12:12:18.787000'), Timestamp('2026-03-02 12:12:18.897000'), Timestamp('2026-03-02 12:12:19.587000'), Timestamp('2026-03-02 12:12:20.077000'), Timestamp('2026-03-02 12:12:20.117000'), Timestamp('2026-03-02 12:12:20.227000'), Timestamp('2026-03-02 12:12:20.897000'), Timestamp('2026-03-02 12:12:21.417000'), Timestamp('2026-03-02 12:12:21.527000'), Timestamp('2026-03-02 12:12:22.197000'), Timestamp('2026-03-02 12:12:22.727000'), Timestamp('2026-03-02 12:12:22.837000'), Timestamp('2026-03-02 12:12:23.537000'), Timestamp('2026-03-02 12:12:24.057000'), Timestamp('2026-03-02 12:12:24.916000')]","[0.489, 0.04, 0.1, 0.24, 0.22, 0.26, 0.36, 0.16, 1.139, 0.71, 0.53, 0.11, 0.68, 0.53, 0.1, 0.69, 0.53, 0.11, 0.7, 0.54, 0.11, 0.7, 0.49, 0.04, 0.11, 0.7, 0.53, 0.1, 0.71, 0.53, 0.11, 0.7, 0.53, 0.11, 0.68, 0.55, 0.11, 0.68, 0.53, 0.11, 0.69, 0.54, 0.1, 0.68, 0.55, 0.1, 0.69, 0.63, 0.7, 0.53, 0.1, 0.7, 0.53, 0.11, 0.69, 0.49, 0.04, 0.11, 0.67, 0.52, 0.11, 0.67, 0.53, 0.11, 0.7, 0.52, 0.859]","[12.973684210526315, 11.995133819951338, 12.576530612244897, 12.838541666666666, 12.805194805194803, 12.7720207253886, 13.007915567282321, 12.355889724310776, 12.838541666666666, 12.838541666666666, 13.111702127659573, 12.7720207253886, 12.608695652173912, 13.288409703504042, 12.872062663185378, 12.872062663185378, 13.360433604336043, 13.007915567282321, 12.939632545931758, 12.939632545931758, 13.076923076923077, 13.076923076923077, 13.007915567282321, 13.007915567282321, 13.146666666666667, 13.146666666666667, 13.076923076923077, 13.076923076923077, 13.217158176943698, 13.217158176943698, 13.506849315068493, 13.146666666666667, 13.324324324324325, 13.324324324324325, 13.25268817204301, 13.25268817204301, 13.076923076923077, 13.076923076923077, 13.360433604336043, 13.360433604336043, 13.543956043956044, 13.181818181818182, 13.469945355191257, 13.469945355191257, 13.288409703504042, 13.288409703504042, 13.217158176943698, 13.581267217630854, 13.360433604336043, 13.360433604336043, 13.656509695290858, 12.939632545931758, 13.469945355191257, 13.469945355191257, 13.396739130434781, 13.396739130434781, 13.543956043956044, 13.543956043956044, 13.469945355191257, 13.848314606741573, 13.61878453038674, 13.61878453038674, 13.926553672316384, 13.543956043956044, 13.732590529247911, 13.732590529247911, 13.656509695290858, 13.656509695290858, 13.848314606741573, 13.848314606741573, 13.77094972067039, 13.77094972067039, 13.96600566572238, 13.96600566572238, 13.887323943661972, 13.887323943661972, 14.045584045584045, 14.045584045584045, 13.96600566572238, 13.581267217630854, 14.126074498567336, 14.126074498567336, 13.656509695290858, 14.045584045584045, 13.848314606741573, 13.848314606741573]","[6.344131578947368, 0.47980535279805353, 1.2576530612244898, 3.08125, 2.8171428571428567, 3.320725388601036, 4.682849604221635, 1.9769423558897243, 14.623098958333333, 9.115364583333333, 6.949202127659574, 1.404922279792746, 8.57391304347826, 7.042857142857143, 1.287206266318538, 8.88172323759791, 7.081029810298103, 1.4308707124010553, 9.05774278215223, 6.98740157480315, 1.4384615384615385, 9.153846153846153, 6.373878627968337, 0.5203166226912929, 1.4461333333333333, 9.202666666666666, 6.930769230769231, 1.3076923076923077, 9.384182305630025, 7.00509383378016, 1.4857534246575341, 9.202666666666666, 7.061891891891892, 1.4656756756756757, 9.011827956989247, 7.288978494623656, 1.4384615384615385, 8.892307692307693, 7.081029810298103, 1.4696476964769647, 9.345329670329669, 7.118181818181818, 1.3469945355191257, 9.159562841530056, 7.308625336927224, 1.3288409703504043, 9.119839142091152, 8.556198347107438, 9.35230352303523, 7.081029810298103, 1.365650969529086, 9.05774278215223, 7.139071038251367, 1.4816939890710383, 9.243749999999999, 6.5644021739130425, 0.5417582417582417, 1.4898351648351649, 9.024863387978142, 7.201123595505618, 1.4980662983425415, 9.124585635359116, 7.381073446327684, 1.4898351648351649, 9.612813370473537, 7.140947075208914, 11.730941828254846]",384.3621743439045,10.755038702817412
D_05_adz_raw_20260302_1235,2026-03-02 12:28:06.858,2026-03-02 12:28:18.113,"[Timestamp('2026-03-02 12:28:18.113000'), Timestamp('2026-03-02 12:28:18.543000'), Timestamp('2026-03-02 12:28:18.683000'), Timestamp('2026-03-02 12:28:18.843000'), Timestamp('2026-03-02 12:28:19.343000'), Timestamp('2026-03-02 12:28:20.002000'), Timestamp('2026-03-02 12:28:20.182000'), Timestamp('2026-03-02 12:28:20.951000'), Timestamp('2026-03-02 12:28:21.411000'), Timestamp('2026-03-02 12:28:22'), Timestamp('2026-03-02 12:28:22.170000'), Timestamp('2026-03-02 12:28:22.969000'), Timestamp('2026-03-02 12:28:23.379000'), Timestamp('2026-03-02 12:28:23.519000'), Timestamp('2026-03-02 12:28:23.979000'), Timestamp('2026-03-02 12:28:24.139000'), Timestamp('2026-03-02 12:28:24.759000'), Timestamp('2026-03-02 12:28:25.379000'), Timestamp('2026-03-02 12:28:25.609000'), Timestamp('2026-03-02 12:28:26.278000')]","[0.43, 0.14, 0.16, 0.5, 0.659, 0.18, 0.769, 0.46, 0.589, 0.17, 0.799, 0.41, 0.14, 0.46, 0.16, 0.62, 0.62, 0.23, 0.669]","[nan, nan, nan, nan, nan, nan, nan, nan, nan, nan, nan, nan, nan, nan, nan, nan, nan, nan, nan, nan]","[nan, nan, nan, nan, nan, nan, nan, nan, nan, nan, nan, nan, nan, nan, nan, nan, nan, nan, nan]",,10.755038702817412
D_05_adz_raw_20260302_1250,2026-03-02 12:41:21.907,2026-03-02 12:41:31.675,"[Timestamp('2026-03-02 12:41:31.675000'), Timestamp('2026-03-02 12:41:32.085000'), Timestamp('2026-03-02 12:41:32.125000'), Timestamp('2026-03-02 12:41:32.245000'), Timestamp('2026-03-02 12:41:32.515000'), Timestamp('2026-03-02 12:41:32.895000'), Timestamp('2026-03-02 12:41:33.145000'), Timestamp('2026-03-02 12:41:33.515000'), Timestamp('2026-03-02 12:41:33.555000'), Timestamp('2026-03-02 12:41:33.615000'), Timestamp('2026-03-02 12:41:33.715000'), Timestamp('2026-03-02 12:41:33.755000'), Timestamp('2026-03-02 12:41:34.655000'), Timestamp('2026-03-02 12:41:34.685000'), Timestamp('2026-03-02 12:41:34.855000'), Timestamp('2026-03-02 12:41:35.185000'), Timestamp('2026-03-02 12:41:35.325000'), Timestamp('2026-03-02 12:41:35.375000'), Timestamp('2026-03-02 12:41:35.915000'), Timestamp('2026-03-02 12:41:36.655000'), Timestamp('2026-03-02 12:41:36.705000'), Timestamp('2026-03-02 12:41:36.805000'), Timestamp('2026-03-02 12:41:37.325000'), Timestamp('2026-03-02 12:41:38.024000'), Timestamp('2026-03-02 12:41:38.484000'), Timestamp('2026-03-02 12:41:38.614000'), Timestamp('2026-03-02 12:41:39.294000'), Timestamp('2026-03-02 12:41:40.034000'), Timestamp('2026-03-02 12:41:40.634000'), Timestamp('2026-03-02 12:41:41.124000'), Timestamp('2026-03-02 12:41:41.234000'), Timestamp('2026-03-02 12:41:41.264000'), Timestamp('2026-03-02 12:41:41.993000'), Timestamp('2026-03-02 12:41:42.603000'), Timestamp('2026-03-02 12:41:42.653000'), Timestamp('2026-03-02 12:41:42.713000'), Timestamp('2026-03-02 12:41:42.753000'), Timestamp('2026-03-02 12:41:43.283000'), Timestamp('2026-03-02 12:41:43.853000'), Timestamp('2026-03-02 12:41:44.602000'), Timestamp('2026-03-02 12:41:44.642000'), Timestamp('2026-03-02 12:41:45.501000')]","[0.41, 0.04, 0.12, 0.27, 0.38, 0.25, 0.37, 0.04, 0.06, 0.1, 0.04, 0.9, 0.03, 0.17, 0.33, 0.14, 0.05, 0.54, 0.74, 0.05, 0.1, 0.52, 0.699, 0.46, 0.13, 0.68, 0.74, 0.6, 0.49, 0.11, 0.03, 0.729, 0.61, 0.05, 0.06, 0.04, 0.53, 0.57, 0.749, 0.04, 0.859]","[nan, nan, nan, nan, nan, nan, nan, nan, nan, nan, nan, nan, nan, nan, nan, nan, nan, nan]","[nan, nan, nan, nan, nan, nan, nan, nan, nan, nan, nan, nan, nan, nan, nan, nan, nan, nan]",,10.755038702817412
D_05_adz_raw_20260302_1306,2026-03-02 12:57:44.934,2026-03-02 12:57:55.033,"[Timestamp('2026-03-02 12:57:55.033000'), Timestamp('2026-03-02 12:57:55.513000'), Timestamp('2026-03-02 12:57:55.843000'), Timestamp('2026-03-02 12:57:56.073000'), Timestamp('2026-03-02 12:57:56.383000'), Timestamp('2026-03-02 12:57:56.653000'), Timestamp('2026-03-02 12:57:57.103000'), Timestamp('2026-03-02 12:57:57.293000'), Timestamp('2026-03-02 12:57:58.112000'), Timestamp('2026-03-02 12:57:58.572000'), Timestamp('2026-03-02 12:57:59.202000'), Timestamp('2026-03-02 12:57:59.372000'), Timestamp('2026-03-02 12:58:00.141000'), Timestamp('2026-03-02 12:58:00.591000'), Timestamp('2026-03-02 12:58:01.191000'), Timestamp('2026-03-02 12:58:01.341000'), Timestamp('2026-03-02 12:58:01.931000'), Timestamp('2026-03-02 12:58:02.531000'), Timestamp('2026-03-02 12:58:02.751000'), Timestamp('2026-03-02 12:58:03.441000')]","[0.48, 0.33, 0.23, 0.31, 0.27, 0.45, 0.19, 0.819, 0.46, 0.63, 0.17, 0.769, 0.45, 0.6, 0.15, 0.59, 0.6, 0.22, 0.69]","[11.966019417475726, 12.2636815920398, 12.113022113022112, 12.739018087855296, 12.512690355329948, 12.838541666666666, 13.181818181818182, 13.181818181818182, 13.25268817204301, 13.61878453038674, 14.005681818181818, 13.61878453038674, 14.085714285714285, 13.694444444444445, 14.045584045584045, 14.045584045584045]","[5.743689320388349, 4.0470149253731345, 2.785995085995086, 3.949095607235142, 3.378426395939086, 5.77734375, 2.5045454545454544, 10.79590909090909, 6.0962365591397845, 8.579834254143647, 2.3809659090909094, 10.472845303867404, 6.338571428571429, 8.216666666666667, 2.1068376068376065, 8.286894586894586]",91.46087194559738,10.755038702817412
D_05_adz_raw_20260302_1336,2026-03-02 13:27:46.918,2026-03-02 13:27:56.598,"[Timestamp('2026-03-02 13:27:56.598000'), Timestamp('2026-03-02 13:27:57.068000'), Timestamp('2026-03-02 13:27:57.398000'), Timestamp('2026-03-02 13:27:57.618000'), Timestamp('2026-03-02 13:27:57.918000'), Timestamp('2026-03-02 13:27:58.178000'), Timestamp('2026-03-02 13:27:58.578000'), Timestamp('2026-03-02 13:27:58.808000'), Timestamp('2026-03-02 13:27:59.627000'), Timestamp('2026-03-02 13:28:00.077000'), Timestamp('2026-03-02 13:28:00.697000'), Timestamp('2026-03-02 13:28:00.737000'), Timestamp('2026-03-02 13:28:00.867000'), Timestamp('2026-03-02 13:28:01.617000'), Timestamp('2026-03-02 13:28:02.077000'), Timestamp('2026-03-02 13:28:02.677000'), Timestamp('2026-03-02 13:28:02.847000'), Timestamp('2026-03-02 13:28:03.437000'), Timestamp('2026-03-02 13:28:04.057000'), Timestamp('2026-03-02 13:28:04.277000'), Timestamp('2026-03-02 13:28:04.927000')]","[0.47, 0.33, 0.22, 0.3, 0.26, 0.4, 0.23, 0.819, 0.45, 0.62, 0.04, 0.13, 0.75, 0.46, 0.6, 0.17, 0.59, 0.62, 0.22, 0.65]","[12.294264339152118, 12.294264339152118, 12.7720207253886, 12.481012658227847, 12.576530612244897, 12.905759162303664, 13.25268817204301, 13.25268817204301, 13.324324324324325, 13.324324324324325, 12.973684210526315, 13.324324324324325, 13.77094972067039, 13.77094972067039, 13.77094972067039, 13.396739130434781]","[5.778304239401495, 4.057107231920199, 2.809844559585492, 3.744303797468354, 3.269897959183673, 5.162303664921466, 3.0481182795698922, 10.853951612903225, 5.995945945945946, 8.26108108108108, 0.5189473684210526, 1.7321621621621623, 10.328212290502794, 6.33463687150838, 8.262569832402233, 2.277445652173913]",82.43483254915137,10.755038702817412
D_05_adz_raw_20260302_1348,2026-03-02 13:37:15.850,2026-03-02 13:37:21.474,"[Timestamp('2026-03-02 13:37:21.474000'), Timestamp('2026-03-02 13:37:21.864000'), Timestamp('2026-03-02 13:37:21.904000'), Timestamp('2026-03-02 13:37:22.014000'), Timestamp('2026-03-02 13:37:22.254000'), Timestamp('2026-03-02 13:37:22.504000'), Timestamp('2026-03-02 13:37:22.934000'), Timestamp('2026-03-02 13:37:23.164000'), Timestamp('2026-03-02 13:37:23.344000'), Timestamp('2026-03-02 13:37:23.394000'), Timestamp('2026-03-02 13:37:24.614000'), Timestamp('2026-03-02 13:37:24.884000'), Timestamp('2026-03-02 13:37:24.934000'), Timestamp('2026-03-02 13:37:25.554000'), Timestamp('2026-03-02 13:37:25.594000'), Timestamp('2026-03-02 13:37:25.984000'), Timestamp('2026-03-02 13:37:26.114000'), Timestamp('2026-03-02 13:37:27.184000'), Timestamp('2026-03-02 13:37:27.234000'), Timestamp('2026-03-02 13:37:27.294000'), Timestamp('2026-03-02 13:37:27.714000'), Timestamp('2026-03-02 13:37:27.764000'), Timestamp('2026-03-02 13:37:28.384000'), Timestamp('2026-03-02 13:37:28.424000'), Timestamp('2026-03-02 13:37:29.014000'), Timestamp('2026-03-02 13:37:29.454000'), Timestamp('2026-03-02 13:37:29.844000'), Timestamp('2026-03-02 13:37:29.954000'), Timestamp('2026-03-02 13:37:30.674000'), Timestamp('2026-03-02 13:37:31.104000'), Timestamp('2026-03-02 13:37:31.614000'), Timestamp('2026-03-02 13:37:32.334000'), Timestamp('2026-03-02 13:37:32.784000'), Timestamp('2026-03-02 13:37:33.154000'), Timestamp('2026-03-02 13:37:33.264000'), Timestamp('2026-03-02 13:37:33.984000'), Timestamp('2026-03-02 13:37:34.414000'), Timestamp('2026-03-02 13:37:34.804000'), Timestamp('2026-03-02 13:37:34.914000'), Timestamp('2026-03-02 13:37:35.634000'), Timestamp('2026-03-02 13:37:36.064000'), Timestamp('2026-03-02 13:37:36.454000'), Timestamp('2026-03-02 13:37:36.564000'), Timestamp('2026-03-02 13:37:37.274000'), Timestamp('2026-03-02 13:37:37.734000'), Timestamp('2026-03-02 13:37:38.054000'), Timestamp('2026-03-02 13:37:38.094000'), Timestamp('2026-03-02 13:37:38.204000'), Timestamp('2026-03-02 13:37:38.914000'), Timestamp('2026-03-02 13:37:39.344000'), Timestamp('2026-03-02 13:37:39.734000'), Timestamp('2026-03-02 13:37:39.844000'), Timestamp('2026-03-02 13:37:40.554000'), Timestamp('2026-03-02 13:37:41.004000'), Timestamp('2026-03-02 13:37:41.364000'), Timestamp('2026-03-02 13:37:41.474000'), Timestamp('2026-03-02 13:37:42.104000'), Timestamp('2026-03-02 13:37:42.134000'), Timestamp('2026-03-02 13:37:42.634000'), Timestamp('2026-03-02 13:37:43.144000'), Timestamp('2026-03-02 13:37:43.184000'), Timestamp('2026-03-02 13:37:43.244000'), Timestamp('2026-03-02 13:37:43.624000'), Timestamp('2026-03-02 13:37:43.714000'), Timestamp('2026-03-02 13:37:43.764000'), Timestamp('2026-03-02 13:37:44.264000'), Timestamp('2026-03-02 13:37:44.764000'), Timestamp('2026-03-02 13:37:44.804000'), Timestamp('2026-03-02 13:37:44.844000'), Timestamp('2026-03-02 13:37:45.424000'), Timestamp('2026-03-02 13:37:45.974000'), Timestamp('2026-03-02 13:37:46.654000'), Timestamp('2026-03-02 13:37:47.194000'), Timestamp('2026-03-02 13:37:47.784000'), Timestamp('2026-03-02 13:37:48.304000'), Timestamp('2026-03-02 13:37:48.824000'), Timestamp('2026-03-02 13:37:48.874000'), Timestamp('2026-03-02 13:37:48.934000'), Timestamp('2026-03-02 13:37:49.074000'), Timestamp('2026-03-02 13:37:49.304000'), Timestamp('2026-03-02 13:37:49.394000'), Timestamp('2026-03-02 13:37:49.444000'), Timestamp('2026-03-02 13:37:50.434000'), Timestamp('2026-03-02 13:37:50.484000'), Timestamp('2026-03-02 13:37:50.534000'), Timestamp('2026-03-02 13:37:50.684000'), Timestamp('2026-03-02 13:37:50.734000'), Timestamp('2026-03-02 13:37:50.874000'), Timestamp('2026-03-02 13:37:50.924000'), Timestamp('2026-03-02 13:37:51.054000'), Timestamp('2026-03-02 13:37:51.114000'), Timestamp('2026-03-02 13:37:51.554000'), Timestamp('2026-03-02 13:37:52.054000'), Timestamp('2026-03-02 13:37:52.094000'), Timestamp('2026-03-02 13:37:52.694000'), Timestamp('2026-03-02 13:37:53.664000'), Timestamp('2026-03-02 13:37:53.714000'), Timestamp('2026-03-02 13:37:53.804000'), Timestamp('2026-03-02 13:37:54.504000')]","[0.39, 0.04, 0.11, 0.24, 0.25, 0.43, 0.23, 0.18, 0.05, 1.22, 0.27, 0.05, 0.62, 0.04, 0.39, 0.13, 1.07, 0.05, 0.06, 0.42, 0.05, 0.62, 0.04, 0.59, 0.44, 0.39, 0.11, 0.72, 0.43, 0.51, 0.72, 0.45, 0.37, 0.11, 0.72, 0.43, 0.39, 0.11, 0.72, 0.43, 0.39, 0.11, 0.71, 0.46, 0.32, 0.04, 0.11, 0.71, 0.43, 0.39, 0.11, 0.71, 0.45, 0.36, 0.11, 0.63, 0.03, 0.5, 0.51, 0.04, 0.06, 0.38, 0.09, 0.05, 0.5, 0.5, 0.04, 0.04, 0.58, 0.55, 0.68, 0.54, 0.59, 0.52, 0.52, 0.05, 0.06, 0.14, 0.23, 0.09, 0.05, 0.99, 0.05, 0.05, 0.15, 0.05, 0.14, 0.05, 0.13, 0.06, 0.44, 0.5, 0.04, 0.6, 0.97, 0.05, 0.09, 0.7]","[nan, nan, nan, nan, nan, nan, nan, nan, nan, nan, nan, nan, nan, nan, nan, nan, nan, nan, nan, nan, nan, nan, nan, nan, nan, nan, nan, nan, nan, nan, nan, nan, nan, nan, nan, nan, nan, nan, nan, nan, nan, nan, nan, nan, nan, nan, nan, nan, nan, nan, nan, nan, nan, nan, nan, nan, nan, nan, nan, nan, nan, nan, nan, nan, nan, nan, nan, nan, nan, nan, nan, nan, nan, nan, nan, nan, nan, nan, nan, nan, nan]","[nan, nan, nan, nan, nan, nan, nan, nan, nan, nan, nan, nan, nan, nan, nan, nan, nan, nan, nan, nan, nan, nan, nan, nan, nan, nan, nan, nan, nan, nan, nan, nan, nan, nan, nan, nan, nan, nan, nan, nan, nan, nan, nan, nan, nan, nan, nan, nan, nan, nan, nan, nan, nan, nan, nan, nan, nan, nan, nan, nan, nan, nan, nan, nan, nan, nan, nan, nan, nan, nan, nan, nan, nan, nan, nan, nan, nan, nan, nan, nan, nan]",,10.755038702817412
D_05_adz_raw_20260302_1405,2026-03-02 13:57:25.683,2026-03-02 13:57:37.012,"[Timestamp('2026-03-02 13:57:37.012000'), Timestamp('2026-03-02 13:57:37.502000'), Timestamp('2026-03-02 13:57:37.772000'), Timestamp('2026-03-02 13:57:37.982000'), Timestamp('2026-03-02 13:57:38.252000'), Timestamp('2026-03-02 13:57:38.882000'), Timestamp('2026-03-02 13:57:39.042000'), Timestamp('2026-03-02 13:57:39.782000'), Timestamp('2026-03-02 13:57:40.212000'), Timestamp('2026-03-02 13:57:40.802000'), Timestamp('2026-03-02 13:57:40.962000'), Timestamp('2026-03-02 13:57:41.682000'), Timestamp('2026-03-02 13:57:42.142000'), Timestamp('2026-03-02 13:57:42.722000'), Timestamp('2026-03-02 13:57:42.882000'), Timestamp('2026-03-02 13:57:43.432000'), Timestamp('2026-03-02 13:57:44.082000'), Timestamp('2026-03-02 13:57:44.302000'), Timestamp('2026-03-02 13:57:44.982000')]","[0.49, 0.27, 0.21, 0.27, 0.63, 0.16, 0.74, 0.43, 0.59, 0.16, 0.72, 0.46, 0.58, 0.16, 0.55, 0.65, 0.22, 0.68]","[13.887323943661972, 13.887323943661972, 13.694444444444445, 13.694444444444445, 13.80952380952381, 13.80952380952381, 13.80952380952381, 14.207492795389049, 14.289855072463768, 13.887323943661972, 13.887323943661972, 13.887323943661972, 13.96600566572238, 13.96600566572238, 13.581267217630854, 13.96600566572238]","[6.804788732394366, 3.7495774647887328, 2.8758333333333335, 3.6975000000000002, 8.700000000000001, 2.2095238095238097, 10.21904761904762, 6.109221902017291, 8.431014492753622, 2.2219718309859156, 9.99887323943662, 6.388169014084507, 8.10028328611898, 2.234560906515581, 7.469696969696971, 9.077903682719548]",98.2879662834169,10.755038702817412
D_05_adz_raw_20260302_1436,2026-03-02 14:27:28.915,2026-03-02 14:27:37.966,"[Timestamp('2026-03-02 14:27:37.966000'), Timestamp('2026-03-02 14:27:38.476000'), Timestamp('2026-03-02 14:27:39.106000'), Timestamp('2026-03-02 14:27:39.326000'), Timestamp('2026-03-02 14:27:39.976000'), Timestamp('2026-03-02 14:27:40.356000'), Timestamp('2026-03-02 14:27:40.886000'), Timestamp('2026-03-02 14:27:41.066000'), Timestamp('2026-03-02 14:27:41.746000'), Timestamp('2026-03-02 14:27:42.176000'), Timestamp('2026-03-02 14:27:42.326000'), Timestamp('2026-03-02 14:27:42.716000'), Timestamp('2026-03-02 14:27:42.876000'), Timestamp('2026-03-02 14:27:43.536000'), Timestamp('2026-03-02 14:27:43.976000'), Timestamp('2026-03-02 14:27:44.496000'), Timestamp('2026-03-02 14:27:44.676000'), Timestamp('2026-03-02 14:27:45.366000'), Timestamp('2026-03-02 14:27:45.776000'), Timestamp('2026-03-02 14:27:45.916000'), Timestamp('2026-03-02 14:27:46.286000'), Timestamp('2026-03-02 14:27:46.466000'), Timestamp('2026-03-02 14:27:47.156000'), Timestamp('2026-03-02 14:27:47.576000'), Timestamp('2026-03-02 14:27:48.286000'), Timestamp('2026-03-02 14:27:48.836000'), Timestamp('2026-03-02 14:27:49.346000'), Timestamp('2026-03-02 14:27:49.546000'), Timestamp('2026-03-02 14:27:50.156000')]","[0.51, 0.63, 0.22, 0.65, 0.38, 0.53, 0.18, 0.68, 0.43, 0.15, 0.39, 0.16, 0.66, 0.44, 0.52, 0.18, 0.69, 0.41, 0.14, 0.37, 0.18, 0.69, 0.42, 0.71, 0.55, 0.51, 0.2, 0.61]","[nan, nan, nan, nan, nan, nan, nan, nan, nan, nan, nan, nan, nan, nan, nan, nan, nan, nan, nan, nan, nan, nan, nan, nan]","[nan, nan, nan, nan, nan, nan, nan, nan, nan, nan, nan, nan, nan, nan, nan, nan, nan, nan, nan, nan, nan, nan, nan, nan]",,10.755038702817412
D_05_adz_raw_20260302_1506,2026-03-02 14:57:32.390,2026-03-02 14:57:42.010,"[Timestamp('2026-03-02 14:57:42.010000'), Timestamp('2026-03-02 14:57:42.580000'), Timestamp('2026-03-02 14:57:42.790000'), Timestamp('2026-03-02 14:57:43.430000'), Timestamp('2026-03-02 14:57:43.830000'), Timestamp('2026-03-02 14:57:44.360000'), Timestamp('2026-03-02 14:57:44.540000'), Timestamp('2026-03-02 14:57:45.240000'), Timestamp('2026-03-02 14:57:45.650000'), Timestamp('2026-03-02 14:57:45.810000'), Timestamp('2026-03-02 14:57:46.170000'), Timestamp('2026-03-02 14:57:46.350000'), Timestamp('2026-03-02 14:57:47.040000'), Timestamp('2026-03-02 14:57:47.440000'), Timestamp('2026-03-02 14:57:47.580000'), Timestamp('2026-03-02 14:57:47.610000'), Timestamp('2026-03-02 14:57:47.960000'), Timestamp('2026-03-02 14:57:48.140000'), Timestamp('2026-03-02 14:57:48.830000'), Timestamp('2026-03-02 14:57:49.230000'), Timestamp('2026-03-02 14:57:49.740000'), Timestamp('2026-03-02 14:57:49.920000'), Timestamp('2026-03-02 14:57:50.030000'), Timestamp('2026-03-02 14:57:50.610000'), Timestamp('2026-03-02 14:57:51.020000'), Timestamp('2026-03-02 14:57:51.120000'), Timestamp('2026-03-02 14:57:51.160000'), Timestamp('2026-03-02 14:57:51.730000'), Timestamp('2026-03-02 14:57:52.270000'), Timestamp('2026-03-02 14:57:52.790000'), Timestamp('2026-03-02 14:57:52.990000'), Timestamp('2026-03-02 14:57:53.650000')]","[0.57, 0.21, 0.64, 0.4, 0.53, 0.18, 0.7, 0.41, 0.16, 0.36, 0.18, 0.69, 0.4, 0.14, 0.03, 0.35, 0.18, 0.69, 0.4, 0.51, 0.18, 0.11, 0.58, 0.41, 0.1, 0.04, 0.57, 0.54, 0.52, 0.2, 0.66]","[nan, nan, nan, nan, nan, nan, nan, nan, nan, nan, nan, nan, nan, nan, nan, nan, nan, nan, nan, nan, nan, nan, nan, nan]","[nan, nan, nan, nan, nan, nan, nan, nan, nan, nan, nan, nan, nan, nan, nan, nan, nan, nan, nan, nan, nan, nan, nan, nan]",,10.755038702817412
D_05_adz_raw_20260302_1534,2026-03-02 15:18:48.403,2026-03-02 15:18:58.323,"[Timestamp('2026-03-02 15:18:58.323000'), Timestamp('2026-03-02 15:18:58.513000'), Timestamp('2026-03-02 15:18:58.733000'), Timestamp('2026-03-02 15:18:59.143000'), Timestamp('2026-03-02 15:18:59.243000'), Timestamp('2026-03-02 15:18:59.463000'), Timestamp('2026-03-02 15:18:59.683000'), Timestamp('2026-03-02 15:18:59.883000'), Timestamp('2026-03-02 15:18:59.903000'), Timestamp('2026-03-02 15:18:59.983000'), Timestamp('2026-03-02 15:19:00.173000'), Timestamp('2026-03-02 15:19:00.613000'), Timestamp('2026-03-02 15:19:00.643000'), Timestamp('2026-03-02 15:19:01.313000'), Timestamp('2026-03-02 15:19:01.353000'), Timestamp('2026-03-02 15:19:01.783000'), Timestamp('2026-03-02 15:19:01.813000'), Timestamp('2026-03-02 15:19:01.843000'), Timestamp('2026-03-02 15:19:02.493000'), Timestamp('2026-03-02 15:19:02.523000'), Timestamp('2026-03-02 15:19:02.963000'), Timestamp('2026-03-02 15:19:02.983000'), Timestamp('2026-03-02 15:19:03.663000'), Timestamp('2026-03-02 15:19:03.693000'), Timestamp('2026-03-02 15:19:04.123000'), Timestamp('2026-03-02 15:19:04.833000'), Timestamp('2026-03-02 15:19:04.873000'), Timestamp('2026-03-02 15:19:04.903000'), Timestamp('2026-03-02 15:19:05.263000'), Timestamp('2026-03-02 15:19:05.303000'), Timestamp('2026-03-02 15:19:05.333000'), Timestamp('2026-03-02 15:19:06.013000'), Timestamp('2026-03-02 15:19:06.043000'), Timestamp('2026-03-02 15:19:06.483000'), Timestamp('2026-03-02 15:19:06.513000'), Timestamp('2026-03-02 15:19:07.183000'), Timestamp('2026-03-02 15:19:07.673000'), Timestamp('2026-03-02 15:19:07.893000'), Timestamp('2026-03-02 15:19:08.363000'), Timestamp('2026-03-02 15:19:08.843000'), Timestamp('2026-03-02 15:19:09.073000'), Timestamp('2026-03-02 15:19:09.513000'), Timestamp('2026-03-02 15:19:09.563000'), Timestamp('2026-03-02 15:19:10.033000'), Timestamp('2026-03-02 15:19:10.273000'), Timestamp('2026-03-02 15:19:10.753000'), Timestamp('2026-03-02 15:19:11.253000'), Timestamp('2026-03-02 15:19:11.463000'), Timestamp('2026-03-02 15:19:11.953000'), Timestamp('2026-03-02 15:19:12.423000'), Timestamp('2026-03-02 15:19:13.123000'), Timestamp('2026-03-02 15:19:13.593000'), Timestamp('2026-03-02 15:19:13.633000'), Timestamp('2026-03-02 15:19:14.303000'), Timestamp('2026-03-02 15:19:14.773000'), Timestamp('2026-03-02 15:19:14.803000'), Timestamp('2026-03-02 15:19:15.493000'), Timestamp('2026-03-02 15:19:15.523000'), Timestamp('2026-03-02 15:19:15.563000'), Timestamp('2026-03-02 15:19:15.953000'), Timestamp('2026-03-02 15:19:15.993000'), Timestamp('2026-03-02 15:19:16.673000'), Timestamp('2026-03-02 15:19:16.703000'), Timestamp('2026-03-02 15:19:17.133000'), Timestamp('2026-03-02 15:19:17.373000'), Timestamp('2026-03-02 15:19:17.783000'), Timestamp('2026-03-02 15:19:17.823000'), Timestamp('2026-03-02 15:19:18.273000'), Timestamp('2026-03-02 15:19:18.973000'), Timestamp('2026-03-02 15:19:19.423000'), Timestamp('2026-03-02 15:19:19.463000'), Timestamp('2026-03-02 15:19:20.143000'), Timestamp('2026-03-02 15:19:20.183000'), Timestamp('2026-03-02 15:19:20.613000'), Timestamp('2026-03-02 15:19:20.643000'), Timestamp('2026-03-02 15:19:21.333000'), Timestamp('2026-03-02 15:19:21.363000'), Timestamp('2026-03-02 15:19:21.793000'), Timestamp('2026-03-02 15:19:21.833000'), Timestamp('2026-03-02 15:19:21.863000'), Timestamp('2026-03-02 15:19:22.523000'), Timestamp('2026-03-02 15:19:22.973000'), Timestamp('2026-03-02 15:19:23.693000'), Timestamp('2026-03-02 15:19:23.733000'), Timestamp('2026-03-02 15:19:24.163000'), Timestamp('2026-03-02 15:19:24.193000'), Timestamp('2026-03-02 15:19:24.883000'), Timestamp('2026-03-02 15:19:24.913000'), Timestamp('2026-03-02 15:19:24.943000'), Timestamp('2026-03-02 15:19:25.343000'), Timestamp('2026-03-02 15:19:26.063000'), Timestamp('2026-03-02 15:19:26.093000'), Timestamp('2026-03-02 15:19:26.523000'), Timestamp('2026-03-02 15:19:26.763000'), Timestamp('2026-03-02 15:19:27.253000'), Timestamp('2026-03-02 15:19:27.283000'), Timestamp('2026-03-02 15:19:27.713000'), Timestamp('2026-03-02 15:19:27.953000'), Timestamp('2026-03-02 15:19:28.433000'), Timestamp('2026-03-02 15:19:28.463000'), Timestamp('2026-03-02 15:19:28.893000'), Timestamp('2026-03-02 15:19:29.613000'), Timestamp('2026-03-02 15:19:30.083000'), Timestamp('2026-03-02 15:19:30.803000'), Timestamp('2026-03-02 15:19:31.313000'), Timestamp('2026-03-02 15:19:31.533000'), Timestamp('2026-03-02 15:19:31.813000'), Timestamp('2026-03-02 15:19:32.173000'), Timestamp('2026-03-02 15:19:32.483000'), Timestamp('2026-03-02 15:19:32.763000'), Timestamp('2026-03-02 15:19:33.613000'), Timestamp('2026-03-02 15:19:33.753000'), Timestamp('2026-03-02 15:19:33.853000'), Timestamp('2026-03-02 15:19:34.503000')]","[0.19, 0.22, 0.41, 0.1, 0.22, 0.22, 0.2, 0.02, 0.08, 0.19, 0.44, 0.03, 0.67, 0.04, 0.43, 0.03, 0.03, 0.65, 0.03, 0.44, 0.02, 0.68, 0.03, 0.43, 0.71, 0.04, 0.03, 0.36, 0.04, 0.03, 0.68, 0.03, 0.44, 0.03, 0.67, 0.49, 0.22, 0.47, 0.48, 0.23, 0.44, 0.05, 0.47, 0.24, 0.48, 0.5, 0.21, 0.49, 0.47, 0.7, 0.47, 0.04, 0.67, 0.47, 0.03, 0.69, 0.03, 0.04, 0.39, 0.04, 0.68, 0.03, 0.43, 0.24, 0.41, 0.04, 0.45, 0.7, 0.45, 0.04, 0.68, 0.04, 0.43, 0.03, 0.69, 0.03, 0.43, 0.04, 0.03, 0.66, 0.45, 0.72, 0.04, 0.43, 0.03, 0.69, 0.03, 0.03, 0.4, 0.72, 0.03, 0.43, 0.24, 0.49, 0.03, 0.43, 0.24, 0.48, 0.03, 0.43, 0.72, 0.47, 0.72, 0.51, 0.22, 0.28, 0.36, 0.31, 0.28, 0.85, 0.14, 0.1, 0.65]","[nan, nan, nan, nan, nan, nan, nan, nan, nan, nan, nan, nan, nan, nan, nan, nan, nan, nan, nan, nan, nan, nan, nan, nan, nan, nan, nan, nan, nan, nan, nan, nan, nan, nan, nan, nan, nan, nan, nan, nan, nan, nan, nan, nan, nan, nan, nan, nan, nan, nan, nan, nan, nan, nan, nan, nan, nan, nan, nan, nan, nan, nan, nan, nan]","[nan, nan, nan, nan, nan, nan, nan, nan, nan, nan, nan, nan, nan, nan, nan, nan, nan, nan, nan, nan, nan, nan, nan, nan, nan, nan, nan, nan, nan, nan, nan, nan, nan, nan, nan, nan, nan, nan, nan, nan, nan, nan, nan, nan, nan, nan, nan, nan, nan, nan, nan, nan, nan, nan, nan, nan, nan, nan, nan, nan, nan, nan, nan, nan]",,10.755038702817412
D_05_adz_raw_20260302_1623,2026-03-02 16:13:25.344,2026-03-02 16:13:35.203,"[Timestamp('2026-03-02 16:13:35.203000'), Timestamp('2026-03-02 16:13:35.683000'), Timestamp('2026-03-02 16:13:36.253000'), Timestamp('2026-03-02 16:13:36.553000'), Timestamp('2026-03-02 16:13:36.923000'), Timestamp('2026-03-02 16:13:37.503000'), Timestamp('2026-03-02 16:13:37.553000'), Timestamp('2026-03-02 16:13:38.093000'), Timestamp('2026-03-02 16:13:39.182000'), Timestamp('2026-03-02 16:13:39.292000'), Timestamp('2026-03-02 16:13:40.052000'), Timestamp('2026-03-02 16:13:41.161000'), Timestamp('2026-03-02 16:13:41.251000'), Timestamp('2026-03-02 16:13:41.931000'), Timestamp('2026-03-02 16:13:42.031000'), Timestamp('2026-03-02 16:13:43.130000'), Timestamp('2026-03-02 16:13:43.380000'), Timestamp('2026-03-02 16:13:44.010000'), Timestamp('2026-03-02 16:13:44.729000'), Timestamp('2026-03-02 16:13:45.109000'), Timestamp('2026-03-02 16:13:45.359000'), Timestamp('2026-03-02 16:13:45.989000'), Timestamp('2026-03-02 16:13:47.198000'), Timestamp('2026-03-02 16:13:47.978000'), Timestamp('2026-03-02 16:13:49.327000'), Timestamp('2026-03-02 16:13:49.867000'), Timestamp('2026-03-02 16:13:49.967000'), Timestamp('2026-03-02 16:13:51.066000'), Timestamp('2026-03-02 16:13:51.166000'), Timestamp('2026-03-02 16:13:51.846000'), Timestamp('2026-03-02 16:13:51.946000'), Timestamp('2026-03-02 16:13:52.445000'), Timestamp('2026-03-02 16:13:53.155000'), Timestamp('2026-03-02 16:13:53.935000'), Timestamp('2026-03-02 16:13:54.424000'), Timestamp('2026-03-02 16:13:55.134000'), Timestamp('2026-03-02 16:13:55.814000'), Timestamp('2026-03-02 16:13:55.914000'), Timestamp('2026-03-02 16:13:56.623000'), Timestamp('2026-03-02 16:13:57.023000'), Timestamp('2026-03-02 16:13:57.113000'), Timestamp('2026-03-02 16:13:57.903000'), Timestamp('2026-03-02 16:13:58.602000'), Timestamp('2026-03-02 16:13:58.992000'), Timestamp('2026-03-02 16:13:59.102000'), Timestamp('2026-03-02 16:13:59.872000'), Timestamp('2026-03-02 16:14:01.071000'), Timestamp('2026-03-02 16:14:01.910000'), Timestamp('2026-03-02 16:14:03.109000'), Timestamp('2026-03-02 16:14:03.159000'), Timestamp('2026-03-02 16:14:04.068000')]","[0.48, 0.57, 0.3, 0.37, 0.58, 0.05, 0.54, 1.089, 0.11, 0.76, 1.109, 0.09, 0.68, 0.1, 1.099, 0.25, 0.63, 0.719, 0.38, 0.25, 0.63, 1.209, 0.78, 1.349, 0.54, 0.1, 1.099, 0.1, 0.68, 0.1, 0.499, 0.71, 0.78, 0.489, 0.71, 0.68, 0.1, 0.709, 0.4, 0.09, 0.79, 0.699, 0.39, 0.11, 0.77, 1.199, 0.839, 1.199, 0.05, 0.909]","[nan, nan, nan, nan, nan, nan, nan, nan, nan, nan, nan, nan, nan, nan, nan, nan, nan, nan, nan, nan, nan, nan, nan, nan, nan, nan, nan, nan, nan, nan, nan, nan, nan, nan, nan, nan, nan, nan, nan, nan]","[nan, nan, nan, nan, nan, nan, nan, nan, nan, nan, nan, nan, nan, nan, nan, nan, nan, nan, nan, nan, nan, nan, nan, nan, nan, nan, nan, nan, nan, nan, nan, nan, nan, nan, nan, nan, nan, nan, nan, nan]",,10.755038702817412
D_05_adz_raw_20260302_1643,2026-03-02 16:32:36.768,2026-03-02 16:32:47.596,"[Timestamp('2026-03-02 16:32:47.596000'), Timestamp('2026-03-02 16:32:48.156000'), Timestamp('2026-03-02 16:32:48.626000'), Timestamp('2026-03-02 16:32:48.876000'), Timestamp('2026-03-02 16:32:49.376000'), Timestamp('2026-03-02 16:32:50.026000'), Timestamp('2026-03-02 16:32:50.186000'), Timestamp('2026-03-02 16:32:50.955000'), Timestamp('2026-03-02 16:32:51.395000'), Timestamp('2026-03-02 16:32:51.975000'), Timestamp('2026-03-02 16:32:52.145000'), Timestamp('2026-03-02 16:32:52.914000'), Timestamp('2026-03-02 16:32:53.324000'), Timestamp('2026-03-02 16:32:53.474000'), Timestamp('2026-03-02 16:32:53.914000'), Timestamp('2026-03-02 16:32:54.074000'), Timestamp('2026-03-02 16:32:54.843000'), Timestamp('2026-03-02 16:32:55.293000'), Timestamp('2026-03-02 16:32:55.473000'), Timestamp('2026-03-02 16:32:55.863000'), Timestamp('2026-03-02 16:32:56.073000'), Timestamp('2026-03-02 16:32:56.543000'), Timestamp('2026-03-02 16:32:56.673000'), Timestamp('2026-03-02 16:32:57.153000'), Timestamp('2026-03-02 16:32:57.173000'), Timestamp('2026-03-02 16:32:57.323000'), Timestamp('2026-03-02 16:32:58.102000'), Timestamp('2026-03-02 16:32:58.522000'), Timestamp('2026-03-02 16:32:58.642000'), Timestamp('2026-03-02 16:32:59.092000'), Timestamp('2026-03-02 16:32:59.252000'), Timestamp('2026-03-02 16:33:00.021000'), Timestamp('2026-03-02 16:33:00.451000'), Timestamp('2026-03-02 16:33:01.031000'), Timestamp('2026-03-02 16:33:01.191000'), Timestamp('2026-03-02 16:33:01.791000'), Timestamp('2026-03-02 16:33:02.411000'), Timestamp('2026-03-02 16:33:02.631000'), Timestamp('2026-03-02 16:33:03.390000')]","[0.56, 0.47, 0.25, 0.5, 0.65, 0.16, 0.769, 0.44, 0.58, 0.17, 0.769, 0.41, 0.15, 0.44, 0.16, 0.769, 0.45, 0.18, 0.39, 0.21, 0.47, 0.13, 0.48, 0.02, 0.15, 0.779, 0.42, 0.12, 0.45, 0.16, 0.769, 0.43, 0.58, 0.16, 0.6, 0.62, 0.22, 0.759]","[13.042328042328041, 13.396739130434781, 13.543956043956044, 13.181818181818182, 13.61878453038674, 13.61878453038674, 13.61878453038674, 13.61878453038674, 13.694444444444445, 13.694444444444445, 14.005681818181818, 13.61878453038674, 14.085714285714285, 13.694444444444445, 13.656509695290858, 13.656509695290858, 13.360433604336043, 13.360433604336043, 13.506849315068493, 13.506849315068493, 13.581267217630854, 13.217158176943698, 13.581267217630854, 13.581267217630854, 13.288409703504042, 13.656509695290858, 13.288409703504042, 13.656509695290858, 13.360433604336043, 13.360433604336043, 13.324324324324325, 13.324324324324325]","[7.303703703703704, 6.296467391304347, 3.385989010989011, 6.590909090909091, 8.852209944751381, 2.1790055248618785, 10.472845303867404, 5.992265193370166, 7.942777777777778, 2.3280555555555558, 10.77036931818182, 5.583701657458564, 2.1128571428571425, 6.025555555555556, 2.1850415512465373, 10.50185595567867, 6.012195121951219, 2.4048780487804877, 5.267671232876713, 2.8364383561643836, 6.383195592286501, 1.7182305630026808, 6.519008264462809, 0.2716253443526171, 1.9932614555256063, 10.638421052631578, 5.5811320754716975, 1.6387811634349028, 6.012195121951219, 2.137669376693767, 10.246405405405406, 5.729459459459459]",173.91417731251963,10.755038702817412
D_05_adz_raw_20260302_1710,2026-03-02 16:57:36.454,2026-03-02 16:57:48.380,"[Timestamp('2026-03-02 16:57:48.380000'), Timestamp('2026-03-02 16:57:48.860000'), Timestamp('2026-03-02 16:57:49.270000'), Timestamp('2026-03-02 16:57:49.889000'), Timestamp('2026-03-02 16:57:50.209000'), Timestamp('2026-03-02 16:57:50.309000'), Timestamp('2026-03-02 16:57:50.639000'), Timestamp('2026-03-02 16:57:50.929000'), Timestamp('2026-03-02 16:57:51.878000'), Timestamp('2026-03-02 16:57:52.368000'), Timestamp('2026-03-02 16:57:53.057000'), Timestamp('2026-03-02 16:57:53.237000'), Timestamp('2026-03-02 16:57:54.106000'), Timestamp('2026-03-02 16:57:54.556000'), Timestamp('2026-03-02 16:57:54.716000'), Timestamp('2026-03-02 16:57:55.186000'), Timestamp('2026-03-02 16:57:55.386000'), Timestamp('2026-03-02 16:57:56.195000'), Timestamp('2026-03-02 16:57:56.625000'), Timestamp('2026-03-02 16:57:56.855000'), Timestamp('2026-03-02 16:57:57.255000'), Timestamp('2026-03-02 16:57:57.475000'), Timestamp('2026-03-02 16:57:57.955000'), Timestamp('2026-03-02 16:57:58.335000'), Timestamp('2026-03-02 16:57:58.575000'), Timestamp('2026-03-02 16:57:58.755000'), Timestamp('2026-03-02 16:57:59.514000'), Timestamp('2026-03-02 16:57:59.954000'), Timestamp('2026-03-02 16:58:00.434000'), Timestamp('2026-03-02 16:58:00.464000'), Timestamp('2026-03-02 16:58:00.544000'), Timestamp('2026-03-02 16:58:00.574000'), Timestamp('2026-03-02 16:58:00.704000'), Timestamp('2026-03-02 16:58:00.814000'), Timestamp('2026-03-02 16:58:01.463000'), Timestamp('2026-03-02 16:58:01.903000'), Timestamp('2026-03-02 16:58:02.483000'), Timestamp('2026-03-02 16:58:02.643000'), Timestamp('2026-03-02 16:58:03.452000'), Timestamp('2026-03-02 16:58:03.872000'), Timestamp('2026-03-02 16:58:04.052000'), Timestamp('2026-03-02 16:58:04.472000'), Timestamp('2026-03-02 16:58:04.652000'), Timestamp('2026-03-02 16:58:05.132000'), Timestamp('2026-03-02 16:58:05.262000'), Timestamp('2026-03-02 16:58:05.752000'), Timestamp('2026-03-02 16:58:05.912000'), Timestamp('2026-03-02 16:58:06.671000'), Timestamp('2026-03-02 16:58:07.111000'), Timestamp('2026-03-02 16:58:07.241000'), Timestamp('2026-03-02 16:58:07.681000'), Timestamp('2026-03-02 16:58:07.861000'), Timestamp('2026-03-02 16:58:08.620000'), Timestamp('2026-03-02 16:58:09.050000'), Timestamp('2026-03-02 16:58:09.620000'), Timestamp('2026-03-02 16:58:09.670000'), Timestamp('2026-03-02 16:58:09.800000'), Timestamp('2026-03-02 16:58:10.400000'), Timestamp('2026-03-02 16:58:11.030000'), Timestamp('2026-03-02 16:58:11.240000'), Timestamp('2026-03-02 16:58:12.059000')]","[0.48, 0.41, 0.619, 0.32, 0.1, 0.33, 0.29, 0.949, 0.49, 0.689, 0.18, 0.869, 0.45, 0.16, 0.47, 0.2, 0.809, 0.43, 0.23, 0.4, 0.22, 0.48, 0.38, 0.24, 0.18, 0.759, 0.44, 0.48, 0.03, 0.08, 0.03, 0.13, 0.11, 0.649, 0.44, 0.58, 0.16, 0.809, 0.42, 0.18, 0.42, 0.18, 0.48, 0.13, 0.49, 0.16, 0.759, 0.44, 0.13, 0.44, 0.18, 0.759, 0.43, 0.57, 0.05, 0.13, 0.6, 0.63, 0.21, 0.819]","[10.579399141630901, 10.81140350877193, 10.670995670995671, 10.9070796460177, 11.230068337129842, 11.230068337129842, 12.053789731051344, 12.053789731051344, 12.14285714285714, 12.449494949494948, 12.7720207253886, 12.7720207253886, 12.838541666666666, 12.512690355329948, 13.181818181818182, 13.543956043956044, 13.288409703504042, 13.288409703504042, 13.469945355191257, 13.111702127659573, 13.581267217630854, 13.581267217630854, 13.543956043956044, 13.543956043956044, 13.61878453038674, 13.61878453038674, 13.217158176943698, 13.581267217630854, 13.288409703504042, 13.288409703504042, 13.656509695290858, 13.656509695290858, 13.396739130434781, 13.396739130434781, 13.217158176943698, 13.217158176943698, 13.694444444444445, 13.324324324324325, 13.656509695290858, 13.656509695290858, 13.360433604336043, 13.007915567282321, 13.360433604336043, 13.360433604336043, 13.433242506811988, 13.433242506811988, 13.396739130434781, 13.396739130434781]","[5.078111587982832, 4.432675438596491, 6.60534632034632, 3.4902654867256637, 1.1230068337129842, 3.705922551252848, 3.4955990220048894, 11.439046454767725, 5.949999999999998, 8.577702020202018, 2.2989637305699477, 11.098886010362694, 5.77734375, 2.0020304568527916, 6.195454545454545, 2.708791208791209, 10.75032345013477, 5.714016172506738, 3.098087431693989, 5.24468085106383, 2.987878787878788, 6.519008264462809, 5.146703296703297, 3.2505494505494505, 2.4513812154696133, 10.336657458563536, 5.815549597855227, 6.519008264462809, 0.39865229110512124, 1.0630727762803234, 0.4096952908587257, 1.7753462603878116, 1.473641304347826, 8.694483695652174, 5.815549597855227, 7.665951742627344, 2.1911111111111112, 10.779378378378379, 5.73573407202216, 2.458171745152354, 5.611382113821138, 2.3414248021108177, 6.4130081300813, 1.7368563685636857, 6.582288828337874, 2.149318801089918, 10.168125, 5.894565217391304]",241.17074718614245,10.755038702817412
D_05_adz_raw_20260302_1739,2026-03-02 17:27:21.312,2026-03-02 17:27:30.830,"[Timestamp('2026-03-02 17:27:30.830000'), Timestamp('2026-03-02 17:27:31.479000'), Timestamp('2026-03-02 17:27:31.719000'), Timestamp('2026-03-02 17:27:32.398000'), Timestamp('2026-03-02 17:27:32.808000'), Timestamp('2026-03-02 17:27:33.368000'), Timestamp('2026-03-02 17:27:33.558000'), Timestamp('2026-03-02 17:27:34.277000'), Timestamp('2026-03-02 17:27:34.707000'), Timestamp('2026-03-02 17:27:35.237000'), Timestamp('2026-03-02 17:27:35.417000'), Timestamp('2026-03-02 17:27:36.136000'), Timestamp('2026-03-02 17:27:36.546000'), Timestamp('2026-03-02 17:27:36.696000'), Timestamp('2026-03-02 17:27:37.006000'), Timestamp('2026-03-02 17:27:37.086000'), Timestamp('2026-03-02 17:27:37.266000'), Timestamp('2026-03-02 17:27:37.975000'), Timestamp('2026-03-02 17:27:38.395000'), Timestamp('2026-03-02 17:27:38.555000'), Timestamp('2026-03-02 17:27:38.655000'), Timestamp('2026-03-02 17:27:38.915000'), Timestamp('2026-03-02 17:27:39.095000'), Timestamp('2026-03-02 17:27:39.804000'), Timestamp('2026-03-02 17:27:40.234000'), Timestamp('2026-03-02 17:27:40.384000'), Timestamp('2026-03-02 17:27:40.954000'), Timestamp('2026-03-02 17:27:41.603000'), Timestamp('2026-03-02 17:27:42.023000'), Timestamp('2026-03-02 17:27:42.243000'), Timestamp('2026-03-02 17:27:42.673000'), Timestamp('2026-03-02 17:27:42.873000'), Timestamp('2026-03-02 17:27:43.533000'), Timestamp('2026-03-02 17:27:43.923000'), Timestamp('2026-03-02 17:27:44.393000'), Timestamp('2026-03-02 17:27:44.463000'), Timestamp('2026-03-02 17:27:44.643000'), Timestamp('2026-03-02 17:27:45.342000'), Timestamp('2026-03-02 17:27:45.772000'), Timestamp('2026-03-02 17:27:45.912000'), Timestamp('2026-03-02 17:27:46.282000'), Timestamp('2026-03-02 17:27:46.462000'), Timestamp('2026-03-02 17:27:47.161000'), Timestamp('2026-03-02 17:27:47.571000'), Timestamp('2026-03-02 17:27:47.721000'), Timestamp('2026-03-02 17:27:48.101000'), Timestamp('2026-03-02 17:27:48.261000'), Timestamp('2026-03-02 17:27:48.960000'), Timestamp('2026-03-02 17:27:49.380000'), Timestamp('2026-03-02 17:27:49.880000'), Timestamp('2026-03-02 17:27:50.060000'), Timestamp('2026-03-02 17:27:50.759000'), Timestamp('2026-03-02 17:27:51.169000'), Timestamp('2026-03-02 17:27:51.319000'), Timestamp('2026-03-02 17:27:51.889000'), Timestamp('2026-03-02 17:27:52.469000'), Timestamp('2026-03-02 17:27:52.939000'), Timestamp('2026-03-02 17:27:53.149000'), Timestamp('2026-03-02 17:27:53.838000')]","[0.649, 0.24, 0.679, 0.41, 0.56, 0.19, 0.719, 0.43, 0.53, 0.18, 0.719, 0.41, 0.15, 0.31, 0.08, 0.18, 0.709, 0.42, 0.16, 0.1, 0.26, 0.18, 0.709, 0.43, 0.15, 0.57, 0.649, 0.42, 0.22, 0.43, 0.2, 0.66, 0.39, 0.47, 0.07, 0.18, 0.699, 0.43, 0.14, 0.37, 0.18, 0.699, 0.41, 0.15, 0.38, 0.16, 0.699, 0.42, 0.5, 0.18, 0.699, 0.41, 0.15, 0.57, 0.58, 0.47, 0.21, 0.689]","[13.111702127659573, 13.111702127659573, 13.433242506811988, 13.076923076923077, 13.506849315068493, 13.146666666666667, 13.111702127659573, 13.469945355191257, 13.181818181818182, 13.181818181818182, 13.506849315068493, 13.506849315068493, 13.581267217630854, 13.217158176943698, 13.146666666666667, 13.506849315068493, 13.581267217630854, 13.581267217630854, 13.506849315068493, 13.506849315068493, 13.217158176943698, 13.581267217630854, 13.506849315068493, 13.146666666666667, 13.288409703504042, 13.288409703504042, 13.25268817204301, 13.25268817204301, 13.324324324324325, 12.973684210526315, 13.25268817204301, 13.25268817204301, 13.324324324324325, 13.324324324324325, 13.25268817204301, 13.25268817204301, 13.324324324324325, 13.324324324324325, 13.217158176943698, 13.217158176943698, 13.288409703504042, 13.288409703504042, 13.217158176943698, 12.872062663185378, 12.939632545931758, 12.939632545931758, 13.217158176943698, 13.217158176943698]","[8.509494680851063, 3.1468085106382975, 9.12117166212534, 5.361538461538461, 7.5638356164383564, 2.4978666666666665, 9.427313829787233, 5.7920765027322405, 6.986363636363636, 2.3727272727272726, 9.711424657534247, 5.537808219178082, 2.037190082644628, 4.097319034852546, 1.0517333333333334, 2.4312328767123286, 9.629118457300276, 5.704132231404959, 2.1610958904109587, 1.3506849315068494, 3.4364611260053617, 2.4446280991735536, 9.576356164383562, 5.653066666666667, 1.9932614555256063, 7.574393530997304, 8.600994623655914, 5.566129032258064, 2.9313513513513514, 5.5786842105263155, 2.650537634408602, 8.746774193548386, 5.196486486486487, 6.2624324324324325, 0.9276881720430108, 2.3854838709677417, 9.313702702702702, 5.729459459459459, 1.850402144772118, 4.890348525469168, 2.3919137466307276, 9.288598382749324, 5.419034852546916, 1.9308093994778066, 4.917060367454068, 2.0703412073490814, 9.238793565683645, 5.551206434316353]",246.60733639378847,10.755038702817412
D_05_adz_raw_20260302_1809,2026-03-02 17:57:15.693,2026-03-02 17:57:26.756,"[Timestamp('2026-03-02 17:57:26.756000'), Timestamp('2026-03-02 17:57:27.345000'), Timestamp('2026-03-02 17:57:27.824000'), Timestamp('2026-03-02 17:57:28.184000'), Timestamp('2026-03-02 17:57:28.753000'), Timestamp('2026-03-02 17:57:29.023000'), Timestamp('2026-03-02 17:57:29.443000'), Timestamp('2026-03-02 17:57:29.683000'), Timestamp('2026-03-02 17:57:30.542000'), Timestamp('2026-03-02 17:57:30.992000'), Timestamp('2026-03-02 17:57:31.621000'), Timestamp('2026-03-02 17:57:31.811000'), Timestamp('2026-03-02 17:57:32.640000'), Timestamp('2026-03-02 17:57:33.080000'), Timestamp('2026-03-02 17:57:33.220000'), Timestamp('2026-03-02 17:57:33.680000'), Timestamp('2026-03-02 17:57:33.850000'), Timestamp('2026-03-02 17:57:34.669000'), Timestamp('2026-03-02 17:57:35.129000'), Timestamp('2026-03-02 17:57:35.299000'), Timestamp('2026-03-02 17:57:35.719000'), Timestamp('2026-03-02 17:57:35.909000'), Timestamp('2026-03-02 17:57:36.009000'), Timestamp('2026-03-02 17:57:36.399000'), Timestamp('2026-03-02 17:57:36.529000'), Timestamp('2026-03-02 17:57:36.579000'), Timestamp('2026-03-02 17:57:37.019000'), Timestamp('2026-03-02 17:57:37.199000'), Timestamp('2026-03-02 17:57:38.008000'), Timestamp('2026-03-02 17:57:38.418000'), Timestamp('2026-03-02 17:57:38.548000'), Timestamp('2026-03-02 17:57:38.988000'), Timestamp('2026-03-02 17:57:39.178000'), Timestamp('2026-03-02 17:57:39.957000'), Timestamp('2026-03-02 17:57:40.387000'), Timestamp('2026-03-02 17:57:40.986000'), Timestamp('2026-03-02 17:57:41.156000'), Timestamp('2026-03-02 17:57:41.985000'), Timestamp('2026-03-02 17:57:42.405000'), Timestamp('2026-03-02 17:57:42.595000'), Timestamp('2026-03-02 17:57:43.015000'), Timestamp('2026-03-02 17:57:43.205000'), Timestamp('2026-03-02 17:57:43.695000'), Timestamp('2026-03-02 17:57:43.825000'), Timestamp('2026-03-02 17:57:44.285000'), Timestamp('2026-03-02 17:57:44.495000'), Timestamp('2026-03-02 17:57:45.294000'), Timestamp('2026-03-02 17:57:45.714000'), Timestamp('2026-03-02 17:57:46.293000'), Timestamp('2026-03-02 17:57:46.473000'), Timestamp('2026-03-02 17:57:47.242000'), Timestamp('2026-03-02 17:57:47.672000'), Timestamp('2026-03-02 17:57:48.291000'), Timestamp('2026-03-02 17:57:48.451000'), Timestamp('2026-03-02 17:57:49.060000'), Timestamp('2026-03-02 17:57:49.699000'), Timestamp('2026-03-02 17:57:49.909000'), Timestamp('2026-03-02 17:57:50.598000')]","[0.589, 0.479, 0.36, 0.569, 0.27, 0.42, 0.24, 0.859, 0.45, 0.629, 0.19, 0.829, 0.44, 0.14, 0.46, 0.17, 0.819, 0.46, 0.17, 0.42, 0.19, 0.1, 0.39, 0.13, 0.05, 0.44, 0.18, 0.809, 0.41, 0.13, 0.44, 0.19, 0.779, 0.43, 0.599, 0.17, 0.829, 0.42, 0.19, 0.42, 0.19, 0.49, 0.13, 0.46, 0.21, 0.799, 0.42, 0.579, 0.18, 0.769, 0.43, 0.619, 0.16, 0.609, 0.639, 0.21, 0.689]","[11.281464530892446, 11.572769953051642, 11.710213776722089, 11.995133819951336, 12.083333333333332, 12.083333333333332, 12.64102564102564, 12.64102564102564, 13.042328042328041, 12.706185567010309, 12.973684210526315, 12.973684210526315, 13.042328042328041, 13.042328042328041, 12.973684210526315, 12.973684210526315, 13.042328042328041, 13.042328042328041, 12.838541666666666, 12.838541666666666, 13.25268817204301, 13.25268817204301, 13.181818181818182, 12.838541666666666, 12.905759162303664, 12.576530612244897, 12.838541666666666, 12.838541666666666, 12.905759162303664, 12.905759162303664, 12.512690355329948, 12.838541666666666, 12.905759162303664, 12.576530612244897, 12.386934673366833, 12.083333333333332, 12.7720207253886, 12.449494949494948, 12.386934673366833, 12.706185567010309, 12.449494949494948, 12.449494949494948, 12.386934673366833, 12.386934673366833, 12.449494949494948, 12.14285714285714, 12.386934673366833, 12.386934673366833]","[6.6447826086956505, 5.543356807511737, 4.215676959619952, 6.82523114355231, 3.2624999999999997, 5.074999999999999, 3.0338461538461536, 10.858641025641026, 5.869047619047619, 7.992190721649484, 2.465, 10.755184210526314, 5.738624338624338, 1.825925925925926, 5.967894736842105, 2.2055263157894736, 10.681666666666665, 5.999470899470899, 2.1825520833333334, 5.3921874999999995, 2.518010752688172, 1.325268817204301, 5.140909090909091, 1.6690104166666666, 0.6452879581151832, 5.533673469387755, 2.3109374999999996, 10.386380208333334, 5.291361256544501, 1.6777486910994763, 5.505583756345177, 2.439322916666667, 10.053586387434555, 5.407908163265305, 7.4197738693467326, 2.0541666666666667, 10.58800518134715, 5.228787878787878, 2.3535175879396983, 5.33659793814433, 2.36540404040404, 6.100252525252524, 1.6103015075376883, 5.697989949748743, 2.614393939393939, 9.702142857142857, 5.20251256281407, 7.172035175879396]",245.88517678180887,10.755038702817412
D_05_adz_raw_20260302_1839,2026-03-02 18:27:15.699,2026-03-02 18:27:25.384,"[Timestamp('2026-03-02 18:27:25.384000'), Timestamp('2026-03-02 18:27:25.884000'), Timestamp('2026-03-02 18:27:26.274000'), Timestamp('2026-03-02 18:27:26.404000'), Timestamp('2026-03-02 18:27:26.694000'), Timestamp('2026-03-02 18:27:27.284000'), Timestamp('2026-03-02 18:27:27.364000'), Timestamp('2026-03-02 18:27:27.384000'), Timestamp('2026-03-02 18:27:27.554000'), Timestamp('2026-03-02 18:27:27.734000'), Timestamp('2026-03-02 18:27:27.984000'), Timestamp('2026-03-02 18:27:28.364000'), Timestamp('2026-03-02 18:27:28.794000'), Timestamp('2026-03-02 18:27:28.814000'), Timestamp('2026-03-02 18:27:28.844000'), Timestamp('2026-03-02 18:27:28.864000'), Timestamp('2026-03-02 18:27:28.884000'), Timestamp('2026-03-02 18:27:28.914000'), Timestamp('2026-03-02 18:27:28.944000'), Timestamp('2026-03-02 18:27:29.394000'), Timestamp('2026-03-02 18:27:29.414000'), Timestamp('2026-03-02 18:27:29.574000'), Timestamp('2026-03-02 18:27:30.353000'), Timestamp('2026-03-02 18:27:30.773000'), Timestamp('2026-03-02 18:27:30.933000'), Timestamp('2026-03-02 18:27:31.353000'), Timestamp('2026-03-02 18:27:31.533000'), Timestamp('2026-03-02 18:27:32.322000'), Timestamp('2026-03-02 18:27:32.772000'), Timestamp('2026-03-02 18:27:32.952000'), Timestamp('2026-03-02 18:27:33.342000'), Timestamp('2026-03-02 18:27:33.552000'), Timestamp('2026-03-02 18:27:34.162000'), Timestamp('2026-03-02 18:27:34.632000'), Timestamp('2026-03-02 18:27:34.812000'), Timestamp('2026-03-02 18:27:35.601000'), Timestamp('2026-03-02 18:27:36.021000'), Timestamp('2026-03-02 18:27:36.161000'), Timestamp('2026-03-02 18:27:36.581000'), Timestamp('2026-03-02 18:27:36.761000'), Timestamp('2026-03-02 18:27:37.540000'), Timestamp('2026-03-02 18:27:37.950000'), Timestamp('2026-03-02 18:27:38.100000'), Timestamp('2026-03-02 18:27:38.530000'), Timestamp('2026-03-02 18:27:38.710000'), Timestamp('2026-03-02 18:27:39.489000'), Timestamp('2026-03-02 18:27:39.939000'), Timestamp('2026-03-02 18:27:40.119000'), Timestamp('2026-03-02 18:27:40.509000'), Timestamp('2026-03-02 18:27:40.719000'), Timestamp('2026-03-02 18:27:40.819000'), Timestamp('2026-03-02 18:27:41.219000'), Timestamp('2026-03-02 18:27:41.329000'), Timestamp('2026-03-02 18:27:41.809000'), Timestamp('2026-03-02 18:27:41.829000'), Timestamp('2026-03-02 18:27:41.979000'), Timestamp('2026-03-02 18:27:42.748000'), Timestamp('2026-03-02 18:27:43.218000'), Timestamp('2026-03-02 18:27:43.278000'), Timestamp('2026-03-02 18:27:43.318000'), Timestamp('2026-03-02 18:27:43.748000'), Timestamp('2026-03-02 18:27:43.928000'), Timestamp('2026-03-02 18:27:44.697000'), Timestamp('2026-03-02 18:27:45.117000'), Timestamp('2026-03-02 18:27:45.277000'), Timestamp('2026-03-02 18:27:45.697000'), Timestamp('2026-03-02 18:27:45.717000'), Timestamp('2026-03-02 18:27:45.877000'), Timestamp('2026-03-02 18:27:46.476000'), Timestamp('2026-03-02 18:27:47.105000'), Timestamp('2026-03-02 18:27:47.305000'), Timestamp('2026-03-02 18:27:48.024000')]","[0.5, 0.39, 0.13, 0.29, 0.59, 0.08, 0.02, 0.17, 0.18, 0.25, 0.38, 0.43, 0.02, 0.03, 0.02, 0.02, 0.03, 0.03, 0.45, 0.02, 0.16, 0.779, 0.42, 0.16, 0.42, 0.18, 0.789, 0.45, 0.18, 0.39, 0.21, 0.61, 0.47, 0.18, 0.789, 0.42, 0.14, 0.42, 0.18, 0.779, 0.41, 0.15, 0.43, 0.18, 0.779, 0.45, 0.18, 0.39, 0.21, 0.1, 0.4, 0.11, 0.48, 0.02, 0.15, 0.769, 0.47, 0.06, 0.04, 0.43, 0.18, 0.769, 0.42, 0.16, 0.42, 0.02, 0.16, 0.599, 0.629, 0.2, 0.719]","[nan, nan, nan, nan, nan, nan, nan, nan, nan, nan, nan, nan, nan, nan, nan, nan, nan, nan, nan, nan, nan, nan, nan, nan, nan, nan, nan, nan, nan, nan, nan, nan, nan, nan, nan, nan, nan, nan, nan, nan, nan, nan, nan, nan, nan, nan, nan, nan, nan, nan]","[nan, nan, nan, nan, nan, nan, nan, nan, nan, nan, nan, nan, nan, nan, nan, nan, nan, nan, nan, nan, nan, nan, nan, nan, nan, nan, nan, nan, nan, nan, nan, nan, nan, nan, nan, nan, nan, nan, nan, nan, nan, nan, nan, nan, nan, nan, nan, nan, nan, nan]",,10.755038702817412
D_05_adz_raw_20260302_1908,2026-03-02 18:57:47.283,2026-03-02 18:57:58.376,"[Timestamp('2026-03-02 18:57:58.376000'), Timestamp('2026-03-02 18:57:58.855000'), Timestamp('2026-03-02 18:57:59.315000'), Timestamp('2026-03-02 18:57:59.775000'), Timestamp('2026-03-02 18:58:00.055000'), Timestamp('2026-03-02 18:58:00.205000'), Timestamp('2026-03-02 18:58:00.405000'), Timestamp('2026-03-02 18:58:00.485000'), Timestamp('2026-03-02 18:58:00.685000'), Timestamp('2026-03-02 18:58:00.875000'), Timestamp('2026-03-02 18:58:01.574000'), Timestamp('2026-03-02 18:58:02.033000'), Timestamp('2026-03-02 18:58:02.643000'), Timestamp('2026-03-02 18:58:02.843000'), Timestamp('2026-03-02 18:58:03.023000'), Timestamp('2026-03-02 18:58:03.662000'), Timestamp('2026-03-02 18:58:04.091000'), Timestamp('2026-03-02 18:58:04.251000'), Timestamp('2026-03-02 18:58:04.691000'), Timestamp('2026-03-02 18:58:04.881000'), Timestamp('2026-03-02 18:58:05.061000'), Timestamp('2026-03-02 18:58:05.690000'), Timestamp('2026-03-02 18:58:06.150000'), Timestamp('2026-03-02 18:58:06.330000'), Timestamp('2026-03-02 18:58:06.710000'), Timestamp('2026-03-02 18:58:06.940000'), Timestamp('2026-03-02 18:58:07.040000'), Timestamp('2026-03-02 18:58:07.560000'), Timestamp('2026-03-02 18:58:08.040000'), Timestamp('2026-03-02 18:58:08.220000'), Timestamp('2026-03-02 18:58:08.989000'), Timestamp('2026-03-02 18:58:09.429000'), Timestamp('2026-03-02 18:58:09.579000'), Timestamp('2026-03-02 18:58:09.989000'), Timestamp('2026-03-02 18:58:10.169000'), Timestamp('2026-03-02 18:58:10.948000'), Timestamp('2026-03-02 18:58:11.368000'), Timestamp('2026-03-02 18:58:11.518000'), Timestamp('2026-03-02 18:58:11.948000'), Timestamp('2026-03-02 18:58:12.128000'), Timestamp('2026-03-02 18:58:12.717000'), Timestamp('2026-03-02 18:58:13.356000'), Timestamp('2026-03-02 18:58:13.556000'), Timestamp('2026-03-02 18:58:14.355000')]","[0.479, 0.46, 0.46, 0.28, 0.15, 0.2, 0.08, 0.2, 0.19, 0.699, 0.459, 0.61, 0.2, 0.18, 0.639, 0.429, 0.16, 0.44, 0.19, 0.18, 0.629, 0.46, 0.18, 0.38, 0.23, 0.1, 0.52, 0.48, 0.18, 0.769, 0.44, 0.15, 0.41, 0.18, 0.779, 0.42, 0.15, 0.43, 0.18, 0.589, 0.639, 0.2, 0.799]","[11.766109785202863, 12.083333333333332, 11.879518072289155, 12.172839506172838, 11.937046004842614, 12.233250620347393, 12.805194805194803, 12.805194805194803, 12.544529262086513, 12.872062663185378, 13.146666666666667, 12.805194805194803, 13.217158176943698, 12.872062663185378, 13.506849315068493, 13.146666666666667, 13.217158176943698, 12.872062663185378, 12.973684210526315, 12.973684210526315, 13.042328042328041, 13.042328042328041, 13.007915567282321, 13.007915567282321, 13.076923076923077, 13.076923076923077, 13.007915567282321, 13.007915567282321, 13.076923076923077, 13.076923076923077, 13.007915567282321, 13.007915567282321]","[5.635966587112171, 5.558333333333333, 5.4645783132530115, 3.408395061728395, 1.790556900726392, 2.4466501240694787, 1.0244155844155842, 2.561038961038961, 2.3834605597964376, 8.997571801566579, 6.03432, 7.81116883116883, 2.64343163538874, 2.316971279373368, 8.630876712328767, 5.63992, 2.114745308310992, 5.663707571801567, 2.465, 2.3352631578947367, 8.203624338624337, 5.999470899470899, 2.3414248021108177, 4.943007915567282, 3.0076923076923077, 1.3076923076923077, 6.764116094986807, 6.243799472295514, 2.353846153846154, 10.056153846153846, 5.723482849604221, 1.951187335092348]",143.82187004644416,10.755038702817412
D_05_adz_raw_20260302_1929,2026-03-02 19:27:33.645,2026-03-02 19:27:45.056,"[Timestamp('2026-03-02 19:27:45.056000'), Timestamp('2026-03-02 19:27:46.016000'), Timestamp('2026-03-02 19:27:46.436000'), Timestamp('2026-03-02 19:27:46.926000'), Timestamp('2026-03-02 19:27:47.116000'), Timestamp('2026-03-02 19:27:47.286000'), Timestamp('2026-03-02 19:27:47.895000'), Timestamp('2026-03-02 19:27:48.334000'), Timestamp('2026-03-02 19:27:48.494000'), Timestamp('2026-03-02 19:27:48.904000'), Timestamp('2026-03-02 19:27:49.084000'), Timestamp('2026-03-02 19:27:49.853000'), Timestamp('2026-03-02 19:27:50.272000'), Timestamp('2026-03-02 19:27:50.432000'), Timestamp('2026-03-02 19:27:50.852000'), Timestamp('2026-03-02 19:27:51.032000'), Timestamp('2026-03-02 19:27:51.821000'), Timestamp('2026-03-02 19:27:52.431000'), Timestamp('2026-03-02 19:27:52.831000'), Timestamp('2026-03-02 19:27:53.251000'), Timestamp('2026-03-02 19:27:54.041000'), Timestamp('2026-03-02 19:27:54.121000'), Timestamp('2026-03-02 19:27:54.141000'), Timestamp('2026-03-02 19:27:54.301000'), Timestamp('2026-03-02 19:27:55.060000'), Timestamp('2026-03-02 19:27:55.489000'), Timestamp('2026-03-02 19:27:55.669000'), Timestamp('2026-03-02 19:27:56.059000'), Timestamp('2026-03-02 19:27:56.089000'), Timestamp('2026-03-02 19:27:56.249000'), Timestamp('2026-03-02 19:27:57.018000'), Timestamp('2026-03-02 19:27:57.437000'), Timestamp('2026-03-02 19:27:57.587000'), Timestamp('2026-03-02 19:27:58.007000'), Timestamp('2026-03-02 19:27:58.037000'), Timestamp('2026-03-02 19:27:58.187000'), Timestamp('2026-03-02 19:27:58.796000'), Timestamp('2026-03-02 19:27:59.395000'), Timestamp('2026-03-02 19:27:59.605000'), Timestamp('2026-03-02 19:28:00.384000')]","[0.96, 0.42, 0.49, 0.19, 0.17, 0.609, 0.439, 0.16, 0.41, 0.18, 0.769, 0.419, 0.16, 0.42, 0.18, 0.789, 0.61, 0.4, 0.42, 0.79, 0.08, 0.02, 0.16, 0.759, 0.429, 0.18, 0.39, 0.03, 0.16, 0.769, 0.419, 0.15, 0.42, 0.03, 0.15, 0.609, 0.599, 0.21, 0.779]","[nan, nan, nan, nan, nan, nan, nan, nan, nan, nan, nan, nan, nan, nan, nan, nan, nan, nan, nan, nan, nan, nan, nan, nan, nan, nan, nan, nan, nan, nan, nan, nan, nan]","[nan, nan, nan, nan, nan, nan, nan, nan, nan, nan, nan, nan, nan, nan, nan, nan, nan, nan, nan, nan, nan, nan, nan, nan, nan, nan, nan, nan, nan, nan, nan, nan, nan]",,10.755038702817412
D_05_adz_raw_20260302_1956,2026-03-02 19:48:36.960,2026-03-02 19:48:48.341,"[Timestamp('2026-03-02 19:48:48.341000'), Timestamp('2026-03-02 19:48:49.060000'), Timestamp('2026-03-02 19:48:49.450000'), Timestamp('2026-03-02 19:48:49.550000'), Timestamp('2026-03-02 19:48:49.690000'), Timestamp('2026-03-02 19:48:49.870000'), Timestamp('2026-03-02 19:48:50.320000'), Timestamp('2026-03-02 19:48:50.380000'), Timestamp('2026-03-02 19:48:51.140000'), Timestamp('2026-03-02 19:48:51.700000'), Timestamp('2026-03-02 19:48:52.460000'), Timestamp('2026-03-02 19:48:52.950000'), Timestamp('2026-03-02 19:48:53.010000'), Timestamp('2026-03-02 19:48:53.770000'), Timestamp('2026-03-02 19:48:54.330000'), Timestamp('2026-03-02 19:48:55.589000'), Timestamp('2026-03-02 19:48:56.808000')]","[0.719, 0.39, 0.1, 0.14, 0.18, 0.45, 0.06, 0.76, 0.56, 0.76, 0.49, 0.06, 0.76, 0.56, 1.259, 1.219]","[13.543956043956044, 13.181818181818182, 13.25268817204301, 13.25268817204301, 13.007915567282321, 13.146666666666667, 13.25268817204301, 13.111702127659573, 13.217158176943698, 13.433242506811988, 13.181818181818182, 13.042328042328041, 13.146666666666667, 12.973684210526315]","[9.738104395604395, 5.140909090909091, 1.325268817204301, 1.8553763440860216, 2.3414248021108177, 5.916, 0.7951612903225805, 9.964893617021275, 7.401608579088472, 10.209264305177111, 6.459090909090909, 0.7825396825396824, 9.991466666666666, 7.265263157894737]",79.18637165771607,10.755038702817412
D_05_adz_raw_20260302_2004,2026-03-02 19:57:38.650,2026-03-02 19:57:48.244,"[Timestamp('2026-03-02 19:57:48.244000'), Timestamp('2026-03-02 19:57:49.283000'), Timestamp('2026-03-02 19:57:49.673000'), Timestamp('2026-03-02 19:57:50.143000'), Timestamp('2026-03-02 19:57:50.323000'), Timestamp('2026-03-02 19:57:51.052000'), Timestamp('2026-03-02 19:57:51.491000'), Timestamp('2026-03-02 19:57:51.651000'), Timestamp('2026-03-02 19:57:51.971000'), Timestamp('2026-03-02 19:57:52.001000'), Timestamp('2026-03-02 19:57:52.021000'), Timestamp('2026-03-02 19:57:52.051000'), Timestamp('2026-03-02 19:57:52.071000'), Timestamp('2026-03-02 19:57:52.111000'), Timestamp('2026-03-02 19:57:52.201000'), Timestamp('2026-03-02 19:57:52.970000'), Timestamp('2026-03-02 19:57:53.389000'), Timestamp('2026-03-02 19:57:53.479000'), Timestamp('2026-03-02 19:57:53.549000'), Timestamp('2026-03-02 19:57:53.629000'), Timestamp('2026-03-02 19:57:53.929000'), Timestamp('2026-03-02 19:57:54.109000'), Timestamp('2026-03-02 19:57:54.828000'), Timestamp('2026-03-02 19:57:55.287000'), Timestamp('2026-03-02 19:57:55.487000'), Timestamp('2026-03-02 19:57:56.296000')]","[1.039, 0.39, 0.47, 0.18, 0.729, 0.439, 0.16, 0.32, 0.03, 0.02, 0.03, 0.02, 0.04, 0.09, 0.769, 0.419, 0.09, 0.07, 0.08, 0.3, 0.18, 0.719, 0.459, 0.2, 0.809]","[nan, nan, nan, nan, nan, nan, nan, nan, nan, nan, nan, nan, nan, nan, nan, nan, nan, nan, nan, nan]","[nan, nan, nan, nan, nan, nan, nan, nan, nan, nan, nan, nan, nan, nan, nan, nan, nan, nan, nan, nan]",,10.755038702817412
D_05_adz_raw_20260302_2021,2026-03-02 20:08:38.406,2026-03-02 20:08:48.279,"[Timestamp('2026-03-02 20:08:48.279000'), Timestamp('2026-03-02 20:08:48.748000'), Timestamp('2026-03-02 20:08:48.798000'), Timestamp('2026-03-02 20:08:48.858000'), Timestamp('2026-03-02 20:08:48.918000'), Timestamp('2026-03-02 20:08:49.228000'), Timestamp('2026-03-02 20:08:49.458000'), Timestamp('2026-03-02 20:08:49.658000'), Timestamp('2026-03-02 20:08:50.548000'), Timestamp('2026-03-02 20:08:50.768000'), Timestamp('2026-03-02 20:08:51.128000'), Timestamp('2026-03-02 20:08:51.538000'), Timestamp('2026-03-02 20:08:51.588000'), Timestamp('2026-03-02 20:08:52.367000'), Timestamp('2026-03-02 20:08:52.487000'), Timestamp('2026-03-02 20:08:53.096000'), Timestamp('2026-03-02 20:08:53.146000'), Timestamp('2026-03-02 20:08:53.875000'), Timestamp('2026-03-02 20:08:53.915000'), Timestamp('2026-03-02 20:08:54.495000'), Timestamp('2026-03-02 20:08:54.984000'), Timestamp('2026-03-02 20:08:55.683000'), Timestamp('2026-03-02 20:08:56.153000'), Timestamp('2026-03-02 20:08:58.230000'), Timestamp('2026-03-02 20:09:01.067000'), Timestamp('2026-03-02 20:09:01.777000'), Timestamp('2026-03-02 20:09:01.817000'), Timestamp('2026-03-02 20:09:02.635000'), Timestamp('2026-03-02 20:09:02.675000'), Timestamp('2026-03-02 20:09:03.234000'), Timestamp('2026-03-02 20:09:04.053000'), Timestamp('2026-03-02 20:09:04.093000'), Timestamp('2026-03-02 20:09:04.613000'), Timestamp('2026-03-02 20:09:04.663000'), Timestamp('2026-03-02 20:09:05.472000'), Timestamp('2026-03-02 20:09:05.522000'), Timestamp('2026-03-02 20:09:06.091000'), Timestamp('2026-03-02 20:09:06.901000'), Timestamp('2026-03-02 20:09:06.951000'), Timestamp('2026-03-02 20:09:08.760000'), Timestamp('2026-03-02 20:09:10.199000'), Timestamp('2026-03-02 20:09:10.669000'), Timestamp('2026-03-02 20:09:11.069000'), Timestamp('2026-03-02 20:09:11.209000'), Timestamp('2026-03-02 20:09:11.898000'), Timestamp('2026-03-02 20:09:12.407000'), Timestamp('2026-03-02 20:09:12.747000'), Timestamp('2026-03-02 20:09:13.057000'), Timestamp('2026-03-02 20:09:15.014000'), Timestamp('2026-03-02 20:09:15.643000'), Timestamp('2026-03-02 20:09:15.693000'), Timestamp('2026-03-02 20:09:15.733000'), Timestamp('2026-03-02 20:09:15.773000'), Timestamp('2026-03-02 20:09:16.342000'), Timestamp('2026-03-02 20:09:16.632000'), Timestamp('2026-03-02 20:09:16.802000'), Timestamp('2026-03-02 20:09:17.481000'), Timestamp('2026-03-02 20:09:17.960000'), Timestamp('2026-03-02 20:09:18.568000'), Timestamp('2026-03-02 20:09:18.608000'), Timestamp('2026-03-02 20:09:18.658000'), Timestamp('2026-03-02 20:09:18.688000'), Timestamp('2026-03-02 20:09:18.758000'), Timestamp('2026-03-02 20:09:19.168000'), Timestamp('2026-03-02 20:09:19.737000'), Timestamp('2026-03-02 20:09:20.286000'), Timestamp('2026-03-02 20:09:20.406000'), Timestamp('2026-03-02 20:09:20.456000'), Timestamp('2026-03-02 20:09:21.016000'), Timestamp('2026-03-02 20:09:21.056000'), Timestamp('2026-03-02 20:09:22.195000'), Timestamp('2026-03-02 20:09:22.914000')]","[0.469, 0.05, 0.06, 0.06, 0.31, 0.23, 0.2, 0.89, 0.22, 0.36, 0.41, 0.05, 0.779, 0.12, 0.609, 0.05, 0.729, 0.04, 0.58, 0.489, 0.699, 0.47, 2.077, 2.8369999999999997, 0.71, 0.04, 0.818, 0.04, 0.559, 0.819, 0.04, 0.52, 0.05, 0.809, 0.05, 0.569, 0.81, 0.05, 1.8090000000000002, 1.439, 0.47, 0.4, 0.14, 0.689, 0.509, 0.34, 0.31, 1.9569999999999999, 0.629, 0.05, 0.04, 0.04, 0.569, 0.29, 0.17, 0.679, 0.479, 0.608, 0.04, 0.05, 0.03, 0.07, 0.41, 0.569, 0.549, 0.12, 0.05, 0.56, 0.04, 1.139, 0.719]","[nan, nan, nan, nan, nan, nan, nan, nan, nan, nan, nan, nan, nan, nan, nan, nan, nan, nan, nan, nan, nan, nan, nan, nan, nan, nan, nan, nan, nan, nan, nan, nan, nan, nan, nan, nan, nan, nan, nan, nan, nan, nan, nan, nan, nan, nan, nan, nan, nan, nan, nan, nan, nan, nan, nan, nan, nan, nan, nan, nan, nan, nan, nan, nan]","[nan, nan, nan, nan, nan, nan, nan, nan, nan, nan, nan, nan, nan, nan, nan, nan, nan, nan, nan, nan, nan, nan, nan, nan, nan, nan, nan, nan, nan, nan, nan, nan, nan, nan, nan, nan, nan, nan, nan, nan, nan, nan, nan, nan, nan, nan, nan, nan, nan, nan, nan, nan, nan, nan, nan, nan, nan, nan, nan, nan, nan, nan, nan, nan]",,10.755038702817412
D_05_adz_raw_20260302_2033,2026-03-02 20:24:27.264,2026-03-02 20:24:36.957,"[Timestamp('2026-03-02 20:24:36.957000'), Timestamp('2026-03-02 20:24:37.366000'), Timestamp('2026-03-02 20:24:37.406000'), Timestamp('2026-03-02 20:24:37.536000'), Timestamp('2026-03-02 20:24:37.716000'), Timestamp('2026-03-02 20:24:37.826000'), Timestamp('2026-03-02 20:24:38.046000'), Timestamp('2026-03-02 20:24:38.236000'), Timestamp('2026-03-02 20:24:38.336000'), Timestamp('2026-03-02 20:24:40.954000'), Timestamp('2026-03-02 20:24:42.922000'), Timestamp('2026-03-02 20:24:43.731000'), Timestamp('2026-03-02 20:24:46.508000'), Timestamp('2026-03-02 20:24:47.846000'), Timestamp('2026-03-02 20:24:49.874000'), Timestamp('2026-03-02 20:24:51.263000'), Timestamp('2026-03-02 20:24:52.950000')]","[0.409, 0.04, 0.13, 0.18, 0.11, 0.22, 0.19, 0.1, 2.618, 1.968, 0.809, 2.777, 1.338, 2.028, 1.389, 1.687]","[nan, nan, nan, nan, nan, nan, nan, nan, nan, nan, nan, nan, nan, nan, nan, nan, nan, nan, nan, nan, nan, nan, nan, nan]","[nan, nan, nan, nan, nan, nan, nan, nan, nan, nan, nan, nan, nan, nan, nan, nan]",,10.755038702817412
D_05_adz_raw_20260302_2051,2026-03-02 20:41:53.728,2026-03-02 20:42:04.150,"[Timestamp('2026-03-02 20:42:04.150000'), Timestamp('2026-03-02 20:42:04.380000'), Timestamp('2026-03-02 20:42:04.530000'), Timestamp('2026-03-02 20:42:05.019000'), Timestamp('2026-03-02 20:42:05.628000'), Timestamp('2026-03-02 20:42:05.998000'), Timestamp('2026-03-02 20:42:06.088000'), Timestamp('2026-03-02 20:42:06.188000'), Timestamp('2026-03-02 20:42:06.418000'), Timestamp('2026-03-02 20:42:06.588000'), Timestamp('2026-03-02 20:42:06.618000'), Timestamp('2026-03-02 20:42:06.718000'), Timestamp('2026-03-02 20:42:06.748000'), Timestamp('2026-03-02 20:42:07.397000'), Timestamp('2026-03-02 20:42:07.797000'), Timestamp('2026-03-02 20:42:08.376000'), Timestamp('2026-03-02 20:42:09.025000'), Timestamp('2026-03-02 20:42:09.425000'), Timestamp('2026-03-02 20:42:09.985000'), Timestamp('2026-03-02 20:42:10.165000'), Timestamp('2026-03-02 20:42:10.674000'), Timestamp('2026-03-02 20:42:11.094000'), Timestamp('2026-03-02 20:42:11.614000'), Timestamp('2026-03-02 20:42:12.293000'), Timestamp('2026-03-02 20:42:12.713000'), Timestamp('2026-03-02 20:42:13.153000'), Timestamp('2026-03-02 20:42:13.243000'), Timestamp('2026-03-02 20:42:13.902000'), Timestamp('2026-03-02 20:42:14.401000'), Timestamp('2026-03-02 20:42:14.761000'), Timestamp('2026-03-02 20:42:14.791000'), Timestamp('2026-03-02 20:42:14.931000'), Timestamp('2026-03-02 20:42:14.971000'), Timestamp('2026-03-02 20:42:15.111000'), Timestamp('2026-03-02 20:42:15.701000'), Timestamp('2026-03-02 20:42:15.731000'), Timestamp('2026-03-02 20:42:15.761000'), Timestamp('2026-03-02 20:42:15.901000'), Timestamp('2026-03-02 20:42:16.560000')]","[0.23, 0.15, 0.489, 0.609, 0.37, 0.09, 0.1, 0.23, 0.17, 0.03, 0.1, 0.03, 0.649, 0.4, 0.579, 0.649, 0.4, 0.56, 0.18, 0.509, 0.42, 0.52, 0.679, 0.42, 0.44, 0.09, 0.659, 0.499, 0.36, 0.03, 0.14, 0.04, 0.14, 0.59, 0.03, 0.03, 0.14, 0.659]","[nan, nan, nan, nan, nan, nan, nan, nan, nan, nan, nan, nan, nan, nan, nan, nan, nan, nan, nan, nan, nan, nan, nan, nan, nan, nan, nan, nan]","[nan, nan, nan, nan, nan, nan, nan, nan, nan, nan, nan, nan, nan, nan, nan, nan, nan, nan, nan, nan, nan, nan, nan, nan, nan, nan, nan, nan]",,10.755038702817412
D_05_adz_raw_20260302_2106,2026-03-02 20:57:22.509,2026-03-02 20:57:32.152,"[Timestamp('2026-03-02 20:57:32.152000'), Timestamp('2026-03-02 20:57:32.681000'), Timestamp('2026-03-02 20:57:32.901000'), Timestamp('2026-03-02 20:57:33.091000'), Timestamp('2026-03-02 20:57:33.580000'), Timestamp('2026-03-02 20:57:33.989000'), Timestamp('2026-03-02 20:57:34.468000'), Timestamp('2026-03-02 20:57:34.538000'), Timestamp('2026-03-02 20:57:34.708000'), Timestamp('2026-03-02 20:57:34.888000'), Timestamp('2026-03-02 20:57:35.447000'), Timestamp('2026-03-02 20:57:35.876000'), Timestamp('2026-03-02 20:57:36.046000'), Timestamp('2026-03-02 20:57:36.396000'), Timestamp('2026-03-02 20:57:36.576000'), Timestamp('2026-03-02 20:57:36.746000'), Timestamp('2026-03-02 20:57:37.285000'), Timestamp('2026-03-02 20:57:37.714000'), Timestamp('2026-03-02 20:57:37.744000'), Timestamp('2026-03-02 20:57:37.874000'), Timestamp('2026-03-02 20:57:38.194000'), Timestamp('2026-03-02 20:57:38.234000'), Timestamp('2026-03-02 20:57:38.384000'), Timestamp('2026-03-02 20:57:38.574000'), Timestamp('2026-03-02 20:57:39.113000'), Timestamp('2026-03-02 20:57:39.572000'), Timestamp('2026-03-02 20:57:39.612000'), Timestamp('2026-03-02 20:57:39.702000'), Timestamp('2026-03-02 20:57:40.052000'), Timestamp('2026-03-02 20:57:40.212000'), Timestamp('2026-03-02 20:57:40.392000'), Timestamp('2026-03-02 20:57:40.951000'), Timestamp('2026-03-02 20:57:41.390000'), Timestamp('2026-03-02 20:57:41.520000'), Timestamp('2026-03-02 20:57:41.900000'), Timestamp('2026-03-02 20:57:42.070000'), Timestamp('2026-03-02 20:57:42.230000'), Timestamp('2026-03-02 20:57:42.659000'), Timestamp('2026-03-02 20:57:43.338000'), Timestamp('2026-03-02 20:57:43.468000'), Timestamp('2026-03-02 20:57:44.057000')]","[0.529, 0.22, 0.19, 0.489, 0.409, 0.479, 0.07, 0.17, 0.18, 0.559, 0.429, 0.17, 0.35, 0.18, 0.17, 0.539, 0.429, 0.03, 0.13, 0.32, 0.04, 0.15, 0.19, 0.539, 0.459, 0.04, 0.09, 0.35, 0.16, 0.18, 0.559, 0.439, 0.13, 0.38, 0.17, 0.16, 0.429, 0.679, 0.13, 0.589]","[13.076923076923077, 13.076923076923077, 13.324324324324325, 12.973684210526315, 13.042328042328041, 12.706185567010309, 13.324324324324325, 12.973684210526315, 13.396739130434781, 13.396739130434781, 13.324324324324325, 13.324324324324325, 13.042328042328041, 13.042328042328041, 13.324324324324325, 13.324324324324325, 13.042328042328041, 13.042328042328041, 13.324324324324325, 13.324324324324325, 13.042328042328041, 13.042328042328041, 12.905759162303664, 13.25268817204301]","[6.917692307692308, 2.876923076923077, 2.5316216216216216, 6.344131578947368, 5.3343121693121685, 6.086262886597938, 0.9327027027027028, 2.2055263157894736, 2.4114130434782606, 7.488777173913044, 5.7161351351351355, 2.2651351351351354, 4.564814814814814, 2.3476190476190473, 2.2651351351351354, 7.181810810810811, 5.5951587301587296, 0.3912698412698412, 1.7321621621621623, 4.263783783783784, 0.5216931216931217, 1.956349206349206, 2.4520942408376962, 7.143198924731183]",91.52572296661376,10.755038702817412
D_05_adz_raw_20260302_2115,2026-03-02 21:08:36.602,2026-03-02 21:08:47.343,"[Timestamp('2026-03-02 21:08:47.343000'), Timestamp('2026-03-02 21:08:47.982000'), Timestamp('2026-03-02 21:08:48.641000'), Timestamp('2026-03-02 21:08:48.861000'), Timestamp('2026-03-02 21:08:49.201000'), Timestamp('2026-03-02 21:08:49.431000'), Timestamp('2026-03-02 21:08:49.641000'), Timestamp('2026-03-02 21:08:50.311000'), Timestamp('2026-03-02 21:08:51.050000'), Timestamp('2026-03-02 21:08:51.590000'), Timestamp('2026-03-02 21:08:52.199000'), Timestamp('2026-03-02 21:08:52.319000'), Timestamp('2026-03-02 21:08:52.729000'), Timestamp('2026-03-02 21:08:52.859000'), Timestamp('2026-03-02 21:08:53.578000'), Timestamp('2026-03-02 21:08:54.528000'), Timestamp('2026-03-02 21:08:55.217000')]","[0.639, 0.659, 0.22, 0.34, 0.23, 0.21, 0.67, 0.739, 0.54, 0.609, 0.12, 0.41, 0.13, 0.719, 0.95, 0.689]","[nan, nan, nan, nan, nan, nan, nan, nan, nan, nan, nan, nan, nan, nan, nan, nan]","[nan, nan, nan, nan, nan, nan, nan, nan, nan, nan, nan, nan, nan, nan, nan, nan]",,10.755038702817412
D_05_adz_raw_20260302_2134,2026-03-02 21:24:37.709,2026-03-02 21:24:47.262,"[Timestamp('2026-03-02 21:24:47.262000'), Timestamp('2026-03-02 21:24:47.791000'), Timestamp('2026-03-02 21:24:47.901000'), Timestamp('2026-03-02 21:24:48.111000'), Timestamp('2026-03-02 21:24:48.820000'), Timestamp('2026-03-02 21:24:49.239000'), Timestamp('2026-03-02 21:24:49.349000'), Timestamp('2026-03-02 21:24:49.529000'), Timestamp('2026-03-02 21:24:49.839000'), Timestamp('2026-03-02 21:24:49.929000'), Timestamp('2026-03-02 21:24:49.959000'), Timestamp('2026-03-02 21:24:50.009000'), Timestamp('2026-03-02 21:24:50.029000'), Timestamp('2026-03-02 21:24:50.079000'), Timestamp('2026-03-02 21:24:50.628000'), Timestamp('2026-03-02 21:24:51.137000'), Timestamp('2026-03-02 21:24:51.177000'), Timestamp('2026-03-02 21:24:51.267000'), Timestamp('2026-03-02 21:24:51.297000'), Timestamp('2026-03-02 21:24:51.327000'), Timestamp('2026-03-02 21:24:51.357000'), Timestamp('2026-03-02 21:24:51.387000'), Timestamp('2026-03-02 21:24:51.417000'), Timestamp('2026-03-02 21:24:51.447000'), Timestamp('2026-03-02 21:24:51.467000'), Timestamp('2026-03-02 21:24:51.517000'), Timestamp('2026-03-02 21:24:51.777000'), Timestamp('2026-03-02 21:24:51.827000'), Timestamp('2026-03-02 21:24:52.007000'), Timestamp('2026-03-02 21:24:52.546000'), Timestamp('2026-03-02 21:24:53.115000'), Timestamp('2026-03-02 21:24:53.225000'), Timestamp('2026-03-02 21:24:53.405000'), Timestamp('2026-03-02 21:24:53.635000'), Timestamp('2026-03-02 21:24:53.855000'), Timestamp('2026-03-02 21:24:54.385000'), Timestamp('2026-03-02 21:24:54.675000'), Timestamp('2026-03-02 21:24:55.055000'), Timestamp('2026-03-02 21:24:55.095000'), Timestamp('2026-03-02 21:24:55.125000'), Timestamp('2026-03-02 21:24:55.784000'), Timestamp('2026-03-02 21:24:56.343000'), Timestamp('2026-03-02 21:24:56.383000'), Timestamp('2026-03-02 21:24:56.493000'), Timestamp('2026-03-02 21:24:56.653000'), Timestamp('2026-03-02 21:24:56.673000'), Timestamp('2026-03-02 21:24:57.233000'), Timestamp('2026-03-02 21:24:57.752000'), Timestamp('2026-03-02 21:24:58.331000'), Timestamp('2026-03-02 21:24:58.441000'), Timestamp('2026-03-02 21:24:58.591000'), Timestamp('2026-03-02 21:24:58.621000'), Timestamp('2026-03-02 21:24:58.641000'), Timestamp('2026-03-02 21:24:58.931000'), Timestamp('2026-03-02 21:24:58.971000'), Timestamp('2026-03-02 21:24:59.181000'), Timestamp('2026-03-02 21:24:59.730000'), Timestamp('2026-03-02 21:25:00.229000'), Timestamp('2026-03-02 21:25:00.269000'), Timestamp('2026-03-02 21:25:00.379000'), Timestamp('2026-03-02 21:25:00.559000'), Timestamp('2026-03-02 21:25:01.828000'), Timestamp('2026-03-02 21:25:02.248000'), Timestamp('2026-03-02 21:25:02.278000'), Timestamp('2026-03-02 21:25:03.057000'), Timestamp('2026-03-02 21:25:03.496000'), Timestamp('2026-03-02 21:25:03.536000'), Timestamp('2026-03-02 21:25:03.656000'), Timestamp('2026-03-02 21:25:03.826000'), Timestamp('2026-03-02 21:25:04.186000'), Timestamp('2026-03-02 21:25:04.396000'), Timestamp('2026-03-02 21:25:04.905000'), Timestamp('2026-03-02 21:25:05.484000'), Timestamp('2026-03-02 21:25:05.594000'), Timestamp('2026-03-02 21:25:05.754000'), Timestamp('2026-03-02 21:25:06.084000'), Timestamp('2026-03-02 21:25:06.124000'), Timestamp('2026-03-02 21:25:06.334000'), Timestamp('2026-03-02 21:25:06.853000'), Timestamp('2026-03-02 21:25:07.422000'), Timestamp('2026-03-02 21:25:07.532000'), Timestamp('2026-03-02 21:25:07.712000'), Timestamp('2026-03-02 21:25:08.691000'), Timestamp('2026-03-02 21:25:09.550000')]","[0.529, 0.11, 0.21, 0.709, 0.419, 0.11, 0.18, 0.31, 0.09, 0.03, 0.05, 0.02, 0.05, 0.549, 0.509, 0.04, 0.09, 0.03, 0.03, 0.03, 0.03, 0.03, 0.03, 0.02, 0.05, 0.26, 0.05, 0.18, 0.539, 0.569, 0.11, 0.18, 0.23, 0.22, 0.53, 0.29, 0.38, 0.04, 0.03, 0.659, 0.559, 0.04, 0.11, 0.16, 0.02, 0.56, 0.519, 0.579, 0.11, 0.15, 0.03, 0.02, 0.29, 0.04, 0.21, 0.549, 0.499, 0.04, 0.11, 0.18, 1.2690000000000001, 0.42, 0.03, 0.779, 0.439, 0.04, 0.12, 0.17, 0.36, 0.21, 0.509, 0.579, 0.11, 0.16, 0.33, 0.04, 0.21, 0.519, 0.569, 0.11, 0.18, 0.979, 0.859]","[13.61878453038674, 13.61878453038674, 13.656509695290858, 14.045584045584045, 13.581267217630854, 13.581267217630854, 14.005681818181818, 14.005681818181818, 14.33139534883721, 13.926553672316384, 13.96600566572238, 13.96600566572238, 13.887323943661972, 14.289855072463768, 13.732590529247911, 14.126074498567336, 14.4574780058651, 14.4574780058651, 14.085714285714285, 14.085714285714285, 14.005681818181818, 14.005681818181818, 14.499999999999998, 14.499999999999998, 14.41520467836257, 14.41520467836257, 14.499999999999998, 14.499999999999998, 14.41520467836257, 14.849397590361445, 14.248554913294798, 14.629080118694361, 14.126074498567336, 14.984802431610941, 14.585798816568046, 14.585798816568046, 14.499999999999998, 14.939393939393938, 14.54277286135693, 14.126074498567336, 14.4574780058651, 14.894259818731117, 14.939393939393938, 14.499999999999998, 14.41520467836257, 15.310559006211179, 14.289855072463768, 15.122699386503067]","[7.204337016574586, 1.4980662983425415, 2.86786703601108, 9.958319088319087, 5.690550964187327, 1.493939393939394, 2.5210227272727272, 4.341761363636364, 1.289825581395349, 0.4177966101694915, 0.698300283286119, 0.2793201133144476, 0.6943661971830987, 7.845130434782609, 6.989888579387187, 0.5650429799426935, 1.301173020527859, 0.433724340175953, 0.42257142857142854, 0.42257142857142854, 0.42017045454545454, 0.42017045454545454, 0.43499999999999994, 0.29, 0.7207602339181286, 3.7479532163742686, 0.725, 2.6099999999999994, 7.769795321637426, 8.44930722891566, 1.5673410404624277, 2.633234421364985, 3.2489971346704873, 3.296656534954407, 7.730473372781065, 4.229881656804733, 5.51, 0.5975757575757575, 0.4362831858407079, 9.309083094555875, 8.081730205278593, 0.5957703927492447, 1.643333333333333, 2.32, 0.2883040935672514, 8.57391304347826, 7.416434782608696, 8.756042944785275]",158.75878679033826,10.755038702817412
D_05_adz_raw_20260302_2148,2026-03-02 21:38:44.467,2026-03-02 21:38:54.130,"[Timestamp('2026-03-02 21:38:54.130000'), Timestamp('2026-03-02 21:38:54.579000'), Timestamp('2026-03-02 21:38:54.629000'), Timestamp('2026-03-02 21:38:54.749000'), Timestamp('2026-03-02 21:38:55.029000'), Timestamp('2026-03-02 21:38:55.269000'), Timestamp('2026-03-02 21:38:55.429000'), Timestamp('2026-03-02 21:38:55.729000'), Timestamp('2026-03-02 21:38:56.539000'), Timestamp('2026-03-02 21:38:57.318000'), Timestamp('2026-03-02 21:38:57.358000'), Timestamp('2026-03-02 21:38:58.137000'), Timestamp('2026-03-02 21:38:58.177000'), Timestamp('2026-03-02 21:38:58.737000'), Timestamp('2026-03-02 21:39:00.904000'), Timestamp('2026-03-02 21:39:01.514000'), Timestamp('2026-03-02 21:39:02.863000'), Timestamp('2026-03-02 21:39:03.742000'), Timestamp('2026-03-02 21:39:05.101000'), Timestamp('2026-03-02 21:39:05.141000'), Timestamp('2026-03-02 21:39:05.661000'), Timestamp('2026-03-02 21:39:05.701000'), Timestamp('2026-03-02 21:39:07.827000'), Timestamp('2026-03-02 21:39:07.947000'), Timestamp('2026-03-02 21:39:08.497000'), Timestamp('2026-03-02 21:39:09.866000'), Timestamp('2026-03-02 21:39:10.705000'), Timestamp('2026-03-02 21:39:11.275000'), Timestamp('2026-03-02 21:39:11.315000'), Timestamp('2026-03-02 21:39:14.060000'), Timestamp('2026-03-02 21:39:14.100000'), Timestamp('2026-03-02 21:39:14.890000'), Timestamp('2026-03-02 21:39:14.940000'), Timestamp('2026-03-02 21:39:16.328000'), Timestamp('2026-03-02 21:39:23.795000'), Timestamp('2026-03-02 21:39:26.023000'), Timestamp('2026-03-02 21:39:27.352000'), Timestamp('2026-03-02 21:39:31.537000'), Timestamp('2026-03-02 21:39:34.832000'), Timestamp('2026-03-02 21:39:35.621000'), Timestamp('2026-03-02 21:39:36.430000')]","[0.449, 0.05, 0.12, 0.28, 0.24, 0.16, 0.3, 0.81, 0.779, 0.04, 0.779, 0.04, 0.56, 2.167, 0.61, 1.349, 0.879, 1.359, 0.04, 0.52, 0.04, 2.126, 0.12, 0.55, 1.369, 0.839, 0.57, 0.04, 2.745, 0.04, 0.79, 0.05, 1.388, 7.467, 2.228, 1.329, 4.185, 3.295, 0.789, 0.809]","[nan, nan, nan, nan, nan, nan, nan, nan, nan, nan, nan, nan, nan, nan, nan, nan, nan, nan, nan, nan, nan, nan, nan, nan, nan, nan, nan, nan, nan, nan, nan, nan, nan, nan, nan, nan, nan, nan, nan, nan, nan, nan, nan, nan, nan, nan, nan, nan, nan, nan, nan, nan]","[nan, nan, nan, nan, nan, nan, nan, nan, nan, nan, nan, nan, nan, nan, nan, nan, nan, nan, nan, nan, nan, nan, nan, nan, nan, nan, nan, nan, nan, nan, nan, nan, nan, nan, nan, nan, nan, nan, nan, nan]",,10.755038702817412
D_05_adz_raw_20260302_2206,2026-03-02 21:57:45.478,2026-03-02 21:57:55.789,"[Timestamp('2026-03-02 21:57:55.789000'), Timestamp('2026-03-02 21:57:56.628000'), Timestamp('2026-03-02 21:57:56.748000'), Timestamp('2026-03-02 21:57:57.158000'), Timestamp('2026-03-02 21:57:57.218000'), Timestamp('2026-03-02 21:57:57.398000'), Timestamp('2026-03-02 21:57:57.638000'), Timestamp('2026-03-02 21:57:57.818000'), Timestamp('2026-03-02 21:57:58.587000'), Timestamp('2026-03-02 21:57:59.016000'), Timestamp('2026-03-02 21:57:59.166000'), Timestamp('2026-03-02 21:57:59.566000'), Timestamp('2026-03-02 21:57:59.746000'), Timestamp('2026-03-02 21:58:00.495000'), Timestamp('2026-03-02 21:58:00.914000'), Timestamp('2026-03-02 21:58:01.074000'), Timestamp('2026-03-02 21:58:01.464000'), Timestamp('2026-03-02 21:58:01.644000'), Timestamp('2026-03-02 21:58:02.353000'), Timestamp('2026-03-02 21:58:02.802000'), Timestamp('2026-03-02 21:58:03.012000'), Timestamp('2026-03-02 21:58:03.731000')]","[0.839, 0.12, 0.41, 0.06, 0.18, 0.24, 0.18, 0.769, 0.429, 0.15, 0.4, 0.18, 0.749, 0.419, 0.16, 0.39, 0.18, 0.709, 0.449, 0.21, 0.719]","[13.581267217630854, 13.581267217630854, 13.324324324324325, 13.694444444444445, 13.77094972067039, 13.77094972067039, 13.694444444444445, 14.085714285714285, 13.77094972067039, 13.77094972067039, 14.085714285714285, 14.085714285714285, 13.77094972067039, 14.166666666666666, 14.085714285714285, 13.694444444444445]","[11.394683195592286, 1.6297520661157023, 5.462972972972973, 0.8216666666666667, 2.4787709497206705, 3.305027932960894, 2.465, 10.831914285714285, 5.907737430167598, 2.0656424581005584, 5.634285714285714, 2.535428571428571, 10.314441340782123, 5.935833333333333, 2.2537142857142856, 5.340833333333333]",78.37770453688898,10.755038702817412
